{"scope":{"item":[{"item":{"pretty":"(newGoal : Type → TC Hole) (_:=_∋_ : THole → Type → TermCtx → TC ⊤)\n(_:=_∣_∋_ : THole → Type → Type → TermCtx² → TC ⊤) →\nSet","thing":{"normalised":{"contents":[{"item":{"contents":[{"item":{"contents":[{"Left":"Agda.Builtin.Reflection.Term"},[]],"tag":"App"},"name":"_"},{"contents":[{"Left":"Agda.Builtin.Reflection.TC"},[{"contents":"lzero","tag":"Level"},{"contents":[{"Left":"Agda.Builtin.Reflection.Term"},[]],"tag":"App"}]],"tag":"App"}],"tag":"Pi"},"name":"newGoal"},{"contents":[{"item":{"contents":[{"item":{"contents":[{"Left":"Agda.Builtin.Sigma.Σ"},[{"contents":"lzero","tag":"Level"},{"contents":"lzero","tag":"Level"},{"contents":[{"Left":"Agda.Builtin.Reflection.Term"},[]],"tag":"App"},{"contents":{"item":{"contents":[{"Left":"Agda.Builtin.Reflection.Term"},[]],"tag":"App"},"name":"x"},"tag":"Lam"}]],"tag":"App"},"name":"_"},{"contents":[{"item":{"contents":[{"Left":"Agda.Builtin.Reflection.Term"},[]],"tag":"App"},"name":"_"},{"contents":[{"item":{"contents":[{"item":{"contents":[{"Left":"Agda.Builtin.Reflection.Term"},[]],"tag":"App"},"name":"_"},{"contents":[{"Left":"Agda.Builtin.Reflection.Term"},[]],"tag":"App"}],"tag":"Pi"},"name":"_"},{"contents":[{"Left":"Agda.Builtin.Reflection.TC"},[{"contents":"lzero","tag":"Level"},{"contents":[{"Left":"Agda.Builtin.Unit.⊤"},[]],"tag":"App"}]],"tag":"App"}],"tag":"Pi"}],"tag":"Pi"}],"tag":"Pi"},"name":"_:=_∋_"},{"contents":[{"item":{"contents":[{"item":{"contents":[{"Left":"Agda.Builtin.Sigma.Σ"},[{"contents":"lzero","tag":"Level"},{"contents":"lzero","tag":"Level"},{"contents":[{"Left":"Agda.Builtin.Reflection.Term"},[]],"tag":"App"},{"contents":{"item":{"contents":[{"Left":"Agda.Builtin.Reflection.Term"},[]],"tag":"App"},"name":"x"},"tag":"Lam"}]],"tag":"App"},"name":"_"},{"contents":[{"item":{"contents":[{"Left":"Agda.Builtin.Reflection.Term"},[]],"tag":"App"},"name":"_"},{"contents":[{"item":{"contents":[{"Left":"Agda.Builtin.Reflection.Term"},[]],"tag":"App"},"name":"_"},{"contents":[{"item":{"contents":[{"item":{"contents":[{"Left":"Agda.Builtin.Reflection.Term"},[]],"tag":"App"},"name":"_"},{"contents":[{"item":{"contents":[{"Left":"Agda.Builtin.Reflection.Term"},[]],"tag":"App"},"name":"_"},{"contents":[{"Left":"Agda.Builtin.Reflection.Term"},[]],"tag":"App"}],"tag":"Pi"}],"tag":"Pi"},"name":"_"},{"contents":[{"Left":"Agda.Builtin.Reflection.TC"},[{"contents":"lzero","tag":"Level"},{"contents":[{"Left":"Agda.Builtin.Unit.⊤"},[]],"tag":"App"}]],"tag":"App"}],"tag":"Pi"}],"tag":"Pi"}],"tag":"Pi"}],"tag":"Pi"},"name":"_:=_∣_∋_"},{"contents":"Set","tag":"Sort"}],"tag":"Pi"}],"tag":"Pi"}],"tag":"Pi"},"original":{"contents":[{"item":{"contents":[{"item":{"contents":[{"Left":"Agda.Builtin.Reflection.Type"},[]],"tag":"App"},"name":"_"},{"contents":[{"Left":"Agda.Builtin.Reflection.TC"},[{"contents":"lzero","tag":"Level"},{"contents":[{"Left":"Prelude.Generics.Core.Hole"},[]],"tag":"App"}]],"tag":"App"}],"tag":"Pi"},"name":"newGoal"},{"contents":[{"item":{"contents":[{"item":{"contents":[{"Left":"Prelude.Generics.Core.THole"},[]],"tag":"App"},"name":"_"},{"contents":[{"item":{"contents":[{"Left":"Agda.Builtin.Reflection.Type"},[]],"tag":"App"},"name":"_"},{"contents":[{"item":{"contents":[{"Left":"Prelude.Solvers.Base.TermCtx"},[]],"tag":"App"},"name":"_"},{"contents":[{"Left":"Agda.Builtin.Reflection.TC"},[{"contents":"lzero","tag":"Level"},{"contents":[{"Left":"Agda.Builtin.Unit.⊤"},[]],"tag":"App"}]],"tag":"App"}],"tag":"Pi"}],"tag":"Pi"}],"tag":"Pi"},"name":"_:=_∋_"},{"contents":[{"item":{"contents":[{"item":{"contents":[{"Left":"Prelude.Generics.Core.THole"},[]],"tag":"App"},"name":"_"},{"contents":[{"item":{"contents":[{"Left":"Agda.Builtin.Reflection.Type"},[]],"tag":"App"},"name":"_"},{"contents":[{"item":{"contents":[{"Left":"Agda.Builtin.Reflection.Type"},[]],"tag":"App"},"name":"_"},{"contents":[{"item":{"contents":[{"Left":"Prelude.Solvers.Base.TermCtx²"},[]],"tag":"App"},"name":"_"},{"contents":[{"Left":"Agda.Builtin.Reflection.TC"},[{"contents":"lzero","tag":"Level"},{"contents":[{"Left":"Agda.Builtin.Unit.⊤"},[]],"tag":"App"}]],"tag":"App"}],"tag":"Pi"}],"tag":"Pi"}],"tag":"Pi"}],"tag":"Pi"},"name":"_:=_∣_∋_"},{"contents":"Set","tag":"Sort"}],"tag":"Pi"}],"tag":"Pi"}],"tag":"Pi"},"reduced":{"contents":[{"item":{"contents":[{"item":{"contents":[{"Left":"Agda.Builtin.Reflection.Type"},[]],"tag":"App"},"name":"_"},{"contents":[{"Left":"Agda.Builtin.Reflection.TC"},[{"contents":"lzero","tag":"Level"},{"contents":[{"Left":"Prelude.Generics.Core.Hole"},[]],"tag":"App"}]],"tag":"App"}],"tag":"Pi"},"name":"newGoal"},{"contents":[{"item":{"contents":[{"item":{"contents":[{"Left":"Prelude.Generics.Core.THole"},[]],"tag":"App"},"name":"_"},{"contents":[{"item":{"contents":[{"Left":"Agda.Builtin.Reflection.Type"},[]],"tag":"App"},"name":"_"},{"contents":[{"item":{"contents":[{"Left":"Prelude.Solvers.Base.TermCtx"},[]],"tag":"App"},"name":"_"},{"contents":[{"Left":"Agda.Builtin.Reflection.TC"},[{"contents":"lzero","tag":"Level"},{"contents":[{"Left":"Agda.Builtin.Unit.⊤"},[]],"tag":"App"}]],"tag":"App"}],"tag":"Pi"}],"tag":"Pi"}],"tag":"Pi"},"name":"_:=_∋_"},{"contents":[{"item":{"contents":[{"item":{"contents":[{"Left":"Prelude.Generics.Core.THole"},[]],"tag":"App"},"name":"_"},{"contents":[{"item":{"contents":[{"Left":"Agda.Builtin.Reflection.Type"},[]],"tag":"App"},"name":"_"},{"contents":[{"item":{"contents":[{"Left":"Agda.Builtin.Reflection.Type"},[]],"tag":"App"},"name":"_"},{"contents":[{"item":{"contents":[{"Left":"Prelude.Solvers.Base.TermCtx²"},[]],"tag":"App"},"name":"_"},{"contents":[{"Left":"Agda.Builtin.Reflection.TC"},[{"contents":"lzero","tag":"Level"},{"contents":[{"Left":"Agda.Builtin.Unit.⊤"},[]],"tag":"App"}]],"tag":"App"}],"tag":"Pi"}],"tag":"Pi"}],"tag":"Pi"}],"tag":"Pi"},"name":"_:=_∣_∋_"},{"contents":"Set","tag":"Sort"}],"tag":"Pi"}],"tag":"Pi"}],"tag":"Pi"},"simplified":{"contents":[{"item":{"contents":[{"item":{"contents":[{"Left":"Agda.Builtin.Reflection.Type"},[]],"tag":"App"},"name":"_"},{"contents":[{"Left":"Agda.Builtin.Reflection.TC"},[{"contents":"lzero","tag":"Level"},{"contents":[{"Left":"Prelude.Generics.Core.Hole"},[]],"tag":"App"}]],"tag":"App"}],"tag":"Pi"},"name":"newGoal"},{"contents":[{"item":{"contents":[{"item":{"contents":[{"Left":"Prelude.Generics.Core.THole"},[]],"tag":"App"},"name":"_"},{"contents":[{"item":{"contents":[{"Left":"Agda.Builtin.Reflection.Type"},[]],"tag":"App"},"name":"_"},{"contents":[{"item":{"contents":[{"Left":"Prelude.Solvers.Base.TermCtx"},[]],"tag":"App"},"name":"_"},{"contents":[{"Left":"Agda.Builtin.Reflection.TC"},[{"contents":"lzero","tag":"Level"},{"contents":[{"Left":"Agda.Builtin.Unit.⊤"},[]],"tag":"App"}]],"tag":"App"}],"tag":"Pi"}],"tag":"Pi"}],"tag":"Pi"},"name":"_:=_∋_"},{"contents":[{"item":{"contents":[{"item":{"contents":[{"Left":"Prelude.Generics.Core.THole"},[]],"tag":"App"},"name":"_"},{"contents":[{"item":{"contents":[{"Left":"Agda.Builtin.Reflection.Type"},[]],"tag":"App"},"name":"_"},{"contents":[{"item":{"contents":[{"Left":"Agda.Builtin.Reflection.Type"},[]],"tag":"App"},"name":"_"},{"contents":[{"item":{"contents":[{"Left":"Prelude.Solvers.Base.TermCtx²"},[]],"tag":"App"},"name":"_"},{"contents":[{"Left":"Agda.Builtin.Reflection.TC"},[{"contents":"lzero","tag":"Level"},{"contents":[{"Left":"Agda.Builtin.Unit.⊤"},[]],"tag":"App"}]],"tag":"App"}],"tag":"Pi"}],"tag":"Pi"}],"tag":"Pi"}],"tag":"Pi"},"name":"_:=_∣_∋_"},{"contents":"Set","tag":"Sort"}],"tag":"Pi"}],"tag":"Pi"}],"tag":"Pi"}}},"name":"Prelude.Solvers.Choice.Choice"},{"item":{"pretty":"(newGoal : Type → TC Hole) (_:=_∋_ : THole → Type → TermCtx → TC ⊤)\n(_:=_∣_∋_ : THole → Type → Type → TermCtx² → TC ⊤) →\nSet","thing":{"normalised":{"contents":[{"item":{"contents":[{"item":{"contents":[{"Left":"Agda.Builtin.Reflection.Term"},[]],"tag":"App"},"name":"_"},{"contents":[{"Left":"Agda.Builtin.Reflection.TC"},[{"contents":"lzero","tag":"Level"},{"contents":[{"Left":"Agda.Builtin.Reflection.Term"},[]],"tag":"App"}]],"tag":"App"}],"tag":"Pi"},"name":"newGoal"},{"contents":[{"item":{"contents":[{"item":{"contents":[{"Left":"Agda.Builtin.Sigma.Σ"},[{"contents":"lzero","tag":"Level"},{"contents":"lzero","tag":"Level"},{"contents":[{"Left":"Agda.Builtin.Reflection.Term"},[]],"tag":"App"},{"contents":{"item":{"contents":[{"Left":"Agda.Builtin.Reflection.Term"},[]],"tag":"App"},"name":"x"},"tag":"Lam"}]],"tag":"App"},"name":"_"},{"contents":[{"item":{"contents":[{"Left":"Agda.Builtin.Reflection.Term"},[]],"tag":"App"},"name":"_"},{"contents":[{"item":{"contents":[{"item":{"contents":[{"Left":"Agda.Builtin.Reflection.Term"},[]],"tag":"App"},"name":"_"},{"contents":[{"Left":"Agda.Builtin.Reflection.Term"},[]],"tag":"App"}],"tag":"Pi"},"name":"_"},{"contents":[{"Left":"Agda.Builtin.Reflection.TC"},[{"contents":"lzero","tag":"Level"},{"contents":[{"Left":"Agda.Builtin.Unit.⊤"},[]],"tag":"App"}]],"tag":"App"}],"tag":"Pi"}],"tag":"Pi"}],"tag":"Pi"},"name":"_:=_∋_"},{"contents":[{"item":{"contents":[{"item":{"contents":[{"Left":"Agda.Builtin.Sigma.Σ"},[{"contents":"lzero","tag":"Level"},{"contents":"lzero","tag":"Level"},{"contents":[{"Left":"Agda.Builtin.Reflection.Term"},[]],"tag":"App"},{"contents":{"item":{"contents":[{"Left":"Agda.Builtin.Reflection.Term"},[]],"tag":"App"},"name":"x"},"tag":"Lam"}]],"tag":"App"},"name":"_"},{"contents":[{"item":{"contents":[{"Left":"Agda.Builtin.Reflection.Term"},[]],"tag":"App"},"name":"_"},{"contents":[{"item":{"contents":[{"Left":"Agda.Builtin.Reflection.Term"},[]],"tag":"App"},"name":"_"},{"contents":[{"item":{"contents":[{"item":{"contents":[{"Left":"Agda.Builtin.Reflection.Term"},[]],"tag":"App"},"name":"_"},{"contents":[{"item":{"contents":[{"Left":"Agda.Builtin.Reflection.Term"},[]],"tag":"App"},"name":"_"},{"contents":[{"Left":"Agda.Builtin.Reflection.Term"},[]],"tag":"App"}],"tag":"Pi"}],"tag":"Pi"},"name":"_"},{"contents":[{"Left":"Agda.Builtin.Reflection.TC"},[{"contents":"lzero","tag":"Level"},{"contents":[{"Left":"Agda.Builtin.Unit.⊤"},[]],"tag":"App"}]],"tag":"App"}],"tag":"Pi"}],"tag":"Pi"}],"tag":"Pi"}],"tag":"Pi"},"name":"_:=_∣_∋_"},{"contents":"Set","tag":"Sort"}],"tag":"Pi"}],"tag":"Pi"}],"tag":"Pi"},"original":{"contents":[{"item":{"contents":[{"item":{"contents":[{"Left":"Agda.Builtin.Reflection.Type"},[]],"tag":"App"},"name":"_"},{"contents":[{"Left":"Agda.Builtin.Reflection.TC"},[{"contents":"lzero","tag":"Level"},{"contents":[{"Left":"Prelude.Generics.Core.Hole"},[]],"tag":"App"}]],"tag":"App"}],"tag":"Pi"},"name":"newGoal"},{"contents":[{"item":{"contents":[{"item":{"contents":[{"Left":"Prelude.Generics.Core.THole"},[]],"tag":"App"},"name":"_"},{"contents":[{"item":{"contents":[{"Left":"Agda.Builtin.Reflection.Type"},[]],"tag":"App"},"name":"_"},{"contents":[{"item":{"contents":[{"Left":"Prelude.Solvers.Base.TermCtx"},[]],"tag":"App"},"name":"_"},{"contents":[{"Left":"Agda.Builtin.Reflection.TC"},[{"contents":"lzero","tag":"Level"},{"contents":[{"Left":"Agda.Builtin.Unit.⊤"},[]],"tag":"App"}]],"tag":"App"}],"tag":"Pi"}],"tag":"Pi"}],"tag":"Pi"},"name":"_:=_∋_"},{"contents":[{"item":{"contents":[{"item":{"contents":[{"Left":"Prelude.Generics.Core.THole"},[]],"tag":"App"},"name":"_"},{"contents":[{"item":{"contents":[{"Left":"Agda.Builtin.Reflection.Type"},[]],"tag":"App"},"name":"_"},{"contents":[{"item":{"contents":[{"Left":"Agda.Builtin.Reflection.Type"},[]],"tag":"App"},"name":"_"},{"contents":[{"item":{"contents":[{"Left":"Prelude.Solvers.Base.TermCtx²"},[]],"tag":"App"},"name":"_"},{"contents":[{"Left":"Agda.Builtin.Reflection.TC"},[{"contents":"lzero","tag":"Level"},{"contents":[{"Left":"Agda.Builtin.Unit.⊤"},[]],"tag":"App"}]],"tag":"App"}],"tag":"Pi"}],"tag":"Pi"}],"tag":"Pi"}],"tag":"Pi"},"name":"_:=_∣_∋_"},{"contents":"Set","tag":"Sort"}],"tag":"Pi"}],"tag":"Pi"}],"tag":"Pi"},"reduced":{"contents":[{"item":{"contents":[{"item":{"contents":[{"Left":"Agda.Builtin.Reflection.Type"},[]],"tag":"App"},"name":"_"},{"contents":[{"Left":"Agda.Builtin.Reflection.TC"},[{"contents":"lzero","tag":"Level"},{"contents":[{"Left":"Prelude.Generics.Core.Hole"},[]],"tag":"App"}]],"tag":"App"}],"tag":"Pi"},"name":"newGoal"},{"contents":[{"item":{"contents":[{"item":{"contents":[{"Left":"Prelude.Generics.Core.THole"},[]],"tag":"App"},"name":"_"},{"contents":[{"item":{"contents":[{"Left":"Agda.Builtin.Reflection.Type"},[]],"tag":"App"},"name":"_"},{"contents":[{"item":{"contents":[{"Left":"Prelude.Solvers.Base.TermCtx"},[]],"tag":"App"},"name":"_"},{"contents":[{"Left":"Agda.Builtin.Reflection.TC"},[{"contents":"lzero","tag":"Level"},{"contents":[{"Left":"Agda.Builtin.Unit.⊤"},[]],"tag":"App"}]],"tag":"App"}],"tag":"Pi"}],"tag":"Pi"}],"tag":"Pi"},"name":"_:=_∋_"},{"contents":[{"item":{"contents":[{"item":{"contents":[{"Left":"Prelude.Generics.Core.THole"},[]],"tag":"App"},"name":"_"},{"contents":[{"item":{"contents":[{"Left":"Agda.Builtin.Reflection.Type"},[]],"tag":"App"},"name":"_"},{"contents":[{"item":{"contents":[{"Left":"Agda.Builtin.Reflection.Type"},[]],"tag":"App"},"name":"_"},{"contents":[{"item":{"contents":[{"Left":"Prelude.Solvers.Base.TermCtx²"},[]],"tag":"App"},"name":"_"},{"contents":[{"Left":"Agda.Builtin.Reflection.TC"},[{"contents":"lzero","tag":"Level"},{"contents":[{"Left":"Agda.Builtin.Unit.⊤"},[]],"tag":"App"}]],"tag":"App"}],"tag":"Pi"}],"tag":"Pi"}],"tag":"Pi"}],"tag":"Pi"},"name":"_:=_∣_∋_"},{"contents":"Set","tag":"Sort"}],"tag":"Pi"}],"tag":"Pi"}],"tag":"Pi"},"simplified":{"contents":[{"item":{"contents":[{"item":{"contents":[{"Left":"Agda.Builtin.Reflection.Type"},[]],"tag":"App"},"name":"_"},{"contents":[{"Left":"Agda.Builtin.Reflection.TC"},[{"contents":"lzero","tag":"Level"},{"contents":[{"Left":"Prelude.Generics.Core.Hole"},[]],"tag":"App"}]],"tag":"App"}],"tag":"Pi"},"name":"newGoal"},{"contents":[{"item":{"contents":[{"item":{"contents":[{"Left":"Prelude.Generics.Core.THole"},[]],"tag":"App"},"name":"_"},{"contents":[{"item":{"contents":[{"Left":"Agda.Builtin.Reflection.Type"},[]],"tag":"App"},"name":"_"},{"contents":[{"item":{"contents":[{"Left":"Prelude.Solvers.Base.TermCtx"},[]],"tag":"App"},"name":"_"},{"contents":[{"Left":"Agda.Builtin.Reflection.TC"},[{"contents":"lzero","tag":"Level"},{"contents":[{"Left":"Agda.Builtin.Unit.⊤"},[]],"tag":"App"}]],"tag":"App"}],"tag":"Pi"}],"tag":"Pi"}],"tag":"Pi"},"name":"_:=_∋_"},{"contents":[{"item":{"contents":[{"item":{"contents":[{"Left":"Prelude.Generics.Core.THole"},[]],"tag":"App"},"name":"_"},{"contents":[{"item":{"contents":[{"Left":"Agda.Builtin.Reflection.Type"},[]],"tag":"App"},"name":"_"},{"contents":[{"item":{"contents":[{"Left":"Agda.Builtin.Reflection.Type"},[]],"tag":"App"},"name":"_"},{"contents":[{"item":{"contents":[{"Left":"Prelude.Solvers.Base.TermCtx²"},[]],"tag":"App"},"name":"_"},{"contents":[{"Left":"Agda.Builtin.Reflection.TC"},[{"contents":"lzero","tag":"Level"},{"contents":[{"Left":"Agda.Builtin.Unit.⊤"},[]],"tag":"App"}]],"tag":"App"}],"tag":"Pi"}],"tag":"Pi"}],"tag":"Pi"}],"tag":"Pi"},"name":"_:=_∣_∋_"},{"contents":"Set","tag":"Sort"}],"tag":"Pi"}],"tag":"Pi"}],"tag":"Pi"}}},"name":"Prelude.Solvers.Choice.Choices"},{"item":{"pretty":"(newGoal : Type → TC Hole) (_:=_∋_ : THole → Type → TermCtx → TC ⊤)\n(_:=_∣_∋_ : THole → Type → Type → TermCtx² → TC ⊤) →\nType → Maybe (Type × Type)","thing":{"normalised":{"contents":[{"item":{"contents":[{"item":{"contents":[{"Left":"Agda.Builtin.Reflection.Term"},[]],"tag":"App"},"name":"_"},{"contents":[{"Left":"Agda.Builtin.Reflection.TC"},[{"contents":"lzero","tag":"Level"},{"contents":[{"Left":"Agda.Builtin.Reflection.Term"},[]],"tag":"App"}]],"tag":"App"}],"tag":"Pi"},"name":"newGoal"},{"contents":[{"item":{"contents":[{"item":{"contents":[{"Left":"Agda.Builtin.Sigma.Σ"},[{"contents":"lzero","tag":"Level"},{"contents":"lzero","tag":"Level"},{"contents":[{"Left":"Agda.Builtin.Reflection.Term"},[]],"tag":"App"},{"contents":{"item":{"contents":[{"Left":"Agda.Builtin.Reflection.Term"},[]],"tag":"App"},"name":"x"},"tag":"Lam"}]],"tag":"App"},"name":"_"},{"contents":[{"item":{"contents":[{"Left":"Agda.Builtin.Reflection.Term"},[]],"tag":"App"},"name":"_"},{"contents":[{"item":{"contents":[{"item":{"contents":[{"Left":"Agda.Builtin.Reflection.Term"},[]],"tag":"App"},"name":"_"},{"contents":[{"Left":"Agda.Builtin.Reflection.Term"},[]],"tag":"App"}],"tag":"Pi"},"name":"_"},{"contents":[{"Left":"Agda.Builtin.Reflection.TC"},[{"contents":"lzero","tag":"Level"},{"contents":[{"Left":"Agda.Builtin.Unit.⊤"},[]],"tag":"App"}]],"tag":"App"}],"tag":"Pi"}],"tag":"Pi"}],"tag":"Pi"},"name":"_:=_∋_"},{"contents":[{"item":{"contents":[{"item":{"contents":[{"Left":"Agda.Builtin.Sigma.Σ"},[{"contents":"lzero","tag":"Level"},{"contents":"lzero","tag":"Level"},{"contents":[{"Left":"Agda.Builtin.Reflection.Term"},[]],"tag":"App"},{"contents":{"item":{"contents":[{"Left":"Agda.Builtin.Reflection.Term"},[]],"tag":"App"},"name":"x"},"tag":"Lam"}]],"tag":"App"},"name":"_"},{"contents":[{"item":{"contents":[{"Left":"Agda.Builtin.Reflection.Term"},[]],"tag":"App"},"name":"_"},{"contents":[{"item":{"contents":[{"Left":"Agda.Builtin.Reflection.Term"},[]],"tag":"App"},"name":"_"},{"contents":[{"item":{"contents":[{"item":{"contents":[{"Left":"Agda.Builtin.Reflection.Term"},[]],"tag":"App"},"name":"_"},{"contents":[{"item":{"contents":[{"Left":"Agda.Builtin.Reflection.Term"},[]],"tag":"App"},"name":"_"},{"contents":[{"Left":"Agda.Builtin.Reflection.Term"},[]],"tag":"App"}],"tag":"Pi"}],"tag":"Pi"},"name":"_"},{"contents":[{"Left":"Agda.Builtin.Reflection.TC"},[{"contents":"lzero","tag":"Level"},{"contents":[{"Left":"Agda.Builtin.Unit.⊤"},[]],"tag":"App"}]],"tag":"App"}],"tag":"Pi"}],"tag":"Pi"}],"tag":"Pi"}],"tag":"Pi"},"name":"_:=_∣_∋_"},{"contents":[{"item":{"contents":[{"Left":"Agda.Builtin.Reflection.Term"},[]],"tag":"App"},"name":"_"},{"contents":[{"Left":"Agda.Builtin.Maybe.Maybe"},[{"contents":"lzero","tag":"Level"},{"contents":[{"Left":"Agda.Builtin.Sigma.Σ"},[{"contents":"lzero","tag":"Level"},{"contents":"lzero","tag":"Level"},{"contents":[{"Left":"Agda.Builtin.Reflection.Term"},[]],"tag":"App"},{"contents":{"item":{"contents":[{"Left":"Agda.Builtin.Reflection.Term"},[]],"tag":"App"},"name":"x"},"tag":"Lam"}]],"tag":"App"}]],"tag":"App"}],"tag":"Pi"}],"tag":"Pi"}],"tag":"Pi"}],"tag":"Pi"},"original":{"contents":[{"item":{"contents":[{"item":{"contents":[{"Left":"Agda.Builtin.Reflection.Type"},[]],"tag":"App"},"name":"_"},{"contents":[{"Left":"Agda.Builtin.Reflection.TC"},[{"contents":"lzero","tag":"Level"},{"contents":[{"Left":"Prelude.Generics.Core.Hole"},[]],"tag":"App"}]],"tag":"App"}],"tag":"Pi"},"name":"newGoal"},{"contents":[{"item":{"contents":[{"item":{"contents":[{"Left":"Prelude.Generics.Core.THole"},[]],"tag":"App"},"name":"_"},{"contents":[{"item":{"contents":[{"Left":"Agda.Builtin.Reflection.Type"},[]],"tag":"App"},"name":"_"},{"contents":[{"item":{"contents":[{"Left":"Prelude.Solvers.Base.TermCtx"},[]],"tag":"App"},"name":"_"},{"contents":[{"Left":"Agda.Builtin.Reflection.TC"},[{"contents":"lzero","tag":"Level"},{"contents":[{"Left":"Agda.Builtin.Unit.⊤"},[]],"tag":"App"}]],"tag":"App"}],"tag":"Pi"}],"tag":"Pi"}],"tag":"Pi"},"name":"_:=_∋_"},{"contents":[{"item":{"contents":[{"item":{"contents":[{"Left":"Prelude.Generics.Core.THole"},[]],"tag":"App"},"name":"_"},{"contents":[{"item":{"contents":[{"Left":"Agda.Builtin.Reflection.Type"},[]],"tag":"App"},"name":"_"},{"contents":[{"item":{"contents":[{"Left":"Agda.Builtin.Reflection.Type"},[]],"tag":"App"},"name":"_"},{"contents":[{"item":{"contents":[{"Left":"Prelude.Solvers.Base.TermCtx²"},[]],"tag":"App"},"name":"_"},{"contents":[{"Left":"Agda.Builtin.Reflection.TC"},[{"contents":"lzero","tag":"Level"},{"contents":[{"Left":"Agda.Builtin.Unit.⊤"},[]],"tag":"App"}]],"tag":"App"}],"tag":"Pi"}],"tag":"Pi"}],"tag":"Pi"}],"tag":"Pi"},"name":"_:=_∣_∋_"},{"contents":[{"item":{"contents":[{"Left":"Agda.Builtin.Reflection.Type"},[]],"tag":"App"},"name":"_"},{"contents":[{"Left":"Agda.Builtin.Maybe.Maybe"},[{"contents":"lzero","tag":"Level"},{"contents":[{"Left":"Data.Product._×_"},[{"contents":"lzero","tag":"Level"},{"contents":"lzero","tag":"Level"},{"contents":[{"Left":"Agda.Builtin.Reflection.Type"},[]],"tag":"App"},{"contents":[{"Left":"Agda.Builtin.Reflection.Type"},[]],"tag":"App"}]],"tag":"App"}]],"tag":"App"}],"tag":"Pi"}],"tag":"Pi"}],"tag":"Pi"}],"tag":"Pi"},"reduced":{"contents":[{"item":{"contents":[{"item":{"contents":[{"Left":"Agda.Builtin.Reflection.Type"},[]],"tag":"App"},"name":"_"},{"contents":[{"Left":"Agda.Builtin.Reflection.TC"},[{"contents":"lzero","tag":"Level"},{"contents":[{"Left":"Prelude.Generics.Core.Hole"},[]],"tag":"App"}]],"tag":"App"}],"tag":"Pi"},"name":"newGoal"},{"contents":[{"item":{"contents":[{"item":{"contents":[{"Left":"Prelude.Generics.Core.THole"},[]],"tag":"App"},"name":"_"},{"contents":[{"item":{"contents":[{"Left":"Agda.Builtin.Reflection.Type"},[]],"tag":"App"},"name":"_"},{"contents":[{"item":{"contents":[{"Left":"Prelude.Solvers.Base.TermCtx"},[]],"tag":"App"},"name":"_"},{"contents":[{"Left":"Agda.Builtin.Reflection.TC"},[{"contents":"lzero","tag":"Level"},{"contents":[{"Left":"Agda.Builtin.Unit.⊤"},[]],"tag":"App"}]],"tag":"App"}],"tag":"Pi"}],"tag":"Pi"}],"tag":"Pi"},"name":"_:=_∋_"},{"contents":[{"item":{"contents":[{"item":{"contents":[{"Left":"Prelude.Generics.Core.THole"},[]],"tag":"App"},"name":"_"},{"contents":[{"item":{"contents":[{"Left":"Agda.Builtin.Reflection.Type"},[]],"tag":"App"},"name":"_"},{"contents":[{"item":{"contents":[{"Left":"Agda.Builtin.Reflection.Type"},[]],"tag":"App"},"name":"_"},{"contents":[{"item":{"contents":[{"Left":"Prelude.Solvers.Base.TermCtx²"},[]],"tag":"App"},"name":"_"},{"contents":[{"Left":"Agda.Builtin.Reflection.TC"},[{"contents":"lzero","tag":"Level"},{"contents":[{"Left":"Agda.Builtin.Unit.⊤"},[]],"tag":"App"}]],"tag":"App"}],"tag":"Pi"}],"tag":"Pi"}],"tag":"Pi"}],"tag":"Pi"},"name":"_:=_∣_∋_"},{"contents":[{"item":{"contents":[{"Left":"Agda.Builtin.Reflection.Type"},[]],"tag":"App"},"name":"_"},{"contents":[{"Left":"Agda.Builtin.Maybe.Maybe"},[{"contents":"lzero","tag":"Level"},{"contents":[{"Left":"Data.Product._×_"},[{"contents":"lzero","tag":"Level"},{"contents":"lzero","tag":"Level"},{"contents":[{"Left":"Agda.Builtin.Reflection.Type"},[]],"tag":"App"},{"contents":[{"Left":"Agda.Builtin.Reflection.Type"},[]],"tag":"App"}]],"tag":"App"}]],"tag":"App"}],"tag":"Pi"}],"tag":"Pi"}],"tag":"Pi"}],"tag":"Pi"},"simplified":{"contents":[{"item":{"contents":[{"item":{"contents":[{"Left":"Agda.Builtin.Reflection.Type"},[]],"tag":"App"},"name":"_"},{"contents":[{"Left":"Agda.Builtin.Reflection.TC"},[{"contents":"lzero","tag":"Level"},{"contents":[{"Left":"Prelude.Generics.Core.Hole"},[]],"tag":"App"}]],"tag":"App"}],"tag":"Pi"},"name":"newGoal"},{"contents":[{"item":{"contents":[{"item":{"contents":[{"Left":"Prelude.Generics.Core.THole"},[]],"tag":"App"},"name":"_"},{"contents":[{"item":{"contents":[{"Left":"Agda.Builtin.Reflection.Type"},[]],"tag":"App"},"name":"_"},{"contents":[{"item":{"contents":[{"Left":"Prelude.Solvers.Base.TermCtx"},[]],"tag":"App"},"name":"_"},{"contents":[{"Left":"Agda.Builtin.Reflection.TC"},[{"contents":"lzero","tag":"Level"},{"contents":[{"Left":"Agda.Builtin.Unit.⊤"},[]],"tag":"App"}]],"tag":"App"}],"tag":"Pi"}],"tag":"Pi"}],"tag":"Pi"},"name":"_:=_∋_"},{"contents":[{"item":{"contents":[{"item":{"contents":[{"Left":"Prelude.Generics.Core.THole"},[]],"tag":"App"},"name":"_"},{"contents":[{"item":{"contents":[{"Left":"Agda.Builtin.Reflection.Type"},[]],"tag":"App"},"name":"_"},{"contents":[{"item":{"contents":[{"Left":"Agda.Builtin.Reflection.Type"},[]],"tag":"App"},"name":"_"},{"contents":[{"item":{"contents":[{"Left":"Prelude.Solvers.Base.TermCtx²"},[]],"tag":"App"},"name":"_"},{"contents":[{"Left":"Agda.Builtin.Reflection.TC"},[{"contents":"lzero","tag":"Level"},{"contents":[{"Left":"Agda.Builtin.Unit.⊤"},[]],"tag":"App"}]],"tag":"App"}],"tag":"Pi"}],"tag":"Pi"}],"tag":"Pi"}],"tag":"Pi"},"name":"_:=_∣_∋_"},{"contents":[{"item":{"contents":[{"Left":"Agda.Builtin.Reflection.Type"},[]],"tag":"App"},"name":"_"},{"contents":[{"Left":"Agda.Builtin.Maybe.Maybe"},[{"contents":"lzero","tag":"Level"},{"contents":[{"Left":"Data.Product._×_"},[{"contents":"lzero","tag":"Level"},{"contents":"lzero","tag":"Level"},{"contents":[{"Left":"Agda.Builtin.Reflection.Type"},[]],"tag":"App"},{"contents":[{"Left":"Agda.Builtin.Reflection.Type"},[]],"tag":"App"}]],"tag":"App"}]],"tag":"App"}],"tag":"Pi"}],"tag":"Pi"}],"tag":"Pi"}],"tag":"Pi"}}},"name":"Prelude.Solvers.Choice.toSum"},{"item":{"pretty":"(newGoal : Type → TC Hole) (_:=_∋_ : THole → Type → TermCtx → TC ⊤)\n(_:=_∣_∋_ : THole → Type → Type → TermCtx² → TC ⊤) →\nTC (Choices newGoal _:=_∋_ _:=_∣_∋_)","thing":{"normalised":{"contents":[{"item":{"contents":[{"item":{"contents":[{"Left":"Agda.Builtin.Reflection.Term"},[]],"tag":"App"},"name":"_"},{"contents":[{"Left":"Agda.Builtin.Reflection.TC"},[{"contents":"lzero","tag":"Level"},{"contents":[{"Left":"Agda.Builtin.Reflection.Term"},[]],"tag":"App"}]],"tag":"App"}],"tag":"Pi"},"name":"newGoal"},{"contents":[{"item":{"contents":[{"item":{"contents":[{"Left":"Agda.Builtin.Sigma.Σ"},[{"contents":"lzero","tag":"Level"},{"contents":"lzero","tag":"Level"},{"contents":[{"Left":"Agda.Builtin.Reflection.Term"},[]],"tag":"App"},{"contents":{"item":{"contents":[{"Left":"Agda.Builtin.Reflection.Term"},[]],"tag":"App"},"name":"x"},"tag":"Lam"}]],"tag":"App"},"name":"_"},{"contents":[{"item":{"contents":[{"Left":"Agda.Builtin.Reflection.Term"},[]],"tag":"App"},"name":"_"},{"contents":[{"item":{"contents":[{"item":{"contents":[{"Left":"Agda.Builtin.Reflection.Term"},[]],"tag":"App"},"name":"_"},{"contents":[{"Left":"Agda.Builtin.Reflection.Term"},[]],"tag":"App"}],"tag":"Pi"},"name":"_"},{"contents":[{"Left":"Agda.Builtin.Reflection.TC"},[{"contents":"lzero","tag":"Level"},{"contents":[{"Left":"Agda.Builtin.Unit.⊤"},[]],"tag":"App"}]],"tag":"App"}],"tag":"Pi"}],"tag":"Pi"}],"tag":"Pi"},"name":"_:=_∋_"},{"contents":[{"item":{"contents":[{"item":{"contents":[{"Left":"Agda.Builtin.Sigma.Σ"},[{"contents":"lzero","tag":"Level"},{"contents":"lzero","tag":"Level"},{"contents":[{"Left":"Agda.Builtin.Reflection.Term"},[]],"tag":"App"},{"contents":{"item":{"contents":[{"Left":"Agda.Builtin.Reflection.Term"},[]],"tag":"App"},"name":"x"},"tag":"Lam"}]],"tag":"App"},"name":"_"},{"contents":[{"item":{"contents":[{"Left":"Agda.Builtin.Reflection.Term"},[]],"tag":"App"},"name":"_"},{"contents":[{"item":{"contents":[{"Left":"Agda.Builtin.Reflection.Term"},[]],"tag":"App"},"name":"_"},{"contents":[{"item":{"contents":[{"item":{"contents":[{"Left":"Agda.Builtin.Reflection.Term"},[]],"tag":"App"},"name":"_"},{"contents":[{"item":{"contents":[{"Left":"Agda.Builtin.Reflection.Term"},[]],"tag":"App"},"name":"_"},{"contents":[{"Left":"Agda.Builtin.Reflection.Term"},[]],"tag":"App"}],"tag":"Pi"}],"tag":"Pi"},"name":"_"},{"contents":[{"Left":"Agda.Builtin.Reflection.TC"},[{"contents":"lzero","tag":"Level"},{"contents":[{"Left":"Agda.Builtin.Unit.⊤"},[]],"tag":"App"}]],"tag":"App"}],"tag":"Pi"}],"tag":"Pi"}],"tag":"Pi"}],"tag":"Pi"},"name":"_:=_∣_∋_"},{"contents":[{"Left":"Agda.Builtin.Reflection.TC"},[{"contents":"lzero","tag":"Level"},{"contents":[{"Left":"Agda.Builtin.List.List"},[{"contents":"lzero","tag":"Level"},{"contents":[{"Left":"Agda.Builtin.Sigma.Σ"},[{"contents":"lzero","tag":"Level"},{"contents":"lzero","tag":"Level"},{"contents":[{"Left":"Agda.Builtin.Nat.Nat"},[]],"tag":"App"},{"contents":{"item":{"contents":[{"Left":"Agda.Builtin.Sigma.Σ"},[{"contents":"lzero","tag":"Level"},{"contents":"lzero","tag":"Level"},{"contents":[{"Left":"Agda.Builtin.String.String"},[]],"tag":"App"},{"contents":{"item":{"contents":[{"Left":"Agda.Builtin.Sigma.Σ"},[{"contents":"lzero","tag":"Level"},{"contents":"lzero","tag":"Level"},{"contents":[{"Left":"Agda.Builtin.Reflection.Term"},[]],"tag":"App"},{"contents":{"item":{"contents":[{"Left":"Agda.Builtin.Reflection.Term"},[]],"tag":"App"},"name":"x"},"tag":"Lam"}]],"tag":"App"},"name":"x"},"tag":"Lam"}]],"tag":"App"},"name":"x"},"tag":"Lam"}]],"tag":"App"}]],"tag":"App"}]],"tag":"App"}],"tag":"Pi"}],"tag":"Pi"}],"tag":"Pi"},"original":{"contents":[{"item":{"contents":[{"item":{"contents":[{"Left":"Agda.Builtin.Reflection.Type"},[]],"tag":"App"},"name":"_"},{"contents":[{"Left":"Agda.Builtin.Reflection.TC"},[{"contents":"lzero","tag":"Level"},{"contents":[{"Left":"Prelude.Generics.Core.Hole"},[]],"tag":"App"}]],"tag":"App"}],"tag":"Pi"},"name":"newGoal"},{"contents":[{"item":{"contents":[{"item":{"contents":[{"Left":"Prelude.Generics.Core.THole"},[]],"tag":"App"},"name":"_"},{"contents":[{"item":{"contents":[{"Left":"Agda.Builtin.Reflection.Type"},[]],"tag":"App"},"name":"_"},{"contents":[{"item":{"contents":[{"Left":"Prelude.Solvers.Base.TermCtx"},[]],"tag":"App"},"name":"_"},{"contents":[{"Left":"Agda.Builtin.Reflection.TC"},[{"contents":"lzero","tag":"Level"},{"contents":[{"Left":"Agda.Builtin.Unit.⊤"},[]],"tag":"App"}]],"tag":"App"}],"tag":"Pi"}],"tag":"Pi"}],"tag":"Pi"},"name":"_:=_∋_"},{"contents":[{"item":{"contents":[{"item":{"contents":[{"Left":"Prelude.Generics.Core.THole"},[]],"tag":"App"},"name":"_"},{"contents":[{"item":{"contents":[{"Left":"Agda.Builtin.Reflection.Type"},[]],"tag":"App"},"name":"_"},{"contents":[{"item":{"contents":[{"Left":"Agda.Builtin.Reflection.Type"},[]],"tag":"App"},"name":"_"},{"contents":[{"item":{"contents":[{"Left":"Prelude.Solvers.Base.TermCtx²"},[]],"tag":"App"},"name":"_"},{"contents":[{"Left":"Agda.Builtin.Reflection.TC"},[{"contents":"lzero","tag":"Level"},{"contents":[{"Left":"Agda.Builtin.Unit.⊤"},[]],"tag":"App"}]],"tag":"App"}],"tag":"Pi"}],"tag":"Pi"}],"tag":"Pi"}],"tag":"Pi"},"name":"_:=_∣_∋_"},{"contents":[{"Left":"Agda.Builtin.Reflection.TC"},[{"contents":"lzero","tag":"Level"},{"contents":[{"Left":"Prelude.Solvers.Choice.Choices"},[{"contents":[{"Right":2},[]],"tag":"App"},{"contents":[{"Right":1},[]],"tag":"App"},{"contents":[{"Right":0},[]],"tag":"App"}]],"tag":"App"}]],"tag":"App"}],"tag":"Pi"}],"tag":"Pi"}],"tag":"Pi"},"reduced":{"contents":[{"item":{"contents":[{"item":{"contents":[{"Left":"Agda.Builtin.Reflection.Type"},[]],"tag":"App"},"name":"_"},{"contents":[{"Left":"Agda.Builtin.Reflection.TC"},[{"contents":"lzero","tag":"Level"},{"contents":[{"Left":"Prelude.Generics.Core.Hole"},[]],"tag":"App"}]],"tag":"App"}],"tag":"Pi"},"name":"newGoal"},{"contents":[{"item":{"contents":[{"item":{"contents":[{"Left":"Prelude.Generics.Core.THole"},[]],"tag":"App"},"name":"_"},{"contents":[{"item":{"contents":[{"Left":"Agda.Builtin.Reflection.Type"},[]],"tag":"App"},"name":"_"},{"contents":[{"item":{"contents":[{"Left":"Prelude.Solvers.Base.TermCtx"},[]],"tag":"App"},"name":"_"},{"contents":[{"Left":"Agda.Builtin.Reflection.TC"},[{"contents":"lzero","tag":"Level"},{"contents":[{"Left":"Agda.Builtin.Unit.⊤"},[]],"tag":"App"}]],"tag":"App"}],"tag":"Pi"}],"tag":"Pi"}],"tag":"Pi"},"name":"_:=_∋_"},{"contents":[{"item":{"contents":[{"item":{"contents":[{"Left":"Prelude.Generics.Core.THole"},[]],"tag":"App"},"name":"_"},{"contents":[{"item":{"contents":[{"Left":"Agda.Builtin.Reflection.Type"},[]],"tag":"App"},"name":"_"},{"contents":[{"item":{"contents":[{"Left":"Agda.Builtin.Reflection.Type"},[]],"tag":"App"},"name":"_"},{"contents":[{"item":{"contents":[{"Left":"Prelude.Solvers.Base.TermCtx²"},[]],"tag":"App"},"name":"_"},{"contents":[{"Left":"Agda.Builtin.Reflection.TC"},[{"contents":"lzero","tag":"Level"},{"contents":[{"Left":"Agda.Builtin.Unit.⊤"},[]],"tag":"App"}]],"tag":"App"}],"tag":"Pi"}],"tag":"Pi"}],"tag":"Pi"}],"tag":"Pi"},"name":"_:=_∣_∋_"},{"contents":[{"Left":"Agda.Builtin.Reflection.TC"},[{"contents":"lzero","tag":"Level"},{"contents":[{"Left":"Prelude.Solvers.Choice.Choices"},[{"contents":[{"Right":2},[]],"tag":"App"},{"contents":[{"Right":1},[]],"tag":"App"},{"contents":[{"Right":0},[]],"tag":"App"}]],"tag":"App"}]],"tag":"App"}],"tag":"Pi"}],"tag":"Pi"}],"tag":"Pi"},"simplified":{"contents":[{"item":{"contents":[{"item":{"contents":[{"Left":"Agda.Builtin.Reflection.Type"},[]],"tag":"App"},"name":"_"},{"contents":[{"Left":"Agda.Builtin.Reflection.TC"},[{"contents":"lzero","tag":"Level"},{"contents":[{"Left":"Prelude.Generics.Core.Hole"},[]],"tag":"App"}]],"tag":"App"}],"tag":"Pi"},"name":"newGoal"},{"contents":[{"item":{"contents":[{"item":{"contents":[{"Left":"Prelude.Generics.Core.THole"},[]],"tag":"App"},"name":"_"},{"contents":[{"item":{"contents":[{"Left":"Agda.Builtin.Reflection.Type"},[]],"tag":"App"},"name":"_"},{"contents":[{"item":{"contents":[{"Left":"Prelude.Solvers.Base.TermCtx"},[]],"tag":"App"},"name":"_"},{"contents":[{"Left":"Agda.Builtin.Reflection.TC"},[{"contents":"lzero","tag":"Level"},{"contents":[{"Left":"Agda.Builtin.Unit.⊤"},[]],"tag":"App"}]],"tag":"App"}],"tag":"Pi"}],"tag":"Pi"}],"tag":"Pi"},"name":"_:=_∋_"},{"contents":[{"item":{"contents":[{"item":{"contents":[{"Left":"Prelude.Generics.Core.THole"},[]],"tag":"App"},"name":"_"},{"contents":[{"item":{"contents":[{"Left":"Agda.Builtin.Reflection.Type"},[]],"tag":"App"},"name":"_"},{"contents":[{"item":{"contents":[{"Left":"Agda.Builtin.Reflection.Type"},[]],"tag":"App"},"name":"_"},{"contents":[{"item":{"contents":[{"Left":"Prelude.Solvers.Base.TermCtx²"},[]],"tag":"App"},"name":"_"},{"contents":[{"Left":"Agda.Builtin.Reflection.TC"},[{"contents":"lzero","tag":"Level"},{"contents":[{"Left":"Agda.Builtin.Unit.⊤"},[]],"tag":"App"}]],"tag":"App"}],"tag":"Pi"}],"tag":"Pi"}],"tag":"Pi"}],"tag":"Pi"},"name":"_:=_∣_∋_"},{"contents":[{"Left":"Agda.Builtin.Reflection.TC"},[{"contents":"lzero","tag":"Level"},{"contents":[{"Left":"Prelude.Solvers.Choice.Choices"},[{"contents":[{"Right":2},[]],"tag":"App"},{"contents":[{"Right":1},[]],"tag":"App"},{"contents":[{"Right":0},[]],"tag":"App"}]],"tag":"App"}]],"tag":"App"}],"tag":"Pi"}],"tag":"Pi"}],"tag":"Pi"}}},"name":"Prelude.Solvers.Choice.choicesFromContext"},{"item":{"pretty":"(newGoal : Type → TC Hole) (_:=_∋_ : THole → Type → TermCtx → TC ⊤)\n(_:=_∣_∋_ : THole → Type → Type → TermCtx² → TC ⊤) →\nSolver","thing":{"normalised":{"contents":[{"item":{"contents":[{"item":{"contents":[{"Left":"Agda.Builtin.Reflection.Term"},[]],"tag":"App"},"name":"_"},{"contents":[{"Left":"Agda.Builtin.Reflection.TC"},[{"contents":"lzero","tag":"Level"},{"contents":[{"Left":"Agda.Builtin.Reflection.Term"},[]],"tag":"App"}]],"tag":"App"}],"tag":"Pi"},"name":"newGoal"},{"contents":[{"item":{"contents":[{"item":{"contents":[{"Left":"Agda.Builtin.Sigma.Σ"},[{"contents":"lzero","tag":"Level"},{"contents":"lzero","tag":"Level"},{"contents":[{"Left":"Agda.Builtin.Reflection.Term"},[]],"tag":"App"},{"contents":{"item":{"contents":[{"Left":"Agda.Builtin.Reflection.Term"},[]],"tag":"App"},"name":"x"},"tag":"Lam"}]],"tag":"App"},"name":"_"},{"contents":[{"item":{"contents":[{"Left":"Agda.Builtin.Reflection.Term"},[]],"tag":"App"},"name":"_"},{"contents":[{"item":{"contents":[{"item":{"contents":[{"Left":"Agda.Builtin.Reflection.Term"},[]],"tag":"App"},"name":"_"},{"contents":[{"Left":"Agda.Builtin.Reflection.Term"},[]],"tag":"App"}],"tag":"Pi"},"name":"_"},{"contents":[{"Left":"Agda.Builtin.Reflection.TC"},[{"contents":"lzero","tag":"Level"},{"contents":[{"Left":"Agda.Builtin.Unit.⊤"},[]],"tag":"App"}]],"tag":"App"}],"tag":"Pi"}],"tag":"Pi"}],"tag":"Pi"},"name":"_:=_∋_"},{"contents":[{"item":{"contents":[{"item":{"contents":[{"Left":"Agda.Builtin.Sigma.Σ"},[{"contents":"lzero","tag":"Level"},{"contents":"lzero","tag":"Level"},{"contents":[{"Left":"Agda.Builtin.Reflection.Term"},[]],"tag":"App"},{"contents":{"item":{"contents":[{"Left":"Agda.Builtin.Reflection.Term"},[]],"tag":"App"},"name":"x"},"tag":"Lam"}]],"tag":"App"},"name":"_"},{"contents":[{"item":{"contents":[{"Left":"Agda.Builtin.Reflection.Term"},[]],"tag":"App"},"name":"_"},{"contents":[{"item":{"contents":[{"Left":"Agda.Builtin.Reflection.Term"},[]],"tag":"App"},"name":"_"},{"contents":[{"item":{"contents":[{"item":{"contents":[{"Left":"Agda.Builtin.Reflection.Term"},[]],"tag":"App"},"name":"_"},{"contents":[{"item":{"contents":[{"Left":"Agda.Builtin.Reflection.Term"},[]],"tag":"App"},"name":"_"},{"contents":[{"Left":"Agda.Builtin.Reflection.Term"},[]],"tag":"App"}],"tag":"Pi"}],"tag":"Pi"},"name":"_"},{"contents":[{"Left":"Agda.Builtin.Reflection.TC"},[{"contents":"lzero","tag":"Level"},{"contents":[{"Left":"Agda.Builtin.Unit.⊤"},[]],"tag":"App"}]],"tag":"App"}],"tag":"Pi"}],"tag":"Pi"}],"tag":"Pi"}],"tag":"Pi"},"name":"_:=_∣_∋_"},{"contents":[{"Left":"Prelude.Solvers.Base.Solver"},[]],"tag":"App"}],"tag":"Pi"}],"tag":"Pi"}],"tag":"Pi"},"original":{"contents":[{"item":{"contents":[{"item":{"contents":[{"Left":"Agda.Builtin.Reflection.Type"},[]],"tag":"App"},"name":"_"},{"contents":[{"Left":"Agda.Builtin.Reflection.TC"},[{"contents":"lzero","tag":"Level"},{"contents":[{"Left":"Prelude.Generics.Core.Hole"},[]],"tag":"App"}]],"tag":"App"}],"tag":"Pi"},"name":"newGoal"},{"contents":[{"item":{"contents":[{"item":{"contents":[{"Left":"Prelude.Generics.Core.THole"},[]],"tag":"App"},"name":"_"},{"contents":[{"item":{"contents":[{"Left":"Agda.Builtin.Reflection.Type"},[]],"tag":"App"},"name":"_"},{"contents":[{"item":{"contents":[{"Left":"Prelude.Solvers.Base.TermCtx"},[]],"tag":"App"},"name":"_"},{"contents":[{"Left":"Agda.Builtin.Reflection.TC"},[{"contents":"lzero","tag":"Level"},{"contents":[{"Left":"Agda.Builtin.Unit.⊤"},[]],"tag":"App"}]],"tag":"App"}],"tag":"Pi"}],"tag":"Pi"}],"tag":"Pi"},"name":"_:=_∋_"},{"contents":[{"item":{"contents":[{"item":{"contents":[{"Left":"Prelude.Generics.Core.THole"},[]],"tag":"App"},"name":"_"},{"contents":[{"item":{"contents":[{"Left":"Agda.Builtin.Reflection.Type"},[]],"tag":"App"},"name":"_"},{"contents":[{"item":{"contents":[{"Left":"Agda.Builtin.Reflection.Type"},[]],"tag":"App"},"name":"_"},{"contents":[{"item":{"contents":[{"Left":"Prelude.Solvers.Base.TermCtx²"},[]],"tag":"App"},"name":"_"},{"contents":[{"Left":"Agda.Builtin.Reflection.TC"},[{"contents":"lzero","tag":"Level"},{"contents":[{"Left":"Agda.Builtin.Unit.⊤"},[]],"tag":"App"}]],"tag":"App"}],"tag":"Pi"}],"tag":"Pi"}],"tag":"Pi"}],"tag":"Pi"},"name":"_:=_∣_∋_"},{"contents":[{"Left":"Prelude.Solvers.Base.Solver"},[]],"tag":"App"}],"tag":"Pi"}],"tag":"Pi"}],"tag":"Pi"},"reduced":{"contents":[{"item":{"contents":[{"item":{"contents":[{"Left":"Agda.Builtin.Reflection.Type"},[]],"tag":"App"},"name":"_"},{"contents":[{"Left":"Agda.Builtin.Reflection.TC"},[{"contents":"lzero","tag":"Level"},{"contents":[{"Left":"Prelude.Generics.Core.Hole"},[]],"tag":"App"}]],"tag":"App"}],"tag":"Pi"},"name":"newGoal"},{"contents":[{"item":{"contents":[{"item":{"contents":[{"Left":"Prelude.Generics.Core.THole"},[]],"tag":"App"},"name":"_"},{"contents":[{"item":{"contents":[{"Left":"Agda.Builtin.Reflection.Type"},[]],"tag":"App"},"name":"_"},{"contents":[{"item":{"contents":[{"Left":"Prelude.Solvers.Base.TermCtx"},[]],"tag":"App"},"name":"_"},{"contents":[{"Left":"Agda.Builtin.Reflection.TC"},[{"contents":"lzero","tag":"Level"},{"contents":[{"Left":"Agda.Builtin.Unit.⊤"},[]],"tag":"App"}]],"tag":"App"}],"tag":"Pi"}],"tag":"Pi"}],"tag":"Pi"},"name":"_:=_∋_"},{"contents":[{"item":{"contents":[{"item":{"contents":[{"Left":"Prelude.Generics.Core.THole"},[]],"tag":"App"},"name":"_"},{"contents":[{"item":{"contents":[{"Left":"Agda.Builtin.Reflection.Type"},[]],"tag":"App"},"name":"_"},{"contents":[{"item":{"contents":[{"Left":"Agda.Builtin.Reflection.Type"},[]],"tag":"App"},"name":"_"},{"contents":[{"item":{"contents":[{"Left":"Prelude.Solvers.Base.TermCtx²"},[]],"tag":"App"},"name":"_"},{"contents":[{"Left":"Agda.Builtin.Reflection.TC"},[{"contents":"lzero","tag":"Level"},{"contents":[{"Left":"Agda.Builtin.Unit.⊤"},[]],"tag":"App"}]],"tag":"App"}],"tag":"Pi"}],"tag":"Pi"}],"tag":"Pi"}],"tag":"Pi"},"name":"_:=_∣_∋_"},{"contents":[{"Left":"Prelude.Solvers.Base.Solver"},[]],"tag":"App"}],"tag":"Pi"}],"tag":"Pi"}],"tag":"Pi"},"simplified":{"contents":[{"item":{"contents":[{"item":{"contents":[{"Left":"Agda.Builtin.Reflection.Type"},[]],"tag":"App"},"name":"_"},{"contents":[{"Left":"Agda.Builtin.Reflection.TC"},[{"contents":"lzero","tag":"Level"},{"contents":[{"Left":"Prelude.Generics.Core.Hole"},[]],"tag":"App"}]],"tag":"App"}],"tag":"Pi"},"name":"newGoal"},{"contents":[{"item":{"contents":[{"item":{"contents":[{"Left":"Prelude.Generics.Core.THole"},[]],"tag":"App"},"name":"_"},{"contents":[{"item":{"contents":[{"Left":"Agda.Builtin.Reflection.Type"},[]],"tag":"App"},"name":"_"},{"contents":[{"item":{"contents":[{"Left":"Prelude.Solvers.Base.TermCtx"},[]],"tag":"App"},"name":"_"},{"contents":[{"Left":"Agda.Builtin.Reflection.TC"},[{"contents":"lzero","tag":"Level"},{"contents":[{"Left":"Agda.Builtin.Unit.⊤"},[]],"tag":"App"}]],"tag":"App"}],"tag":"Pi"}],"tag":"Pi"}],"tag":"Pi"},"name":"_:=_∋_"},{"contents":[{"item":{"contents":[{"item":{"contents":[{"Left":"Prelude.Generics.Core.THole"},[]],"tag":"App"},"name":"_"},{"contents":[{"item":{"contents":[{"Left":"Agda.Builtin.Reflection.Type"},[]],"tag":"App"},"name":"_"},{"contents":[{"item":{"contents":[{"Left":"Agda.Builtin.Reflection.Type"},[]],"tag":"App"},"name":"_"},{"contents":[{"item":{"contents":[{"Left":"Prelude.Solvers.Base.TermCtx²"},[]],"tag":"App"},"name":"_"},{"contents":[{"Left":"Agda.Builtin.Reflection.TC"},[{"contents":"lzero","tag":"Level"},{"contents":[{"Left":"Agda.Builtin.Unit.⊤"},[]],"tag":"App"}]],"tag":"App"}],"tag":"Pi"}],"tag":"Pi"}],"tag":"Pi"}],"tag":"Pi"},"name":"_:=_∣_∋_"},{"contents":[{"Left":"Prelude.Solvers.Base.Solver"},[]],"tag":"App"}],"tag":"Pi"}],"tag":"Pi"}],"tag":"Pi"}}},"name":"Prelude.Solvers.Choice.choiceSolver"}],"name":"Prelude.Solvers.Choice"},"samples":[]}