{"scope":{"item":[{"item":{"pretty":"(A : Type) (σ : Level) → Type (lsuc σ)","thing":{"normalised":{"contents":[{"item":{"contents":"Set","tag":"Sort"},"name":"A"},{"contents":[{"item":{"contents":[{"Left":"Agda.Primitive.Level"},[]],"tag":"App"},"name":"σ"},{"contents":"Set (lsuc @0)","tag":"Sort"}],"tag":"Pi"}],"tag":"Pi"},"original":{"contents":[{"item":{"contents":"Set","tag":"Sort"},"name":"A"},{"contents":[{"item":{"contents":[{"Left":"Agda.Primitive.Level"},[]],"tag":"App"},"name":"σ"},{"contents":"Set (lsuc @0)","tag":"Sort"}],"tag":"Pi"}],"tag":"Pi"},"reduced":{"contents":[{"item":{"contents":"Set","tag":"Sort"},"name":"A"},{"contents":[{"item":{"contents":[{"Left":"Agda.Primitive.Level"},[]],"tag":"App"},"name":"σ"},{"contents":"Set (lsuc @0)","tag":"Sort"}],"tag":"Pi"}],"tag":"Pi"},"simplified":{"contents":[{"item":{"contents":"Set","tag":"Sort"},"name":"A"},{"contents":[{"item":{"contents":[{"Left":"Agda.Primitive.Level"},[]],"tag":"App"},"name":"σ"},{"contents":"Set (lsuc @0)","tag":"Sort"}],"tag":"Pi"}],"tag":"Pi"}}},"name":"Prelude.Sets.Abstract.Interface.Setᴵ"},{"item":{"pretty":"{A : Type} {σ : Level} (Set' : Type σ) (∅ : Set')\n(singleton : A → Set') (_∈ˢ_ : A → Set' → Type)\n(_─_ _∪_ _∩_ : Op₂ Set')\n(singleton∈ˢ : {x x′ : A} → (x′ ∈ˢ singleton x) ↔ x′ ≡ x)\n(∈-∪⁻\n : (x : A) (xs ys : Set') → x ∈ˢ (xs ∪ ys) → (x ∈ˢ xs) ⊎ (x ∈ˢ ys))\n(∈-∪⁺ˡ : (x : A) (xs ys : Set') → x ∈ˢ xs → x ∈ˢ (xs ∪ ys))\n(∈-∪⁺ʳ : (x : A) (xs ys : Set') → x ∈ˢ ys → x ∈ˢ (xs ∪ ys))\n(∈-∩⁺\n : (x : A) (xs ys : Set') → x ∈ˢ xs → x ∈ˢ ys → x ∈ˢ (xs ∩ ys))\n(∈-∩⁻\n : (x : A) (xs ys : Set') → x ∈ˢ (xs ∩ ys) → (x ∈ˢ xs) × (x ∈ˢ ys))\n(∈-─⁻ : (x : A) (xs ys : Set') → x ∈ˢ (xs ─ ys) → x ∈ˢ xs)\n(∈-─⁺\n : (x : A) (xs ys : Set') → x ∈ˢ xs → ¬ (x ∈ˢ ys) → x ∈ˢ (xs ─ ys))\n(∉∅ : (x : A) → ¬ (x ∈ˢ ∅)) →\nSetᴵ A σ","thing":{"normalised":{"contents":[{"item":{"contents":"Set","tag":"Sort"},"name":"A"},{"contents":[{"item":{"contents":[{"Left":"Agda.Primitive.Level"},[]],"tag":"App"},"name":"σ"},{"contents":[{"item":{"contents":"Set @0","tag":"Sort"},"name":"Set'"},{"contents":[{"item":{"contents":[{"Right":0},[]],"tag":"App"},"name":"∅"},{"contents":[{"item":{"contents":[{"item":{"contents":[{"Right":3},[]],"tag":"App"},"name":"_"},{"contents":[{"Right":1},[]],"tag":"App"}],"tag":"Pi"},"name":"singleton"},{"contents":[{"item":{"contents":[{"item":{"contents":[{"Right":4},[]],"tag":"App"},"name":"_"},{"contents":[{"item":{"contents":[{"Right":2},[]],"tag":"App"},"name":"_"},{"contents":"Set","tag":"Sort"}],"tag":"Pi"}],"tag":"Pi"},"name":"_∈ˢ_"},{"contents":[{"item":{"contents":[{"item":{"contents":[{"Right":3},[]],"tag":"App"},"name":"_"},{"contents":[{"item":{"contents":[{"Right":3},[]],"tag":"App"},"name":"_"},{"contents":[{"Right":3},[]],"tag":"App"}],"tag":"Pi"}],"tag":"Pi"},"name":"_─_"},{"contents":[{"item":{"contents":[{"item":{"contents":[{"Right":4},[]],"tag":"App"},"name":"_"},{"contents":[{"item":{"contents":[{"Right":4},[]],"tag":"App"},"name":"_"},{"contents":[{"Right":4},[]],"tag":"App"}],"tag":"Pi"}],"tag":"Pi"},"name":"_∪_"},{"contents":[{"item":{"contents":[{"item":{"contents":[{"Right":5},[]],"tag":"App"},"name":"_"},{"contents":[{"item":{"contents":[{"Right":5},[]],"tag":"App"},"name":"_"},{"contents":[{"Right":5},[]],"tag":"App"}],"tag":"Pi"}],"tag":"Pi"},"name":"_∩_"},{"contents":[{"item":{"contents":[{"item":{"contents":[{"Right":8},[]],"tag":"App"},"name":"x"},{"contents":[{"item":{"contents":[{"Right":9},[]],"tag":"App"},"name":"x′"},{"contents":[{"Left":"Agda.Builtin.Sigma.Σ"},[{"contents":"lzero","tag":"Level"},{"contents":"lzero","tag":"Level"},{"contents":[{"item":{"contents":[{"Right":5},[{"contents":[{"Right":0},[]],"tag":"App"},{"contents":[{"Right":6},[{"contents":[{"Right":1},[]],"tag":"App"}]],"tag":"App"}]],"tag":"App"},"name":"_"},{"contents":[{"Left":"Agda.Builtin.Equality._≡_"},[{"contents":"lzero","tag":"Level"},{"contents":[{"Right":10},[]],"tag":"App"},{"contents":[{"Right":0},[]],"tag":"App"},{"contents":[{"Right":1},[]],"tag":"App"}]],"tag":"App"}],"tag":"Pi"},{"contents":{"item":{"contents":[{"item":{"contents":[{"Left":"Agda.Builtin.Equality._≡_"},[{"contents":"lzero","tag":"Level"},{"contents":[{"Right":11},[]],"tag":"App"},{"contents":[{"Right":1},[]],"tag":"App"},{"contents":[{"Right":2},[]],"tag":"App"}]],"tag":"App"},"name":"_"},{"contents":[{"Right":6},[{"contents":[{"Right":1},[]],"tag":"App"},{"contents":[{"Right":7},[{"contents":[{"Right":2},[]],"tag":"App"}]],"tag":"App"}]],"tag":"App"}],"tag":"Pi"},"name":"x"},"tag":"Lam"}]],"tag":"App"}],"tag":"Pi"}],"tag":"Pi"},"name":"singleton∈ˢ"},{"contents":[{"item":{"contents":[{"item":{"contents":[{"Right":9},[]],"tag":"App"},"name":"x"},{"contents":[{"item":{"contents":[{"Right":8},[]],"tag":"App"},"name":"xs"},{"contents":[{"item":{"contents":[{"Right":9},[]],"tag":"App"},"name":"ys"},{"contents":[{"item":{"contents":[{"Right":7},[{"contents":[{"Right":2},[]],"tag":"App"},{"contents":[{"Right":5},[{"contents":[{"Right":1},[]],"tag":"App"},{"contents":[{"Right":0},[]],"tag":"App"}]],"tag":"App"}]],"tag":"App"},"name":"_"},{"contents":[{"Left":"Data.Sum.Base._⊎_"},[{"contents":"lzero","tag":"Level"},{"contents":"lzero","tag":"Level"},{"contents":[{"Right":7},[{"contents":[{"Right":2},[]],"tag":"App"},{"contents":[{"Right":1},[]],"tag":"App"}]],"tag":"App"},{"contents":[{"Right":7},[{"contents":[{"Right":2},[]],"tag":"App"},{"contents":[{"Right":0},[]],"tag":"App"}]],"tag":"App"}]],"tag":"App"}],"tag":"Pi"}],"tag":"Pi"}],"tag":"Pi"}],"tag":"Pi"},"name":"∈-∪⁻"},{"contents":[{"item":{"contents":[{"item":{"contents":[{"Right":10},[]],"tag":"App"},"name":"x"},{"contents":[{"item":{"contents":[{"Right":9},[]],"tag":"App"},"name":"xs"},{"contents":[{"item":{"contents":[{"Right":10},[]],"tag":"App"},"name":"ys"},{"contents":[{"item":{"contents":[{"Right":8},[{"contents":[{"Right":2},[]],"tag":"App"},{"contents":[{"Right":1},[]],"tag":"App"}]],"tag":"App"},"name":"_"},{"contents":[{"Right":8},[{"contents":[{"Right":2},[]],"tag":"App"},{"contents":[{"Right":6},[{"contents":[{"Right":1},[]],"tag":"App"},{"contents":[{"Right":0},[]],"tag":"App"}]],"tag":"App"}]],"tag":"App"}],"tag":"Pi"}],"tag":"Pi"}],"tag":"Pi"}],"tag":"Pi"},"name":"∈-∪⁺ˡ"},{"contents":[{"item":{"contents":[{"item":{"contents":[{"Right":11},[]],"tag":"App"},"name":"x"},{"contents":[{"item":{"contents":[{"Right":10},[]],"tag":"App"},"name":"xs"},{"contents":[{"item":{"contents":[{"Right":11},[]],"tag":"App"},"name":"ys"},{"contents":[{"item":{"contents":[{"Right":9},[{"contents":[{"Right":2},[]],"tag":"App"},{"contents":[{"Right":0},[]],"tag":"App"}]],"tag":"App"},"name":"_"},{"contents":[{"Right":9},[{"contents":[{"Right":2},[]],"tag":"App"},{"contents":[{"Right":7},[{"contents":[{"Right":1},[]],"tag":"App"},{"contents":[{"Right":0},[]],"tag":"App"}]],"tag":"App"}]],"tag":"App"}],"tag":"Pi"}],"tag":"Pi"}],"tag":"Pi"}],"tag":"Pi"},"name":"∈-∪⁺ʳ"},{"contents":[{"item":{"contents":[{"item":{"contents":[{"Right":12},[]],"tag":"App"},"name":"x"},{"contents":[{"item":{"contents":[{"Right":11},[]],"tag":"App"},"name":"xs"},{"contents":[{"item":{"contents":[{"Right":12},[]],"tag":"App"},"name":"ys"},{"contents":[{"item":{"contents":[{"Right":10},[{"contents":[{"Right":2},[]],"tag":"App"},{"contents":[{"Right":1},[]],"tag":"App"}]],"tag":"App"},"name":"_"},{"contents":[{"item":{"contents":[{"Right":10},[{"contents":[{"Right":2},[]],"tag":"App"},{"contents":[{"Right":0},[]],"tag":"App"}]],"tag":"App"},"name":"_"},{"contents":[{"Right":10},[{"contents":[{"Right":2},[]],"tag":"App"},{"contents":[{"Right":7},[{"contents":[{"Right":1},[]],"tag":"App"},{"contents":[{"Right":0},[]],"tag":"App"}]],"tag":"App"}]],"tag":"App"}],"tag":"Pi"}],"tag":"Pi"}],"tag":"Pi"}],"tag":"Pi"}],"tag":"Pi"},"name":"∈-∩⁺"},{"contents":[{"item":{"contents":[{"item":{"contents":[{"Right":13},[]],"tag":"App"},"name":"x"},{"contents":[{"item":{"contents":[{"Right":12},[]],"tag":"App"},"name":"xs"},{"contents":[{"item":{"contents":[{"Right":13},[]],"tag":"App"},"name":"ys"},{"contents":[{"item":{"contents":[{"Right":11},[{"contents":[{"Right":2},[]],"tag":"App"},{"contents":[{"Right":8},[{"contents":[{"Right":1},[]],"tag":"App"},{"contents":[{"Right":0},[]],"tag":"App"}]],"tag":"App"}]],"tag":"App"},"name":"_"},{"contents":[{"Left":"Agda.Builtin.Sigma.Σ"},[{"contents":"lzero","tag":"Level"},{"contents":"lzero","tag":"Level"},{"contents":[{"Right":11},[{"contents":[{"Right":2},[]],"tag":"App"},{"contents":[{"Right":1},[]],"tag":"App"}]],"tag":"App"},{"contents":{"item":{"contents":[{"Right":12},[{"contents":[{"Right":3},[]],"tag":"App"},{"contents":[{"Right":1},[]],"tag":"App"}]],"tag":"App"},"name":"x"},"tag":"Lam"}]],"tag":"App"}],"tag":"Pi"}],"tag":"Pi"}],"tag":"Pi"}],"tag":"Pi"},"name":"∈-∩⁻"},{"contents":[{"item":{"contents":[{"item":{"contents":[{"Right":14},[]],"tag":"App"},"name":"x"},{"contents":[{"item":{"contents":[{"Right":13},[]],"tag":"App"},"name":"xs"},{"contents":[{"item":{"contents":[{"Right":14},[]],"tag":"App"},"name":"ys"},{"contents":[{"item":{"contents":[{"Right":12},[{"contents":[{"Right":2},[]],"tag":"App"},{"contents":[{"Right":11},[{"contents":[{"Right":1},[]],"tag":"App"},{"contents":[{"Right":0},[]],"tag":"App"}]],"tag":"App"}]],"tag":"App"},"name":"_"},{"contents":[{"Right":12},[{"contents":[{"Right":2},[]],"tag":"App"},{"contents":[{"Right":1},[]],"tag":"App"}]],"tag":"App"}],"tag":"Pi"}],"tag":"Pi"}],"tag":"Pi"}],"tag":"Pi"},"name":"∈-─⁻"},{"contents":[{"item":{"contents":[{"item":{"contents":[{"Right":15},[]],"tag":"App"},"name":"x"},{"contents":[{"item":{"contents":[{"Right":14},[]],"tag":"App"},"name":"xs"},{"contents":[{"item":{"contents":[{"Right":15},[]],"tag":"App"},"name":"ys"},{"contents":[{"item":{"contents":[{"Right":13},[{"contents":[{"Right":2},[]],"tag":"App"},{"contents":[{"Right":1},[]],"tag":"App"}]],"tag":"App"},"name":"_"},{"contents":[{"item":{"contents":[{"item":{"contents":[{"Right":13},[{"contents":[{"Right":2},[]],"tag":"App"},{"contents":[{"Right":0},[]],"tag":"App"}]],"tag":"App"},"name":"_"},{"contents":[{"Left":"Data.Empty.⊥"},[]],"tag":"App"}],"tag":"Pi"},"name":"_"},{"contents":[{"Right":13},[{"contents":[{"Right":2},[]],"tag":"App"},{"contents":[{"Right":12},[{"contents":[{"Right":1},[]],"tag":"App"},{"contents":[{"Right":0},[]],"tag":"App"}]],"tag":"App"}]],"tag":"App"}],"tag":"Pi"}],"tag":"Pi"}],"tag":"Pi"}],"tag":"Pi"}],"tag":"Pi"},"name":"∈-─⁺"},{"contents":[{"item":{"contents":[{"item":{"contents":[{"Right":16},[]],"tag":"App"},"name":"x"},{"contents":[{"item":{"contents":[{"Right":12},[{"contents":[{"Right":0},[]],"tag":"App"},{"contents":[{"Right":14},[]],"tag":"App"}]],"tag":"App"},"name":"_"},{"contents":[{"Left":"Data.Empty.⊥"},[]],"tag":"App"}],"tag":"Pi"}],"tag":"Pi"},"name":"∉∅"},{"contents":[{"Left":"Prelude.Sets.Abstract.Interface.Setᴵ"},[{"contents":[{"Right":17},[]],"tag":"App"},{"contents":[{"Right":16},[]],"tag":"App"}]],"tag":"App"}],"tag":"Pi"}],"tag":"Pi"}],"tag":"Pi"}],"tag":"Pi"}],"tag":"Pi"}],"tag":"Pi"}],"tag":"Pi"}],"tag":"Pi"}],"tag":"Pi"}],"tag":"Pi"}],"tag":"Pi"}],"tag":"Pi"}],"tag":"Pi"}],"tag":"Pi"}],"tag":"Pi"}],"tag":"Pi"}],"tag":"Pi"}],"tag":"Pi"},"original":{"contents":[{"item":{"contents":"Set","tag":"Sort"},"name":"A"},{"contents":[{"item":{"contents":[{"Left":"Agda.Primitive.Level"},[]],"tag":"App"},"name":"σ"},{"contents":[{"item":{"contents":"Set @0","tag":"Sort"},"name":"Set'"},{"contents":[{"item":{"contents":[{"Right":0},[]],"tag":"App"},"name":"∅"},{"contents":[{"item":{"contents":[{"item":{"contents":[{"Right":3},[]],"tag":"App"},"name":"_"},{"contents":[{"Right":1},[]],"tag":"App"}],"tag":"Pi"},"name":"singleton"},{"contents":[{"item":{"contents":[{"item":{"contents":[{"Right":4},[]],"tag":"App"},"name":"_"},{"contents":[{"item":{"contents":[{"Right":2},[]],"tag":"App"},"name":"_"},{"contents":"Set","tag":"Sort"}],"tag":"Pi"}],"tag":"Pi"},"name":"_∈ˢ_"},{"contents":[{"item":{"contents":[{"Left":"Algebra.Core.Op₂"},[{"contents":[{"Right":4},[]],"tag":"App"},{"contents":[{"Right":3},[]],"tag":"App"}]],"tag":"App"},"name":"_─_"},{"contents":[{"item":{"contents":[{"Left":"Algebra.Core.Op₂"},[{"contents":[{"Right":5},[]],"tag":"App"},{"contents":[{"Right":4},[]],"tag":"App"}]],"tag":"App"},"name":"_∪_"},{"contents":[{"item":{"contents":[{"Left":"Algebra.Core.Op₂"},[{"contents":[{"Right":6},[]],"tag":"App"},{"contents":[{"Right":5},[]],"tag":"App"}]],"tag":"App"},"name":"_∩_"},{"contents":[{"item":{"contents":[{"item":{"contents":[{"Right":8},[]],"tag":"App"},"name":"x"},{"contents":[{"item":{"contents":[{"Right":9},[]],"tag":"App"},"name":"x′"},{"contents":[{"Left":"Prelude.General._↔_"},[{"contents":"lzero","tag":"Level"},{"contents":"lzero","tag":"Level"},{"contents":[{"Right":5},[{"contents":[{"Right":0},[]],"tag":"App"},{"contents":[{"Right":6},[{"contents":[{"Right":1},[]],"tag":"App"}]],"tag":"App"}]],"tag":"App"},{"contents":[{"Left":"Agda.Builtin.Equality._≡_"},[{"contents":"lzero","tag":"Level"},{"contents":[{"Right":10},[]],"tag":"App"},{"contents":[{"Right":0},[]],"tag":"App"},{"contents":[{"Right":1},[]],"tag":"App"}]],"tag":"App"}]],"tag":"App"}],"tag":"Pi"}],"tag":"Pi"},"name":"singleton∈ˢ"},{"contents":[{"item":{"contents":[{"item":{"contents":[{"Right":9},[]],"tag":"App"},"name":"x"},{"contents":[{"item":{"contents":[{"Right":8},[]],"tag":"App"},"name":"xs"},{"contents":[{"item":{"contents":[{"Right":9},[]],"tag":"App"},"name":"ys"},{"contents":[{"item":{"contents":[{"Right":7},[{"contents":[{"Right":2},[]],"tag":"App"},{"contents":[{"Right":5},[{"contents":[{"Right":1},[]],"tag":"App"},{"contents":[{"Right":0},[]],"tag":"App"}]],"tag":"App"}]],"tag":"App"},"name":"_"},{"contents":[{"Left":"Data.Sum.Base._⊎_"},[{"contents":"lzero","tag":"Level"},{"contents":"lzero","tag":"Level"},{"contents":[{"Right":7},[{"contents":[{"Right":2},[]],"tag":"App"},{"contents":[{"Right":1},[]],"tag":"App"}]],"tag":"App"},{"contents":[{"Right":7},[{"contents":[{"Right":2},[]],"tag":"App"},{"contents":[{"Right":0},[]],"tag":"App"}]],"tag":"App"}]],"tag":"App"}],"tag":"Pi"}],"tag":"Pi"}],"tag":"Pi"}],"tag":"Pi"},"name":"∈-∪⁻"},{"contents":[{"item":{"contents":[{"item":{"contents":[{"Right":10},[]],"tag":"App"},"name":"x"},{"contents":[{"item":{"contents":[{"Right":9},[]],"tag":"App"},"name":"xs"},{"contents":[{"item":{"contents":[{"Right":10},[]],"tag":"App"},"name":"ys"},{"contents":[{"item":{"contents":[{"Right":8},[{"contents":[{"Right":2},[]],"tag":"App"},{"contents":[{"Right":1},[]],"tag":"App"}]],"tag":"App"},"name":"_"},{"contents":[{"Right":8},[{"contents":[{"Right":2},[]],"tag":"App"},{"contents":[{"Right":6},[{"contents":[{"Right":1},[]],"tag":"App"},{"contents":[{"Right":0},[]],"tag":"App"}]],"tag":"App"}]],"tag":"App"}],"tag":"Pi"}],"tag":"Pi"}],"tag":"Pi"}],"tag":"Pi"},"name":"∈-∪⁺ˡ"},{"contents":[{"item":{"contents":[{"item":{"contents":[{"Right":11},[]],"tag":"App"},"name":"x"},{"contents":[{"item":{"contents":[{"Right":10},[]],"tag":"App"},"name":"xs"},{"contents":[{"item":{"contents":[{"Right":11},[]],"tag":"App"},"name":"ys"},{"contents":[{"item":{"contents":[{"Right":9},[{"contents":[{"Right":2},[]],"tag":"App"},{"contents":[{"Right":0},[]],"tag":"App"}]],"tag":"App"},"name":"_"},{"contents":[{"Right":9},[{"contents":[{"Right":2},[]],"tag":"App"},{"contents":[{"Right":7},[{"contents":[{"Right":1},[]],"tag":"App"},{"contents":[{"Right":0},[]],"tag":"App"}]],"tag":"App"}]],"tag":"App"}],"tag":"Pi"}],"tag":"Pi"}],"tag":"Pi"}],"tag":"Pi"},"name":"∈-∪⁺ʳ"},{"contents":[{"item":{"contents":[{"item":{"contents":[{"Right":12},[]],"tag":"App"},"name":"x"},{"contents":[{"item":{"contents":[{"Right":11},[]],"tag":"App"},"name":"xs"},{"contents":[{"item":{"contents":[{"Right":12},[]],"tag":"App"},"name":"ys"},{"contents":[{"item":{"contents":[{"Right":10},[{"contents":[{"Right":2},[]],"tag":"App"},{"contents":[{"Right":1},[]],"tag":"App"}]],"tag":"App"},"name":"_"},{"contents":[{"item":{"contents":[{"Right":10},[{"contents":[{"Right":2},[]],"tag":"App"},{"contents":[{"Right":0},[]],"tag":"App"}]],"tag":"App"},"name":"_"},{"contents":[{"Right":10},[{"contents":[{"Right":2},[]],"tag":"App"},{"contents":[{"Right":7},[{"contents":[{"Right":1},[]],"tag":"App"},{"contents":[{"Right":0},[]],"tag":"App"}]],"tag":"App"}]],"tag":"App"}],"tag":"Pi"}],"tag":"Pi"}],"tag":"Pi"}],"tag":"Pi"}],"tag":"Pi"},"name":"∈-∩⁺"},{"contents":[{"item":{"contents":[{"item":{"contents":[{"Right":13},[]],"tag":"App"},"name":"x"},{"contents":[{"item":{"contents":[{"Right":12},[]],"tag":"App"},"name":"xs"},{"contents":[{"item":{"contents":[{"Right":13},[]],"tag":"App"},"name":"ys"},{"contents":[{"item":{"contents":[{"Right":11},[{"contents":[{"Right":2},[]],"tag":"App"},{"contents":[{"Right":8},[{"contents":[{"Right":1},[]],"tag":"App"},{"contents":[{"Right":0},[]],"tag":"App"}]],"tag":"App"}]],"tag":"App"},"name":"_"},{"contents":[{"Left":"Data.Product._×_"},[{"contents":"lzero","tag":"Level"},{"contents":"lzero","tag":"Level"},{"contents":[{"Right":11},[{"contents":[{"Right":2},[]],"tag":"App"},{"contents":[{"Right":1},[]],"tag":"App"}]],"tag":"App"},{"contents":[{"Right":11},[{"contents":[{"Right":2},[]],"tag":"App"},{"contents":[{"Right":0},[]],"tag":"App"}]],"tag":"App"}]],"tag":"App"}],"tag":"Pi"}],"tag":"Pi"}],"tag":"Pi"}],"tag":"Pi"},"name":"∈-∩⁻"},{"contents":[{"item":{"contents":[{"item":{"contents":[{"Right":14},[]],"tag":"App"},"name":"x"},{"contents":[{"item":{"contents":[{"Right":13},[]],"tag":"App"},"name":"xs"},{"contents":[{"item":{"contents":[{"Right":14},[]],"tag":"App"},"name":"ys"},{"contents":[{"item":{"contents":[{"Right":12},[{"contents":[{"Right":2},[]],"tag":"App"},{"contents":[{"Right":11},[{"contents":[{"Right":1},[]],"tag":"App"},{"contents":[{"Right":0},[]],"tag":"App"}]],"tag":"App"}]],"tag":"App"},"name":"_"},{"contents":[{"Right":12},[{"contents":[{"Right":2},[]],"tag":"App"},{"contents":[{"Right":1},[]],"tag":"App"}]],"tag":"App"}],"tag":"Pi"}],"tag":"Pi"}],"tag":"Pi"}],"tag":"Pi"},"name":"∈-─⁻"},{"contents":[{"item":{"contents":[{"item":{"contents":[{"Right":15},[]],"tag":"App"},"name":"x"},{"contents":[{"item":{"contents":[{"Right":14},[]],"tag":"App"},"name":"xs"},{"contents":[{"item":{"contents":[{"Right":15},[]],"tag":"App"},"name":"ys"},{"contents":[{"item":{"contents":[{"Right":13},[{"contents":[{"Right":2},[]],"tag":"App"},{"contents":[{"Right":1},[]],"tag":"App"}]],"tag":"App"},"name":"_"},{"contents":[{"item":{"contents":[{"Left":"Relation.Nullary.¬_"},[{"contents":"lzero","tag":"Level"},{"contents":[{"Right":13},[{"contents":[{"Right":2},[]],"tag":"App"},{"contents":[{"Right":0},[]],"tag":"App"}]],"tag":"App"}]],"tag":"App"},"name":"_"},{"contents":[{"Right":13},[{"contents":[{"Right":2},[]],"tag":"App"},{"contents":[{"Right":12},[{"contents":[{"Right":1},[]],"tag":"App"},{"contents":[{"Right":0},[]],"tag":"App"}]],"tag":"App"}]],"tag":"App"}],"tag":"Pi"}],"tag":"Pi"}],"tag":"Pi"}],"tag":"Pi"}],"tag":"Pi"},"name":"∈-─⁺"},{"contents":[{"item":{"contents":[{"item":{"contents":[{"Right":16},[]],"tag":"App"},"name":"x"},{"contents":[{"Left":"Relation.Nullary.¬_"},[{"contents":"lzero","tag":"Level"},{"contents":[{"Right":12},[{"contents":[{"Right":0},[]],"tag":"App"},{"contents":[{"Right":14},[]],"tag":"App"}]],"tag":"App"}]],"tag":"App"}],"tag":"Pi"},"name":"∉∅"},{"contents":[{"Left":"Prelude.Sets.Abstract.Interface.Setᴵ"},[{"contents":[{"Right":17},[]],"tag":"App"},{"contents":[{"Right":16},[]],"tag":"App"}]],"tag":"App"}],"tag":"Pi"}],"tag":"Pi"}],"tag":"Pi"}],"tag":"Pi"}],"tag":"Pi"}],"tag":"Pi"}],"tag":"Pi"}],"tag":"Pi"}],"tag":"Pi"}],"tag":"Pi"}],"tag":"Pi"}],"tag":"Pi"}],"tag":"Pi"}],"tag":"Pi"}],"tag":"Pi"}],"tag":"Pi"}],"tag":"Pi"}],"tag":"Pi"},"reduced":{"contents":[{"item":{"contents":"Set","tag":"Sort"},"name":"A"},{"contents":[{"item":{"contents":[{"Left":"Agda.Primitive.Level"},[]],"tag":"App"},"name":"σ"},{"contents":[{"item":{"contents":"Set @0","tag":"Sort"},"name":"Set'"},{"contents":[{"item":{"contents":[{"Right":0},[]],"tag":"App"},"name":"∅"},{"contents":[{"item":{"contents":[{"item":{"contents":[{"Right":3},[]],"tag":"App"},"name":"_"},{"contents":[{"Right":1},[]],"tag":"App"}],"tag":"Pi"},"name":"singleton"},{"contents":[{"item":{"contents":[{"item":{"contents":[{"Right":4},[]],"tag":"App"},"name":"_"},{"contents":[{"item":{"contents":[{"Right":2},[]],"tag":"App"},"name":"_"},{"contents":"Set","tag":"Sort"}],"tag":"Pi"}],"tag":"Pi"},"name":"_∈ˢ_"},{"contents":[{"item":{"contents":[{"Left":"Algebra.Core.Op₂"},[{"contents":[{"Right":4},[]],"tag":"App"},{"contents":[{"Right":3},[]],"tag":"App"}]],"tag":"App"},"name":"_─_"},{"contents":[{"item":{"contents":[{"Left":"Algebra.Core.Op₂"},[{"contents":[{"Right":5},[]],"tag":"App"},{"contents":[{"Right":4},[]],"tag":"App"}]],"tag":"App"},"name":"_∪_"},{"contents":[{"item":{"contents":[{"Left":"Algebra.Core.Op₂"},[{"contents":[{"Right":6},[]],"tag":"App"},{"contents":[{"Right":5},[]],"tag":"App"}]],"tag":"App"},"name":"_∩_"},{"contents":[{"item":{"contents":[{"item":{"contents":[{"Right":8},[]],"tag":"App"},"name":"x"},{"contents":[{"item":{"contents":[{"Right":9},[]],"tag":"App"},"name":"x′"},{"contents":[{"Left":"Prelude.General._↔_"},[{"contents":"lzero","tag":"Level"},{"contents":"lzero","tag":"Level"},{"contents":[{"Right":5},[{"contents":[{"Right":0},[]],"tag":"App"},{"contents":[{"Right":6},[{"contents":[{"Right":1},[]],"tag":"App"}]],"tag":"App"}]],"tag":"App"},{"contents":[{"Left":"Agda.Builtin.Equality._≡_"},[{"contents":"lzero","tag":"Level"},{"contents":[{"Right":10},[]],"tag":"App"},{"contents":[{"Right":0},[]],"tag":"App"},{"contents":[{"Right":1},[]],"tag":"App"}]],"tag":"App"}]],"tag":"App"}],"tag":"Pi"}],"tag":"Pi"},"name":"singleton∈ˢ"},{"contents":[{"item":{"contents":[{"item":{"contents":[{"Right":9},[]],"tag":"App"},"name":"x"},{"contents":[{"item":{"contents":[{"Right":8},[]],"tag":"App"},"name":"xs"},{"contents":[{"item":{"contents":[{"Right":9},[]],"tag":"App"},"name":"ys"},{"contents":[{"item":{"contents":[{"Right":7},[{"contents":[{"Right":2},[]],"tag":"App"},{"contents":[{"Right":5},[{"contents":[{"Right":1},[]],"tag":"App"},{"contents":[{"Right":0},[]],"tag":"App"}]],"tag":"App"}]],"tag":"App"},"name":"_"},{"contents":[{"Left":"Data.Sum.Base._⊎_"},[{"contents":"lzero","tag":"Level"},{"contents":"lzero","tag":"Level"},{"contents":[{"Right":7},[{"contents":[{"Right":2},[]],"tag":"App"},{"contents":[{"Right":1},[]],"tag":"App"}]],"tag":"App"},{"contents":[{"Right":7},[{"contents":[{"Right":2},[]],"tag":"App"},{"contents":[{"Right":0},[]],"tag":"App"}]],"tag":"App"}]],"tag":"App"}],"tag":"Pi"}],"tag":"Pi"}],"tag":"Pi"}],"tag":"Pi"},"name":"∈-∪⁻"},{"contents":[{"item":{"contents":[{"item":{"contents":[{"Right":10},[]],"tag":"App"},"name":"x"},{"contents":[{"item":{"contents":[{"Right":9},[]],"tag":"App"},"name":"xs"},{"contents":[{"item":{"contents":[{"Right":10},[]],"tag":"App"},"name":"ys"},{"contents":[{"item":{"contents":[{"Right":8},[{"contents":[{"Right":2},[]],"tag":"App"},{"contents":[{"Right":1},[]],"tag":"App"}]],"tag":"App"},"name":"_"},{"contents":[{"Right":8},[{"contents":[{"Right":2},[]],"tag":"App"},{"contents":[{"Right":6},[{"contents":[{"Right":1},[]],"tag":"App"},{"contents":[{"Right":0},[]],"tag":"App"}]],"tag":"App"}]],"tag":"App"}],"tag":"Pi"}],"tag":"Pi"}],"tag":"Pi"}],"tag":"Pi"},"name":"∈-∪⁺ˡ"},{"contents":[{"item":{"contents":[{"item":{"contents":[{"Right":11},[]],"tag":"App"},"name":"x"},{"contents":[{"item":{"contents":[{"Right":10},[]],"tag":"App"},"name":"xs"},{"contents":[{"item":{"contents":[{"Right":11},[]],"tag":"App"},"name":"ys"},{"contents":[{"item":{"contents":[{"Right":9},[{"contents":[{"Right":2},[]],"tag":"App"},{"contents":[{"Right":0},[]],"tag":"App"}]],"tag":"App"},"name":"_"},{"contents":[{"Right":9},[{"contents":[{"Right":2},[]],"tag":"App"},{"contents":[{"Right":7},[{"contents":[{"Right":1},[]],"tag":"App"},{"contents":[{"Right":0},[]],"tag":"App"}]],"tag":"App"}]],"tag":"App"}],"tag":"Pi"}],"tag":"Pi"}],"tag":"Pi"}],"tag":"Pi"},"name":"∈-∪⁺ʳ"},{"contents":[{"item":{"contents":[{"item":{"contents":[{"Right":12},[]],"tag":"App"},"name":"x"},{"contents":[{"item":{"contents":[{"Right":11},[]],"tag":"App"},"name":"xs"},{"contents":[{"item":{"contents":[{"Right":12},[]],"tag":"App"},"name":"ys"},{"contents":[{"item":{"contents":[{"Right":10},[{"contents":[{"Right":2},[]],"tag":"App"},{"contents":[{"Right":1},[]],"tag":"App"}]],"tag":"App"},"name":"_"},{"contents":[{"item":{"contents":[{"Right":10},[{"contents":[{"Right":2},[]],"tag":"App"},{"contents":[{"Right":0},[]],"tag":"App"}]],"tag":"App"},"name":"_"},{"contents":[{"Right":10},[{"contents":[{"Right":2},[]],"tag":"App"},{"contents":[{"Right":7},[{"contents":[{"Right":1},[]],"tag":"App"},{"contents":[{"Right":0},[]],"tag":"App"}]],"tag":"App"}]],"tag":"App"}],"tag":"Pi"}],"tag":"Pi"}],"tag":"Pi"}],"tag":"Pi"}],"tag":"Pi"},"name":"∈-∩⁺"},{"contents":[{"item":{"contents":[{"item":{"contents":[{"Right":13},[]],"tag":"App"},"name":"x"},{"contents":[{"item":{"contents":[{"Right":12},[]],"tag":"App"},"name":"xs"},{"contents":[{"item":{"contents":[{"Right":13},[]],"tag":"App"},"name":"ys"},{"contents":[{"item":{"contents":[{"Right":11},[{"contents":[{"Right":2},[]],"tag":"App"},{"contents":[{"Right":8},[{"contents":[{"Right":1},[]],"tag":"App"},{"contents":[{"Right":0},[]],"tag":"App"}]],"tag":"App"}]],"tag":"App"},"name":"_"},{"contents":[{"Left":"Data.Product._×_"},[{"contents":"lzero","tag":"Level"},{"contents":"lzero","tag":"Level"},{"contents":[{"Right":11},[{"contents":[{"Right":2},[]],"tag":"App"},{"contents":[{"Right":1},[]],"tag":"App"}]],"tag":"App"},{"contents":[{"Right":11},[{"contents":[{"Right":2},[]],"tag":"App"},{"contents":[{"Right":0},[]],"tag":"App"}]],"tag":"App"}]],"tag":"App"}],"tag":"Pi"}],"tag":"Pi"}],"tag":"Pi"}],"tag":"Pi"},"name":"∈-∩⁻"},{"contents":[{"item":{"contents":[{"item":{"contents":[{"Right":14},[]],"tag":"App"},"name":"x"},{"contents":[{"item":{"contents":[{"Right":13},[]],"tag":"App"},"name":"xs"},{"contents":[{"item":{"contents":[{"Right":14},[]],"tag":"App"},"name":"ys"},{"contents":[{"item":{"contents":[{"Right":12},[{"contents":[{"Right":2},[]],"tag":"App"},{"contents":[{"Right":11},[{"contents":[{"Right":1},[]],"tag":"App"},{"contents":[{"Right":0},[]],"tag":"App"}]],"tag":"App"}]],"tag":"App"},"name":"_"},{"contents":[{"Right":12},[{"contents":[{"Right":2},[]],"tag":"App"},{"contents":[{"Right":1},[]],"tag":"App"}]],"tag":"App"}],"tag":"Pi"}],"tag":"Pi"}],"tag":"Pi"}],"tag":"Pi"},"name":"∈-─⁻"},{"contents":[{"item":{"contents":[{"item":{"contents":[{"Right":15},[]],"tag":"App"},"name":"x"},{"contents":[{"item":{"contents":[{"Right":14},[]],"tag":"App"},"name":"xs"},{"contents":[{"item":{"contents":[{"Right":15},[]],"tag":"App"},"name":"ys"},{"contents":[{"item":{"contents":[{"Right":13},[{"contents":[{"Right":2},[]],"tag":"App"},{"contents":[{"Right":1},[]],"tag":"App"}]],"tag":"App"},"name":"_"},{"contents":[{"item":{"contents":[{"Left":"Relation.Nullary.¬_"},[{"contents":"lzero","tag":"Level"},{"contents":[{"Right":13},[{"contents":[{"Right":2},[]],"tag":"App"},{"contents":[{"Right":0},[]],"tag":"App"}]],"tag":"App"}]],"tag":"App"},"name":"_"},{"contents":[{"Right":13},[{"contents":[{"Right":2},[]],"tag":"App"},{"contents":[{"Right":12},[{"contents":[{"Right":1},[]],"tag":"App"},{"contents":[{"Right":0},[]],"tag":"App"}]],"tag":"App"}]],"tag":"App"}],"tag":"Pi"}],"tag":"Pi"}],"tag":"Pi"}],"tag":"Pi"}],"tag":"Pi"},"name":"∈-─⁺"},{"contents":[{"item":{"contents":[{"item":{"contents":[{"Right":16},[]],"tag":"App"},"name":"x"},{"contents":[{"Left":"Relation.Nullary.¬_"},[{"contents":"lzero","tag":"Level"},{"contents":[{"Right":12},[{"contents":[{"Right":0},[]],"tag":"App"},{"contents":[{"Right":14},[]],"tag":"App"}]],"tag":"App"}]],"tag":"App"}],"tag":"Pi"},"name":"∉∅"},{"contents":[{"Left":"Prelude.Sets.Abstract.Interface.Setᴵ"},[{"contents":[{"Right":17},[]],"tag":"App"},{"contents":[{"Right":16},[]],"tag":"App"}]],"tag":"App"}],"tag":"Pi"}],"tag":"Pi"}],"tag":"Pi"}],"tag":"Pi"}],"tag":"Pi"}],"tag":"Pi"}],"tag":"Pi"}],"tag":"Pi"}],"tag":"Pi"}],"tag":"Pi"}],"tag":"Pi"}],"tag":"Pi"}],"tag":"Pi"}],"tag":"Pi"}],"tag":"Pi"}],"tag":"Pi"}],"tag":"Pi"}],"tag":"Pi"},"simplified":{"contents":[{"item":{"contents":"Set","tag":"Sort"},"name":"A"},{"contents":[{"item":{"contents":[{"Left":"Agda.Primitive.Level"},[]],"tag":"App"},"name":"σ"},{"contents":[{"item":{"contents":"Set @0","tag":"Sort"},"name":"Set'"},{"contents":[{"item":{"contents":[{"Right":0},[]],"tag":"App"},"name":"∅"},{"contents":[{"item":{"contents":[{"item":{"contents":[{"Right":3},[]],"tag":"App"},"name":"_"},{"contents":[{"Right":1},[]],"tag":"App"}],"tag":"Pi"},"name":"singleton"},{"contents":[{"item":{"contents":[{"item":{"contents":[{"Right":4},[]],"tag":"App"},"name":"_"},{"contents":[{"item":{"contents":[{"Right":2},[]],"tag":"App"},"name":"_"},{"contents":"Set","tag":"Sort"}],"tag":"Pi"}],"tag":"Pi"},"name":"_∈ˢ_"},{"contents":[{"item":{"contents":[{"Left":"Algebra.Core.Op₂"},[{"contents":[{"Right":4},[]],"tag":"App"},{"contents":[{"Right":3},[]],"tag":"App"}]],"tag":"App"},"name":"_─_"},{"contents":[{"item":{"contents":[{"Left":"Algebra.Core.Op₂"},[{"contents":[{"Right":5},[]],"tag":"App"},{"contents":[{"Right":4},[]],"tag":"App"}]],"tag":"App"},"name":"_∪_"},{"contents":[{"item":{"contents":[{"Left":"Algebra.Core.Op₂"},[{"contents":[{"Right":6},[]],"tag":"App"},{"contents":[{"Right":5},[]],"tag":"App"}]],"tag":"App"},"name":"_∩_"},{"contents":[{"item":{"contents":[{"item":{"contents":[{"Right":8},[]],"tag":"App"},"name":"x"},{"contents":[{"item":{"contents":[{"Right":9},[]],"tag":"App"},"name":"x′"},{"contents":[{"Left":"Prelude.General._↔_"},[{"contents":"lzero","tag":"Level"},{"contents":"lzero","tag":"Level"},{"contents":[{"Right":5},[{"contents":[{"Right":0},[]],"tag":"App"},{"contents":[{"Right":6},[{"contents":[{"Right":1},[]],"tag":"App"}]],"tag":"App"}]],"tag":"App"},{"contents":[{"Left":"Agda.Builtin.Equality._≡_"},[{"contents":"lzero","tag":"Level"},{"contents":[{"Right":10},[]],"tag":"App"},{"contents":[{"Right":0},[]],"tag":"App"},{"contents":[{"Right":1},[]],"tag":"App"}]],"tag":"App"}]],"tag":"App"}],"tag":"Pi"}],"tag":"Pi"},"name":"singleton∈ˢ"},{"contents":[{"item":{"contents":[{"item":{"contents":[{"Right":9},[]],"tag":"App"},"name":"x"},{"contents":[{"item":{"contents":[{"Right":8},[]],"tag":"App"},"name":"xs"},{"contents":[{"item":{"contents":[{"Right":9},[]],"tag":"App"},"name":"ys"},{"contents":[{"item":{"contents":[{"Right":7},[{"contents":[{"Right":2},[]],"tag":"App"},{"contents":[{"Right":5},[{"contents":[{"Right":1},[]],"tag":"App"},{"contents":[{"Right":0},[]],"tag":"App"}]],"tag":"App"}]],"tag":"App"},"name":"_"},{"contents":[{"Left":"Data.Sum.Base._⊎_"},[{"contents":"lzero","tag":"Level"},{"contents":"lzero","tag":"Level"},{"contents":[{"Right":7},[{"contents":[{"Right":2},[]],"tag":"App"},{"contents":[{"Right":1},[]],"tag":"App"}]],"tag":"App"},{"contents":[{"Right":7},[{"contents":[{"Right":2},[]],"tag":"App"},{"contents":[{"Right":0},[]],"tag":"App"}]],"tag":"App"}]],"tag":"App"}],"tag":"Pi"}],"tag":"Pi"}],"tag":"Pi"}],"tag":"Pi"},"name":"∈-∪⁻"},{"contents":[{"item":{"contents":[{"item":{"contents":[{"Right":10},[]],"tag":"App"},"name":"x"},{"contents":[{"item":{"contents":[{"Right":9},[]],"tag":"App"},"name":"xs"},{"contents":[{"item":{"contents":[{"Right":10},[]],"tag":"App"},"name":"ys"},{"contents":[{"item":{"contents":[{"Right":8},[{"contents":[{"Right":2},[]],"tag":"App"},{"contents":[{"Right":1},[]],"tag":"App"}]],"tag":"App"},"name":"_"},{"contents":[{"Right":8},[{"contents":[{"Right":2},[]],"tag":"App"},{"contents":[{"Right":6},[{"contents":[{"Right":1},[]],"tag":"App"},{"contents":[{"Right":0},[]],"tag":"App"}]],"tag":"App"}]],"tag":"App"}],"tag":"Pi"}],"tag":"Pi"}],"tag":"Pi"}],"tag":"Pi"},"name":"∈-∪⁺ˡ"},{"contents":[{"item":{"contents":[{"item":{"contents":[{"Right":11},[]],"tag":"App"},"name":"x"},{"contents":[{"item":{"contents":[{"Right":10},[]],"tag":"App"},"name":"xs"},{"contents":[{"item":{"contents":[{"Right":11},[]],"tag":"App"},"name":"ys"},{"contents":[{"item":{"contents":[{"Right":9},[{"contents":[{"Right":2},[]],"tag":"App"},{"contents":[{"Right":0},[]],"tag":"App"}]],"tag":"App"},"name":"_"},{"contents":[{"Right":9},[{"contents":[{"Right":2},[]],"tag":"App"},{"contents":[{"Right":7},[{"contents":[{"Right":1},[]],"tag":"App"},{"contents":[{"Right":0},[]],"tag":"App"}]],"tag":"App"}]],"tag":"App"}],"tag":"Pi"}],"tag":"Pi"}],"tag":"Pi"}],"tag":"Pi"},"name":"∈-∪⁺ʳ"},{"contents":[{"item":{"contents":[{"item":{"contents":[{"Right":12},[]],"tag":"App"},"name":"x"},{"contents":[{"item":{"contents":[{"Right":11},[]],"tag":"App"},"name":"xs"},{"contents":[{"item":{"contents":[{"Right":12},[]],"tag":"App"},"name":"ys"},{"contents":[{"item":{"contents":[{"Right":10},[{"contents":[{"Right":2},[]],"tag":"App"},{"contents":[{"Right":1},[]],"tag":"App"}]],"tag":"App"},"name":"_"},{"contents":[{"item":{"contents":[{"Right":10},[{"contents":[{"Right":2},[]],"tag":"App"},{"contents":[{"Right":0},[]],"tag":"App"}]],"tag":"App"},"name":"_"},{"contents":[{"Right":10},[{"contents":[{"Right":2},[]],"tag":"App"},{"contents":[{"Right":7},[{"contents":[{"Right":1},[]],"tag":"App"},{"contents":[{"Right":0},[]],"tag":"App"}]],"tag":"App"}]],"tag":"App"}],"tag":"Pi"}],"tag":"Pi"}],"tag":"Pi"}],"tag":"Pi"}],"tag":"Pi"},"name":"∈-∩⁺"},{"contents":[{"item":{"contents":[{"item":{"contents":[{"Right":13},[]],"tag":"App"},"name":"x"},{"contents":[{"item":{"contents":[{"Right":12},[]],"tag":"App"},"name":"xs"},{"contents":[{"item":{"contents":[{"Right":13},[]],"tag":"App"},"name":"ys"},{"contents":[{"item":{"contents":[{"Right":11},[{"contents":[{"Right":2},[]],"tag":"App"},{"contents":[{"Right":8},[{"contents":[{"Right":1},[]],"tag":"App"},{"contents":[{"Right":0},[]],"tag":"App"}]],"tag":"App"}]],"tag":"App"},"name":"_"},{"contents":[{"Left":"Data.Product._×_"},[{"contents":"lzero","tag":"Level"},{"contents":"lzero","tag":"Level"},{"contents":[{"Right":11},[{"contents":[{"Right":2},[]],"tag":"App"},{"contents":[{"Right":1},[]],"tag":"App"}]],"tag":"App"},{"contents":[{"Right":11},[{"contents":[{"Right":2},[]],"tag":"App"},{"contents":[{"Right":0},[]],"tag":"App"}]],"tag":"App"}]],"tag":"App"}],"tag":"Pi"}],"tag":"Pi"}],"tag":"Pi"}],"tag":"Pi"},"name":"∈-∩⁻"},{"contents":[{"item":{"contents":[{"item":{"contents":[{"Right":14},[]],"tag":"App"},"name":"x"},{"contents":[{"item":{"contents":[{"Right":13},[]],"tag":"App"},"name":"xs"},{"contents":[{"item":{"contents":[{"Right":14},[]],"tag":"App"},"name":"ys"},{"contents":[{"item":{"contents":[{"Right":12},[{"contents":[{"Right":2},[]],"tag":"App"},{"contents":[{"Right":11},[{"contents":[{"Right":1},[]],"tag":"App"},{"contents":[{"Right":0},[]],"tag":"App"}]],"tag":"App"}]],"tag":"App"},"name":"_"},{"contents":[{"Right":12},[{"contents":[{"Right":2},[]],"tag":"App"},{"contents":[{"Right":1},[]],"tag":"App"}]],"tag":"App"}],"tag":"Pi"}],"tag":"Pi"}],"tag":"Pi"}],"tag":"Pi"},"name":"∈-─⁻"},{"contents":[{"item":{"contents":[{"item":{"contents":[{"Right":15},[]],"tag":"App"},"name":"x"},{"contents":[{"item":{"contents":[{"Right":14},[]],"tag":"App"},"name":"xs"},{"contents":[{"item":{"contents":[{"Right":15},[]],"tag":"App"},"name":"ys"},{"contents":[{"item":{"contents":[{"Right":13},[{"contents":[{"Right":2},[]],"tag":"App"},{"contents":[{"Right":1},[]],"tag":"App"}]],"tag":"App"},"name":"_"},{"contents":[{"item":{"contents":[{"Left":"Relation.Nullary.¬_"},[{"contents":"lzero","tag":"Level"},{"contents":[{"Right":13},[{"contents":[{"Right":2},[]],"tag":"App"},{"contents":[{"Right":0},[]],"tag":"App"}]],"tag":"App"}]],"tag":"App"},"name":"_"},{"contents":[{"Right":13},[{"contents":[{"Right":2},[]],"tag":"App"},{"contents":[{"Right":12},[{"contents":[{"Right":1},[]],"tag":"App"},{"contents":[{"Right":0},[]],"tag":"App"}]],"tag":"App"}]],"tag":"App"}],"tag":"Pi"}],"tag":"Pi"}],"tag":"Pi"}],"tag":"Pi"}],"tag":"Pi"},"name":"∈-─⁺"},{"contents":[{"item":{"contents":[{"item":{"contents":[{"Right":16},[]],"tag":"App"},"name":"x"},{"contents":[{"Left":"Relation.Nullary.¬_"},[{"contents":"lzero","tag":"Level"},{"contents":[{"Right":12},[{"contents":[{"Right":0},[]],"tag":"App"},{"contents":[{"Right":14},[]],"tag":"App"}]],"tag":"App"}]],"tag":"App"}],"tag":"Pi"},"name":"∉∅"},{"contents":[{"Left":"Prelude.Sets.Abstract.Interface.Setᴵ"},[{"contents":[{"Right":17},[]],"tag":"App"},{"contents":[{"Right":16},[]],"tag":"App"}]],"tag":"App"}],"tag":"Pi"}],"tag":"Pi"}],"tag":"Pi"}],"tag":"Pi"}],"tag":"Pi"}],"tag":"Pi"}],"tag":"Pi"}],"tag":"Pi"}],"tag":"Pi"}],"tag":"Pi"}],"tag":"Pi"}],"tag":"Pi"}],"tag":"Pi"}],"tag":"Pi"}],"tag":"Pi"}],"tag":"Pi"}],"tag":"Pi"}],"tag":"Pi"}}},"name":"Prelude.Sets.Abstract.Interface.mkSetᴵ"},{"item":{"pretty":"(A : Type) (σ : Level) ⦃ _ : DecEq A ⦄ → Type (lsuc σ)","thing":{"normalised":{"contents":[{"item":{"contents":"Set","tag":"Sort"},"name":"A"},{"contents":[{"item":{"contents":[{"Left":"Agda.Primitive.Level"},[]],"tag":"App"},"name":"σ"},{"contents":[{"item":{"contents":[{"Left":"Prelude.DecEq.Core.DecEq"},[{"contents":"lzero","tag":"Level"},{"contents":[{"Right":1},[]],"tag":"App"}]],"tag":"App"},"name":"_"},{"contents":"Set (lsuc @1)","tag":"Sort"}],"tag":"Pi"}],"tag":"Pi"}],"tag":"Pi"},"original":{"contents":[{"item":{"contents":"Set","tag":"Sort"},"name":"A"},{"contents":[{"item":{"contents":[{"Left":"Agda.Primitive.Level"},[]],"tag":"App"},"name":"σ"},{"contents":[{"item":{"contents":[{"Left":"Prelude.DecEq.Core.DecEq"},[{"contents":"lzero","tag":"Level"},{"contents":[{"Right":1},[]],"tag":"App"}]],"tag":"App"},"name":"_"},{"contents":"Set (lsuc @1)","tag":"Sort"}],"tag":"Pi"}],"tag":"Pi"}],"tag":"Pi"},"reduced":{"contents":[{"item":{"contents":"Set","tag":"Sort"},"name":"A"},{"contents":[{"item":{"contents":[{"Left":"Agda.Primitive.Level"},[]],"tag":"App"},"name":"σ"},{"contents":[{"item":{"contents":[{"Left":"Prelude.DecEq.Core.DecEq"},[{"contents":"lzero","tag":"Level"},{"contents":[{"Right":1},[]],"tag":"App"}]],"tag":"App"},"name":"_"},{"contents":"Set (lsuc @1)","tag":"Sort"}],"tag":"Pi"}],"tag":"Pi"}],"tag":"Pi"},"simplified":{"contents":[{"item":{"contents":"Set","tag":"Sort"},"name":"A"},{"contents":[{"item":{"contents":[{"Left":"Agda.Primitive.Level"},[]],"tag":"App"},"name":"σ"},{"contents":[{"item":{"contents":[{"Left":"Prelude.DecEq.Core.DecEq"},[{"contents":"lzero","tag":"Level"},{"contents":[{"Right":1},[]],"tag":"App"}]],"tag":"App"},"name":"_"},{"contents":"Set (lsuc @1)","tag":"Sort"}],"tag":"Pi"}],"tag":"Pi"}],"tag":"Pi"}}},"name":"Prelude.Sets.Abstract.Interface.FinSetᴵ"}],"name":"Prelude.Sets.Abstract.Interface"},"samples":[]}