{"scope":{"item":[{"item":{"pretty":"(F : Type → Type) → Type₁","thing":{"normalised":{"contents":[{"item":{"contents":[{"item":{"contents":"Set","tag":"Sort"},"name":"_"},{"contents":"Set","tag":"Sort"}],"tag":"Pi"},"name":"F"},{"contents":"Set1","tag":"Sort"}],"tag":"Pi"},"original":{"contents":[{"item":{"contents":[{"item":{"contents":"Set","tag":"Sort"},"name":"_"},{"contents":"Set","tag":"Sort"}],"tag":"Pi"},"name":"F"},{"contents":"Set1","tag":"Sort"}],"tag":"Pi"},"reduced":{"contents":[{"item":{"contents":[{"item":{"contents":"Set","tag":"Sort"},"name":"_"},{"contents":"Set","tag":"Sort"}],"tag":"Pi"},"name":"F"},{"contents":"Set1","tag":"Sort"}],"tag":"Pi"},"simplified":{"contents":[{"item":{"contents":[{"item":{"contents":"Set","tag":"Sort"},"name":"_"},{"contents":"Set","tag":"Sort"}],"tag":"Pi"},"name":"F"},{"contents":"Set1","tag":"Sort"}],"tag":"Pi"}}},"name":"Prelude.Lenses.VanLaarhoven.Functor′"},{"item":{"pretty":"{F : Type → Type} ⦃ r : Functor′ F ⦄ {A B : Type} →\n(A → B) → F A → F B","thing":{"normalised":{"contents":[{"item":{"contents":[{"item":{"contents":"Set","tag":"Sort"},"name":"_"},{"contents":"Set","tag":"Sort"}],"tag":"Pi"},"name":"F"},{"contents":[{"item":{"contents":[{"Left":"Prelude.Lenses.VanLaarhoven.Functor′"},[{"contents":[{"Right":0},[]],"tag":"App"}]],"tag":"App"},"name":"r"},{"contents":[{"item":{"contents":"Set","tag":"Sort"},"name":"A"},{"contents":[{"item":{"contents":"Set","tag":"Sort"},"name":"B"},{"contents":[{"item":{"contents":[{"item":{"contents":[{"Right":1},[]],"tag":"App"},"name":"_"},{"contents":[{"Right":0},[]],"tag":"App"}],"tag":"Pi"},"name":"_"},{"contents":[{"item":{"contents":[{"Right":3},[{"contents":[{"Right":1},[]],"tag":"App"}]],"tag":"App"},"name":"_"},{"contents":[{"Right":3},[{"contents":[{"Right":0},[]],"tag":"App"}]],"tag":"App"}],"tag":"Pi"}],"tag":"Pi"}],"tag":"Pi"}],"tag":"Pi"}],"tag":"Pi"}],"tag":"Pi"},"original":{"contents":[{"item":{"contents":[{"item":{"contents":"Set","tag":"Sort"},"name":"_"},{"contents":"Set","tag":"Sort"}],"tag":"Pi"},"name":"F"},{"contents":[{"item":{"contents":[{"Left":"Prelude.Lenses.VanLaarhoven.Functor′"},[{"contents":[{"Right":0},[]],"tag":"App"}]],"tag":"App"},"name":"r"},{"contents":[{"item":{"contents":"Set","tag":"Sort"},"name":"A"},{"contents":[{"item":{"contents":"Set","tag":"Sort"},"name":"B"},{"contents":[{"item":{"contents":[{"item":{"contents":[{"Right":1},[]],"tag":"App"},"name":"_"},{"contents":[{"Right":0},[]],"tag":"App"}],"tag":"Pi"},"name":"_"},{"contents":[{"item":{"contents":[{"Right":3},[{"contents":[{"Right":1},[]],"tag":"App"}]],"tag":"App"},"name":"_"},{"contents":[{"Right":3},[{"contents":[{"Right":0},[]],"tag":"App"}]],"tag":"App"}],"tag":"Pi"}],"tag":"Pi"}],"tag":"Pi"}],"tag":"Pi"}],"tag":"Pi"}],"tag":"Pi"},"reduced":{"contents":[{"item":{"contents":[{"item":{"contents":"Set","tag":"Sort"},"name":"_"},{"contents":"Set","tag":"Sort"}],"tag":"Pi"},"name":"F"},{"contents":[{"item":{"contents":[{"Left":"Prelude.Lenses.VanLaarhoven.Functor′"},[{"contents":[{"Right":0},[]],"tag":"App"}]],"tag":"App"},"name":"r"},{"contents":[{"item":{"contents":"Set","tag":"Sort"},"name":"A"},{"contents":[{"item":{"contents":"Set","tag":"Sort"},"name":"B"},{"contents":[{"item":{"contents":[{"item":{"contents":[{"Right":1},[]],"tag":"App"},"name":"_"},{"contents":[{"Right":0},[]],"tag":"App"}],"tag":"Pi"},"name":"_"},{"contents":[{"item":{"contents":[{"Right":3},[{"contents":[{"Right":1},[]],"tag":"App"}]],"tag":"App"},"name":"_"},{"contents":[{"Right":3},[{"contents":[{"Right":0},[]],"tag":"App"}]],"tag":"App"}],"tag":"Pi"}],"tag":"Pi"}],"tag":"Pi"}],"tag":"Pi"}],"tag":"Pi"}],"tag":"Pi"},"simplified":{"contents":[{"item":{"contents":[{"item":{"contents":"Set","tag":"Sort"},"name":"_"},{"contents":"Set","tag":"Sort"}],"tag":"Pi"},"name":"F"},{"contents":[{"item":{"contents":[{"Left":"Prelude.Lenses.VanLaarhoven.Functor′"},[{"contents":[{"Right":0},[]],"tag":"App"}]],"tag":"App"},"name":"r"},{"contents":[{"item":{"contents":"Set","tag":"Sort"},"name":"A"},{"contents":[{"item":{"contents":"Set","tag":"Sort"},"name":"B"},{"contents":[{"item":{"contents":[{"item":{"contents":[{"Right":1},[]],"tag":"App"},"name":"_"},{"contents":[{"Right":0},[]],"tag":"App"}],"tag":"Pi"},"name":"_"},{"contents":[{"item":{"contents":[{"Right":3},[{"contents":[{"Right":1},[]],"tag":"App"}]],"tag":"App"},"name":"_"},{"contents":[{"Right":3},[{"contents":[{"Right":0},[]],"tag":"App"}]],"tag":"App"}],"tag":"Pi"}],"tag":"Pi"}],"tag":"Pi"}],"tag":"Pi"}],"tag":"Pi"}],"tag":"Pi"}}},"name":"Prelude.Lenses.VanLaarhoven._._⟨$⟩_"},{"item":{"pretty":"{F : Type → Type} ⦃ r : Functor′ F ⦄ {A B : Type} →\n(A → B) → F A → F B","thing":{"normalised":{"contents":[{"item":{"contents":[{"item":{"contents":"Set","tag":"Sort"},"name":"_"},{"contents":"Set","tag":"Sort"}],"tag":"Pi"},"name":"F"},{"contents":[{"item":{"contents":[{"Left":"Prelude.Lenses.VanLaarhoven.Functor′"},[{"contents":[{"Right":0},[]],"tag":"App"}]],"tag":"App"},"name":"r"},{"contents":[{"item":{"contents":"Set","tag":"Sort"},"name":"A"},{"contents":[{"item":{"contents":"Set","tag":"Sort"},"name":"B"},{"contents":[{"item":{"contents":[{"item":{"contents":[{"Right":1},[]],"tag":"App"},"name":"_"},{"contents":[{"Right":0},[]],"tag":"App"}],"tag":"Pi"},"name":"_"},{"contents":[{"item":{"contents":[{"Right":3},[{"contents":[{"Right":1},[]],"tag":"App"}]],"tag":"App"},"name":"_"},{"contents":[{"Right":3},[{"contents":[{"Right":0},[]],"tag":"App"}]],"tag":"App"}],"tag":"Pi"}],"tag":"Pi"}],"tag":"Pi"}],"tag":"Pi"}],"tag":"Pi"}],"tag":"Pi"},"original":{"contents":[{"item":{"contents":[{"item":{"contents":"Set","tag":"Sort"},"name":"_"},{"contents":"Set","tag":"Sort"}],"tag":"Pi"},"name":"F"},{"contents":[{"item":{"contents":[{"Left":"Prelude.Lenses.VanLaarhoven.Functor′"},[{"contents":[{"Right":0},[]],"tag":"App"}]],"tag":"App"},"name":"r"},{"contents":[{"item":{"contents":"Set","tag":"Sort"},"name":"A"},{"contents":[{"item":{"contents":"Set","tag":"Sort"},"name":"B"},{"contents":[{"item":{"contents":[{"item":{"contents":[{"Right":1},[]],"tag":"App"},"name":"_"},{"contents":[{"Right":0},[]],"tag":"App"}],"tag":"Pi"},"name":"_"},{"contents":[{"item":{"contents":[{"Right":3},[{"contents":[{"Right":1},[]],"tag":"App"}]],"tag":"App"},"name":"_"},{"contents":[{"Right":3},[{"contents":[{"Right":0},[]],"tag":"App"}]],"tag":"App"}],"tag":"Pi"}],"tag":"Pi"}],"tag":"Pi"}],"tag":"Pi"}],"tag":"Pi"}],"tag":"Pi"},"reduced":{"contents":[{"item":{"contents":[{"item":{"contents":"Set","tag":"Sort"},"name":"_"},{"contents":"Set","tag":"Sort"}],"tag":"Pi"},"name":"F"},{"contents":[{"item":{"contents":[{"Left":"Prelude.Lenses.VanLaarhoven.Functor′"},[{"contents":[{"Right":0},[]],"tag":"App"}]],"tag":"App"},"name":"r"},{"contents":[{"item":{"contents":"Set","tag":"Sort"},"name":"A"},{"contents":[{"item":{"contents":"Set","tag":"Sort"},"name":"B"},{"contents":[{"item":{"contents":[{"item":{"contents":[{"Right":1},[]],"tag":"App"},"name":"_"},{"contents":[{"Right":0},[]],"tag":"App"}],"tag":"Pi"},"name":"_"},{"contents":[{"item":{"contents":[{"Right":3},[{"contents":[{"Right":1},[]],"tag":"App"}]],"tag":"App"},"name":"_"},{"contents":[{"Right":3},[{"contents":[{"Right":0},[]],"tag":"App"}]],"tag":"App"}],"tag":"Pi"}],"tag":"Pi"}],"tag":"Pi"}],"tag":"Pi"}],"tag":"Pi"}],"tag":"Pi"},"simplified":{"contents":[{"item":{"contents":[{"item":{"contents":"Set","tag":"Sort"},"name":"_"},{"contents":"Set","tag":"Sort"}],"tag":"Pi"},"name":"F"},{"contents":[{"item":{"contents":[{"Left":"Prelude.Lenses.VanLaarhoven.Functor′"},[{"contents":[{"Right":0},[]],"tag":"App"}]],"tag":"App"},"name":"r"},{"contents":[{"item":{"contents":"Set","tag":"Sort"},"name":"A"},{"contents":[{"item":{"contents":"Set","tag":"Sort"},"name":"B"},{"contents":[{"item":{"contents":[{"item":{"contents":[{"Right":1},[]],"tag":"App"},"name":"_"},{"contents":[{"Right":0},[]],"tag":"App"}],"tag":"Pi"},"name":"_"},{"contents":[{"item":{"contents":[{"Right":3},[{"contents":[{"Right":1},[]],"tag":"App"}]],"tag":"App"},"name":"_"},{"contents":[{"Right":3},[{"contents":[{"Right":0},[]],"tag":"App"}]],"tag":"App"}],"tag":"Pi"}],"tag":"Pi"}],"tag":"Pi"}],"tag":"Pi"}],"tag":"Pi"}],"tag":"Pi"}}},"name":"Prelude.Lenses.VanLaarhoven._.fmap′"},{"item":{"pretty":"Type → Type → Type","thing":{"normalised":{"contents":[{"item":{"contents":"Set","tag":"Sort"},"name":"_"},{"contents":[{"item":{"contents":"Set","tag":"Sort"},"name":"_"},{"contents":"Set","tag":"Sort"}],"tag":"Pi"}],"tag":"Pi"},"original":{"contents":[{"item":{"contents":"Set","tag":"Sort"},"name":"_"},{"contents":[{"item":{"contents":"Set","tag":"Sort"},"name":"_"},{"contents":"Set","tag":"Sort"}],"tag":"Pi"}],"tag":"Pi"},"reduced":{"contents":[{"item":{"contents":"Set","tag":"Sort"},"name":"_"},{"contents":[{"item":{"contents":"Set","tag":"Sort"},"name":"_"},{"contents":"Set","tag":"Sort"}],"tag":"Pi"}],"tag":"Pi"},"simplified":{"contents":[{"item":{"contents":"Set","tag":"Sort"},"name":"_"},{"contents":[{"item":{"contents":"Set","tag":"Sort"},"name":"_"},{"contents":"Set","tag":"Sort"}],"tag":"Pi"}],"tag":"Pi"}}},"name":"Prelude.Lenses.VanLaarhoven.Const"},{"item":{"pretty":"Type → Type","thing":{"normalised":{"contents":[{"item":{"contents":"Set","tag":"Sort"},"name":"_"},{"contents":"Set","tag":"Sort"}],"tag":"Pi"},"original":{"contents":[{"item":{"contents":"Set","tag":"Sort"},"name":"_"},{"contents":"Set","tag":"Sort"}],"tag":"Pi"},"reduced":{"contents":[{"item":{"contents":"Set","tag":"Sort"},"name":"_"},{"contents":"Set","tag":"Sort"}],"tag":"Pi"},"simplified":{"contents":[{"item":{"contents":"Set","tag":"Sort"},"name":"_"},{"contents":"Set","tag":"Sort"}],"tag":"Pi"}}},"name":"Prelude.Lenses.VanLaarhoven.Id"},{"item":{"pretty":"Functor′ Id","thing":{"normalised":{"contents":[{"Left":"Prelude.Lenses.VanLaarhoven.Functor′"},[{"contents":{"item":{"contents":[{"Right":0},[]],"tag":"App"},"name":"x"},"tag":"Lam"}]],"tag":"App"},"original":{"contents":[{"Left":"Prelude.Lenses.VanLaarhoven.Functor′"},[{"contents":[{"Left":"Prelude.Lenses.VanLaarhoven.Id"},[]],"tag":"App"}]],"tag":"App"},"reduced":{"contents":[{"Left":"Prelude.Lenses.VanLaarhoven.Functor′"},[{"contents":[{"Left":"Prelude.Lenses.VanLaarhoven.Id"},[]],"tag":"App"}]],"tag":"App"},"simplified":{"contents":[{"Left":"Prelude.Lenses.VanLaarhoven.Functor′"},[{"contents":[{"Left":"Prelude.Lenses.VanLaarhoven.Id"},[]],"tag":"App"}]],"tag":"App"}}},"name":"Prelude.Lenses.VanLaarhoven.Functor′-Id"},{"item":{"pretty":"{A : Type} → Functor′ (Const A)","thing":{"normalised":{"contents":[{"item":{"contents":"Set","tag":"Sort"},"name":"A"},{"contents":[{"Left":"Prelude.Lenses.VanLaarhoven.Functor′"},[{"contents":{"item":{"contents":[{"Right":1},[]],"tag":"App"},"name":"_"},"tag":"Lam"}]],"tag":"App"}],"tag":"Pi"},"original":{"contents":[{"item":{"contents":"Set","tag":"Sort"},"name":"A"},{"contents":[{"Left":"Prelude.Lenses.VanLaarhoven.Functor′"},[{"contents":[{"Left":"Prelude.Lenses.VanLaarhoven.Const"},[{"contents":[{"Right":0},[]],"tag":"App"}]],"tag":"App"}]],"tag":"App"}],"tag":"Pi"},"reduced":{"contents":[{"item":{"contents":"Set","tag":"Sort"},"name":"A"},{"contents":[{"Left":"Prelude.Lenses.VanLaarhoven.Functor′"},[{"contents":[{"Left":"Prelude.Lenses.VanLaarhoven.Const"},[{"contents":[{"Right":0},[]],"tag":"App"}]],"tag":"App"}]],"tag":"App"}],"tag":"Pi"},"simplified":{"contents":[{"item":{"contents":"Set","tag":"Sort"},"name":"A"},{"contents":[{"Left":"Prelude.Lenses.VanLaarhoven.Functor′"},[{"contents":[{"Left":"Prelude.Lenses.VanLaarhoven.Const"},[{"contents":[{"Right":0},[]],"tag":"App"}]],"tag":"App"}]],"tag":"App"}],"tag":"Pi"}}},"name":"Prelude.Lenses.VanLaarhoven.Functor′-Const"},{"item":{"pretty":"Type → Type → Type₁","thing":{"normalised":{"contents":[{"item":{"contents":"Set","tag":"Sort"},"name":"_"},{"contents":[{"item":{"contents":"Set","tag":"Sort"},"name":"_"},{"contents":"Set1","tag":"Sort"}],"tag":"Pi"}],"tag":"Pi"},"original":{"contents":[{"item":{"contents":"Set","tag":"Sort"},"name":"_"},{"contents":[{"item":{"contents":"Set","tag":"Sort"},"name":"_"},{"contents":"Set1","tag":"Sort"}],"tag":"Pi"}],"tag":"Pi"},"reduced":{"contents":[{"item":{"contents":"Set","tag":"Sort"},"name":"_"},{"contents":[{"item":{"contents":"Set","tag":"Sort"},"name":"_"},{"contents":"Set1","tag":"Sort"}],"tag":"Pi"}],"tag":"Pi"},"simplified":{"contents":[{"item":{"contents":"Set","tag":"Sort"},"name":"_"},{"contents":[{"item":{"contents":"Set","tag":"Sort"},"name":"_"},{"contents":"Set1","tag":"Sort"}],"tag":"Pi"}],"tag":"Pi"}}},"name":"Prelude.Lenses.VanLaarhoven.Lens"},{"item":{"pretty":"{I O : Type} → Lens I O → (I → I) → O → O","thing":{"normalised":{"contents":[{"item":{"contents":"Set","tag":"Sort"},"name":"I"},{"contents":[{"item":{"contents":"Set","tag":"Sort"},"name":"O"},{"contents":[{"item":{"contents":[{"item":{"contents":[{"item":{"contents":"Set","tag":"Sort"},"name":"_"},{"contents":"Set","tag":"Sort"}],"tag":"Pi"},"name":"F"},{"contents":[{"item":{"contents":[{"Left":"Prelude.Lenses.VanLaarhoven.Functor′"},[{"contents":[{"Right":0},[]],"tag":"App"}]],"tag":"App"},"name":"_"},{"contents":[{"item":{"contents":[{"item":{"contents":[{"Right":2},[]],"tag":"App"},"name":"_"},{"contents":[{"Right":0},[{"contents":[{"Right":2},[]],"tag":"App"}]],"tag":"App"}],"tag":"Pi"},"name":"_"},{"contents":[{"item":{"contents":[{"Right":1},[]],"tag":"App"},"name":"_"},{"contents":[{"Right":0},[{"contents":[{"Right":1},[]],"tag":"App"}]],"tag":"App"}],"tag":"Pi"}],"tag":"Pi"}],"tag":"Pi"}],"tag":"Pi"},"name":"_"},{"contents":[{"item":{"contents":[{"item":{"contents":[{"Right":1},[]],"tag":"App"},"name":"_"},{"contents":[{"Right":1},[]],"tag":"App"}],"tag":"Pi"},"name":"_"},{"contents":[{"item":{"contents":[{"Right":0},[]],"tag":"App"},"name":"_"},{"contents":[{"Right":0},[]],"tag":"App"}],"tag":"Pi"}],"tag":"Pi"}],"tag":"Pi"}],"tag":"Pi"}],"tag":"Pi"},"original":{"contents":[{"item":{"contents":"Set","tag":"Sort"},"name":"I"},{"contents":[{"item":{"contents":"Set","tag":"Sort"},"name":"O"},{"contents":[{"item":{"contents":[{"Left":"Prelude.Lenses.VanLaarhoven.Lens"},[{"contents":[{"Right":1},[]],"tag":"App"},{"contents":[{"Right":0},[]],"tag":"App"}]],"tag":"App"},"name":"_"},{"contents":[{"item":{"contents":[{"item":{"contents":[{"Right":1},[]],"tag":"App"},"name":"_"},{"contents":[{"Right":1},[]],"tag":"App"}],"tag":"Pi"},"name":"_"},{"contents":[{"item":{"contents":[{"Right":0},[]],"tag":"App"},"name":"_"},{"contents":[{"Right":0},[]],"tag":"App"}],"tag":"Pi"}],"tag":"Pi"}],"tag":"Pi"}],"tag":"Pi"}],"tag":"Pi"},"reduced":{"contents":[{"item":{"contents":"Set","tag":"Sort"},"name":"I"},{"contents":[{"item":{"contents":"Set","tag":"Sort"},"name":"O"},{"contents":[{"item":{"contents":[{"Left":"Prelude.Lenses.VanLaarhoven.Lens"},[{"contents":[{"Right":1},[]],"tag":"App"},{"contents":[{"Right":0},[]],"tag":"App"}]],"tag":"App"},"name":"_"},{"contents":[{"item":{"contents":[{"item":{"contents":[{"Right":1},[]],"tag":"App"},"name":"_"},{"contents":[{"Right":1},[]],"tag":"App"}],"tag":"Pi"},"name":"_"},{"contents":[{"item":{"contents":[{"Right":0},[]],"tag":"App"},"name":"_"},{"contents":[{"Right":0},[]],"tag":"App"}],"tag":"Pi"}],"tag":"Pi"}],"tag":"Pi"}],"tag":"Pi"}],"tag":"Pi"},"simplified":{"contents":[{"item":{"contents":"Set","tag":"Sort"},"name":"I"},{"contents":[{"item":{"contents":"Set","tag":"Sort"},"name":"O"},{"contents":[{"item":{"contents":[{"Left":"Prelude.Lenses.VanLaarhoven.Lens"},[{"contents":[{"Right":1},[]],"tag":"App"},{"contents":[{"Right":0},[]],"tag":"App"}]],"tag":"App"},"name":"_"},{"contents":[{"item":{"contents":[{"item":{"contents":[{"Right":1},[]],"tag":"App"},"name":"_"},{"contents":[{"Right":1},[]],"tag":"App"}],"tag":"Pi"},"name":"_"},{"contents":[{"item":{"contents":[{"Right":0},[]],"tag":"App"},"name":"_"},{"contents":[{"Right":0},[]],"tag":"App"}],"tag":"Pi"}],"tag":"Pi"}],"tag":"Pi"}],"tag":"Pi"}],"tag":"Pi"}}},"name":"Prelude.Lenses.VanLaarhoven.over"}],"name":"Prelude.Lenses.VanLaarhoven"},"samples":[{"ctx":{"pretty":"{A : Type} {A = A₁ : Type} {B : Type}","thing":[{"item":{"contents":"Set","tag":"Sort"},"name":"A"},{"item":{"contents":"Set","tag":"Sort"},"name":"A"},{"item":{"contents":"Set","tag":"Sort"},"name":"B"}]},"goal":{"pretty":"Type","thing":{"normalised":{"contents":"Set","tag":"Sort"},"original":{"contents":"Set lzero","tag":"Sort"},"reduced":{"contents":"Set lzero","tag":"Sort"},"simplified":{"contents":"Set","tag":"Sort"}}},"term":{"pretty":"Const A A₁ → Const A B","thing":{"normalised":{"contents":[{"item":{"contents":[{"Right":2},[]],"tag":"App"},"name":"_"},{"contents":[{"Right":2},[]],"tag":"App"}],"tag":"Pi"},"original":{"contents":[{"item":{"contents":[{"Left":"Prelude.Lenses.VanLaarhoven.Const"},[{"contents":[{"Right":2},[]],"tag":"App"},{"contents":[{"Right":1},[]],"tag":"App"}]],"tag":"App"},"name":"_"},{"contents":[{"Left":"Prelude.Lenses.VanLaarhoven.Const"},[{"contents":[{"Right":2},[]],"tag":"App"},{"contents":[{"Right":0},[]],"tag":"App"}]],"tag":"App"}],"tag":"Pi"},"reduced":{"contents":[{"item":{"contents":[{"Left":"Prelude.Lenses.VanLaarhoven.Const"},[{"contents":[{"Right":2},[]],"tag":"App"},{"contents":[{"Right":1},[]],"tag":"App"}]],"tag":"App"},"name":"_"},{"contents":[{"Left":"Prelude.Lenses.VanLaarhoven.Const"},[{"contents":[{"Right":2},[]],"tag":"App"},{"contents":[{"Right":0},[]],"tag":"App"}]],"tag":"App"}],"tag":"Pi"},"simplified":{"contents":[{"item":{"contents":[{"Left":"Prelude.Lenses.VanLaarhoven.Const"},[{"contents":[{"Right":2},[]],"tag":"App"},{"contents":[{"Right":1},[]],"tag":"App"}]],"tag":"App"},"name":"_"},{"contents":[{"Left":"Prelude.Lenses.VanLaarhoven.Const"},[{"contents":[{"Right":2},[]],"tag":"App"},{"contents":[{"Right":0},[]],"tag":"App"}]],"tag":"App"}],"tag":"Pi"}}},"namesUsed":["Prelude.Lenses.VanLaarhoven.Const","Prelude.Lenses.VanLaarhoven.Const"]},{"ctx":{"pretty":"{A = A₂ : Type} {A = A₃ : Type} {B = B₁ : Type}","thing":[{"item":{"contents":"Set","tag":"Sort"},"name":"A"},{"item":{"contents":"Set","tag":"Sort"},"name":"A"},{"item":{"contents":"Set","tag":"Sort"},"name":"B"}]},"goal":{"pretty":"Type","thing":{"normalised":{"contents":"Set","tag":"Sort"},"original":{"contents":"Set","tag":"Sort"},"reduced":{"contents":"Set","tag":"Sort"},"simplified":{"contents":"Set","tag":"Sort"}}},"term":{"pretty":"Const A A₁","thing":{"normalised":{"contents":[{"Right":2},[]],"tag":"App"},"original":{"contents":[{"Left":"Prelude.Lenses.VanLaarhoven.Const"},[{"contents":[{"Right":2},[]],"tag":"App"},{"contents":[{"Right":1},[]],"tag":"App"}]],"tag":"App"},"reduced":{"contents":[{"Right":2},[]],"tag":"App"},"simplified":{"contents":[{"Left":"Prelude.Lenses.VanLaarhoven.Const"},[{"contents":[{"Right":2},[]],"tag":"App"},{"contents":[{"Right":1},[]],"tag":"App"}]],"tag":"App"}}},"namesUsed":["Prelude.Lenses.VanLaarhoven.Const"]},{"ctx":{"pretty":"{A = A₂ : Type} {A = A₃ : Type} {B = B₁ : Type}","thing":[{"item":{"contents":"Set","tag":"Sort"},"name":"A"},{"item":{"contents":"Set","tag":"Sort"},"name":"A"},{"item":{"contents":"Set","tag":"Sort"},"name":"B"}]},"goal":{"pretty":"Type","thing":{"normalised":{"contents":"Set","tag":"Sort"},"original":{"contents":"Set","tag":"Sort"},"reduced":{"contents":"Set","tag":"Sort"},"simplified":{"contents":"Set","tag":"Sort"}}},"term":{"pretty":"Const A B","thing":{"normalised":{"contents":[{"Right":2},[]],"tag":"App"},"original":{"contents":[{"Left":"Prelude.Lenses.VanLaarhoven.Const"},[{"contents":[{"Right":2},[]],"tag":"App"},{"contents":[{"Right":0},[]],"tag":"App"}]],"tag":"App"},"reduced":{"contents":[{"Right":2},[]],"tag":"App"},"simplified":{"contents":[{"Left":"Prelude.Lenses.VanLaarhoven.Const"},[{"contents":[{"Right":2},[]],"tag":"App"},{"contents":[{"Right":0},[]],"tag":"App"}]],"tag":"App"}}},"namesUsed":["Prelude.Lenses.VanLaarhoven.Const"]},{"ctx":{"pretty":"{A = A₂ : Type} {A = A₃ : Type} {B = B₁ : Type}","thing":[{"item":{"contents":"Set","tag":"Sort"},"name":"A"},{"item":{"contents":"Set","tag":"Sort"},"name":"A"},{"item":{"contents":"Set","tag":"Sort"},"name":"B"}]},"goal":{"pretty":"Type","thing":{"normalised":{"contents":"Set","tag":"Sort"},"original":{"contents":"Set lzero","tag":"Sort"},"reduced":{"contents":"Set lzero","tag":"Sort"},"simplified":{"contents":"Set","tag":"Sort"}}},"term":{"pretty":"Const A A₁","thing":{"normalised":{"contents":[{"Right":2},[]],"tag":"App"},"original":{"contents":[{"Left":"Prelude.Lenses.VanLaarhoven.Const"},[{"contents":[{"Right":2},[]],"tag":"App"},{"contents":[{"Right":1},[]],"tag":"App"}]],"tag":"App"},"reduced":{"contents":[{"Right":2},[]],"tag":"App"},"simplified":{"contents":[{"Left":"Prelude.Lenses.VanLaarhoven.Const"},[{"contents":[{"Right":2},[]],"tag":"App"},{"contents":[{"Right":1},[]],"tag":"App"}]],"tag":"App"}}},"namesUsed":["Prelude.Lenses.VanLaarhoven.Const"]},{"ctx":{"pretty":"(I : Type) (O : Type)","thing":[{"item":{"contents":"Set","tag":"Sort"},"name":"I"},{"item":{"contents":"Set","tag":"Sort"},"name":"O"}]},"goal":{"pretty":"Type₁","thing":{"normalised":{"contents":"Set1","tag":"Sort"},"original":{"contents":"Set1","tag":"Sort"},"reduced":{"contents":"Set1","tag":"Sort"},"simplified":{"contents":"Set1","tag":"Sort"}}},"term":{"pretty":"(F : Type → Type) ⦃ _ : Functor′ F ⦄ → (I → F I) → O → F O","thing":{"normalised":{"contents":[{"item":{"contents":[{"item":{"contents":"Set","tag":"Sort"},"name":"_"},{"contents":"Set","tag":"Sort"}],"tag":"Pi"},"name":"F"},{"contents":[{"item":{"contents":[{"Left":"Prelude.Lenses.VanLaarhoven.Functor′"},[{"contents":[{"Right":0},[]],"tag":"App"}]],"tag":"App"},"name":"_"},{"contents":[{"item":{"contents":[{"item":{"contents":[{"Right":2},[]],"tag":"App"},"name":"_"},{"contents":[{"Right":0},[{"contents":[{"Right":2},[]],"tag":"App"}]],"tag":"App"}],"tag":"Pi"},"name":"_"},{"contents":[{"item":{"contents":[{"Right":1},[]],"tag":"App"},"name":"_"},{"contents":[{"Right":0},[{"contents":[{"Right":1},[]],"tag":"App"}]],"tag":"App"}],"tag":"Pi"}],"tag":"Pi"}],"tag":"Pi"}],"tag":"Pi"},"original":{"contents":[{"item":{"contents":[{"item":{"contents":"Set","tag":"Sort"},"name":"_"},{"contents":"Set","tag":"Sort"}],"tag":"Pi"},"name":"F"},{"contents":[{"item":{"contents":[{"Left":"Prelude.Lenses.VanLaarhoven.Functor′"},[{"contents":[{"Right":0},[]],"tag":"App"}]],"tag":"App"},"name":"_"},{"contents":[{"item":{"contents":[{"item":{"contents":[{"Right":2},[]],"tag":"App"},"name":"_"},{"contents":[{"Right":0},[{"contents":[{"Right":2},[]],"tag":"App"}]],"tag":"App"}],"tag":"Pi"},"name":"_"},{"contents":[{"item":{"contents":[{"Right":1},[]],"tag":"App"},"name":"_"},{"contents":[{"Right":0},[{"contents":[{"Right":1},[]],"tag":"App"}]],"tag":"App"}],"tag":"Pi"}],"tag":"Pi"}],"tag":"Pi"}],"tag":"Pi"},"reduced":{"contents":[{"item":{"contents":[{"item":{"contents":"Set","tag":"Sort"},"name":"_"},{"contents":"Set","tag":"Sort"}],"tag":"Pi"},"name":"F"},{"contents":[{"item":{"contents":[{"Left":"Prelude.Lenses.VanLaarhoven.Functor′"},[{"contents":[{"Right":0},[]],"tag":"App"}]],"tag":"App"},"name":"_"},{"contents":[{"item":{"contents":[{"item":{"contents":[{"Right":2},[]],"tag":"App"},"name":"_"},{"contents":[{"Right":0},[{"contents":[{"Right":2},[]],"tag":"App"}]],"tag":"App"}],"tag":"Pi"},"name":"_"},{"contents":[{"item":{"contents":[{"Right":1},[]],"tag":"App"},"name":"_"},{"contents":[{"Right":0},[{"contents":[{"Right":1},[]],"tag":"App"}]],"tag":"App"}],"tag":"Pi"}],"tag":"Pi"}],"tag":"Pi"}],"tag":"Pi"},"simplified":{"contents":[{"item":{"contents":[{"item":{"contents":"Set","tag":"Sort"},"name":"_"},{"contents":"Set","tag":"Sort"}],"tag":"Pi"},"name":"F"},{"contents":[{"item":{"contents":[{"Left":"Prelude.Lenses.VanLaarhoven.Functor′"},[{"contents":[{"Right":0},[]],"tag":"App"}]],"tag":"App"},"name":"_"},{"contents":[{"item":{"contents":[{"item":{"contents":[{"Right":2},[]],"tag":"App"},"name":"_"},{"contents":[{"Right":0},[{"contents":[{"Right":2},[]],"tag":"App"}]],"tag":"App"}],"tag":"Pi"},"name":"_"},{"contents":[{"item":{"contents":[{"Right":1},[]],"tag":"App"},"name":"_"},{"contents":[{"Right":0},[{"contents":[{"Right":1},[]],"tag":"App"}]],"tag":"App"}],"tag":"Pi"}],"tag":"Pi"}],"tag":"Pi"}],"tag":"Pi"}}},"namesUsed":["Prelude.Lenses.VanLaarhoven.Functor′"]},{"ctx":{"pretty":"(I₁ : Type) (O₁ : Type) (F : Type → Type)","thing":[{"item":{"contents":"Set","tag":"Sort"},"name":"I"},{"item":{"contents":"Set","tag":"Sort"},"name":"O"},{"item":{"contents":[{"item":{"contents":"Set","tag":"Sort"},"name":"_"},{"contents":"Set","tag":"Sort"}],"tag":"Pi"},"name":"F"}]},"goal":{"pretty":"Type₁","thing":{"normalised":{"contents":"Set1","tag":"Sort"},"original":{"contents":"Set1","tag":"Sort"},"reduced":{"contents":"Set1","tag":"Sort"},"simplified":{"contents":"Set1","tag":"Sort"}}},"term":{"pretty":"⦃ _ : Functor′ F ⦄ → (I → F I) → O → F O","thing":{"normalised":{"contents":[{"item":{"contents":[{"Left":"Prelude.Lenses.VanLaarhoven.Functor′"},[{"contents":[{"Right":0},[]],"tag":"App"}]],"tag":"App"},"name":"_"},{"contents":[{"item":{"contents":[{"item":{"contents":[{"Right":2},[]],"tag":"App"},"name":"_"},{"contents":[{"Right":0},[{"contents":[{"Right":2},[]],"tag":"App"}]],"tag":"App"}],"tag":"Pi"},"name":"_"},{"contents":[{"item":{"contents":[{"Right":1},[]],"tag":"App"},"name":"_"},{"contents":[{"Right":0},[{"contents":[{"Right":1},[]],"tag":"App"}]],"tag":"App"}],"tag":"Pi"}],"tag":"Pi"}],"tag":"Pi"},"original":{"contents":[{"item":{"contents":[{"Left":"Prelude.Lenses.VanLaarhoven.Functor′"},[{"contents":[{"Right":0},[]],"tag":"App"}]],"tag":"App"},"name":"_"},{"contents":[{"item":{"contents":[{"item":{"contents":[{"Right":2},[]],"tag":"App"},"name":"_"},{"contents":[{"Right":0},[{"contents":[{"Right":2},[]],"tag":"App"}]],"tag":"App"}],"tag":"Pi"},"name":"_"},{"contents":[{"item":{"contents":[{"Right":1},[]],"tag":"App"},"name":"_"},{"contents":[{"Right":0},[{"contents":[{"Right":1},[]],"tag":"App"}]],"tag":"App"}],"tag":"Pi"}],"tag":"Pi"}],"tag":"Pi"},"reduced":{"contents":[{"item":{"contents":[{"Left":"Prelude.Lenses.VanLaarhoven.Functor′"},[{"contents":[{"Right":0},[]],"tag":"App"}]],"tag":"App"},"name":"_"},{"contents":[{"item":{"contents":[{"item":{"contents":[{"Right":2},[]],"tag":"App"},"name":"_"},{"contents":[{"Right":0},[{"contents":[{"Right":2},[]],"tag":"App"}]],"tag":"App"}],"tag":"Pi"},"name":"_"},{"contents":[{"item":{"contents":[{"Right":1},[]],"tag":"App"},"name":"_"},{"contents":[{"Right":0},[{"contents":[{"Right":1},[]],"tag":"App"}]],"tag":"App"}],"tag":"Pi"}],"tag":"Pi"}],"tag":"Pi"},"simplified":{"contents":[{"item":{"contents":[{"Left":"Prelude.Lenses.VanLaarhoven.Functor′"},[{"contents":[{"Right":0},[]],"tag":"App"}]],"tag":"App"},"name":"_"},{"contents":[{"item":{"contents":[{"item":{"contents":[{"Right":2},[]],"tag":"App"},"name":"_"},{"contents":[{"Right":0},[{"contents":[{"Right":2},[]],"tag":"App"}]],"tag":"App"}],"tag":"Pi"},"name":"_"},{"contents":[{"item":{"contents":[{"Right":1},[]],"tag":"App"},"name":"_"},{"contents":[{"Right":0},[{"contents":[{"Right":1},[]],"tag":"App"}]],"tag":"App"}],"tag":"Pi"}],"tag":"Pi"}],"tag":"Pi"}}},"namesUsed":["Prelude.Lenses.VanLaarhoven.Functor′"]},{"ctx":{"pretty":"(I₁ : Type) (O₁ : Type) (F₁ : Type → Type)","thing":[{"item":{"contents":"Set","tag":"Sort"},"name":"I"},{"item":{"contents":"Set","tag":"Sort"},"name":"O"},{"item":{"contents":[{"item":{"contents":"Set","tag":"Sort"},"name":"_"},{"contents":"Set","tag":"Sort"}],"tag":"Pi"},"name":"F"}]},"goal":{"pretty":"Type₁","thing":{"normalised":{"contents":"Set1","tag":"Sort"},"original":{"contents":"Set1","tag":"Sort"},"reduced":{"contents":"Set1","tag":"Sort"},"simplified":{"contents":"Set1","tag":"Sort"}}},"term":{"pretty":"Functor′ F","thing":{"normalised":{"contents":[{"Left":"Prelude.Lenses.VanLaarhoven.Functor′"},[{"contents":[{"Right":0},[]],"tag":"App"}]],"tag":"App"},"original":{"contents":[{"Left":"Prelude.Lenses.VanLaarhoven.Functor′"},[{"contents":[{"Right":0},[]],"tag":"App"}]],"tag":"App"},"reduced":{"contents":[{"Left":"Prelude.Lenses.VanLaarhoven.Functor′"},[{"contents":[{"Right":0},[]],"tag":"App"}]],"tag":"App"},"simplified":{"contents":[{"Left":"Prelude.Lenses.VanLaarhoven.Functor′"},[{"contents":[{"Right":0},[]],"tag":"App"}]],"tag":"App"}}},"namesUsed":["Prelude.Lenses.VanLaarhoven.Functor′"]},{"ctx":{"pretty":"{I : Type} {O : Type} (l : Lens I O) (f : I → I) (o : O)","thing":[{"item":{"contents":"Set","tag":"Sort"},"name":"I"},{"item":{"contents":"Set","tag":"Sort"},"name":"O"},{"item":{"contents":[{"Left":"Prelude.Lenses.VanLaarhoven.Lens"},[{"contents":[{"Right":1},[]],"tag":"App"},{"contents":[{"Right":0},[]],"tag":"App"}]],"tag":"App"},"name":"l"},{"item":{"contents":[{"item":{"contents":[{"Right":2},[]],"tag":"App"},"name":"_"},{"contents":[{"Right":2},[]],"tag":"App"}],"tag":"Pi"},"name":"f"},{"item":{"contents":[{"Right":2},[]],"tag":"App"},"name":"o"}]},"goal":{"pretty":"O","thing":{"normalised":{"contents":[{"Right":3},[]],"tag":"App"},"original":{"contents":[{"Right":3},[]],"tag":"App"},"reduced":{"contents":[{"Right":3},[]],"tag":"App"},"simplified":{"contents":[{"Right":3},[]],"tag":"App"}}},"term":{"pretty":"l Id f o","thing":{"normalised":{"contents":[{"Right":2},[{"contents":{"item":{"contents":[{"Right":0},[]],"tag":"App"},"name":"x"},"tag":"Lam"},{"contents":[{"Left":"Prelude.Lenses.VanLaarhoven.Functor′-Id"},[]],"tag":"App"},{"contents":[{"Right":1},[]],"tag":"App"},{"contents":[{"Right":0},[]],"tag":"App"}]],"tag":"App"},"original":{"contents":[{"Right":2},[{"contents":[{"Left":"Prelude.Lenses.VanLaarhoven.Id"},[]],"tag":"App"},{"contents":[{"Left":"Prelude.Lenses.VanLaarhoven.Functor′-Id"},[]],"tag":"App"},{"contents":[{"Right":1},[]],"tag":"App"},{"contents":[{"Right":0},[]],"tag":"App"}]],"tag":"App"},"reduced":{"contents":[{"Right":2},[{"contents":[{"Left":"Prelude.Lenses.VanLaarhoven.Id"},[]],"tag":"App"},{"contents":[{"Left":"Prelude.Lenses.VanLaarhoven.Functor′-Id"},[]],"tag":"App"},{"contents":[{"Right":1},[]],"tag":"App"},{"contents":[{"Right":0},[]],"tag":"App"}]],"tag":"App"},"simplified":{"contents":[{"Right":2},[{"contents":[{"Left":"Prelude.Lenses.VanLaarhoven.Id"},[]],"tag":"App"},{"contents":[{"Left":"Prelude.Lenses.VanLaarhoven.Functor′-Id"},[]],"tag":"App"},{"contents":[{"Right":1},[]],"tag":"App"},{"contents":[{"Right":0},[]],"tag":"App"}]],"tag":"App"}}},"namesUsed":["Prelude.Lenses.VanLaarhoven.Id","Prelude.Lenses.VanLaarhoven.Functor′-Id"]},{"ctx":{"pretty":"{I : Type} {O = O₁ : Type} (l₁ : Lens I O₁) (f₁ : I → I) (o₁ : O₁)","thing":[{"item":{"contents":"Set","tag":"Sort"},"name":"I"},{"item":{"contents":"Set","tag":"Sort"},"name":"O"},{"item":{"contents":[{"Left":"Prelude.Lenses.VanLaarhoven.Lens"},[{"contents":[{"Right":1},[]],"tag":"App"},{"contents":[{"Right":0},[]],"tag":"App"}]],"tag":"App"},"name":"l"},{"item":{"contents":[{"item":{"contents":[{"Right":2},[]],"tag":"App"},"name":"_"},{"contents":[{"Right":2},[]],"tag":"App"}],"tag":"Pi"},"name":"f"},{"item":{"contents":[{"Right":2},[]],"tag":"App"},"name":"o"}]},"goal":{"pretty":"Type → Type","thing":{"normalised":{"contents":[{"item":{"contents":"Set","tag":"Sort"},"name":"_"},{"contents":"Set","tag":"Sort"}],"tag":"Pi"},"original":{"contents":[{"item":{"contents":"Set","tag":"Sort"},"name":"_"},{"contents":"Set","tag":"Sort"}],"tag":"Pi"},"reduced":{"contents":[{"item":{"contents":"Set","tag":"Sort"},"name":"_"},{"contents":"Set","tag":"Sort"}],"tag":"Pi"},"simplified":{"contents":[{"item":{"contents":"Set","tag":"Sort"},"name":"_"},{"contents":"Set","tag":"Sort"}],"tag":"Pi"}}},"term":{"pretty":"Id","thing":{"normalised":{"contents":{"item":{"contents":[{"Right":0},[]],"tag":"App"},"name":"x"},"tag":"Lam"},"original":{"contents":[{"Left":"Prelude.Lenses.VanLaarhoven.Id"},[]],"tag":"App"},"reduced":{"contents":{"item":{"contents":[{"Right":0},[]],"tag":"App"},"name":"x"},"tag":"Lam"},"simplified":{"contents":[{"Left":"Prelude.Lenses.VanLaarhoven.Id"},[]],"tag":"App"}}},"namesUsed":["Prelude.Lenses.VanLaarhoven.Id"]},{"ctx":{"pretty":"{I : Type} {O = O₁ : Type} (l₁ : Lens I O₁) (f₁ : I → I) (o₁ : O₁)","thing":[{"item":{"contents":"Set","tag":"Sort"},"name":"I"},{"item":{"contents":"Set","tag":"Sort"},"name":"O"},{"item":{"contents":[{"Left":"Prelude.Lenses.VanLaarhoven.Lens"},[{"contents":[{"Right":1},[]],"tag":"App"},{"contents":[{"Right":0},[]],"tag":"App"}]],"tag":"App"},"name":"l"},{"item":{"contents":[{"item":{"contents":[{"Right":2},[]],"tag":"App"},"name":"_"},{"contents":[{"Right":2},[]],"tag":"App"}],"tag":"Pi"},"name":"f"},{"item":{"contents":[{"Right":2},[]],"tag":"App"},"name":"o"}]},"goal":{"pretty":"Functor′ Id","thing":{"normalised":{"contents":[{"Left":"Prelude.Lenses.VanLaarhoven.Functor′"},[{"contents":{"item":{"contents":[{"Right":0},[]],"tag":"App"},"name":"x"},"tag":"Lam"}]],"tag":"App"},"original":{"contents":[{"Left":"Prelude.Lenses.VanLaarhoven.Functor′"},[{"contents":[{"Left":"Prelude.Lenses.VanLaarhoven.Id"},[]],"tag":"App"}]],"tag":"App"},"reduced":{"contents":[{"Left":"Prelude.Lenses.VanLaarhoven.Functor′"},[{"contents":[{"Left":"Prelude.Lenses.VanLaarhoven.Id"},[]],"tag":"App"}]],"tag":"App"},"simplified":{"contents":[{"Left":"Prelude.Lenses.VanLaarhoven.Functor′"},[{"contents":[{"Left":"Prelude.Lenses.VanLaarhoven.Id"},[]],"tag":"App"}]],"tag":"App"}}},"term":{"pretty":"Functor′-Id","thing":{"normalised":{"contents":[{"Left":"Prelude.Lenses.VanLaarhoven.Functor′-Id"},[]],"tag":"App"},"original":{"contents":[{"Left":"Prelude.Lenses.VanLaarhoven.Functor′-Id"},[]],"tag":"App"},"reduced":{"contents":[{"Left":"Prelude.Lenses.VanLaarhoven.Functor′-Id"},[]],"tag":"App"},"simplified":{"contents":[{"Left":"Prelude.Lenses.VanLaarhoven.Functor′-Id"},[]],"tag":"App"}}},"namesUsed":["Prelude.Lenses.VanLaarhoven.Functor′-Id"]}]}