{"scope":{"item":[{"item":{"pretty":"(c ℓ : Level) → Set (suc c ⊔ suc ℓ)","thing":{"normalised":null,"original":{"contents":[{"item":{"contents":[{"Left":"Agda.Primitive.Level"},[]],"tag":"App"},"name":"c"},{"contents":[{"item":{"contents":[{"Left":"Agda.Primitive.Level"},[]],"tag":"App"},"name":"ℓ"},{"contents":"Set (lub (lsuc @1) (lsuc @0))","tag":"Sort"}],"tag":"Pi"}],"tag":"Pi"},"reduced":null,"simplified":null}},"name":"Algebra.Bundles.RawMagma"},{"item":{"pretty":"Setω₁","thing":{"normalised":null,"original":{"contents":"Setω1","tag":"Sort"},"reduced":null,"simplified":null}},"name":"Agda.Primitive.Setω"},{"item":{"pretty":"{a : Level} (ℓ : Level) (A : Set a) → Set (a ⊔ ℓ)","thing":{"normalised":null,"original":{"contents":[{"item":{"contents":[{"Left":"Agda.Primitive.Level"},[]],"tag":"App"},"name":"a"},{"contents":[{"item":{"contents":[{"Left":"Agda.Primitive.Level"},[]],"tag":"App"},"name":"ℓ"},{"contents":[{"item":{"contents":"Set @1","tag":"Sort"},"name":"A"},{"contents":"Set (lub @2 @1)","tag":"Sort"}],"tag":"Pi"}],"tag":"Pi"}],"tag":"Pi"},"reduced":null,"simplified":null}},"name":"Level.Lift"},{"item":{"pretty":"{c ℓ : Level} {R : Semiring c ℓ} → LeftSemimodule R c ℓ","thing":{"normalised":null,"original":{"contents":[{"item":{"contents":[{"Left":"Agda.Primitive.Level"},[]],"tag":"App"},"name":"c"},{"contents":[{"item":{"contents":[{"Left":"Agda.Primitive.Level"},[]],"tag":"App"},"name":"ℓ"},{"contents":[{"item":{"contents":[{"Left":"Algebra.Bundles.Semiring"},[{"contents":[{"Right":1},[]],"tag":"App"},{"contents":[{"Right":0},[]],"tag":"App"}]],"tag":"App"},"name":"R"},{"contents":[{"Left":"Algebra.Module.Bundles.LeftSemimodule"},[{"contents":[{"Right":2},[]],"tag":"App"},{"contents":[{"Right":1},[]],"tag":"App"},{"contents":[{"Right":0},[]],"tag":"App"},{"contents":[{"Right":2},[]],"tag":"App"},{"contents":[{"Right":1},[]],"tag":"App"}]],"tag":"App"}],"tag":"Pi"}],"tag":"Pi"}],"tag":"Pi"},"reduced":null,"simplified":null}},"name":"Algebra.Module.Construct.TensorUnit.leftSemimodule"},{"item":{"pretty":"Set","thing":{"normalised":null,"original":{"contents":"Set","tag":"Sort"},"reduced":null,"simplified":null}},"name":"Agda.Primitive.Level"},{"item":{"pretty":"Level","thing":{"normalised":null,"original":{"contents":[{"Left":"Agda.Primitive.Level"},[]],"tag":"App"},"reduced":null,"simplified":null}},"name":"Agda.Primitive.lzero"},{"item":{"pretty":"{a ℓ : Level} {A : Set a} → Lift ℓ A → A","thing":{"normalised":null,"original":{"contents":[{"item":{"contents":[{"Left":"Agda.Primitive.Level"},[]],"tag":"App"},"name":"a"},{"contents":[{"item":{"contents":[{"Left":"Agda.Primitive.Level"},[]],"tag":"App"},"name":"ℓ"},{"contents":[{"item":{"contents":"Set @1","tag":"Sort"},"name":"A"},{"contents":[{"item":{"contents":[{"Left":"Level.Lift"},[{"contents":[{"Right":2},[]],"tag":"App"},{"contents":[{"Right":1},[]],"tag":"App"},{"contents":[{"Right":0},[]],"tag":"App"}]],"tag":"App"},"name":"r"},{"contents":[{"Right":0},[]],"tag":"App"}],"tag":"Pi"}],"tag":"Pi"}],"tag":"Pi"}],"tag":"Pi"},"reduced":null,"simplified":null}},"name":"Level.Lift.lower"},{"item":{"pretty":"Level → Level","thing":{"normalised":null,"original":{"contents":[{"item":{"contents":[{"Left":"Agda.Primitive.Level"},[]],"tag":"App"},"name":"ℓ"},{"contents":[{"Left":"Agda.Primitive.Level"},[]],"tag":"App"}],"tag":"Pi"},"reduced":null,"simplified":null}},"name":"Agda.Primitive.lsuc"},{"item":{"pretty":"{a ℓ : Level} {A : Set a} (lower₁ : A) → Lift ℓ A","thing":{"normalised":null,"original":{"contents":[{"item":{"contents":[{"Left":"Agda.Primitive.Level"},[]],"tag":"App"},"name":"a"},{"contents":[{"item":{"contents":[{"Left":"Agda.Primitive.Level"},[]],"tag":"App"},"name":"ℓ"},{"contents":[{"item":{"contents":"Set @1","tag":"Sort"},"name":"A"},{"contents":[{"item":{"contents":[{"Right":0},[]],"tag":"App"},"name":"lower"},{"contents":[{"Left":"Level.Lift"},[{"contents":[{"Right":3},[]],"tag":"App"},{"contents":[{"Right":2},[]],"tag":"App"},{"contents":[{"Right":1},[]],"tag":"App"}]],"tag":"App"}],"tag":"Pi"}],"tag":"Pi"}],"tag":"Pi"}],"tag":"Pi"},"reduced":null,"simplified":null}},"name":"Level.lift"},{"item":{"pretty":"Level","thing":{"normalised":null,"original":{"contents":[{"Left":"Agda.Primitive.Level"},[]],"tag":"App"},"reduced":null,"simplified":null}},"name":"Level.0ℓ"},{"item":{"pretty":"{r ℓr : Level} (semiring : Semiring r ℓr) (m ℓm : Level) →\nSet (r ⊔ ℓr ⊔ suc m ⊔ suc ℓm)","thing":{"normalised":null,"original":{"contents":[{"item":{"contents":[{"Left":"Agda.Primitive.Level"},[]],"tag":"App"},"name":"r"},{"contents":[{"item":{"contents":[{"Left":"Agda.Primitive.Level"},[]],"tag":"App"},"name":"ℓr"},{"contents":[{"item":{"contents":[{"Left":"Algebra.Bundles.Semiring"},[{"contents":[{"Right":1},[]],"tag":"App"},{"contents":[{"Right":0},[]],"tag":"App"}]],"tag":"App"},"name":"semiring"},{"contents":[{"item":{"contents":[{"Left":"Agda.Primitive.Level"},[]],"tag":"App"},"name":"m"},{"contents":[{"item":{"contents":[{"Left":"Agda.Primitive.Level"},[]],"tag":"App"},"name":"ℓm"},{"contents":"Set (lub @4 lub @3 lub (lsuc @1) (lsuc @0))","tag":"Sort"}],"tag":"Pi"}],"tag":"Pi"}],"tag":"Pi"}],"tag":"Pi"}],"tag":"Pi"},"reduced":null,"simplified":null}},"name":"Algebra.Module.Bundles.LeftSemimodule"},{"item":{"pretty":"Level → Level → Level","thing":{"normalised":null,"original":{"contents":[{"item":{"contents":[{"Left":"Agda.Primitive.Level"},[]],"tag":"App"},"name":"ℓ₁"},{"contents":[{"item":{"contents":[{"Left":"Agda.Primitive.Level"},[]],"tag":"App"},"name":"ℓ₂"},{"contents":[{"Left":"Agda.Primitive.Level"},[]],"tag":"App"}],"tag":"Pi"}],"tag":"Pi"},"reduced":null,"simplified":null}},"name":"Agda.Primitive._⊔_"},{"item":{"pretty":"{a : Level} → Set a → Level","thing":{"normalised":null,"original":{"contents":[{"item":{"contents":[{"Left":"Agda.Primitive.Level"},[]],"tag":"App"},"name":"a"},{"contents":[{"item":{"contents":"Set @0","tag":"Sort"},"name":"_"},{"contents":[{"Left":"Agda.Primitive.Level"},[]],"tag":"App"}],"tag":"Pi"}],"tag":"Pi"},"reduced":null,"simplified":null}},"name":"Level.levelOfType"},{"item":{"pretty":"{a : Level} {A : Set a} → A → Level","thing":{"normalised":null,"original":{"contents":[{"item":{"contents":[{"Left":"Agda.Primitive.Level"},[]],"tag":"App"},"name":"a"},{"contents":[{"item":{"contents":"Set @0","tag":"Sort"},"name":"A"},{"contents":[{"item":{"contents":[{"Right":0},[]],"tag":"App"},"name":"_"},{"contents":[{"Left":"Agda.Primitive.Level"},[]],"tag":"App"}],"tag":"Pi"}],"tag":"Pi"}],"tag":"Pi"},"reduced":null,"simplified":null}},"name":"Level.levelOfTerm"},{"item":{"pretty":"(c ℓ : Level) → Set (suc c ⊔ suc ℓ)","thing":{"normalised":null,"original":{"contents":[{"item":{"contents":[{"Left":"Agda.Primitive.Level"},[]],"tag":"App"},"name":"c"},{"contents":[{"item":{"contents":[{"Left":"Agda.Primitive.Level"},[]],"tag":"App"},"name":"ℓ"},{"contents":"Set (lub (lsuc @1) (lsuc @0))","tag":"Sort"}],"tag":"Pi"}],"tag":"Pi"},"reduced":null,"simplified":null}},"name":"Algebra.Bundles.Magma"},{"item":{"pretty":"(c ℓ : Level) → Set (suc c ⊔ suc ℓ)","thing":{"normalised":null,"original":{"contents":[{"item":{"contents":[{"Left":"Agda.Primitive.Level"},[]],"tag":"App"},"name":"c"},{"contents":[{"item":{"contents":[{"Left":"Agda.Primitive.Level"},[]],"tag":"App"},"name":"ℓ"},{"contents":"Set (lub (lsuc @1) (lsuc @0))","tag":"Sort"}],"tag":"Pi"}],"tag":"Pi"},"reduced":null,"simplified":null}},"name":"Algebra.Bundles.SelectiveMagma"},{"item":{"pretty":"(c ℓ : Level) → Set (suc c ⊔ suc ℓ)","thing":{"normalised":null,"original":{"contents":[{"item":{"contents":[{"Left":"Agda.Primitive.Level"},[]],"tag":"App"},"name":"c"},{"contents":[{"item":{"contents":[{"Left":"Agda.Primitive.Level"},[]],"tag":"App"},"name":"ℓ"},{"contents":"Set (lub (lsuc @1) (lsuc @0))","tag":"Sort"}],"tag":"Pi"}],"tag":"Pi"},"reduced":null,"simplified":null}},"name":"Algebra.Bundles.CommutativeMagma"},{"item":{"pretty":"{c ℓ : Level} {R : Semiring c ℓ} → RightSemimodule R c ℓ","thing":{"normalised":null,"original":{"contents":[{"item":{"contents":[{"Left":"Agda.Primitive.Level"},[]],"tag":"App"},"name":"c"},{"contents":[{"item":{"contents":[{"Left":"Agda.Primitive.Level"},[]],"tag":"App"},"name":"ℓ"},{"contents":[{"item":{"contents":[{"Left":"Algebra.Bundles.Semiring"},[{"contents":[{"Right":1},[]],"tag":"App"},{"contents":[{"Right":0},[]],"tag":"App"}]],"tag":"App"},"name":"R"},{"contents":[{"Left":"Algebra.Module.Bundles.RightSemimodule"},[{"contents":[{"Right":2},[]],"tag":"App"},{"contents":[{"Right":1},[]],"tag":"App"},{"contents":[{"Right":0},[]],"tag":"App"},{"contents":[{"Right":2},[]],"tag":"App"},{"contents":[{"Right":1},[]],"tag":"App"}]],"tag":"App"}],"tag":"Pi"}],"tag":"Pi"}],"tag":"Pi"},"reduced":null,"simplified":null}},"name":"Algebra.Module.Construct.TensorUnit.rightSemimodule"},{"item":{"pretty":"(c ℓ : Level) → Set (suc c ⊔ suc ℓ)","thing":{"normalised":null,"original":{"contents":[{"item":{"contents":[{"Left":"Agda.Primitive.Level"},[]],"tag":"App"},"name":"c"},{"contents":[{"item":{"contents":[{"Left":"Agda.Primitive.Level"},[]],"tag":"App"},"name":"ℓ"},{"contents":"Set (lub (lsuc @1) (lsuc @0))","tag":"Sort"}],"tag":"Pi"}],"tag":"Pi"},"reduced":null,"simplified":null}},"name":"Algebra.Bundles.Semigroup"},{"item":{"pretty":"(c ℓ : Level) → Set (suc c ⊔ suc ℓ)","thing":{"normalised":null,"original":{"contents":[{"item":{"contents":[{"Left":"Agda.Primitive.Level"},[]],"tag":"App"},"name":"c"},{"contents":[{"item":{"contents":[{"Left":"Agda.Primitive.Level"},[]],"tag":"App"},"name":"ℓ"},{"contents":"Set (lub (lsuc @1) (lsuc @0))","tag":"Sort"}],"tag":"Pi"}],"tag":"Pi"},"reduced":null,"simplified":null}},"name":"Algebra.Bundles.Band"},{"item":{"pretty":"{c ℓ : Level} {R : Semiring c ℓ} → Bisemimodule R R c ℓ","thing":{"normalised":null,"original":{"contents":[{"item":{"contents":[{"Left":"Agda.Primitive.Level"},[]],"tag":"App"},"name":"c"},{"contents":[{"item":{"contents":[{"Left":"Agda.Primitive.Level"},[]],"tag":"App"},"name":"ℓ"},{"contents":[{"item":{"contents":[{"Left":"Algebra.Bundles.Semiring"},[{"contents":[{"Right":1},[]],"tag":"App"},{"contents":[{"Right":0},[]],"tag":"App"}]],"tag":"App"},"name":"R"},{"contents":[{"Left":"Algebra.Module.Bundles.Bisemimodule"},[{"contents":[{"Right":2},[]],"tag":"App"},{"contents":[{"Right":1},[]],"tag":"App"},{"contents":[{"Right":2},[]],"tag":"App"},{"contents":[{"Right":1},[]],"tag":"App"},{"contents":[{"Right":0},[]],"tag":"App"},{"contents":[{"Right":0},[]],"tag":"App"},{"contents":[{"Right":2},[]],"tag":"App"},{"contents":[{"Right":1},[]],"tag":"App"}]],"tag":"App"}],"tag":"Pi"}],"tag":"Pi"}],"tag":"Pi"},"reduced":null,"simplified":null}},"name":"Algebra.Module.Construct.TensorUnit.bisemimodule"},{"item":{"pretty":"(c ℓ : Level) → Set (suc c ⊔ suc ℓ)","thing":{"normalised":null,"original":{"contents":[{"item":{"contents":[{"Left":"Agda.Primitive.Level"},[]],"tag":"App"},"name":"c"},{"contents":[{"item":{"contents":[{"Left":"Agda.Primitive.Level"},[]],"tag":"App"},"name":"ℓ"},{"contents":"Set (lub (lsuc @1) (lsuc @0))","tag":"Sort"}],"tag":"Pi"}],"tag":"Pi"},"reduced":null,"simplified":null}},"name":"Algebra.Bundles.CommutativeSemigroup"},{"item":{"pretty":"(c ℓ : Level) → Set (suc c ⊔ suc ℓ)","thing":{"normalised":null,"original":{"contents":[{"item":{"contents":[{"Left":"Agda.Primitive.Level"},[]],"tag":"App"},"name":"c"},{"contents":[{"item":{"contents":[{"Left":"Agda.Primitive.Level"},[]],"tag":"App"},"name":"ℓ"},{"contents":"Set (lub (lsuc @1) (lsuc @0))","tag":"Sort"}],"tag":"Pi"}],"tag":"Pi"},"reduced":null,"simplified":null}},"name":"Algebra.Bundles.Semilattice"},{"item":{"pretty":"{r ℓr : Level} (ring : Ring r ℓr) (m ℓm : Level) →\nSet (r ⊔ ℓr ⊔ suc m ⊔ suc ℓm)","thing":{"normalised":null,"original":{"contents":[{"item":{"contents":[{"Left":"Agda.Primitive.Level"},[]],"tag":"App"},"name":"r"},{"contents":[{"item":{"contents":[{"Left":"Agda.Primitive.Level"},[]],"tag":"App"},"name":"ℓr"},{"contents":[{"item":{"contents":[{"Left":"Algebra.Bundles.Ring"},[{"contents":[{"Right":1},[]],"tag":"App"},{"contents":[{"Right":0},[]],"tag":"App"}]],"tag":"App"},"name":"ring"},{"contents":[{"item":{"contents":[{"Left":"Agda.Primitive.Level"},[]],"tag":"App"},"name":"m"},{"contents":[{"item":{"contents":[{"Left":"Agda.Primitive.Level"},[]],"tag":"App"},"name":"ℓm"},{"contents":"Set (lub @4 lub @3 lub (lsuc @1) (lsuc @0))","tag":"Sort"}],"tag":"Pi"}],"tag":"Pi"}],"tag":"Pi"}],"tag":"Pi"}],"tag":"Pi"},"reduced":null,"simplified":null}},"name":"Algebra.Module.Bundles.LeftModule"},{"item":{"pretty":"{c ℓ : Level} {R : CommutativeSemiring c ℓ} → Semimodule R c ℓ","thing":{"normalised":null,"original":{"contents":[{"item":{"contents":[{"Left":"Agda.Primitive.Level"},[]],"tag":"App"},"name":"c"},{"contents":[{"item":{"contents":[{"Left":"Agda.Primitive.Level"},[]],"tag":"App"},"name":"ℓ"},{"contents":[{"item":{"contents":[{"Left":"Algebra.Bundles.CommutativeSemiring"},[{"contents":[{"Right":1},[]],"tag":"App"},{"contents":[{"Right":0},[]],"tag":"App"}]],"tag":"App"},"name":"R"},{"contents":[{"Left":"Algebra.Module.Bundles.Semimodule"},[{"contents":[{"Right":2},[]],"tag":"App"},{"contents":[{"Right":1},[]],"tag":"App"},{"contents":[{"Right":0},[]],"tag":"App"},{"contents":[{"Right":2},[]],"tag":"App"},{"contents":[{"Right":1},[]],"tag":"App"}]],"tag":"App"}],"tag":"Pi"}],"tag":"Pi"}],"tag":"Pi"},"reduced":null,"simplified":null}},"name":"Algebra.Module.Construct.TensorUnit.semimodule"},{"item":{"pretty":"(c ℓ : Level) → Set (suc c ⊔ suc ℓ)","thing":{"normalised":null,"original":{"contents":[{"item":{"contents":[{"Left":"Agda.Primitive.Level"},[]],"tag":"App"},"name":"c"},{"contents":[{"item":{"contents":[{"Left":"Agda.Primitive.Level"},[]],"tag":"App"},"name":"ℓ"},{"contents":"Set (lub (lsuc @1) (lsuc @0))","tag":"Sort"}],"tag":"Pi"}],"tag":"Pi"},"reduced":null,"simplified":null}},"name":"Algebra.Bundles.RawMonoid"},{"item":{"pretty":"(c ℓ : Level) → Set (suc c ⊔ suc ℓ)","thing":{"normalised":null,"original":{"contents":[{"item":{"contents":[{"Left":"Agda.Primitive.Level"},[]],"tag":"App"},"name":"c"},{"contents":[{"item":{"contents":[{"Left":"Agda.Primitive.Level"},[]],"tag":"App"},"name":"ℓ"},{"contents":"Set (lub (lsuc @1) (lsuc @0))","tag":"Sort"}],"tag":"Pi"}],"tag":"Pi"},"reduced":null,"simplified":null}},"name":"Algebra.Bundles.Monoid"},{"item":{"pretty":"(c ℓ : Level) → Set (suc c ⊔ suc ℓ)","thing":{"normalised":null,"original":{"contents":[{"item":{"contents":[{"Left":"Agda.Primitive.Level"},[]],"tag":"App"},"name":"c"},{"contents":[{"item":{"contents":[{"Left":"Agda.Primitive.Level"},[]],"tag":"App"},"name":"ℓ"},{"contents":"Set (lub (lsuc @1) (lsuc @0))","tag":"Sort"}],"tag":"Pi"}],"tag":"Pi"},"reduced":null,"simplified":null}},"name":"Algebra.Bundles.CommutativeMonoid"},{"item":{"pretty":"{c ℓ : Level} {R : Ring c ℓ} → LeftModule R c ℓ","thing":{"normalised":null,"original":{"contents":[{"item":{"contents":[{"Left":"Agda.Primitive.Level"},[]],"tag":"App"},"name":"c"},{"contents":[{"item":{"contents":[{"Left":"Agda.Primitive.Level"},[]],"tag":"App"},"name":"ℓ"},{"contents":[{"item":{"contents":[{"Left":"Algebra.Bundles.Ring"},[{"contents":[{"Right":1},[]],"tag":"App"},{"contents":[{"Right":0},[]],"tag":"App"}]],"tag":"App"},"name":"R"},{"contents":[{"Left":"Algebra.Module.Bundles.LeftModule"},[{"contents":[{"Right":2},[]],"tag":"App"},{"contents":[{"Right":1},[]],"tag":"App"},{"contents":[{"Right":0},[]],"tag":"App"},{"contents":[{"Right":2},[]],"tag":"App"},{"contents":[{"Right":1},[]],"tag":"App"}]],"tag":"App"}],"tag":"Pi"}],"tag":"Pi"}],"tag":"Pi"},"reduced":null,"simplified":null}},"name":"Algebra.Module.Construct.TensorUnit.leftModule"},{"item":{"pretty":"(c ℓ : Level) → Set (suc c ⊔ suc ℓ)","thing":{"normalised":null,"original":{"contents":[{"item":{"contents":[{"Left":"Agda.Primitive.Level"},[]],"tag":"App"},"name":"c"},{"contents":[{"item":{"contents":[{"Left":"Agda.Primitive.Level"},[]],"tag":"App"},"name":"ℓ"},{"contents":"Set (lub (lsuc @1) (lsuc @0))","tag":"Sort"}],"tag":"Pi"}],"tag":"Pi"},"reduced":null,"simplified":null}},"name":"Algebra.Bundles.IdempotentCommutativeMonoid"},{"item":{"pretty":"(c ℓ : Level) → Set (suc c ⊔ suc ℓ)","thing":{"normalised":null,"original":{"contents":[{"item":{"contents":[{"Left":"Agda.Primitive.Level"},[]],"tag":"App"},"name":"c"},{"contents":[{"item":{"contents":[{"Left":"Agda.Primitive.Level"},[]],"tag":"App"},"name":"ℓ"},{"contents":"Set (lub (lsuc @1) (lsuc @0))","tag":"Sort"}],"tag":"Pi"}],"tag":"Pi"},"reduced":null,"simplified":null}},"name":"Algebra.Bundles.BoundedLattice"},{"item":{"pretty":"{c ℓ : Level} {R : Ring c ℓ} → RightModule R c ℓ","thing":{"normalised":null,"original":{"contents":[{"item":{"contents":[{"Left":"Agda.Primitive.Level"},[]],"tag":"App"},"name":"c"},{"contents":[{"item":{"contents":[{"Left":"Agda.Primitive.Level"},[]],"tag":"App"},"name":"ℓ"},{"contents":[{"item":{"contents":[{"Left":"Algebra.Bundles.Ring"},[{"contents":[{"Right":1},[]],"tag":"App"},{"contents":[{"Right":0},[]],"tag":"App"}]],"tag":"App"},"name":"R"},{"contents":[{"Left":"Algebra.Module.Bundles.RightModule"},[{"contents":[{"Right":2},[]],"tag":"App"},{"contents":[{"Right":1},[]],"tag":"App"},{"contents":[{"Right":0},[]],"tag":"App"},{"contents":[{"Right":2},[]],"tag":"App"},{"contents":[{"Right":1},[]],"tag":"App"}]],"tag":"App"}],"tag":"Pi"}],"tag":"Pi"}],"tag":"Pi"},"reduced":null,"simplified":null}},"name":"Algebra.Module.Construct.TensorUnit.rightModule"},{"item":{"pretty":"(c ℓ : Level) → Set (suc c ⊔ suc ℓ)","thing":{"normalised":null,"original":{"contents":[{"item":{"contents":[{"Left":"Agda.Primitive.Level"},[]],"tag":"App"},"name":"c"},{"contents":[{"item":{"contents":[{"Left":"Agda.Primitive.Level"},[]],"tag":"App"},"name":"ℓ"},{"contents":"Set (lub (lsuc @1) (lsuc @0))","tag":"Sort"}],"tag":"Pi"}],"tag":"Pi"},"reduced":null,"simplified":null}},"name":"Algebra.Bundles.RawGroup"},{"item":{"pretty":"{r ℓr : Level} (semiring : Semiring r ℓr) (m ℓm : Level) →\nSet (r ⊔ ℓr ⊔ suc m ⊔ suc ℓm)","thing":{"normalised":null,"original":{"contents":[{"item":{"contents":[{"Left":"Agda.Primitive.Level"},[]],"tag":"App"},"name":"r"},{"contents":[{"item":{"contents":[{"Left":"Agda.Primitive.Level"},[]],"tag":"App"},"name":"ℓr"},{"contents":[{"item":{"contents":[{"Left":"Algebra.Bundles.Semiring"},[{"contents":[{"Right":1},[]],"tag":"App"},{"contents":[{"Right":0},[]],"tag":"App"}]],"tag":"App"},"name":"semiring"},{"contents":[{"item":{"contents":[{"Left":"Agda.Primitive.Level"},[]],"tag":"App"},"name":"m"},{"contents":[{"item":{"contents":[{"Left":"Agda.Primitive.Level"},[]],"tag":"App"},"name":"ℓm"},{"contents":"Set (lub @4 lub @3 lub (lsuc @1) (lsuc @0))","tag":"Sort"}],"tag":"Pi"}],"tag":"Pi"}],"tag":"Pi"}],"tag":"Pi"}],"tag":"Pi"},"reduced":null,"simplified":null}},"name":"Algebra.Module.Bundles.RightSemimodule"},{"item":{"pretty":"(c ℓ : Level) → Set (suc c ⊔ suc ℓ)","thing":{"normalised":null,"original":{"contents":[{"item":{"contents":[{"Left":"Agda.Primitive.Level"},[]],"tag":"App"},"name":"c"},{"contents":[{"item":{"contents":[{"Left":"Agda.Primitive.Level"},[]],"tag":"App"},"name":"ℓ"},{"contents":"Set (lub (lsuc @1) (lsuc @0))","tag":"Sort"}],"tag":"Pi"}],"tag":"Pi"},"reduced":null,"simplified":null}},"name":"Algebra.Bundles.Group"},{"item":{"pretty":"{c ℓ : Level} {R : Ring c ℓ} → Bimodule R R c ℓ","thing":{"normalised":null,"original":{"contents":[{"item":{"contents":[{"Left":"Agda.Primitive.Level"},[]],"tag":"App"},"name":"c"},{"contents":[{"item":{"contents":[{"Left":"Agda.Primitive.Level"},[]],"tag":"App"},"name":"ℓ"},{"contents":[{"item":{"contents":[{"Left":"Algebra.Bundles.Ring"},[{"contents":[{"Right":1},[]],"tag":"App"},{"contents":[{"Right":0},[]],"tag":"App"}]],"tag":"App"},"name":"R"},{"contents":[{"Left":"Algebra.Module.Bundles.Bimodule"},[{"contents":[{"Right":2},[]],"tag":"App"},{"contents":[{"Right":1},[]],"tag":"App"},{"contents":[{"Right":2},[]],"tag":"App"},{"contents":[{"Right":1},[]],"tag":"App"},{"contents":[{"Right":0},[]],"tag":"App"},{"contents":[{"Right":0},[]],"tag":"App"},{"contents":[{"Right":2},[]],"tag":"App"},{"contents":[{"Right":1},[]],"tag":"App"}]],"tag":"App"}],"tag":"Pi"}],"tag":"Pi"}],"tag":"Pi"},"reduced":null,"simplified":null}},"name":"Algebra.Module.Construct.TensorUnit.bimodule"},{"item":{"pretty":"(c ℓ : Level) → Set (suc c ⊔ suc ℓ)","thing":{"normalised":null,"original":{"contents":[{"item":{"contents":[{"Left":"Agda.Primitive.Level"},[]],"tag":"App"},"name":"c"},{"contents":[{"item":{"contents":[{"Left":"Agda.Primitive.Level"},[]],"tag":"App"},"name":"ℓ"},{"contents":"Set (lub (lsuc @1) (lsuc @0))","tag":"Sort"}],"tag":"Pi"}],"tag":"Pi"},"reduced":null,"simplified":null}},"name":"Algebra.Bundles.AbelianGroup"},{"item":{"pretty":"(c ℓ : Level) → Set (suc c ⊔ suc ℓ)","thing":{"normalised":null,"original":{"contents":[{"item":{"contents":[{"Left":"Agda.Primitive.Level"},[]],"tag":"App"},"name":"c"},{"contents":[{"item":{"contents":[{"Left":"Agda.Primitive.Level"},[]],"tag":"App"},"name":"ℓ"},{"contents":"Set (lub (lsuc @1) (lsuc @0))","tag":"Sort"}],"tag":"Pi"}],"tag":"Pi"},"reduced":null,"simplified":null}},"name":"Algebra.Bundles.RawLattice"},{"item":{"pretty":"{c ℓ : Level} {R : CommutativeRing c ℓ} → Module R c ℓ","thing":{"normalised":null,"original":{"contents":[{"item":{"contents":[{"Left":"Agda.Primitive.Level"},[]],"tag":"App"},"name":"c"},{"contents":[{"item":{"contents":[{"Left":"Agda.Primitive.Level"},[]],"tag":"App"},"name":"ℓ"},{"contents":[{"item":{"contents":[{"Left":"Algebra.Bundles.CommutativeRing"},[{"contents":[{"Right":1},[]],"tag":"App"},{"contents":[{"Right":0},[]],"tag":"App"}]],"tag":"App"},"name":"R"},{"contents":[{"Left":"Algebra.Module.Bundles.Module"},[{"contents":[{"Right":2},[]],"tag":"App"},{"contents":[{"Right":1},[]],"tag":"App"},{"contents":[{"Right":0},[]],"tag":"App"},{"contents":[{"Right":2},[]],"tag":"App"},{"contents":[{"Right":1},[]],"tag":"App"}]],"tag":"App"}],"tag":"Pi"}],"tag":"Pi"}],"tag":"Pi"},"reduced":null,"simplified":null}},"name":"Algebra.Module.Construct.TensorUnit.⟨module⟩"},{"item":{"pretty":"(c ℓ : Level) → Set (suc c ⊔ suc ℓ)","thing":{"normalised":null,"original":{"contents":[{"item":{"contents":[{"Left":"Agda.Primitive.Level"},[]],"tag":"App"},"name":"c"},{"contents":[{"item":{"contents":[{"Left":"Agda.Primitive.Level"},[]],"tag":"App"},"name":"ℓ"},{"contents":"Set (lub (lsuc @1) (lsuc @0))","tag":"Sort"}],"tag":"Pi"}],"tag":"Pi"},"reduced":null,"simplified":null}},"name":"Algebra.Bundles.Lattice"},{"item":{"pretty":"(c ℓ : Level) → Set (suc c ⊔ suc ℓ)","thing":{"normalised":null,"original":{"contents":[{"item":{"contents":[{"Left":"Agda.Primitive.Level"},[]],"tag":"App"},"name":"c"},{"contents":[{"item":{"contents":[{"Left":"Agda.Primitive.Level"},[]],"tag":"App"},"name":"ℓ"},{"contents":"Set (lub (lsuc @1) (lsuc @0))","tag":"Sort"}],"tag":"Pi"}],"tag":"Pi"},"reduced":null,"simplified":null}},"name":"Algebra.Bundles.DistributiveLattice"},{"item":{"pretty":"{r ℓr : Level} (ring : Ring r ℓr) (m ℓm : Level) →\nSet (r ⊔ ℓr ⊔ suc m ⊔ suc ℓm)","thing":{"normalised":null,"original":{"contents":[{"item":{"contents":[{"Left":"Agda.Primitive.Level"},[]],"tag":"App"},"name":"r"},{"contents":[{"item":{"contents":[{"Left":"Agda.Primitive.Level"},[]],"tag":"App"},"name":"ℓr"},{"contents":[{"item":{"contents":[{"Left":"Algebra.Bundles.Ring"},[{"contents":[{"Right":1},[]],"tag":"App"},{"contents":[{"Right":0},[]],"tag":"App"}]],"tag":"App"},"name":"ring"},{"contents":[{"item":{"contents":[{"Left":"Agda.Primitive.Level"},[]],"tag":"App"},"name":"m"},{"contents":[{"item":{"contents":[{"Left":"Agda.Primitive.Level"},[]],"tag":"App"},"name":"ℓm"},{"contents":"Set (lub @4 lub @3 lub (lsuc @1) (lsuc @0))","tag":"Sort"}],"tag":"Pi"}],"tag":"Pi"}],"tag":"Pi"}],"tag":"Pi"}],"tag":"Pi"},"reduced":null,"simplified":null}},"name":"Algebra.Module.Bundles.RightModule"},{"item":{"pretty":"(c ℓ : Level) → Set (suc c ⊔ suc ℓ)","thing":{"normalised":null,"original":{"contents":[{"item":{"contents":[{"Left":"Agda.Primitive.Level"},[]],"tag":"App"},"name":"c"},{"contents":[{"item":{"contents":[{"Left":"Agda.Primitive.Level"},[]],"tag":"App"},"name":"ℓ"},{"contents":"Set (lub (lsuc @1) (lsuc @0))","tag":"Sort"}],"tag":"Pi"}],"tag":"Pi"},"reduced":null,"simplified":null}},"name":"Algebra.Bundles.RawNearSemiring"},{"item":{"pretty":"(c ℓ : Level) → Set (suc c ⊔ suc ℓ)","thing":{"normalised":null,"original":{"contents":[{"item":{"contents":[{"Left":"Agda.Primitive.Level"},[]],"tag":"App"},"name":"c"},{"contents":[{"item":{"contents":[{"Left":"Agda.Primitive.Level"},[]],"tag":"App"},"name":"ℓ"},{"contents":"Set (lub (lsuc @1) (lsuc @0))","tag":"Sort"}],"tag":"Pi"}],"tag":"Pi"},"reduced":null,"simplified":null}},"name":"Algebra.Bundles.NearSemiring"},{"item":{"pretty":"(c ℓ : Level) → Set (suc c ⊔ suc ℓ)","thing":{"normalised":null,"original":{"contents":[{"item":{"contents":[{"Left":"Agda.Primitive.Level"},[]],"tag":"App"},"name":"c"},{"contents":[{"item":{"contents":[{"Left":"Agda.Primitive.Level"},[]],"tag":"App"},"name":"ℓ"},{"contents":"Set (lub (lsuc @1) (lsuc @0))","tag":"Sort"}],"tag":"Pi"}],"tag":"Pi"},"reduced":null,"simplified":null}},"name":"Algebra.Bundles.SemiringWithoutOne"},{"item":{"pretty":"(c ℓ : Level) → Set (suc c ⊔ suc ℓ)","thing":{"normalised":null,"original":{"contents":[{"item":{"contents":[{"Left":"Agda.Primitive.Level"},[]],"tag":"App"},"name":"c"},{"contents":[{"item":{"contents":[{"Left":"Agda.Primitive.Level"},[]],"tag":"App"},"name":"ℓ"},{"contents":"Set (lub (lsuc @1) (lsuc @0))","tag":"Sort"}],"tag":"Pi"}],"tag":"Pi"},"reduced":null,"simplified":null}},"name":"Algebra.Bundles.CommutativeSemiringWithoutOne"},{"item":{"pretty":"{r ℓr s ℓs : Level} (R-semiring : Semiring r ℓr)\n(S-semiring : Semiring s ℓs) (m ℓm : Level) →\nSet (r ⊔ ℓr ⊔ s ⊔ ℓs ⊔ suc m ⊔ suc ℓm)","thing":{"normalised":null,"original":{"contents":[{"item":{"contents":[{"Left":"Agda.Primitive.Level"},[]],"tag":"App"},"name":"r"},{"contents":[{"item":{"contents":[{"Left":"Agda.Primitive.Level"},[]],"tag":"App"},"name":"ℓr"},{"contents":[{"item":{"contents":[{"Left":"Agda.Primitive.Level"},[]],"tag":"App"},"name":"s"},{"contents":[{"item":{"contents":[{"Left":"Agda.Primitive.Level"},[]],"tag":"App"},"name":"ℓs"},{"contents":[{"item":{"contents":[{"Left":"Algebra.Bundles.Semiring"},[{"contents":[{"Right":3},[]],"tag":"App"},{"contents":[{"Right":2},[]],"tag":"App"}]],"tag":"App"},"name":"R-semiring"},{"contents":[{"item":{"contents":[{"Left":"Algebra.Bundles.Semiring"},[{"contents":[{"Right":2},[]],"tag":"App"},{"contents":[{"Right":1},[]],"tag":"App"}]],"tag":"App"},"name":"S-semiring"},{"contents":[{"item":{"contents":[{"Left":"Agda.Primitive.Level"},[]],"tag":"App"},"name":"m"},{"contents":[{"item":{"contents":[{"Left":"Agda.Primitive.Level"},[]],"tag":"App"},"name":"ℓm"},{"contents":"Set (lub @7 lub @6 lub @5 lub @4 lub (lsuc @1) (lsuc @0))","tag":"Sort"}],"tag":"Pi"}],"tag":"Pi"}],"tag":"Pi"}],"tag":"Pi"}],"tag":"Pi"}],"tag":"Pi"}],"tag":"Pi"}],"tag":"Pi"},"reduced":null,"simplified":null}},"name":"Algebra.Module.Bundles.Bisemimodule"},{"item":{"pretty":"(c ℓ : Level) → Set (suc c ⊔ suc ℓ)","thing":{"normalised":null,"original":{"contents":[{"item":{"contents":[{"Left":"Agda.Primitive.Level"},[]],"tag":"App"},"name":"c"},{"contents":[{"item":{"contents":[{"Left":"Agda.Primitive.Level"},[]],"tag":"App"},"name":"ℓ"},{"contents":"Set (lub (lsuc @1) (lsuc @0))","tag":"Sort"}],"tag":"Pi"}],"tag":"Pi"},"reduced":null,"simplified":null}},"name":"Algebra.Bundles.RawSemiring"},{"item":{"pretty":"(c ℓ : Level) → Set (suc c ⊔ suc ℓ)","thing":{"normalised":null,"original":{"contents":[{"item":{"contents":[{"Left":"Agda.Primitive.Level"},[]],"tag":"App"},"name":"c"},{"contents":[{"item":{"contents":[{"Left":"Agda.Primitive.Level"},[]],"tag":"App"},"name":"ℓ"},{"contents":"Set (lub (lsuc @1) (lsuc @0))","tag":"Sort"}],"tag":"Pi"}],"tag":"Pi"},"reduced":null,"simplified":null}},"name":"Algebra.Bundles.SemiringWithoutAnnihilatingZero"},{"item":{"pretty":"(c ℓ : Level) → Set (suc c ⊔ suc ℓ)","thing":{"normalised":null,"original":{"contents":[{"item":{"contents":[{"Left":"Agda.Primitive.Level"},[]],"tag":"App"},"name":"c"},{"contents":[{"item":{"contents":[{"Left":"Agda.Primitive.Level"},[]],"tag":"App"},"name":"ℓ"},{"contents":"Set (lub (lsuc @1) (lsuc @0))","tag":"Sort"}],"tag":"Pi"}],"tag":"Pi"},"reduced":null,"simplified":null}},"name":"Algebra.Bundles.Semiring"},{"item":{"pretty":"(c ℓ : Level) → Set (suc c ⊔ suc ℓ)","thing":{"normalised":null,"original":{"contents":[{"item":{"contents":[{"Left":"Agda.Primitive.Level"},[]],"tag":"App"},"name":"c"},{"contents":[{"item":{"contents":[{"Left":"Agda.Primitive.Level"},[]],"tag":"App"},"name":"ℓ"},{"contents":"Set (lub (lsuc @1) (lsuc @0))","tag":"Sort"}],"tag":"Pi"}],"tag":"Pi"},"reduced":null,"simplified":null}},"name":"Algebra.Bundles.CommutativeSemiring"},{"item":{"pretty":"(c ℓ : Level) → Set (suc c ⊔ suc ℓ)","thing":{"normalised":null,"original":{"contents":[{"item":{"contents":[{"Left":"Agda.Primitive.Level"},[]],"tag":"App"},"name":"c"},{"contents":[{"item":{"contents":[{"Left":"Agda.Primitive.Level"},[]],"tag":"App"},"name":"ℓ"},{"contents":"Set (lub (lsuc @1) (lsuc @0))","tag":"Sort"}],"tag":"Pi"}],"tag":"Pi"},"reduced":null,"simplified":null}},"name":"Algebra.Bundles.CancellativeCommutativeSemiring"},{"item":{"pretty":"{r ℓr s ℓs : Level} (R-ring : Ring r ℓr) (S-ring : Ring s ℓs)\n(m ℓm : Level) →\nSet (r ⊔ ℓr ⊔ s ⊔ ℓs ⊔ suc m ⊔ suc ℓm)","thing":{"normalised":null,"original":{"contents":[{"item":{"contents":[{"Left":"Agda.Primitive.Level"},[]],"tag":"App"},"name":"r"},{"contents":[{"item":{"contents":[{"Left":"Agda.Primitive.Level"},[]],"tag":"App"},"name":"ℓr"},{"contents":[{"item":{"contents":[{"Left":"Agda.Primitive.Level"},[]],"tag":"App"},"name":"s"},{"contents":[{"item":{"contents":[{"Left":"Agda.Primitive.Level"},[]],"tag":"App"},"name":"ℓs"},{"contents":[{"item":{"contents":[{"Left":"Algebra.Bundles.Ring"},[{"contents":[{"Right":3},[]],"tag":"App"},{"contents":[{"Right":2},[]],"tag":"App"}]],"tag":"App"},"name":"R-ring"},{"contents":[{"item":{"contents":[{"Left":"Algebra.Bundles.Ring"},[{"contents":[{"Right":2},[]],"tag":"App"},{"contents":[{"Right":1},[]],"tag":"App"}]],"tag":"App"},"name":"S-ring"},{"contents":[{"item":{"contents":[{"Left":"Agda.Primitive.Level"},[]],"tag":"App"},"name":"m"},{"contents":[{"item":{"contents":[{"Left":"Agda.Primitive.Level"},[]],"tag":"App"},"name":"ℓm"},{"contents":"Set (lub @7 lub @6 lub @5 lub @4 lub (lsuc @1) (lsuc @0))","tag":"Sort"}],"tag":"Pi"}],"tag":"Pi"}],"tag":"Pi"}],"tag":"Pi"}],"tag":"Pi"}],"tag":"Pi"}],"tag":"Pi"}],"tag":"Pi"},"reduced":null,"simplified":null}},"name":"Algebra.Module.Bundles.Bimodule"},{"item":{"pretty":"(c ℓ : Level) → Set (suc c ⊔ suc ℓ)","thing":{"normalised":null,"original":{"contents":[{"item":{"contents":[{"Left":"Agda.Primitive.Level"},[]],"tag":"App"},"name":"c"},{"contents":[{"item":{"contents":[{"Left":"Agda.Primitive.Level"},[]],"tag":"App"},"name":"ℓ"},{"contents":"Set (lub (lsuc @1) (lsuc @0))","tag":"Sort"}],"tag":"Pi"}],"tag":"Pi"},"reduced":null,"simplified":null}},"name":"Algebra.Bundles.RawRing"},{"item":{"pretty":"(c ℓ : Level) → Set (suc c ⊔ suc ℓ)","thing":{"normalised":null,"original":{"contents":[{"item":{"contents":[{"Left":"Agda.Primitive.Level"},[]],"tag":"App"},"name":"c"},{"contents":[{"item":{"contents":[{"Left":"Agda.Primitive.Level"},[]],"tag":"App"},"name":"ℓ"},{"contents":"Set (lub (lsuc @1) (lsuc @0))","tag":"Sort"}],"tag":"Pi"}],"tag":"Pi"},"reduced":null,"simplified":null}},"name":"Algebra.Bundles.Ring"},{"item":{"pretty":"(c ℓ : Level) → Set (suc c ⊔ suc ℓ)","thing":{"normalised":null,"original":{"contents":[{"item":{"contents":[{"Left":"Agda.Primitive.Level"},[]],"tag":"App"},"name":"c"},{"contents":[{"item":{"contents":[{"Left":"Agda.Primitive.Level"},[]],"tag":"App"},"name":"ℓ"},{"contents":"Set (lub (lsuc @1) (lsuc @0))","tag":"Sort"}],"tag":"Pi"}],"tag":"Pi"},"reduced":null,"simplified":null}},"name":"Algebra.Bundles.CommutativeRing"},{"item":{"pretty":"(c ℓ : Level) → Set (suc c ⊔ suc ℓ)","thing":{"normalised":null,"original":{"contents":[{"item":{"contents":[{"Left":"Agda.Primitive.Level"},[]],"tag":"App"},"name":"c"},{"contents":[{"item":{"contents":[{"Left":"Agda.Primitive.Level"},[]],"tag":"App"},"name":"ℓ"},{"contents":"Set (lub (lsuc @1) (lsuc @0))","tag":"Sort"}],"tag":"Pi"}],"tag":"Pi"},"reduced":null,"simplified":null}},"name":"Algebra.Bundles.BooleanAlgebra"},{"item":{"pretty":"(c ℓ : Level) → Set (suc c ⊔ suc ℓ)","thing":{"normalised":null,"original":{"contents":[{"item":{"contents":[{"Left":"Agda.Primitive.Level"},[]],"tag":"App"},"name":"c"},{"contents":[{"item":{"contents":[{"Left":"Agda.Primitive.Level"},[]],"tag":"App"},"name":"ℓ"},{"contents":"Set (lub (lsuc @1) (lsuc @0))","tag":"Sort"}],"tag":"Pi"}],"tag":"Pi"},"reduced":null,"simplified":null}},"name":"Algebra.Bundles.RawSemigroup"},{"item":{"pretty":"{r ℓr : Level} (commutativeSemiring : CommutativeSemiring r ℓr)\n(m ℓm : Level) →\nSet (r ⊔ ℓr ⊔ suc m ⊔ suc ℓm)","thing":{"normalised":null,"original":{"contents":[{"item":{"contents":[{"Left":"Agda.Primitive.Level"},[]],"tag":"App"},"name":"r"},{"contents":[{"item":{"contents":[{"Left":"Agda.Primitive.Level"},[]],"tag":"App"},"name":"ℓr"},{"contents":[{"item":{"contents":[{"Left":"Algebra.Bundles.CommutativeSemiring"},[{"contents":[{"Right":1},[]],"tag":"App"},{"contents":[{"Right":0},[]],"tag":"App"}]],"tag":"App"},"name":"commutativeSemiring"},{"contents":[{"item":{"contents":[{"Left":"Agda.Primitive.Level"},[]],"tag":"App"},"name":"m"},{"contents":[{"item":{"contents":[{"Left":"Agda.Primitive.Level"},[]],"tag":"App"},"name":"ℓm"},{"contents":"Set (lub @4 lub @3 lub (lsuc @1) (lsuc @0))","tag":"Sort"}],"tag":"Pi"}],"tag":"Pi"}],"tag":"Pi"}],"tag":"Pi"}],"tag":"Pi"},"reduced":null,"simplified":null}},"name":"Algebra.Module.Bundles.Semimodule"},{"item":{"pretty":"{r ℓr : Level} (commutativeRing : CommutativeRing r ℓr)\n(m ℓm : Level) →\nSet (r ⊔ ℓr ⊔ suc m ⊔ suc ℓm)","thing":{"normalised":null,"original":{"contents":[{"item":{"contents":[{"Left":"Agda.Primitive.Level"},[]],"tag":"App"},"name":"r"},{"contents":[{"item":{"contents":[{"Left":"Agda.Primitive.Level"},[]],"tag":"App"},"name":"ℓr"},{"contents":[{"item":{"contents":[{"Left":"Algebra.Bundles.CommutativeRing"},[{"contents":[{"Right":1},[]],"tag":"App"},{"contents":[{"Right":0},[]],"tag":"App"}]],"tag":"App"},"name":"commutativeRing"},{"contents":[{"item":{"contents":[{"Left":"Agda.Primitive.Level"},[]],"tag":"App"},"name":"m"},{"contents":[{"item":{"contents":[{"Left":"Agda.Primitive.Level"},[]],"tag":"App"},"name":"ℓm"},{"contents":"Set (lub @4 lub @3 lub (lsuc @1) (lsuc @0))","tag":"Sort"}],"tag":"Pi"}],"tag":"Pi"}],"tag":"Pi"}],"tag":"Pi"}],"tag":"Pi"},"reduced":null,"simplified":null}},"name":"Algebra.Module.Bundles.Module"}],"name":"Algebra.Module.Construct.TensorUnit"},"samples":[{"ctx":{"pretty":"{c : Level} {ℓ : Level} {R : Semiring c ℓ}","thing":[{"item":{"contents":[{"Left":"Agda.Primitive.Level"},[]],"tag":"App"},"name":"c"},{"item":{"contents":[{"Left":"Agda.Primitive.Level"},[]],"tag":"App"},"name":"ℓ"},{"item":{"contents":[{"Left":"Algebra.Bundles.Semiring"},[{"contents":[{"Right":1},[]],"tag":"App"},{"contents":[{"Right":0},[]],"tag":"App"}]],"tag":"App"},"name":"R"}]},"goal":{"pretty":"Algebra.Core.Opₗ (Semiring.Carrier R) (Semiring.Carrier R)","thing":{"normalised":{"contents":[{"item":{"contents":[{"Right":0},[{"contents":[{"Left":"Algebra.Bundles.Semiring.Carrier"},[]],"tag":"App"}]],"tag":"App"},"name":"_"},{"contents":[{"item":{"contents":[{"Right":0},[{"contents":[{"Left":"Algebra.Bundles.Semiring.Carrier"},[]],"tag":"App"}]],"tag":"App"},"name":"_"},{"contents":[{"Right":0},[{"contents":[{"Left":"Algebra.Bundles.Semiring.Carrier"},[]],"tag":"App"}]],"tag":"App"}],"tag":"Pi"}],"tag":"Pi"},"original":{"contents":[{"Left":"Algebra.Core.Opₗ"},[{"contents":[{"Right":2},[]],"tag":"App"},{"contents":[{"Right":2},[]],"tag":"App"},{"contents":[{"Left":"Algebra.Module.Bundles.R.Carrier"},[{"contents":[{"Right":2},[]],"tag":"App"},{"contents":[{"Right":1},[]],"tag":"App"},{"contents":[{"Right":2},[]],"tag":"App"},{"contents":[{"Right":1},[]],"tag":"App"},{"contents":[{"Right":0},[]],"tag":"App"},{"contents":[{"Right":0},[]],"tag":"App"},{"contents":[{"Right":2},[]],"tag":"App"},{"contents":[{"Right":1},[]],"tag":"App"}]],"tag":"App"},{"contents":[{"Right":0},[{"contents":[{"Left":"Algebra.Bundles.Semiring.Carrier"},[]],"tag":"App"}]],"tag":"App"}]],"tag":"App"},"reduced":{"contents":[{"item":{"contents":[{"Left":"Algebra.Module.Bundles.R.Carrier"},[{"contents":[{"Right":2},[]],"tag":"App"},{"contents":[{"Right":1},[]],"tag":"App"},{"contents":[{"Right":2},[]],"tag":"App"},{"contents":[{"Right":1},[]],"tag":"App"},{"contents":[{"Right":0},[]],"tag":"App"},{"contents":[{"Right":0},[]],"tag":"App"},{"contents":[{"Right":2},[]],"tag":"App"},{"contents":[{"Right":1},[]],"tag":"App"}]],"tag":"App"},"name":"_"},{"contents":[{"item":{"contents":[{"Right":0},[{"contents":[{"Left":"Algebra.Bundles.Semiring.Carrier"},[]],"tag":"App"}]],"tag":"App"},"name":"_"},{"contents":[{"Right":0},[{"contents":[{"Left":"Algebra.Bundles.Semiring.Carrier"},[]],"tag":"App"}]],"tag":"App"}],"tag":"Pi"}],"tag":"Pi"},"simplified":null}},"term":{"pretty":"LeftSemimodule._*ₗ_ leftSemimodule","thing":{"normalised":{"contents":[{"Right":0},[{"contents":[{"Left":"Algebra.Bundles.Semiring._*_"},[]],"tag":"App"}]],"tag":"App"},"original":{"contents":[{"Left":"Algebra.Module.Construct.TensorUnit.leftSemimodule"},[{"contents":[{"Right":2},[]],"tag":"App"},{"contents":[{"Right":1},[]],"tag":"App"},{"contents":[{"Right":0},[]],"tag":"App"},{"contents":[{"Left":"Algebra.Module.Bundles.LeftSemimodule._*ₗ_"},[]],"tag":"App"}]],"tag":"App"},"reduced":{"contents":[{"Right":0},[{"contents":[{"Left":"Algebra.Bundles.Semiring._*_"},[]],"tag":"App"}]],"tag":"App"},"simplified":{"contents":[{"Right":0},[{"contents":[{"Left":"Algebra.Bundles.Semiring._*_"},[]],"tag":"App"}]],"tag":"App"}}},"namesUsed":["Algebra.Module.Construct.TensorUnit.leftSemimodule"]},{"ctx":{"pretty":"{c : Level} {ℓ : Level} {R = R₁ : Semiring c ℓ}","thing":[{"item":{"contents":[{"Left":"Agda.Primitive.Level"},[]],"tag":"App"},"name":"c"},{"item":{"contents":[{"Left":"Agda.Primitive.Level"},[]],"tag":"App"},"name":"ℓ"},{"item":{"contents":[{"Left":"Algebra.Bundles.Semiring"},[{"contents":[{"Right":1},[]],"tag":"App"},{"contents":[{"Right":0},[]],"tag":"App"}]],"tag":"App"},"name":"R"}]},"goal":{"pretty":"Algebra.Core.Opᵣ (Semiring.Carrier R) (Semiring.Carrier R)","thing":{"normalised":{"contents":[{"item":{"contents":[{"Right":0},[{"contents":[{"Left":"Algebra.Bundles.Semiring.Carrier"},[]],"tag":"App"}]],"tag":"App"},"name":"_"},{"contents":[{"item":{"contents":[{"Right":0},[{"contents":[{"Left":"Algebra.Bundles.Semiring.Carrier"},[]],"tag":"App"}]],"tag":"App"},"name":"_"},{"contents":[{"Right":0},[{"contents":[{"Left":"Algebra.Bundles.Semiring.Carrier"},[]],"tag":"App"}]],"tag":"App"}],"tag":"Pi"}],"tag":"Pi"},"original":{"contents":[{"Left":"Algebra.Core.Opᵣ"},[{"contents":[{"Right":2},[]],"tag":"App"},{"contents":[{"Right":2},[]],"tag":"App"},{"contents":[{"Left":"Algebra.Module.Bundles.S.Carrier"},[{"contents":[{"Right":2},[]],"tag":"App"},{"contents":[{"Right":1},[]],"tag":"App"},{"contents":[{"Right":2},[]],"tag":"App"},{"contents":[{"Right":1},[]],"tag":"App"},{"contents":[{"Right":0},[]],"tag":"App"},{"contents":[{"Right":0},[]],"tag":"App"},{"contents":[{"Right":2},[]],"tag":"App"},{"contents":[{"Right":1},[]],"tag":"App"}]],"tag":"App"},{"contents":[{"Right":0},[{"contents":[{"Left":"Algebra.Bundles.Semiring.Carrier"},[]],"tag":"App"}]],"tag":"App"}]],"tag":"App"},"reduced":{"contents":[{"item":{"contents":[{"Right":0},[{"contents":[{"Left":"Algebra.Bundles.Semiring.Carrier"},[]],"tag":"App"}]],"tag":"App"},"name":"_"},{"contents":[{"item":{"contents":[{"Left":"Algebra.Module.Bundles.S.Carrier"},[{"contents":[{"Right":2},[]],"tag":"App"},{"contents":[{"Right":1},[]],"tag":"App"},{"contents":[{"Right":2},[]],"tag":"App"},{"contents":[{"Right":1},[]],"tag":"App"},{"contents":[{"Right":0},[]],"tag":"App"},{"contents":[{"Right":0},[]],"tag":"App"},{"contents":[{"Right":2},[]],"tag":"App"},{"contents":[{"Right":1},[]],"tag":"App"}]],"tag":"App"},"name":"_"},{"contents":[{"Right":0},[{"contents":[{"Left":"Algebra.Bundles.Semiring.Carrier"},[]],"tag":"App"}]],"tag":"App"}],"tag":"Pi"}],"tag":"Pi"},"simplified":null}},"term":{"pretty":"RightSemimodule._*ᵣ_ rightSemimodule","thing":{"normalised":{"contents":[{"Right":0},[{"contents":[{"Left":"Algebra.Bundles.Semiring._*_"},[]],"tag":"App"}]],"tag":"App"},"original":{"contents":[{"Left":"Algebra.Module.Construct.TensorUnit.rightSemimodule"},[{"contents":[{"Right":2},[]],"tag":"App"},{"contents":[{"Right":1},[]],"tag":"App"},{"contents":[{"Right":0},[]],"tag":"App"},{"contents":[{"Left":"Algebra.Module.Bundles.RightSemimodule._*ᵣ_"},[]],"tag":"App"}]],"tag":"App"},"reduced":{"contents":[{"Right":0},[{"contents":[{"Left":"Algebra.Bundles.Semiring._*_"},[]],"tag":"App"}]],"tag":"App"},"simplified":{"contents":[{"Right":0},[{"contents":[{"Left":"Algebra.Bundles.Semiring._*_"},[]],"tag":"App"}]],"tag":"App"}}},"namesUsed":["Algebra.Module.Construct.TensorUnit.rightSemimodule"]},{"ctx":{"pretty":"{c : Level} {ℓ : Level} {R = R₁ : Semiring c ℓ}","thing":[{"item":{"contents":[{"Left":"Agda.Primitive.Level"},[]],"tag":"App"},"name":"c"},{"item":{"contents":[{"Left":"Agda.Primitive.Level"},[]],"tag":"App"},"name":"ℓ"},{"item":{"contents":[{"Left":"Algebra.Bundles.Semiring"},[{"contents":[{"Right":1},[]],"tag":"App"},{"contents":[{"Right":0},[]],"tag":"App"}]],"tag":"App"},"name":"R"}]},"goal":{"pretty":"Algebra.Module.Structures.IsPreleftSemimodule R (Semiring._≈_ R)\n(Semiring._+_ R) (Semiring.0# R)\n(LeftSemimodule._*ₗ_ leftSemimodule)","thing":{"normalised":{"contents":[{"Left":"Algebra.Module.Structures._.IsPreleftSemimodule"},[{"contents":[{"Right":2},[]],"tag":"App"},{"contents":[{"Right":1},[]],"tag":"App"},{"contents":[{"Right":2},[]],"tag":"App"},{"contents":[{"Right":0},[{"contents":[{"Left":"Algebra.Bundles.Semiring.Carrier"},[]],"tag":"App"}]],"tag":"App"},{"contents":[{"Right":1},[]],"tag":"App"},{"contents":[{"Right":0},[]],"tag":"App"},{"contents":[{"Right":0},[{"contents":[{"Left":"Algebra.Bundles.Semiring._≈_"},[]],"tag":"App"}]],"tag":"App"},{"contents":[{"Right":0},[{"contents":[{"Left":"Algebra.Bundles.Semiring._+_"},[]],"tag":"App"}]],"tag":"App"},{"contents":[{"Right":0},[{"contents":[{"Left":"Algebra.Bundles.Semiring.0#"},[]],"tag":"App"}]],"tag":"App"},{"contents":[{"Right":0},[{"contents":[{"Left":"Algebra.Bundles.Semiring._*_"},[]],"tag":"App"}]],"tag":"App"}]],"tag":"App"},"original":{"contents":[{"Left":"Algebra.Module.Structures._.IsPreleftSemimodule"},[{"contents":[{"Right":2},[]],"tag":"App"},{"contents":[{"Right":1},[]],"tag":"App"},{"contents":[{"Right":2},[]],"tag":"App"},{"contents":[{"Right":0},[{"contents":[{"Left":"Algebra.Bundles.Semiring.Carrier"},[]],"tag":"App"}]],"tag":"App"},{"contents":[{"Right":1},[]],"tag":"App"},{"contents":[{"Right":0},[]],"tag":"App"},{"contents":[{"Right":0},[{"contents":[{"Left":"Algebra.Bundles.Semiring._≈_"},[]],"tag":"App"}]],"tag":"App"},{"contents":[{"Right":0},[{"contents":[{"Left":"Algebra.Bundles.Semiring._+_"},[]],"tag":"App"}]],"tag":"App"},{"contents":[{"Right":0},[{"contents":[{"Left":"Algebra.Bundles.Semiring.0#"},[]],"tag":"App"}]],"tag":"App"},{"contents":[{"Left":"Algebra.Module.Construct.TensorUnit.leftSemimodule"},[{"contents":[{"Right":2},[]],"tag":"App"},{"contents":[{"Right":1},[]],"tag":"App"},{"contents":[{"Right":0},[]],"tag":"App"},{"contents":[{"Left":"Algebra.Module.Bundles.LeftSemimodule._*ₗ_"},[]],"tag":"App"}]],"tag":"App"}]],"tag":"App"},"reduced":null,"simplified":{"contents":[{"Left":"Algebra.Module.Structures._.IsPreleftSemimodule"},[{"contents":[{"Right":2},[]],"tag":"App"},{"contents":[{"Right":1},[]],"tag":"App"},{"contents":[{"Right":2},[]],"tag":"App"},{"contents":[{"Right":0},[{"contents":[{"Left":"Algebra.Bundles.Semiring.Carrier"},[]],"tag":"App"}]],"tag":"App"},{"contents":[{"Right":1},[]],"tag":"App"},{"contents":[{"Right":0},[]],"tag":"App"},{"contents":[{"Right":0},[{"contents":[{"Left":"Algebra.Bundles.Semiring._≈_"},[]],"tag":"App"}]],"tag":"App"},{"contents":[{"Right":0},[{"contents":[{"Left":"Algebra.Bundles.Semiring._+_"},[]],"tag":"App"}]],"tag":"App"},{"contents":[{"Right":0},[{"contents":[{"Left":"Algebra.Bundles.Semiring.0#"},[]],"tag":"App"}]],"tag":"App"},{"contents":[{"Right":0},[{"contents":[{"Left":"Algebra.Bundles.Semiring._*_"},[]],"tag":"App"}]],"tag":"App"}]],"tag":"App"}}},"term":{"pretty":"Algebra.Module.Structures.IsLeftSemimodule.isPreleftSemimodule\n(LeftSemimodule.isLeftSemimodule leftSemimodule)","thing":{"normalised":null,"original":{"contents":[{"Left":"Algebra.Module.Construct.TensorUnit.leftSemimodule"},[{"contents":[{"Right":2},[]],"tag":"App"},{"contents":[{"Right":1},[]],"tag":"App"},{"contents":[{"Right":0},[]],"tag":"App"},{"contents":[{"Left":"Algebra.Module.Bundles.LeftSemimodule.isLeftSemimodule"},[]],"tag":"App"},{"contents":[{"Left":"Algebra.Module.Structures._.IsLeftSemimodule.isPreleftSemimodule"},[]],"tag":"App"}]],"tag":"App"},"reduced":null,"simplified":null}},"namesUsed":["Algebra.Module.Construct.TensorUnit.leftSemimodule"]},{"ctx":{"pretty":"{c : Level} {ℓ : Level} {R = R₁ : Semiring c ℓ}","thing":[{"item":{"contents":[{"Left":"Agda.Primitive.Level"},[]],"tag":"App"},"name":"c"},{"item":{"contents":[{"Left":"Agda.Primitive.Level"},[]],"tag":"App"},"name":"ℓ"},{"item":{"contents":[{"Left":"Algebra.Bundles.Semiring"},[{"contents":[{"Right":1},[]],"tag":"App"},{"contents":[{"Right":0},[]],"tag":"App"}]],"tag":"App"},"name":"R"}]},"goal":{"pretty":"Algebra.Module.Structures.IsPrerightSemimodule R (Semiring._≈_ R)\n(Semiring._+_ R) (Semiring.0# R)\n(RightSemimodule._*ᵣ_ rightSemimodule)","thing":{"normalised":{"contents":[{"Left":"Algebra.Module.Structures._.IsPrerightSemimodule"},[{"contents":[{"Right":2},[]],"tag":"App"},{"contents":[{"Right":1},[]],"tag":"App"},{"contents":[{"Right":2},[]],"tag":"App"},{"contents":[{"Right":0},[{"contents":[{"Left":"Algebra.Bundles.Semiring.Carrier"},[]],"tag":"App"}]],"tag":"App"},{"contents":[{"Right":1},[]],"tag":"App"},{"contents":[{"Right":0},[]],"tag":"App"},{"contents":[{"Right":0},[{"contents":[{"Left":"Algebra.Bundles.Semiring._≈_"},[]],"tag":"App"}]],"tag":"App"},{"contents":[{"Right":0},[{"contents":[{"Left":"Algebra.Bundles.Semiring._+_"},[]],"tag":"App"}]],"tag":"App"},{"contents":[{"Right":0},[{"contents":[{"Left":"Algebra.Bundles.Semiring.0#"},[]],"tag":"App"}]],"tag":"App"},{"contents":[{"Right":0},[{"contents":[{"Left":"Algebra.Bundles.Semiring._*_"},[]],"tag":"App"}]],"tag":"App"}]],"tag":"App"},"original":{"contents":[{"Left":"Algebra.Module.Structures._.IsPrerightSemimodule"},[{"contents":[{"Right":2},[]],"tag":"App"},{"contents":[{"Right":1},[]],"tag":"App"},{"contents":[{"Right":2},[]],"tag":"App"},{"contents":[{"Right":0},[{"contents":[{"Left":"Algebra.Bundles.Semiring.Carrier"},[]],"tag":"App"}]],"tag":"App"},{"contents":[{"Right":1},[]],"tag":"App"},{"contents":[{"Right":0},[]],"tag":"App"},{"contents":[{"Right":0},[{"contents":[{"Left":"Algebra.Bundles.Semiring._≈_"},[]],"tag":"App"}]],"tag":"App"},{"contents":[{"Right":0},[{"contents":[{"Left":"Algebra.Bundles.Semiring._+_"},[]],"tag":"App"}]],"tag":"App"},{"contents":[{"Right":0},[{"contents":[{"Left":"Algebra.Bundles.Semiring.0#"},[]],"tag":"App"}]],"tag":"App"},{"contents":[{"Left":"Algebra.Module.Construct.TensorUnit.rightSemimodule"},[{"contents":[{"Right":2},[]],"tag":"App"},{"contents":[{"Right":1},[]],"tag":"App"},{"contents":[{"Right":0},[]],"tag":"App"},{"contents":[{"Left":"Algebra.Module.Bundles.RightSemimodule._*ᵣ_"},[]],"tag":"App"}]],"tag":"App"}]],"tag":"App"},"reduced":null,"simplified":{"contents":[{"Left":"Algebra.Module.Structures._.IsPrerightSemimodule"},[{"contents":[{"Right":2},[]],"tag":"App"},{"contents":[{"Right":1},[]],"tag":"App"},{"contents":[{"Right":2},[]],"tag":"App"},{"contents":[{"Right":0},[{"contents":[{"Left":"Algebra.Bundles.Semiring.Carrier"},[]],"tag":"App"}]],"tag":"App"},{"contents":[{"Right":1},[]],"tag":"App"},{"contents":[{"Right":0},[]],"tag":"App"},{"contents":[{"Right":0},[{"contents":[{"Left":"Algebra.Bundles.Semiring._≈_"},[]],"tag":"App"}]],"tag":"App"},{"contents":[{"Right":0},[{"contents":[{"Left":"Algebra.Bundles.Semiring._+_"},[]],"tag":"App"}]],"tag":"App"},{"contents":[{"Right":0},[{"contents":[{"Left":"Algebra.Bundles.Semiring.0#"},[]],"tag":"App"}]],"tag":"App"},{"contents":[{"Right":0},[{"contents":[{"Left":"Algebra.Bundles.Semiring._*_"},[]],"tag":"App"}]],"tag":"App"}]],"tag":"App"}}},"term":{"pretty":"Algebra.Module.Structures.IsRightSemimodule.isPrerightSemimodule\n(RightSemimodule.isRightSemimodule rightSemimodule)","thing":{"normalised":null,"original":{"contents":[{"Left":"Algebra.Module.Construct.TensorUnit.rightSemimodule"},[{"contents":[{"Right":2},[]],"tag":"App"},{"contents":[{"Right":1},[]],"tag":"App"},{"contents":[{"Right":0},[]],"tag":"App"},{"contents":[{"Left":"Algebra.Module.Bundles.RightSemimodule.isRightSemimodule"},[]],"tag":"App"},{"contents":[{"Left":"Algebra.Module.Structures._.IsRightSemimodule.isPrerightSemimodule"},[]],"tag":"App"}]],"tag":"App"},"reduced":null,"simplified":null}},"namesUsed":["Algebra.Module.Construct.TensorUnit.rightSemimodule"]}]}