{"scope":{"item":[{"item":{"pretty":"{a ℓ : Agda.Primitive.Level} (S : Semiring a ℓ) →\nℕ.ℕ →\nRawMonoid.Carrier\n(Monoid.rawMonoid\n (SemiringWithoutAnnihilatingZero.+-monoid\n  (Semiring.semiringWithoutAnnihilatingZero S))) →\nRawMonoid.Carrier\n(Monoid.rawMonoid\n (SemiringWithoutAnnihilatingZero.+-monoid\n  (Semiring.semiringWithoutAnnihilatingZero S)))","thing":{"normalised":{"contents":[{"item":{"contents":[{"Left":"Agda.Primitive.Level"},[]],"tag":"App"},"name":"a"},{"contents":[{"item":{"contents":[{"Left":"Agda.Primitive.Level"},[]],"tag":"App"},"name":"ℓ"},{"contents":[{"item":{"contents":[{"Left":"Algebra.Bundles.Semiring"},[{"contents":[{"Right":1},[]],"tag":"App"},{"contents":[{"Right":0},[]],"tag":"App"}]],"tag":"App"},"name":"S"},{"contents":[{"item":{"contents":[{"Left":"Agda.Builtin.Nat.Nat"},[]],"tag":"App"},"name":"_"},{"contents":[{"item":{"contents":[{"Right":0},[{"contents":[{"Left":"Algebra.Bundles.Semiring.Carrier"},[]],"tag":"App"}]],"tag":"App"},"name":"_"},{"contents":[{"Right":0},[{"contents":[{"Left":"Algebra.Bundles.Semiring.Carrier"},[]],"tag":"App"}]],"tag":"App"}],"tag":"Pi"}],"tag":"Pi"}],"tag":"Pi"}],"tag":"Pi"}],"tag":"Pi"},"original":{"contents":[{"item":{"contents":[{"Left":"Agda.Primitive.Level"},[]],"tag":"App"},"name":"a"},{"contents":[{"item":{"contents":[{"Left":"Agda.Primitive.Level"},[]],"tag":"App"},"name":"ℓ"},{"contents":[{"item":{"contents":[{"Left":"Algebra.Bundles.Semiring"},[{"contents":[{"Right":1},[]],"tag":"App"},{"contents":[{"Right":0},[]],"tag":"App"}]],"tag":"App"},"name":"S"},{"contents":[{"item":{"contents":[{"Left":"Agda.Builtin.Nat.Nat"},[]],"tag":"App"},"name":"_"},{"contents":[{"item":{"contents":[{"Left":"Algebra.Bundles.Monoid.rawMonoid"},[{"contents":[{"Right":2},[]],"tag":"App"},{"contents":[{"Right":1},[]],"tag":"App"},{"contents":[{"Left":"Algebra.Bundles.SemiringWithoutAnnihilatingZero._.monoid"},[{"contents":[{"Right":2},[]],"tag":"App"},{"contents":[{"Right":1},[]],"tag":"App"},{"contents":[{"Left":"Algebra.Bundles.Semiring.semiringWithoutAnnihilatingZero"},[{"contents":[{"Right":2},[]],"tag":"App"},{"contents":[{"Right":1},[]],"tag":"App"},{"contents":[{"Right":0},[]],"tag":"App"}]],"tag":"App"}]],"tag":"App"},{"contents":[{"Left":"Algebra.Bundles.RawMonoid.Carrier"},[]],"tag":"App"}]],"tag":"App"},"name":"_"},{"contents":[{"Left":"Algebra.Bundles.Monoid.rawMonoid"},[{"contents":[{"Right":2},[]],"tag":"App"},{"contents":[{"Right":1},[]],"tag":"App"},{"contents":[{"Left":"Algebra.Bundles.SemiringWithoutAnnihilatingZero._.monoid"},[{"contents":[{"Right":2},[]],"tag":"App"},{"contents":[{"Right":1},[]],"tag":"App"},{"contents":[{"Left":"Algebra.Bundles.Semiring.semiringWithoutAnnihilatingZero"},[{"contents":[{"Right":2},[]],"tag":"App"},{"contents":[{"Right":1},[]],"tag":"App"},{"contents":[{"Right":0},[]],"tag":"App"}]],"tag":"App"}]],"tag":"App"},{"contents":[{"Left":"Algebra.Bundles.RawMonoid.Carrier"},[]],"tag":"App"}]],"tag":"App"}],"tag":"Pi"}],"tag":"Pi"}],"tag":"Pi"}],"tag":"Pi"}],"tag":"Pi"},"reduced":null,"simplified":{"contents":[{"item":{"contents":[{"Left":"Agda.Primitive.Level"},[]],"tag":"App"},"name":"a"},{"contents":[{"item":{"contents":[{"Left":"Agda.Primitive.Level"},[]],"tag":"App"},"name":"ℓ"},{"contents":[{"item":{"contents":[{"Left":"Algebra.Bundles.Semiring"},[{"contents":[{"Right":1},[]],"tag":"App"},{"contents":[{"Right":0},[]],"tag":"App"}]],"tag":"App"},"name":"S"},{"contents":[{"item":{"contents":[{"Left":"Agda.Builtin.Nat.Nat"},[]],"tag":"App"},"name":"_"},{"contents":[{"item":{"contents":[{"Left":"Algebra.Bundles.SemiringWithoutAnnihilatingZero._.monoid"},[{"contents":[{"Right":2},[]],"tag":"App"},{"contents":[{"Right":1},[]],"tag":"App"},{"contents":[{"Left":"Algebra.Bundles.Semiring.semiringWithoutAnnihilatingZero"},[{"contents":[{"Right":2},[]],"tag":"App"},{"contents":[{"Right":1},[]],"tag":"App"},{"contents":[{"Right":0},[]],"tag":"App"}]],"tag":"App"},{"contents":[{"Left":"Algebra.Bundles.Monoid.Carrier"},[]],"tag":"App"}]],"tag":"App"},"name":"_"},{"contents":[{"Left":"Algebra.Bundles.SemiringWithoutAnnihilatingZero._.monoid"},[{"contents":[{"Right":2},[]],"tag":"App"},{"contents":[{"Right":1},[]],"tag":"App"},{"contents":[{"Left":"Algebra.Bundles.Semiring.semiringWithoutAnnihilatingZero"},[{"contents":[{"Right":2},[]],"tag":"App"},{"contents":[{"Right":1},[]],"tag":"App"},{"contents":[{"Right":0},[]],"tag":"App"}]],"tag":"App"},{"contents":[{"Left":"Algebra.Bundles.Monoid.Carrier"},[]],"tag":"App"}]],"tag":"App"}],"tag":"Pi"}],"tag":"Pi"}],"tag":"Pi"}],"tag":"Pi"}],"tag":"Pi"}}},"name":"Algebra.Properties.Semiring.Mult.TCOptimised._._×′_"},{"item":{"pretty":"{a ℓ : Agda.Primitive.Level} (S : Semiring a ℓ) (n : ℕ.ℕ)\n(x\n : RawMonoid.Carrier\n   (Monoid.rawMonoid\n    (SemiringWithoutAnnihilatingZero.+-monoid\n     (Semiring.semiringWithoutAnnihilatingZero S)))) →\n(SemiringWithoutAnnihilatingZero.+-monoid\n (Semiring.semiringWithoutAnnihilatingZero S)\n Monoid.≈\n (Monoid.rawMonoid\n  (SemiringWithoutAnnihilatingZero.+-monoid\n   (Semiring.semiringWithoutAnnihilatingZero S))\n  Algebra.Definitions.RawMonoid.×′ suc n)\n x)\n((SemiringWithoutAnnihilatingZero.+-monoid\n  (Semiring.semiringWithoutAnnihilatingZero S)\n  Monoid.∙ x)\n ((Monoid.rawMonoid\n   (SemiringWithoutAnnihilatingZero.+-monoid\n    (Semiring.semiringWithoutAnnihilatingZero S))\n   Algebra.Definitions.RawMonoid.×′ n)\n  x))","thing":{"normalised":{"contents":[{"item":{"contents":[{"Left":"Agda.Primitive.Level"},[]],"tag":"App"},"name":"a"},{"contents":[{"item":{"contents":[{"Left":"Agda.Primitive.Level"},[]],"tag":"App"},"name":"ℓ"},{"contents":[{"item":{"contents":[{"Left":"Algebra.Bundles.Semiring"},[{"contents":[{"Right":1},[]],"tag":"App"},{"contents":[{"Right":0},[]],"tag":"App"}]],"tag":"App"},"name":"S"},{"contents":[{"item":{"contents":[{"Left":"Agda.Builtin.Nat.Nat"},[]],"tag":"App"},"name":"n"},{"contents":[{"item":{"contents":[{"Right":1},[{"contents":[{"Left":"Algebra.Bundles.Semiring.Carrier"},[]],"tag":"App"}]],"tag":"App"},"name":"x"},{"contents":[{"Right":2},[{"contents":[{"Left":"Algebra.Bundles.Semiring._≈_"},[]],"tag":"App"},{"contents":[{"Left":"Algebra.Definitions.RawMonoid._×′_"},[{"contents":[{"Right":4},[]],"tag":"App"},{"contents":[{"Right":3},[]],"tag":"App"},{"contents":[{"Left":"Algebra.Bundles.Monoid.rawMonoid"},[{"contents":[{"Right":4},[]],"tag":"App"},{"contents":[{"Right":3},[]],"tag":"App"},{"contents":[{"Left":"Algebra.Bundles.CommutativeMonoid.monoid"},[{"contents":[{"Right":4},[]],"tag":"App"},{"contents":[{"Right":3},[]],"tag":"App"},{"contents":[{"Left":"Algebra.Bundles.SemiringWithoutAnnihilatingZero.+-commutativeMonoid"},[{"contents":[{"Right":4},[]],"tag":"App"},{"contents":[{"Right":3},[]],"tag":"App"},{"contents":[{"Left":"Algebra.Bundles.Semiring.semiringWithoutAnnihilatingZero"},[{"contents":[{"Right":4},[]],"tag":"App"},{"contents":[{"Right":3},[]],"tag":"App"},{"contents":[{"Right":2},[]],"tag":"App"}]],"tag":"App"}]],"tag":"App"}]],"tag":"App"}]],"tag":"App"},{"contents":[{"Left":"Agda.Builtin.Nat.Nat.suc"},[{"contents":[{"Right":1},[]],"tag":"App"}]],"tag":"App"},{"contents":[{"Right":0},[]],"tag":"App"}]],"tag":"App"},{"contents":[{"Right":2},[{"contents":[{"Left":"Algebra.Bundles.Semiring._+_"},[]],"tag":"App"},{"contents":[{"Right":0},[]],"tag":"App"},{"contents":[{"Left":"Algebra.Definitions.RawMonoid._×′_"},[{"contents":[{"Right":4},[]],"tag":"App"},{"contents":[{"Right":3},[]],"tag":"App"},{"contents":[{"Left":"Algebra.Bundles.Monoid.rawMonoid"},[{"contents":[{"Right":4},[]],"tag":"App"},{"contents":[{"Right":3},[]],"tag":"App"},{"contents":[{"Left":"Algebra.Bundles.CommutativeMonoid.monoid"},[{"contents":[{"Right":4},[]],"tag":"App"},{"contents":[{"Right":3},[]],"tag":"App"},{"contents":[{"Left":"Algebra.Bundles.SemiringWithoutAnnihilatingZero.+-commutativeMonoid"},[{"contents":[{"Right":4},[]],"tag":"App"},{"contents":[{"Right":3},[]],"tag":"App"},{"contents":[{"Left":"Algebra.Bundles.Semiring.semiringWithoutAnnihilatingZero"},[{"contents":[{"Right":4},[]],"tag":"App"},{"contents":[{"Right":3},[]],"tag":"App"},{"contents":[{"Right":2},[]],"tag":"App"}]],"tag":"App"}]],"tag":"App"}]],"tag":"App"}]],"tag":"App"},{"contents":[{"Right":1},[]],"tag":"App"},{"contents":[{"Right":0},[]],"tag":"App"}]],"tag":"App"}]],"tag":"App"}]],"tag":"App"}],"tag":"Pi"}],"tag":"Pi"}],"tag":"Pi"}],"tag":"Pi"}],"tag":"Pi"},"original":{"contents":[{"item":{"contents":[{"Left":"Agda.Primitive.Level"},[]],"tag":"App"},"name":"a"},{"contents":[{"item":{"contents":[{"Left":"Agda.Primitive.Level"},[]],"tag":"App"},"name":"ℓ"},{"contents":[{"item":{"contents":[{"Left":"Algebra.Bundles.Semiring"},[{"contents":[{"Right":1},[]],"tag":"App"},{"contents":[{"Right":0},[]],"tag":"App"}]],"tag":"App"},"name":"S"},{"contents":[{"item":{"contents":[{"Left":"Agda.Builtin.Nat.Nat"},[]],"tag":"App"},"name":"n"},{"contents":[{"item":{"contents":[{"Left":"Algebra.Bundles.Monoid.rawMonoid"},[{"contents":[{"Right":3},[]],"tag":"App"},{"contents":[{"Right":2},[]],"tag":"App"},{"contents":[{"Left":"Algebra.Bundles.SemiringWithoutAnnihilatingZero._.monoid"},[{"contents":[{"Right":3},[]],"tag":"App"},{"contents":[{"Right":2},[]],"tag":"App"},{"contents":[{"Left":"Algebra.Bundles.Semiring.semiringWithoutAnnihilatingZero"},[{"contents":[{"Right":3},[]],"tag":"App"},{"contents":[{"Right":2},[]],"tag":"App"},{"contents":[{"Right":1},[]],"tag":"App"}]],"tag":"App"}]],"tag":"App"},{"contents":[{"Left":"Algebra.Bundles.RawMonoid.Carrier"},[]],"tag":"App"}]],"tag":"App"},"name":"x"},{"contents":[{"Left":"Algebra.Bundles.SemiringWithoutAnnihilatingZero._.monoid"},[{"contents":[{"Right":4},[]],"tag":"App"},{"contents":[{"Right":3},[]],"tag":"App"},{"contents":[{"Left":"Algebra.Bundles.Semiring.semiringWithoutAnnihilatingZero"},[{"contents":[{"Right":4},[]],"tag":"App"},{"contents":[{"Right":3},[]],"tag":"App"},{"contents":[{"Right":2},[]],"tag":"App"}]],"tag":"App"},{"contents":[{"Left":"Algebra.Bundles.Monoid._≈_"},[]],"tag":"App"},{"contents":[{"Left":"Algebra.Properties.Monoid.Mult.TCOptimised._._×′_"},[{"contents":[{"Right":4},[]],"tag":"App"},{"contents":[{"Right":3},[]],"tag":"App"},{"contents":[{"Left":"Algebra.Bundles.SemiringWithoutAnnihilatingZero._.monoid"},[{"contents":[{"Right":4},[]],"tag":"App"},{"contents":[{"Right":3},[]],"tag":"App"},{"contents":[{"Left":"Algebra.Bundles.Semiring.semiringWithoutAnnihilatingZero"},[{"contents":[{"Right":4},[]],"tag":"App"},{"contents":[{"Right":3},[]],"tag":"App"},{"contents":[{"Right":2},[]],"tag":"App"}]],"tag":"App"}]],"tag":"App"},{"contents":[{"Left":"Agda.Builtin.Nat.Nat.suc"},[{"contents":[{"Right":1},[]],"tag":"App"}]],"tag":"App"},{"contents":[{"Right":0},[]],"tag":"App"}]],"tag":"App"},{"contents":[{"Left":"Algebra.Bundles.SemiringWithoutAnnihilatingZero._.monoid"},[{"contents":[{"Right":4},[]],"tag":"App"},{"contents":[{"Right":3},[]],"tag":"App"},{"contents":[{"Left":"Algebra.Bundles.Semiring.semiringWithoutAnnihilatingZero"},[{"contents":[{"Right":4},[]],"tag":"App"},{"contents":[{"Right":3},[]],"tag":"App"},{"contents":[{"Right":2},[]],"tag":"App"}]],"tag":"App"},{"contents":[{"Left":"Algebra.Bundles.Monoid._∙_"},[]],"tag":"App"},{"contents":[{"Right":0},[]],"tag":"App"},{"contents":[{"Left":"Algebra.Properties.Monoid.Mult.TCOptimised._._×′_"},[{"contents":[{"Right":4},[]],"tag":"App"},{"contents":[{"Right":3},[]],"tag":"App"},{"contents":[{"Left":"Algebra.Bundles.SemiringWithoutAnnihilatingZero._.monoid"},[{"contents":[{"Right":4},[]],"tag":"App"},{"contents":[{"Right":3},[]],"tag":"App"},{"contents":[{"Left":"Algebra.Bundles.Semiring.semiringWithoutAnnihilatingZero"},[{"contents":[{"Right":4},[]],"tag":"App"},{"contents":[{"Right":3},[]],"tag":"App"},{"contents":[{"Right":2},[]],"tag":"App"}]],"tag":"App"}]],"tag":"App"},{"contents":[{"Right":1},[]],"tag":"App"},{"contents":[{"Right":0},[]],"tag":"App"}]],"tag":"App"}]],"tag":"App"}]],"tag":"App"}],"tag":"Pi"}],"tag":"Pi"}],"tag":"Pi"}],"tag":"Pi"}],"tag":"Pi"},"reduced":null,"simplified":{"contents":[{"item":{"contents":[{"Left":"Agda.Primitive.Level"},[]],"tag":"App"},"name":"a"},{"contents":[{"item":{"contents":[{"Left":"Agda.Primitive.Level"},[]],"tag":"App"},"name":"ℓ"},{"contents":[{"item":{"contents":[{"Left":"Algebra.Bundles.Semiring"},[{"contents":[{"Right":1},[]],"tag":"App"},{"contents":[{"Right":0},[]],"tag":"App"}]],"tag":"App"},"name":"S"},{"contents":[{"item":{"contents":[{"Left":"Agda.Builtin.Nat.Nat"},[]],"tag":"App"},"name":"n"},{"contents":[{"item":{"contents":[{"Left":"Algebra.Bundles.SemiringWithoutAnnihilatingZero._.monoid"},[{"contents":[{"Right":3},[]],"tag":"App"},{"contents":[{"Right":2},[]],"tag":"App"},{"contents":[{"Left":"Algebra.Bundles.Semiring.semiringWithoutAnnihilatingZero"},[{"contents":[{"Right":3},[]],"tag":"App"},{"contents":[{"Right":2},[]],"tag":"App"},{"contents":[{"Right":1},[]],"tag":"App"}]],"tag":"App"},{"contents":[{"Left":"Algebra.Bundles.Monoid.Carrier"},[]],"tag":"App"}]],"tag":"App"},"name":"x"},{"contents":[{"Left":"Algebra.Bundles.SemiringWithoutAnnihilatingZero._.monoid"},[{"contents":[{"Right":4},[]],"tag":"App"},{"contents":[{"Right":3},[]],"tag":"App"},{"contents":[{"Left":"Algebra.Bundles.Semiring.semiringWithoutAnnihilatingZero"},[{"contents":[{"Right":4},[]],"tag":"App"},{"contents":[{"Right":3},[]],"tag":"App"},{"contents":[{"Right":2},[]],"tag":"App"}]],"tag":"App"},{"contents":[{"Left":"Algebra.Bundles.Monoid._≈_"},[]],"tag":"App"},{"contents":[{"Left":"Algebra.Properties.Monoid.Mult.TCOptimised._._×′_"},[{"contents":[{"Right":4},[]],"tag":"App"},{"contents":[{"Right":3},[]],"tag":"App"},{"contents":[{"Left":"Algebra.Bundles.SemiringWithoutAnnihilatingZero._.monoid"},[{"contents":[{"Right":4},[]],"tag":"App"},{"contents":[{"Right":3},[]],"tag":"App"},{"contents":[{"Left":"Algebra.Bundles.Semiring.semiringWithoutAnnihilatingZero"},[{"contents":[{"Right":4},[]],"tag":"App"},{"contents":[{"Right":3},[]],"tag":"App"},{"contents":[{"Right":2},[]],"tag":"App"}]],"tag":"App"}]],"tag":"App"},{"contents":[{"Left":"Agda.Builtin.Nat.Nat.suc"},[{"contents":[{"Right":1},[]],"tag":"App"}]],"tag":"App"},{"contents":[{"Right":0},[]],"tag":"App"}]],"tag":"App"},{"contents":[{"Left":"Algebra.Bundles.SemiringWithoutAnnihilatingZero._.monoid"},[{"contents":[{"Right":4},[]],"tag":"App"},{"contents":[{"Right":3},[]],"tag":"App"},{"contents":[{"Left":"Algebra.Bundles.Semiring.semiringWithoutAnnihilatingZero"},[{"contents":[{"Right":4},[]],"tag":"App"},{"contents":[{"Right":3},[]],"tag":"App"},{"contents":[{"Right":2},[]],"tag":"App"}]],"tag":"App"},{"contents":[{"Left":"Algebra.Bundles.Monoid._∙_"},[]],"tag":"App"},{"contents":[{"Right":0},[]],"tag":"App"},{"contents":[{"Left":"Algebra.Properties.Monoid.Mult.TCOptimised._._×′_"},[{"contents":[{"Right":4},[]],"tag":"App"},{"contents":[{"Right":3},[]],"tag":"App"},{"contents":[{"Left":"Algebra.Bundles.SemiringWithoutAnnihilatingZero._.monoid"},[{"contents":[{"Right":4},[]],"tag":"App"},{"contents":[{"Right":3},[]],"tag":"App"},{"contents":[{"Left":"Algebra.Bundles.Semiring.semiringWithoutAnnihilatingZero"},[{"contents":[{"Right":4},[]],"tag":"App"},{"contents":[{"Right":3},[]],"tag":"App"},{"contents":[{"Right":2},[]],"tag":"App"}]],"tag":"App"}]],"tag":"App"},{"contents":[{"Right":1},[]],"tag":"App"},{"contents":[{"Right":0},[]],"tag":"App"}]],"tag":"App"}]],"tag":"App"}]],"tag":"App"}],"tag":"Pi"}],"tag":"Pi"}],"tag":"Pi"}],"tag":"Pi"}],"tag":"Pi"}}},"name":"Algebra.Properties.Semiring.Mult.TCOptimised._.1+×"},{"item":{"pretty":"{a ℓ : Agda.Primitive.Level} (S : Semiring a ℓ)\n(x\n : RawMonoid.Carrier\n   (Monoid.rawMonoid\n    (SemiringWithoutAnnihilatingZero.+-monoid\n     (Semiring.semiringWithoutAnnihilatingZero S))))\n(m n : ℕ.ℕ) →\n(SemiringWithoutAnnihilatingZero.+-monoid\n (Semiring.semiringWithoutAnnihilatingZero S)\n Monoid.≈\n (Monoid.rawMonoid\n  (SemiringWithoutAnnihilatingZero.+-monoid\n   (Semiring.semiringWithoutAnnihilatingZero S))\n  Algebra.Definitions.RawMonoid.×′ m)\n ((Monoid.rawMonoid\n   (SemiringWithoutAnnihilatingZero.+-monoid\n    (Semiring.semiringWithoutAnnihilatingZero S))\n   Algebra.Definitions.RawMonoid.×′ n)\n  x))\n((Monoid.rawMonoid\n  (SemiringWithoutAnnihilatingZero.+-monoid\n   (Semiring.semiringWithoutAnnihilatingZero S))\n  Algebra.Definitions.RawMonoid.×′ (m ℕ.* n))\n x)","thing":{"normalised":{"contents":[{"item":{"contents":[{"Left":"Agda.Primitive.Level"},[]],"tag":"App"},"name":"a"},{"contents":[{"item":{"contents":[{"Left":"Agda.Primitive.Level"},[]],"tag":"App"},"name":"ℓ"},{"contents":[{"item":{"contents":[{"Left":"Algebra.Bundles.Semiring"},[{"contents":[{"Right":1},[]],"tag":"App"},{"contents":[{"Right":0},[]],"tag":"App"}]],"tag":"App"},"name":"S"},{"contents":[{"item":{"contents":[{"Right":0},[{"contents":[{"Left":"Algebra.Bundles.Semiring.Carrier"},[]],"tag":"App"}]],"tag":"App"},"name":"x"},{"contents":[{"item":{"contents":[{"Left":"Agda.Builtin.Nat.Nat"},[]],"tag":"App"},"name":"m"},{"contents":[{"item":{"contents":[{"Left":"Agda.Builtin.Nat.Nat"},[]],"tag":"App"},"name":"n"},{"contents":[{"Right":3},[{"contents":[{"Left":"Algebra.Bundles.Semiring._≈_"},[]],"tag":"App"},{"contents":[{"Left":"Algebra.Definitions.RawMonoid._×′_"},[{"contents":[{"Right":5},[]],"tag":"App"},{"contents":[{"Right":4},[]],"tag":"App"},{"contents":[{"Left":"Algebra.Bundles.Monoid.rawMonoid"},[{"contents":[{"Right":5},[]],"tag":"App"},{"contents":[{"Right":4},[]],"tag":"App"},{"contents":[{"Left":"Algebra.Bundles.CommutativeMonoid.monoid"},[{"contents":[{"Right":5},[]],"tag":"App"},{"contents":[{"Right":4},[]],"tag":"App"},{"contents":[{"Left":"Algebra.Bundles.SemiringWithoutAnnihilatingZero.+-commutativeMonoid"},[{"contents":[{"Right":5},[]],"tag":"App"},{"contents":[{"Right":4},[]],"tag":"App"},{"contents":[{"Left":"Algebra.Bundles.Semiring.semiringWithoutAnnihilatingZero"},[{"contents":[{"Right":5},[]],"tag":"App"},{"contents":[{"Right":4},[]],"tag":"App"},{"contents":[{"Right":3},[]],"tag":"App"}]],"tag":"App"}]],"tag":"App"}]],"tag":"App"}]],"tag":"App"},{"contents":[{"Right":1},[]],"tag":"App"},{"contents":[{"Left":"Algebra.Definitions.RawMonoid._×′_"},[{"contents":[{"Right":5},[]],"tag":"App"},{"contents":[{"Right":4},[]],"tag":"App"},{"contents":[{"Left":"Algebra.Bundles.Monoid.rawMonoid"},[{"contents":[{"Right":5},[]],"tag":"App"},{"contents":[{"Right":4},[]],"tag":"App"},{"contents":[{"Left":"Algebra.Bundles.CommutativeMonoid.monoid"},[{"contents":[{"Right":5},[]],"tag":"App"},{"contents":[{"Right":4},[]],"tag":"App"},{"contents":[{"Left":"Algebra.Bundles.SemiringWithoutAnnihilatingZero.+-commutativeMonoid"},[{"contents":[{"Right":5},[]],"tag":"App"},{"contents":[{"Right":4},[]],"tag":"App"},{"contents":[{"Left":"Algebra.Bundles.Semiring.semiringWithoutAnnihilatingZero"},[{"contents":[{"Right":5},[]],"tag":"App"},{"contents":[{"Right":4},[]],"tag":"App"},{"contents":[{"Right":3},[]],"tag":"App"}]],"tag":"App"}]],"tag":"App"}]],"tag":"App"}]],"tag":"App"},{"contents":[{"Right":0},[]],"tag":"App"},{"contents":[{"Right":2},[]],"tag":"App"}]],"tag":"App"}]],"tag":"App"},{"contents":[{"Left":"Algebra.Definitions.RawMonoid._×′_"},[{"contents":[{"Right":5},[]],"tag":"App"},{"contents":[{"Right":4},[]],"tag":"App"},{"contents":[{"Left":"Algebra.Bundles.Monoid.rawMonoid"},[{"contents":[{"Right":5},[]],"tag":"App"},{"contents":[{"Right":4},[]],"tag":"App"},{"contents":[{"Left":"Algebra.Bundles.CommutativeMonoid.monoid"},[{"contents":[{"Right":5},[]],"tag":"App"},{"contents":[{"Right":4},[]],"tag":"App"},{"contents":[{"Left":"Algebra.Bundles.SemiringWithoutAnnihilatingZero.+-commutativeMonoid"},[{"contents":[{"Right":5},[]],"tag":"App"},{"contents":[{"Right":4},[]],"tag":"App"},{"contents":[{"Left":"Algebra.Bundles.Semiring.semiringWithoutAnnihilatingZero"},[{"contents":[{"Right":5},[]],"tag":"App"},{"contents":[{"Right":4},[]],"tag":"App"},{"contents":[{"Right":3},[]],"tag":"App"}]],"tag":"App"}]],"tag":"App"}]],"tag":"App"}]],"tag":"App"},{"contents":[{"Left":"Agda.Builtin.Nat._*_"},[{"contents":[{"Right":1},[]],"tag":"App"},{"contents":[{"Right":0},[]],"tag":"App"}]],"tag":"App"},{"contents":[{"Right":2},[]],"tag":"App"}]],"tag":"App"}]],"tag":"App"}],"tag":"Pi"}],"tag":"Pi"}],"tag":"Pi"}],"tag":"Pi"}],"tag":"Pi"}],"tag":"Pi"},"original":{"contents":[{"item":{"contents":[{"Left":"Agda.Primitive.Level"},[]],"tag":"App"},"name":"a"},{"contents":[{"item":{"contents":[{"Left":"Agda.Primitive.Level"},[]],"tag":"App"},"name":"ℓ"},{"contents":[{"item":{"contents":[{"Left":"Algebra.Bundles.Semiring"},[{"contents":[{"Right":1},[]],"tag":"App"},{"contents":[{"Right":0},[]],"tag":"App"}]],"tag":"App"},"name":"S"},{"contents":[{"item":{"contents":[{"Left":"Algebra.Bundles.Monoid.rawMonoid"},[{"contents":[{"Right":2},[]],"tag":"App"},{"contents":[{"Right":1},[]],"tag":"App"},{"contents":[{"Left":"Algebra.Bundles.SemiringWithoutAnnihilatingZero._.monoid"},[{"contents":[{"Right":2},[]],"tag":"App"},{"contents":[{"Right":1},[]],"tag":"App"},{"contents":[{"Left":"Algebra.Bundles.Semiring.semiringWithoutAnnihilatingZero"},[{"contents":[{"Right":2},[]],"tag":"App"},{"contents":[{"Right":1},[]],"tag":"App"},{"contents":[{"Right":0},[]],"tag":"App"}]],"tag":"App"}]],"tag":"App"},{"contents":[{"Left":"Algebra.Bundles.RawMonoid.Carrier"},[]],"tag":"App"}]],"tag":"App"},"name":"x"},{"contents":[{"item":{"contents":[{"Left":"Agda.Builtin.Nat.Nat"},[]],"tag":"App"},"name":"m"},{"contents":[{"item":{"contents":[{"Left":"Agda.Builtin.Nat.Nat"},[]],"tag":"App"},"name":"n"},{"contents":[{"Left":"Algebra.Bundles.SemiringWithoutAnnihilatingZero._.monoid"},[{"contents":[{"Right":5},[]],"tag":"App"},{"contents":[{"Right":4},[]],"tag":"App"},{"contents":[{"Left":"Algebra.Bundles.Semiring.semiringWithoutAnnihilatingZero"},[{"contents":[{"Right":5},[]],"tag":"App"},{"contents":[{"Right":4},[]],"tag":"App"},{"contents":[{"Right":3},[]],"tag":"App"}]],"tag":"App"},{"contents":[{"Left":"Algebra.Bundles.Monoid._≈_"},[]],"tag":"App"},{"contents":[{"Left":"Algebra.Properties.Monoid.Mult.TCOptimised._._×′_"},[{"contents":[{"Right":5},[]],"tag":"App"},{"contents":[{"Right":4},[]],"tag":"App"},{"contents":[{"Left":"Algebra.Bundles.SemiringWithoutAnnihilatingZero._.monoid"},[{"contents":[{"Right":5},[]],"tag":"App"},{"contents":[{"Right":4},[]],"tag":"App"},{"contents":[{"Left":"Algebra.Bundles.Semiring.semiringWithoutAnnihilatingZero"},[{"contents":[{"Right":5},[]],"tag":"App"},{"contents":[{"Right":4},[]],"tag":"App"},{"contents":[{"Right":3},[]],"tag":"App"}]],"tag":"App"}]],"tag":"App"},{"contents":[{"Right":1},[]],"tag":"App"},{"contents":[{"Left":"Algebra.Properties.Monoid.Mult.TCOptimised._._×′_"},[{"contents":[{"Right":5},[]],"tag":"App"},{"contents":[{"Right":4},[]],"tag":"App"},{"contents":[{"Left":"Algebra.Bundles.SemiringWithoutAnnihilatingZero._.monoid"},[{"contents":[{"Right":5},[]],"tag":"App"},{"contents":[{"Right":4},[]],"tag":"App"},{"contents":[{"Left":"Algebra.Bundles.Semiring.semiringWithoutAnnihilatingZero"},[{"contents":[{"Right":5},[]],"tag":"App"},{"contents":[{"Right":4},[]],"tag":"App"},{"contents":[{"Right":3},[]],"tag":"App"}]],"tag":"App"}]],"tag":"App"},{"contents":[{"Right":0},[]],"tag":"App"},{"contents":[{"Right":2},[]],"tag":"App"}]],"tag":"App"}]],"tag":"App"},{"contents":[{"Left":"Algebra.Properties.Monoid.Mult.TCOptimised._._×′_"},[{"contents":[{"Right":5},[]],"tag":"App"},{"contents":[{"Right":4},[]],"tag":"App"},{"contents":[{"Left":"Algebra.Bundles.SemiringWithoutAnnihilatingZero._.monoid"},[{"contents":[{"Right":5},[]],"tag":"App"},{"contents":[{"Right":4},[]],"tag":"App"},{"contents":[{"Left":"Algebra.Bundles.Semiring.semiringWithoutAnnihilatingZero"},[{"contents":[{"Right":5},[]],"tag":"App"},{"contents":[{"Right":4},[]],"tag":"App"},{"contents":[{"Right":3},[]],"tag":"App"}]],"tag":"App"}]],"tag":"App"},{"contents":[{"Left":"Agda.Builtin.Nat._*_"},[{"contents":[{"Right":1},[]],"tag":"App"},{"contents":[{"Right":0},[]],"tag":"App"}]],"tag":"App"},{"contents":[{"Right":2},[]],"tag":"App"}]],"tag":"App"}]],"tag":"App"}],"tag":"Pi"}],"tag":"Pi"}],"tag":"Pi"}],"tag":"Pi"}],"tag":"Pi"}],"tag":"Pi"},"reduced":null,"simplified":{"contents":[{"item":{"contents":[{"Left":"Agda.Primitive.Level"},[]],"tag":"App"},"name":"a"},{"contents":[{"item":{"contents":[{"Left":"Agda.Primitive.Level"},[]],"tag":"App"},"name":"ℓ"},{"contents":[{"item":{"contents":[{"Left":"Algebra.Bundles.Semiring"},[{"contents":[{"Right":1},[]],"tag":"App"},{"contents":[{"Right":0},[]],"tag":"App"}]],"tag":"App"},"name":"S"},{"contents":[{"item":{"contents":[{"Left":"Algebra.Bundles.SemiringWithoutAnnihilatingZero._.monoid"},[{"contents":[{"Right":2},[]],"tag":"App"},{"contents":[{"Right":1},[]],"tag":"App"},{"contents":[{"Left":"Algebra.Bundles.Semiring.semiringWithoutAnnihilatingZero"},[{"contents":[{"Right":2},[]],"tag":"App"},{"contents":[{"Right":1},[]],"tag":"App"},{"contents":[{"Right":0},[]],"tag":"App"}]],"tag":"App"},{"contents":[{"Left":"Algebra.Bundles.Monoid.Carrier"},[]],"tag":"App"}]],"tag":"App"},"name":"x"},{"contents":[{"item":{"contents":[{"Left":"Agda.Builtin.Nat.Nat"},[]],"tag":"App"},"name":"m"},{"contents":[{"item":{"contents":[{"Left":"Agda.Builtin.Nat.Nat"},[]],"tag":"App"},"name":"n"},{"contents":[{"Left":"Algebra.Bundles.SemiringWithoutAnnihilatingZero._.monoid"},[{"contents":[{"Right":5},[]],"tag":"App"},{"contents":[{"Right":4},[]],"tag":"App"},{"contents":[{"Left":"Algebra.Bundles.Semiring.semiringWithoutAnnihilatingZero"},[{"contents":[{"Right":5},[]],"tag":"App"},{"contents":[{"Right":4},[]],"tag":"App"},{"contents":[{"Right":3},[]],"tag":"App"}]],"tag":"App"},{"contents":[{"Left":"Algebra.Bundles.Monoid._≈_"},[]],"tag":"App"},{"contents":[{"Left":"Algebra.Properties.Monoid.Mult.TCOptimised._._×′_"},[{"contents":[{"Right":5},[]],"tag":"App"},{"contents":[{"Right":4},[]],"tag":"App"},{"contents":[{"Left":"Algebra.Bundles.SemiringWithoutAnnihilatingZero._.monoid"},[{"contents":[{"Right":5},[]],"tag":"App"},{"contents":[{"Right":4},[]],"tag":"App"},{"contents":[{"Left":"Algebra.Bundles.Semiring.semiringWithoutAnnihilatingZero"},[{"contents":[{"Right":5},[]],"tag":"App"},{"contents":[{"Right":4},[]],"tag":"App"},{"contents":[{"Right":3},[]],"tag":"App"}]],"tag":"App"}]],"tag":"App"},{"contents":[{"Right":1},[]],"tag":"App"},{"contents":[{"Left":"Algebra.Properties.Monoid.Mult.TCOptimised._._×′_"},[{"contents":[{"Right":5},[]],"tag":"App"},{"contents":[{"Right":4},[]],"tag":"App"},{"contents":[{"Left":"Algebra.Bundles.SemiringWithoutAnnihilatingZero._.monoid"},[{"contents":[{"Right":5},[]],"tag":"App"},{"contents":[{"Right":4},[]],"tag":"App"},{"contents":[{"Left":"Algebra.Bundles.Semiring.semiringWithoutAnnihilatingZero"},[{"contents":[{"Right":5},[]],"tag":"App"},{"contents":[{"Right":4},[]],"tag":"App"},{"contents":[{"Right":3},[]],"tag":"App"}]],"tag":"App"}]],"tag":"App"},{"contents":[{"Right":0},[]],"tag":"App"},{"contents":[{"Right":2},[]],"tag":"App"}]],"tag":"App"}]],"tag":"App"},{"contents":[{"Left":"Algebra.Properties.Monoid.Mult.TCOptimised._._×′_"},[{"contents":[{"Right":5},[]],"tag":"App"},{"contents":[{"Right":4},[]],"tag":"App"},{"contents":[{"Left":"Algebra.Bundles.SemiringWithoutAnnihilatingZero._.monoid"},[{"contents":[{"Right":5},[]],"tag":"App"},{"contents":[{"Right":4},[]],"tag":"App"},{"contents":[{"Left":"Algebra.Bundles.Semiring.semiringWithoutAnnihilatingZero"},[{"contents":[{"Right":5},[]],"tag":"App"},{"contents":[{"Right":4},[]],"tag":"App"},{"contents":[{"Right":3},[]],"tag":"App"}]],"tag":"App"}]],"tag":"App"},{"contents":[{"Left":"Agda.Builtin.Nat._*_"},[{"contents":[{"Right":1},[]],"tag":"App"},{"contents":[{"Right":0},[]],"tag":"App"}]],"tag":"App"},{"contents":[{"Right":2},[]],"tag":"App"}]],"tag":"App"}]],"tag":"App"}],"tag":"Pi"}],"tag":"Pi"}],"tag":"Pi"}],"tag":"Pi"}],"tag":"Pi"}],"tag":"Pi"}}},"name":"Algebra.Properties.Semiring.Mult.TCOptimised._.×-assocˡ"},{"item":{"pretty":"{a ℓ : Agda.Primitive.Level} (S : Semiring a ℓ) →\nAlgebra.Definitions.RawMonoid._×′_\n(Monoid.rawMonoid\n (SemiringWithoutAnnihilatingZero.+-monoid\n  (Semiring.semiringWithoutAnnihilatingZero S)))\nRelation.Binary.Core.Preserves₂ Agda.Builtin.Equality._≡_ ⟶\nMonoid._≈_\n(SemiringWithoutAnnihilatingZero.+-monoid\n (Semiring.semiringWithoutAnnihilatingZero S))\n⟶\nMonoid._≈_\n(SemiringWithoutAnnihilatingZero.+-monoid\n (Semiring.semiringWithoutAnnihilatingZero S))","thing":{"normalised":{"contents":[{"item":{"contents":[{"Left":"Agda.Primitive.Level"},[]],"tag":"App"},"name":"a"},{"contents":[{"item":{"contents":[{"Left":"Agda.Primitive.Level"},[]],"tag":"App"},"name":"ℓ"},{"contents":[{"item":{"contents":[{"Left":"Algebra.Bundles.Semiring"},[{"contents":[{"Right":1},[]],"tag":"App"},{"contents":[{"Right":0},[]],"tag":"App"}]],"tag":"App"},"name":"S"},{"contents":[{"item":{"contents":[{"Left":"Agda.Builtin.Nat.Nat"},[]],"tag":"App"},"name":"x"},{"contents":[{"item":{"contents":[{"Left":"Agda.Builtin.Nat.Nat"},[]],"tag":"App"},"name":"y"},{"contents":[{"item":{"contents":[{"Right":2},[{"contents":[{"Left":"Algebra.Bundles.Semiring.Carrier"},[]],"tag":"App"}]],"tag":"App"},"name":"u"},{"contents":[{"item":{"contents":[{"Right":3},[{"contents":[{"Left":"Algebra.Bundles.Semiring.Carrier"},[]],"tag":"App"}]],"tag":"App"},"name":"v"},{"contents":[{"item":{"contents":[{"Left":"Agda.Builtin.Equality._≡_"},[{"contents":"lzero","tag":"Level"},{"contents":[{"Left":"Agda.Builtin.Nat.Nat"},[]],"tag":"App"},{"contents":[{"Right":3},[]],"tag":"App"},{"contents":[{"Right":2},[]],"tag":"App"}]],"tag":"App"},"name":"_"},{"contents":[{"item":{"contents":[{"Right":4},[{"contents":[{"Left":"Algebra.Bundles.Semiring._≈_"},[]],"tag":"App"},{"contents":[{"Right":1},[]],"tag":"App"},{"contents":[{"Right":0},[]],"tag":"App"}]],"tag":"App"},"name":"_"},{"contents":[{"Right":4},[{"contents":[{"Left":"Algebra.Bundles.Semiring._≈_"},[]],"tag":"App"},{"contents":[{"Left":"Algebra.Definitions.RawMonoid._×′_"},[{"contents":[{"Right":6},[]],"tag":"App"},{"contents":[{"Right":5},[]],"tag":"App"},{"contents":[{"Left":"Algebra.Bundles.Monoid.rawMonoid"},[{"contents":[{"Right":6},[]],"tag":"App"},{"contents":[{"Right":5},[]],"tag":"App"},{"contents":[{"Left":"Algebra.Bundles.CommutativeMonoid.monoid"},[{"contents":[{"Right":6},[]],"tag":"App"},{"contents":[{"Right":5},[]],"tag":"App"},{"contents":[{"Left":"Algebra.Bundles.SemiringWithoutAnnihilatingZero.+-commutativeMonoid"},[{"contents":[{"Right":6},[]],"tag":"App"},{"contents":[{"Right":5},[]],"tag":"App"},{"contents":[{"Left":"Algebra.Bundles.Semiring.semiringWithoutAnnihilatingZero"},[{"contents":[{"Right":6},[]],"tag":"App"},{"contents":[{"Right":5},[]],"tag":"App"},{"contents":[{"Right":4},[]],"tag":"App"}]],"tag":"App"}]],"tag":"App"}]],"tag":"App"}]],"tag":"App"},{"contents":[{"Right":3},[]],"tag":"App"},{"contents":[{"Right":1},[]],"tag":"App"}]],"tag":"App"},{"contents":[{"Left":"Algebra.Definitions.RawMonoid._×′_"},[{"contents":[{"Right":6},[]],"tag":"App"},{"contents":[{"Right":5},[]],"tag":"App"},{"contents":[{"Left":"Algebra.Bundles.Monoid.rawMonoid"},[{"contents":[{"Right":6},[]],"tag":"App"},{"contents":[{"Right":5},[]],"tag":"App"},{"contents":[{"Left":"Algebra.Bundles.CommutativeMonoid.monoid"},[{"contents":[{"Right":6},[]],"tag":"App"},{"contents":[{"Right":5},[]],"tag":"App"},{"contents":[{"Left":"Algebra.Bundles.SemiringWithoutAnnihilatingZero.+-commutativeMonoid"},[{"contents":[{"Right":6},[]],"tag":"App"},{"contents":[{"Right":5},[]],"tag":"App"},{"contents":[{"Left":"Algebra.Bundles.Semiring.semiringWithoutAnnihilatingZero"},[{"contents":[{"Right":6},[]],"tag":"App"},{"contents":[{"Right":5},[]],"tag":"App"},{"contents":[{"Right":4},[]],"tag":"App"}]],"tag":"App"}]],"tag":"App"}]],"tag":"App"}]],"tag":"App"},{"contents":[{"Right":2},[]],"tag":"App"},{"contents":[{"Right":0},[]],"tag":"App"}]],"tag":"App"}]],"tag":"App"}],"tag":"Pi"}],"tag":"Pi"}],"tag":"Pi"}],"tag":"Pi"}],"tag":"Pi"}],"tag":"Pi"}],"tag":"Pi"}],"tag":"Pi"}],"tag":"Pi"},"original":{"contents":[{"item":{"contents":[{"Left":"Agda.Primitive.Level"},[]],"tag":"App"},"name":"a"},{"contents":[{"item":{"contents":[{"Left":"Agda.Primitive.Level"},[]],"tag":"App"},"name":"ℓ"},{"contents":[{"item":{"contents":[{"Left":"Algebra.Bundles.Semiring"},[{"contents":[{"Right":1},[]],"tag":"App"},{"contents":[{"Right":0},[]],"tag":"App"}]],"tag":"App"},"name":"S"},{"contents":[{"Left":"Relation.Binary.Core._Preserves₂_⟶_⟶_"},[{"contents":"lzero","tag":"Level"},{"contents":[{"Left":"Agda.Builtin.Nat.Nat"},[]],"tag":"App"},{"contents":[{"Right":2},[]],"tag":"App"},{"contents":[{"Left":"Algebra.Bundles.Monoid.rawMonoid"},[{"contents":[{"Right":2},[]],"tag":"App"},{"contents":[{"Right":1},[]],"tag":"App"},{"contents":[{"Left":"Algebra.Bundles.SemiringWithoutAnnihilatingZero._.monoid"},[{"contents":[{"Right":2},[]],"tag":"App"},{"contents":[{"Right":1},[]],"tag":"App"},{"contents":[{"Left":"Algebra.Bundles.Semiring.semiringWithoutAnnihilatingZero"},[{"contents":[{"Right":2},[]],"tag":"App"},{"contents":[{"Right":1},[]],"tag":"App"},{"contents":[{"Right":0},[]],"tag":"App"}]],"tag":"App"}]],"tag":"App"},{"contents":[{"Left":"Algebra.Bundles.RawMonoid.Carrier"},[]],"tag":"App"}]],"tag":"App"},{"contents":[{"Right":2},[]],"tag":"App"},{"contents":[{"Left":"Algebra.Bundles.Monoid.rawMonoid"},[{"contents":[{"Right":2},[]],"tag":"App"},{"contents":[{"Right":1},[]],"tag":"App"},{"contents":[{"Left":"Algebra.Bundles.SemiringWithoutAnnihilatingZero._.monoid"},[{"contents":[{"Right":2},[]],"tag":"App"},{"contents":[{"Right":1},[]],"tag":"App"},{"contents":[{"Left":"Algebra.Bundles.Semiring.semiringWithoutAnnihilatingZero"},[{"contents":[{"Right":2},[]],"tag":"App"},{"contents":[{"Right":1},[]],"tag":"App"},{"contents":[{"Right":0},[]],"tag":"App"}]],"tag":"App"}]],"tag":"App"},{"contents":[{"Left":"Algebra.Bundles.RawMonoid.Carrier"},[]],"tag":"App"}]],"tag":"App"},{"contents":"lzero","tag":"Level"},{"contents":[{"Right":1},[]],"tag":"App"},{"contents":[{"Right":1},[]],"tag":"App"},{"contents":[{"Left":"Algebra.Properties.Monoid.Mult.TCOptimised._._×′_"},[{"contents":[{"Right":2},[]],"tag":"App"},{"contents":[{"Right":1},[]],"tag":"App"},{"contents":[{"Left":"Algebra.Bundles.SemiringWithoutAnnihilatingZero._.monoid"},[{"contents":[{"Right":2},[]],"tag":"App"},{"contents":[{"Right":1},[]],"tag":"App"},{"contents":[{"Left":"Algebra.Bundles.Semiring.semiringWithoutAnnihilatingZero"},[{"contents":[{"Right":2},[]],"tag":"App"},{"contents":[{"Right":1},[]],"tag":"App"},{"contents":[{"Right":0},[]],"tag":"App"}]],"tag":"App"}]],"tag":"App"}]],"tag":"App"},{"contents":[{"Left":"Agda.Builtin.Equality._≡_"},[{"contents":"lzero","tag":"Level"},{"contents":[{"Left":"Agda.Builtin.Nat.Nat"},[]],"tag":"App"}]],"tag":"App"},{"contents":[{"Left":"Algebra.Bundles.SemiringWithoutAnnihilatingZero._.monoid"},[{"contents":[{"Right":2},[]],"tag":"App"},{"contents":[{"Right":1},[]],"tag":"App"},{"contents":[{"Left":"Algebra.Bundles.Semiring.semiringWithoutAnnihilatingZero"},[{"contents":[{"Right":2},[]],"tag":"App"},{"contents":[{"Right":1},[]],"tag":"App"},{"contents":[{"Right":0},[]],"tag":"App"}]],"tag":"App"},{"contents":[{"Left":"Algebra.Bundles.Monoid._≈_"},[]],"tag":"App"}]],"tag":"App"},{"contents":[{"Left":"Algebra.Bundles.SemiringWithoutAnnihilatingZero._.monoid"},[{"contents":[{"Right":2},[]],"tag":"App"},{"contents":[{"Right":1},[]],"tag":"App"},{"contents":[{"Left":"Algebra.Bundles.Semiring.semiringWithoutAnnihilatingZero"},[{"contents":[{"Right":2},[]],"tag":"App"},{"contents":[{"Right":1},[]],"tag":"App"},{"contents":[{"Right":0},[]],"tag":"App"}]],"tag":"App"},{"contents":[{"Left":"Algebra.Bundles.Monoid._≈_"},[]],"tag":"App"}]],"tag":"App"}]],"tag":"App"}],"tag":"Pi"}],"tag":"Pi"}],"tag":"Pi"},"reduced":null,"simplified":{"contents":[{"item":{"contents":[{"Left":"Agda.Primitive.Level"},[]],"tag":"App"},"name":"a"},{"contents":[{"item":{"contents":[{"Left":"Agda.Primitive.Level"},[]],"tag":"App"},"name":"ℓ"},{"contents":[{"item":{"contents":[{"Left":"Algebra.Bundles.Semiring"},[{"contents":[{"Right":1},[]],"tag":"App"},{"contents":[{"Right":0},[]],"tag":"App"}]],"tag":"App"},"name":"S"},{"contents":[{"Left":"Relation.Binary.Core._Preserves₂_⟶_⟶_"},[{"contents":"lzero","tag":"Level"},{"contents":[{"Left":"Agda.Builtin.Nat.Nat"},[]],"tag":"App"},{"contents":[{"Right":2},[]],"tag":"App"},{"contents":[{"Left":"Algebra.Bundles.SemiringWithoutAnnihilatingZero._.monoid"},[{"contents":[{"Right":2},[]],"tag":"App"},{"contents":[{"Right":1},[]],"tag":"App"},{"contents":[{"Left":"Algebra.Bundles.Semiring.semiringWithoutAnnihilatingZero"},[{"contents":[{"Right":2},[]],"tag":"App"},{"contents":[{"Right":1},[]],"tag":"App"},{"contents":[{"Right":0},[]],"tag":"App"}]],"tag":"App"},{"contents":[{"Left":"Algebra.Bundles.Monoid.Carrier"},[]],"tag":"App"}]],"tag":"App"},{"contents":[{"Right":2},[]],"tag":"App"},{"contents":[{"Left":"Algebra.Bundles.SemiringWithoutAnnihilatingZero._.monoid"},[{"contents":[{"Right":2},[]],"tag":"App"},{"contents":[{"Right":1},[]],"tag":"App"},{"contents":[{"Left":"Algebra.Bundles.Semiring.semiringWithoutAnnihilatingZero"},[{"contents":[{"Right":2},[]],"tag":"App"},{"contents":[{"Right":1},[]],"tag":"App"},{"contents":[{"Right":0},[]],"tag":"App"}]],"tag":"App"},{"contents":[{"Left":"Algebra.Bundles.Monoid.Carrier"},[]],"tag":"App"}]],"tag":"App"},{"contents":"lzero","tag":"Level"},{"contents":[{"Right":1},[]],"tag":"App"},{"contents":[{"Right":1},[]],"tag":"App"},{"contents":[{"Left":"Algebra.Properties.Monoid.Mult.TCOptimised._._×′_"},[{"contents":[{"Right":2},[]],"tag":"App"},{"contents":[{"Right":1},[]],"tag":"App"},{"contents":[{"Left":"Algebra.Bundles.SemiringWithoutAnnihilatingZero._.monoid"},[{"contents":[{"Right":2},[]],"tag":"App"},{"contents":[{"Right":1},[]],"tag":"App"},{"contents":[{"Left":"Algebra.Bundles.Semiring.semiringWithoutAnnihilatingZero"},[{"contents":[{"Right":2},[]],"tag":"App"},{"contents":[{"Right":1},[]],"tag":"App"},{"contents":[{"Right":0},[]],"tag":"App"}]],"tag":"App"}]],"tag":"App"}]],"tag":"App"},{"contents":[{"Left":"Agda.Builtin.Equality._≡_"},[{"contents":"lzero","tag":"Level"},{"contents":[{"Left":"Agda.Builtin.Nat.Nat"},[]],"tag":"App"}]],"tag":"App"},{"contents":[{"Left":"Algebra.Bundles.SemiringWithoutAnnihilatingZero._.monoid"},[{"contents":[{"Right":2},[]],"tag":"App"},{"contents":[{"Right":1},[]],"tag":"App"},{"contents":[{"Left":"Algebra.Bundles.Semiring.semiringWithoutAnnihilatingZero"},[{"contents":[{"Right":2},[]],"tag":"App"},{"contents":[{"Right":1},[]],"tag":"App"},{"contents":[{"Right":0},[]],"tag":"App"}]],"tag":"App"},{"contents":[{"Left":"Algebra.Bundles.Monoid._≈_"},[]],"tag":"App"}]],"tag":"App"},{"contents":[{"Left":"Algebra.Bundles.SemiringWithoutAnnihilatingZero._.monoid"},[{"contents":[{"Right":2},[]],"tag":"App"},{"contents":[{"Right":1},[]],"tag":"App"},{"contents":[{"Left":"Algebra.Bundles.Semiring.semiringWithoutAnnihilatingZero"},[{"contents":[{"Right":2},[]],"tag":"App"},{"contents":[{"Right":1},[]],"tag":"App"},{"contents":[{"Right":0},[]],"tag":"App"}]],"tag":"App"},{"contents":[{"Left":"Algebra.Bundles.Monoid._≈_"},[]],"tag":"App"}]],"tag":"App"}]],"tag":"App"}],"tag":"Pi"}],"tag":"Pi"}],"tag":"Pi"}}},"name":"Algebra.Properties.Semiring.Mult.TCOptimised._.×-cong"},{"item":{"pretty":"{a ℓ : Agda.Primitive.Level} (S : Semiring a ℓ) (n : ℕ.ℕ) →\n(Monoid.rawMonoid\n (SemiringWithoutAnnihilatingZero.+-monoid\n  (Semiring.semiringWithoutAnnihilatingZero S))\n Algebra.Definitions.RawMonoid.×′ n)\nRelation.Binary.Core.Preserves\nMonoid._≈_\n(SemiringWithoutAnnihilatingZero.+-monoid\n (Semiring.semiringWithoutAnnihilatingZero S))\n⟶\nMonoid._≈_\n(SemiringWithoutAnnihilatingZero.+-monoid\n (Semiring.semiringWithoutAnnihilatingZero S))","thing":{"normalised":{"contents":[{"item":{"contents":[{"Left":"Agda.Primitive.Level"},[]],"tag":"App"},"name":"a"},{"contents":[{"item":{"contents":[{"Left":"Agda.Primitive.Level"},[]],"tag":"App"},"name":"ℓ"},{"contents":[{"item":{"contents":[{"Left":"Algebra.Bundles.Semiring"},[{"contents":[{"Right":1},[]],"tag":"App"},{"contents":[{"Right":0},[]],"tag":"App"}]],"tag":"App"},"name":"S"},{"contents":[{"item":{"contents":[{"Left":"Agda.Builtin.Nat.Nat"},[]],"tag":"App"},"name":"n"},{"contents":[{"item":{"contents":[{"Right":1},[{"contents":[{"Left":"Algebra.Bundles.Semiring.Carrier"},[]],"tag":"App"}]],"tag":"App"},"name":"x"},{"contents":[{"item":{"contents":[{"Right":2},[{"contents":[{"Left":"Algebra.Bundles.Semiring.Carrier"},[]],"tag":"App"}]],"tag":"App"},"name":"y"},{"contents":[{"item":{"contents":[{"Right":3},[{"contents":[{"Left":"Algebra.Bundles.Semiring._≈_"},[]],"tag":"App"},{"contents":[{"Right":1},[]],"tag":"App"},{"contents":[{"Right":0},[]],"tag":"App"}]],"tag":"App"},"name":"_"},{"contents":[{"Right":3},[{"contents":[{"Left":"Algebra.Bundles.Semiring._≈_"},[]],"tag":"App"},{"contents":[{"Left":"Algebra.Definitions.RawMonoid._×′_"},[{"contents":[{"Right":5},[]],"tag":"App"},{"contents":[{"Right":4},[]],"tag":"App"},{"contents":[{"Left":"Algebra.Bundles.Monoid.rawMonoid"},[{"contents":[{"Right":5},[]],"tag":"App"},{"contents":[{"Right":4},[]],"tag":"App"},{"contents":[{"Left":"Algebra.Bundles.CommutativeMonoid.monoid"},[{"contents":[{"Right":5},[]],"tag":"App"},{"contents":[{"Right":4},[]],"tag":"App"},{"contents":[{"Left":"Algebra.Bundles.SemiringWithoutAnnihilatingZero.+-commutativeMonoid"},[{"contents":[{"Right":5},[]],"tag":"App"},{"contents":[{"Right":4},[]],"tag":"App"},{"contents":[{"Left":"Algebra.Bundles.Semiring.semiringWithoutAnnihilatingZero"},[{"contents":[{"Right":5},[]],"tag":"App"},{"contents":[{"Right":4},[]],"tag":"App"},{"contents":[{"Right":3},[]],"tag":"App"}]],"tag":"App"}]],"tag":"App"}]],"tag":"App"}]],"tag":"App"},{"contents":[{"Right":2},[]],"tag":"App"},{"contents":[{"Right":1},[]],"tag":"App"}]],"tag":"App"},{"contents":[{"Left":"Algebra.Definitions.RawMonoid._×′_"},[{"contents":[{"Right":5},[]],"tag":"App"},{"contents":[{"Right":4},[]],"tag":"App"},{"contents":[{"Left":"Algebra.Bundles.Monoid.rawMonoid"},[{"contents":[{"Right":5},[]],"tag":"App"},{"contents":[{"Right":4},[]],"tag":"App"},{"contents":[{"Left":"Algebra.Bundles.CommutativeMonoid.monoid"},[{"contents":[{"Right":5},[]],"tag":"App"},{"contents":[{"Right":4},[]],"tag":"App"},{"contents":[{"Left":"Algebra.Bundles.SemiringWithoutAnnihilatingZero.+-commutativeMonoid"},[{"contents":[{"Right":5},[]],"tag":"App"},{"contents":[{"Right":4},[]],"tag":"App"},{"contents":[{"Left":"Algebra.Bundles.Semiring.semiringWithoutAnnihilatingZero"},[{"contents":[{"Right":5},[]],"tag":"App"},{"contents":[{"Right":4},[]],"tag":"App"},{"contents":[{"Right":3},[]],"tag":"App"}]],"tag":"App"}]],"tag":"App"}]],"tag":"App"}]],"tag":"App"},{"contents":[{"Right":2},[]],"tag":"App"},{"contents":[{"Right":0},[]],"tag":"App"}]],"tag":"App"}]],"tag":"App"}],"tag":"Pi"}],"tag":"Pi"}],"tag":"Pi"}],"tag":"Pi"}],"tag":"Pi"}],"tag":"Pi"}],"tag":"Pi"},"original":{"contents":[{"item":{"contents":[{"Left":"Agda.Primitive.Level"},[]],"tag":"App"},"name":"a"},{"contents":[{"item":{"contents":[{"Left":"Agda.Primitive.Level"},[]],"tag":"App"},"name":"ℓ"},{"contents":[{"item":{"contents":[{"Left":"Algebra.Bundles.Semiring"},[{"contents":[{"Right":1},[]],"tag":"App"},{"contents":[{"Right":0},[]],"tag":"App"}]],"tag":"App"},"name":"S"},{"contents":[{"item":{"contents":[{"Left":"Agda.Builtin.Nat.Nat"},[]],"tag":"App"},"name":"n"},{"contents":[{"Left":"Relation.Binary.Core._Preserves_⟶_"},[{"contents":[{"Right":3},[]],"tag":"App"},{"contents":[{"Left":"Algebra.Bundles.Monoid.rawMonoid"},[{"contents":[{"Right":3},[]],"tag":"App"},{"contents":[{"Right":2},[]],"tag":"App"},{"contents":[{"Left":"Algebra.Bundles.SemiringWithoutAnnihilatingZero._.monoid"},[{"contents":[{"Right":3},[]],"tag":"App"},{"contents":[{"Right":2},[]],"tag":"App"},{"contents":[{"Left":"Algebra.Bundles.Semiring.semiringWithoutAnnihilatingZero"},[{"contents":[{"Right":3},[]],"tag":"App"},{"contents":[{"Right":2},[]],"tag":"App"},{"contents":[{"Right":1},[]],"tag":"App"}]],"tag":"App"}]],"tag":"App"},{"contents":[{"Left":"Algebra.Bundles.RawMonoid.Carrier"},[]],"tag":"App"}]],"tag":"App"},{"contents":[{"Right":3},[]],"tag":"App"},{"contents":[{"Left":"Algebra.Bundles.SemiringWithoutAnnihilatingZero._.monoid"},[{"contents":[{"Right":3},[]],"tag":"App"},{"contents":[{"Right":2},[]],"tag":"App"},{"contents":[{"Left":"Algebra.Bundles.Semiring.semiringWithoutAnnihilatingZero"},[{"contents":[{"Right":3},[]],"tag":"App"},{"contents":[{"Right":2},[]],"tag":"App"},{"contents":[{"Right":1},[]],"tag":"App"}]],"tag":"App"},{"contents":[{"Left":"Algebra.Bundles.Monoid.Carrier"},[]],"tag":"App"}]],"tag":"App"},{"contents":[{"Right":2},[]],"tag":"App"},{"contents":[{"Right":2},[]],"tag":"App"},{"contents":[{"Left":"Algebra.Properties.Monoid.Mult.TCOptimised._._×′_"},[{"contents":[{"Right":3},[]],"tag":"App"},{"contents":[{"Right":2},[]],"tag":"App"},{"contents":[{"Left":"Algebra.Bundles.SemiringWithoutAnnihilatingZero._.monoid"},[{"contents":[{"Right":3},[]],"tag":"App"},{"contents":[{"Right":2},[]],"tag":"App"},{"contents":[{"Left":"Algebra.Bundles.Semiring.semiringWithoutAnnihilatingZero"},[{"contents":[{"Right":3},[]],"tag":"App"},{"contents":[{"Right":2},[]],"tag":"App"},{"contents":[{"Right":1},[]],"tag":"App"}]],"tag":"App"}]],"tag":"App"},{"contents":[{"Right":0},[]],"tag":"App"}]],"tag":"App"},{"contents":[{"Left":"Algebra.Bundles.SemiringWithoutAnnihilatingZero._.monoid"},[{"contents":[{"Right":3},[]],"tag":"App"},{"contents":[{"Right":2},[]],"tag":"App"},{"contents":[{"Left":"Algebra.Bundles.Semiring.semiringWithoutAnnihilatingZero"},[{"contents":[{"Right":3},[]],"tag":"App"},{"contents":[{"Right":2},[]],"tag":"App"},{"contents":[{"Right":1},[]],"tag":"App"}]],"tag":"App"},{"contents":[{"Left":"Algebra.Bundles.Monoid._≈_"},[]],"tag":"App"}]],"tag":"App"},{"contents":[{"Left":"Algebra.Bundles.SemiringWithoutAnnihilatingZero._.monoid"},[{"contents":[{"Right":3},[]],"tag":"App"},{"contents":[{"Right":2},[]],"tag":"App"},{"contents":[{"Left":"Algebra.Bundles.Semiring.semiringWithoutAnnihilatingZero"},[{"contents":[{"Right":3},[]],"tag":"App"},{"contents":[{"Right":2},[]],"tag":"App"},{"contents":[{"Right":1},[]],"tag":"App"}]],"tag":"App"},{"contents":[{"Left":"Algebra.Bundles.Monoid._≈_"},[]],"tag":"App"}]],"tag":"App"}]],"tag":"App"}],"tag":"Pi"}],"tag":"Pi"}],"tag":"Pi"}],"tag":"Pi"},"reduced":null,"simplified":{"contents":[{"item":{"contents":[{"Left":"Agda.Primitive.Level"},[]],"tag":"App"},"name":"a"},{"contents":[{"item":{"contents":[{"Left":"Agda.Primitive.Level"},[]],"tag":"App"},"name":"ℓ"},{"contents":[{"item":{"contents":[{"Left":"Algebra.Bundles.Semiring"},[{"contents":[{"Right":1},[]],"tag":"App"},{"contents":[{"Right":0},[]],"tag":"App"}]],"tag":"App"},"name":"S"},{"contents":[{"item":{"contents":[{"Left":"Agda.Builtin.Nat.Nat"},[]],"tag":"App"},"name":"n"},{"contents":[{"Left":"Relation.Binary.Core._Preserves_⟶_"},[{"contents":[{"Right":3},[]],"tag":"App"},{"contents":[{"Left":"Algebra.Bundles.SemiringWithoutAnnihilatingZero._.monoid"},[{"contents":[{"Right":3},[]],"tag":"App"},{"contents":[{"Right":2},[]],"tag":"App"},{"contents":[{"Left":"Algebra.Bundles.Semiring.semiringWithoutAnnihilatingZero"},[{"contents":[{"Right":3},[]],"tag":"App"},{"contents":[{"Right":2},[]],"tag":"App"},{"contents":[{"Right":1},[]],"tag":"App"}]],"tag":"App"},{"contents":[{"Left":"Algebra.Bundles.Monoid.Carrier"},[]],"tag":"App"}]],"tag":"App"},{"contents":[{"Right":3},[]],"tag":"App"},{"contents":[{"Left":"Algebra.Bundles.SemiringWithoutAnnihilatingZero._.monoid"},[{"contents":[{"Right":3},[]],"tag":"App"},{"contents":[{"Right":2},[]],"tag":"App"},{"contents":[{"Left":"Algebra.Bundles.Semiring.semiringWithoutAnnihilatingZero"},[{"contents":[{"Right":3},[]],"tag":"App"},{"contents":[{"Right":2},[]],"tag":"App"},{"contents":[{"Right":1},[]],"tag":"App"}]],"tag":"App"},{"contents":[{"Left":"Algebra.Bundles.Monoid.Carrier"},[]],"tag":"App"}]],"tag":"App"},{"contents":[{"Right":2},[]],"tag":"App"},{"contents":[{"Right":2},[]],"tag":"App"},{"contents":[{"Left":"Algebra.Properties.Monoid.Mult.TCOptimised._._×′_"},[{"contents":[{"Right":3},[]],"tag":"App"},{"contents":[{"Right":2},[]],"tag":"App"},{"contents":[{"Left":"Algebra.Bundles.SemiringWithoutAnnihilatingZero._.monoid"},[{"contents":[{"Right":3},[]],"tag":"App"},{"contents":[{"Right":2},[]],"tag":"App"},{"contents":[{"Left":"Algebra.Bundles.Semiring.semiringWithoutAnnihilatingZero"},[{"contents":[{"Right":3},[]],"tag":"App"},{"contents":[{"Right":2},[]],"tag":"App"},{"contents":[{"Right":1},[]],"tag":"App"}]],"tag":"App"}]],"tag":"App"},{"contents":[{"Right":0},[]],"tag":"App"}]],"tag":"App"},{"contents":[{"Left":"Algebra.Bundles.SemiringWithoutAnnihilatingZero._.monoid"},[{"contents":[{"Right":3},[]],"tag":"App"},{"contents":[{"Right":2},[]],"tag":"App"},{"contents":[{"Left":"Algebra.Bundles.Semiring.semiringWithoutAnnihilatingZero"},[{"contents":[{"Right":3},[]],"tag":"App"},{"contents":[{"Right":2},[]],"tag":"App"},{"contents":[{"Right":1},[]],"tag":"App"}]],"tag":"App"},{"contents":[{"Left":"Algebra.Bundles.Monoid._≈_"},[]],"tag":"App"}]],"tag":"App"},{"contents":[{"Left":"Algebra.Bundles.SemiringWithoutAnnihilatingZero._.monoid"},[{"contents":[{"Right":3},[]],"tag":"App"},{"contents":[{"Right":2},[]],"tag":"App"},{"contents":[{"Left":"Algebra.Bundles.Semiring.semiringWithoutAnnihilatingZero"},[{"contents":[{"Right":3},[]],"tag":"App"},{"contents":[{"Right":2},[]],"tag":"App"},{"contents":[{"Right":1},[]],"tag":"App"}]],"tag":"App"},{"contents":[{"Left":"Algebra.Bundles.Monoid._≈_"},[]],"tag":"App"}]],"tag":"App"}]],"tag":"App"}],"tag":"Pi"}],"tag":"Pi"}],"tag":"Pi"}],"tag":"Pi"}}},"name":"Algebra.Properties.Semiring.Mult.TCOptimised._.×-congʳ"},{"item":{"pretty":"{a ℓ : Agda.Primitive.Level} (S : Semiring a ℓ)\n(c\n : RawMonoid.Carrier\n   (Monoid.rawMonoid\n    (SemiringWithoutAnnihilatingZero.+-monoid\n     (Semiring.semiringWithoutAnnihilatingZero S))))\n(m n : ℕ.ℕ) →\n(SemiringWithoutAnnihilatingZero.+-monoid\n (Semiring.semiringWithoutAnnihilatingZero S)\n Monoid.≈\n (Monoid.rawMonoid\n  (SemiringWithoutAnnihilatingZero.+-monoid\n   (Semiring.semiringWithoutAnnihilatingZero S))\n  Algebra.Definitions.RawMonoid.×′ (m ℕ.+ n))\n c)\n((SemiringWithoutAnnihilatingZero.+-monoid\n  (Semiring.semiringWithoutAnnihilatingZero S)\n  Monoid.∙\n  (Monoid.rawMonoid\n   (SemiringWithoutAnnihilatingZero.+-monoid\n    (Semiring.semiringWithoutAnnihilatingZero S))\n   Algebra.Definitions.RawMonoid.×′ m)\n  c)\n ((Monoid.rawMonoid\n   (SemiringWithoutAnnihilatingZero.+-monoid\n    (Semiring.semiringWithoutAnnihilatingZero S))\n   Algebra.Definitions.RawMonoid.×′ n)\n  c))","thing":{"normalised":{"contents":[{"item":{"contents":[{"Left":"Agda.Primitive.Level"},[]],"tag":"App"},"name":"a"},{"contents":[{"item":{"contents":[{"Left":"Agda.Primitive.Level"},[]],"tag":"App"},"name":"ℓ"},{"contents":[{"item":{"contents":[{"Left":"Algebra.Bundles.Semiring"},[{"contents":[{"Right":1},[]],"tag":"App"},{"contents":[{"Right":0},[]],"tag":"App"}]],"tag":"App"},"name":"S"},{"contents":[{"item":{"contents":[{"Right":0},[{"contents":[{"Left":"Algebra.Bundles.Semiring.Carrier"},[]],"tag":"App"}]],"tag":"App"},"name":"c"},{"contents":[{"item":{"contents":[{"Left":"Agda.Builtin.Nat.Nat"},[]],"tag":"App"},"name":"m"},{"contents":[{"item":{"contents":[{"Left":"Agda.Builtin.Nat.Nat"},[]],"tag":"App"},"name":"n"},{"contents":[{"Right":3},[{"contents":[{"Left":"Algebra.Bundles.Semiring._≈_"},[]],"tag":"App"},{"contents":[{"Left":"Algebra.Definitions.RawMonoid._×′_"},[{"contents":[{"Right":5},[]],"tag":"App"},{"contents":[{"Right":4},[]],"tag":"App"},{"contents":[{"Left":"Algebra.Bundles.Monoid.rawMonoid"},[{"contents":[{"Right":5},[]],"tag":"App"},{"contents":[{"Right":4},[]],"tag":"App"},{"contents":[{"Left":"Algebra.Bundles.CommutativeMonoid.monoid"},[{"contents":[{"Right":5},[]],"tag":"App"},{"contents":[{"Right":4},[]],"tag":"App"},{"contents":[{"Left":"Algebra.Bundles.SemiringWithoutAnnihilatingZero.+-commutativeMonoid"},[{"contents":[{"Right":5},[]],"tag":"App"},{"contents":[{"Right":4},[]],"tag":"App"},{"contents":[{"Left":"Algebra.Bundles.Semiring.semiringWithoutAnnihilatingZero"},[{"contents":[{"Right":5},[]],"tag":"App"},{"contents":[{"Right":4},[]],"tag":"App"},{"contents":[{"Right":3},[]],"tag":"App"}]],"tag":"App"}]],"tag":"App"}]],"tag":"App"}]],"tag":"App"},{"contents":[{"Left":"Agda.Builtin.Nat._+_"},[{"contents":[{"Right":1},[]],"tag":"App"},{"contents":[{"Right":0},[]],"tag":"App"}]],"tag":"App"},{"contents":[{"Right":2},[]],"tag":"App"}]],"tag":"App"},{"contents":[{"Right":3},[{"contents":[{"Left":"Algebra.Bundles.Semiring._+_"},[]],"tag":"App"},{"contents":[{"Left":"Algebra.Definitions.RawMonoid._×′_"},[{"contents":[{"Right":5},[]],"tag":"App"},{"contents":[{"Right":4},[]],"tag":"App"},{"contents":[{"Left":"Algebra.Bundles.Monoid.rawMonoid"},[{"contents":[{"Right":5},[]],"tag":"App"},{"contents":[{"Right":4},[]],"tag":"App"},{"contents":[{"Left":"Algebra.Bundles.CommutativeMonoid.monoid"},[{"contents":[{"Right":5},[]],"tag":"App"},{"contents":[{"Right":4},[]],"tag":"App"},{"contents":[{"Left":"Algebra.Bundles.SemiringWithoutAnnihilatingZero.+-commutativeMonoid"},[{"contents":[{"Right":5},[]],"tag":"App"},{"contents":[{"Right":4},[]],"tag":"App"},{"contents":[{"Left":"Algebra.Bundles.Semiring.semiringWithoutAnnihilatingZero"},[{"contents":[{"Right":5},[]],"tag":"App"},{"contents":[{"Right":4},[]],"tag":"App"},{"contents":[{"Right":3},[]],"tag":"App"}]],"tag":"App"}]],"tag":"App"}]],"tag":"App"}]],"tag":"App"},{"contents":[{"Right":1},[]],"tag":"App"},{"contents":[{"Right":2},[]],"tag":"App"}]],"tag":"App"},{"contents":[{"Left":"Algebra.Definitions.RawMonoid._×′_"},[{"contents":[{"Right":5},[]],"tag":"App"},{"contents":[{"Right":4},[]],"tag":"App"},{"contents":[{"Left":"Algebra.Bundles.Monoid.rawMonoid"},[{"contents":[{"Right":5},[]],"tag":"App"},{"contents":[{"Right":4},[]],"tag":"App"},{"contents":[{"Left":"Algebra.Bundles.CommutativeMonoid.monoid"},[{"contents":[{"Right":5},[]],"tag":"App"},{"contents":[{"Right":4},[]],"tag":"App"},{"contents":[{"Left":"Algebra.Bundles.SemiringWithoutAnnihilatingZero.+-commutativeMonoid"},[{"contents":[{"Right":5},[]],"tag":"App"},{"contents":[{"Right":4},[]],"tag":"App"},{"contents":[{"Left":"Algebra.Bundles.Semiring.semiringWithoutAnnihilatingZero"},[{"contents":[{"Right":5},[]],"tag":"App"},{"contents":[{"Right":4},[]],"tag":"App"},{"contents":[{"Right":3},[]],"tag":"App"}]],"tag":"App"}]],"tag":"App"}]],"tag":"App"}]],"tag":"App"},{"contents":[{"Right":0},[]],"tag":"App"},{"contents":[{"Right":2},[]],"tag":"App"}]],"tag":"App"}]],"tag":"App"}]],"tag":"App"}],"tag":"Pi"}],"tag":"Pi"}],"tag":"Pi"}],"tag":"Pi"}],"tag":"Pi"}],"tag":"Pi"},"original":{"contents":[{"item":{"contents":[{"Left":"Agda.Primitive.Level"},[]],"tag":"App"},"name":"a"},{"contents":[{"item":{"contents":[{"Left":"Agda.Primitive.Level"},[]],"tag":"App"},"name":"ℓ"},{"contents":[{"item":{"contents":[{"Left":"Algebra.Bundles.Semiring"},[{"contents":[{"Right":1},[]],"tag":"App"},{"contents":[{"Right":0},[]],"tag":"App"}]],"tag":"App"},"name":"S"},{"contents":[{"item":{"contents":[{"Left":"Algebra.Bundles.Monoid.rawMonoid"},[{"contents":[{"Right":2},[]],"tag":"App"},{"contents":[{"Right":1},[]],"tag":"App"},{"contents":[{"Left":"Algebra.Bundles.SemiringWithoutAnnihilatingZero._.monoid"},[{"contents":[{"Right":2},[]],"tag":"App"},{"contents":[{"Right":1},[]],"tag":"App"},{"contents":[{"Left":"Algebra.Bundles.Semiring.semiringWithoutAnnihilatingZero"},[{"contents":[{"Right":2},[]],"tag":"App"},{"contents":[{"Right":1},[]],"tag":"App"},{"contents":[{"Right":0},[]],"tag":"App"}]],"tag":"App"}]],"tag":"App"},{"contents":[{"Left":"Algebra.Bundles.RawMonoid.Carrier"},[]],"tag":"App"}]],"tag":"App"},"name":"c"},{"contents":[{"item":{"contents":[{"Left":"Agda.Builtin.Nat.Nat"},[]],"tag":"App"},"name":"m"},{"contents":[{"item":{"contents":[{"Left":"Agda.Builtin.Nat.Nat"},[]],"tag":"App"},"name":"n"},{"contents":[{"Left":"Algebra.Bundles.SemiringWithoutAnnihilatingZero._.monoid"},[{"contents":[{"Right":5},[]],"tag":"App"},{"contents":[{"Right":4},[]],"tag":"App"},{"contents":[{"Left":"Algebra.Bundles.Semiring.semiringWithoutAnnihilatingZero"},[{"contents":[{"Right":5},[]],"tag":"App"},{"contents":[{"Right":4},[]],"tag":"App"},{"contents":[{"Right":3},[]],"tag":"App"}]],"tag":"App"},{"contents":[{"Left":"Algebra.Bundles.Monoid._≈_"},[]],"tag":"App"},{"contents":[{"Left":"Algebra.Properties.Monoid.Mult.TCOptimised._._×′_"},[{"contents":[{"Right":5},[]],"tag":"App"},{"contents":[{"Right":4},[]],"tag":"App"},{"contents":[{"Left":"Algebra.Bundles.SemiringWithoutAnnihilatingZero._.monoid"},[{"contents":[{"Right":5},[]],"tag":"App"},{"contents":[{"Right":4},[]],"tag":"App"},{"contents":[{"Left":"Algebra.Bundles.Semiring.semiringWithoutAnnihilatingZero"},[{"contents":[{"Right":5},[]],"tag":"App"},{"contents":[{"Right":4},[]],"tag":"App"},{"contents":[{"Right":3},[]],"tag":"App"}]],"tag":"App"}]],"tag":"App"},{"contents":[{"Left":"Agda.Builtin.Nat._+_"},[{"contents":[{"Right":1},[]],"tag":"App"},{"contents":[{"Right":0},[]],"tag":"App"}]],"tag":"App"},{"contents":[{"Right":2},[]],"tag":"App"}]],"tag":"App"},{"contents":[{"Left":"Algebra.Bundles.SemiringWithoutAnnihilatingZero._.monoid"},[{"contents":[{"Right":5},[]],"tag":"App"},{"contents":[{"Right":4},[]],"tag":"App"},{"contents":[{"Left":"Algebra.Bundles.Semiring.semiringWithoutAnnihilatingZero"},[{"contents":[{"Right":5},[]],"tag":"App"},{"contents":[{"Right":4},[]],"tag":"App"},{"contents":[{"Right":3},[]],"tag":"App"}]],"tag":"App"},{"contents":[{"Left":"Algebra.Bundles.Monoid._∙_"},[]],"tag":"App"},{"contents":[{"Left":"Algebra.Properties.Monoid.Mult.TCOptimised._._×′_"},[{"contents":[{"Right":5},[]],"tag":"App"},{"contents":[{"Right":4},[]],"tag":"App"},{"contents":[{"Left":"Algebra.Bundles.SemiringWithoutAnnihilatingZero._.monoid"},[{"contents":[{"Right":5},[]],"tag":"App"},{"contents":[{"Right":4},[]],"tag":"App"},{"contents":[{"Left":"Algebra.Bundles.Semiring.semiringWithoutAnnihilatingZero"},[{"contents":[{"Right":5},[]],"tag":"App"},{"contents":[{"Right":4},[]],"tag":"App"},{"contents":[{"Right":3},[]],"tag":"App"}]],"tag":"App"}]],"tag":"App"},{"contents":[{"Right":1},[]],"tag":"App"},{"contents":[{"Right":2},[]],"tag":"App"}]],"tag":"App"},{"contents":[{"Left":"Algebra.Properties.Monoid.Mult.TCOptimised._._×′_"},[{"contents":[{"Right":5},[]],"tag":"App"},{"contents":[{"Right":4},[]],"tag":"App"},{"contents":[{"Left":"Algebra.Bundles.SemiringWithoutAnnihilatingZero._.monoid"},[{"contents":[{"Right":5},[]],"tag":"App"},{"contents":[{"Right":4},[]],"tag":"App"},{"contents":[{"Left":"Algebra.Bundles.Semiring.semiringWithoutAnnihilatingZero"},[{"contents":[{"Right":5},[]],"tag":"App"},{"contents":[{"Right":4},[]],"tag":"App"},{"contents":[{"Right":3},[]],"tag":"App"}]],"tag":"App"}]],"tag":"App"},{"contents":[{"Right":0},[]],"tag":"App"},{"contents":[{"Right":2},[]],"tag":"App"}]],"tag":"App"}]],"tag":"App"}]],"tag":"App"}],"tag":"Pi"}],"tag":"Pi"}],"tag":"Pi"}],"tag":"Pi"}],"tag":"Pi"}],"tag":"Pi"},"reduced":null,"simplified":{"contents":[{"item":{"contents":[{"Left":"Agda.Primitive.Level"},[]],"tag":"App"},"name":"a"},{"contents":[{"item":{"contents":[{"Left":"Agda.Primitive.Level"},[]],"tag":"App"},"name":"ℓ"},{"contents":[{"item":{"contents":[{"Left":"Algebra.Bundles.Semiring"},[{"contents":[{"Right":1},[]],"tag":"App"},{"contents":[{"Right":0},[]],"tag":"App"}]],"tag":"App"},"name":"S"},{"contents":[{"item":{"contents":[{"Left":"Algebra.Bundles.SemiringWithoutAnnihilatingZero._.monoid"},[{"contents":[{"Right":2},[]],"tag":"App"},{"contents":[{"Right":1},[]],"tag":"App"},{"contents":[{"Left":"Algebra.Bundles.Semiring.semiringWithoutAnnihilatingZero"},[{"contents":[{"Right":2},[]],"tag":"App"},{"contents":[{"Right":1},[]],"tag":"App"},{"contents":[{"Right":0},[]],"tag":"App"}]],"tag":"App"},{"contents":[{"Left":"Algebra.Bundles.Monoid.Carrier"},[]],"tag":"App"}]],"tag":"App"},"name":"c"},{"contents":[{"item":{"contents":[{"Left":"Agda.Builtin.Nat.Nat"},[]],"tag":"App"},"name":"m"},{"contents":[{"item":{"contents":[{"Left":"Agda.Builtin.Nat.Nat"},[]],"tag":"App"},"name":"n"},{"contents":[{"Left":"Algebra.Bundles.SemiringWithoutAnnihilatingZero._.monoid"},[{"contents":[{"Right":5},[]],"tag":"App"},{"contents":[{"Right":4},[]],"tag":"App"},{"contents":[{"Left":"Algebra.Bundles.Semiring.semiringWithoutAnnihilatingZero"},[{"contents":[{"Right":5},[]],"tag":"App"},{"contents":[{"Right":4},[]],"tag":"App"},{"contents":[{"Right":3},[]],"tag":"App"}]],"tag":"App"},{"contents":[{"Left":"Algebra.Bundles.Monoid._≈_"},[]],"tag":"App"},{"contents":[{"Left":"Algebra.Properties.Monoid.Mult.TCOptimised._._×′_"},[{"contents":[{"Right":5},[]],"tag":"App"},{"contents":[{"Right":4},[]],"tag":"App"},{"contents":[{"Left":"Algebra.Bundles.SemiringWithoutAnnihilatingZero._.monoid"},[{"contents":[{"Right":5},[]],"tag":"App"},{"contents":[{"Right":4},[]],"tag":"App"},{"contents":[{"Left":"Algebra.Bundles.Semiring.semiringWithoutAnnihilatingZero"},[{"contents":[{"Right":5},[]],"tag":"App"},{"contents":[{"Right":4},[]],"tag":"App"},{"contents":[{"Right":3},[]],"tag":"App"}]],"tag":"App"}]],"tag":"App"},{"contents":[{"Left":"Agda.Builtin.Nat._+_"},[{"contents":[{"Right":1},[]],"tag":"App"},{"contents":[{"Right":0},[]],"tag":"App"}]],"tag":"App"},{"contents":[{"Right":2},[]],"tag":"App"}]],"tag":"App"},{"contents":[{"Left":"Algebra.Bundles.SemiringWithoutAnnihilatingZero._.monoid"},[{"contents":[{"Right":5},[]],"tag":"App"},{"contents":[{"Right":4},[]],"tag":"App"},{"contents":[{"Left":"Algebra.Bundles.Semiring.semiringWithoutAnnihilatingZero"},[{"contents":[{"Right":5},[]],"tag":"App"},{"contents":[{"Right":4},[]],"tag":"App"},{"contents":[{"Right":3},[]],"tag":"App"}]],"tag":"App"},{"contents":[{"Left":"Algebra.Bundles.Monoid._∙_"},[]],"tag":"App"},{"contents":[{"Left":"Algebra.Properties.Monoid.Mult.TCOptimised._._×′_"},[{"contents":[{"Right":5},[]],"tag":"App"},{"contents":[{"Right":4},[]],"tag":"App"},{"contents":[{"Left":"Algebra.Bundles.SemiringWithoutAnnihilatingZero._.monoid"},[{"contents":[{"Right":5},[]],"tag":"App"},{"contents":[{"Right":4},[]],"tag":"App"},{"contents":[{"Left":"Algebra.Bundles.Semiring.semiringWithoutAnnihilatingZero"},[{"contents":[{"Right":5},[]],"tag":"App"},{"contents":[{"Right":4},[]],"tag":"App"},{"contents":[{"Right":3},[]],"tag":"App"}]],"tag":"App"}]],"tag":"App"},{"contents":[{"Right":1},[]],"tag":"App"},{"contents":[{"Right":2},[]],"tag":"App"}]],"tag":"App"},{"contents":[{"Left":"Algebra.Properties.Monoid.Mult.TCOptimised._._×′_"},[{"contents":[{"Right":5},[]],"tag":"App"},{"contents":[{"Right":4},[]],"tag":"App"},{"contents":[{"Left":"Algebra.Bundles.SemiringWithoutAnnihilatingZero._.monoid"},[{"contents":[{"Right":5},[]],"tag":"App"},{"contents":[{"Right":4},[]],"tag":"App"},{"contents":[{"Left":"Algebra.Bundles.Semiring.semiringWithoutAnnihilatingZero"},[{"contents":[{"Right":5},[]],"tag":"App"},{"contents":[{"Right":4},[]],"tag":"App"},{"contents":[{"Right":3},[]],"tag":"App"}]],"tag":"App"}]],"tag":"App"},{"contents":[{"Right":0},[]],"tag":"App"},{"contents":[{"Right":2},[]],"tag":"App"}]],"tag":"App"}]],"tag":"App"}]],"tag":"App"}],"tag":"Pi"}],"tag":"Pi"}],"tag":"Pi"}],"tag":"Pi"}],"tag":"Pi"}],"tag":"Pi"}}},"name":"Algebra.Properties.Semiring.Mult.TCOptimised._.×-homo-+"},{"item":{"pretty":"{a ℓ : Agda.Primitive.Level} (S : Semiring a ℓ) (n : ℕ.ℕ)\n(x\n : RawMonoid.Carrier\n   (Monoid.rawMonoid\n    (SemiringWithoutAnnihilatingZero.+-monoid\n     (Semiring.semiringWithoutAnnihilatingZero S)))) →\n(SemiringWithoutAnnihilatingZero.+-monoid\n (Semiring.semiringWithoutAnnihilatingZero S)\n Monoid.≈\n (Monoid.rawMonoid\n  (SemiringWithoutAnnihilatingZero.+-monoid\n   (Semiring.semiringWithoutAnnihilatingZero S))\n  Algebra.Definitions.RawMonoid.× n)\n x)\n((Monoid.rawMonoid\n  (SemiringWithoutAnnihilatingZero.+-monoid\n   (Semiring.semiringWithoutAnnihilatingZero S))\n  Algebra.Definitions.RawMonoid.×′ n)\n x)","thing":{"normalised":{"contents":[{"item":{"contents":[{"Left":"Agda.Primitive.Level"},[]],"tag":"App"},"name":"a"},{"contents":[{"item":{"contents":[{"Left":"Agda.Primitive.Level"},[]],"tag":"App"},"name":"ℓ"},{"contents":[{"item":{"contents":[{"Left":"Algebra.Bundles.Semiring"},[{"contents":[{"Right":1},[]],"tag":"App"},{"contents":[{"Right":0},[]],"tag":"App"}]],"tag":"App"},"name":"S"},{"contents":[{"item":{"contents":[{"Left":"Agda.Builtin.Nat.Nat"},[]],"tag":"App"},"name":"n"},{"contents":[{"item":{"contents":[{"Right":1},[{"contents":[{"Left":"Algebra.Bundles.Semiring.Carrier"},[]],"tag":"App"}]],"tag":"App"},"name":"x"},{"contents":[{"Right":2},[{"contents":[{"Left":"Algebra.Bundles.Semiring._≈_"},[]],"tag":"App"},{"contents":[{"Left":"Algebra.Definitions.RawMonoid._×_"},[{"contents":[{"Right":4},[]],"tag":"App"},{"contents":[{"Right":3},[]],"tag":"App"},{"contents":[{"Left":"Algebra.Bundles.Monoid.rawMonoid"},[{"contents":[{"Right":4},[]],"tag":"App"},{"contents":[{"Right":3},[]],"tag":"App"},{"contents":[{"Left":"Algebra.Bundles.CommutativeMonoid.monoid"},[{"contents":[{"Right":4},[]],"tag":"App"},{"contents":[{"Right":3},[]],"tag":"App"},{"contents":[{"Left":"Algebra.Bundles.SemiringWithoutAnnihilatingZero.+-commutativeMonoid"},[{"contents":[{"Right":4},[]],"tag":"App"},{"contents":[{"Right":3},[]],"tag":"App"},{"contents":[{"Left":"Algebra.Bundles.Semiring.semiringWithoutAnnihilatingZero"},[{"contents":[{"Right":4},[]],"tag":"App"},{"contents":[{"Right":3},[]],"tag":"App"},{"contents":[{"Right":2},[]],"tag":"App"}]],"tag":"App"}]],"tag":"App"}]],"tag":"App"}]],"tag":"App"},{"contents":[{"Right":1},[]],"tag":"App"},{"contents":[{"Right":0},[]],"tag":"App"}]],"tag":"App"},{"contents":[{"Left":"Algebra.Definitions.RawMonoid._×′_"},[{"contents":[{"Right":4},[]],"tag":"App"},{"contents":[{"Right":3},[]],"tag":"App"},{"contents":[{"Left":"Algebra.Bundles.Monoid.rawMonoid"},[{"contents":[{"Right":4},[]],"tag":"App"},{"contents":[{"Right":3},[]],"tag":"App"},{"contents":[{"Left":"Algebra.Bundles.CommutativeMonoid.monoid"},[{"contents":[{"Right":4},[]],"tag":"App"},{"contents":[{"Right":3},[]],"tag":"App"},{"contents":[{"Left":"Algebra.Bundles.SemiringWithoutAnnihilatingZero.+-commutativeMonoid"},[{"contents":[{"Right":4},[]],"tag":"App"},{"contents":[{"Right":3},[]],"tag":"App"},{"contents":[{"Left":"Algebra.Bundles.Semiring.semiringWithoutAnnihilatingZero"},[{"contents":[{"Right":4},[]],"tag":"App"},{"contents":[{"Right":3},[]],"tag":"App"},{"contents":[{"Right":2},[]],"tag":"App"}]],"tag":"App"}]],"tag":"App"}]],"tag":"App"}]],"tag":"App"},{"contents":[{"Right":1},[]],"tag":"App"},{"contents":[{"Right":0},[]],"tag":"App"}]],"tag":"App"}]],"tag":"App"}],"tag":"Pi"}],"tag":"Pi"}],"tag":"Pi"}],"tag":"Pi"}],"tag":"Pi"},"original":{"contents":[{"item":{"contents":[{"Left":"Agda.Primitive.Level"},[]],"tag":"App"},"name":"a"},{"contents":[{"item":{"contents":[{"Left":"Agda.Primitive.Level"},[]],"tag":"App"},"name":"ℓ"},{"contents":[{"item":{"contents":[{"Left":"Algebra.Bundles.Semiring"},[{"contents":[{"Right":1},[]],"tag":"App"},{"contents":[{"Right":0},[]],"tag":"App"}]],"tag":"App"},"name":"S"},{"contents":[{"item":{"contents":[{"Left":"Agda.Builtin.Nat.Nat"},[]],"tag":"App"},"name":"n"},{"contents":[{"item":{"contents":[{"Left":"Algebra.Bundles.Monoid.rawMonoid"},[{"contents":[{"Right":3},[]],"tag":"App"},{"contents":[{"Right":2},[]],"tag":"App"},{"contents":[{"Left":"Algebra.Bundles.SemiringWithoutAnnihilatingZero._.monoid"},[{"contents":[{"Right":3},[]],"tag":"App"},{"contents":[{"Right":2},[]],"tag":"App"},{"contents":[{"Left":"Algebra.Bundles.Semiring.semiringWithoutAnnihilatingZero"},[{"contents":[{"Right":3},[]],"tag":"App"},{"contents":[{"Right":2},[]],"tag":"App"},{"contents":[{"Right":1},[]],"tag":"App"}]],"tag":"App"}]],"tag":"App"},{"contents":[{"Left":"Algebra.Bundles.RawMonoid.Carrier"},[]],"tag":"App"}]],"tag":"App"},"name":"x"},{"contents":[{"Left":"Algebra.Bundles.SemiringWithoutAnnihilatingZero._.monoid"},[{"contents":[{"Right":4},[]],"tag":"App"},{"contents":[{"Right":3},[]],"tag":"App"},{"contents":[{"Left":"Algebra.Bundles.Semiring.semiringWithoutAnnihilatingZero"},[{"contents":[{"Right":4},[]],"tag":"App"},{"contents":[{"Right":3},[]],"tag":"App"},{"contents":[{"Right":2},[]],"tag":"App"}]],"tag":"App"},{"contents":[{"Left":"Algebra.Bundles.Monoid._≈_"},[]],"tag":"App"},{"contents":[{"Left":"Algebra.Properties.Monoid.Mult.TCOptimised.U._×_"},[{"contents":[{"Right":4},[]],"tag":"App"},{"contents":[{"Right":3},[]],"tag":"App"},{"contents":[{"Left":"Algebra.Bundles.SemiringWithoutAnnihilatingZero._.monoid"},[{"contents":[{"Right":4},[]],"tag":"App"},{"contents":[{"Right":3},[]],"tag":"App"},{"contents":[{"Left":"Algebra.Bundles.Semiring.semiringWithoutAnnihilatingZero"},[{"contents":[{"Right":4},[]],"tag":"App"},{"contents":[{"Right":3},[]],"tag":"App"},{"contents":[{"Right":2},[]],"tag":"App"}]],"tag":"App"}]],"tag":"App"},{"contents":[{"Right":1},[]],"tag":"App"},{"contents":[{"Right":0},[]],"tag":"App"}]],"tag":"App"},{"contents":[{"Left":"Algebra.Properties.Monoid.Mult.TCOptimised._._×′_"},[{"contents":[{"Right":4},[]],"tag":"App"},{"contents":[{"Right":3},[]],"tag":"App"},{"contents":[{"Left":"Algebra.Bundles.SemiringWithoutAnnihilatingZero._.monoid"},[{"contents":[{"Right":4},[]],"tag":"App"},{"contents":[{"Right":3},[]],"tag":"App"},{"contents":[{"Left":"Algebra.Bundles.Semiring.semiringWithoutAnnihilatingZero"},[{"contents":[{"Right":4},[]],"tag":"App"},{"contents":[{"Right":3},[]],"tag":"App"},{"contents":[{"Right":2},[]],"tag":"App"}]],"tag":"App"}]],"tag":"App"},{"contents":[{"Right":1},[]],"tag":"App"},{"contents":[{"Right":0},[]],"tag":"App"}]],"tag":"App"}]],"tag":"App"}],"tag":"Pi"}],"tag":"Pi"}],"tag":"Pi"}],"tag":"Pi"}],"tag":"Pi"},"reduced":null,"simplified":{"contents":[{"item":{"contents":[{"Left":"Agda.Primitive.Level"},[]],"tag":"App"},"name":"a"},{"contents":[{"item":{"contents":[{"Left":"Agda.Primitive.Level"},[]],"tag":"App"},"name":"ℓ"},{"contents":[{"item":{"contents":[{"Left":"Algebra.Bundles.Semiring"},[{"contents":[{"Right":1},[]],"tag":"App"},{"contents":[{"Right":0},[]],"tag":"App"}]],"tag":"App"},"name":"S"},{"contents":[{"item":{"contents":[{"Left":"Agda.Builtin.Nat.Nat"},[]],"tag":"App"},"name":"n"},{"contents":[{"item":{"contents":[{"Left":"Algebra.Bundles.SemiringWithoutAnnihilatingZero._.monoid"},[{"contents":[{"Right":3},[]],"tag":"App"},{"contents":[{"Right":2},[]],"tag":"App"},{"contents":[{"Left":"Algebra.Bundles.Semiring.semiringWithoutAnnihilatingZero"},[{"contents":[{"Right":3},[]],"tag":"App"},{"contents":[{"Right":2},[]],"tag":"App"},{"contents":[{"Right":1},[]],"tag":"App"}]],"tag":"App"},{"contents":[{"Left":"Algebra.Bundles.Monoid.Carrier"},[]],"tag":"App"}]],"tag":"App"},"name":"x"},{"contents":[{"Left":"Algebra.Bundles.SemiringWithoutAnnihilatingZero._.monoid"},[{"contents":[{"Right":4},[]],"tag":"App"},{"contents":[{"Right":3},[]],"tag":"App"},{"contents":[{"Left":"Algebra.Bundles.Semiring.semiringWithoutAnnihilatingZero"},[{"contents":[{"Right":4},[]],"tag":"App"},{"contents":[{"Right":3},[]],"tag":"App"},{"contents":[{"Right":2},[]],"tag":"App"}]],"tag":"App"},{"contents":[{"Left":"Algebra.Bundles.Monoid._≈_"},[]],"tag":"App"},{"contents":[{"Left":"Algebra.Properties.Monoid.Mult.TCOptimised.U._×_"},[{"contents":[{"Right":4},[]],"tag":"App"},{"contents":[{"Right":3},[]],"tag":"App"},{"contents":[{"Left":"Algebra.Bundles.SemiringWithoutAnnihilatingZero._.monoid"},[{"contents":[{"Right":4},[]],"tag":"App"},{"contents":[{"Right":3},[]],"tag":"App"},{"contents":[{"Left":"Algebra.Bundles.Semiring.semiringWithoutAnnihilatingZero"},[{"contents":[{"Right":4},[]],"tag":"App"},{"contents":[{"Right":3},[]],"tag":"App"},{"contents":[{"Right":2},[]],"tag":"App"}]],"tag":"App"}]],"tag":"App"},{"contents":[{"Right":1},[]],"tag":"App"},{"contents":[{"Right":0},[]],"tag":"App"}]],"tag":"App"},{"contents":[{"Left":"Algebra.Properties.Monoid.Mult.TCOptimised._._×′_"},[{"contents":[{"Right":4},[]],"tag":"App"},{"contents":[{"Right":3},[]],"tag":"App"},{"contents":[{"Left":"Algebra.Bundles.SemiringWithoutAnnihilatingZero._.monoid"},[{"contents":[{"Right":4},[]],"tag":"App"},{"contents":[{"Right":3},[]],"tag":"App"},{"contents":[{"Left":"Algebra.Bundles.Semiring.semiringWithoutAnnihilatingZero"},[{"contents":[{"Right":4},[]],"tag":"App"},{"contents":[{"Right":3},[]],"tag":"App"},{"contents":[{"Right":2},[]],"tag":"App"}]],"tag":"App"}]],"tag":"App"},{"contents":[{"Right":1},[]],"tag":"App"},{"contents":[{"Right":0},[]],"tag":"App"}]],"tag":"App"}]],"tag":"App"}],"tag":"Pi"}],"tag":"Pi"}],"tag":"Pi"}],"tag":"Pi"}],"tag":"Pi"}}},"name":"Algebra.Properties.Semiring.Mult.TCOptimised._.×ᵤ≈×"},{"item":{"pretty":"{a ℓ : Agda.Primitive.Level} (S : Semiring a ℓ) (m n : ℕ.ℕ) →\n(S Semiring.≈ (S × (m ℕ.* n)) (Semiring.1# S))\n((S Semiring.* (S × m) (Semiring.1# S)) ((S × n) (Semiring.1# S)))","thing":{"normalised":{"contents":[{"item":{"contents":[{"Left":"Agda.Primitive.Level"},[]],"tag":"App"},"name":"a"},{"contents":[{"item":{"contents":[{"Left":"Agda.Primitive.Level"},[]],"tag":"App"},"name":"ℓ"},{"contents":[{"item":{"contents":[{"Left":"Algebra.Bundles.Semiring"},[{"contents":[{"Right":1},[]],"tag":"App"},{"contents":[{"Right":0},[]],"tag":"App"}]],"tag":"App"},"name":"S"},{"contents":[{"item":{"contents":[{"Left":"Agda.Builtin.Nat.Nat"},[]],"tag":"App"},"name":"m"},{"contents":[{"item":{"contents":[{"Left":"Agda.Builtin.Nat.Nat"},[]],"tag":"App"},"name":"n"},{"contents":[{"Right":2},[{"contents":[{"Left":"Algebra.Bundles.Semiring._≈_"},[]],"tag":"App"},{"contents":[{"Left":"Algebra.Definitions.RawMonoid._×′_"},[{"contents":[{"Right":4},[]],"tag":"App"},{"contents":[{"Right":3},[]],"tag":"App"},{"contents":[{"Left":"Algebra.Bundles.Monoid.rawMonoid"},[{"contents":[{"Right":4},[]],"tag":"App"},{"contents":[{"Right":3},[]],"tag":"App"},{"contents":[{"Left":"Algebra.Bundles.CommutativeMonoid.monoid"},[{"contents":[{"Right":4},[]],"tag":"App"},{"contents":[{"Right":3},[]],"tag":"App"},{"contents":[{"Left":"Algebra.Bundles.SemiringWithoutAnnihilatingZero.+-commutativeMonoid"},[{"contents":[{"Right":4},[]],"tag":"App"},{"contents":[{"Right":3},[]],"tag":"App"},{"contents":[{"Left":"Algebra.Bundles.Semiring.semiringWithoutAnnihilatingZero"},[{"contents":[{"Right":4},[]],"tag":"App"},{"contents":[{"Right":3},[]],"tag":"App"},{"contents":[{"Right":2},[]],"tag":"App"}]],"tag":"App"}]],"tag":"App"}]],"tag":"App"}]],"tag":"App"},{"contents":[{"Left":"Agda.Builtin.Nat._*_"},[{"contents":[{"Right":1},[]],"tag":"App"},{"contents":[{"Right":0},[]],"tag":"App"}]],"tag":"App"},{"contents":[{"Right":2},[{"contents":[{"Left":"Algebra.Bundles.Semiring.1#"},[]],"tag":"App"}]],"tag":"App"}]],"tag":"App"},{"contents":[{"Right":2},[{"contents":[{"Left":"Algebra.Bundles.Semiring._*_"},[]],"tag":"App"},{"contents":[{"Left":"Algebra.Definitions.RawMonoid._×′_"},[{"contents":[{"Right":4},[]],"tag":"App"},{"contents":[{"Right":3},[]],"tag":"App"},{"contents":[{"Left":"Algebra.Bundles.Monoid.rawMonoid"},[{"contents":[{"Right":4},[]],"tag":"App"},{"contents":[{"Right":3},[]],"tag":"App"},{"contents":[{"Left":"Algebra.Bundles.CommutativeMonoid.monoid"},[{"contents":[{"Right":4},[]],"tag":"App"},{"contents":[{"Right":3},[]],"tag":"App"},{"contents":[{"Left":"Algebra.Bundles.SemiringWithoutAnnihilatingZero.+-commutativeMonoid"},[{"contents":[{"Right":4},[]],"tag":"App"},{"contents":[{"Right":3},[]],"tag":"App"},{"contents":[{"Left":"Algebra.Bundles.Semiring.semiringWithoutAnnihilatingZero"},[{"contents":[{"Right":4},[]],"tag":"App"},{"contents":[{"Right":3},[]],"tag":"App"},{"contents":[{"Right":2},[]],"tag":"App"}]],"tag":"App"}]],"tag":"App"}]],"tag":"App"}]],"tag":"App"},{"contents":[{"Right":1},[]],"tag":"App"},{"contents":[{"Right":2},[{"contents":[{"Left":"Algebra.Bundles.Semiring.1#"},[]],"tag":"App"}]],"tag":"App"}]],"tag":"App"},{"contents":[{"Left":"Algebra.Definitions.RawMonoid._×′_"},[{"contents":[{"Right":4},[]],"tag":"App"},{"contents":[{"Right":3},[]],"tag":"App"},{"contents":[{"Left":"Algebra.Bundles.Monoid.rawMonoid"},[{"contents":[{"Right":4},[]],"tag":"App"},{"contents":[{"Right":3},[]],"tag":"App"},{"contents":[{"Left":"Algebra.Bundles.CommutativeMonoid.monoid"},[{"contents":[{"Right":4},[]],"tag":"App"},{"contents":[{"Right":3},[]],"tag":"App"},{"contents":[{"Left":"Algebra.Bundles.SemiringWithoutAnnihilatingZero.+-commutativeMonoid"},[{"contents":[{"Right":4},[]],"tag":"App"},{"contents":[{"Right":3},[]],"tag":"App"},{"contents":[{"Left":"Algebra.Bundles.Semiring.semiringWithoutAnnihilatingZero"},[{"contents":[{"Right":4},[]],"tag":"App"},{"contents":[{"Right":3},[]],"tag":"App"},{"contents":[{"Right":2},[]],"tag":"App"}]],"tag":"App"}]],"tag":"App"}]],"tag":"App"}]],"tag":"App"},{"contents":[{"Right":0},[]],"tag":"App"},{"contents":[{"Right":2},[{"contents":[{"Left":"Algebra.Bundles.Semiring.1#"},[]],"tag":"App"}]],"tag":"App"}]],"tag":"App"}]],"tag":"App"}]],"tag":"App"}],"tag":"Pi"}],"tag":"Pi"}],"tag":"Pi"}],"tag":"Pi"}],"tag":"Pi"},"original":{"contents":[{"item":{"contents":[{"Left":"Agda.Primitive.Level"},[]],"tag":"App"},"name":"a"},{"contents":[{"item":{"contents":[{"Left":"Agda.Primitive.Level"},[]],"tag":"App"},"name":"ℓ"},{"contents":[{"item":{"contents":[{"Left":"Algebra.Bundles.Semiring"},[{"contents":[{"Right":1},[]],"tag":"App"},{"contents":[{"Right":0},[]],"tag":"App"}]],"tag":"App"},"name":"S"},{"contents":[{"item":{"contents":[{"Left":"Agda.Builtin.Nat.Nat"},[]],"tag":"App"},"name":"m"},{"contents":[{"item":{"contents":[{"Left":"Agda.Builtin.Nat.Nat"},[]],"tag":"App"},"name":"n"},{"contents":[{"Right":2},[{"contents":[{"Left":"Algebra.Bundles.Semiring._≈_"},[]],"tag":"App"},{"contents":[{"Left":"Algebra.Properties.Semiring.Mult.TCOptimised._._×′_"},[{"contents":[{"Right":4},[]],"tag":"App"},{"contents":[{"Right":3},[]],"tag":"App"},{"contents":[{"Right":2},[]],"tag":"App"},{"contents":[{"Left":"Agda.Builtin.Nat._*_"},[{"contents":[{"Right":1},[]],"tag":"App"},{"contents":[{"Right":0},[]],"tag":"App"}]],"tag":"App"},{"contents":[{"Right":2},[{"contents":[{"Left":"Algebra.Bundles.Semiring.1#"},[]],"tag":"App"}]],"tag":"App"}]],"tag":"App"},{"contents":[{"Right":2},[{"contents":[{"Left":"Algebra.Bundles.Semiring._*_"},[]],"tag":"App"},{"contents":[{"Left":"Algebra.Properties.Semiring.Mult.TCOptimised._._×′_"},[{"contents":[{"Right":4},[]],"tag":"App"},{"contents":[{"Right":3},[]],"tag":"App"},{"contents":[{"Right":2},[]],"tag":"App"},{"contents":[{"Right":1},[]],"tag":"App"},{"contents":[{"Right":2},[{"contents":[{"Left":"Algebra.Bundles.Semiring.1#"},[]],"tag":"App"}]],"tag":"App"}]],"tag":"App"},{"contents":[{"Left":"Algebra.Properties.Semiring.Mult.TCOptimised._._×′_"},[{"contents":[{"Right":4},[]],"tag":"App"},{"contents":[{"Right":3},[]],"tag":"App"},{"contents":[{"Right":2},[]],"tag":"App"},{"contents":[{"Right":0},[]],"tag":"App"},{"contents":[{"Right":2},[{"contents":[{"Left":"Algebra.Bundles.Semiring.1#"},[]],"tag":"App"}]],"tag":"App"}]],"tag":"App"}]],"tag":"App"}]],"tag":"App"}],"tag":"Pi"}],"tag":"Pi"}],"tag":"Pi"}],"tag":"Pi"}],"tag":"Pi"},"reduced":null,"simplified":null}},"name":"Algebra.Properties.Semiring.Mult.TCOptimised.×1-homo-*"}],"name":"Algebra.Properties.Semiring.Mult.TCOptimised"},"samples":[]}