{"scope":{"item":[{"item":{"pretty":"(c ℓ : Level) → Set (suc c ⊔ suc ℓ)","thing":{"normalised":null,"original":{"contents":[{"item":{"contents":[{"Left":"Agda.Primitive.Level"},[]],"tag":"App"},"name":"c"},{"contents":[{"item":{"contents":[{"Left":"Agda.Primitive.Level"},[]],"tag":"App"},"name":"ℓ"},{"contents":"Set (lub (lsuc @1) (lsuc @0))","tag":"Sort"}],"tag":"Pi"}],"tag":"Pi"},"reduced":null,"simplified":null}},"name":"Algebra.Bundles.RawMagma"},{"item":{"pretty":"{ℓ : Level} →\nRelation.Binary.Definitions.Decidable Agda.Builtin.Equality._≡_","thing":{"normalised":{"contents":[{"item":{"contents":[{"Left":"Agda.Primitive.Level"},[]],"tag":"App"},"name":"ℓ"},{"contents":[{"item":{"contents":[{"Left":"Level.Lift"},[{"contents":"lzero","tag":"Level"},{"contents":[{"Right":0},[]],"tag":"App"},{"contents":[{"Left":"Agda.Builtin.Unit.⊤"},[]],"tag":"App"}]],"tag":"App"},"name":"x"},{"contents":[{"item":{"contents":[{"Left":"Level.Lift"},[{"contents":"lzero","tag":"Level"},{"contents":[{"Right":1},[]],"tag":"App"},{"contents":[{"Left":"Agda.Builtin.Unit.⊤"},[]],"tag":"App"}]],"tag":"App"},"name":"y"},{"contents":[{"Left":"Relation.Nullary.Dec"},[{"contents":[{"Right":2},[]],"tag":"App"},{"contents":[{"Left":"Agda.Builtin.Equality._≡_"},[{"contents":[{"Right":2},[]],"tag":"App"},{"contents":[{"Left":"Level.Lift"},[{"contents":"lzero","tag":"Level"},{"contents":[{"Right":2},[]],"tag":"App"},{"contents":[{"Left":"Agda.Builtin.Unit.⊤"},[]],"tag":"App"}]],"tag":"App"},{"contents":[{"Right":1},[]],"tag":"App"},{"contents":[{"Right":0},[]],"tag":"App"}]],"tag":"App"}]],"tag":"App"}],"tag":"Pi"}],"tag":"Pi"}],"tag":"Pi"},"original":{"contents":[{"item":{"contents":[{"Left":"Agda.Primitive.Level"},[]],"tag":"App"},"name":"ℓ"},{"contents":[{"Left":"Relation.Binary.Definitions.Decidable"},[{"contents":[{"Right":0},[]],"tag":"App"},{"contents":[{"Left":"Data.Unit.Polymorphic.Base.⊤"},[{"contents":[{"Right":0},[]],"tag":"App"}]],"tag":"App"},{"contents":[{"Right":0},[]],"tag":"App"},{"contents":[{"Left":"Data.Unit.Polymorphic.Base.⊤"},[{"contents":[{"Right":0},[]],"tag":"App"}]],"tag":"App"},{"contents":[{"Right":0},[]],"tag":"App"},{"contents":[{"Left":"Agda.Builtin.Equality._≡_"},[{"contents":[{"Right":0},[]],"tag":"App"},{"contents":[{"Left":"Data.Unit.Polymorphic.Base.⊤"},[{"contents":[{"Right":0},[]],"tag":"App"}]],"tag":"App"}]],"tag":"App"}]],"tag":"App"}],"tag":"Pi"},"reduced":null,"simplified":null}},"name":"Data.Unit.Polymorphic.Properties._≟_"},{"item":{"pretty":"{ℓ : Level} → Set ℓ","thing":{"normalised":null,"original":{"contents":[{"item":{"contents":[{"Left":"Agda.Primitive.Level"},[]],"tag":"App"},"name":"ℓ"},{"contents":"Set @0","tag":"Sort"}],"tag":"Pi"},"reduced":null,"simplified":null}},"name":"Data.Unit.Polymorphic.Base.⊤"},{"item":{"pretty":"{ℓ : Level} → ⊤","thing":{"normalised":{"contents":[{"item":{"contents":[{"Left":"Agda.Primitive.Level"},[]],"tag":"App"},"name":"ℓ"},{"contents":[{"Left":"Level.Lift"},[{"contents":"lzero","tag":"Level"},{"contents":[{"Right":0},[]],"tag":"App"},{"contents":[{"Left":"Agda.Builtin.Unit.⊤"},[]],"tag":"App"}]],"tag":"App"}],"tag":"Pi"},"original":{"contents":[{"item":{"contents":[{"Left":"Agda.Primitive.Level"},[]],"tag":"App"},"name":"ℓ"},{"contents":[{"Left":"Data.Unit.Polymorphic.Base.⊤"},[{"contents":[{"Right":0},[]],"tag":"App"}]],"tag":"App"}],"tag":"Pi"},"reduced":null,"simplified":null}},"name":"Data.Unit.Polymorphic.Base.tt"},{"item":{"pretty":"{c ℓ r ℓr : Level} {R : Semiring r ℓr} → LeftSemimodule R c ℓ","thing":{"normalised":null,"original":{"contents":[{"item":{"contents":[{"Left":"Agda.Primitive.Level"},[]],"tag":"App"},"name":"c"},{"contents":[{"item":{"contents":[{"Left":"Agda.Primitive.Level"},[]],"tag":"App"},"name":"ℓ"},{"contents":[{"item":{"contents":[{"Left":"Agda.Primitive.Level"},[]],"tag":"App"},"name":"r"},{"contents":[{"item":{"contents":[{"Left":"Agda.Primitive.Level"},[]],"tag":"App"},"name":"ℓr"},{"contents":[{"item":{"contents":[{"Left":"Algebra.Bundles.Semiring"},[{"contents":[{"Right":1},[]],"tag":"App"},{"contents":[{"Right":0},[]],"tag":"App"}]],"tag":"App"},"name":"R"},{"contents":[{"Left":"Algebra.Module.Bundles.LeftSemimodule"},[{"contents":[{"Right":2},[]],"tag":"App"},{"contents":[{"Right":1},[]],"tag":"App"},{"contents":[{"Right":0},[]],"tag":"App"},{"contents":[{"Right":4},[]],"tag":"App"},{"contents":[{"Right":3},[]],"tag":"App"}]],"tag":"App"}],"tag":"Pi"}],"tag":"Pi"}],"tag":"Pi"}],"tag":"Pi"}],"tag":"Pi"},"reduced":null,"simplified":null}},"name":"Algebra.Module.Construct.Zero.leftSemimodule"},{"item":{"pretty":"{r ℓr : Level} (semiring : Semiring r ℓr) (m ℓm : Level) →\nSet (r ⊔ ℓr ⊔ suc m ⊔ suc ℓm)","thing":{"normalised":null,"original":{"contents":[{"item":{"contents":[{"Left":"Agda.Primitive.Level"},[]],"tag":"App"},"name":"r"},{"contents":[{"item":{"contents":[{"Left":"Agda.Primitive.Level"},[]],"tag":"App"},"name":"ℓr"},{"contents":[{"item":{"contents":[{"Left":"Algebra.Bundles.Semiring"},[{"contents":[{"Right":1},[]],"tag":"App"},{"contents":[{"Right":0},[]],"tag":"App"}]],"tag":"App"},"name":"semiring"},{"contents":[{"item":{"contents":[{"Left":"Agda.Primitive.Level"},[]],"tag":"App"},"name":"m"},{"contents":[{"item":{"contents":[{"Left":"Agda.Primitive.Level"},[]],"tag":"App"},"name":"ℓm"},{"contents":"Set (lub @4 lub @3 lub (lsuc @1) (lsuc @0))","tag":"Sort"}],"tag":"Pi"}],"tag":"Pi"}],"tag":"Pi"}],"tag":"Pi"}],"tag":"Pi"},"reduced":null,"simplified":null}},"name":"Algebra.Module.Bundles.LeftSemimodule"},{"item":{"pretty":"{c ℓ s ℓs : Level} {S : Semiring s ℓs} → RightSemimodule S c ℓ","thing":{"normalised":null,"original":{"contents":[{"item":{"contents":[{"Left":"Agda.Primitive.Level"},[]],"tag":"App"},"name":"c"},{"contents":[{"item":{"contents":[{"Left":"Agda.Primitive.Level"},[]],"tag":"App"},"name":"ℓ"},{"contents":[{"item":{"contents":[{"Left":"Agda.Primitive.Level"},[]],"tag":"App"},"name":"s"},{"contents":[{"item":{"contents":[{"Left":"Agda.Primitive.Level"},[]],"tag":"App"},"name":"ℓs"},{"contents":[{"item":{"contents":[{"Left":"Algebra.Bundles.Semiring"},[{"contents":[{"Right":1},[]],"tag":"App"},{"contents":[{"Right":0},[]],"tag":"App"}]],"tag":"App"},"name":"S"},{"contents":[{"Left":"Algebra.Module.Bundles.RightSemimodule"},[{"contents":[{"Right":2},[]],"tag":"App"},{"contents":[{"Right":1},[]],"tag":"App"},{"contents":[{"Right":0},[]],"tag":"App"},{"contents":[{"Right":4},[]],"tag":"App"},{"contents":[{"Right":3},[]],"tag":"App"}]],"tag":"App"}],"tag":"Pi"}],"tag":"Pi"}],"tag":"Pi"}],"tag":"Pi"}],"tag":"Pi"},"reduced":null,"simplified":null}},"name":"Algebra.Module.Construct.Zero.rightSemimodule"},{"item":{"pretty":"(c ℓ : Level) → Set (suc c ⊔ suc ℓ)","thing":{"normalised":null,"original":{"contents":[{"item":{"contents":[{"Left":"Agda.Primitive.Level"},[]],"tag":"App"},"name":"c"},{"contents":[{"item":{"contents":[{"Left":"Agda.Primitive.Level"},[]],"tag":"App"},"name":"ℓ"},{"contents":"Set (lub (lsuc @1) (lsuc @0))","tag":"Sort"}],"tag":"Pi"}],"tag":"Pi"},"reduced":null,"simplified":null}},"name":"Algebra.Bundles.Magma"},{"item":{"pretty":"{c ℓ r ℓr s ℓs : Level} {R : Semiring r ℓr} {S : Semiring s ℓs} →\nBisemimodule R S c ℓ","thing":{"normalised":null,"original":{"contents":[{"item":{"contents":[{"Left":"Agda.Primitive.Level"},[]],"tag":"App"},"name":"c"},{"contents":[{"item":{"contents":[{"Left":"Agda.Primitive.Level"},[]],"tag":"App"},"name":"ℓ"},{"contents":[{"item":{"contents":[{"Left":"Agda.Primitive.Level"},[]],"tag":"App"},"name":"r"},{"contents":[{"item":{"contents":[{"Left":"Agda.Primitive.Level"},[]],"tag":"App"},"name":"ℓr"},{"contents":[{"item":{"contents":[{"Left":"Agda.Primitive.Level"},[]],"tag":"App"},"name":"s"},{"contents":[{"item":{"contents":[{"Left":"Agda.Primitive.Level"},[]],"tag":"App"},"name":"ℓs"},{"contents":[{"item":{"contents":[{"Left":"Algebra.Bundles.Semiring"},[{"contents":[{"Right":3},[]],"tag":"App"},{"contents":[{"Right":2},[]],"tag":"App"}]],"tag":"App"},"name":"R"},{"contents":[{"item":{"contents":[{"Left":"Algebra.Bundles.Semiring"},[{"contents":[{"Right":2},[]],"tag":"App"},{"contents":[{"Right":1},[]],"tag":"App"}]],"tag":"App"},"name":"S"},{"contents":[{"Left":"Algebra.Module.Bundles.Bisemimodule"},[{"contents":[{"Right":5},[]],"tag":"App"},{"contents":[{"Right":4},[]],"tag":"App"},{"contents":[{"Right":3},[]],"tag":"App"},{"contents":[{"Right":2},[]],"tag":"App"},{"contents":[{"Right":1},[]],"tag":"App"},{"contents":[{"Right":0},[]],"tag":"App"},{"contents":[{"Right":7},[]],"tag":"App"},{"contents":[{"Right":6},[]],"tag":"App"}]],"tag":"App"}],"tag":"Pi"}],"tag":"Pi"}],"tag":"Pi"}],"tag":"Pi"}],"tag":"Pi"}],"tag":"Pi"}],"tag":"Pi"}],"tag":"Pi"},"reduced":null,"simplified":null}},"name":"Algebra.Module.Construct.Zero.bisemimodule"},{"item":{"pretty":"{c ℓ r ℓr : Level} {R : CommutativeSemiring r ℓr} →\nSemimodule R c ℓ","thing":{"normalised":null,"original":{"contents":[{"item":{"contents":[{"Left":"Agda.Primitive.Level"},[]],"tag":"App"},"name":"c"},{"contents":[{"item":{"contents":[{"Left":"Agda.Primitive.Level"},[]],"tag":"App"},"name":"ℓ"},{"contents":[{"item":{"contents":[{"Left":"Agda.Primitive.Level"},[]],"tag":"App"},"name":"r"},{"contents":[{"item":{"contents":[{"Left":"Agda.Primitive.Level"},[]],"tag":"App"},"name":"ℓr"},{"contents":[{"item":{"contents":[{"Left":"Algebra.Bundles.CommutativeSemiring"},[{"contents":[{"Right":1},[]],"tag":"App"},{"contents":[{"Right":0},[]],"tag":"App"}]],"tag":"App"},"name":"R"},{"contents":[{"Left":"Algebra.Module.Bundles.Semimodule"},[{"contents":[{"Right":2},[]],"tag":"App"},{"contents":[{"Right":1},[]],"tag":"App"},{"contents":[{"Right":0},[]],"tag":"App"},{"contents":[{"Right":4},[]],"tag":"App"},{"contents":[{"Right":3},[]],"tag":"App"}]],"tag":"App"}],"tag":"Pi"}],"tag":"Pi"}],"tag":"Pi"}],"tag":"Pi"}],"tag":"Pi"},"reduced":null,"simplified":null}},"name":"Algebra.Module.Construct.Zero.semimodule"},{"item":{"pretty":"{c ℓ r ℓr : Level} {R : Ring r ℓr} → LeftModule R c ℓ","thing":{"normalised":null,"original":{"contents":[{"item":{"contents":[{"Left":"Agda.Primitive.Level"},[]],"tag":"App"},"name":"c"},{"contents":[{"item":{"contents":[{"Left":"Agda.Primitive.Level"},[]],"tag":"App"},"name":"ℓ"},{"contents":[{"item":{"contents":[{"Left":"Agda.Primitive.Level"},[]],"tag":"App"},"name":"r"},{"contents":[{"item":{"contents":[{"Left":"Agda.Primitive.Level"},[]],"tag":"App"},"name":"ℓr"},{"contents":[{"item":{"contents":[{"Left":"Algebra.Bundles.Ring"},[{"contents":[{"Right":1},[]],"tag":"App"},{"contents":[{"Right":0},[]],"tag":"App"}]],"tag":"App"},"name":"R"},{"contents":[{"Left":"Algebra.Module.Bundles.LeftModule"},[{"contents":[{"Right":2},[]],"tag":"App"},{"contents":[{"Right":1},[]],"tag":"App"},{"contents":[{"Right":0},[]],"tag":"App"},{"contents":[{"Right":4},[]],"tag":"App"},{"contents":[{"Right":3},[]],"tag":"App"}]],"tag":"App"}],"tag":"Pi"}],"tag":"Pi"}],"tag":"Pi"}],"tag":"Pi"}],"tag":"Pi"},"reduced":null,"simplified":null}},"name":"Algebra.Module.Construct.Zero.leftModule"},{"item":{"pretty":"{c ℓ s ℓs : Level} {S : Ring s ℓs} → RightModule S c ℓ","thing":{"normalised":null,"original":{"contents":[{"item":{"contents":[{"Left":"Agda.Primitive.Level"},[]],"tag":"App"},"name":"c"},{"contents":[{"item":{"contents":[{"Left":"Agda.Primitive.Level"},[]],"tag":"App"},"name":"ℓ"},{"contents":[{"item":{"contents":[{"Left":"Agda.Primitive.Level"},[]],"tag":"App"},"name":"s"},{"contents":[{"item":{"contents":[{"Left":"Agda.Primitive.Level"},[]],"tag":"App"},"name":"ℓs"},{"contents":[{"item":{"contents":[{"Left":"Algebra.Bundles.Ring"},[{"contents":[{"Right":1},[]],"tag":"App"},{"contents":[{"Right":0},[]],"tag":"App"}]],"tag":"App"},"name":"S"},{"contents":[{"Left":"Algebra.Module.Bundles.RightModule"},[{"contents":[{"Right":2},[]],"tag":"App"},{"contents":[{"Right":1},[]],"tag":"App"},{"contents":[{"Right":0},[]],"tag":"App"},{"contents":[{"Right":4},[]],"tag":"App"},{"contents":[{"Right":3},[]],"tag":"App"}]],"tag":"App"}],"tag":"Pi"}],"tag":"Pi"}],"tag":"Pi"}],"tag":"Pi"}],"tag":"Pi"},"reduced":null,"simplified":null}},"name":"Algebra.Module.Construct.Zero.rightModule"},{"item":{"pretty":"{c ℓ r ℓr s ℓs : Level} {R : Ring r ℓr} {S : Ring s ℓs} →\nBimodule R S c ℓ","thing":{"normalised":null,"original":{"contents":[{"item":{"contents":[{"Left":"Agda.Primitive.Level"},[]],"tag":"App"},"name":"c"},{"contents":[{"item":{"contents":[{"Left":"Agda.Primitive.Level"},[]],"tag":"App"},"name":"ℓ"},{"contents":[{"item":{"contents":[{"Left":"Agda.Primitive.Level"},[]],"tag":"App"},"name":"r"},{"contents":[{"item":{"contents":[{"Left":"Agda.Primitive.Level"},[]],"tag":"App"},"name":"ℓr"},{"contents":[{"item":{"contents":[{"Left":"Agda.Primitive.Level"},[]],"tag":"App"},"name":"s"},{"contents":[{"item":{"contents":[{"Left":"Agda.Primitive.Level"},[]],"tag":"App"},"name":"ℓs"},{"contents":[{"item":{"contents":[{"Left":"Algebra.Bundles.Ring"},[{"contents":[{"Right":3},[]],"tag":"App"},{"contents":[{"Right":2},[]],"tag":"App"}]],"tag":"App"},"name":"R"},{"contents":[{"item":{"contents":[{"Left":"Algebra.Bundles.Ring"},[{"contents":[{"Right":2},[]],"tag":"App"},{"contents":[{"Right":1},[]],"tag":"App"}]],"tag":"App"},"name":"S"},{"contents":[{"Left":"Algebra.Module.Bundles.Bimodule"},[{"contents":[{"Right":5},[]],"tag":"App"},{"contents":[{"Right":4},[]],"tag":"App"},{"contents":[{"Right":3},[]],"tag":"App"},{"contents":[{"Right":2},[]],"tag":"App"},{"contents":[{"Right":1},[]],"tag":"App"},{"contents":[{"Right":0},[]],"tag":"App"},{"contents":[{"Right":7},[]],"tag":"App"},{"contents":[{"Right":6},[]],"tag":"App"}]],"tag":"App"}],"tag":"Pi"}],"tag":"Pi"}],"tag":"Pi"}],"tag":"Pi"}],"tag":"Pi"}],"tag":"Pi"}],"tag":"Pi"}],"tag":"Pi"},"reduced":null,"simplified":null}},"name":"Algebra.Module.Construct.Zero.bimodule"},{"item":{"pretty":"{c ℓ r ℓr : Level} {R : CommutativeRing r ℓr} → Module R c ℓ","thing":{"normalised":null,"original":{"contents":[{"item":{"contents":[{"Left":"Agda.Primitive.Level"},[]],"tag":"App"},"name":"c"},{"contents":[{"item":{"contents":[{"Left":"Agda.Primitive.Level"},[]],"tag":"App"},"name":"ℓ"},{"contents":[{"item":{"contents":[{"Left":"Agda.Primitive.Level"},[]],"tag":"App"},"name":"r"},{"contents":[{"item":{"contents":[{"Left":"Agda.Primitive.Level"},[]],"tag":"App"},"name":"ℓr"},{"contents":[{"item":{"contents":[{"Left":"Algebra.Bundles.CommutativeRing"},[{"contents":[{"Right":1},[]],"tag":"App"},{"contents":[{"Right":0},[]],"tag":"App"}]],"tag":"App"},"name":"R"},{"contents":[{"Left":"Algebra.Module.Bundles.Module"},[{"contents":[{"Right":2},[]],"tag":"App"},{"contents":[{"Right":1},[]],"tag":"App"},{"contents":[{"Right":0},[]],"tag":"App"},{"contents":[{"Right":4},[]],"tag":"App"},{"contents":[{"Right":3},[]],"tag":"App"}]],"tag":"App"}],"tag":"Pi"}],"tag":"Pi"}],"tag":"Pi"}],"tag":"Pi"}],"tag":"Pi"},"reduced":null,"simplified":null}},"name":"Algebra.Module.Construct.Zero.⟨module⟩"},{"item":{"pretty":"(c ℓ : Level) → Set (suc c ⊔ suc ℓ)","thing":{"normalised":null,"original":{"contents":[{"item":{"contents":[{"Left":"Agda.Primitive.Level"},[]],"tag":"App"},"name":"c"},{"contents":[{"item":{"contents":[{"Left":"Agda.Primitive.Level"},[]],"tag":"App"},"name":"ℓ"},{"contents":"Set (lub (lsuc @1) (lsuc @0))","tag":"Sort"}],"tag":"Pi"}],"tag":"Pi"},"reduced":null,"simplified":null}},"name":"Algebra.Bundles.SelectiveMagma"},{"item":{"pretty":"(c ℓ : Level) → Set (suc c ⊔ suc ℓ)","thing":{"normalised":null,"original":{"contents":[{"item":{"contents":[{"Left":"Agda.Primitive.Level"},[]],"tag":"App"},"name":"c"},{"contents":[{"item":{"contents":[{"Left":"Agda.Primitive.Level"},[]],"tag":"App"},"name":"ℓ"},{"contents":"Set (lub (lsuc @1) (lsuc @0))","tag":"Sort"}],"tag":"Pi"}],"tag":"Pi"},"reduced":null,"simplified":null}},"name":"Algebra.Bundles.CommutativeMagma"},{"item":{"pretty":"(c ℓ : Level) → Set (suc c ⊔ suc ℓ)","thing":{"normalised":null,"original":{"contents":[{"item":{"contents":[{"Left":"Agda.Primitive.Level"},[]],"tag":"App"},"name":"c"},{"contents":[{"item":{"contents":[{"Left":"Agda.Primitive.Level"},[]],"tag":"App"},"name":"ℓ"},{"contents":"Set (lub (lsuc @1) (lsuc @0))","tag":"Sort"}],"tag":"Pi"}],"tag":"Pi"},"reduced":null,"simplified":null}},"name":"Algebra.Bundles.Semigroup"},{"item":{"pretty":"(c ℓ : Level) → Set (suc c ⊔ suc ℓ)","thing":{"normalised":null,"original":{"contents":[{"item":{"contents":[{"Left":"Agda.Primitive.Level"},[]],"tag":"App"},"name":"c"},{"contents":[{"item":{"contents":[{"Left":"Agda.Primitive.Level"},[]],"tag":"App"},"name":"ℓ"},{"contents":"Set (lub (lsuc @1) (lsuc @0))","tag":"Sort"}],"tag":"Pi"}],"tag":"Pi"},"reduced":null,"simplified":null}},"name":"Algebra.Bundles.Band"},{"item":{"pretty":"(c ℓ : Level) → Set (suc c ⊔ suc ℓ)","thing":{"normalised":null,"original":{"contents":[{"item":{"contents":[{"Left":"Agda.Primitive.Level"},[]],"tag":"App"},"name":"c"},{"contents":[{"item":{"contents":[{"Left":"Agda.Primitive.Level"},[]],"tag":"App"},"name":"ℓ"},{"contents":"Set (lub (lsuc @1) (lsuc @0))","tag":"Sort"}],"tag":"Pi"}],"tag":"Pi"},"reduced":null,"simplified":null}},"name":"Algebra.Bundles.CommutativeSemigroup"},{"item":{"pretty":"(c ℓ : Level) → Set (suc c ⊔ suc ℓ)","thing":{"normalised":null,"original":{"contents":[{"item":{"contents":[{"Left":"Agda.Primitive.Level"},[]],"tag":"App"},"name":"c"},{"contents":[{"item":{"contents":[{"Left":"Agda.Primitive.Level"},[]],"tag":"App"},"name":"ℓ"},{"contents":"Set (lub (lsuc @1) (lsuc @0))","tag":"Sort"}],"tag":"Pi"}],"tag":"Pi"},"reduced":null,"simplified":null}},"name":"Algebra.Bundles.Semilattice"},{"item":{"pretty":"{r ℓr : Level} (ring : Ring r ℓr) (m ℓm : Level) →\nSet (r ⊔ ℓr ⊔ suc m ⊔ suc ℓm)","thing":{"normalised":null,"original":{"contents":[{"item":{"contents":[{"Left":"Agda.Primitive.Level"},[]],"tag":"App"},"name":"r"},{"contents":[{"item":{"contents":[{"Left":"Agda.Primitive.Level"},[]],"tag":"App"},"name":"ℓr"},{"contents":[{"item":{"contents":[{"Left":"Algebra.Bundles.Ring"},[{"contents":[{"Right":1},[]],"tag":"App"},{"contents":[{"Right":0},[]],"tag":"App"}]],"tag":"App"},"name":"ring"},{"contents":[{"item":{"contents":[{"Left":"Agda.Primitive.Level"},[]],"tag":"App"},"name":"m"},{"contents":[{"item":{"contents":[{"Left":"Agda.Primitive.Level"},[]],"tag":"App"},"name":"ℓm"},{"contents":"Set (lub @4 lub @3 lub (lsuc @1) (lsuc @0))","tag":"Sort"}],"tag":"Pi"}],"tag":"Pi"}],"tag":"Pi"}],"tag":"Pi"}],"tag":"Pi"},"reduced":null,"simplified":null}},"name":"Algebra.Module.Bundles.LeftModule"},{"item":{"pretty":"(c ℓ : Level) → Set (suc c ⊔ suc ℓ)","thing":{"normalised":null,"original":{"contents":[{"item":{"contents":[{"Left":"Agda.Primitive.Level"},[]],"tag":"App"},"name":"c"},{"contents":[{"item":{"contents":[{"Left":"Agda.Primitive.Level"},[]],"tag":"App"},"name":"ℓ"},{"contents":"Set (lub (lsuc @1) (lsuc @0))","tag":"Sort"}],"tag":"Pi"}],"tag":"Pi"},"reduced":null,"simplified":null}},"name":"Algebra.Bundles.RawMonoid"},{"item":{"pretty":"(c ℓ : Level) → Set (suc c ⊔ suc ℓ)","thing":{"normalised":null,"original":{"contents":[{"item":{"contents":[{"Left":"Agda.Primitive.Level"},[]],"tag":"App"},"name":"c"},{"contents":[{"item":{"contents":[{"Left":"Agda.Primitive.Level"},[]],"tag":"App"},"name":"ℓ"},{"contents":"Set (lub (lsuc @1) (lsuc @0))","tag":"Sort"}],"tag":"Pi"}],"tag":"Pi"},"reduced":null,"simplified":null}},"name":"Algebra.Bundles.Monoid"},{"item":{"pretty":"(c ℓ : Level) → Set (suc c ⊔ suc ℓ)","thing":{"normalised":null,"original":{"contents":[{"item":{"contents":[{"Left":"Agda.Primitive.Level"},[]],"tag":"App"},"name":"c"},{"contents":[{"item":{"contents":[{"Left":"Agda.Primitive.Level"},[]],"tag":"App"},"name":"ℓ"},{"contents":"Set (lub (lsuc @1) (lsuc @0))","tag":"Sort"}],"tag":"Pi"}],"tag":"Pi"},"reduced":null,"simplified":null}},"name":"Algebra.Bundles.CommutativeMonoid"},{"item":{"pretty":"(c ℓ : Level) → Set (suc c ⊔ suc ℓ)","thing":{"normalised":null,"original":{"contents":[{"item":{"contents":[{"Left":"Agda.Primitive.Level"},[]],"tag":"App"},"name":"c"},{"contents":[{"item":{"contents":[{"Left":"Agda.Primitive.Level"},[]],"tag":"App"},"name":"ℓ"},{"contents":"Set (lub (lsuc @1) (lsuc @0))","tag":"Sort"}],"tag":"Pi"}],"tag":"Pi"},"reduced":null,"simplified":null}},"name":"Algebra.Bundles.IdempotentCommutativeMonoid"},{"item":{"pretty":"(c ℓ : Level) → Set (suc c ⊔ suc ℓ)","thing":{"normalised":null,"original":{"contents":[{"item":{"contents":[{"Left":"Agda.Primitive.Level"},[]],"tag":"App"},"name":"c"},{"contents":[{"item":{"contents":[{"Left":"Agda.Primitive.Level"},[]],"tag":"App"},"name":"ℓ"},{"contents":"Set (lub (lsuc @1) (lsuc @0))","tag":"Sort"}],"tag":"Pi"}],"tag":"Pi"},"reduced":null,"simplified":null}},"name":"Algebra.Bundles.BoundedLattice"},{"item":{"pretty":"(c ℓ : Level) → Set (suc c ⊔ suc ℓ)","thing":{"normalised":null,"original":{"contents":[{"item":{"contents":[{"Left":"Agda.Primitive.Level"},[]],"tag":"App"},"name":"c"},{"contents":[{"item":{"contents":[{"Left":"Agda.Primitive.Level"},[]],"tag":"App"},"name":"ℓ"},{"contents":"Set (lub (lsuc @1) (lsuc @0))","tag":"Sort"}],"tag":"Pi"}],"tag":"Pi"},"reduced":null,"simplified":null}},"name":"Algebra.Bundles.RawGroup"},{"item":{"pretty":"{r ℓr : Level} (semiring : Semiring r ℓr) (m ℓm : Level) →\nSet (r ⊔ ℓr ⊔ suc m ⊔ suc ℓm)","thing":{"normalised":null,"original":{"contents":[{"item":{"contents":[{"Left":"Agda.Primitive.Level"},[]],"tag":"App"},"name":"r"},{"contents":[{"item":{"contents":[{"Left":"Agda.Primitive.Level"},[]],"tag":"App"},"name":"ℓr"},{"contents":[{"item":{"contents":[{"Left":"Algebra.Bundles.Semiring"},[{"contents":[{"Right":1},[]],"tag":"App"},{"contents":[{"Right":0},[]],"tag":"App"}]],"tag":"App"},"name":"semiring"},{"contents":[{"item":{"contents":[{"Left":"Agda.Primitive.Level"},[]],"tag":"App"},"name":"m"},{"contents":[{"item":{"contents":[{"Left":"Agda.Primitive.Level"},[]],"tag":"App"},"name":"ℓm"},{"contents":"Set (lub @4 lub @3 lub (lsuc @1) (lsuc @0))","tag":"Sort"}],"tag":"Pi"}],"tag":"Pi"}],"tag":"Pi"}],"tag":"Pi"}],"tag":"Pi"},"reduced":null,"simplified":null}},"name":"Algebra.Module.Bundles.RightSemimodule"},{"item":{"pretty":"(c ℓ : Level) → Set (suc c ⊔ suc ℓ)","thing":{"normalised":null,"original":{"contents":[{"item":{"contents":[{"Left":"Agda.Primitive.Level"},[]],"tag":"App"},"name":"c"},{"contents":[{"item":{"contents":[{"Left":"Agda.Primitive.Level"},[]],"tag":"App"},"name":"ℓ"},{"contents":"Set (lub (lsuc @1) (lsuc @0))","tag":"Sort"}],"tag":"Pi"}],"tag":"Pi"},"reduced":null,"simplified":null}},"name":"Algebra.Bundles.Group"},{"item":{"pretty":"(c ℓ : Level) → Set (suc c ⊔ suc ℓ)","thing":{"normalised":null,"original":{"contents":[{"item":{"contents":[{"Left":"Agda.Primitive.Level"},[]],"tag":"App"},"name":"c"},{"contents":[{"item":{"contents":[{"Left":"Agda.Primitive.Level"},[]],"tag":"App"},"name":"ℓ"},{"contents":"Set (lub (lsuc @1) (lsuc @0))","tag":"Sort"}],"tag":"Pi"}],"tag":"Pi"},"reduced":null,"simplified":null}},"name":"Algebra.Bundles.AbelianGroup"},{"item":{"pretty":"(c ℓ : Level) → Set (suc c ⊔ suc ℓ)","thing":{"normalised":null,"original":{"contents":[{"item":{"contents":[{"Left":"Agda.Primitive.Level"},[]],"tag":"App"},"name":"c"},{"contents":[{"item":{"contents":[{"Left":"Agda.Primitive.Level"},[]],"tag":"App"},"name":"ℓ"},{"contents":"Set (lub (lsuc @1) (lsuc @0))","tag":"Sort"}],"tag":"Pi"}],"tag":"Pi"},"reduced":null,"simplified":null}},"name":"Algebra.Bundles.RawLattice"},{"item":{"pretty":"(c ℓ : Level) → Set (suc c ⊔ suc ℓ)","thing":{"normalised":null,"original":{"contents":[{"item":{"contents":[{"Left":"Agda.Primitive.Level"},[]],"tag":"App"},"name":"c"},{"contents":[{"item":{"contents":[{"Left":"Agda.Primitive.Level"},[]],"tag":"App"},"name":"ℓ"},{"contents":"Set (lub (lsuc @1) (lsuc @0))","tag":"Sort"}],"tag":"Pi"}],"tag":"Pi"},"reduced":null,"simplified":null}},"name":"Algebra.Bundles.Lattice"},{"item":{"pretty":"(c ℓ : Level) → Set (suc c ⊔ suc ℓ)","thing":{"normalised":null,"original":{"contents":[{"item":{"contents":[{"Left":"Agda.Primitive.Level"},[]],"tag":"App"},"name":"c"},{"contents":[{"item":{"contents":[{"Left":"Agda.Primitive.Level"},[]],"tag":"App"},"name":"ℓ"},{"contents":"Set (lub (lsuc @1) (lsuc @0))","tag":"Sort"}],"tag":"Pi"}],"tag":"Pi"},"reduced":null,"simplified":null}},"name":"Algebra.Bundles.DistributiveLattice"},{"item":{"pretty":"{r ℓr : Level} (ring : Ring r ℓr) (m ℓm : Level) →\nSet (r ⊔ ℓr ⊔ suc m ⊔ suc ℓm)","thing":{"normalised":null,"original":{"contents":[{"item":{"contents":[{"Left":"Agda.Primitive.Level"},[]],"tag":"App"},"name":"r"},{"contents":[{"item":{"contents":[{"Left":"Agda.Primitive.Level"},[]],"tag":"App"},"name":"ℓr"},{"contents":[{"item":{"contents":[{"Left":"Algebra.Bundles.Ring"},[{"contents":[{"Right":1},[]],"tag":"App"},{"contents":[{"Right":0},[]],"tag":"App"}]],"tag":"App"},"name":"ring"},{"contents":[{"item":{"contents":[{"Left":"Agda.Primitive.Level"},[]],"tag":"App"},"name":"m"},{"contents":[{"item":{"contents":[{"Left":"Agda.Primitive.Level"},[]],"tag":"App"},"name":"ℓm"},{"contents":"Set (lub @4 lub @3 lub (lsuc @1) (lsuc @0))","tag":"Sort"}],"tag":"Pi"}],"tag":"Pi"}],"tag":"Pi"}],"tag":"Pi"}],"tag":"Pi"},"reduced":null,"simplified":null}},"name":"Algebra.Module.Bundles.RightModule"},{"item":{"pretty":"(c ℓ : Level) → Set (suc c ⊔ suc ℓ)","thing":{"normalised":null,"original":{"contents":[{"item":{"contents":[{"Left":"Agda.Primitive.Level"},[]],"tag":"App"},"name":"c"},{"contents":[{"item":{"contents":[{"Left":"Agda.Primitive.Level"},[]],"tag":"App"},"name":"ℓ"},{"contents":"Set (lub (lsuc @1) (lsuc @0))","tag":"Sort"}],"tag":"Pi"}],"tag":"Pi"},"reduced":null,"simplified":null}},"name":"Algebra.Bundles.RawNearSemiring"},{"item":{"pretty":"(c ℓ : Level) → Set (suc c ⊔ suc ℓ)","thing":{"normalised":null,"original":{"contents":[{"item":{"contents":[{"Left":"Agda.Primitive.Level"},[]],"tag":"App"},"name":"c"},{"contents":[{"item":{"contents":[{"Left":"Agda.Primitive.Level"},[]],"tag":"App"},"name":"ℓ"},{"contents":"Set (lub (lsuc @1) (lsuc @0))","tag":"Sort"}],"tag":"Pi"}],"tag":"Pi"},"reduced":null,"simplified":null}},"name":"Algebra.Bundles.NearSemiring"},{"item":{"pretty":"(c ℓ : Level) → Set (suc c ⊔ suc ℓ)","thing":{"normalised":null,"original":{"contents":[{"item":{"contents":[{"Left":"Agda.Primitive.Level"},[]],"tag":"App"},"name":"c"},{"contents":[{"item":{"contents":[{"Left":"Agda.Primitive.Level"},[]],"tag":"App"},"name":"ℓ"},{"contents":"Set (lub (lsuc @1) (lsuc @0))","tag":"Sort"}],"tag":"Pi"}],"tag":"Pi"},"reduced":null,"simplified":null}},"name":"Algebra.Bundles.SemiringWithoutOne"},{"item":{"pretty":"(c ℓ : Level) → Set (suc c ⊔ suc ℓ)","thing":{"normalised":null,"original":{"contents":[{"item":{"contents":[{"Left":"Agda.Primitive.Level"},[]],"tag":"App"},"name":"c"},{"contents":[{"item":{"contents":[{"Left":"Agda.Primitive.Level"},[]],"tag":"App"},"name":"ℓ"},{"contents":"Set (lub (lsuc @1) (lsuc @0))","tag":"Sort"}],"tag":"Pi"}],"tag":"Pi"},"reduced":null,"simplified":null}},"name":"Algebra.Bundles.CommutativeSemiringWithoutOne"},{"item":{"pretty":"{r ℓr s ℓs : Level} (R-semiring : Semiring r ℓr)\n(S-semiring : Semiring s ℓs) (m ℓm : Level) →\nSet (r ⊔ ℓr ⊔ s ⊔ ℓs ⊔ suc m ⊔ suc ℓm)","thing":{"normalised":null,"original":{"contents":[{"item":{"contents":[{"Left":"Agda.Primitive.Level"},[]],"tag":"App"},"name":"r"},{"contents":[{"item":{"contents":[{"Left":"Agda.Primitive.Level"},[]],"tag":"App"},"name":"ℓr"},{"contents":[{"item":{"contents":[{"Left":"Agda.Primitive.Level"},[]],"tag":"App"},"name":"s"},{"contents":[{"item":{"contents":[{"Left":"Agda.Primitive.Level"},[]],"tag":"App"},"name":"ℓs"},{"contents":[{"item":{"contents":[{"Left":"Algebra.Bundles.Semiring"},[{"contents":[{"Right":3},[]],"tag":"App"},{"contents":[{"Right":2},[]],"tag":"App"}]],"tag":"App"},"name":"R-semiring"},{"contents":[{"item":{"contents":[{"Left":"Algebra.Bundles.Semiring"},[{"contents":[{"Right":2},[]],"tag":"App"},{"contents":[{"Right":1},[]],"tag":"App"}]],"tag":"App"},"name":"S-semiring"},{"contents":[{"item":{"contents":[{"Left":"Agda.Primitive.Level"},[]],"tag":"App"},"name":"m"},{"contents":[{"item":{"contents":[{"Left":"Agda.Primitive.Level"},[]],"tag":"App"},"name":"ℓm"},{"contents":"Set (lub @7 lub @6 lub @5 lub @4 lub (lsuc @1) (lsuc @0))","tag":"Sort"}],"tag":"Pi"}],"tag":"Pi"}],"tag":"Pi"}],"tag":"Pi"}],"tag":"Pi"}],"tag":"Pi"}],"tag":"Pi"}],"tag":"Pi"},"reduced":null,"simplified":null}},"name":"Algebra.Module.Bundles.Bisemimodule"},{"item":{"pretty":"(c ℓ : Level) → Set (suc c ⊔ suc ℓ)","thing":{"normalised":null,"original":{"contents":[{"item":{"contents":[{"Left":"Agda.Primitive.Level"},[]],"tag":"App"},"name":"c"},{"contents":[{"item":{"contents":[{"Left":"Agda.Primitive.Level"},[]],"tag":"App"},"name":"ℓ"},{"contents":"Set (lub (lsuc @1) (lsuc @0))","tag":"Sort"}],"tag":"Pi"}],"tag":"Pi"},"reduced":null,"simplified":null}},"name":"Algebra.Bundles.RawSemiring"},{"item":{"pretty":"(c ℓ : Level) → Set (suc c ⊔ suc ℓ)","thing":{"normalised":null,"original":{"contents":[{"item":{"contents":[{"Left":"Agda.Primitive.Level"},[]],"tag":"App"},"name":"c"},{"contents":[{"item":{"contents":[{"Left":"Agda.Primitive.Level"},[]],"tag":"App"},"name":"ℓ"},{"contents":"Set (lub (lsuc @1) (lsuc @0))","tag":"Sort"}],"tag":"Pi"}],"tag":"Pi"},"reduced":null,"simplified":null}},"name":"Algebra.Bundles.SemiringWithoutAnnihilatingZero"},{"item":{"pretty":"(c ℓ : Level) → Set (suc c ⊔ suc ℓ)","thing":{"normalised":null,"original":{"contents":[{"item":{"contents":[{"Left":"Agda.Primitive.Level"},[]],"tag":"App"},"name":"c"},{"contents":[{"item":{"contents":[{"Left":"Agda.Primitive.Level"},[]],"tag":"App"},"name":"ℓ"},{"contents":"Set (lub (lsuc @1) (lsuc @0))","tag":"Sort"}],"tag":"Pi"}],"tag":"Pi"},"reduced":null,"simplified":null}},"name":"Algebra.Bundles.Semiring"},{"item":{"pretty":"(c ℓ : Level) → Set (suc c ⊔ suc ℓ)","thing":{"normalised":null,"original":{"contents":[{"item":{"contents":[{"Left":"Agda.Primitive.Level"},[]],"tag":"App"},"name":"c"},{"contents":[{"item":{"contents":[{"Left":"Agda.Primitive.Level"},[]],"tag":"App"},"name":"ℓ"},{"contents":"Set (lub (lsuc @1) (lsuc @0))","tag":"Sort"}],"tag":"Pi"}],"tag":"Pi"},"reduced":null,"simplified":null}},"name":"Algebra.Bundles.CommutativeSemiring"},{"item":{"pretty":"(c ℓ : Level) → Set (suc c ⊔ suc ℓ)","thing":{"normalised":null,"original":{"contents":[{"item":{"contents":[{"Left":"Agda.Primitive.Level"},[]],"tag":"App"},"name":"c"},{"contents":[{"item":{"contents":[{"Left":"Agda.Primitive.Level"},[]],"tag":"App"},"name":"ℓ"},{"contents":"Set (lub (lsuc @1) (lsuc @0))","tag":"Sort"}],"tag":"Pi"}],"tag":"Pi"},"reduced":null,"simplified":null}},"name":"Algebra.Bundles.CancellativeCommutativeSemiring"},{"item":{"pretty":"{r ℓr s ℓs : Level} (R-ring : Ring r ℓr) (S-ring : Ring s ℓs)\n(m ℓm : Level) →\nSet (r ⊔ ℓr ⊔ s ⊔ ℓs ⊔ suc m ⊔ suc ℓm)","thing":{"normalised":null,"original":{"contents":[{"item":{"contents":[{"Left":"Agda.Primitive.Level"},[]],"tag":"App"},"name":"r"},{"contents":[{"item":{"contents":[{"Left":"Agda.Primitive.Level"},[]],"tag":"App"},"name":"ℓr"},{"contents":[{"item":{"contents":[{"Left":"Agda.Primitive.Level"},[]],"tag":"App"},"name":"s"},{"contents":[{"item":{"contents":[{"Left":"Agda.Primitive.Level"},[]],"tag":"App"},"name":"ℓs"},{"contents":[{"item":{"contents":[{"Left":"Algebra.Bundles.Ring"},[{"contents":[{"Right":3},[]],"tag":"App"},{"contents":[{"Right":2},[]],"tag":"App"}]],"tag":"App"},"name":"R-ring"},{"contents":[{"item":{"contents":[{"Left":"Algebra.Bundles.Ring"},[{"contents":[{"Right":2},[]],"tag":"App"},{"contents":[{"Right":1},[]],"tag":"App"}]],"tag":"App"},"name":"S-ring"},{"contents":[{"item":{"contents":[{"Left":"Agda.Primitive.Level"},[]],"tag":"App"},"name":"m"},{"contents":[{"item":{"contents":[{"Left":"Agda.Primitive.Level"},[]],"tag":"App"},"name":"ℓm"},{"contents":"Set (lub @7 lub @6 lub @5 lub @4 lub (lsuc @1) (lsuc @0))","tag":"Sort"}],"tag":"Pi"}],"tag":"Pi"}],"tag":"Pi"}],"tag":"Pi"}],"tag":"Pi"}],"tag":"Pi"}],"tag":"Pi"}],"tag":"Pi"},"reduced":null,"simplified":null}},"name":"Algebra.Module.Bundles.Bimodule"},{"item":{"pretty":"(c ℓ : Level) → Set (suc c ⊔ suc ℓ)","thing":{"normalised":null,"original":{"contents":[{"item":{"contents":[{"Left":"Agda.Primitive.Level"},[]],"tag":"App"},"name":"c"},{"contents":[{"item":{"contents":[{"Left":"Agda.Primitive.Level"},[]],"tag":"App"},"name":"ℓ"},{"contents":"Set (lub (lsuc @1) (lsuc @0))","tag":"Sort"}],"tag":"Pi"}],"tag":"Pi"},"reduced":null,"simplified":null}},"name":"Algebra.Bundles.RawRing"},{"item":{"pretty":"(c ℓ : Level) → Set (suc c ⊔ suc ℓ)","thing":{"normalised":null,"original":{"contents":[{"item":{"contents":[{"Left":"Agda.Primitive.Level"},[]],"tag":"App"},"name":"c"},{"contents":[{"item":{"contents":[{"Left":"Agda.Primitive.Level"},[]],"tag":"App"},"name":"ℓ"},{"contents":"Set (lub (lsuc @1) (lsuc @0))","tag":"Sort"}],"tag":"Pi"}],"tag":"Pi"},"reduced":null,"simplified":null}},"name":"Algebra.Bundles.Ring"},{"item":{"pretty":"(c ℓ : Level) → Set (suc c ⊔ suc ℓ)","thing":{"normalised":null,"original":{"contents":[{"item":{"contents":[{"Left":"Agda.Primitive.Level"},[]],"tag":"App"},"name":"c"},{"contents":[{"item":{"contents":[{"Left":"Agda.Primitive.Level"},[]],"tag":"App"},"name":"ℓ"},{"contents":"Set (lub (lsuc @1) (lsuc @0))","tag":"Sort"}],"tag":"Pi"}],"tag":"Pi"},"reduced":null,"simplified":null}},"name":"Algebra.Bundles.CommutativeRing"},{"item":{"pretty":"(c ℓ : Level) → Set (suc c ⊔ suc ℓ)","thing":{"normalised":null,"original":{"contents":[{"item":{"contents":[{"Left":"Agda.Primitive.Level"},[]],"tag":"App"},"name":"c"},{"contents":[{"item":{"contents":[{"Left":"Agda.Primitive.Level"},[]],"tag":"App"},"name":"ℓ"},{"contents":"Set (lub (lsuc @1) (lsuc @0))","tag":"Sort"}],"tag":"Pi"}],"tag":"Pi"},"reduced":null,"simplified":null}},"name":"Algebra.Bundles.BooleanAlgebra"},{"item":{"pretty":"(c ℓ : Level) → Set (suc c ⊔ suc ℓ)","thing":{"normalised":null,"original":{"contents":[{"item":{"contents":[{"Left":"Agda.Primitive.Level"},[]],"tag":"App"},"name":"c"},{"contents":[{"item":{"contents":[{"Left":"Agda.Primitive.Level"},[]],"tag":"App"},"name":"ℓ"},{"contents":"Set (lub (lsuc @1) (lsuc @0))","tag":"Sort"}],"tag":"Pi"}],"tag":"Pi"},"reduced":null,"simplified":null}},"name":"Algebra.Bundles.RawSemigroup"},{"item":{"pretty":"{r ℓr : Level} (commutativeSemiring : CommutativeSemiring r ℓr)\n(m ℓm : Level) →\nSet (r ⊔ ℓr ⊔ suc m ⊔ suc ℓm)","thing":{"normalised":null,"original":{"contents":[{"item":{"contents":[{"Left":"Agda.Primitive.Level"},[]],"tag":"App"},"name":"r"},{"contents":[{"item":{"contents":[{"Left":"Agda.Primitive.Level"},[]],"tag":"App"},"name":"ℓr"},{"contents":[{"item":{"contents":[{"Left":"Algebra.Bundles.CommutativeSemiring"},[{"contents":[{"Right":1},[]],"tag":"App"},{"contents":[{"Right":0},[]],"tag":"App"}]],"tag":"App"},"name":"commutativeSemiring"},{"contents":[{"item":{"contents":[{"Left":"Agda.Primitive.Level"},[]],"tag":"App"},"name":"m"},{"contents":[{"item":{"contents":[{"Left":"Agda.Primitive.Level"},[]],"tag":"App"},"name":"ℓm"},{"contents":"Set (lub @4 lub @3 lub (lsuc @1) (lsuc @0))","tag":"Sort"}],"tag":"Pi"}],"tag":"Pi"}],"tag":"Pi"}],"tag":"Pi"}],"tag":"Pi"},"reduced":null,"simplified":null}},"name":"Algebra.Module.Bundles.Semimodule"},{"item":{"pretty":"{r ℓr : Level} (commutativeRing : CommutativeRing r ℓr)\n(m ℓm : Level) →\nSet (r ⊔ ℓr ⊔ suc m ⊔ suc ℓm)","thing":{"normalised":null,"original":{"contents":[{"item":{"contents":[{"Left":"Agda.Primitive.Level"},[]],"tag":"App"},"name":"r"},{"contents":[{"item":{"contents":[{"Left":"Agda.Primitive.Level"},[]],"tag":"App"},"name":"ℓr"},{"contents":[{"item":{"contents":[{"Left":"Algebra.Bundles.CommutativeRing"},[{"contents":[{"Right":1},[]],"tag":"App"},{"contents":[{"Right":0},[]],"tag":"App"}]],"tag":"App"},"name":"commutativeRing"},{"contents":[{"item":{"contents":[{"Left":"Agda.Primitive.Level"},[]],"tag":"App"},"name":"m"},{"contents":[{"item":{"contents":[{"Left":"Agda.Primitive.Level"},[]],"tag":"App"},"name":"ℓm"},{"contents":"Set (lub @4 lub @3 lub (lsuc @1) (lsuc @0))","tag":"Sort"}],"tag":"Pi"}],"tag":"Pi"}],"tag":"Pi"}],"tag":"Pi"}],"tag":"Pi"},"reduced":null,"simplified":null}},"name":"Algebra.Module.Bundles.Module"}],"name":"Algebra.Module.Construct.Zero"},"samples":[{"ctx":{"pretty":"{c : Level} {ℓ : Level} {r : Level} {ℓr : Level}\n{R : Semiring r ℓr}","thing":[{"item":{"contents":[{"Left":"Agda.Primitive.Level"},[]],"tag":"App"},"name":"c"},{"item":{"contents":[{"Left":"Agda.Primitive.Level"},[]],"tag":"App"},"name":"ℓ"},{"item":{"contents":[{"Left":"Agda.Primitive.Level"},[]],"tag":"App"},"name":"r"},{"item":{"contents":[{"Left":"Agda.Primitive.Level"},[]],"tag":"App"},"name":"ℓr"},{"item":{"contents":[{"Left":"Algebra.Bundles.Semiring"},[{"contents":[{"Right":1},[]],"tag":"App"},{"contents":[{"Right":0},[]],"tag":"App"}]],"tag":"App"},"name":"R"}]},"goal":{"pretty":"Set c","thing":{"normalised":null,"original":{"contents":"Set @4","tag":"Sort"},"reduced":null,"simplified":null}},"term":{"pretty":"⊤","thing":{"normalised":{"contents":[{"Left":"Level.Lift"},[{"contents":"lzero","tag":"Level"},{"contents":[{"Right":4},[]],"tag":"App"},{"contents":[{"Left":"Agda.Builtin.Unit.⊤"},[]],"tag":"App"}]],"tag":"App"},"original":{"contents":[{"Left":"Data.Unit.Polymorphic.Base.⊤"},[{"contents":[{"Right":4},[]],"tag":"App"}]],"tag":"App"},"reduced":{"contents":[{"Left":"Level.Lift"},[{"contents":"lzero","tag":"Level"},{"contents":[{"Right":4},[]],"tag":"App"},{"contents":[{"Left":"Agda.Builtin.Unit.⊤"},[]],"tag":"App"}]],"tag":"App"},"simplified":null}},"namesUsed":["Data.Unit.Polymorphic.Base.⊤"]},{"ctx":{"pretty":"{c = c₁ : Level} {ℓ : Level} {r : Level} {ℓr : Level}\n{R : Semiring r ℓr}","thing":[{"item":{"contents":[{"Left":"Agda.Primitive.Level"},[]],"tag":"App"},"name":"c"},{"item":{"contents":[{"Left":"Agda.Primitive.Level"},[]],"tag":"App"},"name":"ℓ"},{"item":{"contents":[{"Left":"Agda.Primitive.Level"},[]],"tag":"App"},"name":"r"},{"item":{"contents":[{"Left":"Agda.Primitive.Level"},[]],"tag":"App"},"name":"ℓr"},{"item":{"contents":[{"Left":"Algebra.Bundles.Semiring"},[{"contents":[{"Right":1},[]],"tag":"App"},{"contents":[{"Right":0},[]],"tag":"App"}]],"tag":"App"},"name":"R"}]},"goal":{"pretty":"Relation.Binary.Core.Rel ⊤ ℓ","thing":{"normalised":{"contents":[{"item":{"contents":[{"Left":"Level.Lift"},[{"contents":"lzero","tag":"Level"},{"contents":[{"Right":4},[]],"tag":"App"},{"contents":[{"Left":"Agda.Builtin.Unit.⊤"},[]],"tag":"App"}]],"tag":"App"},"name":"_"},{"contents":[{"item":{"contents":[{"Left":"Level.Lift"},[{"contents":"lzero","tag":"Level"},{"contents":[{"Right":4},[]],"tag":"App"},{"contents":[{"Left":"Agda.Builtin.Unit.⊤"},[]],"tag":"App"}]],"tag":"App"},"name":"_"},{"contents":"Set @3","tag":"Sort"}],"tag":"Pi"}],"tag":"Pi"},"original":{"contents":[{"Left":"Relation.Binary.Core.Rel"},[{"contents":[{"Right":4},[]],"tag":"App"},{"contents":[{"Left":"Data.Unit.Polymorphic.Base.⊤"},[{"contents":[{"Right":4},[]],"tag":"App"}]],"tag":"App"},{"contents":[{"Right":3},[]],"tag":"App"}]],"tag":"App"},"reduced":{"contents":[{"item":{"contents":[{"Left":"Data.Unit.Polymorphic.Base.⊤"},[{"contents":[{"Right":4},[]],"tag":"App"}]],"tag":"App"},"name":"_"},{"contents":[{"item":{"contents":[{"Left":"Data.Unit.Polymorphic.Base.⊤"},[{"contents":[{"Right":4},[]],"tag":"App"}]],"tag":"App"},"name":"_"},{"contents":"Set @3","tag":"Sort"}],"tag":"Pi"}],"tag":"Pi"},"simplified":null}},"term":{"pretty":"λ _ _ → ⊤","thing":{"normalised":{"contents":{"item":{"contents":{"item":{"contents":[{"Left":"Level.Lift"},[{"contents":"lzero","tag":"Level"},{"contents":[{"Right":5},[]],"tag":"App"},{"contents":[{"Left":"Agda.Builtin.Unit.⊤"},[]],"tag":"App"}]],"tag":"App"},"name":"_"},"tag":"Lam"},"name":"_"},"tag":"Lam"},"original":{"contents":{"item":{"contents":{"item":{"contents":[{"Left":"Data.Unit.Polymorphic.Base.⊤"},[{"contents":[{"Right":5},[]],"tag":"App"}]],"tag":"App"},"name":"_"},"tag":"Lam"},"name":"_"},"tag":"Lam"},"reduced":null,"simplified":null}},"namesUsed":["Data.Unit.Polymorphic.Base.⊤"]},{"ctx":{"pretty":"{c = c₁ : Level} {ℓ = ℓ₁ : Level} {r : Level} {ℓr : Level}\n{R : Semiring r ℓr} (x : ⊤)","thing":[{"item":{"contents":[{"Left":"Agda.Primitive.Level"},[]],"tag":"App"},"name":"c"},{"item":{"contents":[{"Left":"Agda.Primitive.Level"},[]],"tag":"App"},"name":"ℓ"},{"item":{"contents":[{"Left":"Agda.Primitive.Level"},[]],"tag":"App"},"name":"r"},{"item":{"contents":[{"Left":"Agda.Primitive.Level"},[]],"tag":"App"},"name":"ℓr"},{"item":{"contents":[{"Left":"Algebra.Bundles.Semiring"},[{"contents":[{"Right":1},[]],"tag":"App"},{"contents":[{"Right":0},[]],"tag":"App"}]],"tag":"App"},"name":"R"},{"item":{"contents":[{"Left":"Data.Unit.Polymorphic.Base.⊤"},[{"contents":[{"Right":4},[]],"tag":"App"}]],"tag":"App"},"name":"x"}]},"goal":{"pretty":"⊤ → Set ℓ","thing":{"normalised":{"contents":[{"item":{"contents":[{"Left":"Level.Lift"},[{"contents":"lzero","tag":"Level"},{"contents":[{"Right":5},[]],"tag":"App"},{"contents":[{"Left":"Agda.Builtin.Unit.⊤"},[]],"tag":"App"}]],"tag":"App"},"name":"_"},{"contents":"Set @4","tag":"Sort"}],"tag":"Pi"},"original":{"contents":[{"item":{"contents":[{"Left":"Data.Unit.Polymorphic.Base.⊤"},[{"contents":[{"Right":5},[]],"tag":"App"}]],"tag":"App"},"name":"_"},{"contents":"Set @4","tag":"Sort"}],"tag":"Pi"},"reduced":null,"simplified":null}},"term":{"pretty":"λ _ → ⊤","thing":{"normalised":{"contents":{"item":{"contents":[{"Left":"Level.Lift"},[{"contents":"lzero","tag":"Level"},{"contents":[{"Right":5},[]],"tag":"App"},{"contents":[{"Left":"Agda.Builtin.Unit.⊤"},[]],"tag":"App"}]],"tag":"App"},"name":"_"},"tag":"Lam"},"original":{"contents":{"item":{"contents":[{"Left":"Data.Unit.Polymorphic.Base.⊤"},[{"contents":[{"Right":5},[]],"tag":"App"}]],"tag":"App"},"name":"_"},"tag":"Lam"},"reduced":null,"simplified":null}},"namesUsed":["Data.Unit.Polymorphic.Base.⊤"]},{"ctx":{"pretty":"{c = c₁ : Level} {ℓ = ℓ₁ : Level} {r : Level} {ℓr : Level}\n{R : Semiring r ℓr} (x : ⊤) (x₁ : ⊤)","thing":[{"item":{"contents":[{"Left":"Agda.Primitive.Level"},[]],"tag":"App"},"name":"c"},{"item":{"contents":[{"Left":"Agda.Primitive.Level"},[]],"tag":"App"},"name":"ℓ"},{"item":{"contents":[{"Left":"Agda.Primitive.Level"},[]],"tag":"App"},"name":"r"},{"item":{"contents":[{"Left":"Agda.Primitive.Level"},[]],"tag":"App"},"name":"ℓr"},{"item":{"contents":[{"Left":"Algebra.Bundles.Semiring"},[{"contents":[{"Right":1},[]],"tag":"App"},{"contents":[{"Right":0},[]],"tag":"App"}]],"tag":"App"},"name":"R"},{"item":{"contents":[{"Left":"Data.Unit.Polymorphic.Base.⊤"},[{"contents":[{"Right":4},[]],"tag":"App"}]],"tag":"App"},"name":"x"},{"item":{"contents":[{"Left":"Data.Unit.Polymorphic.Base.⊤"},[{"contents":[{"Right":5},[]],"tag":"App"}]],"tag":"App"},"name":"x"}]},"goal":{"pretty":"Set ℓ","thing":{"normalised":null,"original":{"contents":"Set @5","tag":"Sort"},"reduced":null,"simplified":null}},"term":{"pretty":"⊤","thing":{"normalised":{"contents":[{"Left":"Level.Lift"},[{"contents":"lzero","tag":"Level"},{"contents":[{"Right":5},[]],"tag":"App"},{"contents":[{"Left":"Agda.Builtin.Unit.⊤"},[]],"tag":"App"}]],"tag":"App"},"original":{"contents":[{"Left":"Data.Unit.Polymorphic.Base.⊤"},[{"contents":[{"Right":5},[]],"tag":"App"}]],"tag":"App"},"reduced":{"contents":[{"Left":"Level.Lift"},[{"contents":"lzero","tag":"Level"},{"contents":[{"Right":5},[]],"tag":"App"},{"contents":[{"Left":"Agda.Builtin.Unit.⊤"},[]],"tag":"App"}]],"tag":"App"},"simplified":null}},"namesUsed":["Data.Unit.Polymorphic.Base.⊤"]},{"ctx":{"pretty":"{c : Level} {ℓ : Level} {s : Level} {ℓs : Level}\n{S : Semiring s ℓs}","thing":[{"item":{"contents":[{"Left":"Agda.Primitive.Level"},[]],"tag":"App"},"name":"c"},{"item":{"contents":[{"Left":"Agda.Primitive.Level"},[]],"tag":"App"},"name":"ℓ"},{"item":{"contents":[{"Left":"Agda.Primitive.Level"},[]],"tag":"App"},"name":"s"},{"item":{"contents":[{"Left":"Agda.Primitive.Level"},[]],"tag":"App"},"name":"ℓs"},{"item":{"contents":[{"Left":"Algebra.Bundles.Semiring"},[{"contents":[{"Right":1},[]],"tag":"App"},{"contents":[{"Right":0},[]],"tag":"App"}]],"tag":"App"},"name":"S"}]},"goal":{"pretty":"Set c","thing":{"normalised":null,"original":{"contents":"Set @4","tag":"Sort"},"reduced":null,"simplified":null}},"term":{"pretty":"⊤","thing":{"normalised":{"contents":[{"Left":"Level.Lift"},[{"contents":"lzero","tag":"Level"},{"contents":[{"Right":4},[]],"tag":"App"},{"contents":[{"Left":"Agda.Builtin.Unit.⊤"},[]],"tag":"App"}]],"tag":"App"},"original":{"contents":[{"Left":"Data.Unit.Polymorphic.Base.⊤"},[{"contents":[{"Right":4},[]],"tag":"App"}]],"tag":"App"},"reduced":{"contents":[{"Left":"Level.Lift"},[{"contents":"lzero","tag":"Level"},{"contents":[{"Right":4},[]],"tag":"App"},{"contents":[{"Left":"Agda.Builtin.Unit.⊤"},[]],"tag":"App"}]],"tag":"App"},"simplified":null}},"namesUsed":["Data.Unit.Polymorphic.Base.⊤"]},{"ctx":{"pretty":"{c = c₁ : Level} {ℓ : Level} {s : Level} {ℓs : Level}\n{S : Semiring s ℓs}","thing":[{"item":{"contents":[{"Left":"Agda.Primitive.Level"},[]],"tag":"App"},"name":"c"},{"item":{"contents":[{"Left":"Agda.Primitive.Level"},[]],"tag":"App"},"name":"ℓ"},{"item":{"contents":[{"Left":"Agda.Primitive.Level"},[]],"tag":"App"},"name":"s"},{"item":{"contents":[{"Left":"Agda.Primitive.Level"},[]],"tag":"App"},"name":"ℓs"},{"item":{"contents":[{"Left":"Algebra.Bundles.Semiring"},[{"contents":[{"Right":1},[]],"tag":"App"},{"contents":[{"Right":0},[]],"tag":"App"}]],"tag":"App"},"name":"S"}]},"goal":{"pretty":"Relation.Binary.Core.Rel ⊤ ℓ","thing":{"normalised":{"contents":[{"item":{"contents":[{"Left":"Level.Lift"},[{"contents":"lzero","tag":"Level"},{"contents":[{"Right":4},[]],"tag":"App"},{"contents":[{"Left":"Agda.Builtin.Unit.⊤"},[]],"tag":"App"}]],"tag":"App"},"name":"_"},{"contents":[{"item":{"contents":[{"Left":"Level.Lift"},[{"contents":"lzero","tag":"Level"},{"contents":[{"Right":4},[]],"tag":"App"},{"contents":[{"Left":"Agda.Builtin.Unit.⊤"},[]],"tag":"App"}]],"tag":"App"},"name":"_"},{"contents":"Set @3","tag":"Sort"}],"tag":"Pi"}],"tag":"Pi"},"original":{"contents":[{"Left":"Relation.Binary.Core.Rel"},[{"contents":[{"Right":4},[]],"tag":"App"},{"contents":[{"Left":"Data.Unit.Polymorphic.Base.⊤"},[{"contents":[{"Right":4},[]],"tag":"App"}]],"tag":"App"},{"contents":[{"Right":3},[]],"tag":"App"}]],"tag":"App"},"reduced":{"contents":[{"item":{"contents":[{"Left":"Data.Unit.Polymorphic.Base.⊤"},[{"contents":[{"Right":4},[]],"tag":"App"}]],"tag":"App"},"name":"_"},{"contents":[{"item":{"contents":[{"Left":"Data.Unit.Polymorphic.Base.⊤"},[{"contents":[{"Right":4},[]],"tag":"App"}]],"tag":"App"},"name":"_"},{"contents":"Set @3","tag":"Sort"}],"tag":"Pi"}],"tag":"Pi"},"simplified":null}},"term":{"pretty":"λ _ _ → ⊤","thing":{"normalised":{"contents":{"item":{"contents":{"item":{"contents":[{"Left":"Level.Lift"},[{"contents":"lzero","tag":"Level"},{"contents":[{"Right":5},[]],"tag":"App"},{"contents":[{"Left":"Agda.Builtin.Unit.⊤"},[]],"tag":"App"}]],"tag":"App"},"name":"_"},"tag":"Lam"},"name":"_"},"tag":"Lam"},"original":{"contents":{"item":{"contents":{"item":{"contents":[{"Left":"Data.Unit.Polymorphic.Base.⊤"},[{"contents":[{"Right":5},[]],"tag":"App"}]],"tag":"App"},"name":"_"},"tag":"Lam"},"name":"_"},"tag":"Lam"},"reduced":null,"simplified":null}},"namesUsed":["Data.Unit.Polymorphic.Base.⊤"]},{"ctx":{"pretty":"{c = c₁ : Level} {ℓ = ℓ₁ : Level} {s : Level} {ℓs : Level}\n{S : Semiring s ℓs} (x : ⊤)","thing":[{"item":{"contents":[{"Left":"Agda.Primitive.Level"},[]],"tag":"App"},"name":"c"},{"item":{"contents":[{"Left":"Agda.Primitive.Level"},[]],"tag":"App"},"name":"ℓ"},{"item":{"contents":[{"Left":"Agda.Primitive.Level"},[]],"tag":"App"},"name":"s"},{"item":{"contents":[{"Left":"Agda.Primitive.Level"},[]],"tag":"App"},"name":"ℓs"},{"item":{"contents":[{"Left":"Algebra.Bundles.Semiring"},[{"contents":[{"Right":1},[]],"tag":"App"},{"contents":[{"Right":0},[]],"tag":"App"}]],"tag":"App"},"name":"S"},{"item":{"contents":[{"Left":"Data.Unit.Polymorphic.Base.⊤"},[{"contents":[{"Right":4},[]],"tag":"App"}]],"tag":"App"},"name":"x"}]},"goal":{"pretty":"⊤ → Set ℓ","thing":{"normalised":{"contents":[{"item":{"contents":[{"Left":"Level.Lift"},[{"contents":"lzero","tag":"Level"},{"contents":[{"Right":5},[]],"tag":"App"},{"contents":[{"Left":"Agda.Builtin.Unit.⊤"},[]],"tag":"App"}]],"tag":"App"},"name":"_"},{"contents":"Set @4","tag":"Sort"}],"tag":"Pi"},"original":{"contents":[{"item":{"contents":[{"Left":"Data.Unit.Polymorphic.Base.⊤"},[{"contents":[{"Right":5},[]],"tag":"App"}]],"tag":"App"},"name":"_"},{"contents":"Set @4","tag":"Sort"}],"tag":"Pi"},"reduced":null,"simplified":null}},"term":{"pretty":"λ _ → ⊤","thing":{"normalised":{"contents":{"item":{"contents":[{"Left":"Level.Lift"},[{"contents":"lzero","tag":"Level"},{"contents":[{"Right":5},[]],"tag":"App"},{"contents":[{"Left":"Agda.Builtin.Unit.⊤"},[]],"tag":"App"}]],"tag":"App"},"name":"_"},"tag":"Lam"},"original":{"contents":{"item":{"contents":[{"Left":"Data.Unit.Polymorphic.Base.⊤"},[{"contents":[{"Right":5},[]],"tag":"App"}]],"tag":"App"},"name":"_"},"tag":"Lam"},"reduced":null,"simplified":null}},"namesUsed":["Data.Unit.Polymorphic.Base.⊤"]},{"ctx":{"pretty":"{c = c₁ : Level} {ℓ = ℓ₁ : Level} {s : Level} {ℓs : Level}\n{S : Semiring s ℓs} (x : ⊤) (x₁ : ⊤)","thing":[{"item":{"contents":[{"Left":"Agda.Primitive.Level"},[]],"tag":"App"},"name":"c"},{"item":{"contents":[{"Left":"Agda.Primitive.Level"},[]],"tag":"App"},"name":"ℓ"},{"item":{"contents":[{"Left":"Agda.Primitive.Level"},[]],"tag":"App"},"name":"s"},{"item":{"contents":[{"Left":"Agda.Primitive.Level"},[]],"tag":"App"},"name":"ℓs"},{"item":{"contents":[{"Left":"Algebra.Bundles.Semiring"},[{"contents":[{"Right":1},[]],"tag":"App"},{"contents":[{"Right":0},[]],"tag":"App"}]],"tag":"App"},"name":"S"},{"item":{"contents":[{"Left":"Data.Unit.Polymorphic.Base.⊤"},[{"contents":[{"Right":4},[]],"tag":"App"}]],"tag":"App"},"name":"x"},{"item":{"contents":[{"Left":"Data.Unit.Polymorphic.Base.⊤"},[{"contents":[{"Right":5},[]],"tag":"App"}]],"tag":"App"},"name":"x"}]},"goal":{"pretty":"Set ℓ","thing":{"normalised":null,"original":{"contents":"Set @5","tag":"Sort"},"reduced":null,"simplified":null}},"term":{"pretty":"⊤","thing":{"normalised":{"contents":[{"Left":"Level.Lift"},[{"contents":"lzero","tag":"Level"},{"contents":[{"Right":5},[]],"tag":"App"},{"contents":[{"Left":"Agda.Builtin.Unit.⊤"},[]],"tag":"App"}]],"tag":"App"},"original":{"contents":[{"Left":"Data.Unit.Polymorphic.Base.⊤"},[{"contents":[{"Right":5},[]],"tag":"App"}]],"tag":"App"},"reduced":{"contents":[{"Left":"Level.Lift"},[{"contents":"lzero","tag":"Level"},{"contents":[{"Right":5},[]],"tag":"App"},{"contents":[{"Left":"Agda.Builtin.Unit.⊤"},[]],"tag":"App"}]],"tag":"App"},"simplified":null}},"namesUsed":["Data.Unit.Polymorphic.Base.⊤"]},{"ctx":{"pretty":"{c : Level} {ℓ : Level} {r : Level} {ℓr : Level} {s : Level}\n{ℓs : Level} {R : Semiring r ℓr} {S : Semiring s ℓs}","thing":[{"item":{"contents":[{"Left":"Agda.Primitive.Level"},[]],"tag":"App"},"name":"c"},{"item":{"contents":[{"Left":"Agda.Primitive.Level"},[]],"tag":"App"},"name":"ℓ"},{"item":{"contents":[{"Left":"Agda.Primitive.Level"},[]],"tag":"App"},"name":"r"},{"item":{"contents":[{"Left":"Agda.Primitive.Level"},[]],"tag":"App"},"name":"ℓr"},{"item":{"contents":[{"Left":"Agda.Primitive.Level"},[]],"tag":"App"},"name":"s"},{"item":{"contents":[{"Left":"Agda.Primitive.Level"},[]],"tag":"App"},"name":"ℓs"},{"item":{"contents":[{"Left":"Algebra.Bundles.Semiring"},[{"contents":[{"Right":3},[]],"tag":"App"},{"contents":[{"Right":2},[]],"tag":"App"}]],"tag":"App"},"name":"R"},{"item":{"contents":[{"Left":"Algebra.Bundles.Semiring"},[{"contents":[{"Right":2},[]],"tag":"App"},{"contents":[{"Right":1},[]],"tag":"App"}]],"tag":"App"},"name":"S"}]},"goal":{"pretty":"Set c","thing":{"normalised":null,"original":{"contents":"Set @7","tag":"Sort"},"reduced":null,"simplified":null}},"term":{"pretty":"⊤","thing":{"normalised":{"contents":[{"Left":"Level.Lift"},[{"contents":"lzero","tag":"Level"},{"contents":[{"Right":7},[]],"tag":"App"},{"contents":[{"Left":"Agda.Builtin.Unit.⊤"},[]],"tag":"App"}]],"tag":"App"},"original":{"contents":[{"Left":"Data.Unit.Polymorphic.Base.⊤"},[{"contents":[{"Right":7},[]],"tag":"App"}]],"tag":"App"},"reduced":{"contents":[{"Left":"Level.Lift"},[{"contents":"lzero","tag":"Level"},{"contents":[{"Right":7},[]],"tag":"App"},{"contents":[{"Left":"Agda.Builtin.Unit.⊤"},[]],"tag":"App"}]],"tag":"App"},"simplified":null}},"namesUsed":["Data.Unit.Polymorphic.Base.⊤"]},{"ctx":{"pretty":"{c = c₁ : Level} {ℓ : Level} {r : Level} {ℓr : Level} {s : Level}\n{ℓs : Level} {R : Semiring r ℓr} {S : Semiring s ℓs}","thing":[{"item":{"contents":[{"Left":"Agda.Primitive.Level"},[]],"tag":"App"},"name":"c"},{"item":{"contents":[{"Left":"Agda.Primitive.Level"},[]],"tag":"App"},"name":"ℓ"},{"item":{"contents":[{"Left":"Agda.Primitive.Level"},[]],"tag":"App"},"name":"r"},{"item":{"contents":[{"Left":"Agda.Primitive.Level"},[]],"tag":"App"},"name":"ℓr"},{"item":{"contents":[{"Left":"Agda.Primitive.Level"},[]],"tag":"App"},"name":"s"},{"item":{"contents":[{"Left":"Agda.Primitive.Level"},[]],"tag":"App"},"name":"ℓs"},{"item":{"contents":[{"Left":"Algebra.Bundles.Semiring"},[{"contents":[{"Right":3},[]],"tag":"App"},{"contents":[{"Right":2},[]],"tag":"App"}]],"tag":"App"},"name":"R"},{"item":{"contents":[{"Left":"Algebra.Bundles.Semiring"},[{"contents":[{"Right":2},[]],"tag":"App"},{"contents":[{"Right":1},[]],"tag":"App"}]],"tag":"App"},"name":"S"}]},"goal":{"pretty":"Relation.Binary.Core.Rel ⊤ ℓ","thing":{"normalised":{"contents":[{"item":{"contents":[{"Left":"Level.Lift"},[{"contents":"lzero","tag":"Level"},{"contents":[{"Right":7},[]],"tag":"App"},{"contents":[{"Left":"Agda.Builtin.Unit.⊤"},[]],"tag":"App"}]],"tag":"App"},"name":"_"},{"contents":[{"item":{"contents":[{"Left":"Level.Lift"},[{"contents":"lzero","tag":"Level"},{"contents":[{"Right":7},[]],"tag":"App"},{"contents":[{"Left":"Agda.Builtin.Unit.⊤"},[]],"tag":"App"}]],"tag":"App"},"name":"_"},{"contents":"Set @6","tag":"Sort"}],"tag":"Pi"}],"tag":"Pi"},"original":{"contents":[{"Left":"Relation.Binary.Core.Rel"},[{"contents":[{"Right":7},[]],"tag":"App"},{"contents":[{"Left":"Data.Unit.Polymorphic.Base.⊤"},[{"contents":[{"Right":7},[]],"tag":"App"}]],"tag":"App"},{"contents":[{"Right":6},[]],"tag":"App"}]],"tag":"App"},"reduced":{"contents":[{"item":{"contents":[{"Left":"Data.Unit.Polymorphic.Base.⊤"},[{"contents":[{"Right":7},[]],"tag":"App"}]],"tag":"App"},"name":"_"},{"contents":[{"item":{"contents":[{"Left":"Data.Unit.Polymorphic.Base.⊤"},[{"contents":[{"Right":7},[]],"tag":"App"}]],"tag":"App"},"name":"_"},{"contents":"Set @6","tag":"Sort"}],"tag":"Pi"}],"tag":"Pi"},"simplified":null}},"term":{"pretty":"λ _ _ → ⊤","thing":{"normalised":{"contents":{"item":{"contents":{"item":{"contents":[{"Left":"Level.Lift"},[{"contents":"lzero","tag":"Level"},{"contents":[{"Right":8},[]],"tag":"App"},{"contents":[{"Left":"Agda.Builtin.Unit.⊤"},[]],"tag":"App"}]],"tag":"App"},"name":"_"},"tag":"Lam"},"name":"_"},"tag":"Lam"},"original":{"contents":{"item":{"contents":{"item":{"contents":[{"Left":"Data.Unit.Polymorphic.Base.⊤"},[{"contents":[{"Right":8},[]],"tag":"App"}]],"tag":"App"},"name":"_"},"tag":"Lam"},"name":"_"},"tag":"Lam"},"reduced":null,"simplified":null}},"namesUsed":["Data.Unit.Polymorphic.Base.⊤"]},{"ctx":{"pretty":"{c = c₁ : Level} {ℓ = ℓ₁ : Level} {r : Level} {ℓr : Level}\n{s : Level} {ℓs : Level} {R : Semiring r ℓr} {S : Semiring s ℓs}\n(x : ⊤)","thing":[{"item":{"contents":[{"Left":"Agda.Primitive.Level"},[]],"tag":"App"},"name":"c"},{"item":{"contents":[{"Left":"Agda.Primitive.Level"},[]],"tag":"App"},"name":"ℓ"},{"item":{"contents":[{"Left":"Agda.Primitive.Level"},[]],"tag":"App"},"name":"r"},{"item":{"contents":[{"Left":"Agda.Primitive.Level"},[]],"tag":"App"},"name":"ℓr"},{"item":{"contents":[{"Left":"Agda.Primitive.Level"},[]],"tag":"App"},"name":"s"},{"item":{"contents":[{"Left":"Agda.Primitive.Level"},[]],"tag":"App"},"name":"ℓs"},{"item":{"contents":[{"Left":"Algebra.Bundles.Semiring"},[{"contents":[{"Right":3},[]],"tag":"App"},{"contents":[{"Right":2},[]],"tag":"App"}]],"tag":"App"},"name":"R"},{"item":{"contents":[{"Left":"Algebra.Bundles.Semiring"},[{"contents":[{"Right":2},[]],"tag":"App"},{"contents":[{"Right":1},[]],"tag":"App"}]],"tag":"App"},"name":"S"},{"item":{"contents":[{"Left":"Data.Unit.Polymorphic.Base.⊤"},[{"contents":[{"Right":7},[]],"tag":"App"}]],"tag":"App"},"name":"x"}]},"goal":{"pretty":"⊤ → Set ℓ","thing":{"normalised":{"contents":[{"item":{"contents":[{"Left":"Level.Lift"},[{"contents":"lzero","tag":"Level"},{"contents":[{"Right":8},[]],"tag":"App"},{"contents":[{"Left":"Agda.Builtin.Unit.⊤"},[]],"tag":"App"}]],"tag":"App"},"name":"_"},{"contents":"Set @7","tag":"Sort"}],"tag":"Pi"},"original":{"contents":[{"item":{"contents":[{"Left":"Data.Unit.Polymorphic.Base.⊤"},[{"contents":[{"Right":8},[]],"tag":"App"}]],"tag":"App"},"name":"_"},{"contents":"Set @7","tag":"Sort"}],"tag":"Pi"},"reduced":null,"simplified":null}},"term":{"pretty":"λ _ → ⊤","thing":{"normalised":{"contents":{"item":{"contents":[{"Left":"Level.Lift"},[{"contents":"lzero","tag":"Level"},{"contents":[{"Right":8},[]],"tag":"App"},{"contents":[{"Left":"Agda.Builtin.Unit.⊤"},[]],"tag":"App"}]],"tag":"App"},"name":"_"},"tag":"Lam"},"original":{"contents":{"item":{"contents":[{"Left":"Data.Unit.Polymorphic.Base.⊤"},[{"contents":[{"Right":8},[]],"tag":"App"}]],"tag":"App"},"name":"_"},"tag":"Lam"},"reduced":null,"simplified":null}},"namesUsed":["Data.Unit.Polymorphic.Base.⊤"]},{"ctx":{"pretty":"{c = c₁ : Level} {ℓ = ℓ₁ : Level} {r : Level} {ℓr : Level}\n{s : Level} {ℓs : Level} {R : Semiring r ℓr} {S : Semiring s ℓs}\n(x : ⊤) (x₁ : ⊤)","thing":[{"item":{"contents":[{"Left":"Agda.Primitive.Level"},[]],"tag":"App"},"name":"c"},{"item":{"contents":[{"Left":"Agda.Primitive.Level"},[]],"tag":"App"},"name":"ℓ"},{"item":{"contents":[{"Left":"Agda.Primitive.Level"},[]],"tag":"App"},"name":"r"},{"item":{"contents":[{"Left":"Agda.Primitive.Level"},[]],"tag":"App"},"name":"ℓr"},{"item":{"contents":[{"Left":"Agda.Primitive.Level"},[]],"tag":"App"},"name":"s"},{"item":{"contents":[{"Left":"Agda.Primitive.Level"},[]],"tag":"App"},"name":"ℓs"},{"item":{"contents":[{"Left":"Algebra.Bundles.Semiring"},[{"contents":[{"Right":3},[]],"tag":"App"},{"contents":[{"Right":2},[]],"tag":"App"}]],"tag":"App"},"name":"R"},{"item":{"contents":[{"Left":"Algebra.Bundles.Semiring"},[{"contents":[{"Right":2},[]],"tag":"App"},{"contents":[{"Right":1},[]],"tag":"App"}]],"tag":"App"},"name":"S"},{"item":{"contents":[{"Left":"Data.Unit.Polymorphic.Base.⊤"},[{"contents":[{"Right":7},[]],"tag":"App"}]],"tag":"App"},"name":"x"},{"item":{"contents":[{"Left":"Data.Unit.Polymorphic.Base.⊤"},[{"contents":[{"Right":8},[]],"tag":"App"}]],"tag":"App"},"name":"x"}]},"goal":{"pretty":"Set ℓ","thing":{"normalised":null,"original":{"contents":"Set @8","tag":"Sort"},"reduced":null,"simplified":null}},"term":{"pretty":"⊤","thing":{"normalised":{"contents":[{"Left":"Level.Lift"},[{"contents":"lzero","tag":"Level"},{"contents":[{"Right":8},[]],"tag":"App"},{"contents":[{"Left":"Agda.Builtin.Unit.⊤"},[]],"tag":"App"}]],"tag":"App"},"original":{"contents":[{"Left":"Data.Unit.Polymorphic.Base.⊤"},[{"contents":[{"Right":8},[]],"tag":"App"}]],"tag":"App"},"reduced":{"contents":[{"Left":"Level.Lift"},[{"contents":"lzero","tag":"Level"},{"contents":[{"Right":8},[]],"tag":"App"},{"contents":[{"Left":"Agda.Builtin.Unit.⊤"},[]],"tag":"App"}]],"tag":"App"},"simplified":null}},"namesUsed":["Data.Unit.Polymorphic.Base.⊤"]},{"ctx":{"pretty":"{c : Level} {ℓ : Level} {r : Level} {ℓr : Level}\n{R : CommutativeSemiring r ℓr}","thing":[{"item":{"contents":[{"Left":"Agda.Primitive.Level"},[]],"tag":"App"},"name":"c"},{"item":{"contents":[{"Left":"Agda.Primitive.Level"},[]],"tag":"App"},"name":"ℓ"},{"item":{"contents":[{"Left":"Agda.Primitive.Level"},[]],"tag":"App"},"name":"r"},{"item":{"contents":[{"Left":"Agda.Primitive.Level"},[]],"tag":"App"},"name":"ℓr"},{"item":{"contents":[{"Left":"Algebra.Bundles.CommutativeSemiring"},[{"contents":[{"Right":1},[]],"tag":"App"},{"contents":[{"Right":0},[]],"tag":"App"}]],"tag":"App"},"name":"R"}]},"goal":{"pretty":"Set c","thing":{"normalised":null,"original":{"contents":"Set @4","tag":"Sort"},"reduced":null,"simplified":null}},"term":{"pretty":"⊤","thing":{"normalised":{"contents":[{"Left":"Level.Lift"},[{"contents":"lzero","tag":"Level"},{"contents":[{"Right":4},[]],"tag":"App"},{"contents":[{"Left":"Agda.Builtin.Unit.⊤"},[]],"tag":"App"}]],"tag":"App"},"original":{"contents":[{"Left":"Data.Unit.Polymorphic.Base.⊤"},[{"contents":[{"Right":4},[]],"tag":"App"}]],"tag":"App"},"reduced":{"contents":[{"Left":"Level.Lift"},[{"contents":"lzero","tag":"Level"},{"contents":[{"Right":4},[]],"tag":"App"},{"contents":[{"Left":"Agda.Builtin.Unit.⊤"},[]],"tag":"App"}]],"tag":"App"},"simplified":null}},"namesUsed":["Data.Unit.Polymorphic.Base.⊤"]},{"ctx":{"pretty":"{c = c₁ : Level} {ℓ : Level} {r : Level} {ℓr : Level}\n{R : CommutativeSemiring r ℓr}","thing":[{"item":{"contents":[{"Left":"Agda.Primitive.Level"},[]],"tag":"App"},"name":"c"},{"item":{"contents":[{"Left":"Agda.Primitive.Level"},[]],"tag":"App"},"name":"ℓ"},{"item":{"contents":[{"Left":"Agda.Primitive.Level"},[]],"tag":"App"},"name":"r"},{"item":{"contents":[{"Left":"Agda.Primitive.Level"},[]],"tag":"App"},"name":"ℓr"},{"item":{"contents":[{"Left":"Algebra.Bundles.CommutativeSemiring"},[{"contents":[{"Right":1},[]],"tag":"App"},{"contents":[{"Right":0},[]],"tag":"App"}]],"tag":"App"},"name":"R"}]},"goal":{"pretty":"Relation.Binary.Core.Rel ⊤ ℓ","thing":{"normalised":{"contents":[{"item":{"contents":[{"Left":"Level.Lift"},[{"contents":"lzero","tag":"Level"},{"contents":[{"Right":4},[]],"tag":"App"},{"contents":[{"Left":"Agda.Builtin.Unit.⊤"},[]],"tag":"App"}]],"tag":"App"},"name":"_"},{"contents":[{"item":{"contents":[{"Left":"Level.Lift"},[{"contents":"lzero","tag":"Level"},{"contents":[{"Right":4},[]],"tag":"App"},{"contents":[{"Left":"Agda.Builtin.Unit.⊤"},[]],"tag":"App"}]],"tag":"App"},"name":"_"},{"contents":"Set @3","tag":"Sort"}],"tag":"Pi"}],"tag":"Pi"},"original":{"contents":[{"Left":"Relation.Binary.Core.Rel"},[{"contents":[{"Right":4},[]],"tag":"App"},{"contents":[{"Left":"Data.Unit.Polymorphic.Base.⊤"},[{"contents":[{"Right":4},[]],"tag":"App"}]],"tag":"App"},{"contents":[{"Right":3},[]],"tag":"App"}]],"tag":"App"},"reduced":{"contents":[{"item":{"contents":[{"Left":"Data.Unit.Polymorphic.Base.⊤"},[{"contents":[{"Right":4},[]],"tag":"App"}]],"tag":"App"},"name":"_"},{"contents":[{"item":{"contents":[{"Left":"Data.Unit.Polymorphic.Base.⊤"},[{"contents":[{"Right":4},[]],"tag":"App"}]],"tag":"App"},"name":"_"},{"contents":"Set @3","tag":"Sort"}],"tag":"Pi"}],"tag":"Pi"},"simplified":null}},"term":{"pretty":"λ _ _ → ⊤","thing":{"normalised":{"contents":{"item":{"contents":{"item":{"contents":[{"Left":"Level.Lift"},[{"contents":"lzero","tag":"Level"},{"contents":[{"Right":5},[]],"tag":"App"},{"contents":[{"Left":"Agda.Builtin.Unit.⊤"},[]],"tag":"App"}]],"tag":"App"},"name":"_"},"tag":"Lam"},"name":"_"},"tag":"Lam"},"original":{"contents":{"item":{"contents":{"item":{"contents":[{"Left":"Data.Unit.Polymorphic.Base.⊤"},[{"contents":[{"Right":5},[]],"tag":"App"}]],"tag":"App"},"name":"_"},"tag":"Lam"},"name":"_"},"tag":"Lam"},"reduced":null,"simplified":null}},"namesUsed":["Data.Unit.Polymorphic.Base.⊤"]},{"ctx":{"pretty":"{c = c₁ : Level} {ℓ = ℓ₁ : Level} {r : Level} {ℓr : Level}\n{R : CommutativeSemiring r ℓr} (x : ⊤)","thing":[{"item":{"contents":[{"Left":"Agda.Primitive.Level"},[]],"tag":"App"},"name":"c"},{"item":{"contents":[{"Left":"Agda.Primitive.Level"},[]],"tag":"App"},"name":"ℓ"},{"item":{"contents":[{"Left":"Agda.Primitive.Level"},[]],"tag":"App"},"name":"r"},{"item":{"contents":[{"Left":"Agda.Primitive.Level"},[]],"tag":"App"},"name":"ℓr"},{"item":{"contents":[{"Left":"Algebra.Bundles.CommutativeSemiring"},[{"contents":[{"Right":1},[]],"tag":"App"},{"contents":[{"Right":0},[]],"tag":"App"}]],"tag":"App"},"name":"R"},{"item":{"contents":[{"Left":"Data.Unit.Polymorphic.Base.⊤"},[{"contents":[{"Right":4},[]],"tag":"App"}]],"tag":"App"},"name":"x"}]},"goal":{"pretty":"⊤ → Set ℓ","thing":{"normalised":{"contents":[{"item":{"contents":[{"Left":"Level.Lift"},[{"contents":"lzero","tag":"Level"},{"contents":[{"Right":5},[]],"tag":"App"},{"contents":[{"Left":"Agda.Builtin.Unit.⊤"},[]],"tag":"App"}]],"tag":"App"},"name":"_"},{"contents":"Set @4","tag":"Sort"}],"tag":"Pi"},"original":{"contents":[{"item":{"contents":[{"Left":"Data.Unit.Polymorphic.Base.⊤"},[{"contents":[{"Right":5},[]],"tag":"App"}]],"tag":"App"},"name":"_"},{"contents":"Set @4","tag":"Sort"}],"tag":"Pi"},"reduced":null,"simplified":null}},"term":{"pretty":"λ _ → ⊤","thing":{"normalised":{"contents":{"item":{"contents":[{"Left":"Level.Lift"},[{"contents":"lzero","tag":"Level"},{"contents":[{"Right":5},[]],"tag":"App"},{"contents":[{"Left":"Agda.Builtin.Unit.⊤"},[]],"tag":"App"}]],"tag":"App"},"name":"_"},"tag":"Lam"},"original":{"contents":{"item":{"contents":[{"Left":"Data.Unit.Polymorphic.Base.⊤"},[{"contents":[{"Right":5},[]],"tag":"App"}]],"tag":"App"},"name":"_"},"tag":"Lam"},"reduced":null,"simplified":null}},"namesUsed":["Data.Unit.Polymorphic.Base.⊤"]},{"ctx":{"pretty":"{c = c₁ : Level} {ℓ = ℓ₁ : Level} {r : Level} {ℓr : Level}\n{R : CommutativeSemiring r ℓr} (x : ⊤) (x₁ : ⊤)","thing":[{"item":{"contents":[{"Left":"Agda.Primitive.Level"},[]],"tag":"App"},"name":"c"},{"item":{"contents":[{"Left":"Agda.Primitive.Level"},[]],"tag":"App"},"name":"ℓ"},{"item":{"contents":[{"Left":"Agda.Primitive.Level"},[]],"tag":"App"},"name":"r"},{"item":{"contents":[{"Left":"Agda.Primitive.Level"},[]],"tag":"App"},"name":"ℓr"},{"item":{"contents":[{"Left":"Algebra.Bundles.CommutativeSemiring"},[{"contents":[{"Right":1},[]],"tag":"App"},{"contents":[{"Right":0},[]],"tag":"App"}]],"tag":"App"},"name":"R"},{"item":{"contents":[{"Left":"Data.Unit.Polymorphic.Base.⊤"},[{"contents":[{"Right":4},[]],"tag":"App"}]],"tag":"App"},"name":"x"},{"item":{"contents":[{"Left":"Data.Unit.Polymorphic.Base.⊤"},[{"contents":[{"Right":5},[]],"tag":"App"}]],"tag":"App"},"name":"x"}]},"goal":{"pretty":"Set ℓ","thing":{"normalised":null,"original":{"contents":"Set @5","tag":"Sort"},"reduced":null,"simplified":null}},"term":{"pretty":"⊤","thing":{"normalised":{"contents":[{"Left":"Level.Lift"},[{"contents":"lzero","tag":"Level"},{"contents":[{"Right":5},[]],"tag":"App"},{"contents":[{"Left":"Agda.Builtin.Unit.⊤"},[]],"tag":"App"}]],"tag":"App"},"original":{"contents":[{"Left":"Data.Unit.Polymorphic.Base.⊤"},[{"contents":[{"Right":5},[]],"tag":"App"}]],"tag":"App"},"reduced":{"contents":[{"Left":"Level.Lift"},[{"contents":"lzero","tag":"Level"},{"contents":[{"Right":5},[]],"tag":"App"},{"contents":[{"Left":"Agda.Builtin.Unit.⊤"},[]],"tag":"App"}]],"tag":"App"},"simplified":null}},"namesUsed":["Data.Unit.Polymorphic.Base.⊤"]},{"ctx":{"pretty":"{c : Level} {ℓ : Level} {r : Level} {ℓr : Level} {R : Ring r ℓr}","thing":[{"item":{"contents":[{"Left":"Agda.Primitive.Level"},[]],"tag":"App"},"name":"c"},{"item":{"contents":[{"Left":"Agda.Primitive.Level"},[]],"tag":"App"},"name":"ℓ"},{"item":{"contents":[{"Left":"Agda.Primitive.Level"},[]],"tag":"App"},"name":"r"},{"item":{"contents":[{"Left":"Agda.Primitive.Level"},[]],"tag":"App"},"name":"ℓr"},{"item":{"contents":[{"Left":"Algebra.Bundles.Ring"},[{"contents":[{"Right":1},[]],"tag":"App"},{"contents":[{"Right":0},[]],"tag":"App"}]],"tag":"App"},"name":"R"}]},"goal":{"pretty":"Set c","thing":{"normalised":null,"original":{"contents":"Set @4","tag":"Sort"},"reduced":null,"simplified":null}},"term":{"pretty":"⊤","thing":{"normalised":{"contents":[{"Left":"Level.Lift"},[{"contents":"lzero","tag":"Level"},{"contents":[{"Right":4},[]],"tag":"App"},{"contents":[{"Left":"Agda.Builtin.Unit.⊤"},[]],"tag":"App"}]],"tag":"App"},"original":{"contents":[{"Left":"Data.Unit.Polymorphic.Base.⊤"},[{"contents":[{"Right":4},[]],"tag":"App"}]],"tag":"App"},"reduced":{"contents":[{"Left":"Level.Lift"},[{"contents":"lzero","tag":"Level"},{"contents":[{"Right":4},[]],"tag":"App"},{"contents":[{"Left":"Agda.Builtin.Unit.⊤"},[]],"tag":"App"}]],"tag":"App"},"simplified":null}},"namesUsed":["Data.Unit.Polymorphic.Base.⊤"]},{"ctx":{"pretty":"{c = c₁ : Level} {ℓ : Level} {r : Level} {ℓr : Level}\n{R : Ring r ℓr}","thing":[{"item":{"contents":[{"Left":"Agda.Primitive.Level"},[]],"tag":"App"},"name":"c"},{"item":{"contents":[{"Left":"Agda.Primitive.Level"},[]],"tag":"App"},"name":"ℓ"},{"item":{"contents":[{"Left":"Agda.Primitive.Level"},[]],"tag":"App"},"name":"r"},{"item":{"contents":[{"Left":"Agda.Primitive.Level"},[]],"tag":"App"},"name":"ℓr"},{"item":{"contents":[{"Left":"Algebra.Bundles.Ring"},[{"contents":[{"Right":1},[]],"tag":"App"},{"contents":[{"Right":0},[]],"tag":"App"}]],"tag":"App"},"name":"R"}]},"goal":{"pretty":"Relation.Binary.Core.Rel ⊤ ℓ","thing":{"normalised":{"contents":[{"item":{"contents":[{"Left":"Level.Lift"},[{"contents":"lzero","tag":"Level"},{"contents":[{"Right":4},[]],"tag":"App"},{"contents":[{"Left":"Agda.Builtin.Unit.⊤"},[]],"tag":"App"}]],"tag":"App"},"name":"_"},{"contents":[{"item":{"contents":[{"Left":"Level.Lift"},[{"contents":"lzero","tag":"Level"},{"contents":[{"Right":4},[]],"tag":"App"},{"contents":[{"Left":"Agda.Builtin.Unit.⊤"},[]],"tag":"App"}]],"tag":"App"},"name":"_"},{"contents":"Set @3","tag":"Sort"}],"tag":"Pi"}],"tag":"Pi"},"original":{"contents":[{"Left":"Relation.Binary.Core.Rel"},[{"contents":[{"Right":4},[]],"tag":"App"},{"contents":[{"Left":"Data.Unit.Polymorphic.Base.⊤"},[{"contents":[{"Right":4},[]],"tag":"App"}]],"tag":"App"},{"contents":[{"Right":3},[]],"tag":"App"}]],"tag":"App"},"reduced":{"contents":[{"item":{"contents":[{"Left":"Data.Unit.Polymorphic.Base.⊤"},[{"contents":[{"Right":4},[]],"tag":"App"}]],"tag":"App"},"name":"_"},{"contents":[{"item":{"contents":[{"Left":"Data.Unit.Polymorphic.Base.⊤"},[{"contents":[{"Right":4},[]],"tag":"App"}]],"tag":"App"},"name":"_"},{"contents":"Set @3","tag":"Sort"}],"tag":"Pi"}],"tag":"Pi"},"simplified":null}},"term":{"pretty":"λ _ _ → ⊤","thing":{"normalised":{"contents":{"item":{"contents":{"item":{"contents":[{"Left":"Level.Lift"},[{"contents":"lzero","tag":"Level"},{"contents":[{"Right":5},[]],"tag":"App"},{"contents":[{"Left":"Agda.Builtin.Unit.⊤"},[]],"tag":"App"}]],"tag":"App"},"name":"_"},"tag":"Lam"},"name":"_"},"tag":"Lam"},"original":{"contents":{"item":{"contents":{"item":{"contents":[{"Left":"Data.Unit.Polymorphic.Base.⊤"},[{"contents":[{"Right":5},[]],"tag":"App"}]],"tag":"App"},"name":"_"},"tag":"Lam"},"name":"_"},"tag":"Lam"},"reduced":null,"simplified":null}},"namesUsed":["Data.Unit.Polymorphic.Base.⊤"]},{"ctx":{"pretty":"{c = c₁ : Level} {ℓ = ℓ₁ : Level} {r : Level} {ℓr : Level}\n{R : Ring r ℓr} (x : ⊤)","thing":[{"item":{"contents":[{"Left":"Agda.Primitive.Level"},[]],"tag":"App"},"name":"c"},{"item":{"contents":[{"Left":"Agda.Primitive.Level"},[]],"tag":"App"},"name":"ℓ"},{"item":{"contents":[{"Left":"Agda.Primitive.Level"},[]],"tag":"App"},"name":"r"},{"item":{"contents":[{"Left":"Agda.Primitive.Level"},[]],"tag":"App"},"name":"ℓr"},{"item":{"contents":[{"Left":"Algebra.Bundles.Ring"},[{"contents":[{"Right":1},[]],"tag":"App"},{"contents":[{"Right":0},[]],"tag":"App"}]],"tag":"App"},"name":"R"},{"item":{"contents":[{"Left":"Data.Unit.Polymorphic.Base.⊤"},[{"contents":[{"Right":4},[]],"tag":"App"}]],"tag":"App"},"name":"x"}]},"goal":{"pretty":"⊤ → Set ℓ","thing":{"normalised":{"contents":[{"item":{"contents":[{"Left":"Level.Lift"},[{"contents":"lzero","tag":"Level"},{"contents":[{"Right":5},[]],"tag":"App"},{"contents":[{"Left":"Agda.Builtin.Unit.⊤"},[]],"tag":"App"}]],"tag":"App"},"name":"_"},{"contents":"Set @4","tag":"Sort"}],"tag":"Pi"},"original":{"contents":[{"item":{"contents":[{"Left":"Data.Unit.Polymorphic.Base.⊤"},[{"contents":[{"Right":5},[]],"tag":"App"}]],"tag":"App"},"name":"_"},{"contents":"Set @4","tag":"Sort"}],"tag":"Pi"},"reduced":null,"simplified":null}},"term":{"pretty":"λ _ → ⊤","thing":{"normalised":{"contents":{"item":{"contents":[{"Left":"Level.Lift"},[{"contents":"lzero","tag":"Level"},{"contents":[{"Right":5},[]],"tag":"App"},{"contents":[{"Left":"Agda.Builtin.Unit.⊤"},[]],"tag":"App"}]],"tag":"App"},"name":"_"},"tag":"Lam"},"original":{"contents":{"item":{"contents":[{"Left":"Data.Unit.Polymorphic.Base.⊤"},[{"contents":[{"Right":5},[]],"tag":"App"}]],"tag":"App"},"name":"_"},"tag":"Lam"},"reduced":null,"simplified":null}},"namesUsed":["Data.Unit.Polymorphic.Base.⊤"]},{"ctx":{"pretty":"{c = c₁ : Level} {ℓ = ℓ₁ : Level} {r : Level} {ℓr : Level}\n{R : Ring r ℓr} (x : ⊤) (x₁ : ⊤)","thing":[{"item":{"contents":[{"Left":"Agda.Primitive.Level"},[]],"tag":"App"},"name":"c"},{"item":{"contents":[{"Left":"Agda.Primitive.Level"},[]],"tag":"App"},"name":"ℓ"},{"item":{"contents":[{"Left":"Agda.Primitive.Level"},[]],"tag":"App"},"name":"r"},{"item":{"contents":[{"Left":"Agda.Primitive.Level"},[]],"tag":"App"},"name":"ℓr"},{"item":{"contents":[{"Left":"Algebra.Bundles.Ring"},[{"contents":[{"Right":1},[]],"tag":"App"},{"contents":[{"Right":0},[]],"tag":"App"}]],"tag":"App"},"name":"R"},{"item":{"contents":[{"Left":"Data.Unit.Polymorphic.Base.⊤"},[{"contents":[{"Right":4},[]],"tag":"App"}]],"tag":"App"},"name":"x"},{"item":{"contents":[{"Left":"Data.Unit.Polymorphic.Base.⊤"},[{"contents":[{"Right":5},[]],"tag":"App"}]],"tag":"App"},"name":"x"}]},"goal":{"pretty":"Set ℓ","thing":{"normalised":null,"original":{"contents":"Set @5","tag":"Sort"},"reduced":null,"simplified":null}},"term":{"pretty":"⊤","thing":{"normalised":{"contents":[{"Left":"Level.Lift"},[{"contents":"lzero","tag":"Level"},{"contents":[{"Right":5},[]],"tag":"App"},{"contents":[{"Left":"Agda.Builtin.Unit.⊤"},[]],"tag":"App"}]],"tag":"App"},"original":{"contents":[{"Left":"Data.Unit.Polymorphic.Base.⊤"},[{"contents":[{"Right":5},[]],"tag":"App"}]],"tag":"App"},"reduced":{"contents":[{"Left":"Level.Lift"},[{"contents":"lzero","tag":"Level"},{"contents":[{"Right":5},[]],"tag":"App"},{"contents":[{"Left":"Agda.Builtin.Unit.⊤"},[]],"tag":"App"}]],"tag":"App"},"simplified":null}},"namesUsed":["Data.Unit.Polymorphic.Base.⊤"]},{"ctx":{"pretty":"{c : Level} {ℓ : Level} {s : Level} {ℓs : Level} {S : Ring s ℓs}","thing":[{"item":{"contents":[{"Left":"Agda.Primitive.Level"},[]],"tag":"App"},"name":"c"},{"item":{"contents":[{"Left":"Agda.Primitive.Level"},[]],"tag":"App"},"name":"ℓ"},{"item":{"contents":[{"Left":"Agda.Primitive.Level"},[]],"tag":"App"},"name":"s"},{"item":{"contents":[{"Left":"Agda.Primitive.Level"},[]],"tag":"App"},"name":"ℓs"},{"item":{"contents":[{"Left":"Algebra.Bundles.Ring"},[{"contents":[{"Right":1},[]],"tag":"App"},{"contents":[{"Right":0},[]],"tag":"App"}]],"tag":"App"},"name":"S"}]},"goal":{"pretty":"Set c","thing":{"normalised":null,"original":{"contents":"Set @4","tag":"Sort"},"reduced":null,"simplified":null}},"term":{"pretty":"⊤","thing":{"normalised":{"contents":[{"Left":"Level.Lift"},[{"contents":"lzero","tag":"Level"},{"contents":[{"Right":4},[]],"tag":"App"},{"contents":[{"Left":"Agda.Builtin.Unit.⊤"},[]],"tag":"App"}]],"tag":"App"},"original":{"contents":[{"Left":"Data.Unit.Polymorphic.Base.⊤"},[{"contents":[{"Right":4},[]],"tag":"App"}]],"tag":"App"},"reduced":{"contents":[{"Left":"Level.Lift"},[{"contents":"lzero","tag":"Level"},{"contents":[{"Right":4},[]],"tag":"App"},{"contents":[{"Left":"Agda.Builtin.Unit.⊤"},[]],"tag":"App"}]],"tag":"App"},"simplified":null}},"namesUsed":["Data.Unit.Polymorphic.Base.⊤"]},{"ctx":{"pretty":"{c = c₁ : Level} {ℓ : Level} {s : Level} {ℓs : Level}\n{S : Ring s ℓs}","thing":[{"item":{"contents":[{"Left":"Agda.Primitive.Level"},[]],"tag":"App"},"name":"c"},{"item":{"contents":[{"Left":"Agda.Primitive.Level"},[]],"tag":"App"},"name":"ℓ"},{"item":{"contents":[{"Left":"Agda.Primitive.Level"},[]],"tag":"App"},"name":"s"},{"item":{"contents":[{"Left":"Agda.Primitive.Level"},[]],"tag":"App"},"name":"ℓs"},{"item":{"contents":[{"Left":"Algebra.Bundles.Ring"},[{"contents":[{"Right":1},[]],"tag":"App"},{"contents":[{"Right":0},[]],"tag":"App"}]],"tag":"App"},"name":"S"}]},"goal":{"pretty":"Relation.Binary.Core.Rel ⊤ ℓ","thing":{"normalised":{"contents":[{"item":{"contents":[{"Left":"Level.Lift"},[{"contents":"lzero","tag":"Level"},{"contents":[{"Right":4},[]],"tag":"App"},{"contents":[{"Left":"Agda.Builtin.Unit.⊤"},[]],"tag":"App"}]],"tag":"App"},"name":"_"},{"contents":[{"item":{"contents":[{"Left":"Level.Lift"},[{"contents":"lzero","tag":"Level"},{"contents":[{"Right":4},[]],"tag":"App"},{"contents":[{"Left":"Agda.Builtin.Unit.⊤"},[]],"tag":"App"}]],"tag":"App"},"name":"_"},{"contents":"Set @3","tag":"Sort"}],"tag":"Pi"}],"tag":"Pi"},"original":{"contents":[{"Left":"Relation.Binary.Core.Rel"},[{"contents":[{"Right":4},[]],"tag":"App"},{"contents":[{"Left":"Data.Unit.Polymorphic.Base.⊤"},[{"contents":[{"Right":4},[]],"tag":"App"}]],"tag":"App"},{"contents":[{"Right":3},[]],"tag":"App"}]],"tag":"App"},"reduced":{"contents":[{"item":{"contents":[{"Left":"Data.Unit.Polymorphic.Base.⊤"},[{"contents":[{"Right":4},[]],"tag":"App"}]],"tag":"App"},"name":"_"},{"contents":[{"item":{"contents":[{"Left":"Data.Unit.Polymorphic.Base.⊤"},[{"contents":[{"Right":4},[]],"tag":"App"}]],"tag":"App"},"name":"_"},{"contents":"Set @3","tag":"Sort"}],"tag":"Pi"}],"tag":"Pi"},"simplified":null}},"term":{"pretty":"λ _ _ → ⊤","thing":{"normalised":{"contents":{"item":{"contents":{"item":{"contents":[{"Left":"Level.Lift"},[{"contents":"lzero","tag":"Level"},{"contents":[{"Right":5},[]],"tag":"App"},{"contents":[{"Left":"Agda.Builtin.Unit.⊤"},[]],"tag":"App"}]],"tag":"App"},"name":"_"},"tag":"Lam"},"name":"_"},"tag":"Lam"},"original":{"contents":{"item":{"contents":{"item":{"contents":[{"Left":"Data.Unit.Polymorphic.Base.⊤"},[{"contents":[{"Right":5},[]],"tag":"App"}]],"tag":"App"},"name":"_"},"tag":"Lam"},"name":"_"},"tag":"Lam"},"reduced":null,"simplified":null}},"namesUsed":["Data.Unit.Polymorphic.Base.⊤"]},{"ctx":{"pretty":"{c = c₁ : Level} {ℓ = ℓ₁ : Level} {s : Level} {ℓs : Level}\n{S : Ring s ℓs} (x : ⊤)","thing":[{"item":{"contents":[{"Left":"Agda.Primitive.Level"},[]],"tag":"App"},"name":"c"},{"item":{"contents":[{"Left":"Agda.Primitive.Level"},[]],"tag":"App"},"name":"ℓ"},{"item":{"contents":[{"Left":"Agda.Primitive.Level"},[]],"tag":"App"},"name":"s"},{"item":{"contents":[{"Left":"Agda.Primitive.Level"},[]],"tag":"App"},"name":"ℓs"},{"item":{"contents":[{"Left":"Algebra.Bundles.Ring"},[{"contents":[{"Right":1},[]],"tag":"App"},{"contents":[{"Right":0},[]],"tag":"App"}]],"tag":"App"},"name":"S"},{"item":{"contents":[{"Left":"Data.Unit.Polymorphic.Base.⊤"},[{"contents":[{"Right":4},[]],"tag":"App"}]],"tag":"App"},"name":"x"}]},"goal":{"pretty":"⊤ → Set ℓ","thing":{"normalised":{"contents":[{"item":{"contents":[{"Left":"Level.Lift"},[{"contents":"lzero","tag":"Level"},{"contents":[{"Right":5},[]],"tag":"App"},{"contents":[{"Left":"Agda.Builtin.Unit.⊤"},[]],"tag":"App"}]],"tag":"App"},"name":"_"},{"contents":"Set @4","tag":"Sort"}],"tag":"Pi"},"original":{"contents":[{"item":{"contents":[{"Left":"Data.Unit.Polymorphic.Base.⊤"},[{"contents":[{"Right":5},[]],"tag":"App"}]],"tag":"App"},"name":"_"},{"contents":"Set @4","tag":"Sort"}],"tag":"Pi"},"reduced":null,"simplified":null}},"term":{"pretty":"λ _ → ⊤","thing":{"normalised":{"contents":{"item":{"contents":[{"Left":"Level.Lift"},[{"contents":"lzero","tag":"Level"},{"contents":[{"Right":5},[]],"tag":"App"},{"contents":[{"Left":"Agda.Builtin.Unit.⊤"},[]],"tag":"App"}]],"tag":"App"},"name":"_"},"tag":"Lam"},"original":{"contents":{"item":{"contents":[{"Left":"Data.Unit.Polymorphic.Base.⊤"},[{"contents":[{"Right":5},[]],"tag":"App"}]],"tag":"App"},"name":"_"},"tag":"Lam"},"reduced":null,"simplified":null}},"namesUsed":["Data.Unit.Polymorphic.Base.⊤"]},{"ctx":{"pretty":"{c = c₁ : Level} {ℓ = ℓ₁ : Level} {s : Level} {ℓs : Level}\n{S : Ring s ℓs} (x : ⊤) (x₁ : ⊤)","thing":[{"item":{"contents":[{"Left":"Agda.Primitive.Level"},[]],"tag":"App"},"name":"c"},{"item":{"contents":[{"Left":"Agda.Primitive.Level"},[]],"tag":"App"},"name":"ℓ"},{"item":{"contents":[{"Left":"Agda.Primitive.Level"},[]],"tag":"App"},"name":"s"},{"item":{"contents":[{"Left":"Agda.Primitive.Level"},[]],"tag":"App"},"name":"ℓs"},{"item":{"contents":[{"Left":"Algebra.Bundles.Ring"},[{"contents":[{"Right":1},[]],"tag":"App"},{"contents":[{"Right":0},[]],"tag":"App"}]],"tag":"App"},"name":"S"},{"item":{"contents":[{"Left":"Data.Unit.Polymorphic.Base.⊤"},[{"contents":[{"Right":4},[]],"tag":"App"}]],"tag":"App"},"name":"x"},{"item":{"contents":[{"Left":"Data.Unit.Polymorphic.Base.⊤"},[{"contents":[{"Right":5},[]],"tag":"App"}]],"tag":"App"},"name":"x"}]},"goal":{"pretty":"Set ℓ","thing":{"normalised":null,"original":{"contents":"Set @5","tag":"Sort"},"reduced":null,"simplified":null}},"term":{"pretty":"⊤","thing":{"normalised":{"contents":[{"Left":"Level.Lift"},[{"contents":"lzero","tag":"Level"},{"contents":[{"Right":5},[]],"tag":"App"},{"contents":[{"Left":"Agda.Builtin.Unit.⊤"},[]],"tag":"App"}]],"tag":"App"},"original":{"contents":[{"Left":"Data.Unit.Polymorphic.Base.⊤"},[{"contents":[{"Right":5},[]],"tag":"App"}]],"tag":"App"},"reduced":{"contents":[{"Left":"Level.Lift"},[{"contents":"lzero","tag":"Level"},{"contents":[{"Right":5},[]],"tag":"App"},{"contents":[{"Left":"Agda.Builtin.Unit.⊤"},[]],"tag":"App"}]],"tag":"App"},"simplified":null}},"namesUsed":["Data.Unit.Polymorphic.Base.⊤"]},{"ctx":{"pretty":"{c : Level} {ℓ : Level} {r : Level} {ℓr : Level} {s : Level}\n{ℓs : Level} {R : Ring r ℓr} {S : Ring s ℓs}","thing":[{"item":{"contents":[{"Left":"Agda.Primitive.Level"},[]],"tag":"App"},"name":"c"},{"item":{"contents":[{"Left":"Agda.Primitive.Level"},[]],"tag":"App"},"name":"ℓ"},{"item":{"contents":[{"Left":"Agda.Primitive.Level"},[]],"tag":"App"},"name":"r"},{"item":{"contents":[{"Left":"Agda.Primitive.Level"},[]],"tag":"App"},"name":"ℓr"},{"item":{"contents":[{"Left":"Agda.Primitive.Level"},[]],"tag":"App"},"name":"s"},{"item":{"contents":[{"Left":"Agda.Primitive.Level"},[]],"tag":"App"},"name":"ℓs"},{"item":{"contents":[{"Left":"Algebra.Bundles.Ring"},[{"contents":[{"Right":3},[]],"tag":"App"},{"contents":[{"Right":2},[]],"tag":"App"}]],"tag":"App"},"name":"R"},{"item":{"contents":[{"Left":"Algebra.Bundles.Ring"},[{"contents":[{"Right":2},[]],"tag":"App"},{"contents":[{"Right":1},[]],"tag":"App"}]],"tag":"App"},"name":"S"}]},"goal":{"pretty":"Set c","thing":{"normalised":null,"original":{"contents":"Set @7","tag":"Sort"},"reduced":null,"simplified":null}},"term":{"pretty":"⊤","thing":{"normalised":{"contents":[{"Left":"Level.Lift"},[{"contents":"lzero","tag":"Level"},{"contents":[{"Right":7},[]],"tag":"App"},{"contents":[{"Left":"Agda.Builtin.Unit.⊤"},[]],"tag":"App"}]],"tag":"App"},"original":{"contents":[{"Left":"Data.Unit.Polymorphic.Base.⊤"},[{"contents":[{"Right":7},[]],"tag":"App"}]],"tag":"App"},"reduced":{"contents":[{"Left":"Level.Lift"},[{"contents":"lzero","tag":"Level"},{"contents":[{"Right":7},[]],"tag":"App"},{"contents":[{"Left":"Agda.Builtin.Unit.⊤"},[]],"tag":"App"}]],"tag":"App"},"simplified":null}},"namesUsed":["Data.Unit.Polymorphic.Base.⊤"]},{"ctx":{"pretty":"{c = c₁ : Level} {ℓ : Level} {r : Level} {ℓr : Level} {s : Level}\n{ℓs : Level} {R : Ring r ℓr} {S : Ring s ℓs}","thing":[{"item":{"contents":[{"Left":"Agda.Primitive.Level"},[]],"tag":"App"},"name":"c"},{"item":{"contents":[{"Left":"Agda.Primitive.Level"},[]],"tag":"App"},"name":"ℓ"},{"item":{"contents":[{"Left":"Agda.Primitive.Level"},[]],"tag":"App"},"name":"r"},{"item":{"contents":[{"Left":"Agda.Primitive.Level"},[]],"tag":"App"},"name":"ℓr"},{"item":{"contents":[{"Left":"Agda.Primitive.Level"},[]],"tag":"App"},"name":"s"},{"item":{"contents":[{"Left":"Agda.Primitive.Level"},[]],"tag":"App"},"name":"ℓs"},{"item":{"contents":[{"Left":"Algebra.Bundles.Ring"},[{"contents":[{"Right":3},[]],"tag":"App"},{"contents":[{"Right":2},[]],"tag":"App"}]],"tag":"App"},"name":"R"},{"item":{"contents":[{"Left":"Algebra.Bundles.Ring"},[{"contents":[{"Right":2},[]],"tag":"App"},{"contents":[{"Right":1},[]],"tag":"App"}]],"tag":"App"},"name":"S"}]},"goal":{"pretty":"Relation.Binary.Core.Rel ⊤ ℓ","thing":{"normalised":{"contents":[{"item":{"contents":[{"Left":"Level.Lift"},[{"contents":"lzero","tag":"Level"},{"contents":[{"Right":7},[]],"tag":"App"},{"contents":[{"Left":"Agda.Builtin.Unit.⊤"},[]],"tag":"App"}]],"tag":"App"},"name":"_"},{"contents":[{"item":{"contents":[{"Left":"Level.Lift"},[{"contents":"lzero","tag":"Level"},{"contents":[{"Right":7},[]],"tag":"App"},{"contents":[{"Left":"Agda.Builtin.Unit.⊤"},[]],"tag":"App"}]],"tag":"App"},"name":"_"},{"contents":"Set @6","tag":"Sort"}],"tag":"Pi"}],"tag":"Pi"},"original":{"contents":[{"Left":"Relation.Binary.Core.Rel"},[{"contents":[{"Right":7},[]],"tag":"App"},{"contents":[{"Left":"Data.Unit.Polymorphic.Base.⊤"},[{"contents":[{"Right":7},[]],"tag":"App"}]],"tag":"App"},{"contents":[{"Right":6},[]],"tag":"App"}]],"tag":"App"},"reduced":{"contents":[{"item":{"contents":[{"Left":"Data.Unit.Polymorphic.Base.⊤"},[{"contents":[{"Right":7},[]],"tag":"App"}]],"tag":"App"},"name":"_"},{"contents":[{"item":{"contents":[{"Left":"Data.Unit.Polymorphic.Base.⊤"},[{"contents":[{"Right":7},[]],"tag":"App"}]],"tag":"App"},"name":"_"},{"contents":"Set @6","tag":"Sort"}],"tag":"Pi"}],"tag":"Pi"},"simplified":null}},"term":{"pretty":"λ _ _ → ⊤","thing":{"normalised":{"contents":{"item":{"contents":{"item":{"contents":[{"Left":"Level.Lift"},[{"contents":"lzero","tag":"Level"},{"contents":[{"Right":8},[]],"tag":"App"},{"contents":[{"Left":"Agda.Builtin.Unit.⊤"},[]],"tag":"App"}]],"tag":"App"},"name":"_"},"tag":"Lam"},"name":"_"},"tag":"Lam"},"original":{"contents":{"item":{"contents":{"item":{"contents":[{"Left":"Data.Unit.Polymorphic.Base.⊤"},[{"contents":[{"Right":8},[]],"tag":"App"}]],"tag":"App"},"name":"_"},"tag":"Lam"},"name":"_"},"tag":"Lam"},"reduced":null,"simplified":null}},"namesUsed":["Data.Unit.Polymorphic.Base.⊤"]},{"ctx":{"pretty":"{c = c₁ : Level} {ℓ = ℓ₁ : Level} {r : Level} {ℓr : Level}\n{s : Level} {ℓs : Level} {R : Ring r ℓr} {S : Ring s ℓs} (x : ⊤)","thing":[{"item":{"contents":[{"Left":"Agda.Primitive.Level"},[]],"tag":"App"},"name":"c"},{"item":{"contents":[{"Left":"Agda.Primitive.Level"},[]],"tag":"App"},"name":"ℓ"},{"item":{"contents":[{"Left":"Agda.Primitive.Level"},[]],"tag":"App"},"name":"r"},{"item":{"contents":[{"Left":"Agda.Primitive.Level"},[]],"tag":"App"},"name":"ℓr"},{"item":{"contents":[{"Left":"Agda.Primitive.Level"},[]],"tag":"App"},"name":"s"},{"item":{"contents":[{"Left":"Agda.Primitive.Level"},[]],"tag":"App"},"name":"ℓs"},{"item":{"contents":[{"Left":"Algebra.Bundles.Ring"},[{"contents":[{"Right":3},[]],"tag":"App"},{"contents":[{"Right":2},[]],"tag":"App"}]],"tag":"App"},"name":"R"},{"item":{"contents":[{"Left":"Algebra.Bundles.Ring"},[{"contents":[{"Right":2},[]],"tag":"App"},{"contents":[{"Right":1},[]],"tag":"App"}]],"tag":"App"},"name":"S"},{"item":{"contents":[{"Left":"Data.Unit.Polymorphic.Base.⊤"},[{"contents":[{"Right":7},[]],"tag":"App"}]],"tag":"App"},"name":"x"}]},"goal":{"pretty":"⊤ → Set ℓ","thing":{"normalised":{"contents":[{"item":{"contents":[{"Left":"Level.Lift"},[{"contents":"lzero","tag":"Level"},{"contents":[{"Right":8},[]],"tag":"App"},{"contents":[{"Left":"Agda.Builtin.Unit.⊤"},[]],"tag":"App"}]],"tag":"App"},"name":"_"},{"contents":"Set @7","tag":"Sort"}],"tag":"Pi"},"original":{"contents":[{"item":{"contents":[{"Left":"Data.Unit.Polymorphic.Base.⊤"},[{"contents":[{"Right":8},[]],"tag":"App"}]],"tag":"App"},"name":"_"},{"contents":"Set @7","tag":"Sort"}],"tag":"Pi"},"reduced":null,"simplified":null}},"term":{"pretty":"λ _ → ⊤","thing":{"normalised":{"contents":{"item":{"contents":[{"Left":"Level.Lift"},[{"contents":"lzero","tag":"Level"},{"contents":[{"Right":8},[]],"tag":"App"},{"contents":[{"Left":"Agda.Builtin.Unit.⊤"},[]],"tag":"App"}]],"tag":"App"},"name":"_"},"tag":"Lam"},"original":{"contents":{"item":{"contents":[{"Left":"Data.Unit.Polymorphic.Base.⊤"},[{"contents":[{"Right":8},[]],"tag":"App"}]],"tag":"App"},"name":"_"},"tag":"Lam"},"reduced":null,"simplified":null}},"namesUsed":["Data.Unit.Polymorphic.Base.⊤"]},{"ctx":{"pretty":"{c = c₁ : Level} {ℓ = ℓ₁ : Level} {r : Level} {ℓr : Level}\n{s : Level} {ℓs : Level} {R : Ring r ℓr} {S : Ring s ℓs} (x : ⊤)\n(x₁ : ⊤)","thing":[{"item":{"contents":[{"Left":"Agda.Primitive.Level"},[]],"tag":"App"},"name":"c"},{"item":{"contents":[{"Left":"Agda.Primitive.Level"},[]],"tag":"App"},"name":"ℓ"},{"item":{"contents":[{"Left":"Agda.Primitive.Level"},[]],"tag":"App"},"name":"r"},{"item":{"contents":[{"Left":"Agda.Primitive.Level"},[]],"tag":"App"},"name":"ℓr"},{"item":{"contents":[{"Left":"Agda.Primitive.Level"},[]],"tag":"App"},"name":"s"},{"item":{"contents":[{"Left":"Agda.Primitive.Level"},[]],"tag":"App"},"name":"ℓs"},{"item":{"contents":[{"Left":"Algebra.Bundles.Ring"},[{"contents":[{"Right":3},[]],"tag":"App"},{"contents":[{"Right":2},[]],"tag":"App"}]],"tag":"App"},"name":"R"},{"item":{"contents":[{"Left":"Algebra.Bundles.Ring"},[{"contents":[{"Right":2},[]],"tag":"App"},{"contents":[{"Right":1},[]],"tag":"App"}]],"tag":"App"},"name":"S"},{"item":{"contents":[{"Left":"Data.Unit.Polymorphic.Base.⊤"},[{"contents":[{"Right":7},[]],"tag":"App"}]],"tag":"App"},"name":"x"},{"item":{"contents":[{"Left":"Data.Unit.Polymorphic.Base.⊤"},[{"contents":[{"Right":8},[]],"tag":"App"}]],"tag":"App"},"name":"x"}]},"goal":{"pretty":"Set ℓ","thing":{"normalised":null,"original":{"contents":"Set @8","tag":"Sort"},"reduced":null,"simplified":null}},"term":{"pretty":"⊤","thing":{"normalised":{"contents":[{"Left":"Level.Lift"},[{"contents":"lzero","tag":"Level"},{"contents":[{"Right":8},[]],"tag":"App"},{"contents":[{"Left":"Agda.Builtin.Unit.⊤"},[]],"tag":"App"}]],"tag":"App"},"original":{"contents":[{"Left":"Data.Unit.Polymorphic.Base.⊤"},[{"contents":[{"Right":8},[]],"tag":"App"}]],"tag":"App"},"reduced":{"contents":[{"Left":"Level.Lift"},[{"contents":"lzero","tag":"Level"},{"contents":[{"Right":8},[]],"tag":"App"},{"contents":[{"Left":"Agda.Builtin.Unit.⊤"},[]],"tag":"App"}]],"tag":"App"},"simplified":null}},"namesUsed":["Data.Unit.Polymorphic.Base.⊤"]},{"ctx":{"pretty":"{c : Level} {ℓ : Level} {r : Level} {ℓr : Level}\n{R : CommutativeRing r ℓr}","thing":[{"item":{"contents":[{"Left":"Agda.Primitive.Level"},[]],"tag":"App"},"name":"c"},{"item":{"contents":[{"Left":"Agda.Primitive.Level"},[]],"tag":"App"},"name":"ℓ"},{"item":{"contents":[{"Left":"Agda.Primitive.Level"},[]],"tag":"App"},"name":"r"},{"item":{"contents":[{"Left":"Agda.Primitive.Level"},[]],"tag":"App"},"name":"ℓr"},{"item":{"contents":[{"Left":"Algebra.Bundles.CommutativeRing"},[{"contents":[{"Right":1},[]],"tag":"App"},{"contents":[{"Right":0},[]],"tag":"App"}]],"tag":"App"},"name":"R"}]},"goal":{"pretty":"Set c","thing":{"normalised":null,"original":{"contents":"Set @4","tag":"Sort"},"reduced":null,"simplified":null}},"term":{"pretty":"⊤","thing":{"normalised":{"contents":[{"Left":"Level.Lift"},[{"contents":"lzero","tag":"Level"},{"contents":[{"Right":4},[]],"tag":"App"},{"contents":[{"Left":"Agda.Builtin.Unit.⊤"},[]],"tag":"App"}]],"tag":"App"},"original":{"contents":[{"Left":"Data.Unit.Polymorphic.Base.⊤"},[{"contents":[{"Right":4},[]],"tag":"App"}]],"tag":"App"},"reduced":{"contents":[{"Left":"Level.Lift"},[{"contents":"lzero","tag":"Level"},{"contents":[{"Right":4},[]],"tag":"App"},{"contents":[{"Left":"Agda.Builtin.Unit.⊤"},[]],"tag":"App"}]],"tag":"App"},"simplified":null}},"namesUsed":["Data.Unit.Polymorphic.Base.⊤"]},{"ctx":{"pretty":"{c = c₁ : Level} {ℓ : Level} {r : Level} {ℓr : Level}\n{R : CommutativeRing r ℓr}","thing":[{"item":{"contents":[{"Left":"Agda.Primitive.Level"},[]],"tag":"App"},"name":"c"},{"item":{"contents":[{"Left":"Agda.Primitive.Level"},[]],"tag":"App"},"name":"ℓ"},{"item":{"contents":[{"Left":"Agda.Primitive.Level"},[]],"tag":"App"},"name":"r"},{"item":{"contents":[{"Left":"Agda.Primitive.Level"},[]],"tag":"App"},"name":"ℓr"},{"item":{"contents":[{"Left":"Algebra.Bundles.CommutativeRing"},[{"contents":[{"Right":1},[]],"tag":"App"},{"contents":[{"Right":0},[]],"tag":"App"}]],"tag":"App"},"name":"R"}]},"goal":{"pretty":"Relation.Binary.Core.Rel ⊤ ℓ","thing":{"normalised":{"contents":[{"item":{"contents":[{"Left":"Level.Lift"},[{"contents":"lzero","tag":"Level"},{"contents":[{"Right":4},[]],"tag":"App"},{"contents":[{"Left":"Agda.Builtin.Unit.⊤"},[]],"tag":"App"}]],"tag":"App"},"name":"_"},{"contents":[{"item":{"contents":[{"Left":"Level.Lift"},[{"contents":"lzero","tag":"Level"},{"contents":[{"Right":4},[]],"tag":"App"},{"contents":[{"Left":"Agda.Builtin.Unit.⊤"},[]],"tag":"App"}]],"tag":"App"},"name":"_"},{"contents":"Set @3","tag":"Sort"}],"tag":"Pi"}],"tag":"Pi"},"original":{"contents":[{"Left":"Relation.Binary.Core.Rel"},[{"contents":[{"Right":4},[]],"tag":"App"},{"contents":[{"Left":"Data.Unit.Polymorphic.Base.⊤"},[{"contents":[{"Right":4},[]],"tag":"App"}]],"tag":"App"},{"contents":[{"Right":3},[]],"tag":"App"}]],"tag":"App"},"reduced":{"contents":[{"item":{"contents":[{"Left":"Data.Unit.Polymorphic.Base.⊤"},[{"contents":[{"Right":4},[]],"tag":"App"}]],"tag":"App"},"name":"_"},{"contents":[{"item":{"contents":[{"Left":"Data.Unit.Polymorphic.Base.⊤"},[{"contents":[{"Right":4},[]],"tag":"App"}]],"tag":"App"},"name":"_"},{"contents":"Set @3","tag":"Sort"}],"tag":"Pi"}],"tag":"Pi"},"simplified":null}},"term":{"pretty":"λ _ _ → ⊤","thing":{"normalised":{"contents":{"item":{"contents":{"item":{"contents":[{"Left":"Level.Lift"},[{"contents":"lzero","tag":"Level"},{"contents":[{"Right":5},[]],"tag":"App"},{"contents":[{"Left":"Agda.Builtin.Unit.⊤"},[]],"tag":"App"}]],"tag":"App"},"name":"_"},"tag":"Lam"},"name":"_"},"tag":"Lam"},"original":{"contents":{"item":{"contents":{"item":{"contents":[{"Left":"Data.Unit.Polymorphic.Base.⊤"},[{"contents":[{"Right":5},[]],"tag":"App"}]],"tag":"App"},"name":"_"},"tag":"Lam"},"name":"_"},"tag":"Lam"},"reduced":null,"simplified":null}},"namesUsed":["Data.Unit.Polymorphic.Base.⊤"]},{"ctx":{"pretty":"{c = c₁ : Level} {ℓ = ℓ₁ : Level} {r : Level} {ℓr : Level}\n{R : CommutativeRing r ℓr} (x : ⊤)","thing":[{"item":{"contents":[{"Left":"Agda.Primitive.Level"},[]],"tag":"App"},"name":"c"},{"item":{"contents":[{"Left":"Agda.Primitive.Level"},[]],"tag":"App"},"name":"ℓ"},{"item":{"contents":[{"Left":"Agda.Primitive.Level"},[]],"tag":"App"},"name":"r"},{"item":{"contents":[{"Left":"Agda.Primitive.Level"},[]],"tag":"App"},"name":"ℓr"},{"item":{"contents":[{"Left":"Algebra.Bundles.CommutativeRing"},[{"contents":[{"Right":1},[]],"tag":"App"},{"contents":[{"Right":0},[]],"tag":"App"}]],"tag":"App"},"name":"R"},{"item":{"contents":[{"Left":"Data.Unit.Polymorphic.Base.⊤"},[{"contents":[{"Right":4},[]],"tag":"App"}]],"tag":"App"},"name":"x"}]},"goal":{"pretty":"⊤ → Set ℓ","thing":{"normalised":{"contents":[{"item":{"contents":[{"Left":"Level.Lift"},[{"contents":"lzero","tag":"Level"},{"contents":[{"Right":5},[]],"tag":"App"},{"contents":[{"Left":"Agda.Builtin.Unit.⊤"},[]],"tag":"App"}]],"tag":"App"},"name":"_"},{"contents":"Set @4","tag":"Sort"}],"tag":"Pi"},"original":{"contents":[{"item":{"contents":[{"Left":"Data.Unit.Polymorphic.Base.⊤"},[{"contents":[{"Right":5},[]],"tag":"App"}]],"tag":"App"},"name":"_"},{"contents":"Set @4","tag":"Sort"}],"tag":"Pi"},"reduced":null,"simplified":null}},"term":{"pretty":"λ _ → ⊤","thing":{"normalised":{"contents":{"item":{"contents":[{"Left":"Level.Lift"},[{"contents":"lzero","tag":"Level"},{"contents":[{"Right":5},[]],"tag":"App"},{"contents":[{"Left":"Agda.Builtin.Unit.⊤"},[]],"tag":"App"}]],"tag":"App"},"name":"_"},"tag":"Lam"},"original":{"contents":{"item":{"contents":[{"Left":"Data.Unit.Polymorphic.Base.⊤"},[{"contents":[{"Right":5},[]],"tag":"App"}]],"tag":"App"},"name":"_"},"tag":"Lam"},"reduced":null,"simplified":null}},"namesUsed":["Data.Unit.Polymorphic.Base.⊤"]},{"ctx":{"pretty":"{c = c₁ : Level} {ℓ = ℓ₁ : Level} {r : Level} {ℓr : Level}\n{R : CommutativeRing r ℓr} (x : ⊤) (x₁ : ⊤)","thing":[{"item":{"contents":[{"Left":"Agda.Primitive.Level"},[]],"tag":"App"},"name":"c"},{"item":{"contents":[{"Left":"Agda.Primitive.Level"},[]],"tag":"App"},"name":"ℓ"},{"item":{"contents":[{"Left":"Agda.Primitive.Level"},[]],"tag":"App"},"name":"r"},{"item":{"contents":[{"Left":"Agda.Primitive.Level"},[]],"tag":"App"},"name":"ℓr"},{"item":{"contents":[{"Left":"Algebra.Bundles.CommutativeRing"},[{"contents":[{"Right":1},[]],"tag":"App"},{"contents":[{"Right":0},[]],"tag":"App"}]],"tag":"App"},"name":"R"},{"item":{"contents":[{"Left":"Data.Unit.Polymorphic.Base.⊤"},[{"contents":[{"Right":4},[]],"tag":"App"}]],"tag":"App"},"name":"x"},{"item":{"contents":[{"Left":"Data.Unit.Polymorphic.Base.⊤"},[{"contents":[{"Right":5},[]],"tag":"App"}]],"tag":"App"},"name":"x"}]},"goal":{"pretty":"Set ℓ","thing":{"normalised":null,"original":{"contents":"Set @5","tag":"Sort"},"reduced":null,"simplified":null}},"term":{"pretty":"⊤","thing":{"normalised":{"contents":[{"Left":"Level.Lift"},[{"contents":"lzero","tag":"Level"},{"contents":[{"Right":5},[]],"tag":"App"},{"contents":[{"Left":"Agda.Builtin.Unit.⊤"},[]],"tag":"App"}]],"tag":"App"},"original":{"contents":[{"Left":"Data.Unit.Polymorphic.Base.⊤"},[{"contents":[{"Right":5},[]],"tag":"App"}]],"tag":"App"},"reduced":{"contents":[{"Left":"Level.Lift"},[{"contents":"lzero","tag":"Level"},{"contents":[{"Right":5},[]],"tag":"App"},{"contents":[{"Left":"Agda.Builtin.Unit.⊤"},[]],"tag":"App"}]],"tag":"App"},"simplified":null}},"namesUsed":["Data.Unit.Polymorphic.Base.⊤"]}]}