{"scope":{"item":[{"item":{"pretty":"{f : Agda.Primitive.Level} →\n(Set f → Set f) → Set (Agda.Primitive.lsuc f)","thing":{"normalised":null,"original":{"contents":[{"item":{"contents":[{"Left":"Agda.Primitive.Level"},[]],"tag":"App"},"name":"f"},{"contents":[{"item":{"contents":[{"item":{"contents":"Set @0","tag":"Sort"},"name":"_"},{"contents":"Set @0","tag":"Sort"}],"tag":"Pi"},"name":"_"},{"contents":"Set (lsuc @0)","tag":"Sort"}],"tag":"Pi"}],"tag":"Pi"},"reduced":null,"simplified":null}},"name":"Category.Applicative.RawApplicative"},{"item":{"pretty":"Agda.Builtin.Size.Size → Set","thing":{"normalised":null,"original":{"contents":[{"item":{"contents":[{"Left":"Agda.Builtin.Size.Size"},[]],"tag":"App"},"name":"i"},{"contents":"Set","tag":"Sort"}],"tag":"Pi"},"reduced":null,"simplified":null}},"name":"Codata.Conat.Conat"},{"item":{"pretty":"{ℓ : Agda.Primitive.Level} →\nSet ℓ → Agda.Builtin.Size.Size → Conat Agda.Builtin.Size.∞ → Set ℓ","thing":{"normalised":null,"original":{"contents":[{"item":{"contents":[{"Left":"Agda.Primitive.Level"},[]],"tag":"App"},"name":"ℓ"},{"contents":[{"item":{"contents":"Set @0","tag":"Sort"},"name":"A"},{"contents":[{"item":{"contents":[{"Left":"Agda.Builtin.Size.Size"},[]],"tag":"App"},"name":"i"},{"contents":[{"item":{"contents":[{"Left":"Codata.Conat.Conat"},[{"contents":[{"Left":"Agda.Builtin.Size.∞"},[]],"tag":"App"}]],"tag":"App"},"name":"_"},{"contents":"Set @0","tag":"Sort"}],"tag":"Pi"}],"tag":"Pi"}],"tag":"Pi"}],"tag":"Pi"},"reduced":null,"simplified":null}},"name":"Codata.Covec.Covec"},{"item":{"pretty":"{i : Agda.Builtin.Size.Size} → Conat i","thing":{"normalised":null,"original":{"contents":[{"item":{"contents":[{"Left":"Agda.Builtin.Size.Size"},[]],"tag":"App"},"name":"i"},{"contents":[{"Left":"Codata.Conat.Conat"},[{"contents":[{"Right":0},[]],"tag":"App"}]],"tag":"App"}],"tag":"Pi"},"reduced":null,"simplified":null}},"name":"Codata.Conat.Conat.zero"},{"item":{"pretty":"{i : Agda.Builtin.Size.Size} → Codata.Thunk.Thunk Conat i → Conat i","thing":{"normalised":null,"original":{"contents":[{"item":{"contents":[{"Left":"Agda.Builtin.Size.Size"},[]],"tag":"App"},"name":"i"},{"contents":[{"item":{"contents":[{"Left":"Codata.Thunk.Thunk"},[{"contents":"lzero","tag":"Level"},{"contents":[{"Left":"Codata.Conat.Conat"},[]],"tag":"App"},{"contents":[{"Right":0},[]],"tag":"App"}]],"tag":"App"},"name":"_"},{"contents":[{"Left":"Codata.Conat.Conat"},[{"contents":[{"Right":0},[]],"tag":"App"}]],"tag":"App"}],"tag":"Pi"}],"tag":"Pi"},"reduced":null,"simplified":null}},"name":"Codata.Conat.Conat.suc"},{"item":{"pretty":"{ℓ : Agda.Primitive.Level} {i : Conat Agda.Builtin.Size.∞}\n{n : Agda.Builtin.Size.Size} →\nRawFunctor (λ A → Covec A n i)","thing":{"normalised":null,"original":{"contents":[{"item":{"contents":[{"Left":"Agda.Primitive.Level"},[]],"tag":"App"},"name":"ℓ"},{"contents":[{"item":{"contents":[{"Left":"Codata.Conat.Conat"},[{"contents":[{"Left":"Agda.Builtin.Size.∞"},[]],"tag":"App"}]],"tag":"App"},"name":"i"},{"contents":[{"item":{"contents":[{"Left":"Agda.Builtin.Size.Size"},[]],"tag":"App"},"name":"n"},{"contents":[{"Left":"Category.Functor.RawFunctor"},[{"contents":[{"Right":2},[]],"tag":"App"},{"contents":[{"Right":2},[]],"tag":"App"},{"contents":{"item":{"contents":[{"Left":"Codata.Covec.Covec"},[{"contents":[{"Right":3},[]],"tag":"App"},{"contents":[{"Right":0},[]],"tag":"App"},{"contents":[{"Right":1},[]],"tag":"App"},{"contents":[{"Right":2},[]],"tag":"App"}]],"tag":"App"},"name":"A"},"tag":"Lam"}]],"tag":"App"}],"tag":"Pi"}],"tag":"Pi"}],"tag":"Pi"},"reduced":null,"simplified":null}},"name":"Codata.Covec.Categorical.functor"},{"item":{"pretty":"{i : Agda.Builtin.Size.Size} → Conat i","thing":{"normalised":null,"original":{"contents":[{"item":{"contents":[{"Left":"Agda.Builtin.Size.Size"},[]],"tag":"App"},"name":"i"},{"contents":[{"Left":"Codata.Conat.Conat"},[{"contents":[{"Right":0},[]],"tag":"App"}]],"tag":"App"}],"tag":"Pi"},"reduced":null,"simplified":null}},"name":"Codata.Conat.infinity"},{"item":{"pretty":"{ℓ : Agda.Primitive.Level} {A : Set ℓ}\n{i : Agda.Builtin.Size.Size} →\nCovec A i zero","thing":{"normalised":null,"original":{"contents":[{"item":{"contents":[{"Left":"Agda.Primitive.Level"},[]],"tag":"App"},"name":"ℓ"},{"contents":[{"item":{"contents":"Set @0","tag":"Sort"},"name":"A"},{"contents":[{"item":{"contents":[{"Left":"Agda.Builtin.Size.Size"},[]],"tag":"App"},"name":"i"},{"contents":[{"Left":"Codata.Covec.Covec"},[{"contents":[{"Right":2},[]],"tag":"App"},{"contents":[{"Right":1},[]],"tag":"App"},{"contents":[{"Right":0},[]],"tag":"App"},{"contents":[{"Left":"Codata.Conat.Conat.zero"},[]],"tag":"App"}]],"tag":"App"}],"tag":"Pi"}],"tag":"Pi"}],"tag":"Pi"},"reduced":null,"simplified":null}},"name":"Codata.Covec.Covec.[]"},{"item":{"pretty":"Agda.Builtin.Nat.Nat → Conat Agda.Builtin.Size.∞","thing":{"normalised":null,"original":{"contents":[{"item":{"contents":[{"Left":"Agda.Builtin.Nat.Nat"},[]],"tag":"App"},"name":"_"},{"contents":[{"Left":"Codata.Conat.Conat"},[{"contents":[{"Left":"Agda.Builtin.Size.∞"},[]],"tag":"App"}]],"tag":"App"}],"tag":"Pi"},"reduced":null,"simplified":null}},"name":"Codata.Conat.fromℕ"},{"item":{"pretty":"{ℓ : Agda.Primitive.Level} {A : Set ℓ} {i : Agda.Builtin.Size.Size}\n{n : Codata.Thunk.Thunk Conat Agda.Builtin.Size.∞} →\nA →\nCodata.Thunk.Thunk\n(λ i₁ → Covec A i₁ (n .Codata.Thunk.Thunk.force)) i →\nCovec A i (suc n)","thing":{"normalised":null,"original":{"contents":[{"item":{"contents":[{"Left":"Agda.Primitive.Level"},[]],"tag":"App"},"name":"ℓ"},{"contents":[{"item":{"contents":"Set @0","tag":"Sort"},"name":"A"},{"contents":[{"item":{"contents":[{"Left":"Agda.Builtin.Size.Size"},[]],"tag":"App"},"name":"i"},{"contents":[{"item":{"contents":[{"Left":"Codata.Thunk.Thunk"},[{"contents":"lzero","tag":"Level"},{"contents":[{"Left":"Codata.Conat.Conat"},[]],"tag":"App"},{"contents":[{"Left":"Agda.Builtin.Size.∞"},[]],"tag":"App"}]],"tag":"App"},"name":"n"},{"contents":[{"item":{"contents":[{"Right":2},[]],"tag":"App"},"name":"_"},{"contents":[{"item":{"contents":[{"Left":"Codata.Thunk.Thunk"},[{"contents":[{"Right":3},[]],"tag":"App"},{"contents":{"item":{"contents":[{"Left":"Codata.Covec.Covec"},[{"contents":[{"Right":4},[]],"tag":"App"},{"contents":[{"Right":3},[]],"tag":"App"},{"contents":[{"Right":0},[]],"tag":"App"},{"contents":[{"Right":1},[{"contents":[{"Left":"Codata.Thunk.Thunk.force"},[]],"tag":"App"},{"contents":[{"Left":"Agda.Builtin.Size.∞"},[]],"tag":"App"}]],"tag":"App"}]],"tag":"App"},"name":"i"},"tag":"Lam"},{"contents":[{"Right":1},[]],"tag":"App"}]],"tag":"App"},"name":"_"},{"contents":[{"Left":"Codata.Covec.Covec"},[{"contents":[{"Right":3},[]],"tag":"App"},{"contents":[{"Right":2},[]],"tag":"App"},{"contents":[{"Right":1},[]],"tag":"App"},{"contents":[{"Left":"Codata.Conat.Conat.suc"},[{"contents":[{"Right":0},[]],"tag":"App"}]],"tag":"App"}]],"tag":"App"}],"tag":"Pi"}],"tag":"Pi"}],"tag":"Pi"}],"tag":"Pi"}],"tag":"Pi"}],"tag":"Pi"},"reduced":null,"simplified":null}},"name":"Codata.Covec.Covec._∷_"},{"item":{"pretty":"{ℓ : Agda.Primitive.Level} {i : Conat Agda.Builtin.Size.∞}\n{n : Agda.Builtin.Size.Size} →\nRawApplicative (λ A → Covec A n i)","thing":{"normalised":{"contents":[{"item":{"contents":[{"Left":"Agda.Primitive.Level"},[]],"tag":"App"},"name":"ℓ"},{"contents":[{"item":{"contents":[{"Left":"Codata.Conat.Conat"},[{"contents":[{"Left":"Agda.Builtin.Size.∞"},[]],"tag":"App"}]],"tag":"App"},"name":"i"},{"contents":[{"item":{"contents":[{"Left":"Agda.Builtin.Size.Size"},[]],"tag":"App"},"name":"n"},{"contents":[{"Left":"Category.Applicative.Indexed.RawIApplicative"},[{"contents":"lzero","tag":"Level"},{"contents":[{"Right":2},[]],"tag":"App"},{"contents":[{"Left":"Agda.Builtin.Unit.⊤"},[]],"tag":"App"},{"contents":{"item":{"contents":{"item":{"contents":{"item":{"contents":[{"Left":"Codata.Covec.Covec"},[{"contents":[{"Right":5},[]],"tag":"App"},{"contents":[{"Right":0},[]],"tag":"App"},{"contents":[{"Right":3},[]],"tag":"App"},{"contents":[{"Right":4},[]],"tag":"App"}]],"tag":"App"},"name":"A"},"tag":"Lam"},"name":"_"},"tag":"Lam"},"name":"_"},"tag":"Lam"}]],"tag":"App"}],"tag":"Pi"}],"tag":"Pi"}],"tag":"Pi"},"original":{"contents":[{"item":{"contents":[{"Left":"Agda.Primitive.Level"},[]],"tag":"App"},"name":"ℓ"},{"contents":[{"item":{"contents":[{"Left":"Codata.Conat.Conat"},[{"contents":[{"Left":"Agda.Builtin.Size.∞"},[]],"tag":"App"}]],"tag":"App"},"name":"i"},{"contents":[{"item":{"contents":[{"Left":"Agda.Builtin.Size.Size"},[]],"tag":"App"},"name":"n"},{"contents":[{"Left":"Category.Applicative.RawApplicative"},[{"contents":[{"Right":2},[]],"tag":"App"},{"contents":{"item":{"contents":[{"Left":"Codata.Covec.Covec"},[{"contents":[{"Right":3},[]],"tag":"App"},{"contents":[{"Right":0},[]],"tag":"App"},{"contents":[{"Right":1},[]],"tag":"App"},{"contents":[{"Right":2},[]],"tag":"App"}]],"tag":"App"},"name":"A"},"tag":"Lam"}]],"tag":"App"}],"tag":"Pi"}],"tag":"Pi"}],"tag":"Pi"},"reduced":null,"simplified":null}},"name":"Codata.Covec.Categorical.applicative"},{"item":{"pretty":"{ℓ ℓ′ : Agda.Primitive.Level} (F : Set ℓ → Set ℓ′) →\nSet (Agda.Primitive.lsuc ℓ Agda.Primitive.⊔ ℓ′)","thing":{"normalised":null,"original":{"contents":[{"item":{"contents":[{"Left":"Agda.Primitive.Level"},[]],"tag":"App"},"name":"ℓ"},{"contents":[{"item":{"contents":[{"Left":"Agda.Primitive.Level"},[]],"tag":"App"},"name":"ℓ′"},{"contents":[{"item":{"contents":[{"item":{"contents":"Set @1","tag":"Sort"},"name":"_"},{"contents":"Set @0","tag":"Sort"}],"tag":"Pi"},"name":"F"},{"contents":"Set (lub (lsuc @2) @1)","tag":"Sort"}],"tag":"Pi"}],"tag":"Pi"}],"tag":"Pi"},"reduced":null,"simplified":null}},"name":"Category.Functor.RawFunctor"},{"item":{"pretty":"{i : Agda.Builtin.Size.Size} {j : Agda.Builtin.Size.Size< i} →\nConat i → Conat j","thing":{"normalised":null,"original":{"contents":[{"item":{"contents":[{"Left":"Agda.Builtin.Size.Size"},[]],"tag":"App"},"name":"i"},{"contents":[{"item":{"contents":[{"Left":"Agda.Builtin.Size.Size<_"},[{"contents":[{"Right":0},[]],"tag":"App"}]],"tag":"App"},"name":"j"},{"contents":[{"item":{"contents":[{"Left":"Codata.Conat.Conat"},[{"contents":[{"Right":1},[]],"tag":"App"}]],"tag":"App"},"name":"_"},{"contents":[{"Left":"Codata.Conat.Conat"},[{"contents":[{"Right":0},[]],"tag":"App"}]],"tag":"App"}],"tag":"Pi"}],"tag":"Pi"}],"tag":"Pi"},"reduced":null,"simplified":null}},"name":"Codata.Conat.pred"},{"item":{"pretty":"Conat Agda.Builtin.Size.∞ →\nAgda.Builtin.Nat.Nat → Conat Agda.Builtin.Size.∞","thing":{"normalised":null,"original":{"contents":[{"item":{"contents":[{"Left":"Codata.Conat.Conat"},[{"contents":[{"Left":"Agda.Builtin.Size.∞"},[]],"tag":"App"}]],"tag":"App"},"name":"_"},{"contents":[{"item":{"contents":[{"Left":"Agda.Builtin.Nat.Nat"},[]],"tag":"App"},"name":"_"},{"contents":[{"Left":"Codata.Conat.Conat"},[{"contents":[{"Left":"Agda.Builtin.Size.∞"},[]],"tag":"App"}]],"tag":"App"}],"tag":"Pi"}],"tag":"Pi"},"reduced":null,"simplified":null}},"name":"Codata.Conat._∸_"},{"item":{"pretty":"{ℓ : Agda.Primitive.Level} {A : Set ℓ}\n{n : Codata.Thunk.Thunk Conat Agda.Builtin.Size.∞}\n{i : Agda.Builtin.Size.Size} →\nCovec A i (suc n) → A","thing":{"normalised":null,"original":{"contents":[{"item":{"contents":[{"Left":"Agda.Primitive.Level"},[]],"tag":"App"},"name":"ℓ"},{"contents":[{"item":{"contents":"Set @0","tag":"Sort"},"name":"A"},{"contents":[{"item":{"contents":[{"Left":"Codata.Thunk.Thunk"},[{"contents":"lzero","tag":"Level"},{"contents":[{"Left":"Codata.Conat.Conat"},[]],"tag":"App"},{"contents":[{"Left":"Agda.Builtin.Size.∞"},[]],"tag":"App"}]],"tag":"App"},"name":"n"},{"contents":[{"item":{"contents":[{"Left":"Agda.Builtin.Size.Size"},[]],"tag":"App"},"name":"i"},{"contents":[{"item":{"contents":[{"Left":"Codata.Covec.Covec"},[{"contents":[{"Right":3},[]],"tag":"App"},{"contents":[{"Right":2},[]],"tag":"App"},{"contents":[{"Right":0},[]],"tag":"App"},{"contents":[{"Left":"Codata.Conat.Conat.suc"},[{"contents":[{"Right":1},[]],"tag":"App"}]],"tag":"App"}]],"tag":"App"},"name":"_"},{"contents":[{"Right":2},[]],"tag":"App"}],"tag":"Pi"}],"tag":"Pi"}],"tag":"Pi"}],"tag":"Pi"}],"tag":"Pi"},"reduced":null,"simplified":null}},"name":"Codata.Covec._.head"},{"item":{"pretty":"{ℓ : Agda.Primitive.Level} {A : Set ℓ}\n{n : Codata.Thunk.Thunk Conat Agda.Builtin.Size.∞} →\nCovec A Agda.Builtin.Size.∞ (suc n) →\nCovec A Agda.Builtin.Size.∞ (n .Codata.Thunk.Thunk.force)","thing":{"normalised":null,"original":{"contents":[{"item":{"contents":[{"Left":"Agda.Primitive.Level"},[]],"tag":"App"},"name":"ℓ"},{"contents":[{"item":{"contents":"Set @0","tag":"Sort"},"name":"A"},{"contents":[{"item":{"contents":[{"Left":"Codata.Thunk.Thunk"},[{"contents":"lzero","tag":"Level"},{"contents":[{"Left":"Codata.Conat.Conat"},[]],"tag":"App"},{"contents":[{"Left":"Agda.Builtin.Size.∞"},[]],"tag":"App"}]],"tag":"App"},"name":"n"},{"contents":[{"item":{"contents":[{"Left":"Codata.Covec.Covec"},[{"contents":[{"Right":2},[]],"tag":"App"},{"contents":[{"Right":1},[]],"tag":"App"},{"contents":[{"Left":"Agda.Builtin.Size.∞"},[]],"tag":"App"},{"contents":[{"Left":"Codata.Conat.Conat.suc"},[{"contents":[{"Right":0},[]],"tag":"App"}]],"tag":"App"}]],"tag":"App"},"name":"_"},{"contents":[{"Left":"Codata.Covec.Covec"},[{"contents":[{"Right":2},[]],"tag":"App"},{"contents":[{"Right":1},[]],"tag":"App"},{"contents":[{"Left":"Agda.Builtin.Size.∞"},[]],"tag":"App"},{"contents":[{"Right":0},[{"contents":[{"Left":"Codata.Thunk.Thunk.force"},[]],"tag":"App"},{"contents":[{"Left":"Agda.Builtin.Size.∞"},[]],"tag":"App"}]],"tag":"App"}]],"tag":"App"}],"tag":"Pi"}],"tag":"Pi"}],"tag":"Pi"}],"tag":"Pi"},"reduced":null,"simplified":null}},"name":"Codata.Covec._.tail"},{"item":{"pretty":"Agda.Builtin.Nat.Nat →\n{i : Agda.Builtin.Size.Size} → Conat i → Conat i","thing":{"normalised":null,"original":{"contents":[{"item":{"contents":[{"Left":"Agda.Builtin.Nat.Nat"},[]],"tag":"App"},"name":"_"},{"contents":[{"item":{"contents":[{"Left":"Agda.Builtin.Size.Size"},[]],"tag":"App"},"name":"i"},{"contents":[{"item":{"contents":[{"Left":"Codata.Conat.Conat"},[{"contents":[{"Right":0},[]],"tag":"App"}]],"tag":"App"},"name":"_"},{"contents":[{"Left":"Codata.Conat.Conat"},[{"contents":[{"Right":0},[]],"tag":"App"}]],"tag":"App"}],"tag":"Pi"}],"tag":"Pi"}],"tag":"Pi"},"reduced":null,"simplified":null}},"name":"Codata.Conat._ℕ+_"},{"item":{"pretty":"{f : Agda.Primitive.Level} →\n(Set f → Set f) → Set (Agda.Primitive.lsuc f)","thing":{"normalised":null,"original":{"contents":[{"item":{"contents":[{"Left":"Agda.Primitive.Level"},[]],"tag":"App"},"name":"f"},{"contents":[{"item":{"contents":[{"item":{"contents":"Set @0","tag":"Sort"},"name":"_"},{"contents":"Set @0","tag":"Sort"}],"tag":"Pi"},"name":"_"},{"contents":"Set (lsuc @0)","tag":"Sort"}],"tag":"Pi"}],"tag":"Pi"},"reduced":null,"simplified":null}},"name":"Category.Applicative.RawApplicativeZero"},{"item":{"pretty":"{ℓ : Agda.Primitive.Level} {A : Set ℓ}\n{n : Conat Agda.Builtin.Size.∞} →\nCodata.Cofin.Cofin n → Covec A Agda.Builtin.Size.∞ n → A","thing":{"normalised":null,"original":{"contents":[{"item":{"contents":[{"Left":"Agda.Primitive.Level"},[]],"tag":"App"},"name":"ℓ"},{"contents":[{"item":{"contents":"Set @0","tag":"Sort"},"name":"A"},{"contents":[{"item":{"contents":[{"Left":"Codata.Conat.Conat"},[{"contents":[{"Left":"Agda.Builtin.Size.∞"},[]],"tag":"App"}]],"tag":"App"},"name":"n"},{"contents":[{"item":{"contents":[{"Left":"Codata.Cofin.Cofin"},[{"contents":[{"Right":0},[]],"tag":"App"}]],"tag":"App"},"name":"_"},{"contents":[{"item":{"contents":[{"Left":"Codata.Covec.Covec"},[{"contents":[{"Right":2},[]],"tag":"App"},{"contents":[{"Right":1},[]],"tag":"App"},{"contents":[{"Left":"Agda.Builtin.Size.∞"},[]],"tag":"App"},{"contents":[{"Right":0},[]],"tag":"App"}]],"tag":"App"},"name":"_"},{"contents":[{"Right":1},[]],"tag":"App"}],"tag":"Pi"}],"tag":"Pi"}],"tag":"Pi"}],"tag":"Pi"}],"tag":"Pi"},"reduced":null,"simplified":null}},"name":"Codata.Covec._.lookup"},{"item":{"pretty":"{ℓ ℓ′ ℓ″ : Agda.Primitive.Level} {F₁ : Set ℓ → Set ℓ′}\n{F₂ : Set ℓ → Set ℓ″} (fun₁ : RawFunctor F₁)\n(fun₂ : RawFunctor F₂) →\nSet (Agda.Primitive.lsuc ℓ Agda.Primitive.⊔ ℓ′ Agda.Primitive.⊔ ℓ″)","thing":{"normalised":null,"original":{"contents":[{"item":{"contents":[{"Left":"Agda.Primitive.Level"},[]],"tag":"App"},"name":"ℓ"},{"contents":[{"item":{"contents":[{"Left":"Agda.Primitive.Level"},[]],"tag":"App"},"name":"ℓ′"},{"contents":[{"item":{"contents":[{"Left":"Agda.Primitive.Level"},[]],"tag":"App"},"name":"ℓ″"},{"contents":[{"item":{"contents":[{"item":{"contents":"Set @2","tag":"Sort"},"name":"_"},{"contents":"Set @1","tag":"Sort"}],"tag":"Pi"},"name":"F₁"},{"contents":[{"item":{"contents":[{"item":{"contents":"Set @3","tag":"Sort"},"name":"_"},{"contents":"Set @1","tag":"Sort"}],"tag":"Pi"},"name":"F₂"},{"contents":[{"item":{"contents":[{"Left":"Category.Functor.RawFunctor"},[{"contents":[{"Right":4},[]],"tag":"App"},{"contents":[{"Right":3},[]],"tag":"App"},{"contents":[{"Right":1},[]],"tag":"App"}]],"tag":"App"},"name":"fun₁"},{"contents":[{"item":{"contents":[{"Left":"Category.Functor.RawFunctor"},[{"contents":[{"Right":5},[]],"tag":"App"},{"contents":[{"Right":3},[]],"tag":"App"},{"contents":[{"Right":1},[]],"tag":"App"}]],"tag":"App"},"name":"fun₂"},{"contents":"Set (lub (lsuc @6) lub @5 @4)","tag":"Sort"}],"tag":"Pi"}],"tag":"Pi"}],"tag":"Pi"}],"tag":"Pi"}],"tag":"Pi"}],"tag":"Pi"}],"tag":"Pi"},"reduced":null,"simplified":null}},"name":"Category.Functor.Morphism"},{"item":{"pretty":"{i : Agda.Builtin.Size.Size} →\nConat i → Agda.Builtin.Nat.Nat → Conat i","thing":{"normalised":null,"original":{"contents":[{"item":{"contents":[{"Left":"Agda.Builtin.Size.Size"},[]],"tag":"App"},"name":"i"},{"contents":[{"item":{"contents":[{"Left":"Codata.Conat.Conat"},[{"contents":[{"Right":0},[]],"tag":"App"}]],"tag":"App"},"name":"_"},{"contents":[{"item":{"contents":[{"Left":"Agda.Builtin.Nat.Nat"},[]],"tag":"App"},"name":"_"},{"contents":[{"Left":"Codata.Conat.Conat"},[{"contents":[{"Right":0},[]],"tag":"App"}]],"tag":"App"}],"tag":"Pi"}],"tag":"Pi"}],"tag":"Pi"},"reduced":null,"simplified":null}},"name":"Codata.Conat._+ℕ_"},{"item":{"pretty":"{ℓ : Agda.Primitive.Level} {A : Set ℓ} {i : Agda.Builtin.Size.Size}\n(n : Conat Agda.Builtin.Size.∞) →\nA → Covec A i n","thing":{"normalised":null,"original":{"contents":[{"item":{"contents":[{"Left":"Agda.Primitive.Level"},[]],"tag":"App"},"name":"ℓ"},{"contents":[{"item":{"contents":"Set @0","tag":"Sort"},"name":"A"},{"contents":[{"item":{"contents":[{"Left":"Agda.Builtin.Size.Size"},[]],"tag":"App"},"name":"i"},{"contents":[{"item":{"contents":[{"Left":"Codata.Conat.Conat"},[{"contents":[{"Left":"Agda.Builtin.Size.∞"},[]],"tag":"App"}]],"tag":"App"},"name":"n"},{"contents":[{"item":{"contents":[{"Right":2},[]],"tag":"App"},"name":"_"},{"contents":[{"Left":"Codata.Covec.Covec"},[{"contents":[{"Right":3},[]],"tag":"App"},{"contents":[{"Right":2},[]],"tag":"App"},{"contents":[{"Right":1},[]],"tag":"App"},{"contents":[{"Right":0},[]],"tag":"App"}]],"tag":"App"}],"tag":"Pi"}],"tag":"Pi"}],"tag":"Pi"}],"tag":"Pi"}],"tag":"Pi"},"reduced":null,"simplified":null}},"name":"Codata.Covec._.replicate"},{"item":{"pretty":"{i : Agda.Builtin.Size.Size} → Conat i → Conat i → Conat i","thing":{"normalised":null,"original":{"contents":[{"item":{"contents":[{"Left":"Agda.Builtin.Size.Size"},[]],"tag":"App"},"name":"i"},{"contents":[{"item":{"contents":[{"Left":"Codata.Conat.Conat"},[{"contents":[{"Right":0},[]],"tag":"App"}]],"tag":"App"},"name":"_"},{"contents":[{"item":{"contents":[{"Left":"Codata.Conat.Conat"},[{"contents":[{"Right":0},[]],"tag":"App"}]],"tag":"App"},"name":"_"},{"contents":[{"Left":"Codata.Conat.Conat"},[{"contents":[{"Right":0},[]],"tag":"App"}]],"tag":"App"}],"tag":"Pi"}],"tag":"Pi"}],"tag":"Pi"},"reduced":null,"simplified":null}},"name":"Codata.Conat._+_"},{"item":{"pretty":"{ℓ : Agda.Primitive.Level} {A : Set ℓ} {i : Agda.Builtin.Size.Size}\n(n : Conat Agda.Builtin.Size.∞) →\nCodata.Stream.Stream A i → Covec A i n","thing":{"normalised":null,"original":{"contents":[{"item":{"contents":[{"Left":"Agda.Primitive.Level"},[]],"tag":"App"},"name":"ℓ"},{"contents":[{"item":{"contents":"Set @0","tag":"Sort"},"name":"A"},{"contents":[{"item":{"contents":[{"Left":"Agda.Builtin.Size.Size"},[]],"tag":"App"},"name":"i"},{"contents":[{"item":{"contents":[{"Left":"Codata.Conat.Conat"},[{"contents":[{"Left":"Agda.Builtin.Size.∞"},[]],"tag":"App"}]],"tag":"App"},"name":"n"},{"contents":[{"item":{"contents":[{"Left":"Codata.Stream.Stream"},[{"contents":[{"Right":3},[]],"tag":"App"},{"contents":[{"Right":2},[]],"tag":"App"},{"contents":[{"Right":1},[]],"tag":"App"}]],"tag":"App"},"name":"_"},{"contents":[{"Left":"Codata.Covec.Covec"},[{"contents":[{"Right":3},[]],"tag":"App"},{"contents":[{"Right":2},[]],"tag":"App"},{"contents":[{"Right":1},[]],"tag":"App"},{"contents":[{"Right":0},[]],"tag":"App"}]],"tag":"App"}],"tag":"Pi"}],"tag":"Pi"}],"tag":"Pi"}],"tag":"Pi"}],"tag":"Pi"},"reduced":null,"simplified":null}},"name":"Codata.Covec._.cotake"},{"item":{"pretty":"{i : Agda.Builtin.Size.Size} → Conat i → Conat i → Conat i","thing":{"normalised":null,"original":{"contents":[{"item":{"contents":[{"Left":"Agda.Builtin.Size.Size"},[]],"tag":"App"},"name":"i"},{"contents":[{"item":{"contents":[{"Left":"Codata.Conat.Conat"},[{"contents":[{"Right":0},[]],"tag":"App"}]],"tag":"App"},"name":"_"},{"contents":[{"item":{"contents":[{"Left":"Codata.Conat.Conat"},[{"contents":[{"Right":0},[]],"tag":"App"}]],"tag":"App"},"name":"_"},{"contents":[{"Left":"Codata.Conat.Conat"},[{"contents":[{"Right":0},[]],"tag":"App"}]],"tag":"App"}],"tag":"Pi"}],"tag":"Pi"}],"tag":"Pi"},"reduced":null,"simplified":null}},"name":"Codata.Conat._*_"},{"item":{"pretty":"{ℓ : Agda.Primitive.Level} {A : Set ℓ} {i : Agda.Builtin.Size.Size}\n{m n : Conat Agda.Builtin.Size.∞} →\nCovec A i m → Covec A i n → Covec A i (m + n)","thing":{"normalised":null,"original":{"contents":[{"item":{"contents":[{"Left":"Agda.Primitive.Level"},[]],"tag":"App"},"name":"ℓ"},{"contents":[{"item":{"contents":"Set @0","tag":"Sort"},"name":"A"},{"contents":[{"item":{"contents":[{"Left":"Agda.Builtin.Size.Size"},[]],"tag":"App"},"name":"i"},{"contents":[{"item":{"contents":[{"Left":"Codata.Conat.Conat"},[{"contents":[{"Left":"Agda.Builtin.Size.∞"},[]],"tag":"App"}]],"tag":"App"},"name":"m"},{"contents":[{"item":{"contents":[{"Left":"Codata.Conat.Conat"},[{"contents":[{"Left":"Agda.Builtin.Size.∞"},[]],"tag":"App"}]],"tag":"App"},"name":"n"},{"contents":[{"item":{"contents":[{"Left":"Codata.Covec.Covec"},[{"contents":[{"Right":4},[]],"tag":"App"},{"contents":[{"Right":3},[]],"tag":"App"},{"contents":[{"Right":2},[]],"tag":"App"},{"contents":[{"Right":1},[]],"tag":"App"}]],"tag":"App"},"name":"_"},{"contents":[{"item":{"contents":[{"Left":"Codata.Covec.Covec"},[{"contents":[{"Right":4},[]],"tag":"App"},{"contents":[{"Right":3},[]],"tag":"App"},{"contents":[{"Right":2},[]],"tag":"App"},{"contents":[{"Right":0},[]],"tag":"App"}]],"tag":"App"},"name":"_"},{"contents":[{"Left":"Codata.Covec.Covec"},[{"contents":[{"Right":4},[]],"tag":"App"},{"contents":[{"Right":3},[]],"tag":"App"},{"contents":[{"Right":2},[]],"tag":"App"},{"contents":[{"Left":"Codata.Conat._+_"},[{"contents":[{"Left":"Agda.Builtin.Size.∞"},[]],"tag":"App"},{"contents":[{"Right":1},[]],"tag":"App"},{"contents":[{"Right":0},[]],"tag":"App"}]],"tag":"App"}]],"tag":"App"}],"tag":"Pi"}],"tag":"Pi"}],"tag":"Pi"}],"tag":"Pi"}],"tag":"Pi"}],"tag":"Pi"}],"tag":"Pi"},"reduced":null,"simplified":null}},"name":"Codata.Covec._._++_"},{"item":{"pretty":"{f : Agda.Primitive.Level} →\n(Set f → Set f) → Set (Agda.Primitive.lsuc f)","thing":{"normalised":null,"original":{"contents":[{"item":{"contents":[{"Left":"Agda.Primitive.Level"},[]],"tag":"App"},"name":"f"},{"contents":[{"item":{"contents":[{"item":{"contents":"Set @0","tag":"Sort"},"name":"_"},{"contents":"Set @0","tag":"Sort"}],"tag":"Pi"},"name":"_"},{"contents":"Set (lsuc @0)","tag":"Sort"}],"tag":"Pi"}],"tag":"Pi"},"reduced":null,"simplified":null}},"name":"Category.Applicative.RawAlternative"},{"item":{"pretty":"{i : Agda.Builtin.Size.Size} → Conat i → Conat i → Conat i","thing":{"normalised":null,"original":{"contents":[{"item":{"contents":[{"Left":"Agda.Builtin.Size.Size"},[]],"tag":"App"},"name":"i"},{"contents":[{"item":{"contents":[{"Left":"Codata.Conat.Conat"},[{"contents":[{"Right":0},[]],"tag":"App"}]],"tag":"App"},"name":"_"},{"contents":[{"item":{"contents":[{"Left":"Codata.Conat.Conat"},[{"contents":[{"Right":0},[]],"tag":"App"}]],"tag":"App"},"name":"_"},{"contents":[{"Left":"Codata.Conat.Conat"},[{"contents":[{"Right":0},[]],"tag":"App"}]],"tag":"App"}],"tag":"Pi"}],"tag":"Pi"}],"tag":"Pi"},"reduced":null,"simplified":null}},"name":"Codata.Conat._⊔_"},{"item":{"pretty":"{ℓ : Agda.Primitive.Level} {A : Set ℓ} {i : Agda.Builtin.Size.Size}\n(xs : Codata.Colist.Colist A Agda.Builtin.Size.∞) →\nCovec A i (Codata.Colist.length xs)","thing":{"normalised":null,"original":{"contents":[{"item":{"contents":[{"Left":"Agda.Primitive.Level"},[]],"tag":"App"},"name":"ℓ"},{"contents":[{"item":{"contents":"Set @0","tag":"Sort"},"name":"A"},{"contents":[{"item":{"contents":[{"Left":"Agda.Builtin.Size.Size"},[]],"tag":"App"},"name":"i"},{"contents":[{"item":{"contents":[{"Left":"Codata.Colist.Colist"},[{"contents":[{"Right":2},[]],"tag":"App"},{"contents":[{"Right":1},[]],"tag":"App"},{"contents":[{"Left":"Agda.Builtin.Size.∞"},[]],"tag":"App"}]],"tag":"App"},"name":"xs"},{"contents":[{"Left":"Codata.Covec.Covec"},[{"contents":[{"Right":3},[]],"tag":"App"},{"contents":[{"Right":2},[]],"tag":"App"},{"contents":[{"Right":1},[]],"tag":"App"},{"contents":[{"Left":"Codata.Colist.length"},[{"contents":[{"Right":3},[]],"tag":"App"},{"contents":[{"Right":2},[]],"tag":"App"},{"contents":[{"Left":"Agda.Builtin.Size.∞"},[]],"tag":"App"},{"contents":[{"Right":0},[]],"tag":"App"}]],"tag":"App"}]],"tag":"App"}],"tag":"Pi"}],"tag":"Pi"}],"tag":"Pi"}],"tag":"Pi"},"reduced":null,"simplified":null}},"name":"Codata.Covec._.fromColist"},{"item":{"pretty":"{i : Agda.Builtin.Size.Size} → Conat i → Conat i → Conat i","thing":{"normalised":null,"original":{"contents":[{"item":{"contents":[{"Left":"Agda.Builtin.Size.Size"},[]],"tag":"App"},"name":"i"},{"contents":[{"item":{"contents":[{"Left":"Codata.Conat.Conat"},[{"contents":[{"Right":0},[]],"tag":"App"}]],"tag":"App"},"name":"_"},{"contents":[{"item":{"contents":[{"Left":"Codata.Conat.Conat"},[{"contents":[{"Right":0},[]],"tag":"App"}]],"tag":"App"},"name":"_"},{"contents":[{"Left":"Codata.Conat.Conat"},[{"contents":[{"Right":0},[]],"tag":"App"}]],"tag":"App"}],"tag":"Pi"}],"tag":"Pi"}],"tag":"Pi"},"reduced":null,"simplified":null}},"name":"Codata.Conat._⊓_"},{"item":{"pretty":"{ℓ : Agda.Primitive.Level} {A : Set ℓ} {i : Agda.Builtin.Size.Size}\n{n : Conat Agda.Builtin.Size.∞} →\nCovec A i n → Codata.Colist.Colist A i","thing":{"normalised":null,"original":{"contents":[{"item":{"contents":[{"Left":"Agda.Primitive.Level"},[]],"tag":"App"},"name":"ℓ"},{"contents":[{"item":{"contents":"Set @0","tag":"Sort"},"name":"A"},{"contents":[{"item":{"contents":[{"Left":"Agda.Builtin.Size.Size"},[]],"tag":"App"},"name":"i"},{"contents":[{"item":{"contents":[{"Left":"Codata.Conat.Conat"},[{"contents":[{"Left":"Agda.Builtin.Size.∞"},[]],"tag":"App"}]],"tag":"App"},"name":"n"},{"contents":[{"item":{"contents":[{"Left":"Codata.Covec.Covec"},[{"contents":[{"Right":3},[]],"tag":"App"},{"contents":[{"Right":2},[]],"tag":"App"},{"contents":[{"Right":1},[]],"tag":"App"},{"contents":[{"Right":0},[]],"tag":"App"}]],"tag":"App"},"name":"_"},{"contents":[{"Left":"Codata.Colist.Colist"},[{"contents":[{"Right":3},[]],"tag":"App"},{"contents":[{"Right":2},[]],"tag":"App"},{"contents":[{"Right":1},[]],"tag":"App"}]],"tag":"App"}],"tag":"Pi"}],"tag":"Pi"}],"tag":"Pi"}],"tag":"Pi"}],"tag":"Pi"},"reduced":null,"simplified":null}},"name":"Codata.Covec._.toColist"},{"item":{"pretty":"Conat Agda.Builtin.Size.∞ → Set","thing":{"normalised":null,"original":{"contents":[{"item":{"contents":[{"Left":"Codata.Conat.Conat"},[{"contents":[{"Left":"Agda.Builtin.Size.∞"},[]],"tag":"App"}]],"tag":"App"},"name":"_"},{"contents":"Set","tag":"Sort"}],"tag":"Pi"},"reduced":null,"simplified":null}},"name":"Codata.Conat.Finite"},{"item":{"pretty":"Finite zero","thing":{"normalised":null,"original":{"contents":[{"Left":"Codata.Conat.Finite"},[{"contents":[{"Left":"Codata.Conat.Conat.zero"},[]],"tag":"App"}]],"tag":"App"},"reduced":null,"simplified":null}},"name":"Codata.Conat.Finite.zero"},{"item":{"pretty":"{n : Codata.Thunk.Thunk Conat Agda.Builtin.Size.∞} →\nFinite (n .Codata.Thunk.Thunk.force) → Finite (suc n)","thing":{"normalised":null,"original":{"contents":[{"item":{"contents":[{"Left":"Codata.Thunk.Thunk"},[{"contents":"lzero","tag":"Level"},{"contents":[{"Left":"Codata.Conat.Conat"},[]],"tag":"App"},{"contents":[{"Left":"Agda.Builtin.Size.∞"},[]],"tag":"App"}]],"tag":"App"},"name":"n"},{"contents":[{"item":{"contents":[{"Left":"Codata.Conat.Finite"},[{"contents":[{"Right":0},[{"contents":[{"Left":"Codata.Thunk.Thunk.force"},[]],"tag":"App"},{"contents":[{"Left":"Agda.Builtin.Size.∞"},[]],"tag":"App"}]],"tag":"App"}]],"tag":"App"},"name":"_"},{"contents":[{"Left":"Codata.Conat.Finite"},[{"contents":[{"Left":"Codata.Conat.Conat.suc"},[{"contents":[{"Right":0},[]],"tag":"App"}]],"tag":"App"}]],"tag":"App"}],"tag":"Pi"}],"tag":"Pi"},"reduced":null,"simplified":null}},"name":"Codata.Conat.Finite.suc"},{"item":{"pretty":"{ℓ : Agda.Primitive.Level} {A : Set ℓ}\n{i : Agda.Builtin.Size.Size} →\nCodata.Stream.Stream A i → Covec A i infinity","thing":{"normalised":{"contents":[{"item":{"contents":[{"Left":"Agda.Primitive.Level"},[]],"tag":"App"},"name":"ℓ"},{"contents":[{"item":{"contents":"Set @0","tag":"Sort"},"name":"A"},{"contents":[{"item":{"contents":[{"Left":"Agda.Builtin.Size.Size"},[]],"tag":"App"},"name":"i"},{"contents":[{"item":{"contents":[{"Left":"Codata.Stream.Stream"},[{"contents":[{"Right":2},[]],"tag":"App"},{"contents":[{"Right":1},[]],"tag":"App"},{"contents":[{"Right":0},[]],"tag":"App"}]],"tag":"App"},"name":"_"},{"contents":[{"Left":"Codata.Covec.Covec"},[{"contents":[{"Right":2},[]],"tag":"App"},{"contents":[{"Right":1},[]],"tag":"App"},{"contents":[{"Right":0},[]],"tag":"App"},{"contents":[{"Left":"Codata.Conat.Conat.suc"},[{"contents":[{"Left":"Codata.Conat..extendedlambda0"},[{"contents":[{"Left":"Agda.Builtin.Size.∞"},[]],"tag":"App"}]],"tag":"App"}]],"tag":"App"}]],"tag":"App"}],"tag":"Pi"}],"tag":"Pi"}],"tag":"Pi"}],"tag":"Pi"},"original":{"contents":[{"item":{"contents":[{"Left":"Agda.Primitive.Level"},[]],"tag":"App"},"name":"ℓ"},{"contents":[{"item":{"contents":"Set @0","tag":"Sort"},"name":"A"},{"contents":[{"item":{"contents":[{"Left":"Agda.Builtin.Size.Size"},[]],"tag":"App"},"name":"i"},{"contents":[{"item":{"contents":[{"Left":"Codata.Stream.Stream"},[{"contents":[{"Right":2},[]],"tag":"App"},{"contents":[{"Right":1},[]],"tag":"App"},{"contents":[{"Right":0},[]],"tag":"App"}]],"tag":"App"},"name":"_"},{"contents":[{"Left":"Codata.Covec.Covec"},[{"contents":[{"Right":2},[]],"tag":"App"},{"contents":[{"Right":1},[]],"tag":"App"},{"contents":[{"Right":0},[]],"tag":"App"},{"contents":[{"Left":"Codata.Conat.infinity"},[{"contents":[{"Left":"Agda.Builtin.Size.∞"},[]],"tag":"App"}]],"tag":"App"}]],"tag":"App"}],"tag":"Pi"}],"tag":"Pi"}],"tag":"Pi"}],"tag":"Pi"},"reduced":null,"simplified":null}},"name":"Codata.Covec._.fromStream"},{"item":{"pretty":"{n : Conat Agda.Builtin.Size.∞} → Finite n → Agda.Builtin.Nat.Nat","thing":{"normalised":null,"original":{"contents":[{"item":{"contents":[{"Left":"Codata.Conat.Conat"},[{"contents":[{"Left":"Agda.Builtin.Size.∞"},[]],"tag":"App"}]],"tag":"App"},"name":"n"},{"contents":[{"item":{"contents":[{"Left":"Codata.Conat.Finite"},[{"contents":[{"Right":0},[]],"tag":"App"}]],"tag":"App"},"name":"_"},{"contents":[{"Left":"Agda.Builtin.Nat.Nat"},[]],"tag":"App"}],"tag":"Pi"}],"tag":"Pi"},"reduced":null,"simplified":null}},"name":"Codata.Conat.toℕ"},{"item":{"pretty":"Relation.Nullary.¬ Finite infinity","thing":{"normalised":{"contents":[{"item":{"contents":[{"Left":"Codata.Conat.Finite"},[{"contents":[{"Left":"Codata.Conat.Conat.suc"},[{"contents":[{"Left":"Codata.Conat..extendedlambda0"},[{"contents":[{"Left":"Agda.Builtin.Size.∞"},[]],"tag":"App"}]],"tag":"App"}]],"tag":"App"}]],"tag":"App"},"name":"_"},{"contents":[{"Left":"Data.Empty.⊥"},[]],"tag":"App"}],"tag":"Pi"},"original":{"contents":[{"Left":"Relation.Nullary.¬_"},[{"contents":"lzero","tag":"Level"},{"contents":[{"Left":"Codata.Conat.Finite"},[{"contents":[{"Left":"Codata.Conat.infinity"},[{"contents":[{"Left":"Agda.Builtin.Size.∞"},[]],"tag":"App"}]],"tag":"App"}]],"tag":"App"}]],"tag":"App"},"reduced":{"contents":[{"item":{"contents":[{"Left":"Codata.Conat.Finite"},[{"contents":[{"Left":"Codata.Conat.infinity"},[{"contents":[{"Left":"Agda.Builtin.Size.∞"},[]],"tag":"App"}]],"tag":"App"}]],"tag":"App"},"name":"_"},{"contents":[{"Left":"Data.Empty.⊥"},[]],"tag":"App"}],"tag":"Pi"},"simplified":null}},"name":"Codata.Conat.¬Finite∞"},{"item":{"pretty":"{ℓ : Agda.Primitive.Level} {A : Set ℓ} {i : Agda.Builtin.Size.Size}\n{m n : Conat Agda.Builtin.Size.∞} →\ni Codata.Conat.Bisimilarity.⊢ m ≈ n → Covec A i m → Covec A i n","thing":{"normalised":null,"original":{"contents":[{"item":{"contents":[{"Left":"Agda.Primitive.Level"},[]],"tag":"App"},"name":"ℓ"},{"contents":[{"item":{"contents":"Set @0","tag":"Sort"},"name":"A"},{"contents":[{"item":{"contents":[{"Left":"Agda.Builtin.Size.Size"},[]],"tag":"App"},"name":"i"},{"contents":[{"item":{"contents":[{"Left":"Codata.Conat.Conat"},[{"contents":[{"Left":"Agda.Builtin.Size.∞"},[]],"tag":"App"}]],"tag":"App"},"name":"m"},{"contents":[{"item":{"contents":[{"Left":"Codata.Conat.Conat"},[{"contents":[{"Left":"Agda.Builtin.Size.∞"},[]],"tag":"App"}]],"tag":"App"},"name":"n"},{"contents":[{"item":{"contents":[{"Left":"Codata.Conat.Bisimilarity._⊢_≈_"},[{"contents":[{"Right":2},[]],"tag":"App"},{"contents":[{"Right":1},[]],"tag":"App"},{"contents":[{"Right":0},[]],"tag":"App"}]],"tag":"App"},"name":"_"},{"contents":[{"item":{"contents":[{"Left":"Codata.Covec.Covec"},[{"contents":[{"Right":4},[]],"tag":"App"},{"contents":[{"Right":3},[]],"tag":"App"},{"contents":[{"Right":2},[]],"tag":"App"},{"contents":[{"Right":1},[]],"tag":"App"}]],"tag":"App"},"name":"_"},{"contents":[{"Left":"Codata.Covec.Covec"},[{"contents":[{"Right":4},[]],"tag":"App"},{"contents":[{"Right":3},[]],"tag":"App"},{"contents":[{"Right":2},[]],"tag":"App"},{"contents":[{"Right":0},[]],"tag":"App"}]],"tag":"App"}],"tag":"Pi"}],"tag":"Pi"}],"tag":"Pi"}],"tag":"Pi"}],"tag":"Pi"}],"tag":"Pi"}],"tag":"Pi"},"reduced":null,"simplified":null}},"name":"Codata.Covec._.cast"},{"item":{"pretty":"Agda.Builtin.Nat.Nat → Conat Agda.Builtin.Size.∞ → Set","thing":{"normalised":null,"original":{"contents":[{"item":{"contents":[{"Left":"Agda.Builtin.Nat.Nat"},[]],"tag":"App"},"name":"_"},{"contents":[{"item":{"contents":[{"Left":"Codata.Conat.Conat"},[{"contents":[{"Left":"Agda.Builtin.Size.∞"},[]],"tag":"App"}]],"tag":"App"},"name":"_"},{"contents":"Set","tag":"Sort"}],"tag":"Pi"}],"tag":"Pi"},"reduced":null,"simplified":null}},"name":"Codata.Conat._ℕ≤_"},{"item":{"pretty":"{n : Conat Agda.Builtin.Size.∞} → Agda.Builtin.Nat.Nat.zero ℕ≤ n","thing":{"normalised":{"contents":[{"item":{"contents":[{"Left":"Codata.Conat.Conat"},[{"contents":[{"Left":"Agda.Builtin.Size.∞"},[]],"tag":"App"}]],"tag":"App"},"name":"n"},{"contents":[{"Left":"Codata.Conat._ℕ≤_"},[{"contents":"0","tag":"Lit"},{"contents":[{"Right":0},[]],"tag":"App"}]],"tag":"App"}],"tag":"Pi"},"original":{"contents":[{"item":{"contents":[{"Left":"Codata.Conat.Conat"},[{"contents":[{"Left":"Agda.Builtin.Size.∞"},[]],"tag":"App"}]],"tag":"App"},"name":"n"},{"contents":[{"Left":"Codata.Conat._ℕ≤_"},[{"contents":[{"Left":"Agda.Builtin.Nat.Nat.zero"},[]],"tag":"App"},{"contents":[{"Right":0},[]],"tag":"App"}]],"tag":"App"}],"tag":"Pi"},"reduced":null,"simplified":null}},"name":"Codata.Conat._ℕ≤_.zℕ≤n"},{"item":{"pretty":"{k : Agda.Builtin.Nat.Nat}\n{n : Codata.Thunk.Thunk Conat Agda.Builtin.Size.∞} →\nk ℕ≤ n .Codata.Thunk.Thunk.force →\nAgda.Builtin.Nat.Nat.suc k ℕ≤ suc n","thing":{"normalised":null,"original":{"contents":[{"item":{"contents":[{"Left":"Agda.Builtin.Nat.Nat"},[]],"tag":"App"},"name":"k"},{"contents":[{"item":{"contents":[{"Left":"Codata.Thunk.Thunk"},[{"contents":"lzero","tag":"Level"},{"contents":[{"Left":"Codata.Conat.Conat"},[]],"tag":"App"},{"contents":[{"Left":"Agda.Builtin.Size.∞"},[]],"tag":"App"}]],"tag":"App"},"name":"n"},{"contents":[{"item":{"contents":[{"Left":"Codata.Conat._ℕ≤_"},[{"contents":[{"Right":1},[]],"tag":"App"},{"contents":[{"Right":0},[{"contents":[{"Left":"Codata.Thunk.Thunk.force"},[]],"tag":"App"},{"contents":[{"Left":"Agda.Builtin.Size.∞"},[]],"tag":"App"}]],"tag":"App"}]],"tag":"App"},"name":"_"},{"contents":[{"Left":"Codata.Conat._ℕ≤_"},[{"contents":[{"Left":"Agda.Builtin.Nat.Nat.suc"},[{"contents":[{"Right":1},[]],"tag":"App"}]],"tag":"App"},{"contents":[{"Left":"Codata.Conat.Conat.suc"},[{"contents":[{"Right":0},[]],"tag":"App"}]],"tag":"App"}]],"tag":"App"}],"tag":"Pi"}],"tag":"Pi"}],"tag":"Pi"},"reduced":null,"simplified":null}},"name":"Codata.Conat._ℕ≤_.sℕ≤s"},{"item":{"pretty":"Agda.Builtin.Nat.Nat → Conat Agda.Builtin.Size.∞ → Set","thing":{"normalised":null,"original":{"contents":[{"item":{"contents":[{"Left":"Agda.Builtin.Nat.Nat"},[]],"tag":"App"},"name":"_"},{"contents":[{"item":{"contents":[{"Left":"Codata.Conat.Conat"},[{"contents":[{"Left":"Agda.Builtin.Size.∞"},[]],"tag":"App"}]],"tag":"App"},"name":"_"},{"contents":"Set","tag":"Sort"}],"tag":"Pi"}],"tag":"Pi"},"reduced":null,"simplified":null}},"name":"Codata.Conat._ℕ<_"},{"item":{"pretty":"(k : Agda.Builtin.Nat.Nat) → k ℕ≤ infinity","thing":{"normalised":{"contents":[{"item":{"contents":[{"Left":"Agda.Builtin.Nat.Nat"},[]],"tag":"App"},"name":"k"},{"contents":[{"Left":"Codata.Conat._ℕ≤_"},[{"contents":[{"Right":0},[]],"tag":"App"},{"contents":[{"Left":"Codata.Conat.Conat.suc"},[{"contents":[{"Left":"Codata.Conat..extendedlambda0"},[{"contents":[{"Left":"Agda.Builtin.Size.∞"},[]],"tag":"App"}]],"tag":"App"}]],"tag":"App"}]],"tag":"App"}],"tag":"Pi"},"original":{"contents":[{"item":{"contents":[{"Left":"Agda.Builtin.Nat.Nat"},[]],"tag":"App"},"name":"k"},{"contents":[{"Left":"Codata.Conat._ℕ≤_"},[{"contents":[{"Right":0},[]],"tag":"App"},{"contents":[{"Left":"Codata.Conat.infinity"},[{"contents":[{"Left":"Agda.Builtin.Size.∞"},[]],"tag":"App"}]],"tag":"App"}]],"tag":"App"}],"tag":"Pi"},"reduced":null,"simplified":null}},"name":"Codata.Conat._ℕ≤infinity"},{"item":{"pretty":"{a b : Agda.Primitive.Level} {A : Set a} {B : Set b}\n{i : Agda.Builtin.Size.Size} {n : Conat Agda.Builtin.Size.∞} →\n(A → B) → Covec A i n → Covec B i n","thing":{"normalised":null,"original":{"contents":[{"item":{"contents":[{"Left":"Agda.Primitive.Level"},[]],"tag":"App"},"name":"a"},{"contents":[{"item":{"contents":[{"Left":"Agda.Primitive.Level"},[]],"tag":"App"},"name":"b"},{"contents":[{"item":{"contents":"Set @1","tag":"Sort"},"name":"A"},{"contents":[{"item":{"contents":"Set @1","tag":"Sort"},"name":"B"},{"contents":[{"item":{"contents":[{"Left":"Agda.Builtin.Size.Size"},[]],"tag":"App"},"name":"i"},{"contents":[{"item":{"contents":[{"Left":"Codata.Conat.Conat"},[{"contents":[{"Left":"Agda.Builtin.Size.∞"},[]],"tag":"App"}]],"tag":"App"},"name":"n"},{"contents":[{"item":{"contents":[{"item":{"contents":[{"Right":3},[]],"tag":"App"},"name":"_"},{"contents":[{"Right":2},[]],"tag":"App"}],"tag":"Pi"},"name":"f"},{"contents":[{"item":{"contents":[{"Left":"Codata.Covec.Covec"},[{"contents":[{"Right":5},[]],"tag":"App"},{"contents":[{"Right":3},[]],"tag":"App"},{"contents":[{"Right":1},[]],"tag":"App"},{"contents":[{"Right":0},[]],"tag":"App"}]],"tag":"App"},"name":"_"},{"contents":[{"Left":"Codata.Covec.Covec"},[{"contents":[{"Right":4},[]],"tag":"App"},{"contents":[{"Right":2},[]],"tag":"App"},{"contents":[{"Right":1},[]],"tag":"App"},{"contents":[{"Right":0},[]],"tag":"App"}]],"tag":"App"}],"tag":"Pi"}],"tag":"Pi"}],"tag":"Pi"}],"tag":"Pi"}],"tag":"Pi"}],"tag":"Pi"}],"tag":"Pi"}],"tag":"Pi"},"reduced":null,"simplified":null}},"name":"Codata.Covec._.map"},{"item":{"pretty":"{a b : Agda.Primitive.Level} {A : Set a} {B : Set b}\n{i : Agda.Builtin.Size.Size} {n : Conat Agda.Builtin.Size.∞} →\nCovec (A → B) i n → Covec A i n → Covec B i n","thing":{"normalised":null,"original":{"contents":[{"item":{"contents":[{"Left":"Agda.Primitive.Level"},[]],"tag":"App"},"name":"a"},{"contents":[{"item":{"contents":[{"Left":"Agda.Primitive.Level"},[]],"tag":"App"},"name":"b"},{"contents":[{"item":{"contents":"Set @1","tag":"Sort"},"name":"A"},{"contents":[{"item":{"contents":"Set @1","tag":"Sort"},"name":"B"},{"contents":[{"item":{"contents":[{"Left":"Agda.Builtin.Size.Size"},[]],"tag":"App"},"name":"i"},{"contents":[{"item":{"contents":[{"Left":"Codata.Conat.Conat"},[{"contents":[{"Left":"Agda.Builtin.Size.∞"},[]],"tag":"App"}]],"tag":"App"},"name":"n"},{"contents":[{"item":{"contents":[{"Left":"Codata.Covec.Covec"},[{"contents":"lub @5 @4","tag":"Level"},{"contents":[{"item":{"contents":[{"Right":3},[]],"tag":"App"},"name":"_"},{"contents":[{"Right":2},[]],"tag":"App"}],"tag":"Pi"},{"contents":[{"Right":1},[]],"tag":"App"},{"contents":[{"Right":0},[]],"tag":"App"}]],"tag":"App"},"name":"_"},{"contents":[{"item":{"contents":[{"Left":"Codata.Covec.Covec"},[{"contents":[{"Right":5},[]],"tag":"App"},{"contents":[{"Right":3},[]],"tag":"App"},{"contents":[{"Right":1},[]],"tag":"App"},{"contents":[{"Right":0},[]],"tag":"App"}]],"tag":"App"},"name":"_"},{"contents":[{"Left":"Codata.Covec.Covec"},[{"contents":[{"Right":4},[]],"tag":"App"},{"contents":[{"Right":2},[]],"tag":"App"},{"contents":[{"Right":1},[]],"tag":"App"},{"contents":[{"Right":0},[]],"tag":"App"}]],"tag":"App"}],"tag":"Pi"}],"tag":"Pi"}],"tag":"Pi"}],"tag":"Pi"}],"tag":"Pi"}],"tag":"Pi"}],"tag":"Pi"}],"tag":"Pi"},"reduced":null,"simplified":null}},"name":"Codata.Covec._.ap"},{"item":{"pretty":"{a b : Agda.Primitive.Level} {A : Set a} {B : Set b}\n{i : Agda.Builtin.Size.Size} {n : Conat Agda.Builtin.Size.∞} →\n(B → A → B) → B → Covec A i n → Covec B i (1 ℕ+ n)","thing":{"normalised":{"contents":[{"item":{"contents":[{"Left":"Agda.Primitive.Level"},[]],"tag":"App"},"name":"a"},{"contents":[{"item":{"contents":[{"Left":"Agda.Primitive.Level"},[]],"tag":"App"},"name":"b"},{"contents":[{"item":{"contents":"Set @1","tag":"Sort"},"name":"A"},{"contents":[{"item":{"contents":"Set @1","tag":"Sort"},"name":"B"},{"contents":[{"item":{"contents":[{"Left":"Agda.Builtin.Size.Size"},[]],"tag":"App"},"name":"i"},{"contents":[{"item":{"contents":[{"Left":"Codata.Conat.Conat"},[{"contents":[{"Left":"Agda.Builtin.Size.∞"},[]],"tag":"App"}]],"tag":"App"},"name":"n"},{"contents":[{"item":{"contents":[{"item":{"contents":[{"Right":2},[]],"tag":"App"},"name":"_"},{"contents":[{"item":{"contents":[{"Right":3},[]],"tag":"App"},"name":"_"},{"contents":[{"Right":2},[]],"tag":"App"}],"tag":"Pi"}],"tag":"Pi"},"name":"_"},{"contents":[{"item":{"contents":[{"Right":2},[]],"tag":"App"},"name":"_"},{"contents":[{"item":{"contents":[{"Left":"Codata.Covec.Covec"},[{"contents":[{"Right":5},[]],"tag":"App"},{"contents":[{"Right":3},[]],"tag":"App"},{"contents":[{"Right":1},[]],"tag":"App"},{"contents":[{"Right":0},[]],"tag":"App"}]],"tag":"App"},"name":"_"},{"contents":[{"Left":"Codata.Covec.Covec"},[{"contents":[{"Right":4},[]],"tag":"App"},{"contents":[{"Right":2},[]],"tag":"App"},{"contents":[{"Right":1},[]],"tag":"App"},{"contents":[{"Left":"Codata.Conat.Conat.suc"},[{"contents":[{"Left":"Codata.Conat..extendedlambda2"},[{"contents":"0","tag":"Lit"},{"contents":[{"Left":"Agda.Builtin.Size.∞"},[]],"tag":"App"},{"contents":[{"Right":0},[]],"tag":"App"}]],"tag":"App"}]],"tag":"App"}]],"tag":"App"}],"tag":"Pi"}],"tag":"Pi"}],"tag":"Pi"}],"tag":"Pi"}],"tag":"Pi"}],"tag":"Pi"}],"tag":"Pi"}],"tag":"Pi"}],"tag":"Pi"},"original":{"contents":[{"item":{"contents":[{"Left":"Agda.Primitive.Level"},[]],"tag":"App"},"name":"a"},{"contents":[{"item":{"contents":[{"Left":"Agda.Primitive.Level"},[]],"tag":"App"},"name":"b"},{"contents":[{"item":{"contents":"Set @1","tag":"Sort"},"name":"A"},{"contents":[{"item":{"contents":"Set @1","tag":"Sort"},"name":"B"},{"contents":[{"item":{"contents":[{"Left":"Agda.Builtin.Size.Size"},[]],"tag":"App"},"name":"i"},{"contents":[{"item":{"contents":[{"Left":"Codata.Conat.Conat"},[{"contents":[{"Left":"Agda.Builtin.Size.∞"},[]],"tag":"App"}]],"tag":"App"},"name":"n"},{"contents":[{"item":{"contents":[{"item":{"contents":[{"Right":2},[]],"tag":"App"},"name":"_"},{"contents":[{"item":{"contents":[{"Right":3},[]],"tag":"App"},"name":"_"},{"contents":[{"Right":2},[]],"tag":"App"}],"tag":"Pi"}],"tag":"Pi"},"name":"_"},{"contents":[{"item":{"contents":[{"Right":2},[]],"tag":"App"},"name":"_"},{"contents":[{"item":{"contents":[{"Left":"Codata.Covec.Covec"},[{"contents":[{"Right":5},[]],"tag":"App"},{"contents":[{"Right":3},[]],"tag":"App"},{"contents":[{"Right":1},[]],"tag":"App"},{"contents":[{"Right":0},[]],"tag":"App"}]],"tag":"App"},"name":"_"},{"contents":[{"Left":"Codata.Covec.Covec"},[{"contents":[{"Right":4},[]],"tag":"App"},{"contents":[{"Right":2},[]],"tag":"App"},{"contents":[{"Right":1},[]],"tag":"App"},{"contents":[{"Left":"Codata.Conat._ℕ+_"},[{"contents":"1","tag":"Lit"},{"contents":[{"Left":"Agda.Builtin.Size.∞"},[]],"tag":"App"},{"contents":[{"Right":0},[]],"tag":"App"}]],"tag":"App"}]],"tag":"App"}],"tag":"Pi"}],"tag":"Pi"}],"tag":"Pi"}],"tag":"Pi"}],"tag":"Pi"}],"tag":"Pi"}],"tag":"Pi"}],"tag":"Pi"}],"tag":"Pi"},"reduced":null,"simplified":{"contents":[{"item":{"contents":[{"Left":"Agda.Primitive.Level"},[]],"tag":"App"},"name":"a"},{"contents":[{"item":{"contents":[{"Left":"Agda.Primitive.Level"},[]],"tag":"App"},"name":"b"},{"contents":[{"item":{"contents":"Set @1","tag":"Sort"},"name":"A"},{"contents":[{"item":{"contents":"Set @1","tag":"Sort"},"name":"B"},{"contents":[{"item":{"contents":[{"Left":"Agda.Builtin.Size.Size"},[]],"tag":"App"},"name":"i"},{"contents":[{"item":{"contents":[{"Left":"Codata.Conat.Conat"},[{"contents":[{"Left":"Agda.Builtin.Size.∞"},[]],"tag":"App"}]],"tag":"App"},"name":"n"},{"contents":[{"item":{"contents":[{"item":{"contents":[{"Right":2},[]],"tag":"App"},"name":"_"},{"contents":[{"item":{"contents":[{"Right":3},[]],"tag":"App"},"name":"_"},{"contents":[{"Right":2},[]],"tag":"App"}],"tag":"Pi"}],"tag":"Pi"},"name":"_"},{"contents":[{"item":{"contents":[{"Right":2},[]],"tag":"App"},"name":"_"},{"contents":[{"item":{"contents":[{"Left":"Codata.Covec.Covec"},[{"contents":[{"Right":5},[]],"tag":"App"},{"contents":[{"Right":3},[]],"tag":"App"},{"contents":[{"Right":1},[]],"tag":"App"},{"contents":[{"Right":0},[]],"tag":"App"}]],"tag":"App"},"name":"_"},{"contents":[{"Left":"Codata.Covec.Covec"},[{"contents":[{"Right":4},[]],"tag":"App"},{"contents":[{"Right":2},[]],"tag":"App"},{"contents":[{"Right":1},[]],"tag":"App"},{"contents":[{"Left":"Codata.Conat.Conat.suc"},[{"contents":[{"Left":"Codata.Conat..extendedlambda2"},[{"contents":"0","tag":"Lit"},{"contents":[{"Left":"Agda.Builtin.Size.∞"},[]],"tag":"App"},{"contents":[{"Right":0},[]],"tag":"App"}]],"tag":"App"}]],"tag":"App"}]],"tag":"App"}],"tag":"Pi"}],"tag":"Pi"}],"tag":"Pi"}],"tag":"Pi"}],"tag":"Pi"}],"tag":"Pi"}],"tag":"Pi"}],"tag":"Pi"}],"tag":"Pi"}}},"name":"Codata.Covec._.scanl"},{"item":{"pretty":"{a b c : Agda.Primitive.Level} {A : Set a} {B : Set b} {C : Set c}\n{i : Agda.Builtin.Size.Size} {n : Conat Agda.Builtin.Size.∞} →\n(A → B → C) → Covec A i n → Covec B i n → Covec C i n","thing":{"normalised":null,"original":{"contents":[{"item":{"contents":[{"Left":"Agda.Primitive.Level"},[]],"tag":"App"},"name":"a"},{"contents":[{"item":{"contents":[{"Left":"Agda.Primitive.Level"},[]],"tag":"App"},"name":"b"},{"contents":[{"item":{"contents":[{"Left":"Agda.Primitive.Level"},[]],"tag":"App"},"name":"c"},{"contents":[{"item":{"contents":"Set @2","tag":"Sort"},"name":"A"},{"contents":[{"item":{"contents":"Set @2","tag":"Sort"},"name":"B"},{"contents":[{"item":{"contents":"Set @2","tag":"Sort"},"name":"C"},{"contents":[{"item":{"contents":[{"Left":"Agda.Builtin.Size.Size"},[]],"tag":"App"},"name":"i"},{"contents":[{"item":{"contents":[{"Left":"Codata.Conat.Conat"},[{"contents":[{"Left":"Agda.Builtin.Size.∞"},[]],"tag":"App"}]],"tag":"App"},"name":"n"},{"contents":[{"item":{"contents":[{"item":{"contents":[{"Right":4},[]],"tag":"App"},"name":"_"},{"contents":[{"item":{"contents":[{"Right":3},[]],"tag":"App"},"name":"_"},{"contents":[{"Right":2},[]],"tag":"App"}],"tag":"Pi"}],"tag":"Pi"},"name":"_"},{"contents":[{"item":{"contents":[{"Left":"Codata.Covec.Covec"},[{"contents":[{"Right":7},[]],"tag":"App"},{"contents":[{"Right":4},[]],"tag":"App"},{"contents":[{"Right":1},[]],"tag":"App"},{"contents":[{"Right":0},[]],"tag":"App"}]],"tag":"App"},"name":"_"},{"contents":[{"item":{"contents":[{"Left":"Codata.Covec.Covec"},[{"contents":[{"Right":6},[]],"tag":"App"},{"contents":[{"Right":3},[]],"tag":"App"},{"contents":[{"Right":1},[]],"tag":"App"},{"contents":[{"Right":0},[]],"tag":"App"}]],"tag":"App"},"name":"_"},{"contents":[{"Left":"Codata.Covec.Covec"},[{"contents":[{"Right":5},[]],"tag":"App"},{"contents":[{"Right":2},[]],"tag":"App"},{"contents":[{"Right":1},[]],"tag":"App"},{"contents":[{"Right":0},[]],"tag":"App"}]],"tag":"App"}],"tag":"Pi"}],"tag":"Pi"}],"tag":"Pi"}],"tag":"Pi"}],"tag":"Pi"}],"tag":"Pi"}],"tag":"Pi"}],"tag":"Pi"}],"tag":"Pi"}],"tag":"Pi"}],"tag":"Pi"},"reduced":null,"simplified":null}},"name":"Codata.Covec._.zipWith"}],"name":"Codata.Covec.Categorical"},"samples":[{"ctx":{"pretty":"{ℓ : Agda.Primitive.Level} {i : Conat Agda.Builtin.Size.∞}\n{n : Agda.Builtin.Size.Size}","thing":[{"item":{"contents":[{"Left":"Agda.Primitive.Level"},[]],"tag":"App"},"name":"ℓ"},{"item":{"contents":[{"Left":"Codata.Conat.Conat"},[{"contents":[{"Left":"Agda.Builtin.Size.∞"},[]],"tag":"App"}]],"tag":"App"},"name":"i"},{"item":{"contents":[{"Left":"Agda.Builtin.Size.Size"},[]],"tag":"App"},"name":"n"}]},"goal":{"pretty":"{A B : Set ℓ} → (A → B) → Covec A n i → Covec B n i","thing":{"normalised":null,"original":{"contents":[{"item":{"contents":"Set @2","tag":"Sort"},"name":"A"},{"contents":[{"item":{"contents":"Set @3","tag":"Sort"},"name":"B"},{"contents":[{"item":{"contents":[{"item":{"contents":[{"Right":1},[]],"tag":"App"},"name":"_"},{"contents":[{"Right":0},[]],"tag":"App"}],"tag":"Pi"},"name":"_"},{"contents":[{"item":{"contents":[{"Left":"Codata.Covec.Covec"},[{"contents":[{"Right":4},[]],"tag":"App"},{"contents":[{"Right":1},[]],"tag":"App"},{"contents":[{"Right":2},[]],"tag":"App"},{"contents":[{"Right":3},[]],"tag":"App"}]],"tag":"App"},"name":"_"},{"contents":[{"Left":"Codata.Covec.Covec"},[{"contents":[{"Right":4},[]],"tag":"App"},{"contents":[{"Right":0},[]],"tag":"App"},{"contents":[{"Right":2},[]],"tag":"App"},{"contents":[{"Right":3},[]],"tag":"App"}]],"tag":"App"}],"tag":"Pi"}],"tag":"Pi"}],"tag":"Pi"}],"tag":"Pi"},"reduced":null,"simplified":null}},"term":{"pretty":"map","thing":{"normalised":null,"original":{"contents":{"item":{"contents":{"item":{"contents":[{"Left":"Codata.Covec._.map"},[{"contents":[{"Right":4},[]],"tag":"App"},{"contents":[{"Right":4},[]],"tag":"App"},{"contents":[{"Right":1},[]],"tag":"App"},{"contents":[{"Right":0},[]],"tag":"App"},{"contents":[{"Right":2},[]],"tag":"App"},{"contents":[{"Right":3},[]],"tag":"App"}]],"tag":"App"},"name":"B"},"tag":"Lam"},"name":"A"},"tag":"Lam"},"reduced":null,"simplified":null}},"namesUsed":["Codata.Covec._.map"]},{"ctx":{"pretty":"{ℓ = ℓ₁ : Agda.Primitive.Level}\n{i = i₁ : Conat Agda.Builtin.Size.∞}\n{n = n₁ : Agda.Builtin.Size.Size} {A : Set ℓ₁}","thing":[{"item":{"contents":[{"Left":"Agda.Primitive.Level"},[]],"tag":"App"},"name":"ℓ"},{"item":{"contents":[{"Left":"Codata.Conat.Conat"},[{"contents":[{"Left":"Agda.Builtin.Size.∞"},[]],"tag":"App"}]],"tag":"App"},"name":"i"},{"item":{"contents":[{"Left":"Agda.Builtin.Size.Size"},[]],"tag":"App"},"name":"n"},{"item":{"contents":"Set @2","tag":"Sort"},"name":"A"}]},"goal":{"pretty":"{B : Set ℓ} → (A → B) → Covec A n i → Covec B n i","thing":{"normalised":null,"original":{"contents":[{"item":{"contents":"Set @3","tag":"Sort"},"name":"B"},{"contents":[{"item":{"contents":[{"item":{"contents":[{"Right":1},[]],"tag":"App"},"name":"_"},{"contents":[{"Right":0},[]],"tag":"App"}],"tag":"Pi"},"name":"_"},{"contents":[{"item":{"contents":[{"Left":"Codata.Covec.Covec"},[{"contents":[{"Right":4},[]],"tag":"App"},{"contents":[{"Right":1},[]],"tag":"App"},{"contents":[{"Right":2},[]],"tag":"App"},{"contents":[{"Right":3},[]],"tag":"App"}]],"tag":"App"},"name":"_"},{"contents":[{"Left":"Codata.Covec.Covec"},[{"contents":[{"Right":4},[]],"tag":"App"},{"contents":[{"Right":0},[]],"tag":"App"},{"contents":[{"Right":2},[]],"tag":"App"},{"contents":[{"Right":3},[]],"tag":"App"}]],"tag":"App"}],"tag":"Pi"}],"tag":"Pi"}],"tag":"Pi"},"reduced":null,"simplified":null}},"term":{"pretty":"map","thing":{"normalised":null,"original":{"contents":{"item":{"contents":[{"Left":"Codata.Covec._.map"},[{"contents":[{"Right":4},[]],"tag":"App"},{"contents":[{"Right":4},[]],"tag":"App"},{"contents":[{"Right":1},[]],"tag":"App"},{"contents":[{"Right":0},[]],"tag":"App"},{"contents":[{"Right":2},[]],"tag":"App"},{"contents":[{"Right":3},[]],"tag":"App"}]],"tag":"App"},"name":"B"},"tag":"Lam"},"reduced":null,"simplified":null}},"namesUsed":["Codata.Covec._.map"]},{"ctx":{"pretty":"{ℓ = ℓ₁ : Agda.Primitive.Level}\n{i = i₁ : Conat Agda.Builtin.Size.∞}\n{n = n₁ : Agda.Builtin.Size.Size} {A = A₁ : Set ℓ₁} {B : Set ℓ₁}","thing":[{"item":{"contents":[{"Left":"Agda.Primitive.Level"},[]],"tag":"App"},"name":"ℓ"},{"item":{"contents":[{"Left":"Codata.Conat.Conat"},[{"contents":[{"Left":"Agda.Builtin.Size.∞"},[]],"tag":"App"}]],"tag":"App"},"name":"i"},{"item":{"contents":[{"Left":"Agda.Builtin.Size.Size"},[]],"tag":"App"},"name":"n"},{"item":{"contents":"Set @2","tag":"Sort"},"name":"A"},{"item":{"contents":"Set @3","tag":"Sort"},"name":"B"}]},"goal":{"pretty":"(A → B) → Covec A n i → Covec B n i","thing":{"normalised":null,"original":{"contents":[{"item":{"contents":[{"item":{"contents":[{"Right":1},[]],"tag":"App"},"name":"_"},{"contents":[{"Right":0},[]],"tag":"App"}],"tag":"Pi"},"name":"_"},{"contents":[{"item":{"contents":[{"Left":"Codata.Covec.Covec"},[{"contents":[{"Right":4},[]],"tag":"App"},{"contents":[{"Right":1},[]],"tag":"App"},{"contents":[{"Right":2},[]],"tag":"App"},{"contents":[{"Right":3},[]],"tag":"App"}]],"tag":"App"},"name":"_"},{"contents":[{"Left":"Codata.Covec.Covec"},[{"contents":[{"Right":4},[]],"tag":"App"},{"contents":[{"Right":0},[]],"tag":"App"},{"contents":[{"Right":2},[]],"tag":"App"},{"contents":[{"Right":3},[]],"tag":"App"}]],"tag":"App"}],"tag":"Pi"}],"tag":"Pi"},"reduced":null,"simplified":null}},"term":{"pretty":"map","thing":{"normalised":null,"original":{"contents":[{"Left":"Codata.Covec._.map"},[{"contents":[{"Right":4},[]],"tag":"App"},{"contents":[{"Right":4},[]],"tag":"App"},{"contents":[{"Right":1},[]],"tag":"App"},{"contents":[{"Right":0},[]],"tag":"App"},{"contents":[{"Right":2},[]],"tag":"App"},{"contents":[{"Right":3},[]],"tag":"App"}]],"tag":"App"},"reduced":null,"simplified":null}},"namesUsed":["Codata.Covec._.map"]},{"ctx":{"pretty":"{ℓ : Agda.Primitive.Level} {i : Conat Agda.Builtin.Size.∞}\n{n : Agda.Builtin.Size.Size}","thing":[{"item":{"contents":[{"Left":"Agda.Primitive.Level"},[]],"tag":"App"},"name":"ℓ"},{"item":{"contents":[{"Left":"Codata.Conat.Conat"},[{"contents":[{"Left":"Agda.Builtin.Size.∞"},[]],"tag":"App"}]],"tag":"App"},"name":"i"},{"item":{"contents":[{"Left":"Agda.Builtin.Size.Size"},[]],"tag":"App"},"name":"n"}]},"goal":{"pretty":"{A : Set ℓ} {i : Agda.Builtin.Unit.⊤} → A → Covec A n i₁","thing":{"normalised":null,"original":{"contents":[{"item":{"contents":"Set @2","tag":"Sort"},"name":"A"},{"contents":[{"item":{"contents":[{"Left":"Agda.Builtin.Unit.⊤"},[]],"tag":"App"},"name":"i"},{"contents":[{"item":{"contents":[{"Right":1},[]],"tag":"App"},"name":"_"},{"contents":[{"Left":"Codata.Covec.Covec"},[{"contents":[{"Right":4},[]],"tag":"App"},{"contents":[{"Right":1},[]],"tag":"App"},{"contents":[{"Right":2},[]],"tag":"App"},{"contents":[{"Right":3},[]],"tag":"App"}]],"tag":"App"}],"tag":"Pi"}],"tag":"Pi"}],"tag":"Pi"},"reduced":null,"simplified":null}},"term":{"pretty":"replicate i₁","thing":{"normalised":null,"original":{"contents":{"item":{"contents":{"item":{"contents":[{"Left":"Codata.Covec._.replicate"},[{"contents":[{"Right":4},[]],"tag":"App"},{"contents":[{"Right":1},[]],"tag":"App"},{"contents":[{"Right":2},[]],"tag":"App"},{"contents":[{"Right":3},[]],"tag":"App"}]],"tag":"App"},"name":"i"},"tag":"Lam"},"name":"A"},"tag":"Lam"},"reduced":null,"simplified":null}},"namesUsed":["Codata.Covec._.replicate"]},{"ctx":{"pretty":"{ℓ = ℓ₁ : Agda.Primitive.Level} {i : Conat Agda.Builtin.Size.∞}\n{n = n₁ : Agda.Builtin.Size.Size} {A : Set ℓ₁}","thing":[{"item":{"contents":[{"Left":"Agda.Primitive.Level"},[]],"tag":"App"},"name":"ℓ"},{"item":{"contents":[{"Left":"Codata.Conat.Conat"},[{"contents":[{"Left":"Agda.Builtin.Size.∞"},[]],"tag":"App"}]],"tag":"App"},"name":"i"},{"item":{"contents":[{"Left":"Agda.Builtin.Size.Size"},[]],"tag":"App"},"name":"n"},{"item":{"contents":"Set @2","tag":"Sort"},"name":"A"}]},"goal":{"pretty":"{i : Agda.Builtin.Unit.⊤} → A → Covec A n i₁","thing":{"normalised":null,"original":{"contents":[{"item":{"contents":[{"Left":"Agda.Builtin.Unit.⊤"},[]],"tag":"App"},"name":"i"},{"contents":[{"item":{"contents":[{"Right":1},[]],"tag":"App"},"name":"_"},{"contents":[{"Left":"Codata.Covec.Covec"},[{"contents":[{"Right":4},[]],"tag":"App"},{"contents":[{"Right":1},[]],"tag":"App"},{"contents":[{"Right":2},[]],"tag":"App"},{"contents":[{"Right":3},[]],"tag":"App"}]],"tag":"App"}],"tag":"Pi"}],"tag":"Pi"},"reduced":null,"simplified":null}},"term":{"pretty":"replicate i₁","thing":{"normalised":null,"original":{"contents":{"item":{"contents":[{"Left":"Codata.Covec._.replicate"},[{"contents":[{"Right":4},[]],"tag":"App"},{"contents":[{"Right":1},[]],"tag":"App"},{"contents":[{"Right":2},[]],"tag":"App"},{"contents":[{"Right":3},[]],"tag":"App"}]],"tag":"App"},"name":"i"},"tag":"Lam"},"reduced":null,"simplified":null}},"namesUsed":["Codata.Covec._.replicate"]},{"ctx":{"pretty":"{ℓ = ℓ₁ : Agda.Primitive.Level} {i : Conat Agda.Builtin.Size.∞}\n{n = n₁ : Agda.Builtin.Size.Size} {A = A₁ : Set ℓ₁}\n{i = i₂ : Agda.Builtin.Unit.⊤}","thing":[{"item":{"contents":[{"Left":"Agda.Primitive.Level"},[]],"tag":"App"},"name":"ℓ"},{"item":{"contents":[{"Left":"Codata.Conat.Conat"},[{"contents":[{"Left":"Agda.Builtin.Size.∞"},[]],"tag":"App"}]],"tag":"App"},"name":"i"},{"item":{"contents":[{"Left":"Agda.Builtin.Size.Size"},[]],"tag":"App"},"name":"n"},{"item":{"contents":"Set @2","tag":"Sort"},"name":"A"},{"item":{"contents":[{"Left":"Agda.Builtin.Unit.⊤"},[]],"tag":"App"},"name":"i"}]},"goal":{"pretty":"A → Covec A n i₁","thing":{"normalised":null,"original":{"contents":[{"item":{"contents":[{"Right":1},[]],"tag":"App"},"name":"_"},{"contents":[{"Left":"Codata.Covec.Covec"},[{"contents":[{"Right":4},[]],"tag":"App"},{"contents":[{"Right":1},[]],"tag":"App"},{"contents":[{"Right":2},[]],"tag":"App"},{"contents":[{"Right":3},[]],"tag":"App"}]],"tag":"App"}],"tag":"Pi"},"reduced":null,"simplified":null}},"term":{"pretty":"replicate i₁","thing":{"normalised":null,"original":{"contents":[{"Left":"Codata.Covec._.replicate"},[{"contents":[{"Right":4},[]],"tag":"App"},{"contents":[{"Right":1},[]],"tag":"App"},{"contents":[{"Right":2},[]],"tag":"App"},{"contents":[{"Right":3},[]],"tag":"App"}]],"tag":"App"},"reduced":null,"simplified":null}},"namesUsed":["Codata.Covec._.replicate"]},{"ctx":{"pretty":"{ℓ = ℓ₁ : Agda.Primitive.Level} {i : Conat Agda.Builtin.Size.∞}\n{n = n₁ : Agda.Builtin.Size.Size}","thing":[{"item":{"contents":[{"Left":"Agda.Primitive.Level"},[]],"tag":"App"},"name":"ℓ"},{"item":{"contents":[{"Left":"Codata.Conat.Conat"},[{"contents":[{"Left":"Agda.Builtin.Size.∞"},[]],"tag":"App"}]],"tag":"App"},"name":"i"},{"item":{"contents":[{"Left":"Agda.Builtin.Size.Size"},[]],"tag":"App"},"name":"n"}]},"goal":{"pretty":"{A B : Set ℓ} {i j k : Agda.Builtin.Unit.⊤} →\nCovec (A → B) n i₁ → Covec A n i₁ → Covec B n i₁","thing":{"normalised":null,"original":{"contents":[{"item":{"contents":"Set @2","tag":"Sort"},"name":"A"},{"contents":[{"item":{"contents":"Set @3","tag":"Sort"},"name":"B"},{"contents":[{"item":{"contents":[{"Left":"Agda.Builtin.Unit.⊤"},[]],"tag":"App"},"name":"i"},{"contents":[{"item":{"contents":[{"Left":"Agda.Builtin.Unit.⊤"},[]],"tag":"App"},"name":"j"},{"contents":[{"item":{"contents":[{"Left":"Agda.Builtin.Unit.⊤"},[]],"tag":"App"},"name":"k"},{"contents":[{"item":{"contents":[{"Left":"Codata.Covec.Covec"},[{"contents":[{"Right":7},[]],"tag":"App"},{"contents":[{"item":{"contents":[{"Right":4},[]],"tag":"App"},"name":"_"},{"contents":[{"Right":3},[]],"tag":"App"}],"tag":"Pi"},{"contents":[{"Right":5},[]],"tag":"App"},{"contents":[{"Right":6},[]],"tag":"App"}]],"tag":"App"},"name":"_"},{"contents":[{"item":{"contents":[{"Left":"Codata.Covec.Covec"},[{"contents":[{"Right":7},[]],"tag":"App"},{"contents":[{"Right":4},[]],"tag":"App"},{"contents":[{"Right":5},[]],"tag":"App"},{"contents":[{"Right":6},[]],"tag":"App"}]],"tag":"App"},"name":"_"},{"contents":[{"Left":"Codata.Covec.Covec"},[{"contents":[{"Right":7},[]],"tag":"App"},{"contents":[{"Right":3},[]],"tag":"App"},{"contents":[{"Right":5},[]],"tag":"App"},{"contents":[{"Right":6},[]],"tag":"App"}]],"tag":"App"}],"tag":"Pi"}],"tag":"Pi"}],"tag":"Pi"}],"tag":"Pi"}],"tag":"Pi"}],"tag":"Pi"}],"tag":"Pi"},"reduced":null,"simplified":null}},"term":{"pretty":"ap","thing":{"normalised":null,"original":{"contents":{"item":{"contents":{"item":{"contents":{"item":{"contents":{"item":{"contents":{"item":{"contents":[{"Left":"Codata.Covec._.ap"},[{"contents":[{"Right":7},[]],"tag":"App"},{"contents":[{"Right":7},[]],"tag":"App"},{"contents":[{"Right":4},[]],"tag":"App"},{"contents":[{"Right":3},[]],"tag":"App"},{"contents":[{"Right":5},[]],"tag":"App"},{"contents":[{"Right":6},[]],"tag":"App"}]],"tag":"App"},"name":"k"},"tag":"Lam"},"name":"j"},"tag":"Lam"},"name":"i"},"tag":"Lam"},"name":"B"},"tag":"Lam"},"name":"A"},"tag":"Lam"},"reduced":null,"simplified":null}},"namesUsed":["Codata.Covec._.ap"]},{"ctx":{"pretty":"{ℓ = ℓ₁ : Agda.Primitive.Level} {i : Conat Agda.Builtin.Size.∞}\n{n = n₁ : Agda.Builtin.Size.Size} {A : Set ℓ₁}","thing":[{"item":{"contents":[{"Left":"Agda.Primitive.Level"},[]],"tag":"App"},"name":"ℓ"},{"item":{"contents":[{"Left":"Codata.Conat.Conat"},[{"contents":[{"Left":"Agda.Builtin.Size.∞"},[]],"tag":"App"}]],"tag":"App"},"name":"i"},{"item":{"contents":[{"Left":"Agda.Builtin.Size.Size"},[]],"tag":"App"},"name":"n"},{"item":{"contents":"Set @2","tag":"Sort"},"name":"A"}]},"goal":{"pretty":"{B : Set ℓ} {i j k : Agda.Builtin.Unit.⊤} →\nCovec (A → B) n i₁ → Covec A n i₁ → Covec B n i₁","thing":{"normalised":null,"original":{"contents":[{"item":{"contents":"Set @3","tag":"Sort"},"name":"B"},{"contents":[{"item":{"contents":[{"Left":"Agda.Builtin.Unit.⊤"},[]],"tag":"App"},"name":"i"},{"contents":[{"item":{"contents":[{"Left":"Agda.Builtin.Unit.⊤"},[]],"tag":"App"},"name":"j"},{"contents":[{"item":{"contents":[{"Left":"Agda.Builtin.Unit.⊤"},[]],"tag":"App"},"name":"k"},{"contents":[{"item":{"contents":[{"Left":"Codata.Covec.Covec"},[{"contents":[{"Right":7},[]],"tag":"App"},{"contents":[{"item":{"contents":[{"Right":4},[]],"tag":"App"},"name":"_"},{"contents":[{"Right":3},[]],"tag":"App"}],"tag":"Pi"},{"contents":[{"Right":5},[]],"tag":"App"},{"contents":[{"Right":6},[]],"tag":"App"}]],"tag":"App"},"name":"_"},{"contents":[{"item":{"contents":[{"Left":"Codata.Covec.Covec"},[{"contents":[{"Right":7},[]],"tag":"App"},{"contents":[{"Right":4},[]],"tag":"App"},{"contents":[{"Right":5},[]],"tag":"App"},{"contents":[{"Right":6},[]],"tag":"App"}]],"tag":"App"},"name":"_"},{"contents":[{"Left":"Codata.Covec.Covec"},[{"contents":[{"Right":7},[]],"tag":"App"},{"contents":[{"Right":3},[]],"tag":"App"},{"contents":[{"Right":5},[]],"tag":"App"},{"contents":[{"Right":6},[]],"tag":"App"}]],"tag":"App"}],"tag":"Pi"}],"tag":"Pi"}],"tag":"Pi"}],"tag":"Pi"}],"tag":"Pi"}],"tag":"Pi"},"reduced":null,"simplified":null}},"term":{"pretty":"ap","thing":{"normalised":null,"original":{"contents":{"item":{"contents":{"item":{"contents":{"item":{"contents":{"item":{"contents":[{"Left":"Codata.Covec._.ap"},[{"contents":[{"Right":7},[]],"tag":"App"},{"contents":[{"Right":7},[]],"tag":"App"},{"contents":[{"Right":4},[]],"tag":"App"},{"contents":[{"Right":3},[]],"tag":"App"},{"contents":[{"Right":5},[]],"tag":"App"},{"contents":[{"Right":6},[]],"tag":"App"}]],"tag":"App"},"name":"k"},"tag":"Lam"},"name":"j"},"tag":"Lam"},"name":"i"},"tag":"Lam"},"name":"B"},"tag":"Lam"},"reduced":null,"simplified":null}},"namesUsed":["Codata.Covec._.ap"]},{"ctx":{"pretty":"{ℓ = ℓ₁ : Agda.Primitive.Level} {i : Conat Agda.Builtin.Size.∞}\n{n = n₁ : Agda.Builtin.Size.Size} {A = A₁ : Set ℓ₁} {B : Set ℓ₁}","thing":[{"item":{"contents":[{"Left":"Agda.Primitive.Level"},[]],"tag":"App"},"name":"ℓ"},{"item":{"contents":[{"Left":"Codata.Conat.Conat"},[{"contents":[{"Left":"Agda.Builtin.Size.∞"},[]],"tag":"App"}]],"tag":"App"},"name":"i"},{"item":{"contents":[{"Left":"Agda.Builtin.Size.Size"},[]],"tag":"App"},"name":"n"},{"item":{"contents":"Set @2","tag":"Sort"},"name":"A"},{"item":{"contents":"Set @3","tag":"Sort"},"name":"B"}]},"goal":{"pretty":"{i j k : Agda.Builtin.Unit.⊤} →\nCovec (A → B) n i₁ → Covec A n i₁ → Covec B n i₁","thing":{"normalised":null,"original":{"contents":[{"item":{"contents":[{"Left":"Agda.Builtin.Unit.⊤"},[]],"tag":"App"},"name":"i"},{"contents":[{"item":{"contents":[{"Left":"Agda.Builtin.Unit.⊤"},[]],"tag":"App"},"name":"j"},{"contents":[{"item":{"contents":[{"Left":"Agda.Builtin.Unit.⊤"},[]],"tag":"App"},"name":"k"},{"contents":[{"item":{"contents":[{"Left":"Codata.Covec.Covec"},[{"contents":[{"Right":7},[]],"tag":"App"},{"contents":[{"item":{"contents":[{"Right":4},[]],"tag":"App"},"name":"_"},{"contents":[{"Right":3},[]],"tag":"App"}],"tag":"Pi"},{"contents":[{"Right":5},[]],"tag":"App"},{"contents":[{"Right":6},[]],"tag":"App"}]],"tag":"App"},"name":"_"},{"contents":[{"item":{"contents":[{"Left":"Codata.Covec.Covec"},[{"contents":[{"Right":7},[]],"tag":"App"},{"contents":[{"Right":4},[]],"tag":"App"},{"contents":[{"Right":5},[]],"tag":"App"},{"contents":[{"Right":6},[]],"tag":"App"}]],"tag":"App"},"name":"_"},{"contents":[{"Left":"Codata.Covec.Covec"},[{"contents":[{"Right":7},[]],"tag":"App"},{"contents":[{"Right":3},[]],"tag":"App"},{"contents":[{"Right":5},[]],"tag":"App"},{"contents":[{"Right":6},[]],"tag":"App"}]],"tag":"App"}],"tag":"Pi"}],"tag":"Pi"}],"tag":"Pi"}],"tag":"Pi"}],"tag":"Pi"},"reduced":null,"simplified":null}},"term":{"pretty":"ap","thing":{"normalised":null,"original":{"contents":{"item":{"contents":{"item":{"contents":{"item":{"contents":[{"Left":"Codata.Covec._.ap"},[{"contents":[{"Right":7},[]],"tag":"App"},{"contents":[{"Right":7},[]],"tag":"App"},{"contents":[{"Right":4},[]],"tag":"App"},{"contents":[{"Right":3},[]],"tag":"App"},{"contents":[{"Right":5},[]],"tag":"App"},{"contents":[{"Right":6},[]],"tag":"App"}]],"tag":"App"},"name":"k"},"tag":"Lam"},"name":"j"},"tag":"Lam"},"name":"i"},"tag":"Lam"},"reduced":null,"simplified":null}},"namesUsed":["Codata.Covec._.ap"]},{"ctx":{"pretty":"{ℓ = ℓ₁ : Agda.Primitive.Level} {i : Conat Agda.Builtin.Size.∞}\n{n = n₁ : Agda.Builtin.Size.Size} {A = A₁ : Set ℓ₁}\n{B = B₁ : Set ℓ₁} {i = i₂ : Agda.Builtin.Unit.⊤}","thing":[{"item":{"contents":[{"Left":"Agda.Primitive.Level"},[]],"tag":"App"},"name":"ℓ"},{"item":{"contents":[{"Left":"Codata.Conat.Conat"},[{"contents":[{"Left":"Agda.Builtin.Size.∞"},[]],"tag":"App"}]],"tag":"App"},"name":"i"},{"item":{"contents":[{"Left":"Agda.Builtin.Size.Size"},[]],"tag":"App"},"name":"n"},{"item":{"contents":"Set @2","tag":"Sort"},"name":"A"},{"item":{"contents":"Set @3","tag":"Sort"},"name":"B"},{"item":{"contents":[{"Left":"Agda.Builtin.Unit.⊤"},[]],"tag":"App"},"name":"i"}]},"goal":{"pretty":"{j k : Agda.Builtin.Unit.⊤} →\nCovec (A → B) n i₁ → Covec A n i₁ → Covec B n i₁","thing":{"normalised":null,"original":{"contents":[{"item":{"contents":[{"Left":"Agda.Builtin.Unit.⊤"},[]],"tag":"App"},"name":"j"},{"contents":[{"item":{"contents":[{"Left":"Agda.Builtin.Unit.⊤"},[]],"tag":"App"},"name":"k"},{"contents":[{"item":{"contents":[{"Left":"Codata.Covec.Covec"},[{"contents":[{"Right":7},[]],"tag":"App"},{"contents":[{"item":{"contents":[{"Right":4},[]],"tag":"App"},"name":"_"},{"contents":[{"Right":3},[]],"tag":"App"}],"tag":"Pi"},{"contents":[{"Right":5},[]],"tag":"App"},{"contents":[{"Right":6},[]],"tag":"App"}]],"tag":"App"},"name":"_"},{"contents":[{"item":{"contents":[{"Left":"Codata.Covec.Covec"},[{"contents":[{"Right":7},[]],"tag":"App"},{"contents":[{"Right":4},[]],"tag":"App"},{"contents":[{"Right":5},[]],"tag":"App"},{"contents":[{"Right":6},[]],"tag":"App"}]],"tag":"App"},"name":"_"},{"contents":[{"Left":"Codata.Covec.Covec"},[{"contents":[{"Right":7},[]],"tag":"App"},{"contents":[{"Right":3},[]],"tag":"App"},{"contents":[{"Right":5},[]],"tag":"App"},{"contents":[{"Right":6},[]],"tag":"App"}]],"tag":"App"}],"tag":"Pi"}],"tag":"Pi"}],"tag":"Pi"}],"tag":"Pi"},"reduced":null,"simplified":null}},"term":{"pretty":"ap","thing":{"normalised":null,"original":{"contents":{"item":{"contents":{"item":{"contents":[{"Left":"Codata.Covec._.ap"},[{"contents":[{"Right":7},[]],"tag":"App"},{"contents":[{"Right":7},[]],"tag":"App"},{"contents":[{"Right":4},[]],"tag":"App"},{"contents":[{"Right":3},[]],"tag":"App"},{"contents":[{"Right":5},[]],"tag":"App"},{"contents":[{"Right":6},[]],"tag":"App"}]],"tag":"App"},"name":"k"},"tag":"Lam"},"name":"j"},"tag":"Lam"},"reduced":null,"simplified":null}},"namesUsed":["Codata.Covec._.ap"]},{"ctx":{"pretty":"{ℓ = ℓ₁ : Agda.Primitive.Level} {i : Conat Agda.Builtin.Size.∞}\n{n = n₁ : Agda.Builtin.Size.Size} {A = A₁ : Set ℓ₁}\n{B = B₁ : Set ℓ₁} {i = i₂ : Agda.Builtin.Unit.⊤}\n{j : Agda.Builtin.Unit.⊤}","thing":[{"item":{"contents":[{"Left":"Agda.Primitive.Level"},[]],"tag":"App"},"name":"ℓ"},{"item":{"contents":[{"Left":"Codata.Conat.Conat"},[{"contents":[{"Left":"Agda.Builtin.Size.∞"},[]],"tag":"App"}]],"tag":"App"},"name":"i"},{"item":{"contents":[{"Left":"Agda.Builtin.Size.Size"},[]],"tag":"App"},"name":"n"},{"item":{"contents":"Set @2","tag":"Sort"},"name":"A"},{"item":{"contents":"Set @3","tag":"Sort"},"name":"B"},{"item":{"contents":[{"Left":"Agda.Builtin.Unit.⊤"},[]],"tag":"App"},"name":"i"},{"item":{"contents":[{"Left":"Agda.Builtin.Unit.⊤"},[]],"tag":"App"},"name":"j"}]},"goal":{"pretty":"{k : Agda.Builtin.Unit.⊤} →\nCovec (A → B) n i₁ → Covec A n i₁ → Covec B n i₁","thing":{"normalised":null,"original":{"contents":[{"item":{"contents":[{"Left":"Agda.Builtin.Unit.⊤"},[]],"tag":"App"},"name":"k"},{"contents":[{"item":{"contents":[{"Left":"Codata.Covec.Covec"},[{"contents":[{"Right":7},[]],"tag":"App"},{"contents":[{"item":{"contents":[{"Right":4},[]],"tag":"App"},"name":"_"},{"contents":[{"Right":3},[]],"tag":"App"}],"tag":"Pi"},{"contents":[{"Right":5},[]],"tag":"App"},{"contents":[{"Right":6},[]],"tag":"App"}]],"tag":"App"},"name":"_"},{"contents":[{"item":{"contents":[{"Left":"Codata.Covec.Covec"},[{"contents":[{"Right":7},[]],"tag":"App"},{"contents":[{"Right":4},[]],"tag":"App"},{"contents":[{"Right":5},[]],"tag":"App"},{"contents":[{"Right":6},[]],"tag":"App"}]],"tag":"App"},"name":"_"},{"contents":[{"Left":"Codata.Covec.Covec"},[{"contents":[{"Right":7},[]],"tag":"App"},{"contents":[{"Right":3},[]],"tag":"App"},{"contents":[{"Right":5},[]],"tag":"App"},{"contents":[{"Right":6},[]],"tag":"App"}]],"tag":"App"}],"tag":"Pi"}],"tag":"Pi"}],"tag":"Pi"},"reduced":null,"simplified":null}},"term":{"pretty":"ap","thing":{"normalised":null,"original":{"contents":{"item":{"contents":[{"Left":"Codata.Covec._.ap"},[{"contents":[{"Right":7},[]],"tag":"App"},{"contents":[{"Right":7},[]],"tag":"App"},{"contents":[{"Right":4},[]],"tag":"App"},{"contents":[{"Right":3},[]],"tag":"App"},{"contents":[{"Right":5},[]],"tag":"App"},{"contents":[{"Right":6},[]],"tag":"App"}]],"tag":"App"},"name":"k"},"tag":"Lam"},"reduced":null,"simplified":null}},"namesUsed":["Codata.Covec._.ap"]},{"ctx":{"pretty":"{ℓ = ℓ₁ : Agda.Primitive.Level} {i : Conat Agda.Builtin.Size.∞}\n{n = n₁ : Agda.Builtin.Size.Size} {A = A₁ : Set ℓ₁}\n{B = B₁ : Set ℓ₁} {i = i₂ : Agda.Builtin.Unit.⊤}\n{j : Agda.Builtin.Unit.⊤} {k : Agda.Builtin.Unit.⊤}","thing":[{"item":{"contents":[{"Left":"Agda.Primitive.Level"},[]],"tag":"App"},"name":"ℓ"},{"item":{"contents":[{"Left":"Codata.Conat.Conat"},[{"contents":[{"Left":"Agda.Builtin.Size.∞"},[]],"tag":"App"}]],"tag":"App"},"name":"i"},{"item":{"contents":[{"Left":"Agda.Builtin.Size.Size"},[]],"tag":"App"},"name":"n"},{"item":{"contents":"Set @2","tag":"Sort"},"name":"A"},{"item":{"contents":"Set @3","tag":"Sort"},"name":"B"},{"item":{"contents":[{"Left":"Agda.Builtin.Unit.⊤"},[]],"tag":"App"},"name":"i"},{"item":{"contents":[{"Left":"Agda.Builtin.Unit.⊤"},[]],"tag":"App"},"name":"j"},{"item":{"contents":[{"Left":"Agda.Builtin.Unit.⊤"},[]],"tag":"App"},"name":"k"}]},"goal":{"pretty":"Covec (A → B) n i₁ → Covec A n i₁ → Covec B n i₁","thing":{"normalised":null,"original":{"contents":[{"item":{"contents":[{"Left":"Codata.Covec.Covec"},[{"contents":[{"Right":7},[]],"tag":"App"},{"contents":[{"item":{"contents":[{"Right":4},[]],"tag":"App"},"name":"_"},{"contents":[{"Right":3},[]],"tag":"App"}],"tag":"Pi"},{"contents":[{"Right":5},[]],"tag":"App"},{"contents":[{"Right":6},[]],"tag":"App"}]],"tag":"App"},"name":"_"},{"contents":[{"item":{"contents":[{"Left":"Codata.Covec.Covec"},[{"contents":[{"Right":7},[]],"tag":"App"},{"contents":[{"Right":4},[]],"tag":"App"},{"contents":[{"Right":5},[]],"tag":"App"},{"contents":[{"Right":6},[]],"tag":"App"}]],"tag":"App"},"name":"_"},{"contents":[{"Left":"Codata.Covec.Covec"},[{"contents":[{"Right":7},[]],"tag":"App"},{"contents":[{"Right":3},[]],"tag":"App"},{"contents":[{"Right":5},[]],"tag":"App"},{"contents":[{"Right":6},[]],"tag":"App"}]],"tag":"App"}],"tag":"Pi"}],"tag":"Pi"},"reduced":null,"simplified":null}},"term":{"pretty":"ap","thing":{"normalised":null,"original":{"contents":[{"Left":"Codata.Covec._.ap"},[{"contents":[{"Right":7},[]],"tag":"App"},{"contents":[{"Right":7},[]],"tag":"App"},{"contents":[{"Right":4},[]],"tag":"App"},{"contents":[{"Right":3},[]],"tag":"App"},{"contents":[{"Right":5},[]],"tag":"App"},{"contents":[{"Right":6},[]],"tag":"App"}]],"tag":"App"},"reduced":null,"simplified":null}},"namesUsed":["Codata.Covec._.ap"]}]}