{"scope":{"item":[{"item":{"pretty":"Relation.Binary.Bundles.Setoid Level.0ℓ Level.0ℓ","thing":{"normalised":{"contents":[{"Left":"Relation.Binary.Bundles.Setoid"},[{"contents":"lzero","tag":"Level"},{"contents":"lzero","tag":"Level"}]],"tag":"App"},"original":{"contents":[{"Left":"Relation.Binary.Bundles.Setoid"},[{"contents":[{"Left":"Level.0ℓ"},[]],"tag":"App"},{"contents":[{"Left":"Level.0ℓ"},[]],"tag":"App"}]],"tag":"App"},"reduced":null,"simplified":null}},"name":"Data.Unit.setoid"},{"item":{"pretty":"Relation.Binary.Bundles.DecSetoid Level.0ℓ Level.0ℓ","thing":{"normalised":{"contents":[{"Left":"Relation.Binary.Bundles.DecSetoid"},[{"contents":"lzero","tag":"Level"},{"contents":"lzero","tag":"Level"}]],"tag":"App"},"original":{"contents":[{"Left":"Relation.Binary.Bundles.DecSetoid"},[{"contents":[{"Left":"Level.0ℓ"},[]],"tag":"App"},{"contents":[{"Left":"Level.0ℓ"},[]],"tag":"App"}]],"tag":"App"},"reduced":null,"simplified":null}},"name":"Data.Unit.decSetoid"},{"item":{"pretty":"Set","thing":{"normalised":null,"original":{"contents":"Set","tag":"Sort"},"reduced":null,"simplified":null}},"name":"Agda.Builtin.Unit.⊤"},{"item":{"pretty":"Agda.Builtin.Size.Size → Set","thing":{"normalised":null,"original":{"contents":[{"item":{"contents":[{"Left":"Agda.Builtin.Size.Size"},[]],"tag":"App"},"name":"i"},{"contents":"Set","tag":"Sort"}],"tag":"Pi"},"reduced":null,"simplified":null}},"name":"Codata.Conat.Conat"},{"item":{"pretty":"Relation.Binary.Definitions.Decidable Agda.Builtin.Equality._≡_","thing":{"normalised":{"contents":[{"item":{"contents":[{"Left":"Agda.Builtin.Unit.⊤"},[]],"tag":"App"},"name":"x"},{"contents":[{"item":{"contents":[{"Left":"Agda.Builtin.Unit.⊤"},[]],"tag":"App"},"name":"y"},{"contents":[{"Left":"Relation.Nullary.Dec"},[{"contents":"lzero","tag":"Level"},{"contents":[{"Left":"Agda.Builtin.Equality._≡_"},[{"contents":"lzero","tag":"Level"},{"contents":[{"Left":"Agda.Builtin.Unit.⊤"},[]],"tag":"App"},{"contents":[{"Right":1},[]],"tag":"App"},{"contents":[{"Right":0},[]],"tag":"App"}]],"tag":"App"}]],"tag":"App"}],"tag":"Pi"}],"tag":"Pi"},"original":{"contents":[{"Left":"Relation.Binary.Definitions.Decidable"},[{"contents":"lzero","tag":"Level"},{"contents":[{"Left":"Agda.Builtin.Unit.⊤"},[]],"tag":"App"},{"contents":"lzero","tag":"Level"},{"contents":[{"Left":"Agda.Builtin.Unit.⊤"},[]],"tag":"App"},{"contents":"lzero","tag":"Level"},{"contents":[{"Left":"Agda.Builtin.Equality._≡_"},[{"contents":"lzero","tag":"Level"},{"contents":[{"Left":"Agda.Builtin.Unit.⊤"},[]],"tag":"App"}]],"tag":"App"}]],"tag":"App"},"reduced":{"contents":[{"item":{"contents":[{"Left":"Agda.Builtin.Unit.⊤"},[]],"tag":"App"},"name":"x"},{"contents":[{"item":{"contents":[{"Left":"Agda.Builtin.Unit.⊤"},[]],"tag":"App"},"name":"y"},{"contents":[{"Left":"Relation.Nullary.Dec"},[{"contents":"lzero","tag":"Level"},{"contents":[{"Left":"Agda.Builtin.Equality._≡_"},[{"contents":"lzero","tag":"Level"},{"contents":[{"Left":"Agda.Builtin.Unit.⊤"},[]],"tag":"App"},{"contents":[{"Right":1},[]],"tag":"App"},{"contents":[{"Right":0},[]],"tag":"App"}]],"tag":"App"}]],"tag":"App"}],"tag":"Pi"}],"tag":"Pi"},"simplified":null}},"name":"Data.Unit.Properties._≟_"},{"item":{"pretty":"Relation.Binary.Definitions.Total Agda.Builtin.Equality._≡_","thing":{"normalised":{"contents":[{"item":{"contents":[{"Left":"Agda.Builtin.Unit.⊤"},[]],"tag":"App"},"name":"x"},{"contents":[{"item":{"contents":[{"Left":"Agda.Builtin.Unit.⊤"},[]],"tag":"App"},"name":"y"},{"contents":[{"Left":"Data.Sum.Base._⊎_"},[{"contents":"lzero","tag":"Level"},{"contents":"lzero","tag":"Level"},{"contents":[{"Left":"Agda.Builtin.Equality._≡_"},[{"contents":"lzero","tag":"Level"},{"contents":[{"Left":"Agda.Builtin.Unit.⊤"},[]],"tag":"App"},{"contents":[{"Right":1},[]],"tag":"App"},{"contents":[{"Right":0},[]],"tag":"App"}]],"tag":"App"},{"contents":[{"Left":"Agda.Builtin.Equality._≡_"},[{"contents":"lzero","tag":"Level"},{"contents":[{"Left":"Agda.Builtin.Unit.⊤"},[]],"tag":"App"},{"contents":[{"Right":0},[]],"tag":"App"},{"contents":[{"Right":1},[]],"tag":"App"}]],"tag":"App"}]],"tag":"App"}],"tag":"Pi"}],"tag":"Pi"},"original":{"contents":[{"Left":"Relation.Binary.Definitions.Total"},[{"contents":"lzero","tag":"Level"},{"contents":[{"Left":"Agda.Builtin.Unit.⊤"},[]],"tag":"App"},{"contents":"lzero","tag":"Level"},{"contents":[{"Left":"Agda.Builtin.Equality._≡_"},[{"contents":"lzero","tag":"Level"},{"contents":[{"Left":"Agda.Builtin.Unit.⊤"},[]],"tag":"App"}]],"tag":"App"}]],"tag":"App"},"reduced":{"contents":[{"item":{"contents":[{"Left":"Agda.Builtin.Unit.⊤"},[]],"tag":"App"},"name":"x"},{"contents":[{"item":{"contents":[{"Left":"Agda.Builtin.Unit.⊤"},[]],"tag":"App"},"name":"y"},{"contents":[{"Left":"Data.Sum.Base._⊎_"},[{"contents":"lzero","tag":"Level"},{"contents":"lzero","tag":"Level"},{"contents":[{"Left":"Agda.Builtin.Equality._≡_"},[{"contents":"lzero","tag":"Level"},{"contents":[{"Left":"Agda.Builtin.Unit.⊤"},[]],"tag":"App"},{"contents":[{"Right":1},[]],"tag":"App"},{"contents":[{"Right":0},[]],"tag":"App"}]],"tag":"App"},{"contents":[{"Left":"Agda.Builtin.Equality._≡_"},[{"contents":"lzero","tag":"Level"},{"contents":[{"Left":"Agda.Builtin.Unit.⊤"},[]],"tag":"App"},{"contents":[{"Right":0},[]],"tag":"App"},{"contents":[{"Right":1},[]],"tag":"App"}]],"tag":"App"}]],"tag":"App"}],"tag":"Pi"}],"tag":"Pi"},"simplified":null}},"name":"Data.Unit.total"},{"item":{"pretty":"⊤","thing":{"normalised":null,"original":{"contents":[{"Left":"Agda.Builtin.Unit.⊤"},[]],"tag":"App"},"reduced":null,"simplified":null}},"name":"Agda.Builtin.Unit.tt"},{"item":{"pretty":"{i : Agda.Builtin.Size.Size} → Number (Conat i)","thing":{"normalised":null,"original":{"contents":[{"item":{"contents":[{"Left":"Agda.Builtin.Size.Size"},[]],"tag":"App"},"name":"i"},{"contents":[{"Left":"Agda.Builtin.FromNat.Number"},[{"contents":"lzero","tag":"Level"},{"contents":[{"Left":"Codata.Conat.Conat"},[{"contents":[{"Right":0},[]],"tag":"App"}]],"tag":"App"}]],"tag":"App"}],"tag":"Pi"},"reduced":null,"simplified":null}},"name":"Codata.Conat.Literals.number"},{"item":{"pretty":"Relation.Binary.Bundles.Poset Level.0ℓ Level.0ℓ Level.0ℓ","thing":{"normalised":{"contents":[{"Left":"Relation.Binary.Bundles.Poset"},[{"contents":"lzero","tag":"Level"},{"contents":"lzero","tag":"Level"},{"contents":"lzero","tag":"Level"}]],"tag":"App"},"original":{"contents":[{"Left":"Relation.Binary.Bundles.Poset"},[{"contents":[{"Left":"Level.0ℓ"},[]],"tag":"App"},{"contents":[{"Left":"Level.0ℓ"},[]],"tag":"App"},{"contents":[{"Left":"Level.0ℓ"},[]],"tag":"App"}]],"tag":"App"},"reduced":null,"simplified":null}},"name":"Data.Unit.poset"},{"item":{"pretty":"(x y : ⊤) → Set","thing":{"normalised":null,"original":{"contents":[{"item":{"contents":[{"Left":"Agda.Builtin.Unit.⊤"},[]],"tag":"App"},"name":"x"},{"contents":[{"item":{"contents":[{"Left":"Agda.Builtin.Unit.⊤"},[]],"tag":"App"},"name":"y"},{"contents":"Set","tag":"Sort"}],"tag":"Pi"}],"tag":"Pi"},"reduced":null,"simplified":null}},"name":"Data.Unit.Base._≤_"},{"item":{"pretty":"{a : Agda.Primitive.Level} (A : Set a) →\nSet (Agda.Primitive.lsuc a)","thing":{"normalised":null,"original":{"contents":[{"item":{"contents":[{"Left":"Agda.Primitive.Level"},[]],"tag":"App"},"name":"a"},{"contents":[{"item":{"contents":"Set @0","tag":"Sort"},"name":"A"},{"contents":"Set (lsuc @1)","tag":"Sort"}],"tag":"Pi"}],"tag":"Pi"},"reduced":null,"simplified":null}},"name":"Agda.Builtin.FromNat.Number"},{"item":{"pretty":"{i : Agda.Builtin.Size.Size} → Conat i","thing":{"normalised":null,"original":{"contents":[{"item":{"contents":[{"Left":"Agda.Builtin.Size.Size"},[]],"tag":"App"},"name":"i"},{"contents":[{"Left":"Codata.Conat.Conat"},[{"contents":[{"Right":0},[]],"tag":"App"}]],"tag":"App"}],"tag":"Pi"},"reduced":null,"simplified":null}},"name":"Codata.Conat.Conat.zero"},{"item":{"pretty":"Relation.Binary.Bundles.DecTotalOrder Level.0ℓ Level.0ℓ Level.0ℓ","thing":{"normalised":{"contents":[{"Left":"Relation.Binary.Bundles.DecTotalOrder"},[{"contents":"lzero","tag":"Level"},{"contents":"lzero","tag":"Level"},{"contents":"lzero","tag":"Level"}]],"tag":"App"},"original":{"contents":[{"Left":"Relation.Binary.Bundles.DecTotalOrder"},[{"contents":[{"Left":"Level.0ℓ"},[]],"tag":"App"},{"contents":[{"Left":"Level.0ℓ"},[]],"tag":"App"},{"contents":[{"Left":"Level.0ℓ"},[]],"tag":"App"}]],"tag":"App"},"reduced":null,"simplified":null}},"name":"Data.Unit.decTotalOrder"},{"item":{"pretty":"{i : Agda.Builtin.Size.Size} → Codata.Thunk.Thunk Conat i → Conat i","thing":{"normalised":null,"original":{"contents":[{"item":{"contents":[{"Left":"Agda.Builtin.Size.Size"},[]],"tag":"App"},"name":"i"},{"contents":[{"item":{"contents":[{"Left":"Codata.Thunk.Thunk"},[{"contents":"lzero","tag":"Level"},{"contents":[{"Left":"Codata.Conat.Conat"},[]],"tag":"App"},{"contents":[{"Right":0},[]],"tag":"App"}]],"tag":"App"},"name":"_"},{"contents":[{"Left":"Codata.Conat.Conat"},[{"contents":[{"Right":0},[]],"tag":"App"}]],"tag":"App"}],"tag":"Pi"}],"tag":"Pi"},"reduced":null,"simplified":null}},"name":"Codata.Conat.Conat.suc"},{"item":{"pretty":"Relation.Binary.Bundles.Preorder Agda.Primitive.lzero\nAgda.Primitive.lzero Agda.Primitive.lzero","thing":{"normalised":null,"original":{"contents":[{"Left":"Relation.Binary.Bundles.Preorder"},[{"contents":"lzero","tag":"Level"},{"contents":"lzero","tag":"Level"},{"contents":"lzero","tag":"Level"}]],"tag":"App"},"reduced":null,"simplified":null}},"name":"Data.Unit.preorder"},{"item":{"pretty":"{i : Agda.Builtin.Size.Size} → Conat i","thing":{"normalised":null,"original":{"contents":[{"item":{"contents":[{"Left":"Agda.Builtin.Size.Size"},[]],"tag":"App"},"name":"i"},{"contents":[{"Left":"Codata.Conat.Conat"},[{"contents":[{"Right":0},[]],"tag":"App"}]],"tag":"App"}],"tag":"Pi"},"reduced":null,"simplified":null}},"name":"Codata.Conat.infinity"},{"item":{"pretty":"Agda.Builtin.Nat.Nat → Conat Agda.Builtin.Size.∞","thing":{"normalised":null,"original":{"contents":[{"item":{"contents":[{"Left":"Agda.Builtin.Nat.Nat"},[]],"tag":"App"},"name":"_"},{"contents":[{"Left":"Codata.Conat.Conat"},[{"contents":[{"Left":"Agda.Builtin.Size.∞"},[]],"tag":"App"}]],"tag":"App"}],"tag":"Pi"},"reduced":null,"simplified":null}},"name":"Codata.Conat.fromℕ"},{"item":{"pretty":"{i : Agda.Builtin.Size.Size} {j : Agda.Builtin.Size.Size< i} →\nConat i → Conat j","thing":{"normalised":null,"original":{"contents":[{"item":{"contents":[{"Left":"Agda.Builtin.Size.Size"},[]],"tag":"App"},"name":"i"},{"contents":[{"item":{"contents":[{"Left":"Agda.Builtin.Size.Size<_"},[{"contents":[{"Right":0},[]],"tag":"App"}]],"tag":"App"},"name":"j"},{"contents":[{"item":{"contents":[{"Left":"Codata.Conat.Conat"},[{"contents":[{"Right":1},[]],"tag":"App"}]],"tag":"App"},"name":"_"},{"contents":[{"Left":"Codata.Conat.Conat"},[{"contents":[{"Right":0},[]],"tag":"App"}]],"tag":"App"}],"tag":"Pi"}],"tag":"Pi"}],"tag":"Pi"},"reduced":null,"simplified":null}},"name":"Codata.Conat.pred"},{"item":{"pretty":"{a : Agda.Primitive.Level} {A : Set a} ⦃ r : Number A ⦄\n(n : Agda.Builtin.Nat.Nat) ⦃ _ : Number.Constraint r n ⦄ →\nA","thing":{"normalised":null,"original":{"contents":[{"item":{"contents":[{"Left":"Agda.Primitive.Level"},[]],"tag":"App"},"name":"a"},{"contents":[{"item":{"contents":"Set @0","tag":"Sort"},"name":"A"},{"contents":[{"item":{"contents":[{"Left":"Agda.Builtin.FromNat.Number"},[{"contents":[{"Right":1},[]],"tag":"App"},{"contents":[{"Right":0},[]],"tag":"App"}]],"tag":"App"},"name":"r"},{"contents":[{"item":{"contents":[{"Left":"Agda.Builtin.Nat.Nat"},[]],"tag":"App"},"name":"n"},{"contents":[{"item":{"contents":[{"Right":1},[{"contents":[{"Left":"Agda.Builtin.FromNat.Number.Constraint"},[]],"tag":"App"},{"contents":[{"Right":0},[]],"tag":"App"}]],"tag":"App"},"name":"_"},{"contents":[{"Right":2},[]],"tag":"App"}],"tag":"Pi"}],"tag":"Pi"}],"tag":"Pi"}],"tag":"Pi"}],"tag":"Pi"},"reduced":null,"simplified":null}},"name":"Agda.Builtin.FromNat._.fromNat"},{"item":{"pretty":"Conat Agda.Builtin.Size.∞ →\nAgda.Builtin.Nat.Nat → Conat Agda.Builtin.Size.∞","thing":{"normalised":null,"original":{"contents":[{"item":{"contents":[{"Left":"Codata.Conat.Conat"},[{"contents":[{"Left":"Agda.Builtin.Size.∞"},[]],"tag":"App"}]],"tag":"App"},"name":"_"},{"contents":[{"item":{"contents":[{"Left":"Agda.Builtin.Nat.Nat"},[]],"tag":"App"},"name":"_"},{"contents":[{"Left":"Codata.Conat.Conat"},[{"contents":[{"Left":"Agda.Builtin.Size.∞"},[]],"tag":"App"}]],"tag":"App"}],"tag":"Pi"}],"tag":"Pi"},"reduced":null,"simplified":null}},"name":"Codata.Conat._∸_"},{"item":{"pretty":"Relation.Binary.Definitions.Decidable _≤_","thing":{"normalised":{"contents":[{"item":{"contents":[{"Left":"Agda.Builtin.Unit.⊤"},[]],"tag":"App"},"name":"x"},{"contents":[{"item":{"contents":[{"Left":"Agda.Builtin.Unit.⊤"},[]],"tag":"App"},"name":"y"},{"contents":[{"Left":"Relation.Nullary.Dec"},[{"contents":"lzero","tag":"Level"},{"contents":[{"Left":"Data.Unit.Base._≤_"},[{"contents":[{"Right":1},[]],"tag":"App"},{"contents":[{"Right":0},[]],"tag":"App"}]],"tag":"App"}]],"tag":"App"}],"tag":"Pi"}],"tag":"Pi"},"original":{"contents":[{"Left":"Relation.Binary.Definitions.Decidable"},[{"contents":"lzero","tag":"Level"},{"contents":[{"Left":"Agda.Builtin.Unit.⊤"},[]],"tag":"App"},{"contents":"lzero","tag":"Level"},{"contents":[{"Left":"Agda.Builtin.Unit.⊤"},[]],"tag":"App"},{"contents":"lzero","tag":"Level"},{"contents":[{"Left":"Data.Unit.Base._≤_"},[]],"tag":"App"}]],"tag":"App"},"reduced":{"contents":[{"item":{"contents":[{"Left":"Agda.Builtin.Unit.⊤"},[]],"tag":"App"},"name":"x"},{"contents":[{"item":{"contents":[{"Left":"Agda.Builtin.Unit.⊤"},[]],"tag":"App"},"name":"y"},{"contents":[{"Left":"Relation.Nullary.Dec"},[{"contents":"lzero","tag":"Level"},{"contents":[{"Left":"Data.Unit.Base._≤_"},[{"contents":[{"Right":1},[]],"tag":"App"},{"contents":[{"Right":0},[]],"tag":"App"}]],"tag":"App"}]],"tag":"App"}],"tag":"Pi"}],"tag":"Pi"},"simplified":null}},"name":"Data.Unit.Properties._≤?_"},{"item":{"pretty":"Agda.Builtin.Nat.Nat →\n{i : Agda.Builtin.Size.Size} → Conat i → Conat i","thing":{"normalised":null,"original":{"contents":[{"item":{"contents":[{"Left":"Agda.Builtin.Nat.Nat"},[]],"tag":"App"},"name":"_"},{"contents":[{"item":{"contents":[{"Left":"Agda.Builtin.Size.Size"},[]],"tag":"App"},"name":"i"},{"contents":[{"item":{"contents":[{"Left":"Codata.Conat.Conat"},[{"contents":[{"Right":0},[]],"tag":"App"}]],"tag":"App"},"name":"_"},{"contents":[{"Left":"Codata.Conat.Conat"},[{"contents":[{"Right":0},[]],"tag":"App"}]],"tag":"App"}],"tag":"Pi"}],"tag":"Pi"}],"tag":"Pi"},"reduced":null,"simplified":null}},"name":"Codata.Conat._ℕ+_"},{"item":{"pretty":"{i : Agda.Builtin.Size.Size} →\nConat i → Agda.Builtin.Nat.Nat → Conat i","thing":{"normalised":null,"original":{"contents":[{"item":{"contents":[{"Left":"Agda.Builtin.Size.Size"},[]],"tag":"App"},"name":"i"},{"contents":[{"item":{"contents":[{"Left":"Codata.Conat.Conat"},[{"contents":[{"Right":0},[]],"tag":"App"}]],"tag":"App"},"name":"_"},{"contents":[{"item":{"contents":[{"Left":"Agda.Builtin.Nat.Nat"},[]],"tag":"App"},"name":"_"},{"contents":[{"Left":"Codata.Conat.Conat"},[{"contents":[{"Right":0},[]],"tag":"App"}]],"tag":"App"}],"tag":"Pi"}],"tag":"Pi"}],"tag":"Pi"},"reduced":null,"simplified":null}},"name":"Codata.Conat._+ℕ_"},{"item":{"pretty":"{i : Agda.Builtin.Size.Size} → Conat i → Conat i → Conat i","thing":{"normalised":null,"original":{"contents":[{"item":{"contents":[{"Left":"Agda.Builtin.Size.Size"},[]],"tag":"App"},"name":"i"},{"contents":[{"item":{"contents":[{"Left":"Codata.Conat.Conat"},[{"contents":[{"Right":0},[]],"tag":"App"}]],"tag":"App"},"name":"_"},{"contents":[{"item":{"contents":[{"Left":"Codata.Conat.Conat"},[{"contents":[{"Right":0},[]],"tag":"App"}]],"tag":"App"},"name":"_"},{"contents":[{"Left":"Codata.Conat.Conat"},[{"contents":[{"Right":0},[]],"tag":"App"}]],"tag":"App"}],"tag":"Pi"}],"tag":"Pi"}],"tag":"Pi"},"reduced":null,"simplified":null}},"name":"Codata.Conat._+_"},{"item":{"pretty":"{i : Agda.Builtin.Size.Size} → Conat i → Conat i → Conat i","thing":{"normalised":null,"original":{"contents":[{"item":{"contents":[{"Left":"Agda.Builtin.Size.Size"},[]],"tag":"App"},"name":"i"},{"contents":[{"item":{"contents":[{"Left":"Codata.Conat.Conat"},[{"contents":[{"Right":0},[]],"tag":"App"}]],"tag":"App"},"name":"_"},{"contents":[{"item":{"contents":[{"Left":"Codata.Conat.Conat"},[{"contents":[{"Right":0},[]],"tag":"App"}]],"tag":"App"},"name":"_"},{"contents":[{"Left":"Codata.Conat.Conat"},[{"contents":[{"Right":0},[]],"tag":"App"}]],"tag":"App"}],"tag":"Pi"}],"tag":"Pi"}],"tag":"Pi"},"reduced":null,"simplified":null}},"name":"Codata.Conat._*_"},{"item":{"pretty":"{i : Agda.Builtin.Size.Size} → Conat i → Conat i → Conat i","thing":{"normalised":null,"original":{"contents":[{"item":{"contents":[{"Left":"Agda.Builtin.Size.Size"},[]],"tag":"App"},"name":"i"},{"contents":[{"item":{"contents":[{"Left":"Codata.Conat.Conat"},[{"contents":[{"Right":0},[]],"tag":"App"}]],"tag":"App"},"name":"_"},{"contents":[{"item":{"contents":[{"Left":"Codata.Conat.Conat"},[{"contents":[{"Right":0},[]],"tag":"App"}]],"tag":"App"},"name":"_"},{"contents":[{"Left":"Codata.Conat.Conat"},[{"contents":[{"Right":0},[]],"tag":"App"}]],"tag":"App"}],"tag":"Pi"}],"tag":"Pi"}],"tag":"Pi"},"reduced":null,"simplified":null}},"name":"Codata.Conat._⊔_"},{"item":{"pretty":"{i : Agda.Builtin.Size.Size} → Conat i → Conat i → Conat i","thing":{"normalised":null,"original":{"contents":[{"item":{"contents":[{"Left":"Agda.Builtin.Size.Size"},[]],"tag":"App"},"name":"i"},{"contents":[{"item":{"contents":[{"Left":"Codata.Conat.Conat"},[{"contents":[{"Right":0},[]],"tag":"App"}]],"tag":"App"},"name":"_"},{"contents":[{"item":{"contents":[{"Left":"Codata.Conat.Conat"},[{"contents":[{"Right":0},[]],"tag":"App"}]],"tag":"App"},"name":"_"},{"contents":[{"Left":"Codata.Conat.Conat"},[{"contents":[{"Right":0},[]],"tag":"App"}]],"tag":"App"}],"tag":"Pi"}],"tag":"Pi"}],"tag":"Pi"},"reduced":null,"simplified":null}},"name":"Codata.Conat._⊓_"},{"item":{"pretty":"Conat Agda.Builtin.Size.∞ → Set","thing":{"normalised":null,"original":{"contents":[{"item":{"contents":[{"Left":"Codata.Conat.Conat"},[{"contents":[{"Left":"Agda.Builtin.Size.∞"},[]],"tag":"App"}]],"tag":"App"},"name":"_"},{"contents":"Set","tag":"Sort"}],"tag":"Pi"},"reduced":null,"simplified":null}},"name":"Codata.Conat.Finite"},{"item":{"pretty":"Finite zero","thing":{"normalised":null,"original":{"contents":[{"Left":"Codata.Conat.Finite"},[{"contents":[{"Left":"Codata.Conat.Conat.zero"},[]],"tag":"App"}]],"tag":"App"},"reduced":null,"simplified":null}},"name":"Codata.Conat.Finite.zero"},{"item":{"pretty":"{n : Codata.Thunk.Thunk Conat Agda.Builtin.Size.∞} →\nFinite (n .Codata.Thunk.Thunk.force) → Finite (suc n)","thing":{"normalised":null,"original":{"contents":[{"item":{"contents":[{"Left":"Codata.Thunk.Thunk"},[{"contents":"lzero","tag":"Level"},{"contents":[{"Left":"Codata.Conat.Conat"},[]],"tag":"App"},{"contents":[{"Left":"Agda.Builtin.Size.∞"},[]],"tag":"App"}]],"tag":"App"},"name":"n"},{"contents":[{"item":{"contents":[{"Left":"Codata.Conat.Finite"},[{"contents":[{"Right":0},[{"contents":[{"Left":"Codata.Thunk.Thunk.force"},[]],"tag":"App"},{"contents":[{"Left":"Agda.Builtin.Size.∞"},[]],"tag":"App"}]],"tag":"App"}]],"tag":"App"},"name":"_"},{"contents":[{"Left":"Codata.Conat.Finite"},[{"contents":[{"Left":"Codata.Conat.Conat.suc"},[{"contents":[{"Right":0},[]],"tag":"App"}]],"tag":"App"}]],"tag":"App"}],"tag":"Pi"}],"tag":"Pi"},"reduced":null,"simplified":null}},"name":"Codata.Conat.Finite.suc"},{"item":{"pretty":"{n : Conat Agda.Builtin.Size.∞} → Finite n → Agda.Builtin.Nat.Nat","thing":{"normalised":null,"original":{"contents":[{"item":{"contents":[{"Left":"Codata.Conat.Conat"},[{"contents":[{"Left":"Agda.Builtin.Size.∞"},[]],"tag":"App"}]],"tag":"App"},"name":"n"},{"contents":[{"item":{"contents":[{"Left":"Codata.Conat.Finite"},[{"contents":[{"Right":0},[]],"tag":"App"}]],"tag":"App"},"name":"_"},{"contents":[{"Left":"Agda.Builtin.Nat.Nat"},[]],"tag":"App"}],"tag":"Pi"}],"tag":"Pi"},"reduced":null,"simplified":null}},"name":"Codata.Conat.toℕ"},{"item":{"pretty":"Relation.Nullary.¬ Finite infinity","thing":{"normalised":{"contents":[{"item":{"contents":[{"Left":"Codata.Conat.Finite"},[{"contents":[{"Left":"Codata.Conat.Conat.suc"},[{"contents":[{"Left":"Codata.Conat..extendedlambda0"},[{"contents":[{"Left":"Agda.Builtin.Size.∞"},[]],"tag":"App"}]],"tag":"App"}]],"tag":"App"}]],"tag":"App"},"name":"_"},{"contents":[{"Left":"Data.Empty.⊥"},[]],"tag":"App"}],"tag":"Pi"},"original":{"contents":[{"Left":"Relation.Nullary.¬_"},[{"contents":"lzero","tag":"Level"},{"contents":[{"Left":"Codata.Conat.Finite"},[{"contents":[{"Left":"Codata.Conat.infinity"},[{"contents":[{"Left":"Agda.Builtin.Size.∞"},[]],"tag":"App"}]],"tag":"App"}]],"tag":"App"}]],"tag":"App"},"reduced":{"contents":[{"item":{"contents":[{"Left":"Codata.Conat.Finite"},[{"contents":[{"Left":"Codata.Conat.infinity"},[{"contents":[{"Left":"Agda.Builtin.Size.∞"},[]],"tag":"App"}]],"tag":"App"}]],"tag":"App"},"name":"_"},{"contents":[{"Left":"Data.Empty.⊥"},[]],"tag":"App"}],"tag":"Pi"},"simplified":null}},"name":"Codata.Conat.¬Finite∞"},{"item":{"pretty":"Agda.Builtin.Nat.Nat → Conat Agda.Builtin.Size.∞ → Set","thing":{"normalised":null,"original":{"contents":[{"item":{"contents":[{"Left":"Agda.Builtin.Nat.Nat"},[]],"tag":"App"},"name":"_"},{"contents":[{"item":{"contents":[{"Left":"Codata.Conat.Conat"},[{"contents":[{"Left":"Agda.Builtin.Size.∞"},[]],"tag":"App"}]],"tag":"App"},"name":"_"},{"contents":"Set","tag":"Sort"}],"tag":"Pi"}],"tag":"Pi"},"reduced":null,"simplified":null}},"name":"Codata.Conat._ℕ≤_"},{"item":{"pretty":"{n : Conat Agda.Builtin.Size.∞} → Agda.Builtin.Nat.Nat.zero ℕ≤ n","thing":{"normalised":{"contents":[{"item":{"contents":[{"Left":"Codata.Conat.Conat"},[{"contents":[{"Left":"Agda.Builtin.Size.∞"},[]],"tag":"App"}]],"tag":"App"},"name":"n"},{"contents":[{"Left":"Codata.Conat._ℕ≤_"},[{"contents":"0","tag":"Lit"},{"contents":[{"Right":0},[]],"tag":"App"}]],"tag":"App"}],"tag":"Pi"},"original":{"contents":[{"item":{"contents":[{"Left":"Codata.Conat.Conat"},[{"contents":[{"Left":"Agda.Builtin.Size.∞"},[]],"tag":"App"}]],"tag":"App"},"name":"n"},{"contents":[{"Left":"Codata.Conat._ℕ≤_"},[{"contents":[{"Left":"Agda.Builtin.Nat.Nat.zero"},[]],"tag":"App"},{"contents":[{"Right":0},[]],"tag":"App"}]],"tag":"App"}],"tag":"Pi"},"reduced":null,"simplified":null}},"name":"Codata.Conat._ℕ≤_.zℕ≤n"},{"item":{"pretty":"{k : Agda.Builtin.Nat.Nat}\n{n : Codata.Thunk.Thunk Conat Agda.Builtin.Size.∞} →\nk ℕ≤ n .Codata.Thunk.Thunk.force →\nAgda.Builtin.Nat.Nat.suc k ℕ≤ suc n","thing":{"normalised":null,"original":{"contents":[{"item":{"contents":[{"Left":"Agda.Builtin.Nat.Nat"},[]],"tag":"App"},"name":"k"},{"contents":[{"item":{"contents":[{"Left":"Codata.Thunk.Thunk"},[{"contents":"lzero","tag":"Level"},{"contents":[{"Left":"Codata.Conat.Conat"},[]],"tag":"App"},{"contents":[{"Left":"Agda.Builtin.Size.∞"},[]],"tag":"App"}]],"tag":"App"},"name":"n"},{"contents":[{"item":{"contents":[{"Left":"Codata.Conat._ℕ≤_"},[{"contents":[{"Right":1},[]],"tag":"App"},{"contents":[{"Right":0},[{"contents":[{"Left":"Codata.Thunk.Thunk.force"},[]],"tag":"App"},{"contents":[{"Left":"Agda.Builtin.Size.∞"},[]],"tag":"App"}]],"tag":"App"}]],"tag":"App"},"name":"_"},{"contents":[{"Left":"Codata.Conat._ℕ≤_"},[{"contents":[{"Left":"Agda.Builtin.Nat.Nat.suc"},[{"contents":[{"Right":1},[]],"tag":"App"}]],"tag":"App"},{"contents":[{"Left":"Codata.Conat.Conat.suc"},[{"contents":[{"Right":0},[]],"tag":"App"}]],"tag":"App"}]],"tag":"App"}],"tag":"Pi"}],"tag":"Pi"}],"tag":"Pi"},"reduced":null,"simplified":null}},"name":"Codata.Conat._ℕ≤_.sℕ≤s"},{"item":{"pretty":"Agda.Builtin.Nat.Nat → Conat Agda.Builtin.Size.∞ → Set","thing":{"normalised":null,"original":{"contents":[{"item":{"contents":[{"Left":"Agda.Builtin.Nat.Nat"},[]],"tag":"App"},"name":"_"},{"contents":[{"item":{"contents":[{"Left":"Codata.Conat.Conat"},[{"contents":[{"Left":"Agda.Builtin.Size.∞"},[]],"tag":"App"}]],"tag":"App"},"name":"_"},{"contents":"Set","tag":"Sort"}],"tag":"Pi"}],"tag":"Pi"},"reduced":null,"simplified":null}},"name":"Codata.Conat._ℕ<_"},{"item":{"pretty":"(k : Agda.Builtin.Nat.Nat) → k ℕ≤ infinity","thing":{"normalised":{"contents":[{"item":{"contents":[{"Left":"Agda.Builtin.Nat.Nat"},[]],"tag":"App"},"name":"k"},{"contents":[{"Left":"Codata.Conat._ℕ≤_"},[{"contents":[{"Right":0},[]],"tag":"App"},{"contents":[{"Left":"Codata.Conat.Conat.suc"},[{"contents":[{"Left":"Codata.Conat..extendedlambda0"},[{"contents":[{"Left":"Agda.Builtin.Size.∞"},[]],"tag":"App"}]],"tag":"App"}]],"tag":"App"}]],"tag":"App"}],"tag":"Pi"},"original":{"contents":[{"item":{"contents":[{"Left":"Agda.Builtin.Nat.Nat"},[]],"tag":"App"},"name":"k"},{"contents":[{"Left":"Codata.Conat._ℕ≤_"},[{"contents":[{"Right":0},[]],"tag":"App"},{"contents":[{"Left":"Codata.Conat.infinity"},[{"contents":[{"Left":"Agda.Builtin.Size.∞"},[]],"tag":"App"}]],"tag":"App"}]],"tag":"App"}],"tag":"Pi"},"reduced":null,"simplified":null}},"name":"Codata.Conat._ℕ≤infinity"}],"name":"Codata.Conat.Literals"},"samples":[{"ctx":{"pretty":"{i : Agda.Builtin.Size.Size}","thing":[{"item":{"contents":[{"Left":"Agda.Builtin.Size.Size"},[]],"tag":"App"},"name":"i"}]},"goal":{"pretty":"Agda.Builtin.Nat.Nat → Set","thing":{"normalised":{"contents":[{"item":{"contents":[{"Left":"Agda.Builtin.Nat.Nat"},[]],"tag":"App"},"name":"_"},{"contents":"Set","tag":"Sort"}],"tag":"Pi"},"original":{"contents":[{"item":{"contents":[{"Left":"Agda.Builtin.Nat.Nat"},[]],"tag":"App"},"name":"_"},{"contents":"Set lzero","tag":"Sort"}],"tag":"Pi"},"reduced":null,"simplified":{"contents":[{"item":{"contents":[{"Left":"Agda.Builtin.Nat.Nat"},[]],"tag":"App"},"name":"_"},{"contents":"Set","tag":"Sort"}],"tag":"Pi"}}},"term":{"pretty":"λ _ → ⊤","thing":{"normalised":null,"original":{"contents":{"item":{"contents":[{"Left":"Agda.Builtin.Unit.⊤"},[]],"tag":"App"},"name":"_"},"tag":"Lam"},"reduced":null,"simplified":null}},"namesUsed":["Agda.Builtin.Unit.⊤"]},{"ctx":{"pretty":"{i : Agda.Builtin.Size.Size} (x : Agda.Builtin.Nat.Nat)","thing":[{"item":{"contents":[{"Left":"Agda.Builtin.Size.Size"},[]],"tag":"App"},"name":"i"},{"item":{"contents":[{"Left":"Agda.Builtin.Nat.Nat"},[]],"tag":"App"},"name":"x"}]},"goal":{"pretty":"Set","thing":{"normalised":{"contents":"Set","tag":"Sort"},"original":{"contents":"Set lzero","tag":"Sort"},"reduced":null,"simplified":{"contents":"Set","tag":"Sort"}}},"term":{"pretty":"⊤","thing":{"normalised":null,"original":{"contents":[{"Left":"Agda.Builtin.Unit.⊤"},[]],"tag":"App"},"reduced":null,"simplified":null}},"namesUsed":["Agda.Builtin.Unit.⊤"]},{"ctx":{"pretty":"{i : Agda.Builtin.Size.Size}","thing":[{"item":{"contents":[{"Left":"Agda.Builtin.Size.Size"},[]],"tag":"App"},"name":"i"}]},"goal":{"pretty":"(n : Agda.Builtin.Nat.Nat) ⦃ _ : ⊤ ⦄ → Conat i","thing":{"normalised":null,"original":{"contents":[{"item":{"contents":[{"Left":"Agda.Builtin.Nat.Nat"},[]],"tag":"App"},"name":"n"},{"contents":[{"item":{"contents":[{"Left":"Agda.Builtin.Unit.⊤"},[]],"tag":"App"},"name":"_"},{"contents":[{"Left":"Codata.Conat.Conat"},[{"contents":[{"Right":1},[]],"tag":"App"}]],"tag":"App"}],"tag":"Pi"}],"tag":"Pi"},"reduced":null,"simplified":null}},"term":{"pretty":"λ n ⦃ _ ⦄ → fromℕ n","thing":{"normalised":null,"original":{"contents":{"item":{"contents":{"item":{"contents":[{"Left":"Codata.Conat.fromℕ"},[{"contents":[{"Right":1},[]],"tag":"App"}]],"tag":"App"},"name":"_"},"tag":"Lam"},"name":"n"},"tag":"Lam"},"reduced":null,"simplified":null}},"namesUsed":["Codata.Conat.fromℕ"]},{"ctx":{"pretty":"{i = i₁ : Agda.Builtin.Size.Size} (n : Agda.Builtin.Nat.Nat)","thing":[{"item":{"contents":[{"Left":"Agda.Builtin.Size.Size"},[]],"tag":"App"},"name":"i"},{"item":{"contents":[{"Left":"Agda.Builtin.Nat.Nat"},[]],"tag":"App"},"name":"n"}]},"goal":{"pretty":"⦃ _ : ⊤ ⦄ → Conat i","thing":{"normalised":null,"original":{"contents":[{"item":{"contents":[{"Left":"Agda.Builtin.Unit.⊤"},[]],"tag":"App"},"name":"_"},{"contents":[{"Left":"Codata.Conat.Conat"},[{"contents":[{"Right":1},[]],"tag":"App"}]],"tag":"App"}],"tag":"Pi"},"reduced":null,"simplified":null}},"term":{"pretty":"λ ⦃ _ ⦄ → fromℕ n","thing":{"normalised":null,"original":{"contents":{"item":{"contents":[{"Left":"Codata.Conat.fromℕ"},[{"contents":[{"Right":1},[]],"tag":"App"}]],"tag":"App"},"name":"_"},"tag":"Lam"},"reduced":null,"simplified":null}},"namesUsed":["Codata.Conat.fromℕ"]},{"ctx":{"pretty":"{i = i₁ : Agda.Builtin.Size.Size} (n₁ : Agda.Builtin.Nat.Nat)\n⦃ _ = x : ⊤ ⦄","thing":[{"item":{"contents":[{"Left":"Agda.Builtin.Size.Size"},[]],"tag":"App"},"name":"i"},{"item":{"contents":[{"Left":"Agda.Builtin.Nat.Nat"},[]],"tag":"App"},"name":"n"},{"item":{"contents":[{"Left":"Agda.Builtin.Unit.⊤"},[]],"tag":"App"},"name":"x"}]},"goal":{"pretty":"Conat i","thing":{"normalised":null,"original":{"contents":[{"Left":"Codata.Conat.Conat"},[{"contents":[{"Right":2},[]],"tag":"App"}]],"tag":"App"},"reduced":null,"simplified":null}},"term":{"pretty":"fromℕ n","thing":{"normalised":null,"original":{"contents":[{"Left":"Codata.Conat.fromℕ"},[{"contents":[{"Right":1},[]],"tag":"App"}]],"tag":"App"},"reduced":null,"simplified":null}},"namesUsed":["Codata.Conat.fromℕ"]}]}