{"scope":{"item":[{"item":{"pretty":"Tree (List String) (List String) → List String","thing":{"normalised":null,"original":{"contents":[{"item":{"contents":[{"Left":"Data.Tree.Binary.Tree"},[{"contents":"lzero","tag":"Level"},{"contents":"lzero","tag":"Level"},{"contents":[{"Left":"Agda.Builtin.List.List"},[{"contents":"lzero","tag":"Level"},{"contents":[{"Left":"Agda.Builtin.String.String"},[]],"tag":"App"}]],"tag":"App"},{"contents":[{"Left":"Agda.Builtin.List.List"},[{"contents":"lzero","tag":"Level"},{"contents":[{"Left":"Agda.Builtin.String.String"},[]],"tag":"App"}]],"tag":"App"}]],"tag":"App"},"name":"_"},{"contents":[{"Left":"Agda.Builtin.List.List"},[{"contents":"lzero","tag":"Level"},{"contents":[{"Left":"Agda.Builtin.String.String"},[]],"tag":"App"}]],"tag":"App"}],"tag":"Pi"},"reduced":null,"simplified":null}},"name":"Data.Tree.Binary.Show.display"},{"item":{"pretty":"{N.a : Level} {N : Set N.a} {L.a : Level} {L : Set L.a} →\n(N → List String) → (L → List String) → Tree N L → List String","thing":{"normalised":null,"original":{"contents":[{"item":{"contents":[{"Left":"Agda.Primitive.Level"},[]],"tag":"App"},"name":"N.a"},{"contents":[{"item":{"contents":"Set @0","tag":"Sort"},"name":"N"},{"contents":[{"item":{"contents":[{"Left":"Agda.Primitive.Level"},[]],"tag":"App"},"name":"L.a"},{"contents":[{"item":{"contents":"Set @0","tag":"Sort"},"name":"L"},{"contents":[{"item":{"contents":[{"item":{"contents":[{"Right":2},[]],"tag":"App"},"name":"_"},{"contents":[{"Left":"Agda.Builtin.List.List"},[{"contents":"lzero","tag":"Level"},{"contents":[{"Left":"Agda.Builtin.String.String"},[]],"tag":"App"}]],"tag":"App"}],"tag":"Pi"},"name":"_"},{"contents":[{"item":{"contents":[{"item":{"contents":[{"Right":0},[]],"tag":"App"},"name":"_"},{"contents":[{"Left":"Agda.Builtin.List.List"},[{"contents":"lzero","tag":"Level"},{"contents":[{"Left":"Agda.Builtin.String.String"},[]],"tag":"App"}]],"tag":"App"}],"tag":"Pi"},"name":"_"},{"contents":[{"item":{"contents":[{"Left":"Data.Tree.Binary.Tree"},[{"contents":[{"Right":3},[]],"tag":"App"},{"contents":[{"Right":1},[]],"tag":"App"},{"contents":[{"Right":2},[]],"tag":"App"},{"contents":[{"Right":0},[]],"tag":"App"}]],"tag":"App"},"name":"_"},{"contents":[{"Left":"Agda.Builtin.List.List"},[{"contents":"lzero","tag":"Level"},{"contents":[{"Left":"Agda.Builtin.String.String"},[]],"tag":"App"}]],"tag":"App"}],"tag":"Pi"}],"tag":"Pi"}],"tag":"Pi"}],"tag":"Pi"}],"tag":"Pi"}],"tag":"Pi"}],"tag":"Pi"},"reduced":null,"simplified":null}},"name":"Data.Tree.Binary.Show.show"},{"item":{"pretty":"{N.a : Level} {N : Set N.a} {L.a : Level} {L : Set L.a} →\n(N → String) → (L → String) → Tree N L → List String","thing":{"normalised":null,"original":{"contents":[{"item":{"contents":[{"Left":"Agda.Primitive.Level"},[]],"tag":"App"},"name":"N.a"},{"contents":[{"item":{"contents":"Set @0","tag":"Sort"},"name":"N"},{"contents":[{"item":{"contents":[{"Left":"Agda.Primitive.Level"},[]],"tag":"App"},"name":"L.a"},{"contents":[{"item":{"contents":"Set @0","tag":"Sort"},"name":"L"},{"contents":[{"item":{"contents":[{"item":{"contents":[{"Right":2},[]],"tag":"App"},"name":"_"},{"contents":[{"Left":"Agda.Builtin.String.String"},[]],"tag":"App"}],"tag":"Pi"},"name":"_"},{"contents":[{"item":{"contents":[{"item":{"contents":[{"Right":0},[]],"tag":"App"},"name":"_"},{"contents":[{"Left":"Agda.Builtin.String.String"},[]],"tag":"App"}],"tag":"Pi"},"name":"_"},{"contents":[{"item":{"contents":[{"Left":"Data.Tree.Binary.Tree"},[{"contents":[{"Right":3},[]],"tag":"App"},{"contents":[{"Right":1},[]],"tag":"App"},{"contents":[{"Right":2},[]],"tag":"App"},{"contents":[{"Right":0},[]],"tag":"App"}]],"tag":"App"},"name":"_"},{"contents":[{"Left":"Agda.Builtin.List.List"},[{"contents":"lzero","tag":"Level"},{"contents":[{"Left":"Agda.Builtin.String.String"},[]],"tag":"App"}]],"tag":"App"}],"tag":"Pi"}],"tag":"Pi"}],"tag":"Pi"}],"tag":"Pi"}],"tag":"Pi"}],"tag":"Pi"}],"tag":"Pi"},"reduced":null,"simplified":null}},"name":"Data.Tree.Binary.Show.showSimple"}],"name":"Data.Tree.Binary.Show"},"samples":[{"ctx":{"pretty":"{N.a : Level} {N : Set N.a} {L.a : Level} {L : Set L.a}\n(nodeStr : N → List String) (leafStr : L → List String)","thing":[{"item":{"contents":[{"Left":"Agda.Primitive.Level"},[]],"tag":"App"},"name":"N.a"},{"item":{"contents":"Set @0","tag":"Sort"},"name":"N"},{"item":{"contents":[{"Left":"Agda.Primitive.Level"},[]],"tag":"App"},"name":"L.a"},{"item":{"contents":"Set @0","tag":"Sort"},"name":"L"},{"item":{"contents":[{"item":{"contents":[{"Right":2},[]],"tag":"App"},"name":"_"},{"contents":[{"Left":"Agda.Builtin.List.List"},[{"contents":"lzero","tag":"Level"},{"contents":[{"Left":"Agda.Builtin.String.String"},[]],"tag":"App"}]],"tag":"App"}],"tag":"Pi"},"name":"nodeStr"},{"item":{"contents":[{"item":{"contents":[{"Right":1},[]],"tag":"App"},"name":"_"},{"contents":[{"Left":"Agda.Builtin.List.List"},[{"contents":"lzero","tag":"Level"},{"contents":[{"Left":"Agda.Builtin.String.String"},[]],"tag":"App"}]],"tag":"App"}],"tag":"Pi"},"name":"leafStr"}]},"goal":{"pretty":"Tree (List String) (List String) → List String","thing":{"normalised":null,"original":{"contents":[{"item":{"contents":[{"Left":"Data.Tree.Binary.Tree"},[{"contents":"lzero","tag":"Level"},{"contents":"lzero","tag":"Level"},{"contents":[{"Left":"Agda.Builtin.List.List"},[{"contents":"lzero","tag":"Level"},{"contents":[{"Left":"Agda.Builtin.String.String"},[]],"tag":"App"}]],"tag":"App"},{"contents":[{"Left":"Agda.Builtin.List.List"},[{"contents":"lzero","tag":"Level"},{"contents":[{"Left":"Agda.Builtin.String.String"},[]],"tag":"App"}]],"tag":"App"}]],"tag":"App"},"name":"_"},{"contents":[{"Left":"Agda.Builtin.List.List"},[{"contents":"lzero","tag":"Level"},{"contents":[{"Left":"Agda.Builtin.String.String"},[]],"tag":"App"}]],"tag":"App"}],"tag":"Pi"},"reduced":null,"simplified":null}},"term":{"pretty":"display","thing":{"normalised":{"contents":{"item":{"contents":[{"Left":"Data.Tree.Rose.Show._.go"},[{"contents":[{"Left":"Agda.Builtin.Size.∞"},[]],"tag":"App"},{"contents":[{"Left":"Data.Tree.Rose._.fromBinary"},[{"contents":"lzero","tag":"Level"},{"contents":[{"Left":"Agda.Builtin.List.List"},[{"contents":"lzero","tag":"Level"},{"contents":[{"Left":"Agda.Builtin.String.String"},[]],"tag":"App"}]],"tag":"App"},{"contents":"lzero","tag":"Level"},{"contents":[{"Left":"Agda.Builtin.List.List"},[{"contents":"lzero","tag":"Level"},{"contents":[{"Left":"Agda.Builtin.String.String"},[]],"tag":"App"}]],"tag":"App"},{"contents":"lzero","tag":"Level"},{"contents":[{"Left":"Agda.Builtin.List.List"},[{"contents":"lzero","tag":"Level"},{"contents":[{"Left":"Agda.Builtin.String.String"},[]],"tag":"App"}]],"tag":"App"},{"contents":{"item":{"contents":[{"Right":0},[]],"tag":"App"},"name":"x"},"tag":"Lam"},{"contents":{"item":{"contents":[{"Right":0},[]],"tag":"App"},"name":"x"},"tag":"Lam"},{"contents":[{"Right":0},[]],"tag":"App"}]],"tag":"App"},{"contents":[{"Left":"Agda.Builtin.Size.∞"},[]],"tag":"App"},{"contents":[{"Left":"Agda.Builtin.List.List._∷_"},[{"contents":[{"Left":"Agda.Builtin.Sigma._,_"},[{"contents":[{"Left":"Agda.Builtin.List.List.[]"},[]],"tag":"App"},{"contents":[{"Left":"Data.Tree.Rose._.fromBinary"},[{"contents":"lzero","tag":"Level"},{"contents":[{"Left":"Agda.Builtin.List.List"},[{"contents":"lzero","tag":"Level"},{"contents":[{"Left":"Agda.Builtin.String.String"},[]],"tag":"App"}]],"tag":"App"},{"contents":"lzero","tag":"Level"},{"contents":[{"Left":"Agda.Builtin.List.List"},[{"contents":"lzero","tag":"Level"},{"contents":[{"Left":"Agda.Builtin.String.String"},[]],"tag":"App"}]],"tag":"App"},{"contents":"lzero","tag":"Level"},{"contents":[{"Left":"Agda.Builtin.List.List"},[{"contents":"lzero","tag":"Level"},{"contents":[{"Left":"Agda.Builtin.String.String"},[]],"tag":"App"}]],"tag":"App"},{"contents":{"item":{"contents":[{"Right":0},[]],"tag":"App"},"name":"x"},"tag":"Lam"},{"contents":{"item":{"contents":[{"Right":0},[]],"tag":"App"},"name":"x"},"tag":"Lam"},{"contents":[{"Right":0},[]],"tag":"App"}]],"tag":"App"}]],"tag":"App"},{"contents":[{"Left":"Agda.Builtin.List.List.[]"},[]],"tag":"App"}]],"tag":"App"},{"contents":[{"Left":"Agda.Builtin.List.List.[]"},[]],"tag":"App"}]],"tag":"App"},"name":"x"},"tag":"Lam"},"original":{"contents":[{"Left":"Data.Tree.Binary.Show.display"},[]],"tag":"App"},"reduced":{"contents":{"item":{"contents":[{"Left":"Data.Tree.Rose.Show.display"},[{"contents":[{"Left":"Agda.Builtin.Size.∞"},[]],"tag":"App"},{"contents":[{"Left":"Data.Tree.Rose._.fromBinary"},[{"contents":"lzero","tag":"Level"},{"contents":[{"Left":"Agda.Builtin.List.List"},[{"contents":"lzero","tag":"Level"},{"contents":[{"Left":"Agda.Builtin.String.String"},[]],"tag":"App"}]],"tag":"App"},{"contents":"lzero","tag":"Level"},{"contents":[{"Left":"Agda.Builtin.List.List"},[{"contents":"lzero","tag":"Level"},{"contents":[{"Left":"Agda.Builtin.String.String"},[]],"tag":"App"}]],"tag":"App"},{"contents":"lzero","tag":"Level"},{"contents":[{"Left":"Agda.Builtin.List.List"},[{"contents":"lzero","tag":"Level"},{"contents":[{"Left":"Agda.Builtin.String.String"},[]],"tag":"App"}]],"tag":"App"},{"contents":[{"Left":"Function.Base.id"},[{"contents":"lzero","tag":"Level"},{"contents":[{"Left":"Agda.Builtin.List.List"},[{"contents":"lzero","tag":"Level"},{"contents":[{"Left":"Agda.Builtin.String.String"},[]],"tag":"App"}]],"tag":"App"}]],"tag":"App"},{"contents":[{"Left":"Function.Base.id"},[{"contents":"lzero","tag":"Level"},{"contents":[{"Left":"Agda.Builtin.List.List"},[{"contents":"lzero","tag":"Level"},{"contents":[{"Left":"Agda.Builtin.String.String"},[]],"tag":"App"}]],"tag":"App"}]],"tag":"App"},{"contents":[{"Right":0},[]],"tag":"App"}]],"tag":"App"}]],"tag":"App"},"name":"x"},"tag":"Lam"},"simplified":null}},"namesUsed":["Data.Tree.Binary.Show.display"]}]}