{"scope":{"item":[{"item":{"pretty":"{n : ℕ} → WellFounded _<_","thing":{"normalised":{"contents":[{"item":{"contents":[{"Left":"Agda.Builtin.Nat.Nat"},[]],"tag":"App"},"name":"n"},{"contents":[{"item":{"contents":[{"Left":"Data.Fin.Base.Fin"},[{"contents":[{"Right":0},[]],"tag":"App"}]],"tag":"App"},"name":"x"},{"contents":[{"Left":"Induction.WellFounded.Acc"},[{"contents":"lzero","tag":"Level"},{"contents":"lzero","tag":"Level"},{"contents":[{"Left":"Data.Fin.Base.Fin"},[{"contents":[{"Right":1},[]],"tag":"App"}]],"tag":"App"},{"contents":{"item":{"contents":{"item":{"contents":[{"Left":"Data.Nat.Base._≤_"},[{"contents":[{"Left":"Agda.Builtin.Nat.Nat.suc"},[{"contents":[{"Left":"Data.Fin.Base.toℕ"},[{"contents":[{"Right":3},[]],"tag":"App"},{"contents":[{"Right":1},[]],"tag":"App"}]],"tag":"App"}]],"tag":"App"},{"contents":[{"Left":"Data.Fin.Base.toℕ"},[{"contents":[{"Right":3},[]],"tag":"App"},{"contents":[{"Right":0},[]],"tag":"App"}]],"tag":"App"}]],"tag":"App"},"name":"y"},"tag":"Lam"},"name":"x"},"tag":"Lam"},{"contents":[{"Right":0},[]],"tag":"App"}]],"tag":"App"}],"tag":"Pi"}],"tag":"Pi"},"original":{"contents":[{"item":{"contents":[{"Left":"Agda.Builtin.Nat.Nat"},[]],"tag":"App"},"name":"n"},{"contents":[{"Left":"Induction.WellFounded.WellFounded"},[{"contents":"lzero","tag":"Level"},{"contents":[{"Left":"Data.Fin.Base.Fin"},[{"contents":[{"Right":0},[]],"tag":"App"}]],"tag":"App"},{"contents":"lzero","tag":"Level"},{"contents":[{"Left":"Data.Fin.Base._<_"},[{"contents":[{"Right":0},[]],"tag":"App"}]],"tag":"App"}]],"tag":"App"}],"tag":"Pi"},"reduced":null,"simplified":null}},"name":"Data.Fin.Induction.<-wellFounded"},{"item":{"pretty":"{n : ℕ} {ℓ : Level} (P : Pred (Fin (suc n)) ℓ) →\nP zero →\n((i : Fin n) → P (inject₁ i) → P (suc i)) → (i : Fin (suc n)) → P i","thing":{"normalised":{"contents":[{"item":{"contents":[{"Left":"Agda.Builtin.Nat.Nat"},[]],"tag":"App"},"name":"n"},{"contents":[{"item":{"contents":[{"Left":"Agda.Primitive.Level"},[]],"tag":"App"},"name":"ℓ"},{"contents":[{"item":{"contents":[{"item":{"contents":[{"Left":"Data.Fin.Base.Fin"},[{"contents":[{"Left":"Agda.Builtin.Nat.Nat.suc"},[{"contents":[{"Right":1},[]],"tag":"App"}]],"tag":"App"}]],"tag":"App"},"name":"_"},{"contents":"Set @0","tag":"Sort"}],"tag":"Pi"},"name":"P"},{"contents":[{"item":{"contents":[{"Right":0},[{"contents":[{"Left":"Data.Fin.Base.Fin.zero"},[{"contents":[{"Right":2},[]],"tag":"App"}]],"tag":"App"}]],"tag":"App"},"name":"_"},{"contents":[{"item":{"contents":[{"item":{"contents":[{"Left":"Data.Fin.Base.Fin"},[{"contents":[{"Right":2},[]],"tag":"App"}]],"tag":"App"},"name":"i"},{"contents":[{"item":{"contents":[{"Right":1},[{"contents":[{"Left":"Data.Fin.Base.inject₁"},[{"contents":[{"Right":3},[]],"tag":"App"},{"contents":[{"Right":0},[]],"tag":"App"}]],"tag":"App"}]],"tag":"App"},"name":"_"},{"contents":[{"Right":1},[{"contents":[{"Left":"Data.Fin.Base.Fin.suc"},[{"contents":[{"Right":3},[]],"tag":"App"},{"contents":[{"Right":0},[]],"tag":"App"}]],"tag":"App"}]],"tag":"App"}],"tag":"Pi"}],"tag":"Pi"},"name":"_"},{"contents":[{"item":{"contents":[{"Left":"Data.Fin.Base.Fin"},[{"contents":[{"Left":"Agda.Builtin.Nat.Nat.suc"},[{"contents":[{"Right":2},[]],"tag":"App"}]],"tag":"App"}]],"tag":"App"},"name":"i"},{"contents":[{"Right":1},[{"contents":[{"Right":0},[]],"tag":"App"}]],"tag":"App"}],"tag":"Pi"}],"tag":"Pi"}],"tag":"Pi"}],"tag":"Pi"}],"tag":"Pi"}],"tag":"Pi"},"original":{"contents":[{"item":{"contents":[{"Left":"Agda.Builtin.Nat.Nat"},[]],"tag":"App"},"name":"n"},{"contents":[{"item":{"contents":[{"Left":"Agda.Primitive.Level"},[]],"tag":"App"},"name":"ℓ"},{"contents":[{"item":{"contents":[{"Left":"Relation.Unary.Pred"},[{"contents":"lzero","tag":"Level"},{"contents":[{"Left":"Data.Fin.Base.Fin"},[{"contents":[{"Left":"Agda.Builtin.Nat.Nat.suc"},[{"contents":[{"Right":1},[]],"tag":"App"}]],"tag":"App"}]],"tag":"App"},{"contents":[{"Right":0},[]],"tag":"App"}]],"tag":"App"},"name":"P"},{"contents":[{"item":{"contents":[{"Right":0},[{"contents":[{"Left":"Data.Fin.Base.Fin.zero"},[{"contents":[{"Right":2},[]],"tag":"App"}]],"tag":"App"}]],"tag":"App"},"name":"_"},{"contents":[{"item":{"contents":[{"item":{"contents":[{"Left":"Data.Fin.Base.Fin"},[{"contents":[{"Right":2},[]],"tag":"App"}]],"tag":"App"},"name":"i"},{"contents":[{"item":{"contents":[{"Right":1},[{"contents":[{"Left":"Data.Fin.Base.inject₁"},[{"contents":[{"Right":3},[]],"tag":"App"},{"contents":[{"Right":0},[]],"tag":"App"}]],"tag":"App"}]],"tag":"App"},"name":"_"},{"contents":[{"Right":1},[{"contents":[{"Left":"Data.Fin.Base.Fin.suc"},[{"contents":[{"Right":3},[]],"tag":"App"},{"contents":[{"Right":0},[]],"tag":"App"}]],"tag":"App"}]],"tag":"App"}],"tag":"Pi"}],"tag":"Pi"},"name":"_"},{"contents":[{"item":{"contents":[{"Left":"Data.Fin.Base.Fin"},[{"contents":[{"Left":"Agda.Builtin.Nat.Nat.suc"},[{"contents":[{"Right":2},[]],"tag":"App"}]],"tag":"App"}]],"tag":"App"},"name":"i"},{"contents":[{"Right":1},[{"contents":[{"Right":0},[]],"tag":"App"}]],"tag":"App"}],"tag":"Pi"}],"tag":"Pi"}],"tag":"Pi"}],"tag":"Pi"}],"tag":"Pi"}],"tag":"Pi"},"reduced":null,"simplified":null}},"name":"Data.Fin.Induction.<-weakInduction"},{"item":{"pretty":"{a ℓ : Level} {A : Set a} →\nRelation.Binary.Core.Rel A ℓ → A → Set (a Level.⊔ ℓ)","thing":{"normalised":{"contents":[{"item":{"contents":[{"Left":"Agda.Primitive.Level"},[]],"tag":"App"},"name":"a"},{"contents":[{"item":{"contents":[{"Left":"Agda.Primitive.Level"},[]],"tag":"App"},"name":"ℓ"},{"contents":[{"item":{"contents":"Set @1","tag":"Sort"},"name":"A"},{"contents":[{"item":{"contents":[{"item":{"contents":[{"Right":0},[]],"tag":"App"},"name":"_"},{"contents":[{"item":{"contents":[{"Right":0},[]],"tag":"App"},"name":"_"},{"contents":"Set @1","tag":"Sort"}],"tag":"Pi"}],"tag":"Pi"},"name":"_<_"},{"contents":[{"item":{"contents":[{"Right":0},[]],"tag":"App"},"name":"x"},{"contents":"Set (lub @2 @1)","tag":"Sort"}],"tag":"Pi"}],"tag":"Pi"}],"tag":"Pi"}],"tag":"Pi"}],"tag":"Pi"},"original":{"contents":[{"item":{"contents":[{"Left":"Agda.Primitive.Level"},[]],"tag":"App"},"name":"a"},{"contents":[{"item":{"contents":[{"Left":"Agda.Primitive.Level"},[]],"tag":"App"},"name":"ℓ"},{"contents":[{"item":{"contents":"Set @1","tag":"Sort"},"name":"A"},{"contents":[{"item":{"contents":[{"Left":"Relation.Binary.Core.Rel"},[{"contents":[{"Right":2},[]],"tag":"App"},{"contents":[{"Right":0},[]],"tag":"App"},{"contents":[{"Right":1},[]],"tag":"App"}]],"tag":"App"},"name":"_<_"},{"contents":[{"item":{"contents":[{"Right":0},[]],"tag":"App"},"name":"x"},{"contents":"Set (lub @2 @1)","tag":"Sort"}],"tag":"Pi"}],"tag":"Pi"}],"tag":"Pi"}],"tag":"Pi"}],"tag":"Pi"},"reduced":null,"simplified":null}},"name":"Induction.WellFounded.Acc"},{"item":{"pretty":"{a ℓ : Level} {A : Set a}\n{_<_ = _<₁_ : Relation.Binary.Core.Rel A ℓ} {x : A} →\nWfRec _<₁_ (Acc _<₁_) x → Acc _<₁_ x","thing":{"normalised":{"contents":[{"item":{"contents":[{"Left":"Agda.Primitive.Level"},[]],"tag":"App"},"name":"a"},{"contents":[{"item":{"contents":[{"Left":"Agda.Primitive.Level"},[]],"tag":"App"},"name":"ℓ"},{"contents":[{"item":{"contents":"Set @1","tag":"Sort"},"name":"A"},{"contents":[{"item":{"contents":[{"item":{"contents":[{"Right":0},[]],"tag":"App"},"name":"_"},{"contents":[{"item":{"contents":[{"Right":0},[]],"tag":"App"},"name":"_"},{"contents":"Set @1","tag":"Sort"}],"tag":"Pi"}],"tag":"Pi"},"name":"_<_"},{"contents":[{"item":{"contents":[{"Right":1},[]],"tag":"App"},"name":"x"},{"contents":[{"item":{"contents":[{"item":{"contents":[{"Right":2},[]],"tag":"App"},"name":"y"},{"contents":[{"item":{"contents":[{"Right":2},[{"contents":[{"Right":0},[]],"tag":"App"},{"contents":[{"Right":1},[]],"tag":"App"}]],"tag":"App"},"name":"_"},{"contents":[{"Left":"Induction.WellFounded.Acc"},[{"contents":[{"Right":5},[]],"tag":"App"},{"contents":[{"Right":4},[]],"tag":"App"},{"contents":[{"Right":3},[]],"tag":"App"},{"contents":[{"Right":2},[]],"tag":"App"},{"contents":[{"Right":0},[]],"tag":"App"}]],"tag":"App"}],"tag":"Pi"}],"tag":"Pi"},"name":"rs"},{"contents":[{"Left":"Induction.WellFounded.Acc"},[{"contents":[{"Right":4},[]],"tag":"App"},{"contents":[{"Right":3},[]],"tag":"App"},{"contents":[{"Right":2},[]],"tag":"App"},{"contents":[{"Right":1},[]],"tag":"App"},{"contents":[{"Right":0},[]],"tag":"App"}]],"tag":"App"}],"tag":"Pi"}],"tag":"Pi"}],"tag":"Pi"}],"tag":"Pi"}],"tag":"Pi"}],"tag":"Pi"},"original":{"contents":[{"item":{"contents":[{"Left":"Agda.Primitive.Level"},[]],"tag":"App"},"name":"a"},{"contents":[{"item":{"contents":[{"Left":"Agda.Primitive.Level"},[]],"tag":"App"},"name":"ℓ"},{"contents":[{"item":{"contents":"Set @1","tag":"Sort"},"name":"A"},{"contents":[{"item":{"contents":[{"Left":"Relation.Binary.Core.Rel"},[{"contents":[{"Right":2},[]],"tag":"App"},{"contents":[{"Right":0},[]],"tag":"App"},{"contents":[{"Right":1},[]],"tag":"App"}]],"tag":"App"},"name":"_<_"},{"contents":[{"item":{"contents":[{"Right":1},[]],"tag":"App"},"name":"x"},{"contents":[{"item":{"contents":[{"Left":"Induction.WellFounded.WfRec"},[{"contents":[{"Right":4},[]],"tag":"App"},{"contents":[{"Right":2},[]],"tag":"App"},{"contents":[{"Right":3},[]],"tag":"App"},{"contents":[{"Right":1},[]],"tag":"App"},{"contents":"lub @4 @3","tag":"Level"},{"contents":[{"Left":"Induction.WellFounded.Acc"},[{"contents":[{"Right":4},[]],"tag":"App"},{"contents":[{"Right":3},[]],"tag":"App"},{"contents":[{"Right":2},[]],"tag":"App"},{"contents":[{"Right":1},[]],"tag":"App"}]],"tag":"App"},{"contents":[{"Right":0},[]],"tag":"App"}]],"tag":"App"},"name":"rs"},{"contents":[{"Left":"Induction.WellFounded.Acc"},[{"contents":[{"Right":4},[]],"tag":"App"},{"contents":[{"Right":3},[]],"tag":"App"},{"contents":[{"Right":2},[]],"tag":"App"},{"contents":[{"Right":1},[]],"tag":"App"},{"contents":[{"Right":0},[]],"tag":"App"}]],"tag":"App"}],"tag":"Pi"}],"tag":"Pi"}],"tag":"Pi"}],"tag":"Pi"}],"tag":"Pi"}],"tag":"Pi"},"reduced":null,"simplified":null}},"name":"Induction.WellFounded.Acc.acc"},{"item":{"pretty":"{n : ℕ} → WellFounded _>_","thing":{"normalised":{"contents":[{"item":{"contents":[{"Left":"Agda.Builtin.Nat.Nat"},[]],"tag":"App"},"name":"n"},{"contents":[{"item":{"contents":[{"Left":"Data.Fin.Base.Fin"},[{"contents":[{"Right":0},[]],"tag":"App"}]],"tag":"App"},"name":"x"},{"contents":[{"Left":"Induction.WellFounded.Acc"},[{"contents":"lzero","tag":"Level"},{"contents":"lzero","tag":"Level"},{"contents":[{"Left":"Data.Fin.Base.Fin"},[{"contents":[{"Right":1},[]],"tag":"App"}]],"tag":"App"},{"contents":{"item":{"contents":{"item":{"contents":[{"Left":"Data.Nat.Base._≤_"},[{"contents":[{"Left":"Agda.Builtin.Nat.Nat.suc"},[{"contents":[{"Left":"Data.Fin.Base.toℕ"},[{"contents":[{"Right":3},[]],"tag":"App"},{"contents":[{"Right":0},[]],"tag":"App"}]],"tag":"App"}]],"tag":"App"},{"contents":[{"Left":"Data.Fin.Base.toℕ"},[{"contents":[{"Right":3},[]],"tag":"App"},{"contents":[{"Right":1},[]],"tag":"App"}]],"tag":"App"}]],"tag":"App"},"name":"y"},"tag":"Lam"},"name":"x"},"tag":"Lam"},{"contents":[{"Right":0},[]],"tag":"App"}]],"tag":"App"}],"tag":"Pi"}],"tag":"Pi"},"original":{"contents":[{"item":{"contents":[{"Left":"Agda.Builtin.Nat.Nat"},[]],"tag":"App"},"name":"n"},{"contents":[{"Left":"Induction.WellFounded.WellFounded"},[{"contents":"lzero","tag":"Level"},{"contents":[{"Left":"Data.Fin.Base.Fin"},[{"contents":[{"Right":0},[]],"tag":"App"}]],"tag":"App"},{"contents":"lzero","tag":"Level"},{"contents":[{"Left":"Data.Fin.Base._>_"},[{"contents":[{"Right":0},[]],"tag":"App"}]],"tag":"App"}]],"tag":"App"}],"tag":"Pi"},"reduced":null,"simplified":null}},"name":"Data.Fin.Induction.>-wellFounded"},{"item":{"pretty":"{n : ℕ} {ℓ : Level} (P : Pred (Fin (suc n)) ℓ) →\nP (fromℕ n) →\n((i : Fin n) → P (suc i) → P (inject₁ i)) → (i : Fin (suc n)) → P i","thing":{"normalised":{"contents":[{"item":{"contents":[{"Left":"Agda.Builtin.Nat.Nat"},[]],"tag":"App"},"name":"n"},{"contents":[{"item":{"contents":[{"Left":"Agda.Primitive.Level"},[]],"tag":"App"},"name":"ℓ"},{"contents":[{"item":{"contents":[{"item":{"contents":[{"Left":"Data.Fin.Base.Fin"},[{"contents":[{"Left":"Agda.Builtin.Nat.Nat.suc"},[{"contents":[{"Right":1},[]],"tag":"App"}]],"tag":"App"}]],"tag":"App"},"name":"_"},{"contents":"Set @0","tag":"Sort"}],"tag":"Pi"},"name":"P"},{"contents":[{"item":{"contents":[{"Right":0},[{"contents":[{"Left":"Data.Fin.Base.fromℕ"},[{"contents":[{"Right":2},[]],"tag":"App"}]],"tag":"App"}]],"tag":"App"},"name":"_"},{"contents":[{"item":{"contents":[{"item":{"contents":[{"Left":"Data.Fin.Base.Fin"},[{"contents":[{"Right":2},[]],"tag":"App"}]],"tag":"App"},"name":"i"},{"contents":[{"item":{"contents":[{"Right":1},[{"contents":[{"Left":"Data.Fin.Base.Fin.suc"},[{"contents":[{"Right":3},[]],"tag":"App"},{"contents":[{"Right":0},[]],"tag":"App"}]],"tag":"App"}]],"tag":"App"},"name":"_"},{"contents":[{"Right":1},[{"contents":[{"Left":"Data.Fin.Base.inject₁"},[{"contents":[{"Right":3},[]],"tag":"App"},{"contents":[{"Right":0},[]],"tag":"App"}]],"tag":"App"}]],"tag":"App"}],"tag":"Pi"}],"tag":"Pi"},"name":"_"},{"contents":[{"item":{"contents":[{"Left":"Data.Fin.Base.Fin"},[{"contents":[{"Left":"Agda.Builtin.Nat.Nat.suc"},[{"contents":[{"Right":2},[]],"tag":"App"}]],"tag":"App"}]],"tag":"App"},"name":"i"},{"contents":[{"Right":1},[{"contents":[{"Right":0},[]],"tag":"App"}]],"tag":"App"}],"tag":"Pi"}],"tag":"Pi"}],"tag":"Pi"}],"tag":"Pi"}],"tag":"Pi"}],"tag":"Pi"},"original":{"contents":[{"item":{"contents":[{"Left":"Agda.Builtin.Nat.Nat"},[]],"tag":"App"},"name":"n"},{"contents":[{"item":{"contents":[{"Left":"Agda.Primitive.Level"},[]],"tag":"App"},"name":"ℓ"},{"contents":[{"item":{"contents":[{"Left":"Relation.Unary.Pred"},[{"contents":"lzero","tag":"Level"},{"contents":[{"Left":"Data.Fin.Base.Fin"},[{"contents":[{"Left":"Agda.Builtin.Nat.Nat.suc"},[{"contents":[{"Right":1},[]],"tag":"App"}]],"tag":"App"}]],"tag":"App"},{"contents":[{"Right":0},[]],"tag":"App"}]],"tag":"App"},"name":"P"},{"contents":[{"item":{"contents":[{"Right":0},[{"contents":[{"Left":"Data.Fin.Base.fromℕ"},[{"contents":[{"Right":2},[]],"tag":"App"}]],"tag":"App"}]],"tag":"App"},"name":"_"},{"contents":[{"item":{"contents":[{"item":{"contents":[{"Left":"Data.Fin.Base.Fin"},[{"contents":[{"Right":2},[]],"tag":"App"}]],"tag":"App"},"name":"i"},{"contents":[{"item":{"contents":[{"Right":1},[{"contents":[{"Left":"Data.Fin.Base.Fin.suc"},[{"contents":[{"Right":3},[]],"tag":"App"},{"contents":[{"Right":0},[]],"tag":"App"}]],"tag":"App"}]],"tag":"App"},"name":"_"},{"contents":[{"Right":1},[{"contents":[{"Left":"Data.Fin.Base.inject₁"},[{"contents":[{"Right":3},[]],"tag":"App"},{"contents":[{"Right":0},[]],"tag":"App"}]],"tag":"App"}]],"tag":"App"}],"tag":"Pi"}],"tag":"Pi"},"name":"_"},{"contents":[{"item":{"contents":[{"Left":"Data.Fin.Base.Fin"},[{"contents":[{"Left":"Agda.Builtin.Nat.Nat.suc"},[{"contents":[{"Right":2},[]],"tag":"App"}]],"tag":"App"}]],"tag":"App"},"name":"i"},{"contents":[{"Right":1},[{"contents":[{"Right":0},[]],"tag":"App"}]],"tag":"App"}],"tag":"Pi"}],"tag":"Pi"}],"tag":"Pi"}],"tag":"Pi"}],"tag":"Pi"}],"tag":"Pi"},"reduced":null,"simplified":null}},"name":"Data.Fin.Induction.>-weakInduction"},{"item":{"pretty":"{ℓ : Level} → RecStruct ℕ ℓ ℓ","thing":{"normalised":{"contents":[{"item":{"contents":[{"Left":"Agda.Primitive.Level"},[]],"tag":"App"},"name":"ℓ"},{"contents":[{"item":{"contents":[{"item":{"contents":[{"Left":"Agda.Builtin.Nat.Nat"},[]],"tag":"App"},"name":"_"},{"contents":"Set @0","tag":"Sort"}],"tag":"Pi"},"name":"_"},{"contents":[{"item":{"contents":[{"Left":"Agda.Builtin.Nat.Nat"},[]],"tag":"App"},"name":"_"},{"contents":"Set @0","tag":"Sort"}],"tag":"Pi"}],"tag":"Pi"}],"tag":"Pi"},"original":{"contents":[{"item":{"contents":[{"Left":"Agda.Primitive.Level"},[]],"tag":"App"},"name":"ℓ"},{"contents":[{"Left":"Induction.RecStruct"},[{"contents":"lzero","tag":"Level"},{"contents":[{"Left":"Agda.Builtin.Nat.Nat"},[]],"tag":"App"},{"contents":[{"Right":0},[]],"tag":"App"},{"contents":[{"Right":0},[]],"tag":"App"}]],"tag":"App"}],"tag":"Pi"},"reduced":null,"simplified":null}},"name":"Data.Fin.Induction.≺-Rec"},{"item":{"pretty":"WellFounded _≺_","thing":{"normalised":{"contents":[{"item":{"contents":[{"Left":"Agda.Builtin.Nat.Nat"},[]],"tag":"App"},"name":"x"},{"contents":[{"Left":"Induction.WellFounded.Acc"},[{"contents":"lzero","tag":"Level"},{"contents":"lzero","tag":"Level"},{"contents":[{"Left":"Agda.Builtin.Nat.Nat"},[]],"tag":"App"},{"contents":[{"Left":"Data.Fin.Base._≺_"},[]],"tag":"App"},{"contents":[{"Right":0},[]],"tag":"App"}]],"tag":"App"}],"tag":"Pi"},"original":{"contents":[{"Left":"Induction.WellFounded.WellFounded"},[{"contents":"lzero","tag":"Level"},{"contents":[{"Left":"Agda.Builtin.Nat.Nat"},[]],"tag":"App"},{"contents":"lzero","tag":"Level"},{"contents":[{"Left":"Data.Fin.Base._≺_"},[]],"tag":"App"}]],"tag":"App"},"reduced":{"contents":[{"item":{"contents":[{"Left":"Agda.Builtin.Nat.Nat"},[]],"tag":"App"},"name":"x"},{"contents":[{"Left":"Induction.WellFounded.Acc"},[{"contents":"lzero","tag":"Level"},{"contents":"lzero","tag":"Level"},{"contents":[{"Left":"Agda.Builtin.Nat.Nat"},[]],"tag":"App"},{"contents":[{"Left":"Data.Fin.Base._≺_"},[]],"tag":"App"},{"contents":[{"Right":0},[]],"tag":"App"}]],"tag":"App"}],"tag":"Pi"},"simplified":null}},"name":"Data.Fin.Induction.≺-wellFounded"},{"item":{"pretty":"{ℓ : Level} → Recursor (WfRec _≺_)","thing":{"normalised":{"contents":[{"item":{"contents":[{"Left":"Agda.Primitive.Level"},[]],"tag":"App"},"name":"ℓ"},{"contents":[{"item":{"contents":[{"item":{"contents":[{"Left":"Agda.Builtin.Nat.Nat"},[]],"tag":"App"},"name":"_"},{"contents":"Set @0","tag":"Sort"}],"tag":"Pi"},"name":"P"},{"contents":[{"item":{"contents":[{"item":{"contents":[{"Left":"Agda.Builtin.Nat.Nat"},[]],"tag":"App"},"name":"x"},{"contents":[{"item":{"contents":[{"item":{"contents":[{"Left":"Agda.Builtin.Nat.Nat"},[]],"tag":"App"},"name":"y"},{"contents":[{"item":{"contents":[{"Left":"Data.Fin.Base._≺_"},[{"contents":[{"Right":0},[]],"tag":"App"},{"contents":[{"Right":1},[]],"tag":"App"}]],"tag":"App"},"name":"_"},{"contents":[{"Right":2},[{"contents":[{"Right":0},[]],"tag":"App"}]],"tag":"App"}],"tag":"Pi"}],"tag":"Pi"},"name":"_"},{"contents":[{"Right":1},[{"contents":[{"Right":0},[]],"tag":"App"}]],"tag":"App"}],"tag":"Pi"}],"tag":"Pi"},"name":"_"},{"contents":[{"item":{"contents":[{"Left":"Agda.Builtin.Nat.Nat"},[]],"tag":"App"},"name":"x"},{"contents":[{"Right":1},[{"contents":[{"Right":0},[]],"tag":"App"}]],"tag":"App"}],"tag":"Pi"}],"tag":"Pi"}],"tag":"Pi"}],"tag":"Pi"},"original":{"contents":[{"item":{"contents":[{"Left":"Agda.Primitive.Level"},[]],"tag":"App"},"name":"ℓ"},{"contents":[{"Left":"Induction.Recursor"},[{"contents":"lzero","tag":"Level"},{"contents":[{"Right":0},[]],"tag":"App"},{"contents":[{"Right":0},[]],"tag":"App"},{"contents":[{"Left":"Agda.Builtin.Nat.Nat"},[]],"tag":"App"},{"contents":[{"Left":"Induction.WellFounded.WfRec"},[{"contents":"lzero","tag":"Level"},{"contents":[{"Left":"Agda.Builtin.Nat.Nat"},[]],"tag":"App"},{"contents":"lzero","tag":"Level"},{"contents":[{"Left":"Data.Fin.Base._≺_"},[]],"tag":"App"},{"contents":[{"Right":0},[]],"tag":"App"}]],"tag":"App"}]],"tag":"App"}],"tag":"Pi"},"reduced":null,"simplified":null}},"name":"Data.Fin.Induction._._.wfRec"},{"item":{"pretty":"{ℓ : Level} → RecursorBuilder (WfRec _≺_)","thing":{"normalised":{"contents":[{"item":{"contents":[{"Left":"Agda.Primitive.Level"},[]],"tag":"App"},"name":"ℓ"},{"contents":[{"item":{"contents":[{"item":{"contents":[{"Left":"Agda.Builtin.Nat.Nat"},[]],"tag":"App"},"name":"_"},{"contents":"Set @0","tag":"Sort"}],"tag":"Pi"},"name":"P"},{"contents":[{"item":{"contents":[{"item":{"contents":[{"Left":"Agda.Builtin.Nat.Nat"},[]],"tag":"App"},"name":"x"},{"contents":[{"item":{"contents":[{"item":{"contents":[{"Left":"Agda.Builtin.Nat.Nat"},[]],"tag":"App"},"name":"y"},{"contents":[{"item":{"contents":[{"Left":"Data.Fin.Base._≺_"},[{"contents":[{"Right":0},[]],"tag":"App"},{"contents":[{"Right":1},[]],"tag":"App"}]],"tag":"App"},"name":"_"},{"contents":[{"Right":2},[{"contents":[{"Right":0},[]],"tag":"App"}]],"tag":"App"}],"tag":"Pi"}],"tag":"Pi"},"name":"_"},{"contents":[{"Right":1},[{"contents":[{"Right":0},[]],"tag":"App"}]],"tag":"App"}],"tag":"Pi"}],"tag":"Pi"},"name":"_"},{"contents":[{"item":{"contents":[{"Left":"Agda.Builtin.Nat.Nat"},[]],"tag":"App"},"name":"x"},{"contents":[{"item":{"contents":[{"Left":"Agda.Builtin.Nat.Nat"},[]],"tag":"App"},"name":"y"},{"contents":[{"item":{"contents":[{"Left":"Data.Fin.Base._≺_"},[{"contents":[{"Right":0},[]],"tag":"App"},{"contents":[{"Right":1},[]],"tag":"App"}]],"tag":"App"},"name":"_"},{"contents":[{"Right":2},[{"contents":[{"Right":0},[]],"tag":"App"}]],"tag":"App"}],"tag":"Pi"}],"tag":"Pi"}],"tag":"Pi"}],"tag":"Pi"}],"tag":"Pi"}],"tag":"Pi"},"original":{"contents":[{"item":{"contents":[{"Left":"Agda.Primitive.Level"},[]],"tag":"App"},"name":"ℓ"},{"contents":[{"Left":"Induction.RecursorBuilder"},[{"contents":"lzero","tag":"Level"},{"contents":[{"Right":0},[]],"tag":"App"},{"contents":[{"Right":0},[]],"tag":"App"},{"contents":[{"Left":"Agda.Builtin.Nat.Nat"},[]],"tag":"App"},{"contents":[{"Left":"Induction.WellFounded.WfRec"},[{"contents":"lzero","tag":"Level"},{"contents":[{"Left":"Agda.Builtin.Nat.Nat"},[]],"tag":"App"},{"contents":"lzero","tag":"Level"},{"contents":[{"Left":"Data.Fin.Base._≺_"},[]],"tag":"App"},{"contents":[{"Right":0},[]],"tag":"App"}]],"tag":"App"}]],"tag":"App"}],"tag":"Pi"},"reduced":null,"simplified":null}},"name":"Data.Fin.Induction._._.wfRecBuilder"},{"item":{"pretty":"{ℓ : Level} → RecursorBuilder (WfRec _≺_)","thing":{"normalised":{"contents":[{"item":{"contents":[{"Left":"Agda.Primitive.Level"},[]],"tag":"App"},"name":"ℓ"},{"contents":[{"item":{"contents":[{"item":{"contents":[{"Left":"Agda.Builtin.Nat.Nat"},[]],"tag":"App"},"name":"_"},{"contents":"Set @0","tag":"Sort"}],"tag":"Pi"},"name":"P"},{"contents":[{"item":{"contents":[{"item":{"contents":[{"Left":"Agda.Builtin.Nat.Nat"},[]],"tag":"App"},"name":"x"},{"contents":[{"item":{"contents":[{"item":{"contents":[{"Left":"Agda.Builtin.Nat.Nat"},[]],"tag":"App"},"name":"y"},{"contents":[{"item":{"contents":[{"Left":"Data.Fin.Base._≺_"},[{"contents":[{"Right":0},[]],"tag":"App"},{"contents":[{"Right":1},[]],"tag":"App"}]],"tag":"App"},"name":"_"},{"contents":[{"Right":2},[{"contents":[{"Right":0},[]],"tag":"App"}]],"tag":"App"}],"tag":"Pi"}],"tag":"Pi"},"name":"_"},{"contents":[{"Right":1},[{"contents":[{"Right":0},[]],"tag":"App"}]],"tag":"App"}],"tag":"Pi"}],"tag":"Pi"},"name":"_"},{"contents":[{"item":{"contents":[{"Left":"Agda.Builtin.Nat.Nat"},[]],"tag":"App"},"name":"x"},{"contents":[{"item":{"contents":[{"Left":"Agda.Builtin.Nat.Nat"},[]],"tag":"App"},"name":"y"},{"contents":[{"item":{"contents":[{"Left":"Data.Fin.Base._≺_"},[{"contents":[{"Right":0},[]],"tag":"App"},{"contents":[{"Right":1},[]],"tag":"App"}]],"tag":"App"},"name":"_"},{"contents":[{"Right":2},[{"contents":[{"Right":0},[]],"tag":"App"}]],"tag":"App"}],"tag":"Pi"}],"tag":"Pi"}],"tag":"Pi"}],"tag":"Pi"}],"tag":"Pi"}],"tag":"Pi"},"original":{"contents":[{"item":{"contents":[{"Left":"Agda.Primitive.Level"},[]],"tag":"App"},"name":"ℓ"},{"contents":[{"Left":"Induction.RecursorBuilder"},[{"contents":"lzero","tag":"Level"},{"contents":[{"Right":0},[]],"tag":"App"},{"contents":[{"Right":0},[]],"tag":"App"},{"contents":[{"Left":"Agda.Builtin.Nat.Nat"},[]],"tag":"App"},{"contents":[{"Left":"Induction.WellFounded.WfRec"},[{"contents":"lzero","tag":"Level"},{"contents":[{"Left":"Agda.Builtin.Nat.Nat"},[]],"tag":"App"},{"contents":"lzero","tag":"Level"},{"contents":[{"Left":"Data.Fin.Base._≺_"},[]],"tag":"App"},{"contents":[{"Right":0},[]],"tag":"App"}]],"tag":"App"}]],"tag":"App"}],"tag":"Pi"},"reduced":null,"simplified":null}},"name":"Data.Fin.Induction.≺-rec-builder"},{"item":{"pretty":"WellFounded _≺_","thing":{"normalised":{"contents":[{"item":{"contents":[{"Left":"Agda.Builtin.Nat.Nat"},[]],"tag":"App"},"name":"x"},{"contents":[{"Left":"Induction.WellFounded.Acc"},[{"contents":"lzero","tag":"Level"},{"contents":"lzero","tag":"Level"},{"contents":[{"Left":"Agda.Builtin.Nat.Nat"},[]],"tag":"App"},{"contents":[{"Left":"Data.Fin.Base._≺_"},[]],"tag":"App"},{"contents":[{"Right":0},[]],"tag":"App"}]],"tag":"App"}],"tag":"Pi"},"original":{"contents":[{"Left":"Induction.WellFounded.WellFounded"},[{"contents":"lzero","tag":"Level"},{"contents":[{"Left":"Agda.Builtin.Nat.Nat"},[]],"tag":"App"},{"contents":"lzero","tag":"Level"},{"contents":[{"Left":"Data.Fin.Base._≺_"},[]],"tag":"App"}]],"tag":"App"},"reduced":{"contents":[{"item":{"contents":[{"Left":"Agda.Builtin.Nat.Nat"},[]],"tag":"App"},"name":"x"},{"contents":[{"Left":"Induction.WellFounded.Acc"},[{"contents":"lzero","tag":"Level"},{"contents":"lzero","tag":"Level"},{"contents":[{"Left":"Agda.Builtin.Nat.Nat"},[]],"tag":"App"},{"contents":[{"Left":"Data.Fin.Base._≺_"},[]],"tag":"App"},{"contents":[{"Right":0},[]],"tag":"App"}]],"tag":"App"}],"tag":"Pi"},"simplified":null}},"name":"Data.Fin.Induction.≺-well-founded"}],"name":"Data.Fin.Induction"},"samples":[{"ctx":{"pretty":"{ℓ : Level}","thing":[{"item":{"contents":[{"Left":"Agda.Primitive.Level"},[]],"tag":"App"},"name":"ℓ"}]},"goal":{"pretty":"WellFounded _≺_","thing":{"normalised":{"contents":[{"item":{"contents":[{"Left":"Agda.Builtin.Nat.Nat"},[]],"tag":"App"},"name":"x"},{"contents":[{"Left":"Induction.WellFounded.Acc"},[{"contents":"lzero","tag":"Level"},{"contents":"lzero","tag":"Level"},{"contents":[{"Left":"Agda.Builtin.Nat.Nat"},[]],"tag":"App"},{"contents":[{"Left":"Data.Fin.Base._≺_"},[]],"tag":"App"},{"contents":[{"Right":0},[]],"tag":"App"}]],"tag":"App"}],"tag":"Pi"},"original":{"contents":[{"Left":"Induction.WellFounded.WellFounded"},[{"contents":"lzero","tag":"Level"},{"contents":[{"Left":"Agda.Builtin.Nat.Nat"},[]],"tag":"App"},{"contents":"lzero","tag":"Level"},{"contents":[{"Left":"Data.Fin.Base._≺_"},[]],"tag":"App"}]],"tag":"App"},"reduced":{"contents":[{"item":{"contents":[{"Left":"Agda.Builtin.Nat.Nat"},[]],"tag":"App"},"name":"x"},{"contents":[{"Left":"Induction.WellFounded.Acc"},[{"contents":"lzero","tag":"Level"},{"contents":"lzero","tag":"Level"},{"contents":[{"Left":"Agda.Builtin.Nat.Nat"},[]],"tag":"App"},{"contents":[{"Left":"Data.Fin.Base._≺_"},[]],"tag":"App"},{"contents":[{"Right":0},[]],"tag":"App"}]],"tag":"App"}],"tag":"Pi"},"simplified":null}},"term":{"pretty":"≺-wellFounded","thing":{"normalised":{"contents":{"item":{"contents":[{"Left":"Induction.WellFounded.Acc.acc"},[{"contents":{"item":{"contents":{"item":{"contents":[{"Left":"Induction.WellFounded.Subrelation.accessible"},[{"contents":"lzero","tag":"Level"},{"contents":[{"Left":"Agda.Builtin.Nat.Nat"},[]],"tag":"App"},{"contents":"lzero","tag":"Level"},{"contents":"lzero","tag":"Level"},{"contents":[{"Left":"Data.Fin.Base._≺_"},[]],"tag":"App"},{"contents":{"item":{"contents":{"item":{"contents":[{"Left":"Data.Nat.Base._≤′_"},[{"contents":[{"Left":"Agda.Builtin.Nat.Nat.suc"},[{"contents":[{"Right":1},[]],"tag":"App"}]],"tag":"App"},{"contents":[{"Right":0},[]],"tag":"App"}]],"tag":"App"},"name":"n"},"tag":"Lam"},"name":"m"},"tag":"Lam"},{"contents":[{"Left":"Data.Fin.Properties.≺⇒<′"},[]],"tag":"App"},{"contents":[{"Right":1},[]],"tag":"App"},{"contents":[{"Left":"Data.Nat.Induction.<′-wellFounded′"},[{"contents":[{"Right":2},[]],"tag":"App"},{"contents":[{"Right":1},[]],"tag":"App"},{"contents":[{"Left":"Data.Fin.Properties.≺⇒<′"},[{"contents":[{"Right":1},[]],"tag":"App"},{"contents":[{"Right":2},[]],"tag":"App"},{"contents":[{"Right":0},[]],"tag":"App"}]],"tag":"App"}]],"tag":"App"}]],"tag":"App"},"name":"y<x"},"tag":"Lam"},"name":"y"},"tag":"Lam"}]],"tag":"App"},"name":"x"},"tag":"Lam"},"original":{"contents":[{"Left":"Data.Fin.Induction.≺-wellFounded"},[]],"tag":"App"},"reduced":{"contents":{"item":{"contents":[{"Left":"Induction.WellFounded.Subrelation.accessible"},[{"contents":"lzero","tag":"Level"},{"contents":[{"Left":"Agda.Builtin.Nat.Nat"},[]],"tag":"App"},{"contents":"lzero","tag":"Level"},{"contents":"lzero","tag":"Level"},{"contents":[{"Left":"Data.Fin.Base._≺_"},[]],"tag":"App"},{"contents":[{"Left":"Data.Nat.Base._<′_"},[]],"tag":"App"},{"contents":[{"Left":"Data.Fin.Properties.≺⇒<′"},[]],"tag":"App"},{"contents":[{"Right":0},[]],"tag":"App"},{"contents":[{"Left":"Data.Nat.Induction.<′-wellFounded"},[{"contents":[{"Right":0},[]],"tag":"App"}]],"tag":"App"}]],"tag":"App"},"name":"x"},"tag":"Lam"},"simplified":null}},"namesUsed":["Data.Fin.Induction.≺-wellFounded"]},{"ctx":{"pretty":"{ℓ : Level}","thing":[{"item":{"contents":[{"Left":"Agda.Primitive.Level"},[]],"tag":"App"},"name":"ℓ"}]},"goal":{"pretty":"WellFounded _≺_","thing":{"normalised":{"contents":[{"item":{"contents":[{"Left":"Agda.Builtin.Nat.Nat"},[]],"tag":"App"},"name":"x"},{"contents":[{"Left":"Induction.WellFounded.Acc"},[{"contents":"lzero","tag":"Level"},{"contents":"lzero","tag":"Level"},{"contents":[{"Left":"Agda.Builtin.Nat.Nat"},[]],"tag":"App"},{"contents":[{"Left":"Data.Fin.Base._≺_"},[]],"tag":"App"},{"contents":[{"Right":0},[]],"tag":"App"}]],"tag":"App"}],"tag":"Pi"},"original":{"contents":[{"Left":"Induction.WellFounded.WellFounded"},[{"contents":"lzero","tag":"Level"},{"contents":[{"Left":"Agda.Builtin.Nat.Nat"},[]],"tag":"App"},{"contents":"lzero","tag":"Level"},{"contents":[{"Left":"Data.Fin.Base._≺_"},[]],"tag":"App"}]],"tag":"App"},"reduced":{"contents":[{"item":{"contents":[{"Left":"Agda.Builtin.Nat.Nat"},[]],"tag":"App"},"name":"x"},{"contents":[{"Left":"Induction.WellFounded.Acc"},[{"contents":"lzero","tag":"Level"},{"contents":"lzero","tag":"Level"},{"contents":[{"Left":"Agda.Builtin.Nat.Nat"},[]],"tag":"App"},{"contents":[{"Left":"Data.Fin.Base._≺_"},[]],"tag":"App"},{"contents":[{"Right":0},[]],"tag":"App"}]],"tag":"App"}],"tag":"Pi"},"simplified":null}},"term":{"pretty":"≺-wellFounded","thing":{"normalised":{"contents":{"item":{"contents":[{"Left":"Induction.WellFounded.Acc.acc"},[{"contents":{"item":{"contents":{"item":{"contents":[{"Left":"Induction.WellFounded.Subrelation.accessible"},[{"contents":"lzero","tag":"Level"},{"contents":[{"Left":"Agda.Builtin.Nat.Nat"},[]],"tag":"App"},{"contents":"lzero","tag":"Level"},{"contents":"lzero","tag":"Level"},{"contents":[{"Left":"Data.Fin.Base._≺_"},[]],"tag":"App"},{"contents":{"item":{"contents":{"item":{"contents":[{"Left":"Data.Nat.Base._≤′_"},[{"contents":[{"Left":"Agda.Builtin.Nat.Nat.suc"},[{"contents":[{"Right":1},[]],"tag":"App"}]],"tag":"App"},{"contents":[{"Right":0},[]],"tag":"App"}]],"tag":"App"},"name":"n"},"tag":"Lam"},"name":"m"},"tag":"Lam"},{"contents":[{"Left":"Data.Fin.Properties.≺⇒<′"},[]],"tag":"App"},{"contents":[{"Right":1},[]],"tag":"App"},{"contents":[{"Left":"Data.Nat.Induction.<′-wellFounded′"},[{"contents":[{"Right":2},[]],"tag":"App"},{"contents":[{"Right":1},[]],"tag":"App"},{"contents":[{"Left":"Data.Fin.Properties.≺⇒<′"},[{"contents":[{"Right":1},[]],"tag":"App"},{"contents":[{"Right":2},[]],"tag":"App"},{"contents":[{"Right":0},[]],"tag":"App"}]],"tag":"App"}]],"tag":"App"}]],"tag":"App"},"name":"y<x"},"tag":"Lam"},"name":"y"},"tag":"Lam"}]],"tag":"App"},"name":"x"},"tag":"Lam"},"original":{"contents":[{"Left":"Data.Fin.Induction.≺-wellFounded"},[]],"tag":"App"},"reduced":{"contents":{"item":{"contents":[{"Left":"Induction.WellFounded.Subrelation.accessible"},[{"contents":"lzero","tag":"Level"},{"contents":[{"Left":"Agda.Builtin.Nat.Nat"},[]],"tag":"App"},{"contents":"lzero","tag":"Level"},{"contents":"lzero","tag":"Level"},{"contents":[{"Left":"Data.Fin.Base._≺_"},[]],"tag":"App"},{"contents":[{"Left":"Data.Nat.Base._<′_"},[]],"tag":"App"},{"contents":[{"Left":"Data.Fin.Properties.≺⇒<′"},[]],"tag":"App"},{"contents":[{"Right":0},[]],"tag":"App"},{"contents":[{"Left":"Data.Nat.Induction.<′-wellFounded"},[{"contents":[{"Right":0},[]],"tag":"App"}]],"tag":"App"}]],"tag":"App"},"name":"x"},"tag":"Lam"},"simplified":null}},"namesUsed":["Data.Fin.Induction.≺-wellFounded"]},{"ctx":{"pretty":"{ℓ : Level}","thing":[{"item":{"contents":[{"Left":"Agda.Primitive.Level"},[]],"tag":"App"},"name":"ℓ"}]},"goal":{"pretty":"WellFounded _≺_","thing":{"normalised":{"contents":[{"item":{"contents":[{"Left":"Agda.Builtin.Nat.Nat"},[]],"tag":"App"},"name":"x"},{"contents":[{"Left":"Induction.WellFounded.Acc"},[{"contents":"lzero","tag":"Level"},{"contents":"lzero","tag":"Level"},{"contents":[{"Left":"Agda.Builtin.Nat.Nat"},[]],"tag":"App"},{"contents":[{"Left":"Data.Fin.Base._≺_"},[]],"tag":"App"},{"contents":[{"Right":0},[]],"tag":"App"}]],"tag":"App"}],"tag":"Pi"},"original":{"contents":[{"Left":"Induction.WellFounded.WellFounded"},[{"contents":"lzero","tag":"Level"},{"contents":[{"Left":"Agda.Builtin.Nat.Nat"},[]],"tag":"App"},{"contents":"lzero","tag":"Level"},{"contents":[{"Left":"Data.Fin.Base._≺_"},[]],"tag":"App"}]],"tag":"App"},"reduced":{"contents":[{"item":{"contents":[{"Left":"Agda.Builtin.Nat.Nat"},[]],"tag":"App"},"name":"x"},{"contents":[{"Left":"Induction.WellFounded.Acc"},[{"contents":"lzero","tag":"Level"},{"contents":"lzero","tag":"Level"},{"contents":[{"Left":"Agda.Builtin.Nat.Nat"},[]],"tag":"App"},{"contents":[{"Left":"Data.Fin.Base._≺_"},[]],"tag":"App"},{"contents":[{"Right":0},[]],"tag":"App"}]],"tag":"App"}],"tag":"Pi"},"simplified":null}},"term":{"pretty":"≺-wellFounded","thing":{"normalised":{"contents":{"item":{"contents":[{"Left":"Induction.WellFounded.Acc.acc"},[{"contents":{"item":{"contents":{"item":{"contents":[{"Left":"Induction.WellFounded.Subrelation.accessible"},[{"contents":"lzero","tag":"Level"},{"contents":[{"Left":"Agda.Builtin.Nat.Nat"},[]],"tag":"App"},{"contents":"lzero","tag":"Level"},{"contents":"lzero","tag":"Level"},{"contents":[{"Left":"Data.Fin.Base._≺_"},[]],"tag":"App"},{"contents":{"item":{"contents":{"item":{"contents":[{"Left":"Data.Nat.Base._≤′_"},[{"contents":[{"Left":"Agda.Builtin.Nat.Nat.suc"},[{"contents":[{"Right":1},[]],"tag":"App"}]],"tag":"App"},{"contents":[{"Right":0},[]],"tag":"App"}]],"tag":"App"},"name":"n"},"tag":"Lam"},"name":"m"},"tag":"Lam"},{"contents":[{"Left":"Data.Fin.Properties.≺⇒<′"},[]],"tag":"App"},{"contents":[{"Right":1},[]],"tag":"App"},{"contents":[{"Left":"Data.Nat.Induction.<′-wellFounded′"},[{"contents":[{"Right":2},[]],"tag":"App"},{"contents":[{"Right":1},[]],"tag":"App"},{"contents":[{"Left":"Data.Fin.Properties.≺⇒<′"},[{"contents":[{"Right":1},[]],"tag":"App"},{"contents":[{"Right":2},[]],"tag":"App"},{"contents":[{"Right":0},[]],"tag":"App"}]],"tag":"App"}]],"tag":"App"}]],"tag":"App"},"name":"y<x"},"tag":"Lam"},"name":"y"},"tag":"Lam"}]],"tag":"App"},"name":"x"},"tag":"Lam"},"original":{"contents":[{"Left":"Data.Fin.Induction.≺-wellFounded"},[]],"tag":"App"},"reduced":{"contents":{"item":{"contents":[{"Left":"Induction.WellFounded.Subrelation.accessible"},[{"contents":"lzero","tag":"Level"},{"contents":[{"Left":"Agda.Builtin.Nat.Nat"},[]],"tag":"App"},{"contents":"lzero","tag":"Level"},{"contents":"lzero","tag":"Level"},{"contents":[{"Left":"Data.Fin.Base._≺_"},[]],"tag":"App"},{"contents":[{"Left":"Data.Nat.Base._<′_"},[]],"tag":"App"},{"contents":[{"Left":"Data.Fin.Properties.≺⇒<′"},[]],"tag":"App"},{"contents":[{"Right":0},[]],"tag":"App"},{"contents":[{"Left":"Data.Nat.Induction.<′-wellFounded"},[{"contents":[{"Right":0},[]],"tag":"App"}]],"tag":"App"}]],"tag":"App"},"name":"x"},"tag":"Lam"},"simplified":null}},"namesUsed":["Data.Fin.Induction.≺-wellFounded"]},{"ctx":{"pretty":"","thing":[]},"goal":{"pretty":"WellFounded _≺_","thing":{"normalised":{"contents":[{"item":{"contents":[{"Left":"Agda.Builtin.Nat.Nat"},[]],"tag":"App"},"name":"x"},{"contents":[{"Left":"Induction.WellFounded.Acc"},[{"contents":"lzero","tag":"Level"},{"contents":"lzero","tag":"Level"},{"contents":[{"Left":"Agda.Builtin.Nat.Nat"},[]],"tag":"App"},{"contents":[{"Left":"Data.Fin.Base._≺_"},[]],"tag":"App"},{"contents":[{"Right":0},[]],"tag":"App"}]],"tag":"App"}],"tag":"Pi"},"original":{"contents":[{"Left":"Induction.WellFounded.WellFounded"},[{"contents":"lzero","tag":"Level"},{"contents":[{"Left":"Agda.Builtin.Nat.Nat"},[]],"tag":"App"},{"contents":"lzero","tag":"Level"},{"contents":[{"Left":"Data.Fin.Base._≺_"},[]],"tag":"App"}]],"tag":"App"},"reduced":{"contents":[{"item":{"contents":[{"Left":"Agda.Builtin.Nat.Nat"},[]],"tag":"App"},"name":"x"},{"contents":[{"Left":"Induction.WellFounded.Acc"},[{"contents":"lzero","tag":"Level"},{"contents":"lzero","tag":"Level"},{"contents":[{"Left":"Agda.Builtin.Nat.Nat"},[]],"tag":"App"},{"contents":[{"Left":"Data.Fin.Base._≺_"},[]],"tag":"App"},{"contents":[{"Right":0},[]],"tag":"App"}]],"tag":"App"}],"tag":"Pi"},"simplified":null}},"term":{"pretty":"≺-wellFounded","thing":{"normalised":{"contents":{"item":{"contents":[{"Left":"Induction.WellFounded.Acc.acc"},[{"contents":{"item":{"contents":{"item":{"contents":[{"Left":"Induction.WellFounded.Subrelation.accessible"},[{"contents":"lzero","tag":"Level"},{"contents":[{"Left":"Agda.Builtin.Nat.Nat"},[]],"tag":"App"},{"contents":"lzero","tag":"Level"},{"contents":"lzero","tag":"Level"},{"contents":[{"Left":"Data.Fin.Base._≺_"},[]],"tag":"App"},{"contents":{"item":{"contents":{"item":{"contents":[{"Left":"Data.Nat.Base._≤′_"},[{"contents":[{"Left":"Agda.Builtin.Nat.Nat.suc"},[{"contents":[{"Right":1},[]],"tag":"App"}]],"tag":"App"},{"contents":[{"Right":0},[]],"tag":"App"}]],"tag":"App"},"name":"n"},"tag":"Lam"},"name":"m"},"tag":"Lam"},{"contents":[{"Left":"Data.Fin.Properties.≺⇒<′"},[]],"tag":"App"},{"contents":[{"Right":1},[]],"tag":"App"},{"contents":[{"Left":"Data.Nat.Induction.<′-wellFounded′"},[{"contents":[{"Right":2},[]],"tag":"App"},{"contents":[{"Right":1},[]],"tag":"App"},{"contents":[{"Left":"Data.Fin.Properties.≺⇒<′"},[{"contents":[{"Right":1},[]],"tag":"App"},{"contents":[{"Right":2},[]],"tag":"App"},{"contents":[{"Right":0},[]],"tag":"App"}]],"tag":"App"}]],"tag":"App"}]],"tag":"App"},"name":"y<x"},"tag":"Lam"},"name":"y"},"tag":"Lam"}]],"tag":"App"},"name":"x"},"tag":"Lam"},"original":{"contents":[{"Left":"Data.Fin.Induction.≺-wellFounded"},[]],"tag":"App"},"reduced":{"contents":{"item":{"contents":[{"Left":"Induction.WellFounded.Subrelation.accessible"},[{"contents":"lzero","tag":"Level"},{"contents":[{"Left":"Agda.Builtin.Nat.Nat"},[]],"tag":"App"},{"contents":"lzero","tag":"Level"},{"contents":"lzero","tag":"Level"},{"contents":[{"Left":"Data.Fin.Base._≺_"},[]],"tag":"App"},{"contents":[{"Left":"Data.Nat.Base._<′_"},[]],"tag":"App"},{"contents":[{"Left":"Data.Fin.Properties.≺⇒<′"},[]],"tag":"App"},{"contents":[{"Right":0},[]],"tag":"App"},{"contents":[{"Left":"Data.Nat.Induction.<′-wellFounded"},[{"contents":[{"Right":0},[]],"tag":"App"}]],"tag":"App"}]],"tag":"App"},"name":"x"},"tag":"Lam"},"simplified":null}},"namesUsed":["Data.Fin.Induction.≺-wellFounded"]}]}