{"scope":{"item":[{"item":{"pretty":"Set","thing":{"normalised":null,"original":{"contents":"Set","tag":"Sort"},"reduced":null,"simplified":null}},"name":"Agda.Builtin.Bool.Bool"},{"item":{"pretty":"Bool → String","thing":{"normalised":null,"original":{"contents":[{"item":{"contents":[{"Left":"Agda.Builtin.Bool.Bool"},[]],"tag":"App"},"name":"_"},{"contents":[{"Left":"Agda.Builtin.String.String"},[]],"tag":"App"}],"tag":"Pi"},"reduced":null,"simplified":null}},"name":"Data.Bool.Show.show"},{"item":{"pretty":"Set","thing":{"normalised":null,"original":{"contents":"Set","tag":"Sort"},"reduced":null,"simplified":null}},"name":"Agda.Builtin.String.String"},{"item":{"pretty":"Bool","thing":{"normalised":null,"original":{"contents":[{"Left":"Agda.Builtin.Bool.Bool"},[]],"tag":"App"},"reduced":null,"simplified":null}},"name":"Agda.Builtin.Bool.Bool.false"},{"item":{"pretty":"Bool","thing":{"normalised":null,"original":{"contents":[{"Left":"Agda.Builtin.Bool.Bool"},[]],"tag":"App"},"reduced":null,"simplified":null}},"name":"Agda.Builtin.Bool.Bool.true"}],"name":"Data.Bool.Show"},"samples":[]}