{"scope":{"item":[{"item":{"pretty":"Data.Nat.ℕ → Set","thing":{"normalised":null,"original":{"contents":[{"item":{"contents":[{"Left":"Agda.Builtin.Nat.Nat"},[]],"tag":"App"},"name":"_"},{"contents":"Set","tag":"Sort"}],"tag":"Pi"},"reduced":null,"simplified":null}},"name":"Data.Fin.Base.Fin"},{"item":{"pretty":"(n : Data.Nat.ℕ) → Number (Fin n)","thing":{"normalised":null,"original":{"contents":[{"item":{"contents":[{"Left":"Agda.Builtin.Nat.Nat"},[]],"tag":"App"},"name":"n"},{"contents":[{"Left":"Agda.Builtin.FromNat.Number"},[{"contents":"lzero","tag":"Level"},{"contents":[{"Left":"Data.Fin.Base.Fin"},[{"contents":[{"Right":0},[]],"tag":"App"}]],"tag":"App"}]],"tag":"App"}],"tag":"Pi"},"reduced":null,"simplified":null}},"name":"Data.Fin.Literals.number"},{"item":{"pretty":"(m : Data.Nat.ℕ) {n : Data.Nat.ℕ} {m<n : True (suc m ≤? n)} → Fin n","thing":{"normalised":{"contents":[{"item":{"contents":[{"Left":"Agda.Builtin.Nat.Nat"},[]],"tag":"App"},"name":"m"},{"contents":[{"item":{"contents":[{"Left":"Agda.Builtin.Nat.Nat"},[]],"tag":"App"},"name":"n"},{"contents":[{"item":{"contents":[{"Left":"Data.Bool.Base.T"},[{"contents":[{"Left":"Relation.Nullary.Decidable.Core.isYes"},[{"contents":"lzero","tag":"Level"},{"contents":[{"Left":"Data.Nat.Base._≤_"},[{"contents":[{"Left":"Agda.Builtin.Nat.Nat.suc"},[{"contents":[{"Right":1},[]],"tag":"App"}]],"tag":"App"},{"contents":[{"Right":0},[]],"tag":"App"}]],"tag":"App"},{"contents":[{"Left":"Relation.Nullary.Decidable.Core.map′"},[{"contents":"lzero","tag":"Level"},{"contents":[{"Left":"Data.Bool.Base.T"},[{"contents":[{"Left":"Agda.Builtin.Nat._<_"},[{"contents":[{"Right":1},[]],"tag":"App"},{"contents":[{"Right":0},[]],"tag":"App"}]],"tag":"App"}]],"tag":"App"},{"contents":"lzero","tag":"Level"},{"contents":[{"Left":"Data.Nat.Base._≤_"},[{"contents":[{"Left":"Agda.Builtin.Nat.Nat.suc"},[{"contents":[{"Right":1},[]],"tag":"App"}]],"tag":"App"},{"contents":[{"Right":0},[]],"tag":"App"}]],"tag":"App"},{"contents":{"item":{"contents":[{"Left":"Data.Nat.Properties.<ᵇ⇒<"},[{"contents":[{"Right":2},[]],"tag":"App"},{"contents":[{"Right":1},[]],"tag":"App"},{"contents":[{"Right":0},[]],"tag":"App"}]],"tag":"App"},"name":"m≤n"},"tag":"Lam"},{"contents":[{"Left":"Data.Nat.Properties.≤⇒≤ᵇ"},[{"contents":[{"Left":"Agda.Builtin.Nat.Nat.suc"},[{"contents":[{"Right":1},[]],"tag":"App"}]],"tag":"App"},{"contents":[{"Right":0},[]],"tag":"App"}]],"tag":"App"},{"contents":[{"Left":"Data.Bool.Properties.T?"},[{"contents":[{"Left":"Agda.Builtin.Nat._<_"},[{"contents":[{"Right":1},[]],"tag":"App"},{"contents":[{"Right":0},[]],"tag":"App"}]],"tag":"App"}]],"tag":"App"}]],"tag":"App"}]],"tag":"App"}]],"tag":"App"},"name":"m<n"},{"contents":[{"Left":"Data.Fin.Base.Fin"},[{"contents":[{"Right":0},[]],"tag":"App"}]],"tag":"App"}],"tag":"Pi"}],"tag":"Pi"}],"tag":"Pi"},"original":{"contents":[{"item":{"contents":[{"Left":"Agda.Builtin.Nat.Nat"},[]],"tag":"App"},"name":"m"},{"contents":[{"item":{"contents":[{"Left":"Agda.Builtin.Nat.Nat"},[]],"tag":"App"},"name":"n"},{"contents":[{"item":{"contents":[{"Left":"Relation.Nullary.Decidable.Core.True"},[{"contents":"lzero","tag":"Level"},{"contents":[{"Left":"Data.Nat.Base._≤_"},[{"contents":[{"Left":"Agda.Builtin.Nat.Nat.suc"},[{"contents":[{"Right":1},[]],"tag":"App"}]],"tag":"App"},{"contents":[{"Right":0},[]],"tag":"App"}]],"tag":"App"},{"contents":[{"Left":"Data.Nat.Properties._≤?_"},[{"contents":[{"Left":"Agda.Builtin.Nat.Nat.suc"},[{"contents":[{"Right":1},[]],"tag":"App"}]],"tag":"App"},{"contents":[{"Right":0},[]],"tag":"App"}]],"tag":"App"}]],"tag":"App"},"name":"m<n"},{"contents":[{"Left":"Data.Fin.Base.Fin"},[{"contents":[{"Right":0},[]],"tag":"App"}]],"tag":"App"}],"tag":"Pi"}],"tag":"Pi"}],"tag":"Pi"},"reduced":null,"simplified":null}},"name":"Data.Fin.#_"},{"item":{"pretty":"{a : Agda.Primitive.Level} (A : Set a) →\nSet (Agda.Primitive.lsuc a)","thing":{"normalised":null,"original":{"contents":[{"item":{"contents":[{"Left":"Agda.Primitive.Level"},[]],"tag":"App"},"name":"a"},{"contents":[{"item":{"contents":"Set @0","tag":"Sort"},"name":"A"},{"contents":"Set (lsuc @1)","tag":"Sort"}],"tag":"Pi"}],"tag":"Pi"},"reduced":null,"simplified":null}},"name":"Agda.Builtin.FromNat.Number"},{"item":{"pretty":"Data.Nat.ℕ → Data.Nat.ℕ","thing":{"normalised":null,"original":{"contents":[{"item":{"contents":[{"Left":"Agda.Builtin.Nat.Nat"},[]],"tag":"App"},"name":"n"},{"contents":[{"Left":"Agda.Builtin.Nat.Nat"},[]],"tag":"App"}],"tag":"Pi"},"reduced":null,"simplified":null}},"name":"Agda.Builtin.Nat.Nat.suc"},{"item":{"pretty":"{P.p : Agda.Primitive.Level} {P : Set P.p} →\nRelation.Nullary.Dec P → Set","thing":{"normalised":null,"original":{"contents":[{"item":{"contents":[{"Left":"Agda.Primitive.Level"},[]],"tag":"App"},"name":"P.p"},{"contents":[{"item":{"contents":"Set @0","tag":"Sort"},"name":"P"},{"contents":[{"item":{"contents":[{"Left":"Relation.Nullary.Dec"},[{"contents":[{"Right":1},[]],"tag":"App"},{"contents":[{"Right":0},[]],"tag":"App"}]],"tag":"App"},"name":"_"},{"contents":"Set","tag":"Sort"}],"tag":"Pi"}],"tag":"Pi"}],"tag":"Pi"},"reduced":null,"simplified":null}},"name":"Relation.Nullary.Decidable.Core.True"},{"item":{"pretty":"{a : Agda.Primitive.Level} {A : Set a} ⦃ r : Number A ⦄\n(n : Data.Nat.ℕ) ⦃ _ : Number.Constraint r n ⦄ →\nA","thing":{"normalised":null,"original":{"contents":[{"item":{"contents":[{"Left":"Agda.Primitive.Level"},[]],"tag":"App"},"name":"a"},{"contents":[{"item":{"contents":"Set @0","tag":"Sort"},"name":"A"},{"contents":[{"item":{"contents":[{"Left":"Agda.Builtin.FromNat.Number"},[{"contents":[{"Right":1},[]],"tag":"App"},{"contents":[{"Right":0},[]],"tag":"App"}]],"tag":"App"},"name":"r"},{"contents":[{"item":{"contents":[{"Left":"Agda.Builtin.Nat.Nat"},[]],"tag":"App"},"name":"n"},{"contents":[{"item":{"contents":[{"Right":1},[{"contents":[{"Left":"Agda.Builtin.FromNat.Number.Constraint"},[]],"tag":"App"},{"contents":[{"Right":0},[]],"tag":"App"}]],"tag":"App"},"name":"_"},{"contents":[{"Right":2},[]],"tag":"App"}],"tag":"Pi"}],"tag":"Pi"}],"tag":"Pi"}],"tag":"Pi"}],"tag":"Pi"},"reduced":null,"simplified":null}},"name":"Agda.Builtin.FromNat._.fromNat"},{"item":{"pretty":"Relation.Binary.Definitions.Decidable Data.Nat._≤_","thing":{"normalised":{"contents":[{"item":{"contents":[{"Left":"Agda.Builtin.Nat.Nat"},[]],"tag":"App"},"name":"x"},{"contents":[{"item":{"contents":[{"Left":"Agda.Builtin.Nat.Nat"},[]],"tag":"App"},"name":"y"},{"contents":[{"Left":"Relation.Nullary.Dec"},[{"contents":"lzero","tag":"Level"},{"contents":[{"Left":"Data.Nat.Base._≤_"},[{"contents":[{"Right":1},[]],"tag":"App"},{"contents":[{"Right":0},[]],"tag":"App"}]],"tag":"App"}]],"tag":"App"}],"tag":"Pi"}],"tag":"Pi"},"original":{"contents":[{"Left":"Relation.Binary.Definitions.Decidable"},[{"contents":"lzero","tag":"Level"},{"contents":[{"Left":"Agda.Builtin.Nat.Nat"},[]],"tag":"App"},{"contents":"lzero","tag":"Level"},{"contents":[{"Left":"Agda.Builtin.Nat.Nat"},[]],"tag":"App"},{"contents":"lzero","tag":"Level"},{"contents":[{"Left":"Data.Nat.Base._≤_"},[]],"tag":"App"}]],"tag":"App"},"reduced":{"contents":[{"item":{"contents":[{"Left":"Agda.Builtin.Nat.Nat"},[]],"tag":"App"},"name":"x"},{"contents":[{"item":{"contents":[{"Left":"Agda.Builtin.Nat.Nat"},[]],"tag":"App"},"name":"y"},{"contents":[{"Left":"Relation.Nullary.Dec"},[{"contents":"lzero","tag":"Level"},{"contents":[{"Left":"Data.Nat.Base._≤_"},[{"contents":[{"Right":1},[]],"tag":"App"},{"contents":[{"Right":0},[]],"tag":"App"}]],"tag":"App"}]],"tag":"App"}],"tag":"Pi"}],"tag":"Pi"},"simplified":null}},"name":"Data.Nat.Properties._≤?_"}],"name":"Data.Fin.Literals"},"samples":[{"ctx":{"pretty":"(n : Data.Nat.ℕ) (m : Data.Nat.ℕ)","thing":[{"item":{"contents":[{"Left":"Agda.Builtin.Nat.Nat"},[]],"tag":"App"},"name":"n"},{"item":{"contents":[{"Left":"Agda.Builtin.Nat.Nat"},[]],"tag":"App"},"name":"m"}]},"goal":{"pretty":"Data.Nat.ℕ","thing":{"normalised":null,"original":{"contents":[{"Left":"Agda.Builtin.Nat.Nat"},[]],"tag":"App"},"reduced":null,"simplified":null}},"term":{"pretty":"suc m","thing":{"normalised":null,"original":{"contents":[{"Left":"Agda.Builtin.Nat.Nat.suc"},[{"contents":[{"Right":0},[]],"tag":"App"}]],"tag":"App"},"reduced":null,"simplified":null}},"namesUsed":["Agda.Builtin.Nat.Nat.suc"]},{"ctx":{"pretty":"(n : Data.Nat.ℕ) (m₁ : Data.Nat.ℕ)","thing":[{"item":{"contents":[{"Left":"Agda.Builtin.Nat.Nat"},[]],"tag":"App"},"name":"n"},{"item":{"contents":[{"Left":"Agda.Builtin.Nat.Nat"},[]],"tag":"App"},"name":"m"}]},"goal":{"pretty":"Relation.Nullary.Dec (suc m Data.Nat.≤ n)","thing":{"normalised":null,"original":{"contents":[{"Left":"Relation.Nullary.Dec"},[{"contents":"lzero","tag":"Level"},{"contents":[{"Left":"Data.Nat.Base._≤_"},[{"contents":[{"Left":"Agda.Builtin.Nat.Nat.suc"},[{"contents":[{"Right":0},[]],"tag":"App"}]],"tag":"App"},{"contents":[{"Right":1},[]],"tag":"App"}]],"tag":"App"}]],"tag":"App"},"reduced":null,"simplified":null}},"term":{"pretty":"suc m ≤? n","thing":{"normalised":{"contents":[{"Left":"Relation.Nullary.Decidable.Core.map′"},[{"contents":"lzero","tag":"Level"},{"contents":[{"Left":"Data.Bool.Base.T"},[{"contents":[{"Left":"Agda.Builtin.Nat._<_"},[{"contents":[{"Right":0},[]],"tag":"App"},{"contents":[{"Right":1},[]],"tag":"App"}]],"tag":"App"}]],"tag":"App"},{"contents":"lzero","tag":"Level"},{"contents":[{"Left":"Data.Nat.Base._≤_"},[{"contents":[{"Left":"Agda.Builtin.Nat.Nat.suc"},[{"contents":[{"Right":0},[]],"tag":"App"}]],"tag":"App"},{"contents":[{"Right":1},[]],"tag":"App"}]],"tag":"App"},{"contents":{"item":{"contents":[{"Left":"Data.Nat.Properties.<ᵇ⇒<"},[{"contents":[{"Right":1},[]],"tag":"App"},{"contents":[{"Right":2},[]],"tag":"App"},{"contents":[{"Right":0},[]],"tag":"App"}]],"tag":"App"},"name":"m≤n"},"tag":"Lam"},{"contents":[{"Left":"Data.Nat.Properties.≤⇒≤ᵇ"},[{"contents":[{"Left":"Agda.Builtin.Nat.Nat.suc"},[{"contents":[{"Right":0},[]],"tag":"App"}]],"tag":"App"},{"contents":[{"Right":1},[]],"tag":"App"}]],"tag":"App"},{"contents":[{"Left":"Data.Bool.Properties.T?"},[{"contents":[{"Left":"Agda.Builtin.Nat._<_"},[{"contents":[{"Right":0},[]],"tag":"App"},{"contents":[{"Right":1},[]],"tag":"App"}]],"tag":"App"}]],"tag":"App"}]],"tag":"App"},"original":{"contents":[{"Left":"Data.Nat.Properties._≤?_"},[{"contents":[{"Left":"Agda.Builtin.Nat.Nat.suc"},[{"contents":[{"Right":0},[]],"tag":"App"}]],"tag":"App"},{"contents":[{"Right":1},[]],"tag":"App"}]],"tag":"App"},"reduced":{"contents":[{"Left":"Relation.Nullary.Decidable.Core.map′"},[{"contents":"lzero","tag":"Level"},{"contents":[{"Left":"Data.Bool.Base.T"},[{"contents":[{"Left":"Data.Nat.Base._≤ᵇ_"},[{"contents":[{"Left":"Agda.Builtin.Nat.Nat.suc"},[{"contents":[{"Right":0},[]],"tag":"App"}]],"tag":"App"},{"contents":[{"Right":1},[]],"tag":"App"}]],"tag":"App"}]],"tag":"App"},{"contents":"lzero","tag":"Level"},{"contents":[{"Left":"Data.Nat.Base._≤_"},[{"contents":[{"Left":"Agda.Builtin.Nat.Nat.suc"},[{"contents":[{"Right":0},[]],"tag":"App"}]],"tag":"App"},{"contents":[{"Right":1},[]],"tag":"App"}]],"tag":"App"},{"contents":[{"Left":"Data.Nat.Properties.≤ᵇ⇒≤"},[{"contents":[{"Left":"Agda.Builtin.Nat.Nat.suc"},[{"contents":[{"Right":0},[]],"tag":"App"}]],"tag":"App"},{"contents":[{"Right":1},[]],"tag":"App"}]],"tag":"App"},{"contents":[{"Left":"Data.Nat.Properties.≤⇒≤ᵇ"},[{"contents":[{"Left":"Agda.Builtin.Nat.Nat.suc"},[{"contents":[{"Right":0},[]],"tag":"App"}]],"tag":"App"},{"contents":[{"Right":1},[]],"tag":"App"}]],"tag":"App"},{"contents":[{"Left":"Data.Bool.Properties.T?"},[{"contents":[{"Left":"Data.Nat.Base._≤ᵇ_"},[{"contents":[{"Left":"Agda.Builtin.Nat.Nat.suc"},[{"contents":[{"Right":0},[]],"tag":"App"}]],"tag":"App"},{"contents":[{"Right":1},[]],"tag":"App"}]],"tag":"App"}]],"tag":"App"}]],"tag":"App"},"simplified":null}},"namesUsed":["Data.Nat.Properties._≤?_","Agda.Builtin.Nat.Nat.suc"]},{"ctx":{"pretty":"(n₁ : Data.Nat.ℕ) (m₁ : Data.Nat.ℕ)","thing":[{"item":{"contents":[{"Left":"Agda.Builtin.Nat.Nat"},[]],"tag":"App"},"name":"n"},{"item":{"contents":[{"Left":"Agda.Builtin.Nat.Nat"},[]],"tag":"App"},"name":"m"}]},"goal":{"pretty":"Data.Nat.ℕ","thing":{"normalised":null,"original":{"contents":[{"Left":"Agda.Builtin.Nat.Nat"},[]],"tag":"App"},"reduced":null,"simplified":null}},"term":{"pretty":"suc m","thing":{"normalised":null,"original":{"contents":[{"Left":"Agda.Builtin.Nat.Nat.suc"},[{"contents":[{"Right":0},[]],"tag":"App"}]],"tag":"App"},"reduced":null,"simplified":null}},"namesUsed":["Agda.Builtin.Nat.Nat.suc"]},{"ctx":{"pretty":"(n₁ : Data.Nat.ℕ)","thing":[{"item":{"contents":[{"Left":"Agda.Builtin.Nat.Nat"},[]],"tag":"App"},"name":"n"}]},"goal":{"pretty":"(n₁ : Data.Nat.ℕ) ⦃ _ : True (suc n₁ ≤? n) ⦄ → Fin n","thing":{"normalised":{"contents":[{"item":{"contents":[{"Left":"Agda.Builtin.Nat.Nat"},[]],"tag":"App"},"name":"n"},{"contents":[{"item":{"contents":[{"Left":"Data.Bool.Base.T"},[{"contents":[{"Left":"Relation.Nullary.Decidable.Core.isYes"},[{"contents":"lzero","tag":"Level"},{"contents":[{"Left":"Data.Nat.Base._≤_"},[{"contents":[{"Left":"Agda.Builtin.Nat.Nat.suc"},[{"contents":[{"Right":0},[]],"tag":"App"}]],"tag":"App"},{"contents":[{"Right":1},[]],"tag":"App"}]],"tag":"App"},{"contents":[{"Left":"Relation.Nullary.Decidable.Core.map′"},[{"contents":"lzero","tag":"Level"},{"contents":[{"Left":"Data.Bool.Base.T"},[{"contents":[{"Left":"Agda.Builtin.Nat._<_"},[{"contents":[{"Right":0},[]],"tag":"App"},{"contents":[{"Right":1},[]],"tag":"App"}]],"tag":"App"}]],"tag":"App"},{"contents":"lzero","tag":"Level"},{"contents":[{"Left":"Data.Nat.Base._≤_"},[{"contents":[{"Left":"Agda.Builtin.Nat.Nat.suc"},[{"contents":[{"Right":0},[]],"tag":"App"}]],"tag":"App"},{"contents":[{"Right":1},[]],"tag":"App"}]],"tag":"App"},{"contents":{"item":{"contents":[{"Left":"Data.Nat.Properties.<ᵇ⇒<"},[{"contents":[{"Right":1},[]],"tag":"App"},{"contents":[{"Right":2},[]],"tag":"App"},{"contents":[{"Right":0},[]],"tag":"App"}]],"tag":"App"},"name":"m≤n"},"tag":"Lam"},{"contents":[{"Left":"Data.Nat.Properties.≤⇒≤ᵇ"},[{"contents":[{"Left":"Agda.Builtin.Nat.Nat.suc"},[{"contents":[{"Right":0},[]],"tag":"App"}]],"tag":"App"},{"contents":[{"Right":1},[]],"tag":"App"}]],"tag":"App"},{"contents":[{"Left":"Data.Bool.Properties.T?"},[{"contents":[{"Left":"Agda.Builtin.Nat._<_"},[{"contents":[{"Right":0},[]],"tag":"App"},{"contents":[{"Right":1},[]],"tag":"App"}]],"tag":"App"}]],"tag":"App"}]],"tag":"App"}]],"tag":"App"}]],"tag":"App"},"name":"_"},{"contents":[{"Left":"Data.Fin.Base.Fin"},[{"contents":[{"Right":1},[]],"tag":"App"}]],"tag":"App"}],"tag":"Pi"}],"tag":"Pi"},"original":{"contents":[{"item":{"contents":[{"Left":"Agda.Builtin.Nat.Nat"},[]],"tag":"App"},"name":"n"},{"contents":[{"item":{"contents":[{"Left":"Relation.Nullary.Decidable.Core.True"},[{"contents":"lzero","tag":"Level"},{"contents":[{"Left":"Data.Nat.Base._≤_"},[{"contents":[{"Left":"Agda.Builtin.Nat.Nat.suc"},[{"contents":[{"Right":0},[]],"tag":"App"}]],"tag":"App"},{"contents":[{"Right":1},[]],"tag":"App"}]],"tag":"App"},{"contents":[{"Left":"Data.Nat.Properties._≤?_"},[{"contents":[{"Left":"Agda.Builtin.Nat.Nat.suc"},[{"contents":[{"Right":0},[]],"tag":"App"}]],"tag":"App"},{"contents":[{"Right":1},[]],"tag":"App"}]],"tag":"App"}]],"tag":"App"},"name":"_"},{"contents":[{"Left":"Data.Fin.Base.Fin"},[{"contents":[{"Right":1},[]],"tag":"App"}]],"tag":"App"}],"tag":"Pi"}],"tag":"Pi"},"reduced":null,"simplified":null}},"term":{"pretty":"λ m ⦃ pr ⦄ → # m","thing":{"normalised":{"contents":{"item":{"contents":{"item":{"contents":[{"Left":"Data.Fin.Base.fromℕ<"},[{"contents":[{"Right":1},[]],"tag":"App"},{"contents":[{"Right":2},[]],"tag":"App"},{"contents":[{"Left":"Relation.Nullary.Decidable.Core.toWitness"},[{"contents":"lzero","tag":"Level"},{"contents":[{"Left":"Data.Nat.Base._≤_"},[{"contents":[{"Left":"Agda.Builtin.Nat.Nat.suc"},[{"contents":[{"Right":1},[]],"tag":"App"}]],"tag":"App"},{"contents":[{"Right":2},[]],"tag":"App"}]],"tag":"App"},{"contents":[{"Left":"Relation.Nullary.Decidable.Core.map′"},[{"contents":"lzero","tag":"Level"},{"contents":[{"Left":"Data.Bool.Base.T"},[{"contents":[{"Left":"Agda.Builtin.Nat._<_"},[{"contents":[{"Right":1},[]],"tag":"App"},{"contents":[{"Right":2},[]],"tag":"App"}]],"tag":"App"}]],"tag":"App"},{"contents":"lzero","tag":"Level"},{"contents":[{"Left":"Data.Nat.Base._≤_"},[{"contents":[{"Left":"Agda.Builtin.Nat.Nat.suc"},[{"contents":[{"Right":1},[]],"tag":"App"}]],"tag":"App"},{"contents":[{"Right":2},[]],"tag":"App"}]],"tag":"App"},{"contents":{"item":{"contents":[{"Left":"Data.Nat.Properties.<ᵇ⇒<"},[{"contents":[{"Right":2},[]],"tag":"App"},{"contents":[{"Right":3},[]],"tag":"App"},{"contents":[{"Right":0},[]],"tag":"App"}]],"tag":"App"},"name":"m≤n"},"tag":"Lam"},{"contents":[{"Left":"Data.Nat.Properties.≤⇒≤ᵇ"},[{"contents":[{"Left":"Agda.Builtin.Nat.Nat.suc"},[{"contents":[{"Right":1},[]],"tag":"App"}]],"tag":"App"},{"contents":[{"Right":2},[]],"tag":"App"}]],"tag":"App"},{"contents":[{"Left":"Data.Bool.Properties.T?"},[{"contents":[{"Left":"Agda.Builtin.Nat._<_"},[{"contents":[{"Right":1},[]],"tag":"App"},{"contents":[{"Right":2},[]],"tag":"App"}]],"tag":"App"}]],"tag":"App"}]],"tag":"App"},{"contents":[{"Right":0},[]],"tag":"App"}]],"tag":"App"}]],"tag":"App"},"name":"pr"},"tag":"Lam"},"name":"m"},"tag":"Lam"},"original":{"contents":{"item":{"contents":{"item":{"contents":[{"Left":"Data.Fin.#_"},[{"contents":[{"Right":1},[]],"tag":"App"},{"contents":[{"Right":2},[]],"tag":"App"},{"contents":[{"Right":0},[]],"tag":"App"}]],"tag":"App"},"name":"pr"},"tag":"Lam"},"name":"m"},"tag":"Lam"},"reduced":null,"simplified":null}},"namesUsed":["Data.Fin.#_"]},{"ctx":{"pretty":"(n₁ : Data.Nat.ℕ) (m : Data.Nat.ℕ)","thing":[{"item":{"contents":[{"Left":"Agda.Builtin.Nat.Nat"},[]],"tag":"App"},"name":"n"},{"item":{"contents":[{"Left":"Agda.Builtin.Nat.Nat"},[]],"tag":"App"},"name":"m"}]},"goal":{"pretty":"⦃ _ : True (suc m ≤? n) ⦄ → Fin n","thing":{"normalised":{"contents":[{"item":{"contents":[{"Left":"Data.Bool.Base.T"},[{"contents":[{"Left":"Relation.Nullary.Decidable.Core.isYes"},[{"contents":"lzero","tag":"Level"},{"contents":[{"Left":"Data.Nat.Base._≤_"},[{"contents":[{"Left":"Agda.Builtin.Nat.Nat.suc"},[{"contents":[{"Right":0},[]],"tag":"App"}]],"tag":"App"},{"contents":[{"Right":1},[]],"tag":"App"}]],"tag":"App"},{"contents":[{"Left":"Relation.Nullary.Decidable.Core.map′"},[{"contents":"lzero","tag":"Level"},{"contents":[{"Left":"Data.Bool.Base.T"},[{"contents":[{"Left":"Agda.Builtin.Nat._<_"},[{"contents":[{"Right":0},[]],"tag":"App"},{"contents":[{"Right":1},[]],"tag":"App"}]],"tag":"App"}]],"tag":"App"},{"contents":"lzero","tag":"Level"},{"contents":[{"Left":"Data.Nat.Base._≤_"},[{"contents":[{"Left":"Agda.Builtin.Nat.Nat.suc"},[{"contents":[{"Right":0},[]],"tag":"App"}]],"tag":"App"},{"contents":[{"Right":1},[]],"tag":"App"}]],"tag":"App"},{"contents":{"item":{"contents":[{"Left":"Data.Nat.Properties.<ᵇ⇒<"},[{"contents":[{"Right":1},[]],"tag":"App"},{"contents":[{"Right":2},[]],"tag":"App"},{"contents":[{"Right":0},[]],"tag":"App"}]],"tag":"App"},"name":"m≤n"},"tag":"Lam"},{"contents":[{"Left":"Data.Nat.Properties.≤⇒≤ᵇ"},[{"contents":[{"Left":"Agda.Builtin.Nat.Nat.suc"},[{"contents":[{"Right":0},[]],"tag":"App"}]],"tag":"App"},{"contents":[{"Right":1},[]],"tag":"App"}]],"tag":"App"},{"contents":[{"Left":"Data.Bool.Properties.T?"},[{"contents":[{"Left":"Agda.Builtin.Nat._<_"},[{"contents":[{"Right":0},[]],"tag":"App"},{"contents":[{"Right":1},[]],"tag":"App"}]],"tag":"App"}]],"tag":"App"}]],"tag":"App"}]],"tag":"App"}]],"tag":"App"},"name":"_"},{"contents":[{"Left":"Data.Fin.Base.Fin"},[{"contents":[{"Right":1},[]],"tag":"App"}]],"tag":"App"}],"tag":"Pi"},"original":{"contents":[{"item":{"contents":[{"Left":"Relation.Nullary.Decidable.Core.True"},[{"contents":"lzero","tag":"Level"},{"contents":[{"Left":"Data.Nat.Base._≤_"},[{"contents":[{"Left":"Agda.Builtin.Nat.Nat.suc"},[{"contents":[{"Right":0},[]],"tag":"App"}]],"tag":"App"},{"contents":[{"Right":1},[]],"tag":"App"}]],"tag":"App"},{"contents":[{"Left":"Data.Nat.Properties._≤?_"},[{"contents":[{"Left":"Agda.Builtin.Nat.Nat.suc"},[{"contents":[{"Right":0},[]],"tag":"App"}]],"tag":"App"},{"contents":[{"Right":1},[]],"tag":"App"}]],"tag":"App"}]],"tag":"App"},"name":"_"},{"contents":[{"Left":"Data.Fin.Base.Fin"},[{"contents":[{"Right":1},[]],"tag":"App"}]],"tag":"App"}],"tag":"Pi"},"reduced":null,"simplified":null}},"term":{"pretty":"λ ⦃ pr ⦄ → # m","thing":{"normalised":{"contents":{"item":{"contents":[{"Left":"Data.Fin.Base.fromℕ<"},[{"contents":[{"Right":1},[]],"tag":"App"},{"contents":[{"Right":2},[]],"tag":"App"},{"contents":[{"Left":"Relation.Nullary.Decidable.Core.toWitness"},[{"contents":"lzero","tag":"Level"},{"contents":[{"Left":"Data.Nat.Base._≤_"},[{"contents":[{"Left":"Agda.Builtin.Nat.Nat.suc"},[{"contents":[{"Right":1},[]],"tag":"App"}]],"tag":"App"},{"contents":[{"Right":2},[]],"tag":"App"}]],"tag":"App"},{"contents":[{"Left":"Relation.Nullary.Decidable.Core.map′"},[{"contents":"lzero","tag":"Level"},{"contents":[{"Left":"Data.Bool.Base.T"},[{"contents":[{"Left":"Agda.Builtin.Nat._<_"},[{"contents":[{"Right":1},[]],"tag":"App"},{"contents":[{"Right":2},[]],"tag":"App"}]],"tag":"App"}]],"tag":"App"},{"contents":"lzero","tag":"Level"},{"contents":[{"Left":"Data.Nat.Base._≤_"},[{"contents":[{"Left":"Agda.Builtin.Nat.Nat.suc"},[{"contents":[{"Right":1},[]],"tag":"App"}]],"tag":"App"},{"contents":[{"Right":2},[]],"tag":"App"}]],"tag":"App"},{"contents":{"item":{"contents":[{"Left":"Data.Nat.Properties.<ᵇ⇒<"},[{"contents":[{"Right":2},[]],"tag":"App"},{"contents":[{"Right":3},[]],"tag":"App"},{"contents":[{"Right":0},[]],"tag":"App"}]],"tag":"App"},"name":"m≤n"},"tag":"Lam"},{"contents":[{"Left":"Data.Nat.Properties.≤⇒≤ᵇ"},[{"contents":[{"Left":"Agda.Builtin.Nat.Nat.suc"},[{"contents":[{"Right":1},[]],"tag":"App"}]],"tag":"App"},{"contents":[{"Right":2},[]],"tag":"App"}]],"tag":"App"},{"contents":[{"Left":"Data.Bool.Properties.T?"},[{"contents":[{"Left":"Agda.Builtin.Nat._<_"},[{"contents":[{"Right":1},[]],"tag":"App"},{"contents":[{"Right":2},[]],"tag":"App"}]],"tag":"App"}]],"tag":"App"}]],"tag":"App"},{"contents":[{"Right":0},[]],"tag":"App"}]],"tag":"App"}]],"tag":"App"},"name":"pr"},"tag":"Lam"},"original":{"contents":{"item":{"contents":[{"Left":"Data.Fin.#_"},[{"contents":[{"Right":1},[]],"tag":"App"},{"contents":[{"Right":2},[]],"tag":"App"},{"contents":[{"Right":0},[]],"tag":"App"}]],"tag":"App"},"name":"pr"},"tag":"Lam"},"reduced":null,"simplified":null}},"namesUsed":["Data.Fin.#_"]},{"ctx":{"pretty":"(n₁ : Data.Nat.ℕ) (m₁ : Data.Nat.ℕ)\n⦃ _ = pr : True (suc m₁ ≤? n₁) ⦄","thing":[{"item":{"contents":[{"Left":"Agda.Builtin.Nat.Nat"},[]],"tag":"App"},"name":"n"},{"item":{"contents":[{"Left":"Agda.Builtin.Nat.Nat"},[]],"tag":"App"},"name":"m"},{"item":{"contents":[{"Left":"Relation.Nullary.Decidable.Core.True"},[{"contents":"lzero","tag":"Level"},{"contents":[{"Left":"Data.Nat.Base._≤_"},[{"contents":[{"Left":"Agda.Builtin.Nat.Nat.suc"},[{"contents":[{"Right":0},[]],"tag":"App"}]],"tag":"App"},{"contents":[{"Right":1},[]],"tag":"App"}]],"tag":"App"},{"contents":[{"Left":"Data.Nat.Properties._≤?_"},[{"contents":[{"Left":"Agda.Builtin.Nat.Nat.suc"},[{"contents":[{"Right":0},[]],"tag":"App"}]],"tag":"App"},{"contents":[{"Right":1},[]],"tag":"App"}]],"tag":"App"}]],"tag":"App"},"name":"pr"}]},"goal":{"pretty":"Fin n","thing":{"normalised":null,"original":{"contents":[{"Left":"Data.Fin.Base.Fin"},[{"contents":[{"Right":2},[]],"tag":"App"}]],"tag":"App"},"reduced":null,"simplified":null}},"term":{"pretty":"# m","thing":{"normalised":{"contents":[{"Left":"Data.Fin.Base.fromℕ<"},[{"contents":[{"Right":1},[]],"tag":"App"},{"contents":[{"Right":2},[]],"tag":"App"},{"contents":[{"Left":"Relation.Nullary.Decidable.Core.toWitness"},[{"contents":"lzero","tag":"Level"},{"contents":[{"Left":"Data.Nat.Base._≤_"},[{"contents":[{"Left":"Agda.Builtin.Nat.Nat.suc"},[{"contents":[{"Right":1},[]],"tag":"App"}]],"tag":"App"},{"contents":[{"Right":2},[]],"tag":"App"}]],"tag":"App"},{"contents":[{"Left":"Relation.Nullary.Decidable.Core.map′"},[{"contents":"lzero","tag":"Level"},{"contents":[{"Left":"Data.Bool.Base.T"},[{"contents":[{"Left":"Agda.Builtin.Nat._<_"},[{"contents":[{"Right":1},[]],"tag":"App"},{"contents":[{"Right":2},[]],"tag":"App"}]],"tag":"App"}]],"tag":"App"},{"contents":"lzero","tag":"Level"},{"contents":[{"Left":"Data.Nat.Base._≤_"},[{"contents":[{"Left":"Agda.Builtin.Nat.Nat.suc"},[{"contents":[{"Right":1},[]],"tag":"App"}]],"tag":"App"},{"contents":[{"Right":2},[]],"tag":"App"}]],"tag":"App"},{"contents":{"item":{"contents":[{"Left":"Data.Nat.Properties.<ᵇ⇒<"},[{"contents":[{"Right":2},[]],"tag":"App"},{"contents":[{"Right":3},[]],"tag":"App"},{"contents":[{"Right":0},[]],"tag":"App"}]],"tag":"App"},"name":"m≤n"},"tag":"Lam"},{"contents":[{"Left":"Data.Nat.Properties.≤⇒≤ᵇ"},[{"contents":[{"Left":"Agda.Builtin.Nat.Nat.suc"},[{"contents":[{"Right":1},[]],"tag":"App"}]],"tag":"App"},{"contents":[{"Right":2},[]],"tag":"App"}]],"tag":"App"},{"contents":[{"Left":"Data.Bool.Properties.T?"},[{"contents":[{"Left":"Agda.Builtin.Nat._<_"},[{"contents":[{"Right":1},[]],"tag":"App"},{"contents":[{"Right":2},[]],"tag":"App"}]],"tag":"App"}]],"tag":"App"}]],"tag":"App"},{"contents":[{"Right":0},[]],"tag":"App"}]],"tag":"App"}]],"tag":"App"},"original":{"contents":[{"Left":"Data.Fin.#_"},[{"contents":[{"Right":1},[]],"tag":"App"},{"contents":[{"Right":2},[]],"tag":"App"},{"contents":[{"Right":0},[]],"tag":"App"}]],"tag":"App"},"reduced":{"contents":[{"Left":"Data.Fin.Base.fromℕ<"},[{"contents":[{"Right":1},[]],"tag":"App"},{"contents":[{"Right":2},[]],"tag":"App"},{"contents":[{"Left":"Relation.Nullary.Decidable.Core.toWitness"},[{"contents":"lzero","tag":"Level"},{"contents":[{"Left":"Data.Nat.Base._≤_"},[{"contents":[{"Left":"Agda.Builtin.Nat.Nat.suc"},[{"contents":[{"Right":1},[]],"tag":"App"}]],"tag":"App"},{"contents":[{"Right":2},[]],"tag":"App"}]],"tag":"App"},{"contents":[{"Left":"Relation.Nullary.Decidable.Core.map′"},[{"contents":"lzero","tag":"Level"},{"contents":[{"Left":"Data.Bool.Base.T"},[{"contents":[{"Left":"Data.Nat.Base._≤ᵇ_"},[{"contents":[{"Left":"Agda.Builtin.Nat.Nat.suc"},[{"contents":[{"Right":1},[]],"tag":"App"}]],"tag":"App"},{"contents":[{"Right":2},[]],"tag":"App"}]],"tag":"App"}]],"tag":"App"},{"contents":"lzero","tag":"Level"},{"contents":[{"Left":"Data.Nat.Base._≤_"},[{"contents":[{"Left":"Agda.Builtin.Nat.Nat.suc"},[{"contents":[{"Right":1},[]],"tag":"App"}]],"tag":"App"},{"contents":[{"Right":2},[]],"tag":"App"}]],"tag":"App"},{"contents":[{"Left":"Data.Nat.Properties.≤ᵇ⇒≤"},[{"contents":[{"Left":"Agda.Builtin.Nat.Nat.suc"},[{"contents":[{"Right":1},[]],"tag":"App"}]],"tag":"App"},{"contents":[{"Right":2},[]],"tag":"App"}]],"tag":"App"},{"contents":[{"Left":"Data.Nat.Properties.≤⇒≤ᵇ"},[{"contents":[{"Left":"Agda.Builtin.Nat.Nat.suc"},[{"contents":[{"Right":1},[]],"tag":"App"}]],"tag":"App"},{"contents":[{"Right":2},[]],"tag":"App"}]],"tag":"App"},{"contents":[{"Left":"Data.Bool.Properties.T?"},[{"contents":[{"Left":"Agda.Builtin.Nat._<_"},[{"contents":[{"Right":1},[]],"tag":"App"},{"contents":[{"Right":2},[]],"tag":"App"}]],"tag":"App"}]],"tag":"App"}]],"tag":"App"},{"contents":[{"Right":0},[]],"tag":"App"}]],"tag":"App"}]],"tag":"App"},"simplified":null}},"namesUsed":["Data.Fin.#_"]}]}