{"scope":{"item":[{"item":{"pretty":"Set","thing":{"normalised":null,"original":{"contents":"Set","tag":"Sort"},"reduced":null,"simplified":null}},"name":"Agda.Primitive.Level"},{"item":{"pretty":"{A.a : Level} {A : Set A.a} {B.b : Level} {B : Set B.b} →\n(A → B → B) → B → List A → List B","thing":{"normalised":null,"original":{"contents":[{"item":{"contents":[{"Left":"Agda.Primitive.Level"},[]],"tag":"App"},"name":"A.a"},{"contents":[{"item":{"contents":"Set @0","tag":"Sort"},"name":"A"},{"contents":[{"item":{"contents":[{"Left":"Agda.Primitive.Level"},[]],"tag":"App"},"name":"B.b"},{"contents":[{"item":{"contents":"Set @0","tag":"Sort"},"name":"B"},{"contents":[{"item":{"contents":[{"item":{"contents":[{"Right":2},[]],"tag":"App"},"name":"_"},{"contents":[{"item":{"contents":[{"Right":0},[]],"tag":"App"},"name":"_"},{"contents":[{"Right":0},[]],"tag":"App"}],"tag":"Pi"}],"tag":"Pi"},"name":"_"},{"contents":[{"item":{"contents":[{"Right":0},[]],"tag":"App"},"name":"_"},{"contents":[{"item":{"contents":[{"Left":"Data.List.Kleene.Base._*"},[{"contents":[{"Right":3},[]],"tag":"App"},{"contents":[{"Right":2},[]],"tag":"App"}]],"tag":"App"},"name":"_"},{"contents":[{"Left":"Data.List.Kleene.Base._*"},[{"contents":[{"Right":1},[]],"tag":"App"},{"contents":[{"Right":0},[]],"tag":"App"}]],"tag":"App"}],"tag":"Pi"}],"tag":"Pi"}],"tag":"Pi"}],"tag":"Pi"}],"tag":"Pi"}],"tag":"Pi"}],"tag":"Pi"},"reduced":null,"simplified":null}},"name":"Data.List.Kleene.AsList.scanr"},{"item":{"pretty":"{a : Level} → Set a → Set a","thing":{"normalised":null,"original":{"contents":[{"item":{"contents":[{"Left":"Agda.Primitive.Level"},[]],"tag":"App"},"name":"a"},{"contents":[{"item":{"contents":"Set @0","tag":"Sort"},"name":"A"},{"contents":"Set @0","tag":"Sort"}],"tag":"Pi"}],"tag":"Pi"},"reduced":null,"simplified":null}},"name":"Data.List.Kleene.Base._*"},{"item":{"pretty":"{B.b : Level} {B : Set B.b} {A.a : Level} {A : Set A.a} →\n(B → A → B) → B → List A → List B","thing":{"normalised":null,"original":{"contents":[{"item":{"contents":[{"Left":"Agda.Primitive.Level"},[]],"tag":"App"},"name":"B.b"},{"contents":[{"item":{"contents":"Set @0","tag":"Sort"},"name":"B"},{"contents":[{"item":{"contents":[{"Left":"Agda.Primitive.Level"},[]],"tag":"App"},"name":"A.a"},{"contents":[{"item":{"contents":"Set @0","tag":"Sort"},"name":"A"},{"contents":[{"item":{"contents":[{"item":{"contents":[{"Right":2},[]],"tag":"App"},"name":"_"},{"contents":[{"item":{"contents":[{"Right":0},[]],"tag":"App"},"name":"_"},{"contents":[{"Right":2},[]],"tag":"App"}],"tag":"Pi"}],"tag":"Pi"},"name":"_"},{"contents":[{"item":{"contents":[{"Right":2},[]],"tag":"App"},"name":"_"},{"contents":[{"item":{"contents":[{"Left":"Data.List.Kleene.Base._*"},[{"contents":[{"Right":1},[]],"tag":"App"},{"contents":[{"Right":0},[]],"tag":"App"}]],"tag":"App"},"name":"_"},{"contents":[{"Left":"Data.List.Kleene.Base._*"},[{"contents":[{"Right":3},[]],"tag":"App"},{"contents":[{"Right":2},[]],"tag":"App"}]],"tag":"App"}],"tag":"Pi"}],"tag":"Pi"}],"tag":"Pi"}],"tag":"Pi"}],"tag":"Pi"}],"tag":"Pi"}],"tag":"Pi"},"reduced":null,"simplified":null}},"name":"Data.List.Kleene.AsList.scanl"},{"item":{"pretty":"{A.a : Level} {A : Set A.a} → List A → List (List A)","thing":{"normalised":null,"original":{"contents":[{"item":{"contents":[{"Left":"Agda.Primitive.Level"},[]],"tag":"App"},"name":"A.a"},{"contents":[{"item":{"contents":"Set @0","tag":"Sort"},"name":"A"},{"contents":[{"item":{"contents":[{"Left":"Data.List.Kleene.Base._*"},[{"contents":[{"Right":1},[]],"tag":"App"},{"contents":[{"Right":0},[]],"tag":"App"}]],"tag":"App"},"name":"_"},{"contents":[{"Left":"Data.List.Kleene.Base._*"},[{"contents":[{"Right":1},[]],"tag":"App"},{"contents":[{"Left":"Data.List.Kleene.Base._*"},[{"contents":[{"Right":1},[]],"tag":"App"},{"contents":[{"Right":0},[]],"tag":"App"}]],"tag":"App"}]],"tag":"App"}],"tag":"Pi"}],"tag":"Pi"}],"tag":"Pi"},"reduced":null,"simplified":null}},"name":"Data.List.Kleene.AsList.tails"},{"item":{"pretty":"{a : Level} {A : Set a} → List A","thing":{"normalised":null,"original":{"contents":[{"item":{"contents":[{"Left":"Agda.Primitive.Level"},[]],"tag":"App"},"name":"a"},{"contents":[{"item":{"contents":"Set @0","tag":"Sort"},"name":"A"},{"contents":[{"Left":"Data.List.Kleene.Base._*"},[{"contents":[{"Right":1},[]],"tag":"App"},{"contents":[{"Right":0},[]],"tag":"App"}]],"tag":"App"}],"tag":"Pi"}],"tag":"Pi"},"reduced":null,"simplified":null}},"name":"Data.List.Kleene.Base._*.[]"},{"item":{"pretty":"{A.a : Level} {A : Set A.a} {B.b : Level} {B : Set B.b}\n(f : A → B → B) (b : B) →\nList A → B","thing":{"normalised":null,"original":{"contents":[{"item":{"contents":[{"Left":"Agda.Primitive.Level"},[]],"tag":"App"},"name":"A.a"},{"contents":[{"item":{"contents":"Set @0","tag":"Sort"},"name":"A"},{"contents":[{"item":{"contents":[{"Left":"Agda.Primitive.Level"},[]],"tag":"App"},"name":"B.b"},{"contents":[{"item":{"contents":"Set @0","tag":"Sort"},"name":"B"},{"contents":[{"item":{"contents":[{"item":{"contents":[{"Right":2},[]],"tag":"App"},"name":"_"},{"contents":[{"item":{"contents":[{"Right":0},[]],"tag":"App"},"name":"_"},{"contents":[{"Right":0},[]],"tag":"App"}],"tag":"Pi"}],"tag":"Pi"},"name":"f"},{"contents":[{"item":{"contents":[{"Right":1},[]],"tag":"App"},"name":"b"},{"contents":[{"item":{"contents":[{"Left":"Data.List.Kleene.Base._*"},[{"contents":[{"Right":5},[]],"tag":"App"},{"contents":[{"Right":4},[]],"tag":"App"}]],"tag":"App"},"name":"_"},{"contents":[{"Right":2},[]],"tag":"App"}],"tag":"Pi"}],"tag":"Pi"}],"tag":"Pi"}],"tag":"Pi"}],"tag":"Pi"}],"tag":"Pi"}],"tag":"Pi"},"reduced":null,"simplified":null}},"name":"Data.List.Kleene.Base._.foldr*"},{"item":{"pretty":"{B.b : Level} {B : Set B.b} {A.a : Level} {A : Set A.a}\n(f : B → A → B) →\nB → List A → B","thing":{"normalised":null,"original":{"contents":[{"item":{"contents":[{"Left":"Agda.Primitive.Level"},[]],"tag":"App"},"name":"B.b"},{"contents":[{"item":{"contents":"Set @0","tag":"Sort"},"name":"B"},{"contents":[{"item":{"contents":[{"Left":"Agda.Primitive.Level"},[]],"tag":"App"},"name":"A.a"},{"contents":[{"item":{"contents":"Set @0","tag":"Sort"},"name":"A"},{"contents":[{"item":{"contents":[{"item":{"contents":[{"Right":2},[]],"tag":"App"},"name":"_"},{"contents":[{"item":{"contents":[{"Right":0},[]],"tag":"App"},"name":"_"},{"contents":[{"Right":2},[]],"tag":"App"}],"tag":"Pi"}],"tag":"Pi"},"name":"f"},{"contents":[{"item":{"contents":[{"Right":3},[]],"tag":"App"},"name":"_"},{"contents":[{"item":{"contents":[{"Left":"Data.List.Kleene.Base._*"},[{"contents":[{"Right":2},[]],"tag":"App"},{"contents":[{"Right":1},[]],"tag":"App"}]],"tag":"App"},"name":"_"},{"contents":[{"Right":3},[]],"tag":"App"}],"tag":"Pi"}],"tag":"Pi"}],"tag":"Pi"}],"tag":"Pi"}],"tag":"Pi"}],"tag":"Pi"}],"tag":"Pi"},"reduced":null,"simplified":null}},"name":"Data.List.Kleene.Base._.foldl*"},{"item":{"pretty":"{A.a : Level} {A : Set A.a} → List A → List A → List A","thing":{"normalised":null,"original":{"contents":[{"item":{"contents":[{"Left":"Agda.Primitive.Level"},[]],"tag":"App"},"name":"A.a"},{"contents":[{"item":{"contents":"Set @0","tag":"Sort"},"name":"A"},{"contents":[{"item":{"contents":[{"Left":"Data.List.Kleene.Base._*"},[{"contents":[{"Right":1},[]],"tag":"App"},{"contents":[{"Right":0},[]],"tag":"App"}]],"tag":"App"},"name":"_"},{"contents":[{"item":{"contents":[{"Left":"Data.List.Kleene.Base._*"},[{"contents":[{"Right":1},[]],"tag":"App"},{"contents":[{"Right":0},[]],"tag":"App"}]],"tag":"App"},"name":"_"},{"contents":[{"Left":"Data.List.Kleene.Base._*"},[{"contents":[{"Right":1},[]],"tag":"App"},{"contents":[{"Right":0},[]],"tag":"App"}]],"tag":"App"}],"tag":"Pi"}],"tag":"Pi"}],"tag":"Pi"}],"tag":"Pi"},"reduced":null,"simplified":null}},"name":"Data.List.Kleene.Base.Concat._*++*_"},{"item":{"pretty":"{A.a : Level} {A : Set A.a} {B.b : Level} {B : Set B.b}\n(f : A → B) →\nList A → List B","thing":{"normalised":null,"original":{"contents":[{"item":{"contents":[{"Left":"Agda.Primitive.Level"},[]],"tag":"App"},"name":"A.a"},{"contents":[{"item":{"contents":"Set @0","tag":"Sort"},"name":"A"},{"contents":[{"item":{"contents":[{"Left":"Agda.Primitive.Level"},[]],"tag":"App"},"name":"B.b"},{"contents":[{"item":{"contents":"Set @0","tag":"Sort"},"name":"B"},{"contents":[{"item":{"contents":[{"item":{"contents":[{"Right":2},[]],"tag":"App"},"name":"_"},{"contents":[{"Right":0},[]],"tag":"App"}],"tag":"Pi"},"name":"f"},{"contents":[{"item":{"contents":[{"Left":"Data.List.Kleene.Base._*"},[{"contents":[{"Right":4},[]],"tag":"App"},{"contents":[{"Right":3},[]],"tag":"App"}]],"tag":"App"},"name":"_"},{"contents":[{"Left":"Data.List.Kleene.Base._*"},[{"contents":[{"Right":2},[]],"tag":"App"},{"contents":[{"Right":1},[]],"tag":"App"}]],"tag":"App"}],"tag":"Pi"}],"tag":"Pi"}],"tag":"Pi"}],"tag":"Pi"}],"tag":"Pi"}],"tag":"Pi"},"reduced":null,"simplified":null}},"name":"Data.List.Kleene.Base._.map*"},{"item":{"pretty":"{A.a : Level} {A : Set A.a} {B.b : Level} {B : Set B.b}\n(f : A → Agda.Builtin.Maybe.Maybe B) →\nList A → List B","thing":{"normalised":null,"original":{"contents":[{"item":{"contents":[{"Left":"Agda.Primitive.Level"},[]],"tag":"App"},"name":"A.a"},{"contents":[{"item":{"contents":"Set @0","tag":"Sort"},"name":"A"},{"contents":[{"item":{"contents":[{"Left":"Agda.Primitive.Level"},[]],"tag":"App"},"name":"B.b"},{"contents":[{"item":{"contents":"Set @0","tag":"Sort"},"name":"B"},{"contents":[{"item":{"contents":[{"item":{"contents":[{"Right":2},[]],"tag":"App"},"name":"_"},{"contents":[{"Left":"Agda.Builtin.Maybe.Maybe"},[{"contents":[{"Right":1},[]],"tag":"App"},{"contents":[{"Right":0},[]],"tag":"App"}]],"tag":"App"}],"tag":"Pi"},"name":"f"},{"contents":[{"item":{"contents":[{"Left":"Data.List.Kleene.Base._*"},[{"contents":[{"Right":4},[]],"tag":"App"},{"contents":[{"Right":3},[]],"tag":"App"}]],"tag":"App"},"name":"_"},{"contents":[{"Left":"Data.List.Kleene.Base._*"},[{"contents":[{"Right":2},[]],"tag":"App"},{"contents":[{"Right":1},[]],"tag":"App"}]],"tag":"App"}],"tag":"Pi"}],"tag":"Pi"}],"tag":"Pi"}],"tag":"Pi"}],"tag":"Pi"}],"tag":"Pi"},"reduced":null,"simplified":null}},"name":"Data.List.Kleene.Base._.mapMaybe*"},{"item":{"pretty":"{A.a : Level} {A : Set A.a} → A → List A","thing":{"normalised":null,"original":{"contents":[{"item":{"contents":[{"Left":"Agda.Primitive.Level"},[]],"tag":"App"},"name":"A.a"},{"contents":[{"item":{"contents":"Set @0","tag":"Sort"},"name":"A"},{"contents":[{"item":{"contents":[{"Right":0},[]],"tag":"App"},"name":"_"},{"contents":[{"Left":"Data.List.Kleene.Base._*"},[{"contents":[{"Right":1},[]],"tag":"App"},{"contents":[{"Right":0},[]],"tag":"App"}]],"tag":"App"}],"tag":"Pi"}],"tag":"Pi"}],"tag":"Pi"},"reduced":null,"simplified":null}},"name":"Data.List.Kleene.Base.pure*"},{"item":{"pretty":"{A.a : Level} {A : Set A.a} {B.b : Level} {B : Set B.b} →\nList (A → B) → List A → List B","thing":{"normalised":null,"original":{"contents":[{"item":{"contents":[{"Left":"Agda.Primitive.Level"},[]],"tag":"App"},"name":"A.a"},{"contents":[{"item":{"contents":"Set @0","tag":"Sort"},"name":"A"},{"contents":[{"item":{"contents":[{"Left":"Agda.Primitive.Level"},[]],"tag":"App"},"name":"B.b"},{"contents":[{"item":{"contents":"Set @0","tag":"Sort"},"name":"B"},{"contents":[{"item":{"contents":[{"Left":"Data.List.Kleene.Base._*"},[{"contents":"lub @3 @1","tag":"Level"},{"contents":[{"item":{"contents":[{"Right":2},[]],"tag":"App"},"name":"_"},{"contents":[{"Right":0},[]],"tag":"App"}],"tag":"Pi"}]],"tag":"App"},"name":"_"},{"contents":[{"item":{"contents":[{"Left":"Data.List.Kleene.Base._*"},[{"contents":[{"Right":3},[]],"tag":"App"},{"contents":[{"Right":2},[]],"tag":"App"}]],"tag":"App"},"name":"_"},{"contents":[{"Left":"Data.List.Kleene.Base._*"},[{"contents":[{"Right":1},[]],"tag":"App"},{"contents":[{"Right":0},[]],"tag":"App"}]],"tag":"App"}],"tag":"Pi"}],"tag":"Pi"}],"tag":"Pi"}],"tag":"Pi"}],"tag":"Pi"}],"tag":"Pi"},"reduced":null,"simplified":null}},"name":"Data.List.Kleene.Base.Apply._*<*>*_"},{"item":{"pretty":"{A.a : Level} {A : Set A.a} {B.b : Level} {B : Set B.b} →\nList A → (A → List B) → List B","thing":{"normalised":null,"original":{"contents":[{"item":{"contents":[{"Left":"Agda.Primitive.Level"},[]],"tag":"App"},"name":"A.a"},{"contents":[{"item":{"contents":"Set @0","tag":"Sort"},"name":"A"},{"contents":[{"item":{"contents":[{"Left":"Agda.Primitive.Level"},[]],"tag":"App"},"name":"B.b"},{"contents":[{"item":{"contents":"Set @0","tag":"Sort"},"name":"B"},{"contents":[{"item":{"contents":[{"Left":"Data.List.Kleene.Base._*"},[{"contents":[{"Right":3},[]],"tag":"App"},{"contents":[{"Right":2},[]],"tag":"App"}]],"tag":"App"},"name":"_"},{"contents":[{"item":{"contents":[{"item":{"contents":[{"Right":2},[]],"tag":"App"},"name":"_"},{"contents":[{"Left":"Data.List.Kleene.Base._*"},[{"contents":[{"Right":1},[]],"tag":"App"},{"contents":[{"Right":0},[]],"tag":"App"}]],"tag":"App"}],"tag":"Pi"},"name":"_"},{"contents":[{"Left":"Data.List.Kleene.Base._*"},[{"contents":[{"Right":1},[]],"tag":"App"},{"contents":[{"Right":0},[]],"tag":"App"}]],"tag":"App"}],"tag":"Pi"}],"tag":"Pi"}],"tag":"Pi"}],"tag":"Pi"}],"tag":"Pi"}],"tag":"Pi"},"reduced":null,"simplified":null}},"name":"Data.List.Kleene.Base.Bind._*>>=*_"},{"item":{"pretty":"{B.b : Level} {B : Set B.b} {A.a : Level} {A : Set A.a}\n{C.c : Level} {C : Set C.c} (f : B → A → B Data.Product.× C) →\nB → List A → B Data.Product.× List C","thing":{"normalised":{"contents":[{"item":{"contents":[{"Left":"Agda.Primitive.Level"},[]],"tag":"App"},"name":"B.b"},{"contents":[{"item":{"contents":"Set @0","tag":"Sort"},"name":"B"},{"contents":[{"item":{"contents":[{"Left":"Agda.Primitive.Level"},[]],"tag":"App"},"name":"A.a"},{"contents":[{"item":{"contents":"Set @0","tag":"Sort"},"name":"A"},{"contents":[{"item":{"contents":[{"Left":"Agda.Primitive.Level"},[]],"tag":"App"},"name":"C.c"},{"contents":[{"item":{"contents":"Set @0","tag":"Sort"},"name":"C"},{"contents":[{"item":{"contents":[{"item":{"contents":[{"Right":4},[]],"tag":"App"},"name":"_"},{"contents":[{"item":{"contents":[{"Right":2},[]],"tag":"App"},"name":"_"},{"contents":[{"Left":"Agda.Builtin.Sigma.Σ"},[{"contents":[{"Right":5},[]],"tag":"App"},{"contents":[{"Right":1},[]],"tag":"App"},{"contents":[{"Right":4},[]],"tag":"App"},{"contents":{"item":{"contents":[{"Right":1},[]],"tag":"App"},"name":"x"},"tag":"Lam"}]],"tag":"App"}],"tag":"Pi"}],"tag":"Pi"},"name":"f"},{"contents":[{"item":{"contents":[{"Right":5},[]],"tag":"App"},"name":"_"},{"contents":[{"item":{"contents":[{"Left":"Data.List.Kleene.Base._*"},[{"contents":[{"Right":4},[]],"tag":"App"},{"contents":[{"Right":3},[]],"tag":"App"}]],"tag":"App"},"name":"_"},{"contents":[{"Left":"Agda.Builtin.Sigma.Σ"},[{"contents":[{"Right":6},[]],"tag":"App"},{"contents":[{"Right":2},[]],"tag":"App"},{"contents":[{"Right":5},[]],"tag":"App"},{"contents":{"item":{"contents":[{"Left":"Data.List.Kleene.Base._*"},[{"contents":[{"Right":3},[]],"tag":"App"},{"contents":[{"Right":2},[]],"tag":"App"}]],"tag":"App"},"name":"x"},"tag":"Lam"}]],"tag":"App"}],"tag":"Pi"}],"tag":"Pi"}],"tag":"Pi"}],"tag":"Pi"}],"tag":"Pi"}],"tag":"Pi"}],"tag":"Pi"}],"tag":"Pi"}],"tag":"Pi"},"original":{"contents":[{"item":{"contents":[{"Left":"Agda.Primitive.Level"},[]],"tag":"App"},"name":"B.b"},{"contents":[{"item":{"contents":"Set @0","tag":"Sort"},"name":"B"},{"contents":[{"item":{"contents":[{"Left":"Agda.Primitive.Level"},[]],"tag":"App"},"name":"A.a"},{"contents":[{"item":{"contents":"Set @0","tag":"Sort"},"name":"A"},{"contents":[{"item":{"contents":[{"Left":"Agda.Primitive.Level"},[]],"tag":"App"},"name":"C.c"},{"contents":[{"item":{"contents":"Set @0","tag":"Sort"},"name":"C"},{"contents":[{"item":{"contents":[{"item":{"contents":[{"Right":4},[]],"tag":"App"},"name":"_"},{"contents":[{"item":{"contents":[{"Right":2},[]],"tag":"App"},"name":"_"},{"contents":[{"Left":"Data.Product._×_"},[{"contents":[{"Right":5},[]],"tag":"App"},{"contents":[{"Right":1},[]],"tag":"App"},{"contents":[{"Right":4},[]],"tag":"App"},{"contents":[{"Right":0},[]],"tag":"App"}]],"tag":"App"}],"tag":"Pi"}],"tag":"Pi"},"name":"f"},{"contents":[{"item":{"contents":[{"Right":5},[]],"tag":"App"},"name":"_"},{"contents":[{"item":{"contents":[{"Left":"Data.List.Kleene.Base._*"},[{"contents":[{"Right":4},[]],"tag":"App"},{"contents":[{"Right":3},[]],"tag":"App"}]],"tag":"App"},"name":"_"},{"contents":[{"Left":"Data.Product._×_"},[{"contents":[{"Right":6},[]],"tag":"App"},{"contents":[{"Right":2},[]],"tag":"App"},{"contents":[{"Right":5},[]],"tag":"App"},{"contents":[{"Left":"Data.List.Kleene.Base._*"},[{"contents":[{"Right":2},[]],"tag":"App"},{"contents":[{"Right":1},[]],"tag":"App"}]],"tag":"App"}]],"tag":"App"}],"tag":"Pi"}],"tag":"Pi"}],"tag":"Pi"}],"tag":"Pi"}],"tag":"Pi"}],"tag":"Pi"}],"tag":"Pi"}],"tag":"Pi"}],"tag":"Pi"},"reduced":null,"simplified":null}},"name":"Data.List.Kleene.Base._.mapAccumˡ*"},{"item":{"pretty":"{A.a : Level} {A : Set A.a} {B.b : Level} {B : Set B.b}\n{C.c : Level} {C : Set C.c} (f : A → B → C Data.Product.× B)\n(b : B) →\nList A → List C Data.Product.× B","thing":{"normalised":{"contents":[{"item":{"contents":[{"Left":"Agda.Primitive.Level"},[]],"tag":"App"},"name":"A.a"},{"contents":[{"item":{"contents":"Set @0","tag":"Sort"},"name":"A"},{"contents":[{"item":{"contents":[{"Left":"Agda.Primitive.Level"},[]],"tag":"App"},"name":"B.b"},{"contents":[{"item":{"contents":"Set @0","tag":"Sort"},"name":"B"},{"contents":[{"item":{"contents":[{"Left":"Agda.Primitive.Level"},[]],"tag":"App"},"name":"C.c"},{"contents":[{"item":{"contents":"Set @0","tag":"Sort"},"name":"C"},{"contents":[{"item":{"contents":[{"item":{"contents":[{"Right":4},[]],"tag":"App"},"name":"_"},{"contents":[{"item":{"contents":[{"Right":2},[]],"tag":"App"},"name":"_"},{"contents":[{"Left":"Agda.Builtin.Sigma.Σ"},[{"contents":[{"Right":1},[]],"tag":"App"},{"contents":[{"Right":3},[]],"tag":"App"},{"contents":[{"Right":0},[]],"tag":"App"},{"contents":{"item":{"contents":[{"Right":3},[]],"tag":"App"},"name":"x"},"tag":"Lam"}]],"tag":"App"}],"tag":"Pi"}],"tag":"Pi"},"name":"f"},{"contents":[{"item":{"contents":[{"Right":3},[]],"tag":"App"},"name":"b"},{"contents":[{"item":{"contents":[{"Left":"Data.List.Kleene.Base._*"},[{"contents":[{"Right":7},[]],"tag":"App"},{"contents":[{"Right":6},[]],"tag":"App"}]],"tag":"App"},"name":"_"},{"contents":[{"Left":"Agda.Builtin.Sigma.Σ"},[{"contents":[{"Right":3},[]],"tag":"App"},{"contents":[{"Right":5},[]],"tag":"App"},{"contents":[{"Left":"Data.List.Kleene.Base._*"},[{"contents":[{"Right":3},[]],"tag":"App"},{"contents":[{"Right":2},[]],"tag":"App"}]],"tag":"App"},{"contents":{"item":{"contents":[{"Right":5},[]],"tag":"App"},"name":"x"},"tag":"Lam"}]],"tag":"App"}],"tag":"Pi"}],"tag":"Pi"}],"tag":"Pi"}],"tag":"Pi"}],"tag":"Pi"}],"tag":"Pi"}],"tag":"Pi"}],"tag":"Pi"}],"tag":"Pi"},"original":{"contents":[{"item":{"contents":[{"Left":"Agda.Primitive.Level"},[]],"tag":"App"},"name":"A.a"},{"contents":[{"item":{"contents":"Set @0","tag":"Sort"},"name":"A"},{"contents":[{"item":{"contents":[{"Left":"Agda.Primitive.Level"},[]],"tag":"App"},"name":"B.b"},{"contents":[{"item":{"contents":"Set @0","tag":"Sort"},"name":"B"},{"contents":[{"item":{"contents":[{"Left":"Agda.Primitive.Level"},[]],"tag":"App"},"name":"C.c"},{"contents":[{"item":{"contents":"Set @0","tag":"Sort"},"name":"C"},{"contents":[{"item":{"contents":[{"item":{"contents":[{"Right":4},[]],"tag":"App"},"name":"_"},{"contents":[{"item":{"contents":[{"Right":2},[]],"tag":"App"},"name":"_"},{"contents":[{"Left":"Data.Product._×_"},[{"contents":[{"Right":1},[]],"tag":"App"},{"contents":[{"Right":3},[]],"tag":"App"},{"contents":[{"Right":0},[]],"tag":"App"},{"contents":[{"Right":2},[]],"tag":"App"}]],"tag":"App"}],"tag":"Pi"}],"tag":"Pi"},"name":"f"},{"contents":[{"item":{"contents":[{"Right":3},[]],"tag":"App"},"name":"b"},{"contents":[{"item":{"contents":[{"Left":"Data.List.Kleene.Base._*"},[{"contents":[{"Right":7},[]],"tag":"App"},{"contents":[{"Right":6},[]],"tag":"App"}]],"tag":"App"},"name":"_"},{"contents":[{"Left":"Data.Product._×_"},[{"contents":[{"Right":3},[]],"tag":"App"},{"contents":[{"Right":5},[]],"tag":"App"},{"contents":[{"Left":"Data.List.Kleene.Base._*"},[{"contents":[{"Right":3},[]],"tag":"App"},{"contents":[{"Right":2},[]],"tag":"App"}]],"tag":"App"},{"contents":[{"Right":4},[]],"tag":"App"}]],"tag":"App"}],"tag":"Pi"}],"tag":"Pi"}],"tag":"Pi"}],"tag":"Pi"}],"tag":"Pi"}],"tag":"Pi"}],"tag":"Pi"}],"tag":"Pi"}],"tag":"Pi"},"reduced":null,"simplified":null}},"name":"Data.List.Kleene.Base._.mapAccumʳ*"},{"item":{"pretty":"{A.a : Level} {A : Set A.a} →\nList A → Agda.Builtin.Nat.Nat → Agda.Builtin.Maybe.Maybe A","thing":{"normalised":null,"original":{"contents":[{"item":{"contents":[{"Left":"Agda.Primitive.Level"},[]],"tag":"App"},"name":"A.a"},{"contents":[{"item":{"contents":"Set @0","tag":"Sort"},"name":"A"},{"contents":[{"item":{"contents":[{"Left":"Data.List.Kleene.Base._*"},[{"contents":[{"Right":1},[]],"tag":"App"},{"contents":[{"Right":0},[]],"tag":"App"}]],"tag":"App"},"name":"_"},{"contents":[{"item":{"contents":[{"Left":"Agda.Builtin.Nat.Nat"},[]],"tag":"App"},"name":"_"},{"contents":[{"Left":"Agda.Builtin.Maybe.Maybe"},[{"contents":[{"Right":1},[]],"tag":"App"},{"contents":[{"Right":0},[]],"tag":"App"}]],"tag":"App"}],"tag":"Pi"}],"tag":"Pi"}],"tag":"Pi"}],"tag":"Pi"},"reduced":null,"simplified":null}},"name":"Data.List.Kleene.Base._[_]*"},{"item":{"pretty":"{A.a : Level} {A : Set A.a} →\n(Agda.Builtin.Nat.Nat → A) → Agda.Builtin.Nat.Nat → List A","thing":{"normalised":null,"original":{"contents":[{"item":{"contents":[{"Left":"Agda.Primitive.Level"},[]],"tag":"App"},"name":"A.a"},{"contents":[{"item":{"contents":"Set @0","tag":"Sort"},"name":"A"},{"contents":[{"item":{"contents":[{"item":{"contents":[{"Left":"Agda.Builtin.Nat.Nat"},[]],"tag":"App"},"name":"_"},{"contents":[{"Right":0},[]],"tag":"App"}],"tag":"Pi"},"name":"_"},{"contents":[{"item":{"contents":[{"Left":"Agda.Builtin.Nat.Nat"},[]],"tag":"App"},"name":"_"},{"contents":[{"Left":"Data.List.Kleene.Base._*"},[{"contents":[{"Right":1},[]],"tag":"App"},{"contents":[{"Right":0},[]],"tag":"App"}]],"tag":"App"}],"tag":"Pi"}],"tag":"Pi"}],"tag":"Pi"}],"tag":"Pi"},"reduced":null,"simplified":null}},"name":"Data.List.Kleene.Base.applyUpTo*"},{"item":{"pretty":"Agda.Builtin.Nat.Nat → List Agda.Builtin.Nat.Nat","thing":{"normalised":null,"original":{"contents":[{"item":{"contents":[{"Left":"Agda.Builtin.Nat.Nat"},[]],"tag":"App"},"name":"_"},{"contents":[{"Left":"Data.List.Kleene.Base._*"},[{"contents":"lzero","tag":"Level"},{"contents":[{"Left":"Agda.Builtin.Nat.Nat"},[]],"tag":"App"}]],"tag":"App"}],"tag":"Pi"},"reduced":null,"simplified":null}},"name":"Data.List.Kleene.Base.upTo*"},{"item":{"pretty":"{A.a : Level} {A : Set A.a} {B.b : Level} {B : Set B.b}\n{C.c : Level} {C : Set C.c} (f : A → B → C) →\nList A → List B → List C","thing":{"normalised":null,"original":{"contents":[{"item":{"contents":[{"Left":"Agda.Primitive.Level"},[]],"tag":"App"},"name":"A.a"},{"contents":[{"item":{"contents":"Set @0","tag":"Sort"},"name":"A"},{"contents":[{"item":{"contents":[{"Left":"Agda.Primitive.Level"},[]],"tag":"App"},"name":"B.b"},{"contents":[{"item":{"contents":"Set @0","tag":"Sort"},"name":"B"},{"contents":[{"item":{"contents":[{"Left":"Agda.Primitive.Level"},[]],"tag":"App"},"name":"C.c"},{"contents":[{"item":{"contents":"Set @0","tag":"Sort"},"name":"C"},{"contents":[{"item":{"contents":[{"item":{"contents":[{"Right":4},[]],"tag":"App"},"name":"_"},{"contents":[{"item":{"contents":[{"Right":2},[]],"tag":"App"},"name":"_"},{"contents":[{"Right":0},[]],"tag":"App"}],"tag":"Pi"}],"tag":"Pi"},"name":"f"},{"contents":[{"item":{"contents":[{"Left":"Data.List.Kleene.Base._*"},[{"contents":[{"Right":6},[]],"tag":"App"},{"contents":[{"Right":5},[]],"tag":"App"}]],"tag":"App"},"name":"_"},{"contents":[{"item":{"contents":[{"Left":"Data.List.Kleene.Base._*"},[{"contents":[{"Right":4},[]],"tag":"App"},{"contents":[{"Right":3},[]],"tag":"App"}]],"tag":"App"},"name":"_"},{"contents":[{"Left":"Data.List.Kleene.Base._*"},[{"contents":[{"Right":2},[]],"tag":"App"},{"contents":[{"Right":1},[]],"tag":"App"}]],"tag":"App"}],"tag":"Pi"}],"tag":"Pi"}],"tag":"Pi"}],"tag":"Pi"}],"tag":"Pi"}],"tag":"Pi"}],"tag":"Pi"}],"tag":"Pi"}],"tag":"Pi"},"reduced":null,"simplified":null}},"name":"Data.List.Kleene.Base.ZipWith.*zipWith*"},{"item":{"pretty":"{A.a : Level} {A : Set A.a} {B.b : Level} {B : Set B.b}\n{C.c : Level} {C : Set C.c} (f : A → B Data.Product.× C) →\nList A → List B Data.Product.× List C","thing":{"normalised":{"contents":[{"item":{"contents":[{"Left":"Agda.Primitive.Level"},[]],"tag":"App"},"name":"A.a"},{"contents":[{"item":{"contents":"Set @0","tag":"Sort"},"name":"A"},{"contents":[{"item":{"contents":[{"Left":"Agda.Primitive.Level"},[]],"tag":"App"},"name":"B.b"},{"contents":[{"item":{"contents":"Set @0","tag":"Sort"},"name":"B"},{"contents":[{"item":{"contents":[{"Left":"Agda.Primitive.Level"},[]],"tag":"App"},"name":"C.c"},{"contents":[{"item":{"contents":"Set @0","tag":"Sort"},"name":"C"},{"contents":[{"item":{"contents":[{"item":{"contents":[{"Right":4},[]],"tag":"App"},"name":"_"},{"contents":[{"Left":"Agda.Builtin.Sigma.Σ"},[{"contents":[{"Right":3},[]],"tag":"App"},{"contents":[{"Right":1},[]],"tag":"App"},{"contents":[{"Right":2},[]],"tag":"App"},{"contents":{"item":{"contents":[{"Right":1},[]],"tag":"App"},"name":"x"},"tag":"Lam"}]],"tag":"App"}],"tag":"Pi"},"name":"f"},{"contents":[{"item":{"contents":[{"Left":"Data.List.Kleene.Base._*"},[{"contents":[{"Right":6},[]],"tag":"App"},{"contents":[{"Right":5},[]],"tag":"App"}]],"tag":"App"},"name":"_"},{"contents":[{"Left":"Agda.Builtin.Sigma.Σ"},[{"contents":[{"Right":4},[]],"tag":"App"},{"contents":[{"Right":2},[]],"tag":"App"},{"contents":[{"Left":"Data.List.Kleene.Base._*"},[{"contents":[{"Right":4},[]],"tag":"App"},{"contents":[{"Right":3},[]],"tag":"App"}]],"tag":"App"},{"contents":{"item":{"contents":[{"Left":"Data.List.Kleene.Base._*"},[{"contents":[{"Right":3},[]],"tag":"App"},{"contents":[{"Right":2},[]],"tag":"App"}]],"tag":"App"},"name":"x"},"tag":"Lam"}]],"tag":"App"}],"tag":"Pi"}],"tag":"Pi"}],"tag":"Pi"}],"tag":"Pi"}],"tag":"Pi"}],"tag":"Pi"}],"tag":"Pi"}],"tag":"Pi"},"original":{"contents":[{"item":{"contents":[{"Left":"Agda.Primitive.Level"},[]],"tag":"App"},"name":"A.a"},{"contents":[{"item":{"contents":"Set @0","tag":"Sort"},"name":"A"},{"contents":[{"item":{"contents":[{"Left":"Agda.Primitive.Level"},[]],"tag":"App"},"name":"B.b"},{"contents":[{"item":{"contents":"Set @0","tag":"Sort"},"name":"B"},{"contents":[{"item":{"contents":[{"Left":"Agda.Primitive.Level"},[]],"tag":"App"},"name":"C.c"},{"contents":[{"item":{"contents":"Set @0","tag":"Sort"},"name":"C"},{"contents":[{"item":{"contents":[{"item":{"contents":[{"Right":4},[]],"tag":"App"},"name":"_"},{"contents":[{"Left":"Data.Product._×_"},[{"contents":[{"Right":3},[]],"tag":"App"},{"contents":[{"Right":1},[]],"tag":"App"},{"contents":[{"Right":2},[]],"tag":"App"},{"contents":[{"Right":0},[]],"tag":"App"}]],"tag":"App"}],"tag":"Pi"},"name":"f"},{"contents":[{"item":{"contents":[{"Left":"Data.List.Kleene.Base._*"},[{"contents":[{"Right":6},[]],"tag":"App"},{"contents":[{"Right":5},[]],"tag":"App"}]],"tag":"App"},"name":"_"},{"contents":[{"Left":"Data.Product._×_"},[{"contents":[{"Right":4},[]],"tag":"App"},{"contents":[{"Right":2},[]],"tag":"App"},{"contents":[{"Left":"Data.List.Kleene.Base._*"},[{"contents":[{"Right":4},[]],"tag":"App"},{"contents":[{"Right":3},[]],"tag":"App"}]],"tag":"App"},{"contents":[{"Left":"Data.List.Kleene.Base._*"},[{"contents":[{"Right":2},[]],"tag":"App"},{"contents":[{"Right":1},[]],"tag":"App"}]],"tag":"App"}]],"tag":"App"}],"tag":"Pi"}],"tag":"Pi"}],"tag":"Pi"}],"tag":"Pi"}],"tag":"Pi"}],"tag":"Pi"}],"tag":"Pi"}],"tag":"Pi"},"reduced":null,"simplified":null}},"name":"Data.List.Kleene.Base.Unzip.unzipWith*"},{"item":{"pretty":"{A.a : Level} {A : Set A.a} {B.b : Level} {B : Set B.b}\n{C.c : Level} {C : Set C.c} (f : A → B Data.Sum.Base.⊎ C) →\nList A → List B Data.Product.× List C","thing":{"normalised":{"contents":[{"item":{"contents":[{"Left":"Agda.Primitive.Level"},[]],"tag":"App"},"name":"A.a"},{"contents":[{"item":{"contents":"Set @0","tag":"Sort"},"name":"A"},{"contents":[{"item":{"contents":[{"Left":"Agda.Primitive.Level"},[]],"tag":"App"},"name":"B.b"},{"contents":[{"item":{"contents":"Set @0","tag":"Sort"},"name":"B"},{"contents":[{"item":{"contents":[{"Left":"Agda.Primitive.Level"},[]],"tag":"App"},"name":"C.c"},{"contents":[{"item":{"contents":"Set @0","tag":"Sort"},"name":"C"},{"contents":[{"item":{"contents":[{"item":{"contents":[{"Right":4},[]],"tag":"App"},"name":"_"},{"contents":[{"Left":"Data.Sum.Base._⊎_"},[{"contents":[{"Right":3},[]],"tag":"App"},{"contents":[{"Right":1},[]],"tag":"App"},{"contents":[{"Right":2},[]],"tag":"App"},{"contents":[{"Right":0},[]],"tag":"App"}]],"tag":"App"}],"tag":"Pi"},"name":"f"},{"contents":[{"item":{"contents":[{"Left":"Data.List.Kleene.Base._*"},[{"contents":[{"Right":6},[]],"tag":"App"},{"contents":[{"Right":5},[]],"tag":"App"}]],"tag":"App"},"name":"_"},{"contents":[{"Left":"Agda.Builtin.Sigma.Σ"},[{"contents":[{"Right":4},[]],"tag":"App"},{"contents":[{"Right":2},[]],"tag":"App"},{"contents":[{"Left":"Data.List.Kleene.Base._*"},[{"contents":[{"Right":4},[]],"tag":"App"},{"contents":[{"Right":3},[]],"tag":"App"}]],"tag":"App"},{"contents":{"item":{"contents":[{"Left":"Data.List.Kleene.Base._*"},[{"contents":[{"Right":3},[]],"tag":"App"},{"contents":[{"Right":2},[]],"tag":"App"}]],"tag":"App"},"name":"x"},"tag":"Lam"}]],"tag":"App"}],"tag":"Pi"}],"tag":"Pi"}],"tag":"Pi"}],"tag":"Pi"}],"tag":"Pi"}],"tag":"Pi"}],"tag":"Pi"}],"tag":"Pi"},"original":{"contents":[{"item":{"contents":[{"Left":"Agda.Primitive.Level"},[]],"tag":"App"},"name":"A.a"},{"contents":[{"item":{"contents":"Set @0","tag":"Sort"},"name":"A"},{"contents":[{"item":{"contents":[{"Left":"Agda.Primitive.Level"},[]],"tag":"App"},"name":"B.b"},{"contents":[{"item":{"contents":"Set @0","tag":"Sort"},"name":"B"},{"contents":[{"item":{"contents":[{"Left":"Agda.Primitive.Level"},[]],"tag":"App"},"name":"C.c"},{"contents":[{"item":{"contents":"Set @0","tag":"Sort"},"name":"C"},{"contents":[{"item":{"contents":[{"item":{"contents":[{"Right":4},[]],"tag":"App"},"name":"_"},{"contents":[{"Left":"Data.Sum.Base._⊎_"},[{"contents":[{"Right":3},[]],"tag":"App"},{"contents":[{"Right":1},[]],"tag":"App"},{"contents":[{"Right":2},[]],"tag":"App"},{"contents":[{"Right":0},[]],"tag":"App"}]],"tag":"App"}],"tag":"Pi"},"name":"f"},{"contents":[{"item":{"contents":[{"Left":"Data.List.Kleene.Base._*"},[{"contents":[{"Right":6},[]],"tag":"App"},{"contents":[{"Right":5},[]],"tag":"App"}]],"tag":"App"},"name":"_"},{"contents":[{"Left":"Data.Product._×_"},[{"contents":[{"Right":4},[]],"tag":"App"},{"contents":[{"Right":2},[]],"tag":"App"},{"contents":[{"Left":"Data.List.Kleene.Base._*"},[{"contents":[{"Right":4},[]],"tag":"App"},{"contents":[{"Right":3},[]],"tag":"App"}]],"tag":"App"},{"contents":[{"Left":"Data.List.Kleene.Base._*"},[{"contents":[{"Right":2},[]],"tag":"App"},{"contents":[{"Right":1},[]],"tag":"App"}]],"tag":"App"}]],"tag":"App"}],"tag":"Pi"}],"tag":"Pi"}],"tag":"Pi"}],"tag":"Pi"}],"tag":"Pi"}],"tag":"Pi"}],"tag":"Pi"}],"tag":"Pi"},"reduced":null,"simplified":null}},"name":"Data.List.Kleene.Base.Partition.partitionSumsWith*"},{"item":{"pretty":"{A.a : Level} {A : Set A.a} → List A → List A","thing":{"normalised":null,"original":{"contents":[{"item":{"contents":[{"Left":"Agda.Primitive.Level"},[]],"tag":"App"},"name":"A.a"},{"contents":[{"item":{"contents":"Set @0","tag":"Sort"},"name":"A"},{"contents":[{"item":{"contents":[{"Left":"Data.List.Kleene.Base._*"},[{"contents":[{"Right":1},[]],"tag":"App"},{"contents":[{"Right":0},[]],"tag":"App"}]],"tag":"App"},"name":"_"},{"contents":[{"Left":"Data.List.Kleene.Base._*"},[{"contents":[{"Right":1},[]],"tag":"App"},{"contents":[{"Right":0},[]],"tag":"App"}]],"tag":"App"}],"tag":"Pi"}],"tag":"Pi"}],"tag":"Pi"},"reduced":null,"simplified":null}},"name":"Data.List.Kleene.Base.reverse*"}],"name":"Data.List.Kleene.AsList"},"samples":[{"ctx":{"pretty":"{A.a : Level} {A : Set A.a} (xs : List A)","thing":[{"item":{"contents":[{"Left":"Agda.Primitive.Level"},[]],"tag":"App"},"name":"A.a"},{"item":{"contents":"Set @0","tag":"Sort"},"name":"A"},{"item":{"contents":[{"Left":"Data.List.Kleene.Base._*"},[{"contents":[{"Right":1},[]],"tag":"App"},{"contents":[{"Right":0},[]],"tag":"App"}]],"tag":"App"},"name":"xs"}]},"goal":{"pretty":"Set A.a","thing":{"normalised":null,"original":{"contents":"Set @2","tag":"Sort"},"reduced":null,"simplified":null}},"term":{"pretty":"List (List A)","thing":{"normalised":null,"original":{"contents":[{"Left":"Data.List.Kleene.Base._*"},[{"contents":[{"Right":2},[]],"tag":"App"},{"contents":[{"Left":"Data.List.Kleene.Base._*"},[{"contents":[{"Right":2},[]],"tag":"App"},{"contents":[{"Right":1},[]],"tag":"App"}]],"tag":"App"}]],"tag":"App"},"reduced":null,"simplified":null}},"namesUsed":["Data.List.Kleene.Base._*","Data.List.Kleene.Base._*"]},{"ctx":{"pretty":"{A.a = A.a₁ : Level} {A = A₁ : Set A.a₁} (xs : List A₁)","thing":[{"item":{"contents":[{"Left":"Agda.Primitive.Level"},[]],"tag":"App"},"name":"A.a"},{"item":{"contents":"Set @0","tag":"Sort"},"name":"A"},{"item":{"contents":[{"Left":"Data.List.Kleene.Base._*"},[{"contents":[{"Right":1},[]],"tag":"App"},{"contents":[{"Right":0},[]],"tag":"App"}]],"tag":"App"},"name":"xs"}]},"goal":{"pretty":"Set A.a","thing":{"normalised":null,"original":{"contents":"Set @2","tag":"Sort"},"reduced":null,"simplified":null}},"term":{"pretty":"List A","thing":{"normalised":null,"original":{"contents":[{"Left":"Data.List.Kleene.Base._*"},[{"contents":[{"Right":2},[]],"tag":"App"},{"contents":[{"Right":1},[]],"tag":"App"}]],"tag":"App"},"reduced":null,"simplified":null}},"namesUsed":["Data.List.Kleene.Base._*"]},{"ctx":{"pretty":"{A.a = A.a₁ : Level} {A = A₁ : Set A.a₁} (xs : List A₁)","thing":[{"item":{"contents":[{"Left":"Agda.Primitive.Level"},[]],"tag":"App"},"name":"A.a"},{"item":{"contents":"Set @0","tag":"Sort"},"name":"A"},{"item":{"contents":[{"Left":"Data.List.Kleene.Base._*"},[{"contents":[{"Right":1},[]],"tag":"App"},{"contents":[{"Right":0},[]],"tag":"App"}]],"tag":"App"},"name":"xs"}]},"goal":{"pretty":"List A","thing":{"normalised":null,"original":{"contents":[{"Left":"Data.List.Kleene.Base._*"},[{"contents":[{"Right":2},[]],"tag":"App"},{"contents":[{"Right":1},[]],"tag":"App"}]],"tag":"App"},"reduced":null,"simplified":null}},"term":{"pretty":"[]","thing":{"normalised":null,"original":{"contents":[{"Left":"Data.List.Kleene.Base._*.[]"},[]],"tag":"App"},"reduced":null,"simplified":null}},"namesUsed":["Data.List.Kleene.Base._*.[]"]},{"ctx":{"pretty":"{A.a = A.a₁ : Level} {A = A₁ : Set A.a₁} (xs : List A₁)","thing":[{"item":{"contents":[{"Left":"Agda.Primitive.Level"},[]],"tag":"App"},"name":"A.a"},{"item":{"contents":"Set @0","tag":"Sort"},"name":"A"},{"item":{"contents":[{"Left":"Data.List.Kleene.Base._*"},[{"contents":[{"Right":1},[]],"tag":"App"},{"contents":[{"Right":0},[]],"tag":"App"}]],"tag":"App"},"name":"xs"}]},"goal":{"pretty":"List (List A)","thing":{"normalised":null,"original":{"contents":[{"Left":"Data.List.Kleene.Base._*"},[{"contents":[{"Right":2},[]],"tag":"App"},{"contents":[{"Left":"Data.List.Kleene.Base._*"},[{"contents":[{"Right":2},[]],"tag":"App"},{"contents":[{"Right":1},[]],"tag":"App"}]],"tag":"App"}]],"tag":"App"},"reduced":null,"simplified":null}},"term":{"pretty":"[]","thing":{"normalised":null,"original":{"contents":[{"Left":"Data.List.Kleene.Base._*.[]"},[]],"tag":"App"},"reduced":null,"simplified":null}},"namesUsed":["Data.List.Kleene.Base._*.[]"]}]}