{"scope":{"item":[{"item":{"pretty":"Setω₁","thing":{"normalised":null,"original":{"contents":"Setω1","tag":"Sort"},"reduced":null,"simplified":null}},"name":"Agda.Primitive.Setω"},{"item":{"pretty":"{a : Level} (ℓ : Level) (A : Set a) → Set (a ⊔ ℓ)","thing":{"normalised":null,"original":{"contents":[{"item":{"contents":[{"Left":"Agda.Primitive.Level"},[]],"tag":"App"},"name":"a"},{"contents":[{"item":{"contents":[{"Left":"Agda.Primitive.Level"},[]],"tag":"App"},"name":"ℓ"},{"contents":[{"item":{"contents":"Set @1","tag":"Sort"},"name":"A"},{"contents":"Set (lub @2 @1)","tag":"Sort"}],"tag":"Pi"}],"tag":"Pi"}],"tag":"Pi"},"reduced":null,"simplified":null}},"name":"Level.Lift"},{"item":{"pretty":"Set","thing":{"normalised":null,"original":{"contents":"Set","tag":"Sort"},"reduced":null,"simplified":null}},"name":"Agda.Primitive.Level"},{"item":{"pretty":"Level","thing":{"normalised":null,"original":{"contents":[{"Left":"Agda.Primitive.Level"},[]],"tag":"App"},"reduced":null,"simplified":null}},"name":"Agda.Primitive.lzero"},{"item":{"pretty":"{a ℓ : Level} {A : Set a} → Lift ℓ A → A","thing":{"normalised":null,"original":{"contents":[{"item":{"contents":[{"Left":"Agda.Primitive.Level"},[]],"tag":"App"},"name":"a"},{"contents":[{"item":{"contents":[{"Left":"Agda.Primitive.Level"},[]],"tag":"App"},"name":"ℓ"},{"contents":[{"item":{"contents":"Set @1","tag":"Sort"},"name":"A"},{"contents":[{"item":{"contents":[{"Left":"Level.Lift"},[{"contents":[{"Right":2},[]],"tag":"App"},{"contents":[{"Right":1},[]],"tag":"App"},{"contents":[{"Right":0},[]],"tag":"App"}]],"tag":"App"},"name":"r"},{"contents":[{"Right":0},[]],"tag":"App"}],"tag":"Pi"}],"tag":"Pi"}],"tag":"Pi"}],"tag":"Pi"},"reduced":null,"simplified":null}},"name":"Level.Lift.lower"},{"item":{"pretty":"Level → Level","thing":{"normalised":null,"original":{"contents":[{"item":{"contents":[{"Left":"Agda.Primitive.Level"},[]],"tag":"App"},"name":"ℓ"},{"contents":[{"Left":"Agda.Primitive.Level"},[]],"tag":"App"}],"tag":"Pi"},"reduced":null,"simplified":null}},"name":"Agda.Primitive.lsuc"},{"item":{"pretty":"{a ℓ : Level} {A : Set a} (lower₁ : A) → Lift ℓ A","thing":{"normalised":null,"original":{"contents":[{"item":{"contents":[{"Left":"Agda.Primitive.Level"},[]],"tag":"App"},"name":"a"},{"contents":[{"item":{"contents":[{"Left":"Agda.Primitive.Level"},[]],"tag":"App"},"name":"ℓ"},{"contents":[{"item":{"contents":"Set @1","tag":"Sort"},"name":"A"},{"contents":[{"item":{"contents":[{"Right":0},[]],"tag":"App"},"name":"lower"},{"contents":[{"Left":"Level.Lift"},[{"contents":[{"Right":3},[]],"tag":"App"},{"contents":[{"Right":2},[]],"tag":"App"},{"contents":[{"Right":1},[]],"tag":"App"}]],"tag":"App"}],"tag":"Pi"}],"tag":"Pi"}],"tag":"Pi"}],"tag":"Pi"},"reduced":null,"simplified":null}},"name":"Level.lift"},{"item":{"pretty":"Level","thing":{"normalised":null,"original":{"contents":[{"Left":"Agda.Primitive.Level"},[]],"tag":"App"},"reduced":null,"simplified":null}},"name":"Level.0ℓ"},{"item":{"pretty":"Level → Level → Level","thing":{"normalised":null,"original":{"contents":[{"item":{"contents":[{"Left":"Agda.Primitive.Level"},[]],"tag":"App"},"name":"ℓ₁"},{"contents":[{"item":{"contents":[{"Left":"Agda.Primitive.Level"},[]],"tag":"App"},"name":"ℓ₂"},{"contents":[{"Left":"Agda.Primitive.Level"},[]],"tag":"App"}],"tag":"Pi"}],"tag":"Pi"},"reduced":null,"simplified":null}},"name":"Agda.Primitive._⊔_"},{"item":{"pretty":"{a : Level} → Set a → Level","thing":{"normalised":null,"original":{"contents":[{"item":{"contents":[{"Left":"Agda.Primitive.Level"},[]],"tag":"App"},"name":"a"},{"contents":[{"item":{"contents":"Set @0","tag":"Sort"},"name":"_"},{"contents":[{"Left":"Agda.Primitive.Level"},[]],"tag":"App"}],"tag":"Pi"}],"tag":"Pi"},"reduced":null,"simplified":null}},"name":"Level.levelOfType"},{"item":{"pretty":"{a : Level} {A : Set a} → A → Level","thing":{"normalised":null,"original":{"contents":[{"item":{"contents":[{"Left":"Agda.Primitive.Level"},[]],"tag":"App"},"name":"a"},{"contents":[{"item":{"contents":"Set @0","tag":"Sort"},"name":"A"},{"contents":[{"item":{"contents":[{"Right":0},[]],"tag":"App"},"name":"_"},{"contents":[{"Left":"Agda.Primitive.Level"},[]],"tag":"App"}],"tag":"Pi"}],"tag":"Pi"}],"tag":"Pi"},"reduced":null,"simplified":null}},"name":"Level.levelOfTerm"},{"item":{"pretty":"{k r : Level} {Key : Set k} {_<_ : Rel Key r}\n(isStrictTotalOrder : IsStrictTotalOrder _≡_ _<_) {v : Level}\n{V\n : Data.Tree.AVL.Value.Value\n   (Relation.Binary.StrictPartialOrder.Eq.setoid\n    (StrictTotalOrder.strictPartialOrder\n     (Data.Tree.AVL.NonEmpty.Propositional.strictTotalOrder\n      isStrictTotalOrder)))\n   v} →\nStrictTotalOrder.Carrier\n(Data.Tree.AVL.NonEmpty.Propositional.strictTotalOrder\n isStrictTotalOrder) →\nData.Tree.AVL.NonEmpty.Tree⁺\n(Data.Tree.AVL.NonEmpty.Propositional.strictTotalOrder\n isStrictTotalOrder)\nV →\nAgda.Builtin.Maybe.Maybe\n(Data.Tree.AVL.NonEmpty.Tree⁺\n (Data.Tree.AVL.NonEmpty.Propositional.strictTotalOrder\n  isStrictTotalOrder)\n V)","thing":{"normalised":{"contents":[{"item":{"contents":[{"Left":"Agda.Primitive.Level"},[]],"tag":"App"},"name":"k"},{"contents":[{"item":{"contents":[{"Left":"Agda.Primitive.Level"},[]],"tag":"App"},"name":"r"},{"contents":[{"item":{"contents":"Set @1","tag":"Sort"},"name":"Key"},{"contents":[{"item":{"contents":[{"item":{"contents":[{"Right":0},[]],"tag":"App"},"name":"_"},{"contents":[{"item":{"contents":[{"Right":0},[]],"tag":"App"},"name":"_"},{"contents":"Set @1","tag":"Sort"}],"tag":"Pi"}],"tag":"Pi"},"name":"_<_"},{"contents":[{"item":{"contents":[{"Left":"Relation.Binary.Structures.IsStrictTotalOrder"},[{"contents":[{"Right":3},[]],"tag":"App"},{"contents":[{"Right":3},[]],"tag":"App"},{"contents":[{"Right":1},[]],"tag":"App"},{"contents":[{"Left":"Agda.Builtin.Equality._≡_"},[{"contents":[{"Right":3},[]],"tag":"App"},{"contents":[{"Right":1},[]],"tag":"App"}]],"tag":"App"},{"contents":[{"Right":2},[]],"tag":"App"},{"contents":[{"Right":0},[]],"tag":"App"}]],"tag":"App"},"name":"isStrictTotalOrder"},{"contents":[{"item":{"contents":[{"Left":"Agda.Primitive.Level"},[]],"tag":"App"},"name":"v"},{"contents":[{"item":{"contents":[{"Left":"Data.Tree.AVL.Value.Value"},[{"contents":[{"Right":5},[]],"tag":"App"},{"contents":[{"Right":5},[]],"tag":"App"},{"contents":[{"Left":"Relation.Binary.Bundles.StrictPartialOrder.Eq.setoid"},[{"contents":[{"Right":5},[]],"tag":"App"},{"contents":[{"Right":5},[]],"tag":"App"},{"contents":[{"Right":4},[]],"tag":"App"},{"contents":[{"Left":"Relation.Binary.Bundles.StrictTotalOrder.strictPartialOrder"},[{"contents":[{"Right":5},[]],"tag":"App"},{"contents":[{"Right":5},[]],"tag":"App"},{"contents":[{"Right":4},[]],"tag":"App"},{"contents":[{"Left":"Relation.Binary.Bundles.StrictTotalOrder.constructor"},[{"contents":[{"Right":3},[]],"tag":"App"},{"contents":[{"Left":"Agda.Builtin.Equality._≡_"},[{"contents":[{"Right":5},[]],"tag":"App"},{"contents":[{"Right":3},[]],"tag":"App"}]],"tag":"App"},{"contents":[{"Right":2},[]],"tag":"App"},{"contents":[{"Right":1},[]],"tag":"App"}]],"tag":"App"}]],"tag":"App"}]],"tag":"App"},{"contents":[{"Right":0},[]],"tag":"App"}]],"tag":"App"},"name":"V"},{"contents":[{"item":{"contents":[{"Right":4},[]],"tag":"App"},"name":"_"},{"contents":[{"item":{"contents":[{"Left":"Data.Tree.AVL.NonEmpty.Tree⁺"},[{"contents":[{"Right":6},[]],"tag":"App"},{"contents":[{"Right":6},[]],"tag":"App"},{"contents":[{"Right":5},[]],"tag":"App"},{"contents":[{"Left":"Relation.Binary.Bundles.StrictTotalOrder.constructor"},[{"contents":[{"Right":4},[]],"tag":"App"},{"contents":[{"Left":"Agda.Builtin.Equality._≡_"},[{"contents":[{"Right":6},[]],"tag":"App"},{"contents":[{"Right":4},[]],"tag":"App"}]],"tag":"App"},{"contents":[{"Right":3},[]],"tag":"App"},{"contents":[{"Right":2},[]],"tag":"App"}]],"tag":"App"},{"contents":[{"Right":1},[]],"tag":"App"},{"contents":[{"Right":0},[]],"tag":"App"}]],"tag":"App"},"name":"_"},{"contents":[{"Left":"Agda.Builtin.Maybe.Maybe"},[{"contents":"lub @6 lub @5 @1","tag":"Level"},{"contents":[{"Left":"Data.Tree.AVL.NonEmpty.Tree⁺"},[{"contents":[{"Right":6},[]],"tag":"App"},{"contents":[{"Right":6},[]],"tag":"App"},{"contents":[{"Right":5},[]],"tag":"App"},{"contents":[{"Left":"Relation.Binary.Bundles.StrictTotalOrder.constructor"},[{"contents":[{"Right":4},[]],"tag":"App"},{"contents":[{"Left":"Agda.Builtin.Equality._≡_"},[{"contents":[{"Right":6},[]],"tag":"App"},{"contents":[{"Right":4},[]],"tag":"App"}]],"tag":"App"},{"contents":[{"Right":3},[]],"tag":"App"},{"contents":[{"Right":2},[]],"tag":"App"}]],"tag":"App"},{"contents":[{"Right":1},[]],"tag":"App"},{"contents":[{"Right":0},[]],"tag":"App"}]],"tag":"App"}]],"tag":"App"}],"tag":"Pi"}],"tag":"Pi"}],"tag":"Pi"}],"tag":"Pi"}],"tag":"Pi"}],"tag":"Pi"}],"tag":"Pi"}],"tag":"Pi"}],"tag":"Pi"},"original":{"contents":[{"item":{"contents":[{"Left":"Agda.Primitive.Level"},[]],"tag":"App"},"name":"k"},{"contents":[{"item":{"contents":[{"Left":"Agda.Primitive.Level"},[]],"tag":"App"},"name":"r"},{"contents":[{"item":{"contents":"Set @1","tag":"Sort"},"name":"Key"},{"contents":[{"item":{"contents":[{"Left":"Relation.Binary.Core.Rel"},[{"contents":[{"Right":2},[]],"tag":"App"},{"contents":[{"Right":0},[]],"tag":"App"},{"contents":[{"Right":1},[]],"tag":"App"}]],"tag":"App"},"name":"_<_"},{"contents":[{"item":{"contents":[{"Left":"Relation.Binary.Structures.IsStrictTotalOrder"},[{"contents":[{"Right":3},[]],"tag":"App"},{"contents":[{"Right":3},[]],"tag":"App"},{"contents":[{"Right":1},[]],"tag":"App"},{"contents":[{"Left":"Agda.Builtin.Equality._≡_"},[{"contents":[{"Right":3},[]],"tag":"App"},{"contents":[{"Right":1},[]],"tag":"App"}]],"tag":"App"},{"contents":[{"Right":2},[]],"tag":"App"},{"contents":[{"Right":0},[]],"tag":"App"}]],"tag":"App"},"name":"isStrictTotalOrder"},{"contents":[{"item":{"contents":[{"Left":"Agda.Primitive.Level"},[]],"tag":"App"},"name":"v"},{"contents":[{"item":{"contents":[{"Left":"Data.Tree.AVL.NonEmpty._.Value"},[{"contents":[{"Right":5},[]],"tag":"App"},{"contents":[{"Right":5},[]],"tag":"App"},{"contents":[{"Right":4},[]],"tag":"App"},{"contents":[{"Left":"Data.Tree.AVL.NonEmpty.Propositional.strictTotalOrder"},[{"contents":[{"Right":5},[]],"tag":"App"},{"contents":[{"Right":4},[]],"tag":"App"},{"contents":[{"Right":3},[]],"tag":"App"},{"contents":[{"Right":2},[]],"tag":"App"},{"contents":[{"Right":1},[]],"tag":"App"}]],"tag":"App"},{"contents":[{"Right":0},[]],"tag":"App"}]],"tag":"App"},"name":"V"},{"contents":[{"item":{"contents":[{"Left":"Data.Tree.AVL.NonEmpty.Propositional.strictTotalOrder"},[{"contents":[{"Right":6},[]],"tag":"App"},{"contents":[{"Right":5},[]],"tag":"App"},{"contents":[{"Right":4},[]],"tag":"App"},{"contents":[{"Right":3},[]],"tag":"App"},{"contents":[{"Right":2},[]],"tag":"App"},{"contents":[{"Left":"Relation.Binary.Bundles.StrictTotalOrder.Carrier"},[]],"tag":"App"}]],"tag":"App"},"name":"_"},{"contents":[{"item":{"contents":[{"Left":"Data.Tree.AVL.NonEmpty.Tree⁺"},[{"contents":[{"Right":6},[]],"tag":"App"},{"contents":[{"Right":6},[]],"tag":"App"},{"contents":[{"Right":5},[]],"tag":"App"},{"contents":[{"Left":"Data.Tree.AVL.NonEmpty.Propositional.strictTotalOrder"},[{"contents":[{"Right":6},[]],"tag":"App"},{"contents":[{"Right":5},[]],"tag":"App"},{"contents":[{"Right":4},[]],"tag":"App"},{"contents":[{"Right":3},[]],"tag":"App"},{"contents":[{"Right":2},[]],"tag":"App"}]],"tag":"App"},{"contents":[{"Right":1},[]],"tag":"App"},{"contents":[{"Right":0},[]],"tag":"App"}]],"tag":"App"},"name":"_"},{"contents":[{"Left":"Agda.Builtin.Maybe.Maybe"},[{"contents":"lub @6 lub @5 @1","tag":"Level"},{"contents":[{"Left":"Data.Tree.AVL.NonEmpty.Tree⁺"},[{"contents":[{"Right":6},[]],"tag":"App"},{"contents":[{"Right":6},[]],"tag":"App"},{"contents":[{"Right":5},[]],"tag":"App"},{"contents":[{"Left":"Data.Tree.AVL.NonEmpty.Propositional.strictTotalOrder"},[{"contents":[{"Right":6},[]],"tag":"App"},{"contents":[{"Right":5},[]],"tag":"App"},{"contents":[{"Right":4},[]],"tag":"App"},{"contents":[{"Right":3},[]],"tag":"App"},{"contents":[{"Right":2},[]],"tag":"App"}]],"tag":"App"},{"contents":[{"Right":1},[]],"tag":"App"},{"contents":[{"Right":0},[]],"tag":"App"}]],"tag":"App"}]],"tag":"App"}],"tag":"Pi"}],"tag":"Pi"}],"tag":"Pi"}],"tag":"Pi"}],"tag":"Pi"}],"tag":"Pi"}],"tag":"Pi"}],"tag":"Pi"}],"tag":"Pi"},"reduced":null,"simplified":null}},"name":"Data.Tree.AVL.NonEmpty.Propositional.AVL⁺.delete"},{"item":{"pretty":"{k r : Level} {Key : Set k} {_<_ : Rel Key r}\n(isStrictTotalOrder : IsStrictTotalOrder _≡_ _<_) {v : Level}\n{V\n : Data.Tree.AVL.Value.Value\n   (Relation.Binary.StrictPartialOrder.Eq.setoid\n    (StrictTotalOrder.strictPartialOrder\n     (Data.Tree.AVL.NonEmpty.Propositional.strictTotalOrder\n      isStrictTotalOrder)))\n   v} →\nData.List.NonEmpty.Base.List⁺\n((Data.Tree.AVL.Value.K&\n  Relation.Binary.StrictPartialOrder.Eq.setoid\n  (StrictTotalOrder.strictPartialOrder\n   (Data.Tree.AVL.NonEmpty.Propositional.strictTotalOrder\n    isStrictTotalOrder)))\n V) →\nData.Tree.AVL.NonEmpty.Tree⁺\n(Data.Tree.AVL.NonEmpty.Propositional.strictTotalOrder\n isStrictTotalOrder)\nV","thing":{"normalised":{"contents":[{"item":{"contents":[{"Left":"Agda.Primitive.Level"},[]],"tag":"App"},"name":"k"},{"contents":[{"item":{"contents":[{"Left":"Agda.Primitive.Level"},[]],"tag":"App"},"name":"r"},{"contents":[{"item":{"contents":"Set @1","tag":"Sort"},"name":"Key"},{"contents":[{"item":{"contents":[{"item":{"contents":[{"Right":0},[]],"tag":"App"},"name":"_"},{"contents":[{"item":{"contents":[{"Right":0},[]],"tag":"App"},"name":"_"},{"contents":"Set @1","tag":"Sort"}],"tag":"Pi"}],"tag":"Pi"},"name":"_<_"},{"contents":[{"item":{"contents":[{"Left":"Relation.Binary.Structures.IsStrictTotalOrder"},[{"contents":[{"Right":3},[]],"tag":"App"},{"contents":[{"Right":3},[]],"tag":"App"},{"contents":[{"Right":1},[]],"tag":"App"},{"contents":[{"Left":"Agda.Builtin.Equality._≡_"},[{"contents":[{"Right":3},[]],"tag":"App"},{"contents":[{"Right":1},[]],"tag":"App"}]],"tag":"App"},{"contents":[{"Right":2},[]],"tag":"App"},{"contents":[{"Right":0},[]],"tag":"App"}]],"tag":"App"},"name":"isStrictTotalOrder"},{"contents":[{"item":{"contents":[{"Left":"Agda.Primitive.Level"},[]],"tag":"App"},"name":"v"},{"contents":[{"item":{"contents":[{"Left":"Data.Tree.AVL.Value.Value"},[{"contents":[{"Right":5},[]],"tag":"App"},{"contents":[{"Right":5},[]],"tag":"App"},{"contents":[{"Left":"Relation.Binary.Bundles.StrictPartialOrder.Eq.setoid"},[{"contents":[{"Right":5},[]],"tag":"App"},{"contents":[{"Right":5},[]],"tag":"App"},{"contents":[{"Right":4},[]],"tag":"App"},{"contents":[{"Left":"Relation.Binary.Bundles.StrictTotalOrder.strictPartialOrder"},[{"contents":[{"Right":5},[]],"tag":"App"},{"contents":[{"Right":5},[]],"tag":"App"},{"contents":[{"Right":4},[]],"tag":"App"},{"contents":[{"Left":"Relation.Binary.Bundles.StrictTotalOrder.constructor"},[{"contents":[{"Right":3},[]],"tag":"App"},{"contents":[{"Left":"Agda.Builtin.Equality._≡_"},[{"contents":[{"Right":5},[]],"tag":"App"},{"contents":[{"Right":3},[]],"tag":"App"}]],"tag":"App"},{"contents":[{"Right":2},[]],"tag":"App"},{"contents":[{"Right":1},[]],"tag":"App"}]],"tag":"App"}]],"tag":"App"}]],"tag":"App"},{"contents":[{"Right":0},[]],"tag":"App"}]],"tag":"App"},"name":"V"},{"contents":[{"item":{"contents":[{"Left":"Data.List.NonEmpty.Base.List⁺"},[{"contents":"lub @6 @1","tag":"Level"},{"contents":[{"Left":"Data.Tree.AVL.Value.K&_"},[{"contents":[{"Right":6},[]],"tag":"App"},{"contents":[{"Right":6},[]],"tag":"App"},{"contents":[{"Left":"Relation.Binary.Bundles.StrictPartialOrder.Eq.setoid"},[{"contents":[{"Right":6},[]],"tag":"App"},{"contents":[{"Right":6},[]],"tag":"App"},{"contents":[{"Right":5},[]],"tag":"App"},{"contents":[{"Left":"Relation.Binary.Bundles.StrictTotalOrder.strictPartialOrder"},[{"contents":[{"Right":6},[]],"tag":"App"},{"contents":[{"Right":6},[]],"tag":"App"},{"contents":[{"Right":5},[]],"tag":"App"},{"contents":[{"Left":"Relation.Binary.Bundles.StrictTotalOrder.constructor"},[{"contents":[{"Right":4},[]],"tag":"App"},{"contents":[{"Left":"Agda.Builtin.Equality._≡_"},[{"contents":[{"Right":6},[]],"tag":"App"},{"contents":[{"Right":4},[]],"tag":"App"}]],"tag":"App"},{"contents":[{"Right":3},[]],"tag":"App"},{"contents":[{"Right":2},[]],"tag":"App"}]],"tag":"App"}]],"tag":"App"}]],"tag":"App"},{"contents":[{"Right":1},[]],"tag":"App"},{"contents":[{"Right":0},[]],"tag":"App"}]],"tag":"App"}]],"tag":"App"},"name":"_"},{"contents":[{"Left":"Data.Tree.AVL.NonEmpty.Tree⁺"},[{"contents":[{"Right":6},[]],"tag":"App"},{"contents":[{"Right":6},[]],"tag":"App"},{"contents":[{"Right":5},[]],"tag":"App"},{"contents":[{"Left":"Relation.Binary.Bundles.StrictTotalOrder.constructor"},[{"contents":[{"Right":4},[]],"tag":"App"},{"contents":[{"Left":"Agda.Builtin.Equality._≡_"},[{"contents":[{"Right":6},[]],"tag":"App"},{"contents":[{"Right":4},[]],"tag":"App"}]],"tag":"App"},{"contents":[{"Right":3},[]],"tag":"App"},{"contents":[{"Right":2},[]],"tag":"App"}]],"tag":"App"},{"contents":[{"Right":1},[]],"tag":"App"},{"contents":[{"Right":0},[]],"tag":"App"}]],"tag":"App"}],"tag":"Pi"}],"tag":"Pi"}],"tag":"Pi"}],"tag":"Pi"}],"tag":"Pi"}],"tag":"Pi"}],"tag":"Pi"}],"tag":"Pi"},"original":{"contents":[{"item":{"contents":[{"Left":"Agda.Primitive.Level"},[]],"tag":"App"},"name":"k"},{"contents":[{"item":{"contents":[{"Left":"Agda.Primitive.Level"},[]],"tag":"App"},"name":"r"},{"contents":[{"item":{"contents":"Set @1","tag":"Sort"},"name":"Key"},{"contents":[{"item":{"contents":[{"Left":"Relation.Binary.Core.Rel"},[{"contents":[{"Right":2},[]],"tag":"App"},{"contents":[{"Right":0},[]],"tag":"App"},{"contents":[{"Right":1},[]],"tag":"App"}]],"tag":"App"},"name":"_<_"},{"contents":[{"item":{"contents":[{"Left":"Relation.Binary.Structures.IsStrictTotalOrder"},[{"contents":[{"Right":3},[]],"tag":"App"},{"contents":[{"Right":3},[]],"tag":"App"},{"contents":[{"Right":1},[]],"tag":"App"},{"contents":[{"Left":"Agda.Builtin.Equality._≡_"},[{"contents":[{"Right":3},[]],"tag":"App"},{"contents":[{"Right":1},[]],"tag":"App"}]],"tag":"App"},{"contents":[{"Right":2},[]],"tag":"App"},{"contents":[{"Right":0},[]],"tag":"App"}]],"tag":"App"},"name":"isStrictTotalOrder"},{"contents":[{"item":{"contents":[{"Left":"Agda.Primitive.Level"},[]],"tag":"App"},"name":"v"},{"contents":[{"item":{"contents":[{"Left":"Data.Tree.AVL.NonEmpty._.Value"},[{"contents":[{"Right":5},[]],"tag":"App"},{"contents":[{"Right":5},[]],"tag":"App"},{"contents":[{"Right":4},[]],"tag":"App"},{"contents":[{"Left":"Data.Tree.AVL.NonEmpty.Propositional.strictTotalOrder"},[{"contents":[{"Right":5},[]],"tag":"App"},{"contents":[{"Right":4},[]],"tag":"App"},{"contents":[{"Right":3},[]],"tag":"App"},{"contents":[{"Right":2},[]],"tag":"App"},{"contents":[{"Right":1},[]],"tag":"App"}]],"tag":"App"},{"contents":[{"Right":0},[]],"tag":"App"}]],"tag":"App"},"name":"V"},{"contents":[{"item":{"contents":[{"Left":"Data.List.NonEmpty.Base.List⁺"},[{"contents":"lub @6 @1","tag":"Level"},{"contents":[{"Left":"Data.Tree.AVL.NonEmpty._.K&_"},[{"contents":[{"Right":6},[]],"tag":"App"},{"contents":[{"Right":6},[]],"tag":"App"},{"contents":[{"Right":5},[]],"tag":"App"},{"contents":[{"Left":"Data.Tree.AVL.NonEmpty.Propositional.strictTotalOrder"},[{"contents":[{"Right":6},[]],"tag":"App"},{"contents":[{"Right":5},[]],"tag":"App"},{"contents":[{"Right":4},[]],"tag":"App"},{"contents":[{"Right":3},[]],"tag":"App"},{"contents":[{"Right":2},[]],"tag":"App"}]],"tag":"App"},{"contents":[{"Right":1},[]],"tag":"App"},{"contents":[{"Right":0},[]],"tag":"App"}]],"tag":"App"}]],"tag":"App"},"name":"_"},{"contents":[{"Left":"Data.Tree.AVL.NonEmpty.Tree⁺"},[{"contents":[{"Right":6},[]],"tag":"App"},{"contents":[{"Right":6},[]],"tag":"App"},{"contents":[{"Right":5},[]],"tag":"App"},{"contents":[{"Left":"Data.Tree.AVL.NonEmpty.Propositional.strictTotalOrder"},[{"contents":[{"Right":6},[]],"tag":"App"},{"contents":[{"Right":5},[]],"tag":"App"},{"contents":[{"Right":4},[]],"tag":"App"},{"contents":[{"Right":3},[]],"tag":"App"},{"contents":[{"Right":2},[]],"tag":"App"}]],"tag":"App"},{"contents":[{"Right":1},[]],"tag":"App"},{"contents":[{"Right":0},[]],"tag":"App"}]],"tag":"App"}],"tag":"Pi"}],"tag":"Pi"}],"tag":"Pi"}],"tag":"Pi"}],"tag":"Pi"}],"tag":"Pi"}],"tag":"Pi"}],"tag":"Pi"},"reduced":null,"simplified":null}},"name":"Data.Tree.AVL.NonEmpty.Propositional.AVL⁺.fromList⁺"},{"item":{"pretty":"{k r : Level} {Key : Set k} {_<_ : Rel Key r}\n(isStrictTotalOrder : IsStrictTotalOrder _≡_ _<_) {v : Level}\n{V\n : Data.Tree.AVL.Value.Value\n   (Relation.Binary.StrictPartialOrder.Eq.setoid\n    (StrictTotalOrder.strictPartialOrder\n     (Data.Tree.AVL.NonEmpty.Propositional.strictTotalOrder\n      isStrictTotalOrder)))\n   v}\n(k₁\n : StrictTotalOrder.Carrier\n   (Data.Tree.AVL.NonEmpty.Propositional.strictTotalOrder\n    isStrictTotalOrder)) →\nData.Tree.AVL.NonEmpty.Val _ k₁ →\nData.Tree.AVL.NonEmpty.Tree⁺\n(Data.Tree.AVL.NonEmpty.Propositional.strictTotalOrder\n isStrictTotalOrder)\nV →\nData.Tree.AVL.NonEmpty.Tree⁺\n(Data.Tree.AVL.NonEmpty.Propositional.strictTotalOrder\n isStrictTotalOrder)\nV","thing":{"normalised":{"contents":[{"item":{"contents":[{"Left":"Agda.Primitive.Level"},[]],"tag":"App"},"name":"k"},{"contents":[{"item":{"contents":[{"Left":"Agda.Primitive.Level"},[]],"tag":"App"},"name":"r"},{"contents":[{"item":{"contents":"Set @1","tag":"Sort"},"name":"Key"},{"contents":[{"item":{"contents":[{"item":{"contents":[{"Right":0},[]],"tag":"App"},"name":"_"},{"contents":[{"item":{"contents":[{"Right":0},[]],"tag":"App"},"name":"_"},{"contents":"Set @1","tag":"Sort"}],"tag":"Pi"}],"tag":"Pi"},"name":"_<_"},{"contents":[{"item":{"contents":[{"Left":"Relation.Binary.Structures.IsStrictTotalOrder"},[{"contents":[{"Right":3},[]],"tag":"App"},{"contents":[{"Right":3},[]],"tag":"App"},{"contents":[{"Right":1},[]],"tag":"App"},{"contents":[{"Left":"Agda.Builtin.Equality._≡_"},[{"contents":[{"Right":3},[]],"tag":"App"},{"contents":[{"Right":1},[]],"tag":"App"}]],"tag":"App"},{"contents":[{"Right":2},[]],"tag":"App"},{"contents":[{"Right":0},[]],"tag":"App"}]],"tag":"App"},"name":"isStrictTotalOrder"},{"contents":[{"item":{"contents":[{"Left":"Agda.Primitive.Level"},[]],"tag":"App"},"name":"v"},{"contents":[{"item":{"contents":[{"Left":"Data.Tree.AVL.Value.Value"},[{"contents":[{"Right":5},[]],"tag":"App"},{"contents":[{"Right":5},[]],"tag":"App"},{"contents":[{"Left":"Relation.Binary.Bundles.StrictPartialOrder.Eq.setoid"},[{"contents":[{"Right":5},[]],"tag":"App"},{"contents":[{"Right":5},[]],"tag":"App"},{"contents":[{"Right":4},[]],"tag":"App"},{"contents":[{"Left":"Relation.Binary.Bundles.StrictTotalOrder.strictPartialOrder"},[{"contents":[{"Right":5},[]],"tag":"App"},{"contents":[{"Right":5},[]],"tag":"App"},{"contents":[{"Right":4},[]],"tag":"App"},{"contents":[{"Left":"Relation.Binary.Bundles.StrictTotalOrder.constructor"},[{"contents":[{"Right":3},[]],"tag":"App"},{"contents":[{"Left":"Agda.Builtin.Equality._≡_"},[{"contents":[{"Right":5},[]],"tag":"App"},{"contents":[{"Right":3},[]],"tag":"App"}]],"tag":"App"},{"contents":[{"Right":2},[]],"tag":"App"},{"contents":[{"Right":1},[]],"tag":"App"}]],"tag":"App"}]],"tag":"App"}]],"tag":"App"},{"contents":[{"Right":0},[]],"tag":"App"}]],"tag":"App"},"name":"V"},{"contents":[{"item":{"contents":[{"Right":4},[]],"tag":"App"},"name":"k"},{"contents":[{"item":{"contents":[{"Right":1},[{"contents":[{"Left":"Data.Tree.AVL.Value.Value.family"},[]],"tag":"App"},{"contents":[{"Right":0},[]],"tag":"App"}]],"tag":"App"},"name":"_"},{"contents":[{"item":{"contents":[{"Left":"Data.Tree.AVL.NonEmpty.Tree⁺"},[{"contents":[{"Right":7},[]],"tag":"App"},{"contents":[{"Right":7},[]],"tag":"App"},{"contents":[{"Right":6},[]],"tag":"App"},{"contents":[{"Left":"Relation.Binary.Bundles.StrictTotalOrder.constructor"},[{"contents":[{"Right":5},[]],"tag":"App"},{"contents":[{"Left":"Agda.Builtin.Equality._≡_"},[{"contents":[{"Right":7},[]],"tag":"App"},{"contents":[{"Right":5},[]],"tag":"App"}]],"tag":"App"},{"contents":[{"Right":4},[]],"tag":"App"},{"contents":[{"Right":3},[]],"tag":"App"}]],"tag":"App"},{"contents":[{"Right":2},[]],"tag":"App"},{"contents":[{"Right":1},[]],"tag":"App"}]],"tag":"App"},"name":"_"},{"contents":[{"Left":"Data.Tree.AVL.NonEmpty.Tree⁺"},[{"contents":[{"Right":7},[]],"tag":"App"},{"contents":[{"Right":7},[]],"tag":"App"},{"contents":[{"Right":6},[]],"tag":"App"},{"contents":[{"Left":"Relation.Binary.Bundles.StrictTotalOrder.constructor"},[{"contents":[{"Right":5},[]],"tag":"App"},{"contents":[{"Left":"Agda.Builtin.Equality._≡_"},[{"contents":[{"Right":7},[]],"tag":"App"},{"contents":[{"Right":5},[]],"tag":"App"}]],"tag":"App"},{"contents":[{"Right":4},[]],"tag":"App"},{"contents":[{"Right":3},[]],"tag":"App"}]],"tag":"App"},{"contents":[{"Right":2},[]],"tag":"App"},{"contents":[{"Right":1},[]],"tag":"App"}]],"tag":"App"}],"tag":"Pi"}],"tag":"Pi"}],"tag":"Pi"}],"tag":"Pi"}],"tag":"Pi"}],"tag":"Pi"}],"tag":"Pi"}],"tag":"Pi"}],"tag":"Pi"}],"tag":"Pi"},"original":{"contents":[{"item":{"contents":[{"Left":"Agda.Primitive.Level"},[]],"tag":"App"},"name":"k"},{"contents":[{"item":{"contents":[{"Left":"Agda.Primitive.Level"},[]],"tag":"App"},"name":"r"},{"contents":[{"item":{"contents":"Set @1","tag":"Sort"},"name":"Key"},{"contents":[{"item":{"contents":[{"Left":"Relation.Binary.Core.Rel"},[{"contents":[{"Right":2},[]],"tag":"App"},{"contents":[{"Right":0},[]],"tag":"App"},{"contents":[{"Right":1},[]],"tag":"App"}]],"tag":"App"},"name":"_<_"},{"contents":[{"item":{"contents":[{"Left":"Relation.Binary.Structures.IsStrictTotalOrder"},[{"contents":[{"Right":3},[]],"tag":"App"},{"contents":[{"Right":3},[]],"tag":"App"},{"contents":[{"Right":1},[]],"tag":"App"},{"contents":[{"Left":"Agda.Builtin.Equality._≡_"},[{"contents":[{"Right":3},[]],"tag":"App"},{"contents":[{"Right":1},[]],"tag":"App"}]],"tag":"App"},{"contents":[{"Right":2},[]],"tag":"App"},{"contents":[{"Right":0},[]],"tag":"App"}]],"tag":"App"},"name":"isStrictTotalOrder"},{"contents":[{"item":{"contents":[{"Left":"Agda.Primitive.Level"},[]],"tag":"App"},"name":"v"},{"contents":[{"item":{"contents":[{"Left":"Data.Tree.AVL.NonEmpty._.Value"},[{"contents":[{"Right":5},[]],"tag":"App"},{"contents":[{"Right":5},[]],"tag":"App"},{"contents":[{"Right":4},[]],"tag":"App"},{"contents":[{"Left":"Data.Tree.AVL.NonEmpty.Propositional.strictTotalOrder"},[{"contents":[{"Right":5},[]],"tag":"App"},{"contents":[{"Right":4},[]],"tag":"App"},{"contents":[{"Right":3},[]],"tag":"App"},{"contents":[{"Right":2},[]],"tag":"App"},{"contents":[{"Right":1},[]],"tag":"App"}]],"tag":"App"},{"contents":[{"Right":0},[]],"tag":"App"}]],"tag":"App"},"name":"V"},{"contents":[{"item":{"contents":[{"Left":"Data.Tree.AVL.NonEmpty.Propositional.strictTotalOrder"},[{"contents":[{"Right":6},[]],"tag":"App"},{"contents":[{"Right":5},[]],"tag":"App"},{"contents":[{"Right":4},[]],"tag":"App"},{"contents":[{"Right":3},[]],"tag":"App"},{"contents":[{"Right":2},[]],"tag":"App"},{"contents":[{"Left":"Relation.Binary.Bundles.StrictTotalOrder.Carrier"},[]],"tag":"App"}]],"tag":"App"},"name":"k"},{"contents":[{"item":{"contents":[{"Left":"Data.Tree.AVL.NonEmpty._.Val"},[{"contents":[{"Right":1},[]],"tag":"App"},{"contents":[{"Right":0},[]],"tag":"App"}]],"tag":"App"},"name":"_"},{"contents":[{"item":{"contents":[{"Left":"Data.Tree.AVL.NonEmpty.Tree⁺"},[{"contents":[{"Right":7},[]],"tag":"App"},{"contents":[{"Right":7},[]],"tag":"App"},{"contents":[{"Right":6},[]],"tag":"App"},{"contents":[{"Left":"Data.Tree.AVL.NonEmpty.Propositional.strictTotalOrder"},[{"contents":[{"Right":7},[]],"tag":"App"},{"contents":[{"Right":6},[]],"tag":"App"},{"contents":[{"Right":5},[]],"tag":"App"},{"contents":[{"Right":4},[]],"tag":"App"},{"contents":[{"Right":3},[]],"tag":"App"}]],"tag":"App"},{"contents":[{"Right":2},[]],"tag":"App"},{"contents":[{"Right":1},[]],"tag":"App"}]],"tag":"App"},"name":"_"},{"contents":[{"Left":"Data.Tree.AVL.NonEmpty.Tree⁺"},[{"contents":[{"Right":7},[]],"tag":"App"},{"contents":[{"Right":7},[]],"tag":"App"},{"contents":[{"Right":6},[]],"tag":"App"},{"contents":[{"Left":"Data.Tree.AVL.NonEmpty.Propositional.strictTotalOrder"},[{"contents":[{"Right":7},[]],"tag":"App"},{"contents":[{"Right":6},[]],"tag":"App"},{"contents":[{"Right":5},[]],"tag":"App"},{"contents":[{"Right":4},[]],"tag":"App"},{"contents":[{"Right":3},[]],"tag":"App"}]],"tag":"App"},{"contents":[{"Right":2},[]],"tag":"App"},{"contents":[{"Right":1},[]],"tag":"App"}]],"tag":"App"}],"tag":"Pi"}],"tag":"Pi"}],"tag":"Pi"}],"tag":"Pi"}],"tag":"Pi"}],"tag":"Pi"}],"tag":"Pi"}],"tag":"Pi"}],"tag":"Pi"}],"tag":"Pi"},"reduced":null,"simplified":null}},"name":"Data.Tree.AVL.NonEmpty.Propositional.AVL⁺.insert"},{"item":{"pretty":"{k r : Level} {Key : Set k} {_<_ : Rel Key r}\n(isStrictTotalOrder : IsStrictTotalOrder _≡_ _<_) {v : Level}\n{V\n : Data.Tree.AVL.Value.Value\n   (Relation.Binary.StrictPartialOrder.Eq.setoid\n    (StrictTotalOrder.strictPartialOrder\n     (Data.Tree.AVL.NonEmpty.Propositional.strictTotalOrder\n      isStrictTotalOrder)))\n   v}\n(k₁\n : StrictTotalOrder.Carrier\n   (Data.Tree.AVL.NonEmpty.Propositional.strictTotalOrder\n    isStrictTotalOrder)) →\n(Agda.Builtin.Maybe.Maybe (Data.Tree.AVL.NonEmpty.Val _ k₁) →\n Data.Tree.AVL.NonEmpty.Val _ k₁) →\nData.Tree.AVL.NonEmpty.Tree⁺\n(Data.Tree.AVL.NonEmpty.Propositional.strictTotalOrder\n isStrictTotalOrder)\nV →\nData.Tree.AVL.NonEmpty.Tree⁺\n(Data.Tree.AVL.NonEmpty.Propositional.strictTotalOrder\n isStrictTotalOrder)\nV","thing":{"normalised":{"contents":[{"item":{"contents":[{"Left":"Agda.Primitive.Level"},[]],"tag":"App"},"name":"k"},{"contents":[{"item":{"contents":[{"Left":"Agda.Primitive.Level"},[]],"tag":"App"},"name":"r"},{"contents":[{"item":{"contents":"Set @1","tag":"Sort"},"name":"Key"},{"contents":[{"item":{"contents":[{"item":{"contents":[{"Right":0},[]],"tag":"App"},"name":"_"},{"contents":[{"item":{"contents":[{"Right":0},[]],"tag":"App"},"name":"_"},{"contents":"Set @1","tag":"Sort"}],"tag":"Pi"}],"tag":"Pi"},"name":"_<_"},{"contents":[{"item":{"contents":[{"Left":"Relation.Binary.Structures.IsStrictTotalOrder"},[{"contents":[{"Right":3},[]],"tag":"App"},{"contents":[{"Right":3},[]],"tag":"App"},{"contents":[{"Right":1},[]],"tag":"App"},{"contents":[{"Left":"Agda.Builtin.Equality._≡_"},[{"contents":[{"Right":3},[]],"tag":"App"},{"contents":[{"Right":1},[]],"tag":"App"}]],"tag":"App"},{"contents":[{"Right":2},[]],"tag":"App"},{"contents":[{"Right":0},[]],"tag":"App"}]],"tag":"App"},"name":"isStrictTotalOrder"},{"contents":[{"item":{"contents":[{"Left":"Agda.Primitive.Level"},[]],"tag":"App"},"name":"v"},{"contents":[{"item":{"contents":[{"Left":"Data.Tree.AVL.Value.Value"},[{"contents":[{"Right":5},[]],"tag":"App"},{"contents":[{"Right":5},[]],"tag":"App"},{"contents":[{"Left":"Relation.Binary.Bundles.StrictPartialOrder.Eq.setoid"},[{"contents":[{"Right":5},[]],"tag":"App"},{"contents":[{"Right":5},[]],"tag":"App"},{"contents":[{"Right":4},[]],"tag":"App"},{"contents":[{"Left":"Relation.Binary.Bundles.StrictTotalOrder.strictPartialOrder"},[{"contents":[{"Right":5},[]],"tag":"App"},{"contents":[{"Right":5},[]],"tag":"App"},{"contents":[{"Right":4},[]],"tag":"App"},{"contents":[{"Left":"Relation.Binary.Bundles.StrictTotalOrder.constructor"},[{"contents":[{"Right":3},[]],"tag":"App"},{"contents":[{"Left":"Agda.Builtin.Equality._≡_"},[{"contents":[{"Right":5},[]],"tag":"App"},{"contents":[{"Right":3},[]],"tag":"App"}]],"tag":"App"},{"contents":[{"Right":2},[]],"tag":"App"},{"contents":[{"Right":1},[]],"tag":"App"}]],"tag":"App"}]],"tag":"App"}]],"tag":"App"},{"contents":[{"Right":0},[]],"tag":"App"}]],"tag":"App"},"name":"V"},{"contents":[{"item":{"contents":[{"Right":4},[]],"tag":"App"},"name":"k"},{"contents":[{"item":{"contents":[{"item":{"contents":[{"Left":"Agda.Builtin.Maybe.Maybe"},[{"contents":[{"Right":2},[]],"tag":"App"},{"contents":[{"Right":1},[{"contents":[{"Left":"Data.Tree.AVL.Value.Value.family"},[]],"tag":"App"},{"contents":[{"Right":0},[]],"tag":"App"}]],"tag":"App"}]],"tag":"App"},"name":"_"},{"contents":[{"Right":1},[{"contents":[{"Left":"Data.Tree.AVL.Value.Value.family"},[]],"tag":"App"},{"contents":[{"Right":0},[]],"tag":"App"}]],"tag":"App"}],"tag":"Pi"},"name":"_"},{"contents":[{"item":{"contents":[{"Left":"Data.Tree.AVL.NonEmpty.Tree⁺"},[{"contents":[{"Right":7},[]],"tag":"App"},{"contents":[{"Right":7},[]],"tag":"App"},{"contents":[{"Right":6},[]],"tag":"App"},{"contents":[{"Left":"Relation.Binary.Bundles.StrictTotalOrder.constructor"},[{"contents":[{"Right":5},[]],"tag":"App"},{"contents":[{"Left":"Agda.Builtin.Equality._≡_"},[{"contents":[{"Right":7},[]],"tag":"App"},{"contents":[{"Right":5},[]],"tag":"App"}]],"tag":"App"},{"contents":[{"Right":4},[]],"tag":"App"},{"contents":[{"Right":3},[]],"tag":"App"}]],"tag":"App"},{"contents":[{"Right":2},[]],"tag":"App"},{"contents":[{"Right":1},[]],"tag":"App"}]],"tag":"App"},"name":"_"},{"contents":[{"Left":"Data.Tree.AVL.NonEmpty.Tree⁺"},[{"contents":[{"Right":7},[]],"tag":"App"},{"contents":[{"Right":7},[]],"tag":"App"},{"contents":[{"Right":6},[]],"tag":"App"},{"contents":[{"Left":"Relation.Binary.Bundles.StrictTotalOrder.constructor"},[{"contents":[{"Right":5},[]],"tag":"App"},{"contents":[{"Left":"Agda.Builtin.Equality._≡_"},[{"contents":[{"Right":7},[]],"tag":"App"},{"contents":[{"Right":5},[]],"tag":"App"}]],"tag":"App"},{"contents":[{"Right":4},[]],"tag":"App"},{"contents":[{"Right":3},[]],"tag":"App"}]],"tag":"App"},{"contents":[{"Right":2},[]],"tag":"App"},{"contents":[{"Right":1},[]],"tag":"App"}]],"tag":"App"}],"tag":"Pi"}],"tag":"Pi"}],"tag":"Pi"}],"tag":"Pi"}],"tag":"Pi"}],"tag":"Pi"}],"tag":"Pi"}],"tag":"Pi"}],"tag":"Pi"}],"tag":"Pi"},"original":{"contents":[{"item":{"contents":[{"Left":"Agda.Primitive.Level"},[]],"tag":"App"},"name":"k"},{"contents":[{"item":{"contents":[{"Left":"Agda.Primitive.Level"},[]],"tag":"App"},"name":"r"},{"contents":[{"item":{"contents":"Set @1","tag":"Sort"},"name":"Key"},{"contents":[{"item":{"contents":[{"Left":"Relation.Binary.Core.Rel"},[{"contents":[{"Right":2},[]],"tag":"App"},{"contents":[{"Right":0},[]],"tag":"App"},{"contents":[{"Right":1},[]],"tag":"App"}]],"tag":"App"},"name":"_<_"},{"contents":[{"item":{"contents":[{"Left":"Relation.Binary.Structures.IsStrictTotalOrder"},[{"contents":[{"Right":3},[]],"tag":"App"},{"contents":[{"Right":3},[]],"tag":"App"},{"contents":[{"Right":1},[]],"tag":"App"},{"contents":[{"Left":"Agda.Builtin.Equality._≡_"},[{"contents":[{"Right":3},[]],"tag":"App"},{"contents":[{"Right":1},[]],"tag":"App"}]],"tag":"App"},{"contents":[{"Right":2},[]],"tag":"App"},{"contents":[{"Right":0},[]],"tag":"App"}]],"tag":"App"},"name":"isStrictTotalOrder"},{"contents":[{"item":{"contents":[{"Left":"Agda.Primitive.Level"},[]],"tag":"App"},"name":"v"},{"contents":[{"item":{"contents":[{"Left":"Data.Tree.AVL.NonEmpty._.Value"},[{"contents":[{"Right":5},[]],"tag":"App"},{"contents":[{"Right":5},[]],"tag":"App"},{"contents":[{"Right":4},[]],"tag":"App"},{"contents":[{"Left":"Data.Tree.AVL.NonEmpty.Propositional.strictTotalOrder"},[{"contents":[{"Right":5},[]],"tag":"App"},{"contents":[{"Right":4},[]],"tag":"App"},{"contents":[{"Right":3},[]],"tag":"App"},{"contents":[{"Right":2},[]],"tag":"App"},{"contents":[{"Right":1},[]],"tag":"App"}]],"tag":"App"},{"contents":[{"Right":0},[]],"tag":"App"}]],"tag":"App"},"name":"V"},{"contents":[{"item":{"contents":[{"Left":"Data.Tree.AVL.NonEmpty.Propositional.strictTotalOrder"},[{"contents":[{"Right":6},[]],"tag":"App"},{"contents":[{"Right":5},[]],"tag":"App"},{"contents":[{"Right":4},[]],"tag":"App"},{"contents":[{"Right":3},[]],"tag":"App"},{"contents":[{"Right":2},[]],"tag":"App"},{"contents":[{"Left":"Relation.Binary.Bundles.StrictTotalOrder.Carrier"},[]],"tag":"App"}]],"tag":"App"},"name":"k"},{"contents":[{"item":{"contents":[{"item":{"contents":[{"Left":"Agda.Builtin.Maybe.Maybe"},[{"contents":[{"Right":2},[]],"tag":"App"},{"contents":[{"Left":"Data.Tree.AVL.NonEmpty._.Val"},[{"contents":[{"Right":1},[]],"tag":"App"},{"contents":[{"Right":0},[]],"tag":"App"}]],"tag":"App"}]],"tag":"App"},"name":"_"},{"contents":[{"Left":"Data.Tree.AVL.NonEmpty._.Val"},[{"contents":[{"Right":1},[]],"tag":"App"},{"contents":[{"Right":0},[]],"tag":"App"}]],"tag":"App"}],"tag":"Pi"},"name":"_"},{"contents":[{"item":{"contents":[{"Left":"Data.Tree.AVL.NonEmpty.Tree⁺"},[{"contents":[{"Right":7},[]],"tag":"App"},{"contents":[{"Right":7},[]],"tag":"App"},{"contents":[{"Right":6},[]],"tag":"App"},{"contents":[{"Left":"Data.Tree.AVL.NonEmpty.Propositional.strictTotalOrder"},[{"contents":[{"Right":7},[]],"tag":"App"},{"contents":[{"Right":6},[]],"tag":"App"},{"contents":[{"Right":5},[]],"tag":"App"},{"contents":[{"Right":4},[]],"tag":"App"},{"contents":[{"Right":3},[]],"tag":"App"}]],"tag":"App"},{"contents":[{"Right":2},[]],"tag":"App"},{"contents":[{"Right":1},[]],"tag":"App"}]],"tag":"App"},"name":"_"},{"contents":[{"Left":"Data.Tree.AVL.NonEmpty.Tree⁺"},[{"contents":[{"Right":7},[]],"tag":"App"},{"contents":[{"Right":7},[]],"tag":"App"},{"contents":[{"Right":6},[]],"tag":"App"},{"contents":[{"Left":"Data.Tree.AVL.NonEmpty.Propositional.strictTotalOrder"},[{"contents":[{"Right":7},[]],"tag":"App"},{"contents":[{"Right":6},[]],"tag":"App"},{"contents":[{"Right":5},[]],"tag":"App"},{"contents":[{"Right":4},[]],"tag":"App"},{"contents":[{"Right":3},[]],"tag":"App"}]],"tag":"App"},{"contents":[{"Right":2},[]],"tag":"App"},{"contents":[{"Right":1},[]],"tag":"App"}]],"tag":"App"}],"tag":"Pi"}],"tag":"Pi"}],"tag":"Pi"}],"tag":"Pi"}],"tag":"Pi"}],"tag":"Pi"}],"tag":"Pi"}],"tag":"Pi"}],"tag":"Pi"}],"tag":"Pi"},"reduced":null,"simplified":null}},"name":"Data.Tree.AVL.NonEmpty.Propositional.AVL⁺.insertWith"},{"item":{"pretty":"{k r : Level} {Key : Set k} {_<_ : Rel Key r}\n(isStrictTotalOrder : IsStrictTotalOrder _≡_ _<_) {v : Level}\n{V\n : Data.Tree.AVL.Value.Value\n   (Relation.Binary.StrictPartialOrder.Eq.setoid\n    (StrictTotalOrder.strictPartialOrder\n     (Data.Tree.AVL.NonEmpty.Propositional.strictTotalOrder\n      isStrictTotalOrder)))\n   v}\n(k₁\n : StrictTotalOrder.Carrier\n   (Data.Tree.AVL.NonEmpty.Propositional.strictTotalOrder\n    isStrictTotalOrder)) →\nData.Tree.AVL.NonEmpty.Tree⁺\n(Data.Tree.AVL.NonEmpty.Propositional.strictTotalOrder\n isStrictTotalOrder)\nV →\nAgda.Builtin.Maybe.Maybe (Data.Tree.AVL.NonEmpty.Val _ k₁)","thing":{"normalised":{"contents":[{"item":{"contents":[{"Left":"Agda.Primitive.Level"},[]],"tag":"App"},"name":"k"},{"contents":[{"item":{"contents":[{"Left":"Agda.Primitive.Level"},[]],"tag":"App"},"name":"r"},{"contents":[{"item":{"contents":"Set @1","tag":"Sort"},"name":"Key"},{"contents":[{"item":{"contents":[{"item":{"contents":[{"Right":0},[]],"tag":"App"},"name":"_"},{"contents":[{"item":{"contents":[{"Right":0},[]],"tag":"App"},"name":"_"},{"contents":"Set @1","tag":"Sort"}],"tag":"Pi"}],"tag":"Pi"},"name":"_<_"},{"contents":[{"item":{"contents":[{"Left":"Relation.Binary.Structures.IsStrictTotalOrder"},[{"contents":[{"Right":3},[]],"tag":"App"},{"contents":[{"Right":3},[]],"tag":"App"},{"contents":[{"Right":1},[]],"tag":"App"},{"contents":[{"Left":"Agda.Builtin.Equality._≡_"},[{"contents":[{"Right":3},[]],"tag":"App"},{"contents":[{"Right":1},[]],"tag":"App"}]],"tag":"App"},{"contents":[{"Right":2},[]],"tag":"App"},{"contents":[{"Right":0},[]],"tag":"App"}]],"tag":"App"},"name":"isStrictTotalOrder"},{"contents":[{"item":{"contents":[{"Left":"Agda.Primitive.Level"},[]],"tag":"App"},"name":"v"},{"contents":[{"item":{"contents":[{"Left":"Data.Tree.AVL.Value.Value"},[{"contents":[{"Right":5},[]],"tag":"App"},{"contents":[{"Right":5},[]],"tag":"App"},{"contents":[{"Left":"Relation.Binary.Bundles.StrictPartialOrder.Eq.setoid"},[{"contents":[{"Right":5},[]],"tag":"App"},{"contents":[{"Right":5},[]],"tag":"App"},{"contents":[{"Right":4},[]],"tag":"App"},{"contents":[{"Left":"Relation.Binary.Bundles.StrictTotalOrder.strictPartialOrder"},[{"contents":[{"Right":5},[]],"tag":"App"},{"contents":[{"Right":5},[]],"tag":"App"},{"contents":[{"Right":4},[]],"tag":"App"},{"contents":[{"Left":"Relation.Binary.Bundles.StrictTotalOrder.constructor"},[{"contents":[{"Right":3},[]],"tag":"App"},{"contents":[{"Left":"Agda.Builtin.Equality._≡_"},[{"contents":[{"Right":5},[]],"tag":"App"},{"contents":[{"Right":3},[]],"tag":"App"}]],"tag":"App"},{"contents":[{"Right":2},[]],"tag":"App"},{"contents":[{"Right":1},[]],"tag":"App"}]],"tag":"App"}]],"tag":"App"}]],"tag":"App"},{"contents":[{"Right":0},[]],"tag":"App"}]],"tag":"App"},"name":"V"},{"contents":[{"item":{"contents":[{"Right":4},[]],"tag":"App"},"name":"k"},{"contents":[{"item":{"contents":[{"Left":"Data.Tree.AVL.NonEmpty.Tree⁺"},[{"contents":[{"Right":7},[]],"tag":"App"},{"contents":[{"Right":7},[]],"tag":"App"},{"contents":[{"Right":6},[]],"tag":"App"},{"contents":[{"Left":"Relation.Binary.Bundles.StrictTotalOrder.constructor"},[{"contents":[{"Right":5},[]],"tag":"App"},{"contents":[{"Left":"Agda.Builtin.Equality._≡_"},[{"contents":[{"Right":7},[]],"tag":"App"},{"contents":[{"Right":5},[]],"tag":"App"}]],"tag":"App"},{"contents":[{"Right":4},[]],"tag":"App"},{"contents":[{"Right":3},[]],"tag":"App"}]],"tag":"App"},{"contents":[{"Right":2},[]],"tag":"App"},{"contents":[{"Right":1},[]],"tag":"App"}]],"tag":"App"},"name":"_"},{"contents":[{"Left":"Agda.Builtin.Maybe.Maybe"},[{"contents":[{"Right":2},[]],"tag":"App"},{"contents":[{"Right":1},[{"contents":[{"Left":"Data.Tree.AVL.Value.Value.family"},[]],"tag":"App"},{"contents":[{"Right":0},[]],"tag":"App"}]],"tag":"App"}]],"tag":"App"}],"tag":"Pi"}],"tag":"Pi"}],"tag":"Pi"}],"tag":"Pi"}],"tag":"Pi"}],"tag":"Pi"}],"tag":"Pi"}],"tag":"Pi"}],"tag":"Pi"},"original":{"contents":[{"item":{"contents":[{"Left":"Agda.Primitive.Level"},[]],"tag":"App"},"name":"k"},{"contents":[{"item":{"contents":[{"Left":"Agda.Primitive.Level"},[]],"tag":"App"},"name":"r"},{"contents":[{"item":{"contents":"Set @1","tag":"Sort"},"name":"Key"},{"contents":[{"item":{"contents":[{"Left":"Relation.Binary.Core.Rel"},[{"contents":[{"Right":2},[]],"tag":"App"},{"contents":[{"Right":0},[]],"tag":"App"},{"contents":[{"Right":1},[]],"tag":"App"}]],"tag":"App"},"name":"_<_"},{"contents":[{"item":{"contents":[{"Left":"Relation.Binary.Structures.IsStrictTotalOrder"},[{"contents":[{"Right":3},[]],"tag":"App"},{"contents":[{"Right":3},[]],"tag":"App"},{"contents":[{"Right":1},[]],"tag":"App"},{"contents":[{"Left":"Agda.Builtin.Equality._≡_"},[{"contents":[{"Right":3},[]],"tag":"App"},{"contents":[{"Right":1},[]],"tag":"App"}]],"tag":"App"},{"contents":[{"Right":2},[]],"tag":"App"},{"contents":[{"Right":0},[]],"tag":"App"}]],"tag":"App"},"name":"isStrictTotalOrder"},{"contents":[{"item":{"contents":[{"Left":"Agda.Primitive.Level"},[]],"tag":"App"},"name":"v"},{"contents":[{"item":{"contents":[{"Left":"Data.Tree.AVL.NonEmpty._.Value"},[{"contents":[{"Right":5},[]],"tag":"App"},{"contents":[{"Right":5},[]],"tag":"App"},{"contents":[{"Right":4},[]],"tag":"App"},{"contents":[{"Left":"Data.Tree.AVL.NonEmpty.Propositional.strictTotalOrder"},[{"contents":[{"Right":5},[]],"tag":"App"},{"contents":[{"Right":4},[]],"tag":"App"},{"contents":[{"Right":3},[]],"tag":"App"},{"contents":[{"Right":2},[]],"tag":"App"},{"contents":[{"Right":1},[]],"tag":"App"}]],"tag":"App"},{"contents":[{"Right":0},[]],"tag":"App"}]],"tag":"App"},"name":"V"},{"contents":[{"item":{"contents":[{"Left":"Data.Tree.AVL.NonEmpty.Propositional.strictTotalOrder"},[{"contents":[{"Right":6},[]],"tag":"App"},{"contents":[{"Right":5},[]],"tag":"App"},{"contents":[{"Right":4},[]],"tag":"App"},{"contents":[{"Right":3},[]],"tag":"App"},{"contents":[{"Right":2},[]],"tag":"App"},{"contents":[{"Left":"Relation.Binary.Bundles.StrictTotalOrder.Carrier"},[]],"tag":"App"}]],"tag":"App"},"name":"k"},{"contents":[{"item":{"contents":[{"Left":"Data.Tree.AVL.NonEmpty.Tree⁺"},[{"contents":[{"Right":7},[]],"tag":"App"},{"contents":[{"Right":7},[]],"tag":"App"},{"contents":[{"Right":6},[]],"tag":"App"},{"contents":[{"Left":"Data.Tree.AVL.NonEmpty.Propositional.strictTotalOrder"},[{"contents":[{"Right":7},[]],"tag":"App"},{"contents":[{"Right":6},[]],"tag":"App"},{"contents":[{"Right":5},[]],"tag":"App"},{"contents":[{"Right":4},[]],"tag":"App"},{"contents":[{"Right":3},[]],"tag":"App"}]],"tag":"App"},{"contents":[{"Right":2},[]],"tag":"App"},{"contents":[{"Right":1},[]],"tag":"App"}]],"tag":"App"},"name":"_"},{"contents":[{"Left":"Agda.Builtin.Maybe.Maybe"},[{"contents":[{"Right":2},[]],"tag":"App"},{"contents":[{"Left":"Data.Tree.AVL.NonEmpty._.Val"},[{"contents":[{"Right":1},[]],"tag":"App"},{"contents":[{"Right":0},[]],"tag":"App"}]],"tag":"App"}]],"tag":"App"}],"tag":"Pi"}],"tag":"Pi"}],"tag":"Pi"}],"tag":"Pi"}],"tag":"Pi"}],"tag":"Pi"}],"tag":"Pi"}],"tag":"Pi"}],"tag":"Pi"},"reduced":null,"simplified":null}},"name":"Data.Tree.AVL.NonEmpty.Propositional.AVL⁺.lookup"},{"item":{"pretty":"{k r : Level} {Key : Set k} {_<_ : Rel Key r}\n(isStrictTotalOrder : IsStrictTotalOrder _≡_ _<_) {v w : Level}\n{V\n : Data.Tree.AVL.Value.Value\n   (Relation.Binary.StrictPartialOrder.Eq.setoid\n    (StrictTotalOrder.strictPartialOrder\n     (Data.Tree.AVL.NonEmpty.Propositional.strictTotalOrder\n      isStrictTotalOrder)))\n   v}\n{W\n : Data.Tree.AVL.Value.Value\n   (Relation.Binary.StrictPartialOrder.Eq.setoid\n    (StrictTotalOrder.strictPartialOrder\n     (Data.Tree.AVL.NonEmpty.Propositional.strictTotalOrder\n      isStrictTotalOrder)))\n   w} →\nRelation.Unary.IUniversal\n(Data.Tree.AVL.NonEmpty.Val\n (Data.Tree.AVL.NonEmpty.Propositional.strictTotalOrder\n  isStrictTotalOrder)\n Relation.Unary.⇒\n Data.Tree.AVL.NonEmpty.Wal\n (Data.Tree.AVL.NonEmpty.Propositional.strictTotalOrder\n  isStrictTotalOrder)) →\nData.Tree.AVL.NonEmpty.Tree⁺\n(Data.Tree.AVL.NonEmpty.Propositional.strictTotalOrder\n isStrictTotalOrder)\nV →\nData.Tree.AVL.NonEmpty.Tree⁺\n(Data.Tree.AVL.NonEmpty.Propositional.strictTotalOrder\n isStrictTotalOrder)\nW","thing":{"normalised":{"contents":[{"item":{"contents":[{"Left":"Agda.Primitive.Level"},[]],"tag":"App"},"name":"k"},{"contents":[{"item":{"contents":[{"Left":"Agda.Primitive.Level"},[]],"tag":"App"},"name":"r"},{"contents":[{"item":{"contents":"Set @1","tag":"Sort"},"name":"Key"},{"contents":[{"item":{"contents":[{"item":{"contents":[{"Right":0},[]],"tag":"App"},"name":"_"},{"contents":[{"item":{"contents":[{"Right":0},[]],"tag":"App"},"name":"_"},{"contents":"Set @1","tag":"Sort"}],"tag":"Pi"}],"tag":"Pi"},"name":"_<_"},{"contents":[{"item":{"contents":[{"Left":"Relation.Binary.Structures.IsStrictTotalOrder"},[{"contents":[{"Right":3},[]],"tag":"App"},{"contents":[{"Right":3},[]],"tag":"App"},{"contents":[{"Right":1},[]],"tag":"App"},{"contents":[{"Left":"Agda.Builtin.Equality._≡_"},[{"contents":[{"Right":3},[]],"tag":"App"},{"contents":[{"Right":1},[]],"tag":"App"}]],"tag":"App"},{"contents":[{"Right":2},[]],"tag":"App"},{"contents":[{"Right":0},[]],"tag":"App"}]],"tag":"App"},"name":"isStrictTotalOrder"},{"contents":[{"item":{"contents":[{"Left":"Agda.Primitive.Level"},[]],"tag":"App"},"name":"v"},{"contents":[{"item":{"contents":[{"Left":"Agda.Primitive.Level"},[]],"tag":"App"},"name":"w"},{"contents":[{"item":{"contents":[{"Left":"Data.Tree.AVL.Value.Value"},[{"contents":[{"Right":6},[]],"tag":"App"},{"contents":[{"Right":6},[]],"tag":"App"},{"contents":[{"Left":"Relation.Binary.Bundles.StrictPartialOrder.Eq.setoid"},[{"contents":[{"Right":6},[]],"tag":"App"},{"contents":[{"Right":6},[]],"tag":"App"},{"contents":[{"Right":5},[]],"tag":"App"},{"contents":[{"Left":"Relation.Binary.Bundles.StrictTotalOrder.strictPartialOrder"},[{"contents":[{"Right":6},[]],"tag":"App"},{"contents":[{"Right":6},[]],"tag":"App"},{"contents":[{"Right":5},[]],"tag":"App"},{"contents":[{"Left":"Relation.Binary.Bundles.StrictTotalOrder.constructor"},[{"contents":[{"Right":4},[]],"tag":"App"},{"contents":[{"Left":"Agda.Builtin.Equality._≡_"},[{"contents":[{"Right":6},[]],"tag":"App"},{"contents":[{"Right":4},[]],"tag":"App"}]],"tag":"App"},{"contents":[{"Right":3},[]],"tag":"App"},{"contents":[{"Right":2},[]],"tag":"App"}]],"tag":"App"}]],"tag":"App"}]],"tag":"App"},{"contents":[{"Right":1},[]],"tag":"App"}]],"tag":"App"},"name":"V"},{"contents":[{"item":{"contents":[{"Left":"Data.Tree.AVL.Value.Value"},[{"contents":[{"Right":7},[]],"tag":"App"},{"contents":[{"Right":7},[]],"tag":"App"},{"contents":[{"Left":"Relation.Binary.Bundles.StrictPartialOrder.Eq.setoid"},[{"contents":[{"Right":7},[]],"tag":"App"},{"contents":[{"Right":7},[]],"tag":"App"},{"contents":[{"Right":6},[]],"tag":"App"},{"contents":[{"Left":"Relation.Binary.Bundles.StrictTotalOrder.strictPartialOrder"},[{"contents":[{"Right":7},[]],"tag":"App"},{"contents":[{"Right":7},[]],"tag":"App"},{"contents":[{"Right":6},[]],"tag":"App"},{"contents":[{"Left":"Relation.Binary.Bundles.StrictTotalOrder.constructor"},[{"contents":[{"Right":5},[]],"tag":"App"},{"contents":[{"Left":"Agda.Builtin.Equality._≡_"},[{"contents":[{"Right":7},[]],"tag":"App"},{"contents":[{"Right":5},[]],"tag":"App"}]],"tag":"App"},{"contents":[{"Right":4},[]],"tag":"App"},{"contents":[{"Right":3},[]],"tag":"App"}]],"tag":"App"}]],"tag":"App"}]],"tag":"App"},{"contents":[{"Right":1},[]],"tag":"App"}]],"tag":"App"},"name":"W"},{"contents":[{"item":{"contents":[{"item":{"contents":[{"Right":6},[]],"tag":"App"},"name":"x"},{"contents":[{"item":{"contents":[{"Right":2},[{"contents":[{"Left":"Data.Tree.AVL.Value.Value.family"},[]],"tag":"App"},{"contents":[{"Right":0},[]],"tag":"App"}]],"tag":"App"},"name":"_"},{"contents":[{"Right":1},[{"contents":[{"Left":"Data.Tree.AVL.Value.Value.family"},[]],"tag":"App"},{"contents":[{"Right":0},[]],"tag":"App"}]],"tag":"App"}],"tag":"Pi"}],"tag":"Pi"},"name":"_"},{"contents":[{"item":{"contents":[{"Left":"Data.Tree.AVL.NonEmpty.Tree⁺"},[{"contents":[{"Right":8},[]],"tag":"App"},{"contents":[{"Right":8},[]],"tag":"App"},{"contents":[{"Right":7},[]],"tag":"App"},{"contents":[{"Left":"Relation.Binary.Bundles.StrictTotalOrder.constructor"},[{"contents":[{"Right":6},[]],"tag":"App"},{"contents":[{"Left":"Agda.Builtin.Equality._≡_"},[{"contents":[{"Right":8},[]],"tag":"App"},{"contents":[{"Right":6},[]],"tag":"App"}]],"tag":"App"},{"contents":[{"Right":5},[]],"tag":"App"},{"contents":[{"Right":4},[]],"tag":"App"}]],"tag":"App"},{"contents":[{"Right":3},[]],"tag":"App"},{"contents":[{"Right":1},[]],"tag":"App"}]],"tag":"App"},"name":"_"},{"contents":[{"Left":"Data.Tree.AVL.NonEmpty.Tree⁺"},[{"contents":[{"Right":8},[]],"tag":"App"},{"contents":[{"Right":8},[]],"tag":"App"},{"contents":[{"Right":7},[]],"tag":"App"},{"contents":[{"Left":"Relation.Binary.Bundles.StrictTotalOrder.constructor"},[{"contents":[{"Right":6},[]],"tag":"App"},{"contents":[{"Left":"Agda.Builtin.Equality._≡_"},[{"contents":[{"Right":8},[]],"tag":"App"},{"contents":[{"Right":6},[]],"tag":"App"}]],"tag":"App"},{"contents":[{"Right":5},[]],"tag":"App"},{"contents":[{"Right":4},[]],"tag":"App"}]],"tag":"App"},{"contents":[{"Right":2},[]],"tag":"App"},{"contents":[{"Right":0},[]],"tag":"App"}]],"tag":"App"}],"tag":"Pi"}],"tag":"Pi"}],"tag":"Pi"}],"tag":"Pi"}],"tag":"Pi"}],"tag":"Pi"}],"tag":"Pi"}],"tag":"Pi"}],"tag":"Pi"}],"tag":"Pi"}],"tag":"Pi"},"original":{"contents":[{"item":{"contents":[{"Left":"Agda.Primitive.Level"},[]],"tag":"App"},"name":"k"},{"contents":[{"item":{"contents":[{"Left":"Agda.Primitive.Level"},[]],"tag":"App"},"name":"r"},{"contents":[{"item":{"contents":"Set @1","tag":"Sort"},"name":"Key"},{"contents":[{"item":{"contents":[{"Left":"Relation.Binary.Core.Rel"},[{"contents":[{"Right":2},[]],"tag":"App"},{"contents":[{"Right":0},[]],"tag":"App"},{"contents":[{"Right":1},[]],"tag":"App"}]],"tag":"App"},"name":"_<_"},{"contents":[{"item":{"contents":[{"Left":"Relation.Binary.Structures.IsStrictTotalOrder"},[{"contents":[{"Right":3},[]],"tag":"App"},{"contents":[{"Right":3},[]],"tag":"App"},{"contents":[{"Right":1},[]],"tag":"App"},{"contents":[{"Left":"Agda.Builtin.Equality._≡_"},[{"contents":[{"Right":3},[]],"tag":"App"},{"contents":[{"Right":1},[]],"tag":"App"}]],"tag":"App"},{"contents":[{"Right":2},[]],"tag":"App"},{"contents":[{"Right":0},[]],"tag":"App"}]],"tag":"App"},"name":"isStrictTotalOrder"},{"contents":[{"item":{"contents":[{"Left":"Agda.Primitive.Level"},[]],"tag":"App"},"name":"v"},{"contents":[{"item":{"contents":[{"Left":"Agda.Primitive.Level"},[]],"tag":"App"},"name":"w"},{"contents":[{"item":{"contents":[{"Left":"Data.Tree.AVL.NonEmpty._.Value"},[{"contents":[{"Right":6},[]],"tag":"App"},{"contents":[{"Right":6},[]],"tag":"App"},{"contents":[{"Right":5},[]],"tag":"App"},{"contents":[{"Left":"Data.Tree.AVL.NonEmpty.Propositional.strictTotalOrder"},[{"contents":[{"Right":6},[]],"tag":"App"},{"contents":[{"Right":5},[]],"tag":"App"},{"contents":[{"Right":4},[]],"tag":"App"},{"contents":[{"Right":3},[]],"tag":"App"},{"contents":[{"Right":2},[]],"tag":"App"}]],"tag":"App"},{"contents":[{"Right":1},[]],"tag":"App"}]],"tag":"App"},"name":"V"},{"contents":[{"item":{"contents":[{"Left":"Data.Tree.AVL.NonEmpty._.Value"},[{"contents":[{"Right":7},[]],"tag":"App"},{"contents":[{"Right":7},[]],"tag":"App"},{"contents":[{"Right":6},[]],"tag":"App"},{"contents":[{"Left":"Data.Tree.AVL.NonEmpty.Propositional.strictTotalOrder"},[{"contents":[{"Right":7},[]],"tag":"App"},{"contents":[{"Right":6},[]],"tag":"App"},{"contents":[{"Right":5},[]],"tag":"App"},{"contents":[{"Right":4},[]],"tag":"App"},{"contents":[{"Right":3},[]],"tag":"App"}]],"tag":"App"},{"contents":[{"Right":1},[]],"tag":"App"}]],"tag":"App"},"name":"W"},{"contents":[{"item":{"contents":[{"Left":"Relation.Unary.IUniversal"},[{"contents":[{"Right":8},[]],"tag":"App"},{"contents":[{"Left":"Relation.Binary.Bundles.StrictPartialOrder.Eq.setoid"},[{"contents":[{"Right":8},[]],"tag":"App"},{"contents":[{"Right":8},[]],"tag":"App"},{"contents":[{"Right":7},[]],"tag":"App"},{"contents":[{"Left":"Relation.Binary.Bundles.StrictTotalOrder.strictPartialOrder"},[{"contents":[{"Right":8},[]],"tag":"App"},{"contents":[{"Right":8},[]],"tag":"App"},{"contents":[{"Right":7},[]],"tag":"App"},{"contents":[{"Left":"Data.Tree.AVL.NonEmpty.Propositional.strictTotalOrder"},[{"contents":[{"Right":8},[]],"tag":"App"},{"contents":[{"Right":7},[]],"tag":"App"},{"contents":[{"Right":6},[]],"tag":"App"},{"contents":[{"Right":5},[]],"tag":"App"},{"contents":[{"Right":4},[]],"tag":"App"}]],"tag":"App"}]],"tag":"App"},{"contents":[{"Left":"Relation.Binary.Bundles.Setoid.Carrier"},[]],"tag":"App"}]],"tag":"App"},{"contents":"lub @3 @2","tag":"Level"},{"contents":[{"Left":"Relation.Unary._⇒_"},[{"contents":[{"Right":8},[]],"tag":"App"},{"contents":[{"Left":"Relation.Binary.Bundles.StrictPartialOrder.Eq.setoid"},[{"contents":[{"Right":8},[]],"tag":"App"},{"contents":[{"Right":8},[]],"tag":"App"},{"contents":[{"Right":7},[]],"tag":"App"},{"contents":[{"Left":"Relation.Binary.Bundles.StrictTotalOrder.strictPartialOrder"},[{"contents":[{"Right":8},[]],"tag":"App"},{"contents":[{"Right":8},[]],"tag":"App"},{"contents":[{"Right":7},[]],"tag":"App"},{"contents":[{"Left":"Data.Tree.AVL.NonEmpty.Propositional.strictTotalOrder"},[{"contents":[{"Right":8},[]],"tag":"App"},{"contents":[{"Right":7},[]],"tag":"App"},{"contents":[{"Right":6},[]],"tag":"App"},{"contents":[{"Right":5},[]],"tag":"App"},{"contents":[{"Right":4},[]],"tag":"App"}]],"tag":"App"}]],"tag":"App"},{"contents":[{"Left":"Relation.Binary.Bundles.Setoid.Carrier"},[]],"tag":"App"}]],"tag":"App"},{"contents":[{"Right":3},[]],"tag":"App"},{"contents":[{"Right":2},[]],"tag":"App"},{"contents":[{"Left":"Data.Tree.AVL.NonEmpty._.Val"},[{"contents":[{"Left":"Data.Tree.AVL.NonEmpty.Propositional.strictTotalOrder"},[{"contents":[{"Right":8},[]],"tag":"App"},{"contents":[{"Right":7},[]],"tag":"App"},{"contents":[{"Right":6},[]],"tag":"App"},{"contents":[{"Right":5},[]],"tag":"App"},{"contents":[{"Right":4},[]],"tag":"App"}]],"tag":"App"},{"contents":[{"Right":3},[]],"tag":"App"},{"contents":[{"Right":2},[]],"tag":"App"},{"contents":[{"Right":1},[]],"tag":"App"},{"contents":[{"Right":0},[]],"tag":"App"}]],"tag":"App"},{"contents":[{"Left":"Data.Tree.AVL.NonEmpty._.Wal"},[{"contents":[{"Left":"Data.Tree.AVL.NonEmpty.Propositional.strictTotalOrder"},[{"contents":[{"Right":8},[]],"tag":"App"},{"contents":[{"Right":7},[]],"tag":"App"},{"contents":[{"Right":6},[]],"tag":"App"},{"contents":[{"Right":5},[]],"tag":"App"},{"contents":[{"Right":4},[]],"tag":"App"}]],"tag":"App"},{"contents":[{"Right":3},[]],"tag":"App"},{"contents":[{"Right":2},[]],"tag":"App"},{"contents":[{"Right":1},[]],"tag":"App"},{"contents":[{"Right":0},[]],"tag":"App"}]],"tag":"App"}]],"tag":"App"}]],"tag":"App"},"name":"_"},{"contents":[{"item":{"contents":[{"Left":"Data.Tree.AVL.NonEmpty.Tree⁺"},[{"contents":[{"Right":8},[]],"tag":"App"},{"contents":[{"Right":8},[]],"tag":"App"},{"contents":[{"Right":7},[]],"tag":"App"},{"contents":[{"Left":"Data.Tree.AVL.NonEmpty.Propositional.strictTotalOrder"},[{"contents":[{"Right":8},[]],"tag":"App"},{"contents":[{"Right":7},[]],"tag":"App"},{"contents":[{"Right":6},[]],"tag":"App"},{"contents":[{"Right":5},[]],"tag":"App"},{"contents":[{"Right":4},[]],"tag":"App"}]],"tag":"App"},{"contents":[{"Right":3},[]],"tag":"App"},{"contents":[{"Right":1},[]],"tag":"App"}]],"tag":"App"},"name":"_"},{"contents":[{"Left":"Data.Tree.AVL.NonEmpty.Tree⁺"},[{"contents":[{"Right":8},[]],"tag":"App"},{"contents":[{"Right":8},[]],"tag":"App"},{"contents":[{"Right":7},[]],"tag":"App"},{"contents":[{"Left":"Data.Tree.AVL.NonEmpty.Propositional.strictTotalOrder"},[{"contents":[{"Right":8},[]],"tag":"App"},{"contents":[{"Right":7},[]],"tag":"App"},{"contents":[{"Right":6},[]],"tag":"App"},{"contents":[{"Right":5},[]],"tag":"App"},{"contents":[{"Right":4},[]],"tag":"App"}]],"tag":"App"},{"contents":[{"Right":2},[]],"tag":"App"},{"contents":[{"Right":0},[]],"tag":"App"}]],"tag":"App"}],"tag":"Pi"}],"tag":"Pi"}],"tag":"Pi"}],"tag":"Pi"}],"tag":"Pi"}],"tag":"Pi"}],"tag":"Pi"}],"tag":"Pi"}],"tag":"Pi"}],"tag":"Pi"}],"tag":"Pi"},"reduced":null,"simplified":{"contents":[{"item":{"contents":[{"Left":"Agda.Primitive.Level"},[]],"tag":"App"},"name":"k"},{"contents":[{"item":{"contents":[{"Left":"Agda.Primitive.Level"},[]],"tag":"App"},"name":"r"},{"contents":[{"item":{"contents":"Set @1","tag":"Sort"},"name":"Key"},{"contents":[{"item":{"contents":[{"Left":"Relation.Binary.Core.Rel"},[{"contents":[{"Right":2},[]],"tag":"App"},{"contents":[{"Right":0},[]],"tag":"App"},{"contents":[{"Right":1},[]],"tag":"App"}]],"tag":"App"},"name":"_<_"},{"contents":[{"item":{"contents":[{"Left":"Relation.Binary.Structures.IsStrictTotalOrder"},[{"contents":[{"Right":3},[]],"tag":"App"},{"contents":[{"Right":3},[]],"tag":"App"},{"contents":[{"Right":1},[]],"tag":"App"},{"contents":[{"Left":"Agda.Builtin.Equality._≡_"},[{"contents":[{"Right":3},[]],"tag":"App"},{"contents":[{"Right":1},[]],"tag":"App"}]],"tag":"App"},{"contents":[{"Right":2},[]],"tag":"App"},{"contents":[{"Right":0},[]],"tag":"App"}]],"tag":"App"},"name":"isStrictTotalOrder"},{"contents":[{"item":{"contents":[{"Left":"Agda.Primitive.Level"},[]],"tag":"App"},"name":"v"},{"contents":[{"item":{"contents":[{"Left":"Agda.Primitive.Level"},[]],"tag":"App"},"name":"w"},{"contents":[{"item":{"contents":[{"Left":"Data.Tree.AVL.NonEmpty._.Value"},[{"contents":[{"Right":6},[]],"tag":"App"},{"contents":[{"Right":6},[]],"tag":"App"},{"contents":[{"Right":5},[]],"tag":"App"},{"contents":[{"Left":"Data.Tree.AVL.NonEmpty.Propositional.strictTotalOrder"},[{"contents":[{"Right":6},[]],"tag":"App"},{"contents":[{"Right":5},[]],"tag":"App"},{"contents":[{"Right":4},[]],"tag":"App"},{"contents":[{"Right":3},[]],"tag":"App"},{"contents":[{"Right":2},[]],"tag":"App"}]],"tag":"App"},{"contents":[{"Right":1},[]],"tag":"App"}]],"tag":"App"},"name":"V"},{"contents":[{"item":{"contents":[{"Left":"Data.Tree.AVL.NonEmpty._.Value"},[{"contents":[{"Right":7},[]],"tag":"App"},{"contents":[{"Right":7},[]],"tag":"App"},{"contents":[{"Right":6},[]],"tag":"App"},{"contents":[{"Left":"Data.Tree.AVL.NonEmpty.Propositional.strictTotalOrder"},[{"contents":[{"Right":7},[]],"tag":"App"},{"contents":[{"Right":6},[]],"tag":"App"},{"contents":[{"Right":5},[]],"tag":"App"},{"contents":[{"Right":4},[]],"tag":"App"},{"contents":[{"Right":3},[]],"tag":"App"}]],"tag":"App"},{"contents":[{"Right":1},[]],"tag":"App"}]],"tag":"App"},"name":"W"},{"contents":[{"item":{"contents":[{"Left":"Relation.Unary.IUniversal"},[{"contents":[{"Right":8},[]],"tag":"App"},{"contents":[{"Left":"Data.Tree.AVL.NonEmpty.Propositional.strictTotalOrder"},[{"contents":[{"Right":8},[]],"tag":"App"},{"contents":[{"Right":7},[]],"tag":"App"},{"contents":[{"Right":6},[]],"tag":"App"},{"contents":[{"Right":5},[]],"tag":"App"},{"contents":[{"Right":4},[]],"tag":"App"},{"contents":[{"Left":"Relation.Binary.Bundles.StrictTotalOrder.Carrier"},[]],"tag":"App"}]],"tag":"App"},{"contents":"lub @3 @2","tag":"Level"},{"contents":[{"Left":"Relation.Unary._⇒_"},[{"contents":[{"Right":8},[]],"tag":"App"},{"contents":[{"Left":"Data.Tree.AVL.NonEmpty.Propositional.strictTotalOrder"},[{"contents":[{"Right":8},[]],"tag":"App"},{"contents":[{"Right":7},[]],"tag":"App"},{"contents":[{"Right":6},[]],"tag":"App"},{"contents":[{"Right":5},[]],"tag":"App"},{"contents":[{"Right":4},[]],"tag":"App"},{"contents":[{"Left":"Relation.Binary.Bundles.StrictTotalOrder.Carrier"},[]],"tag":"App"}]],"tag":"App"},{"contents":[{"Right":3},[]],"tag":"App"},{"contents":[{"Right":2},[]],"tag":"App"},{"contents":[{"Left":"Data.Tree.AVL.NonEmpty._.Val"},[{"contents":[{"Left":"Data.Tree.AVL.NonEmpty.Propositional.strictTotalOrder"},[{"contents":[{"Right":8},[]],"tag":"App"},{"contents":[{"Right":7},[]],"tag":"App"},{"contents":[{"Right":6},[]],"tag":"App"},{"contents":[{"Right":5},[]],"tag":"App"},{"contents":[{"Right":4},[]],"tag":"App"}]],"tag":"App"},{"contents":[{"Right":3},[]],"tag":"App"},{"contents":[{"Right":2},[]],"tag":"App"},{"contents":[{"Right":1},[]],"tag":"App"},{"contents":[{"Right":0},[]],"tag":"App"}]],"tag":"App"},{"contents":[{"Left":"Data.Tree.AVL.NonEmpty._.Wal"},[{"contents":[{"Left":"Data.Tree.AVL.NonEmpty.Propositional.strictTotalOrder"},[{"contents":[{"Right":8},[]],"tag":"App"},{"contents":[{"Right":7},[]],"tag":"App"},{"contents":[{"Right":6},[]],"tag":"App"},{"contents":[{"Right":5},[]],"tag":"App"},{"contents":[{"Right":4},[]],"tag":"App"}]],"tag":"App"},{"contents":[{"Right":3},[]],"tag":"App"},{"contents":[{"Right":2},[]],"tag":"App"},{"contents":[{"Right":1},[]],"tag":"App"},{"contents":[{"Right":0},[]],"tag":"App"}]],"tag":"App"}]],"tag":"App"}]],"tag":"App"},"name":"_"},{"contents":[{"item":{"contents":[{"Left":"Data.Tree.AVL.NonEmpty.Tree⁺"},[{"contents":[{"Right":8},[]],"tag":"App"},{"contents":[{"Right":8},[]],"tag":"App"},{"contents":[{"Right":7},[]],"tag":"App"},{"contents":[{"Left":"Data.Tree.AVL.NonEmpty.Propositional.strictTotalOrder"},[{"contents":[{"Right":8},[]],"tag":"App"},{"contents":[{"Right":7},[]],"tag":"App"},{"contents":[{"Right":6},[]],"tag":"App"},{"contents":[{"Right":5},[]],"tag":"App"},{"contents":[{"Right":4},[]],"tag":"App"}]],"tag":"App"},{"contents":[{"Right":3},[]],"tag":"App"},{"contents":[{"Right":1},[]],"tag":"App"}]],"tag":"App"},"name":"_"},{"contents":[{"Left":"Data.Tree.AVL.NonEmpty.Tree⁺"},[{"contents":[{"Right":8},[]],"tag":"App"},{"contents":[{"Right":8},[]],"tag":"App"},{"contents":[{"Right":7},[]],"tag":"App"},{"contents":[{"Left":"Data.Tree.AVL.NonEmpty.Propositional.strictTotalOrder"},[{"contents":[{"Right":8},[]],"tag":"App"},{"contents":[{"Right":7},[]],"tag":"App"},{"contents":[{"Right":6},[]],"tag":"App"},{"contents":[{"Right":5},[]],"tag":"App"},{"contents":[{"Right":4},[]],"tag":"App"}]],"tag":"App"},{"contents":[{"Right":2},[]],"tag":"App"},{"contents":[{"Right":0},[]],"tag":"App"}]],"tag":"App"}],"tag":"Pi"}],"tag":"Pi"}],"tag":"Pi"}],"tag":"Pi"}],"tag":"Pi"}],"tag":"Pi"}],"tag":"Pi"}],"tag":"Pi"}],"tag":"Pi"}],"tag":"Pi"}],"tag":"Pi"}}},"name":"Data.Tree.AVL.NonEmpty.Propositional.AVL⁺.map"},{"item":{"pretty":"{k r : Level} {Key : Set k} {_<_ : Rel Key r}\n(isStrictTotalOrder : IsStrictTotalOrder _≡_ _<_) {v : Level}\n{V\n : Data.Tree.AVL.Value.Value\n   (Relation.Binary.StrictPartialOrder.Eq.setoid\n    (StrictTotalOrder.strictPartialOrder\n     (Data.Tree.AVL.NonEmpty.Propositional.strictTotalOrder\n      isStrictTotalOrder)))\n   v}\n(k₁\n : StrictTotalOrder.Carrier\n   (Data.Tree.AVL.NonEmpty.Propositional.strictTotalOrder\n    isStrictTotalOrder)) →\nData.Tree.AVL.NonEmpty.Val _ k₁ →\nData.Tree.AVL.NonEmpty.Tree⁺\n(Data.Tree.AVL.NonEmpty.Propositional.strictTotalOrder\n isStrictTotalOrder)\nV","thing":{"normalised":{"contents":[{"item":{"contents":[{"Left":"Agda.Primitive.Level"},[]],"tag":"App"},"name":"k"},{"contents":[{"item":{"contents":[{"Left":"Agda.Primitive.Level"},[]],"tag":"App"},"name":"r"},{"contents":[{"item":{"contents":"Set @1","tag":"Sort"},"name":"Key"},{"contents":[{"item":{"contents":[{"item":{"contents":[{"Right":0},[]],"tag":"App"},"name":"_"},{"contents":[{"item":{"contents":[{"Right":0},[]],"tag":"App"},"name":"_"},{"contents":"Set @1","tag":"Sort"}],"tag":"Pi"}],"tag":"Pi"},"name":"_<_"},{"contents":[{"item":{"contents":[{"Left":"Relation.Binary.Structures.IsStrictTotalOrder"},[{"contents":[{"Right":3},[]],"tag":"App"},{"contents":[{"Right":3},[]],"tag":"App"},{"contents":[{"Right":1},[]],"tag":"App"},{"contents":[{"Left":"Agda.Builtin.Equality._≡_"},[{"contents":[{"Right":3},[]],"tag":"App"},{"contents":[{"Right":1},[]],"tag":"App"}]],"tag":"App"},{"contents":[{"Right":2},[]],"tag":"App"},{"contents":[{"Right":0},[]],"tag":"App"}]],"tag":"App"},"name":"isStrictTotalOrder"},{"contents":[{"item":{"contents":[{"Left":"Agda.Primitive.Level"},[]],"tag":"App"},"name":"v"},{"contents":[{"item":{"contents":[{"Left":"Data.Tree.AVL.Value.Value"},[{"contents":[{"Right":5},[]],"tag":"App"},{"contents":[{"Right":5},[]],"tag":"App"},{"contents":[{"Left":"Relation.Binary.Bundles.StrictPartialOrder.Eq.setoid"},[{"contents":[{"Right":5},[]],"tag":"App"},{"contents":[{"Right":5},[]],"tag":"App"},{"contents":[{"Right":4},[]],"tag":"App"},{"contents":[{"Left":"Relation.Binary.Bundles.StrictTotalOrder.strictPartialOrder"},[{"contents":[{"Right":5},[]],"tag":"App"},{"contents":[{"Right":5},[]],"tag":"App"},{"contents":[{"Right":4},[]],"tag":"App"},{"contents":[{"Left":"Relation.Binary.Bundles.StrictTotalOrder.constructor"},[{"contents":[{"Right":3},[]],"tag":"App"},{"contents":[{"Left":"Agda.Builtin.Equality._≡_"},[{"contents":[{"Right":5},[]],"tag":"App"},{"contents":[{"Right":3},[]],"tag":"App"}]],"tag":"App"},{"contents":[{"Right":2},[]],"tag":"App"},{"contents":[{"Right":1},[]],"tag":"App"}]],"tag":"App"}]],"tag":"App"}]],"tag":"App"},{"contents":[{"Right":0},[]],"tag":"App"}]],"tag":"App"},"name":"V"},{"contents":[{"item":{"contents":[{"Right":4},[]],"tag":"App"},"name":"k"},{"contents":[{"item":{"contents":[{"Right":1},[{"contents":[{"Left":"Data.Tree.AVL.Value.Value.family"},[]],"tag":"App"},{"contents":[{"Right":0},[]],"tag":"App"}]],"tag":"App"},"name":"_"},{"contents":[{"Left":"Data.Tree.AVL.NonEmpty.Tree⁺"},[{"contents":[{"Right":7},[]],"tag":"App"},{"contents":[{"Right":7},[]],"tag":"App"},{"contents":[{"Right":6},[]],"tag":"App"},{"contents":[{"Left":"Relation.Binary.Bundles.StrictTotalOrder.constructor"},[{"contents":[{"Right":5},[]],"tag":"App"},{"contents":[{"Left":"Agda.Builtin.Equality._≡_"},[{"contents":[{"Right":7},[]],"tag":"App"},{"contents":[{"Right":5},[]],"tag":"App"}]],"tag":"App"},{"contents":[{"Right":4},[]],"tag":"App"},{"contents":[{"Right":3},[]],"tag":"App"}]],"tag":"App"},{"contents":[{"Right":2},[]],"tag":"App"},{"contents":[{"Right":1},[]],"tag":"App"}]],"tag":"App"}],"tag":"Pi"}],"tag":"Pi"}],"tag":"Pi"}],"tag":"Pi"}],"tag":"Pi"}],"tag":"Pi"}],"tag":"Pi"}],"tag":"Pi"}],"tag":"Pi"},"original":{"contents":[{"item":{"contents":[{"Left":"Agda.Primitive.Level"},[]],"tag":"App"},"name":"k"},{"contents":[{"item":{"contents":[{"Left":"Agda.Primitive.Level"},[]],"tag":"App"},"name":"r"},{"contents":[{"item":{"contents":"Set @1","tag":"Sort"},"name":"Key"},{"contents":[{"item":{"contents":[{"Left":"Relation.Binary.Core.Rel"},[{"contents":[{"Right":2},[]],"tag":"App"},{"contents":[{"Right":0},[]],"tag":"App"},{"contents":[{"Right":1},[]],"tag":"App"}]],"tag":"App"},"name":"_<_"},{"contents":[{"item":{"contents":[{"Left":"Relation.Binary.Structures.IsStrictTotalOrder"},[{"contents":[{"Right":3},[]],"tag":"App"},{"contents":[{"Right":3},[]],"tag":"App"},{"contents":[{"Right":1},[]],"tag":"App"},{"contents":[{"Left":"Agda.Builtin.Equality._≡_"},[{"contents":[{"Right":3},[]],"tag":"App"},{"contents":[{"Right":1},[]],"tag":"App"}]],"tag":"App"},{"contents":[{"Right":2},[]],"tag":"App"},{"contents":[{"Right":0},[]],"tag":"App"}]],"tag":"App"},"name":"isStrictTotalOrder"},{"contents":[{"item":{"contents":[{"Left":"Agda.Primitive.Level"},[]],"tag":"App"},"name":"v"},{"contents":[{"item":{"contents":[{"Left":"Data.Tree.AVL.NonEmpty._.Value"},[{"contents":[{"Right":5},[]],"tag":"App"},{"contents":[{"Right":5},[]],"tag":"App"},{"contents":[{"Right":4},[]],"tag":"App"},{"contents":[{"Left":"Data.Tree.AVL.NonEmpty.Propositional.strictTotalOrder"},[{"contents":[{"Right":5},[]],"tag":"App"},{"contents":[{"Right":4},[]],"tag":"App"},{"contents":[{"Right":3},[]],"tag":"App"},{"contents":[{"Right":2},[]],"tag":"App"},{"contents":[{"Right":1},[]],"tag":"App"}]],"tag":"App"},{"contents":[{"Right":0},[]],"tag":"App"}]],"tag":"App"},"name":"V"},{"contents":[{"item":{"contents":[{"Left":"Data.Tree.AVL.NonEmpty.Propositional.strictTotalOrder"},[{"contents":[{"Right":6},[]],"tag":"App"},{"contents":[{"Right":5},[]],"tag":"App"},{"contents":[{"Right":4},[]],"tag":"App"},{"contents":[{"Right":3},[]],"tag":"App"},{"contents":[{"Right":2},[]],"tag":"App"},{"contents":[{"Left":"Relation.Binary.Bundles.StrictTotalOrder.Carrier"},[]],"tag":"App"}]],"tag":"App"},"name":"k"},{"contents":[{"item":{"contents":[{"Left":"Data.Tree.AVL.NonEmpty._.Val"},[{"contents":[{"Right":1},[]],"tag":"App"},{"contents":[{"Right":0},[]],"tag":"App"}]],"tag":"App"},"name":"_"},{"contents":[{"Left":"Data.Tree.AVL.NonEmpty.Tree⁺"},[{"contents":[{"Right":7},[]],"tag":"App"},{"contents":[{"Right":7},[]],"tag":"App"},{"contents":[{"Right":6},[]],"tag":"App"},{"contents":[{"Left":"Data.Tree.AVL.NonEmpty.Propositional.strictTotalOrder"},[{"contents":[{"Right":7},[]],"tag":"App"},{"contents":[{"Right":6},[]],"tag":"App"},{"contents":[{"Right":5},[]],"tag":"App"},{"contents":[{"Right":4},[]],"tag":"App"},{"contents":[{"Right":3},[]],"tag":"App"}]],"tag":"App"},{"contents":[{"Right":2},[]],"tag":"App"},{"contents":[{"Right":1},[]],"tag":"App"}]],"tag":"App"}],"tag":"Pi"}],"tag":"Pi"}],"tag":"Pi"}],"tag":"Pi"}],"tag":"Pi"}],"tag":"Pi"}],"tag":"Pi"}],"tag":"Pi"}],"tag":"Pi"},"reduced":null,"simplified":null}},"name":"Data.Tree.AVL.NonEmpty.Propositional.AVL⁺.singleton"},{"item":{"pretty":"{k r : Level} {Key : Set k} {_<_ : Rel Key r}\n(isStrictTotalOrder : IsStrictTotalOrder _≡_ _<_) {v : Level}\n{V\n : Data.Tree.AVL.Value.Value\n   (Relation.Binary.StrictPartialOrder.Eq.setoid\n    (StrictTotalOrder.strictPartialOrder\n     (Data.Tree.AVL.NonEmpty.Propositional.strictTotalOrder\n      isStrictTotalOrder)))\n   v} →\nData.Tree.AVL.NonEmpty.Tree⁺\n(Data.Tree.AVL.NonEmpty.Propositional.strictTotalOrder\n isStrictTotalOrder)\nV →\nData.List.NonEmpty.Base.List⁺\n((Data.Tree.AVL.Value.K&\n  Relation.Binary.StrictPartialOrder.Eq.setoid\n  (StrictTotalOrder.strictPartialOrder\n   (Data.Tree.AVL.NonEmpty.Propositional.strictTotalOrder\n    isStrictTotalOrder)))\n V)","thing":{"normalised":{"contents":[{"item":{"contents":[{"Left":"Agda.Primitive.Level"},[]],"tag":"App"},"name":"k"},{"contents":[{"item":{"contents":[{"Left":"Agda.Primitive.Level"},[]],"tag":"App"},"name":"r"},{"contents":[{"item":{"contents":"Set @1","tag":"Sort"},"name":"Key"},{"contents":[{"item":{"contents":[{"item":{"contents":[{"Right":0},[]],"tag":"App"},"name":"_"},{"contents":[{"item":{"contents":[{"Right":0},[]],"tag":"App"},"name":"_"},{"contents":"Set @1","tag":"Sort"}],"tag":"Pi"}],"tag":"Pi"},"name":"_<_"},{"contents":[{"item":{"contents":[{"Left":"Relation.Binary.Structures.IsStrictTotalOrder"},[{"contents":[{"Right":3},[]],"tag":"App"},{"contents":[{"Right":3},[]],"tag":"App"},{"contents":[{"Right":1},[]],"tag":"App"},{"contents":[{"Left":"Agda.Builtin.Equality._≡_"},[{"contents":[{"Right":3},[]],"tag":"App"},{"contents":[{"Right":1},[]],"tag":"App"}]],"tag":"App"},{"contents":[{"Right":2},[]],"tag":"App"},{"contents":[{"Right":0},[]],"tag":"App"}]],"tag":"App"},"name":"isStrictTotalOrder"},{"contents":[{"item":{"contents":[{"Left":"Agda.Primitive.Level"},[]],"tag":"App"},"name":"v"},{"contents":[{"item":{"contents":[{"Left":"Data.Tree.AVL.Value.Value"},[{"contents":[{"Right":5},[]],"tag":"App"},{"contents":[{"Right":5},[]],"tag":"App"},{"contents":[{"Left":"Relation.Binary.Bundles.StrictPartialOrder.Eq.setoid"},[{"contents":[{"Right":5},[]],"tag":"App"},{"contents":[{"Right":5},[]],"tag":"App"},{"contents":[{"Right":4},[]],"tag":"App"},{"contents":[{"Left":"Relation.Binary.Bundles.StrictTotalOrder.strictPartialOrder"},[{"contents":[{"Right":5},[]],"tag":"App"},{"contents":[{"Right":5},[]],"tag":"App"},{"contents":[{"Right":4},[]],"tag":"App"},{"contents":[{"Left":"Relation.Binary.Bundles.StrictTotalOrder.constructor"},[{"contents":[{"Right":3},[]],"tag":"App"},{"contents":[{"Left":"Agda.Builtin.Equality._≡_"},[{"contents":[{"Right":5},[]],"tag":"App"},{"contents":[{"Right":3},[]],"tag":"App"}]],"tag":"App"},{"contents":[{"Right":2},[]],"tag":"App"},{"contents":[{"Right":1},[]],"tag":"App"}]],"tag":"App"}]],"tag":"App"}]],"tag":"App"},{"contents":[{"Right":0},[]],"tag":"App"}]],"tag":"App"},"name":"V"},{"contents":[{"item":{"contents":[{"Left":"Data.Tree.AVL.NonEmpty.Tree⁺"},[{"contents":[{"Right":6},[]],"tag":"App"},{"contents":[{"Right":6},[]],"tag":"App"},{"contents":[{"Right":5},[]],"tag":"App"},{"contents":[{"Left":"Relation.Binary.Bundles.StrictTotalOrder.constructor"},[{"contents":[{"Right":4},[]],"tag":"App"},{"contents":[{"Left":"Agda.Builtin.Equality._≡_"},[{"contents":[{"Right":6},[]],"tag":"App"},{"contents":[{"Right":4},[]],"tag":"App"}]],"tag":"App"},{"contents":[{"Right":3},[]],"tag":"App"},{"contents":[{"Right":2},[]],"tag":"App"}]],"tag":"App"},{"contents":[{"Right":1},[]],"tag":"App"},{"contents":[{"Right":0},[]],"tag":"App"}]],"tag":"App"},"name":"_"},{"contents":[{"Left":"Data.List.NonEmpty.Base.List⁺"},[{"contents":"lub @6 @1","tag":"Level"},{"contents":[{"Left":"Data.Tree.AVL.Value.K&_"},[{"contents":[{"Right":6},[]],"tag":"App"},{"contents":[{"Right":6},[]],"tag":"App"},{"contents":[{"Left":"Relation.Binary.Bundles.StrictPartialOrder.Eq.setoid"},[{"contents":[{"Right":6},[]],"tag":"App"},{"contents":[{"Right":6},[]],"tag":"App"},{"contents":[{"Right":5},[]],"tag":"App"},{"contents":[{"Left":"Relation.Binary.Bundles.StrictTotalOrder.strictPartialOrder"},[{"contents":[{"Right":6},[]],"tag":"App"},{"contents":[{"Right":6},[]],"tag":"App"},{"contents":[{"Right":5},[]],"tag":"App"},{"contents":[{"Left":"Relation.Binary.Bundles.StrictTotalOrder.constructor"},[{"contents":[{"Right":4},[]],"tag":"App"},{"contents":[{"Left":"Agda.Builtin.Equality._≡_"},[{"contents":[{"Right":6},[]],"tag":"App"},{"contents":[{"Right":4},[]],"tag":"App"}]],"tag":"App"},{"contents":[{"Right":3},[]],"tag":"App"},{"contents":[{"Right":2},[]],"tag":"App"}]],"tag":"App"}]],"tag":"App"}]],"tag":"App"},{"contents":[{"Right":1},[]],"tag":"App"},{"contents":[{"Right":0},[]],"tag":"App"}]],"tag":"App"}]],"tag":"App"}],"tag":"Pi"}],"tag":"Pi"}],"tag":"Pi"}],"tag":"Pi"}],"tag":"Pi"}],"tag":"Pi"}],"tag":"Pi"}],"tag":"Pi"},"original":{"contents":[{"item":{"contents":[{"Left":"Agda.Primitive.Level"},[]],"tag":"App"},"name":"k"},{"contents":[{"item":{"contents":[{"Left":"Agda.Primitive.Level"},[]],"tag":"App"},"name":"r"},{"contents":[{"item":{"contents":"Set @1","tag":"Sort"},"name":"Key"},{"contents":[{"item":{"contents":[{"Left":"Relation.Binary.Core.Rel"},[{"contents":[{"Right":2},[]],"tag":"App"},{"contents":[{"Right":0},[]],"tag":"App"},{"contents":[{"Right":1},[]],"tag":"App"}]],"tag":"App"},"name":"_<_"},{"contents":[{"item":{"contents":[{"Left":"Relation.Binary.Structures.IsStrictTotalOrder"},[{"contents":[{"Right":3},[]],"tag":"App"},{"contents":[{"Right":3},[]],"tag":"App"},{"contents":[{"Right":1},[]],"tag":"App"},{"contents":[{"Left":"Agda.Builtin.Equality._≡_"},[{"contents":[{"Right":3},[]],"tag":"App"},{"contents":[{"Right":1},[]],"tag":"App"}]],"tag":"App"},{"contents":[{"Right":2},[]],"tag":"App"},{"contents":[{"Right":0},[]],"tag":"App"}]],"tag":"App"},"name":"isStrictTotalOrder"},{"contents":[{"item":{"contents":[{"Left":"Agda.Primitive.Level"},[]],"tag":"App"},"name":"v"},{"contents":[{"item":{"contents":[{"Left":"Data.Tree.AVL.NonEmpty._.Value"},[{"contents":[{"Right":5},[]],"tag":"App"},{"contents":[{"Right":5},[]],"tag":"App"},{"contents":[{"Right":4},[]],"tag":"App"},{"contents":[{"Left":"Data.Tree.AVL.NonEmpty.Propositional.strictTotalOrder"},[{"contents":[{"Right":5},[]],"tag":"App"},{"contents":[{"Right":4},[]],"tag":"App"},{"contents":[{"Right":3},[]],"tag":"App"},{"contents":[{"Right":2},[]],"tag":"App"},{"contents":[{"Right":1},[]],"tag":"App"}]],"tag":"App"},{"contents":[{"Right":0},[]],"tag":"App"}]],"tag":"App"},"name":"V"},{"contents":[{"item":{"contents":[{"Left":"Data.Tree.AVL.NonEmpty.Tree⁺"},[{"contents":[{"Right":6},[]],"tag":"App"},{"contents":[{"Right":6},[]],"tag":"App"},{"contents":[{"Right":5},[]],"tag":"App"},{"contents":[{"Left":"Data.Tree.AVL.NonEmpty.Propositional.strictTotalOrder"},[{"contents":[{"Right":6},[]],"tag":"App"},{"contents":[{"Right":5},[]],"tag":"App"},{"contents":[{"Right":4},[]],"tag":"App"},{"contents":[{"Right":3},[]],"tag":"App"},{"contents":[{"Right":2},[]],"tag":"App"}]],"tag":"App"},{"contents":[{"Right":1},[]],"tag":"App"},{"contents":[{"Right":0},[]],"tag":"App"}]],"tag":"App"},"name":"_"},{"contents":[{"Left":"Data.List.NonEmpty.Base.List⁺"},[{"contents":"lub @6 @1","tag":"Level"},{"contents":[{"Left":"Data.Tree.AVL.NonEmpty._.K&_"},[{"contents":[{"Right":6},[]],"tag":"App"},{"contents":[{"Right":6},[]],"tag":"App"},{"contents":[{"Right":5},[]],"tag":"App"},{"contents":[{"Left":"Data.Tree.AVL.NonEmpty.Propositional.strictTotalOrder"},[{"contents":[{"Right":6},[]],"tag":"App"},{"contents":[{"Right":5},[]],"tag":"App"},{"contents":[{"Right":4},[]],"tag":"App"},{"contents":[{"Right":3},[]],"tag":"App"},{"contents":[{"Right":2},[]],"tag":"App"}]],"tag":"App"},{"contents":[{"Right":1},[]],"tag":"App"},{"contents":[{"Right":0},[]],"tag":"App"}]],"tag":"App"}]],"tag":"App"}],"tag":"Pi"}],"tag":"Pi"}],"tag":"Pi"}],"tag":"Pi"}],"tag":"Pi"}],"tag":"Pi"}],"tag":"Pi"}],"tag":"Pi"},"reduced":null,"simplified":null}},"name":"Data.Tree.AVL.NonEmpty.Propositional.AVL⁺.toList⁺"},{"item":{"pretty":"{k r : Level} {Key : Set k} {_<_ : Rel Key r}\n{isStrictTotalOrder : IsStrictTotalOrder _≡_ _<_} {v : Level}\n{V\n : Data.Tree.AVL.Value.Value\n   (Relation.Binary.StrictPartialOrder.Eq.setoid\n    (StrictTotalOrder.strictPartialOrder\n     (Data.Tree.AVL.NonEmpty.Propositional.strictTotalOrder\n      isStrictTotalOrder)))\n   v}\n{h : Agda.Builtin.Nat.Nat} →\nData.Tree.AVL.Indexed.Tree\n(Data.Tree.AVL.NonEmpty.Propositional.strictTotalOrder\n isStrictTotalOrder)\nV (Agda.Builtin.Maybe.Maybe.just Agda.Builtin.Maybe.Maybe.nothing)\nAgda.Builtin.Maybe.Maybe.nothing (Agda.Builtin.Nat.Nat.suc h) →\nData.Tree.AVL.NonEmpty.Tree⁺\n(Data.Tree.AVL.NonEmpty.Propositional.strictTotalOrder\n isStrictTotalOrder)\nV","thing":{"normalised":{"contents":[{"item":{"contents":[{"Left":"Agda.Primitive.Level"},[]],"tag":"App"},"name":"k"},{"contents":[{"item":{"contents":[{"Left":"Agda.Primitive.Level"},[]],"tag":"App"},"name":"r"},{"contents":[{"item":{"contents":"Set @1","tag":"Sort"},"name":"Key"},{"contents":[{"item":{"contents":[{"item":{"contents":[{"Right":0},[]],"tag":"App"},"name":"_"},{"contents":[{"item":{"contents":[{"Right":0},[]],"tag":"App"},"name":"_"},{"contents":"Set @1","tag":"Sort"}],"tag":"Pi"}],"tag":"Pi"},"name":"_<_"},{"contents":[{"item":{"contents":[{"Left":"Relation.Binary.Structures.IsStrictTotalOrder"},[{"contents":[{"Right":3},[]],"tag":"App"},{"contents":[{"Right":3},[]],"tag":"App"},{"contents":[{"Right":1},[]],"tag":"App"},{"contents":[{"Left":"Agda.Builtin.Equality._≡_"},[{"contents":[{"Right":3},[]],"tag":"App"},{"contents":[{"Right":1},[]],"tag":"App"}]],"tag":"App"},{"contents":[{"Right":2},[]],"tag":"App"},{"contents":[{"Right":0},[]],"tag":"App"}]],"tag":"App"},"name":"isStrictTotalOrder"},{"contents":[{"item":{"contents":[{"Left":"Agda.Primitive.Level"},[]],"tag":"App"},"name":"v"},{"contents":[{"item":{"contents":[{"Left":"Data.Tree.AVL.Value.Value"},[{"contents":[{"Right":5},[]],"tag":"App"},{"contents":[{"Right":5},[]],"tag":"App"},{"contents":[{"Left":"Relation.Binary.Bundles.StrictPartialOrder.Eq.setoid"},[{"contents":[{"Right":5},[]],"tag":"App"},{"contents":[{"Right":5},[]],"tag":"App"},{"contents":[{"Right":4},[]],"tag":"App"},{"contents":[{"Left":"Relation.Binary.Bundles.StrictTotalOrder.strictPartialOrder"},[{"contents":[{"Right":5},[]],"tag":"App"},{"contents":[{"Right":5},[]],"tag":"App"},{"contents":[{"Right":4},[]],"tag":"App"},{"contents":[{"Left":"Relation.Binary.Bundles.StrictTotalOrder.constructor"},[{"contents":[{"Right":3},[]],"tag":"App"},{"contents":[{"Left":"Agda.Builtin.Equality._≡_"},[{"contents":[{"Right":5},[]],"tag":"App"},{"contents":[{"Right":3},[]],"tag":"App"}]],"tag":"App"},{"contents":[{"Right":2},[]],"tag":"App"},{"contents":[{"Right":1},[]],"tag":"App"}]],"tag":"App"}]],"tag":"App"}]],"tag":"App"},{"contents":[{"Right":0},[]],"tag":"App"}]],"tag":"App"},"name":"V"},{"contents":[{"item":{"contents":[{"Left":"Agda.Builtin.Nat.Nat"},[]],"tag":"App"},"name":"h"},{"contents":[{"item":{"contents":[{"Left":"Data.Tree.AVL.Indexed.Tree"},[{"contents":[{"Right":7},[]],"tag":"App"},{"contents":[{"Right":7},[]],"tag":"App"},{"contents":[{"Right":6},[]],"tag":"App"},{"contents":[{"Left":"Relation.Binary.Bundles.StrictTotalOrder.constructor"},[{"contents":[{"Right":5},[]],"tag":"App"},{"contents":[{"Left":"Agda.Builtin.Equality._≡_"},[{"contents":[{"Right":7},[]],"tag":"App"},{"contents":[{"Right":5},[]],"tag":"App"}]],"tag":"App"},{"contents":[{"Right":4},[]],"tag":"App"},{"contents":[{"Right":3},[]],"tag":"App"}]],"tag":"App"},{"contents":[{"Right":2},[]],"tag":"App"},{"contents":[{"Right":1},[]],"tag":"App"},{"contents":[{"Left":"Agda.Builtin.Maybe.Maybe.just"},[{"contents":[{"Left":"Agda.Builtin.Maybe.Maybe.nothing"},[]],"tag":"App"}]],"tag":"App"},{"contents":[{"Left":"Agda.Builtin.Maybe.Maybe.nothing"},[]],"tag":"App"},{"contents":[{"Left":"Agda.Builtin.Nat.Nat.suc"},[{"contents":[{"Right":0},[]],"tag":"App"}]],"tag":"App"}]],"tag":"App"},"name":"_"},{"contents":[{"Left":"Data.Tree.AVL.NonEmpty.Tree⁺"},[{"contents":[{"Right":7},[]],"tag":"App"},{"contents":[{"Right":7},[]],"tag":"App"},{"contents":[{"Right":6},[]],"tag":"App"},{"contents":[{"Left":"Relation.Binary.Bundles.StrictTotalOrder.constructor"},[{"contents":[{"Right":5},[]],"tag":"App"},{"contents":[{"Left":"Agda.Builtin.Equality._≡_"},[{"contents":[{"Right":7},[]],"tag":"App"},{"contents":[{"Right":5},[]],"tag":"App"}]],"tag":"App"},{"contents":[{"Right":4},[]],"tag":"App"},{"contents":[{"Right":3},[]],"tag":"App"}]],"tag":"App"},{"contents":[{"Right":2},[]],"tag":"App"},{"contents":[{"Right":1},[]],"tag":"App"}]],"tag":"App"}],"tag":"Pi"}],"tag":"Pi"}],"tag":"Pi"}],"tag":"Pi"}],"tag":"Pi"}],"tag":"Pi"}],"tag":"Pi"}],"tag":"Pi"}],"tag":"Pi"},"original":{"contents":[{"item":{"contents":[{"Left":"Agda.Primitive.Level"},[]],"tag":"App"},"name":"k"},{"contents":[{"item":{"contents":[{"Left":"Agda.Primitive.Level"},[]],"tag":"App"},"name":"r"},{"contents":[{"item":{"contents":"Set @1","tag":"Sort"},"name":"Key"},{"contents":[{"item":{"contents":[{"Left":"Relation.Binary.Core.Rel"},[{"contents":[{"Right":2},[]],"tag":"App"},{"contents":[{"Right":0},[]],"tag":"App"},{"contents":[{"Right":1},[]],"tag":"App"}]],"tag":"App"},"name":"_<_"},{"contents":[{"item":{"contents":[{"Left":"Relation.Binary.Structures.IsStrictTotalOrder"},[{"contents":[{"Right":3},[]],"tag":"App"},{"contents":[{"Right":3},[]],"tag":"App"},{"contents":[{"Right":1},[]],"tag":"App"},{"contents":[{"Left":"Agda.Builtin.Equality._≡_"},[{"contents":[{"Right":3},[]],"tag":"App"},{"contents":[{"Right":1},[]],"tag":"App"}]],"tag":"App"},{"contents":[{"Right":2},[]],"tag":"App"},{"contents":[{"Right":0},[]],"tag":"App"}]],"tag":"App"},"name":"isStrictTotalOrder"},{"contents":[{"item":{"contents":[{"Left":"Agda.Primitive.Level"},[]],"tag":"App"},"name":"v"},{"contents":[{"item":{"contents":[{"Left":"Data.Tree.AVL.NonEmpty._.Value"},[{"contents":[{"Right":5},[]],"tag":"App"},{"contents":[{"Right":5},[]],"tag":"App"},{"contents":[{"Right":4},[]],"tag":"App"},{"contents":[{"Left":"Data.Tree.AVL.NonEmpty.Propositional.strictTotalOrder"},[{"contents":[{"Right":5},[]],"tag":"App"},{"contents":[{"Right":4},[]],"tag":"App"},{"contents":[{"Right":3},[]],"tag":"App"},{"contents":[{"Right":2},[]],"tag":"App"},{"contents":[{"Right":1},[]],"tag":"App"}]],"tag":"App"},{"contents":[{"Right":0},[]],"tag":"App"}]],"tag":"App"},"name":"V"},{"contents":[{"item":{"contents":[{"Left":"Agda.Builtin.Nat.Nat"},[]],"tag":"App"},"name":"h"},{"contents":[{"item":{"contents":[{"Left":"Data.Tree.AVL.NonEmpty.Indexed.Tree"},[{"contents":[{"Right":7},[]],"tag":"App"},{"contents":[{"Right":7},[]],"tag":"App"},{"contents":[{"Right":6},[]],"tag":"App"},{"contents":[{"Left":"Data.Tree.AVL.NonEmpty.Propositional.strictTotalOrder"},[{"contents":[{"Right":7},[]],"tag":"App"},{"contents":[{"Right":6},[]],"tag":"App"},{"contents":[{"Right":5},[]],"tag":"App"},{"contents":[{"Right":4},[]],"tag":"App"},{"contents":[{"Right":3},[]],"tag":"App"}]],"tag":"App"},{"contents":[{"Right":2},[]],"tag":"App"},{"contents":[{"Right":1},[]],"tag":"App"},{"contents":[{"Left":"Agda.Builtin.Maybe.Maybe.just"},[{"contents":[{"Left":"Agda.Builtin.Maybe.Maybe.nothing"},[]],"tag":"App"}]],"tag":"App"},{"contents":[{"Left":"Agda.Builtin.Maybe.Maybe.nothing"},[]],"tag":"App"},{"contents":[{"Left":"Agda.Builtin.Nat.Nat.suc"},[{"contents":[{"Right":0},[]],"tag":"App"}]],"tag":"App"}]],"tag":"App"},"name":"_"},{"contents":[{"Left":"Data.Tree.AVL.NonEmpty.Tree⁺"},[{"contents":[{"Right":7},[]],"tag":"App"},{"contents":[{"Right":7},[]],"tag":"App"},{"contents":[{"Right":6},[]],"tag":"App"},{"contents":[{"Left":"Data.Tree.AVL.NonEmpty.Propositional.strictTotalOrder"},[{"contents":[{"Right":7},[]],"tag":"App"},{"contents":[{"Right":6},[]],"tag":"App"},{"contents":[{"Right":5},[]],"tag":"App"},{"contents":[{"Right":4},[]],"tag":"App"},{"contents":[{"Right":3},[]],"tag":"App"}]],"tag":"App"},{"contents":[{"Right":2},[]],"tag":"App"},{"contents":[{"Right":1},[]],"tag":"App"}]],"tag":"App"}],"tag":"Pi"}],"tag":"Pi"}],"tag":"Pi"}],"tag":"Pi"}],"tag":"Pi"}],"tag":"Pi"}],"tag":"Pi"}],"tag":"Pi"}],"tag":"Pi"},"reduced":null,"simplified":null}},"name":"Data.Tree.AVL.NonEmpty.Propositional.AVL⁺.tree"},{"item":{"pretty":"{k r : Level} {Key : Set k} {_<_ : Rel Key r} →\nIsStrictTotalOrder _≡_ _<_ →\n{v : Level} → (Key → Set v) → Set (k ⊔ r ⊔ v)","thing":{"normalised":{"contents":[{"item":{"contents":[{"Left":"Agda.Primitive.Level"},[]],"tag":"App"},"name":"k"},{"contents":[{"item":{"contents":[{"Left":"Agda.Primitive.Level"},[]],"tag":"App"},"name":"r"},{"contents":[{"item":{"contents":"Set @1","tag":"Sort"},"name":"Key"},{"contents":[{"item":{"contents":[{"item":{"contents":[{"Right":0},[]],"tag":"App"},"name":"_"},{"contents":[{"item":{"contents":[{"Right":0},[]],"tag":"App"},"name":"_"},{"contents":"Set @1","tag":"Sort"}],"tag":"Pi"}],"tag":"Pi"},"name":"_<_"},{"contents":[{"item":{"contents":[{"Left":"Relation.Binary.Structures.IsStrictTotalOrder"},[{"contents":[{"Right":3},[]],"tag":"App"},{"contents":[{"Right":3},[]],"tag":"App"},{"contents":[{"Right":1},[]],"tag":"App"},{"contents":[{"Left":"Agda.Builtin.Equality._≡_"},[{"contents":[{"Right":3},[]],"tag":"App"},{"contents":[{"Right":1},[]],"tag":"App"}]],"tag":"App"},{"contents":[{"Right":2},[]],"tag":"App"},{"contents":[{"Right":0},[]],"tag":"App"}]],"tag":"App"},"name":"isStrictTotalOrder"},{"contents":[{"item":{"contents":[{"Left":"Agda.Primitive.Level"},[]],"tag":"App"},"name":"v"},{"contents":[{"item":{"contents":[{"item":{"contents":[{"Right":2},[]],"tag":"App"},"name":"_"},{"contents":"Set @0","tag":"Sort"}],"tag":"Pi"},"name":"V"},{"contents":"Set (lub @4 lub @3 @0)","tag":"Sort"}],"tag":"Pi"}],"tag":"Pi"}],"tag":"Pi"}],"tag":"Pi"}],"tag":"Pi"}],"tag":"Pi"}],"tag":"Pi"},"original":{"contents":[{"item":{"contents":[{"Left":"Agda.Primitive.Level"},[]],"tag":"App"},"name":"k"},{"contents":[{"item":{"contents":[{"Left":"Agda.Primitive.Level"},[]],"tag":"App"},"name":"r"},{"contents":[{"item":{"contents":"Set @1","tag":"Sort"},"name":"Key"},{"contents":[{"item":{"contents":[{"Left":"Relation.Binary.Core.Rel"},[{"contents":[{"Right":2},[]],"tag":"App"},{"contents":[{"Right":0},[]],"tag":"App"},{"contents":[{"Right":1},[]],"tag":"App"}]],"tag":"App"},"name":"_<_"},{"contents":[{"item":{"contents":[{"Left":"Relation.Binary.Structures.IsStrictTotalOrder"},[{"contents":[{"Right":3},[]],"tag":"App"},{"contents":[{"Right":3},[]],"tag":"App"},{"contents":[{"Right":1},[]],"tag":"App"},{"contents":[{"Left":"Agda.Builtin.Equality._≡_"},[{"contents":[{"Right":3},[]],"tag":"App"},{"contents":[{"Right":1},[]],"tag":"App"}]],"tag":"App"},{"contents":[{"Right":2},[]],"tag":"App"},{"contents":[{"Right":0},[]],"tag":"App"}]],"tag":"App"},"name":"isStrictTotalOrder"},{"contents":[{"item":{"contents":[{"Left":"Agda.Primitive.Level"},[]],"tag":"App"},"name":"v"},{"contents":[{"item":{"contents":[{"item":{"contents":[{"Right":2},[]],"tag":"App"},"name":"_"},{"contents":"Set @0","tag":"Sort"}],"tag":"Pi"},"name":"V"},{"contents":"Set (lub @4 lub @3 @0)","tag":"Sort"}],"tag":"Pi"}],"tag":"Pi"}],"tag":"Pi"}],"tag":"Pi"}],"tag":"Pi"}],"tag":"Pi"}],"tag":"Pi"},"reduced":null,"simplified":null}},"name":"Data.Tree.AVL.NonEmpty.Propositional.Tree⁺"}],"name":"Data.Tree.AVL.NonEmpty.Propositional"},"samples":[]}