{"scope":{"item":[{"item":{"pretty":"{a : Agda.Primitive.Level} {A : Set a} (_≟_ : Decidable _≡_) →\nAgda.Builtin.Nat.Nat → Set a","thing":{"normalised":{"contents":[{"item":{"contents":[{"Left":"Agda.Primitive.Level"},[]],"tag":"App"},"name":"a"},{"contents":[{"item":{"contents":"Set @0","tag":"Sort"},"name":"A"},{"contents":[{"item":{"contents":[{"item":{"contents":[{"Right":0},[]],"tag":"App"},"name":"x"},{"contents":[{"item":{"contents":[{"Right":1},[]],"tag":"App"},"name":"y"},{"contents":[{"Left":"Relation.Nullary.Dec"},[{"contents":[{"Right":3},[]],"tag":"App"},{"contents":[{"Left":"Agda.Builtin.Equality._≡_"},[{"contents":[{"Right":3},[]],"tag":"App"},{"contents":[{"Right":2},[]],"tag":"App"},{"contents":[{"Right":1},[]],"tag":"App"},{"contents":[{"Right":0},[]],"tag":"App"}]],"tag":"App"}]],"tag":"App"}],"tag":"Pi"}],"tag":"Pi"},"name":"_≟_"},{"contents":[{"item":{"contents":[{"Left":"Agda.Builtin.Nat.Nat"},[]],"tag":"App"},"name":"n"},{"contents":"Set @2","tag":"Sort"}],"tag":"Pi"}],"tag":"Pi"}],"tag":"Pi"}],"tag":"Pi"},"original":{"contents":[{"item":{"contents":[{"Left":"Agda.Primitive.Level"},[]],"tag":"App"},"name":"a"},{"contents":[{"item":{"contents":"Set @0","tag":"Sort"},"name":"A"},{"contents":[{"item":{"contents":[{"Left":"Relation.Binary.Definitions.Decidable"},[{"contents":[{"Right":1},[]],"tag":"App"},{"contents":[{"Right":0},[]],"tag":"App"},{"contents":[{"Right":1},[]],"tag":"App"},{"contents":[{"Right":0},[]],"tag":"App"},{"contents":[{"Right":1},[]],"tag":"App"},{"contents":[{"Left":"Agda.Builtin.Equality._≡_"},[{"contents":[{"Right":1},[]],"tag":"App"},{"contents":[{"Right":0},[]],"tag":"App"}]],"tag":"App"}]],"tag":"App"},"name":"_≟_"},{"contents":[{"item":{"contents":[{"Left":"Agda.Builtin.Nat.Nat"},[]],"tag":"App"},"name":"n"},{"contents":"Set @2","tag":"Sort"}],"tag":"Pi"}],"tag":"Pi"}],"tag":"Pi"}],"tag":"Pi"},"reduced":null,"simplified":null}},"name":"Data.List.Relation.Binary.Sublist.DecPropositional.Solver._.Item"},{"item":{"pretty":"{a : Agda.Primitive.Level} {A : Set a} (_≟_ : Decidable _≡_) →\nAgda.Builtin.Nat.Nat → Set a","thing":{"normalised":{"contents":[{"item":{"contents":[{"Left":"Agda.Primitive.Level"},[]],"tag":"App"},"name":"a"},{"contents":[{"item":{"contents":"Set @0","tag":"Sort"},"name":"A"},{"contents":[{"item":{"contents":[{"item":{"contents":[{"Right":0},[]],"tag":"App"},"name":"x"},{"contents":[{"item":{"contents":[{"Right":1},[]],"tag":"App"},"name":"y"},{"contents":[{"Left":"Relation.Nullary.Dec"},[{"contents":[{"Right":3},[]],"tag":"App"},{"contents":[{"Left":"Agda.Builtin.Equality._≡_"},[{"contents":[{"Right":3},[]],"tag":"App"},{"contents":[{"Right":2},[]],"tag":"App"},{"contents":[{"Right":1},[]],"tag":"App"},{"contents":[{"Right":0},[]],"tag":"App"}]],"tag":"App"}]],"tag":"App"}],"tag":"Pi"}],"tag":"Pi"},"name":"_≟_"},{"contents":[{"item":{"contents":[{"Left":"Agda.Builtin.Nat.Nat"},[]],"tag":"App"},"name":"n"},{"contents":"Set @2","tag":"Sort"}],"tag":"Pi"}],"tag":"Pi"}],"tag":"Pi"}],"tag":"Pi"},"original":{"contents":[{"item":{"contents":[{"Left":"Agda.Primitive.Level"},[]],"tag":"App"},"name":"a"},{"contents":[{"item":{"contents":"Set @0","tag":"Sort"},"name":"A"},{"contents":[{"item":{"contents":[{"Left":"Relation.Binary.Definitions.Decidable"},[{"contents":[{"Right":1},[]],"tag":"App"},{"contents":[{"Right":0},[]],"tag":"App"},{"contents":[{"Right":1},[]],"tag":"App"},{"contents":[{"Right":0},[]],"tag":"App"},{"contents":[{"Right":1},[]],"tag":"App"},{"contents":[{"Left":"Agda.Builtin.Equality._≡_"},[{"contents":[{"Right":1},[]],"tag":"App"},{"contents":[{"Right":0},[]],"tag":"App"}]],"tag":"App"}]],"tag":"App"},"name":"_≟_"},{"contents":[{"item":{"contents":[{"Left":"Agda.Builtin.Nat.Nat"},[]],"tag":"App"},"name":"n"},{"contents":"Set @2","tag":"Sort"}],"tag":"Pi"}],"tag":"Pi"}],"tag":"Pi"}],"tag":"Pi"},"reduced":null,"simplified":null}},"name":"Data.List.Relation.Binary.Sublist.DecPropositional.Solver._.TList"},{"item":{"pretty":"{a : Agda.Primitive.Level} {A : Set a} (_≟_ : Decidable _≡_)\n{n : Agda.Builtin.Nat.Nat}\n(d e\n : Data.List.Relation.Binary.Sublist.Heterogeneous.Solver.TList\n   (Relation.Binary.DecSetoid._≈_ (P.decSetoid _≟_))\n   (Relation.Binary.IsEquivalence.refl\n    (Relation.Binary.IsDecEquivalence.isEquivalence\n     (Relation.Binary.DecSetoid.isDecEquivalence (P.decSetoid _≟_))))\n   (Relation.Binary.IsDecEquivalence._≟_\n    (Relation.Binary.DecSetoid.isDecEquivalence (P.decSetoid _≟_)))\n   n) →\nData.Maybe.Base.From-just\n(Data.List.Relation.Binary.Sublist.Heterogeneous.Solver.solveT\n (Relation.Binary.DecSetoid._≈_ (P.decSetoid _≟_))\n (Relation.Binary.IsEquivalence.refl\n  (Relation.Binary.IsDecEquivalence.isEquivalence\n   (Relation.Binary.DecSetoid.isDecEquivalence (P.decSetoid _≟_))))\n (Relation.Binary.IsDecEquivalence._≟_\n  (Relation.Binary.DecSetoid.isDecEquivalence (P.decSetoid _≟_)))\n d e)","thing":{"normalised":{"contents":[{"item":{"contents":[{"Left":"Agda.Primitive.Level"},[]],"tag":"App"},"name":"a"},{"contents":[{"item":{"contents":"Set @0","tag":"Sort"},"name":"A"},{"contents":[{"item":{"contents":[{"item":{"contents":[{"Right":0},[]],"tag":"App"},"name":"x"},{"contents":[{"item":{"contents":[{"Right":1},[]],"tag":"App"},"name":"y"},{"contents":[{"Left":"Relation.Nullary.Dec"},[{"contents":[{"Right":3},[]],"tag":"App"},{"contents":[{"Left":"Agda.Builtin.Equality._≡_"},[{"contents":[{"Right":3},[]],"tag":"App"},{"contents":[{"Right":2},[]],"tag":"App"},{"contents":[{"Right":1},[]],"tag":"App"},{"contents":[{"Right":0},[]],"tag":"App"}]],"tag":"App"}]],"tag":"App"}],"tag":"Pi"}],"tag":"Pi"},"name":"_≟_"},{"contents":[{"item":{"contents":[{"Left":"Agda.Builtin.Nat.Nat"},[]],"tag":"App"},"name":"n"},{"contents":[{"item":{"contents":[{"Left":"Data.List.Relation.Binary.Sublist.Heterogeneous.Solver.TList"},[{"contents":[{"Right":3},[]],"tag":"App"},{"contents":[{"Right":3},[]],"tag":"App"},{"contents":[{"Right":2},[]],"tag":"App"},{"contents":[{"Left":"Agda.Builtin.Equality._≡_"},[{"contents":[{"Right":3},[]],"tag":"App"},{"contents":[{"Right":2},[]],"tag":"App"}]],"tag":"App"},{"contents":{"item":{"contents":[{"Left":"Agda.Builtin.Equality._≡_.refl"},[]],"tag":"App"},"name":"x"},"tag":"Lam"},{"contents":[{"Right":1},[]],"tag":"App"},{"contents":[{"Right":0},[]],"tag":"App"}]],"tag":"App"},"name":"d"},{"contents":[{"item":{"contents":[{"Left":"Data.List.Relation.Binary.Sublist.Heterogeneous.Solver.TList"},[{"contents":[{"Right":4},[]],"tag":"App"},{"contents":[{"Right":4},[]],"tag":"App"},{"contents":[{"Right":3},[]],"tag":"App"},{"contents":[{"Left":"Agda.Builtin.Equality._≡_"},[{"contents":[{"Right":4},[]],"tag":"App"},{"contents":[{"Right":3},[]],"tag":"App"}]],"tag":"App"},{"contents":{"item":{"contents":[{"Left":"Agda.Builtin.Equality._≡_.refl"},[]],"tag":"App"},"name":"x"},"tag":"Lam"},{"contents":[{"Right":2},[]],"tag":"App"},{"contents":[{"Right":1},[]],"tag":"App"}]],"tag":"App"},"name":"e"},{"contents":[{"Left":"Data.Maybe.Base._.From-just"},[{"contents":[{"Right":5},[]],"tag":"App"},{"contents":[{"item":{"contents":[{"Left":"Data.Vec.Base.Vec"},[{"contents":[{"Right":5},[]],"tag":"App"},{"contents":[{"Left":"Agda.Builtin.List.List"},[{"contents":[{"Right":5},[]],"tag":"App"},{"contents":[{"Right":4},[]],"tag":"App"}]],"tag":"App"},{"contents":[{"Right":2},[]],"tag":"App"}]],"tag":"App"},"name":"ρ"},{"contents":[{"Left":"Data.List.Relation.Binary.Sublist.Heterogeneous.Core.Sublist"},[{"contents":[{"Right":6},[]],"tag":"App"},{"contents":[{"Right":6},[]],"tag":"App"},{"contents":[{"Right":6},[]],"tag":"App"},{"contents":[{"Right":5},[]],"tag":"App"},{"contents":[{"Right":5},[]],"tag":"App"},{"contents":[{"Left":"Agda.Builtin.Equality._≡_"},[{"contents":[{"Right":6},[]],"tag":"App"},{"contents":[{"Right":5},[]],"tag":"App"}]],"tag":"App"},{"contents":[{"Left":"Data.List.Relation.Binary.Sublist.Heterogeneous.Solver.⟦_⟧T"},[{"contents":[{"Right":6},[]],"tag":"App"},{"contents":[{"Right":6},[]],"tag":"App"},{"contents":[{"Right":5},[]],"tag":"App"},{"contents":[{"Left":"Agda.Builtin.Equality._≡_"},[{"contents":[{"Right":6},[]],"tag":"App"},{"contents":[{"Right":5},[]],"tag":"App"}]],"tag":"App"},{"contents":{"item":{"contents":[{"Left":"Agda.Builtin.Equality._≡_.refl"},[]],"tag":"App"},"name":"x"},"tag":"Lam"},{"contents":[{"Right":4},[]],"tag":"App"},{"contents":[{"Right":3},[]],"tag":"App"},{"contents":[{"Right":2},[]],"tag":"App"},{"contents":[{"Right":0},[]],"tag":"App"}]],"tag":"App"},{"contents":[{"Left":"Data.List.Relation.Binary.Sublist.Heterogeneous.Solver.⟦_⟧T"},[{"contents":[{"Right":6},[]],"tag":"App"},{"contents":[{"Right":6},[]],"tag":"App"},{"contents":[{"Right":5},[]],"tag":"App"},{"contents":[{"Left":"Agda.Builtin.Equality._≡_"},[{"contents":[{"Right":6},[]],"tag":"App"},{"contents":[{"Right":5},[]],"tag":"App"}]],"tag":"App"},{"contents":{"item":{"contents":[{"Left":"Agda.Builtin.Equality._≡_.refl"},[]],"tag":"App"},"name":"x"},"tag":"Lam"},{"contents":[{"Right":4},[]],"tag":"App"},{"contents":[{"Right":3},[]],"tag":"App"},{"contents":[{"Right":1},[]],"tag":"App"},{"contents":[{"Right":0},[]],"tag":"App"}]],"tag":"App"}]],"tag":"App"}],"tag":"Pi"},{"contents":[{"Left":"Data.List.Relation.Binary.Sublist.Heterogeneous.Solver..extendedlambda0"},[{"contents":[{"Right":5},[]],"tag":"App"},{"contents":[{"Right":5},[]],"tag":"App"},{"contents":[{"Right":4},[]],"tag":"App"},{"contents":[{"Left":"Agda.Builtin.Equality._≡_"},[{"contents":[{"Right":5},[]],"tag":"App"},{"contents":[{"Right":4},[]],"tag":"App"}]],"tag":"App"},{"contents":{"item":{"contents":[{"Left":"Agda.Builtin.Equality._≡_.refl"},[]],"tag":"App"},"name":"x"},"tag":"Lam"},{"contents":[{"Right":3},[]],"tag":"App"},{"contents":[{"Right":2},[]],"tag":"App"},{"contents":[{"Right":1},[]],"tag":"App"},{"contents":[{"Right":0},[]],"tag":"App"},{"contents":[{"Left":"Data.List.Relation.Binary.Sublist.Heterogeneous.Solver.solveR"},[{"contents":[{"Right":5},[]],"tag":"App"},{"contents":[{"Right":5},[]],"tag":"App"},{"contents":[{"Right":4},[]],"tag":"App"},{"contents":[{"Left":"Agda.Builtin.Equality._≡_"},[{"contents":[{"Right":5},[]],"tag":"App"},{"contents":[{"Right":4},[]],"tag":"App"}]],"tag":"App"},{"contents":{"item":{"contents":[{"Left":"Agda.Builtin.Equality._≡_.refl"},[]],"tag":"App"},"name":"x"},"tag":"Lam"},{"contents":[{"Right":3},[]],"tag":"App"},{"contents":[{"Right":2},[]],"tag":"App"},{"contents":[{"Left":"Data.List.Relation.Binary.Sublist.Heterogeneous.Solver.flatten"},[{"contents":[{"Right":5},[]],"tag":"App"},{"contents":[{"Right":5},[]],"tag":"App"},{"contents":[{"Right":4},[]],"tag":"App"},{"contents":[{"Left":"Agda.Builtin.Equality._≡_"},[{"contents":[{"Right":5},[]],"tag":"App"},{"contents":[{"Right":4},[]],"tag":"App"}]],"tag":"App"},{"contents":{"item":{"contents":[{"Left":"Agda.Builtin.Equality._≡_.refl"},[]],"tag":"App"},"name":"x"},"tag":"Lam"},{"contents":[{"Right":3},[]],"tag":"App"},{"contents":[{"Right":2},[]],"tag":"App"},{"contents":[{"Right":1},[]],"tag":"App"},{"contents":[{"Left":"Agda.Builtin.Sigma.Σ.fst"},[]],"tag":"App"}]],"tag":"App"},{"contents":[{"Left":"Data.List.Relation.Binary.Sublist.Heterogeneous.Solver.flatten"},[{"contents":[{"Right":5},[]],"tag":"App"},{"contents":[{"Right":5},[]],"tag":"App"},{"contents":[{"Right":4},[]],"tag":"App"},{"contents":[{"Left":"Agda.Builtin.Equality._≡_"},[{"contents":[{"Right":5},[]],"tag":"App"},{"contents":[{"Right":4},[]],"tag":"App"}]],"tag":"App"},{"contents":{"item":{"contents":[{"Left":"Agda.Builtin.Equality._≡_.refl"},[]],"tag":"App"},"name":"x"},"tag":"Lam"},{"contents":[{"Right":3},[]],"tag":"App"},{"contents":[{"Right":2},[]],"tag":"App"},{"contents":[{"Right":0},[]],"tag":"App"},{"contents":[{"Left":"Agda.Builtin.Sigma.Σ.fst"},[]],"tag":"App"}]],"tag":"App"}]],"tag":"App"}]],"tag":"App"}]],"tag":"App"}],"tag":"Pi"}],"tag":"Pi"}],"tag":"Pi"}],"tag":"Pi"}],"tag":"Pi"}],"tag":"Pi"},"original":{"contents":[{"item":{"contents":[{"Left":"Agda.Primitive.Level"},[]],"tag":"App"},"name":"a"},{"contents":[{"item":{"contents":"Set @0","tag":"Sort"},"name":"A"},{"contents":[{"item":{"contents":[{"Left":"Relation.Binary.Definitions.Decidable"},[{"contents":[{"Right":1},[]],"tag":"App"},{"contents":[{"Right":0},[]],"tag":"App"},{"contents":[{"Right":1},[]],"tag":"App"},{"contents":[{"Right":0},[]],"tag":"App"},{"contents":[{"Right":1},[]],"tag":"App"},{"contents":[{"Left":"Agda.Builtin.Equality._≡_"},[{"contents":[{"Right":1},[]],"tag":"App"},{"contents":[{"Right":0},[]],"tag":"App"}]],"tag":"App"}]],"tag":"App"},"name":"_≟_"},{"contents":[{"item":{"contents":[{"Left":"Agda.Builtin.Nat.Nat"},[]],"tag":"App"},"name":"n"},{"contents":[{"item":{"contents":[{"Left":"Data.List.Relation.Binary.Sublist.Heterogeneous.Solver.TList"},[{"contents":[{"Right":3},[]],"tag":"App"},{"contents":[{"Right":3},[]],"tag":"App"},{"contents":[{"Left":"Relation.Binary.PropositionalEquality.Properties.decSetoid"},[{"contents":[{"Right":3},[]],"tag":"App"},{"contents":[{"Right":2},[]],"tag":"App"},{"contents":[{"Right":1},[]],"tag":"App"},{"contents":[{"Left":"Relation.Binary.Bundles.DecSetoid.Carrier"},[]],"tag":"App"}]],"tag":"App"},{"contents":[{"Left":"Relation.Binary.PropositionalEquality.Properties.decSetoid"},[{"contents":[{"Right":3},[]],"tag":"App"},{"contents":[{"Right":2},[]],"tag":"App"},{"contents":[{"Right":1},[]],"tag":"App"},{"contents":[{"Left":"Relation.Binary.Bundles.DecSetoid._≈_"},[]],"tag":"App"}]],"tag":"App"},{"contents":[{"Left":"Relation.Binary.PropositionalEquality.Properties.decSetoid"},[{"contents":[{"Right":3},[]],"tag":"App"},{"contents":[{"Right":2},[]],"tag":"App"},{"contents":[{"Right":1},[]],"tag":"App"},{"contents":[{"Left":"Relation.Binary.Bundles.DecSetoid.isDecEquivalence"},[]],"tag":"App"},{"contents":[{"Left":"Relation.Binary.Structures.IsDecEquivalence.isEquivalence"},[]],"tag":"App"},{"contents":[{"Left":"Relation.Binary.Structures.IsEquivalence.refl"},[]],"tag":"App"}]],"tag":"App"},{"contents":[{"Left":"Relation.Binary.PropositionalEquality.Properties.decSetoid"},[{"contents":[{"Right":3},[]],"tag":"App"},{"contents":[{"Right":2},[]],"tag":"App"},{"contents":[{"Right":1},[]],"tag":"App"},{"contents":[{"Left":"Relation.Binary.Bundles.DecSetoid.isDecEquivalence"},[]],"tag":"App"},{"contents":[{"Left":"Relation.Binary.Structures.IsDecEquivalence._≟_"},[]],"tag":"App"}]],"tag":"App"},{"contents":[{"Right":0},[]],"tag":"App"}]],"tag":"App"},"name":"d"},{"contents":[{"item":{"contents":[{"Left":"Data.List.Relation.Binary.Sublist.Heterogeneous.Solver.TList"},[{"contents":[{"Right":4},[]],"tag":"App"},{"contents":[{"Right":4},[]],"tag":"App"},{"contents":[{"Left":"Relation.Binary.PropositionalEquality.Properties.decSetoid"},[{"contents":[{"Right":4},[]],"tag":"App"},{"contents":[{"Right":3},[]],"tag":"App"},{"contents":[{"Right":2},[]],"tag":"App"},{"contents":[{"Left":"Relation.Binary.Bundles.DecSetoid.Carrier"},[]],"tag":"App"}]],"tag":"App"},{"contents":[{"Left":"Relation.Binary.PropositionalEquality.Properties.decSetoid"},[{"contents":[{"Right":4},[]],"tag":"App"},{"contents":[{"Right":3},[]],"tag":"App"},{"contents":[{"Right":2},[]],"tag":"App"},{"contents":[{"Left":"Relation.Binary.Bundles.DecSetoid._≈_"},[]],"tag":"App"}]],"tag":"App"},{"contents":[{"Left":"Relation.Binary.PropositionalEquality.Properties.decSetoid"},[{"contents":[{"Right":4},[]],"tag":"App"},{"contents":[{"Right":3},[]],"tag":"App"},{"contents":[{"Right":2},[]],"tag":"App"},{"contents":[{"Left":"Relation.Binary.Bundles.DecSetoid.isDecEquivalence"},[]],"tag":"App"},{"contents":[{"Left":"Relation.Binary.Structures.IsDecEquivalence.isEquivalence"},[]],"tag":"App"},{"contents":[{"Left":"Relation.Binary.Structures.IsEquivalence.refl"},[]],"tag":"App"}]],"tag":"App"},{"contents":[{"Left":"Relation.Binary.PropositionalEquality.Properties.decSetoid"},[{"contents":[{"Right":4},[]],"tag":"App"},{"contents":[{"Right":3},[]],"tag":"App"},{"contents":[{"Right":2},[]],"tag":"App"},{"contents":[{"Left":"Relation.Binary.Bundles.DecSetoid.isDecEquivalence"},[]],"tag":"App"},{"contents":[{"Left":"Relation.Binary.Structures.IsDecEquivalence._≟_"},[]],"tag":"App"}]],"tag":"App"},{"contents":[{"Right":1},[]],"tag":"App"}]],"tag":"App"},"name":"e"},{"contents":[{"Left":"Data.Maybe.Base._.From-just"},[{"contents":[{"Right":5},[]],"tag":"App"},{"contents":[{"Left":"Data.List.Relation.Binary.Sublist.Heterogeneous.Solver._⊆T_"},[{"contents":[{"Right":5},[]],"tag":"App"},{"contents":[{"Right":5},[]],"tag":"App"},{"contents":[{"Left":"Relation.Binary.PropositionalEquality.Properties.decSetoid"},[{"contents":[{"Right":5},[]],"tag":"App"},{"contents":[{"Right":4},[]],"tag":"App"},{"contents":[{"Right":3},[]],"tag":"App"},{"contents":[{"Left":"Relation.Binary.Bundles.DecSetoid.Carrier"},[]],"tag":"App"}]],"tag":"App"},{"contents":[{"Left":"Relation.Binary.PropositionalEquality.Properties.decSetoid"},[{"contents":[{"Right":5},[]],"tag":"App"},{"contents":[{"Right":4},[]],"tag":"App"},{"contents":[{"Right":3},[]],"tag":"App"},{"contents":[{"Left":"Relation.Binary.Bundles.DecSetoid._≈_"},[]],"tag":"App"}]],"tag":"App"},{"contents":[{"Left":"Relation.Binary.PropositionalEquality.Properties.decSetoid"},[{"contents":[{"Right":5},[]],"tag":"App"},{"contents":[{"Right":4},[]],"tag":"App"},{"contents":[{"Right":3},[]],"tag":"App"},{"contents":[{"Left":"Relation.Binary.Bundles.DecSetoid.isDecEquivalence"},[]],"tag":"App"},{"contents":[{"Left":"Relation.Binary.Structures.IsDecEquivalence.isEquivalence"},[]],"tag":"App"},{"contents":[{"Left":"Relation.Binary.Structures.IsEquivalence.refl"},[]],"tag":"App"}]],"tag":"App"},{"contents":[{"Left":"Relation.Binary.PropositionalEquality.Properties.decSetoid"},[{"contents":[{"Right":5},[]],"tag":"App"},{"contents":[{"Right":4},[]],"tag":"App"},{"contents":[{"Right":3},[]],"tag":"App"},{"contents":[{"Left":"Relation.Binary.Bundles.DecSetoid.isDecEquivalence"},[]],"tag":"App"},{"contents":[{"Left":"Relation.Binary.Structures.IsDecEquivalence._≟_"},[]],"tag":"App"}]],"tag":"App"},{"contents":[{"Right":2},[]],"tag":"App"},{"contents":[{"Right":1},[]],"tag":"App"},{"contents":[{"Right":0},[]],"tag":"App"}]],"tag":"App"},{"contents":[{"Left":"Data.List.Relation.Binary.Sublist.Heterogeneous.Solver.solveT"},[{"contents":[{"Right":5},[]],"tag":"App"},{"contents":[{"Right":5},[]],"tag":"App"},{"contents":[{"Left":"Relation.Binary.PropositionalEquality.Properties.decSetoid"},[{"contents":[{"Right":5},[]],"tag":"App"},{"contents":[{"Right":4},[]],"tag":"App"},{"contents":[{"Right":3},[]],"tag":"App"},{"contents":[{"Left":"Relation.Binary.Bundles.DecSetoid.Carrier"},[]],"tag":"App"}]],"tag":"App"},{"contents":[{"Left":"Relation.Binary.PropositionalEquality.Properties.decSetoid"},[{"contents":[{"Right":5},[]],"tag":"App"},{"contents":[{"Right":4},[]],"tag":"App"},{"contents":[{"Right":3},[]],"tag":"App"},{"contents":[{"Left":"Relation.Binary.Bundles.DecSetoid._≈_"},[]],"tag":"App"}]],"tag":"App"},{"contents":[{"Left":"Relation.Binary.PropositionalEquality.Properties.decSetoid"},[{"contents":[{"Right":5},[]],"tag":"App"},{"contents":[{"Right":4},[]],"tag":"App"},{"contents":[{"Right":3},[]],"tag":"App"},{"contents":[{"Left":"Relation.Binary.Bundles.DecSetoid.isDecEquivalence"},[]],"tag":"App"},{"contents":[{"Left":"Relation.Binary.Structures.IsDecEquivalence.isEquivalence"},[]],"tag":"App"},{"contents":[{"Left":"Relation.Binary.Structures.IsEquivalence.refl"},[]],"tag":"App"}]],"tag":"App"},{"contents":[{"Left":"Relation.Binary.PropositionalEquality.Properties.decSetoid"},[{"contents":[{"Right":5},[]],"tag":"App"},{"contents":[{"Right":4},[]],"tag":"App"},{"contents":[{"Right":3},[]],"tag":"App"},{"contents":[{"Left":"Relation.Binary.Bundles.DecSetoid.isDecEquivalence"},[]],"tag":"App"},{"contents":[{"Left":"Relation.Binary.Structures.IsDecEquivalence._≟_"},[]],"tag":"App"}]],"tag":"App"},{"contents":[{"Right":2},[]],"tag":"App"},{"contents":[{"Right":1},[]],"tag":"App"},{"contents":[{"Right":0},[]],"tag":"App"}]],"tag":"App"}]],"tag":"App"}],"tag":"Pi"}],"tag":"Pi"}],"tag":"Pi"}],"tag":"Pi"}],"tag":"Pi"}],"tag":"Pi"},"reduced":null,"simplified":{"contents":[{"item":{"contents":[{"Left":"Agda.Primitive.Level"},[]],"tag":"App"},"name":"a"},{"contents":[{"item":{"contents":"Set @0","tag":"Sort"},"name":"A"},{"contents":[{"item":{"contents":[{"Left":"Relation.Binary.Definitions.Decidable"},[{"contents":[{"Right":1},[]],"tag":"App"},{"contents":[{"Right":0},[]],"tag":"App"},{"contents":[{"Right":1},[]],"tag":"App"},{"contents":[{"Right":0},[]],"tag":"App"},{"contents":[{"Right":1},[]],"tag":"App"},{"contents":[{"Left":"Agda.Builtin.Equality._≡_"},[{"contents":[{"Right":1},[]],"tag":"App"},{"contents":[{"Right":0},[]],"tag":"App"}]],"tag":"App"}]],"tag":"App"},"name":"_≟_"},{"contents":[{"item":{"contents":[{"Left":"Agda.Builtin.Nat.Nat"},[]],"tag":"App"},"name":"n"},{"contents":[{"item":{"contents":[{"Left":"Data.List.Relation.Binary.Sublist.Heterogeneous.Solver.TList"},[{"contents":[{"Right":3},[]],"tag":"App"},{"contents":[{"Right":3},[]],"tag":"App"},{"contents":[{"Right":2},[]],"tag":"App"},{"contents":[{"Left":"Agda.Builtin.Equality._≡_"},[{"contents":[{"Right":3},[]],"tag":"App"},{"contents":[{"Right":2},[]],"tag":"App"}]],"tag":"App"},{"contents":{"item":{"contents":[{"Left":"Agda.Builtin.Equality._≡_.refl"},[]],"tag":"App"},"name":"x"},"tag":"Lam"},{"contents":[{"Right":1},[]],"tag":"App"},{"contents":[{"Right":0},[]],"tag":"App"}]],"tag":"App"},"name":"d"},{"contents":[{"item":{"contents":[{"Left":"Data.List.Relation.Binary.Sublist.Heterogeneous.Solver.TList"},[{"contents":[{"Right":4},[]],"tag":"App"},{"contents":[{"Right":4},[]],"tag":"App"},{"contents":[{"Right":3},[]],"tag":"App"},{"contents":[{"Left":"Agda.Builtin.Equality._≡_"},[{"contents":[{"Right":4},[]],"tag":"App"},{"contents":[{"Right":3},[]],"tag":"App"}]],"tag":"App"},{"contents":{"item":{"contents":[{"Left":"Agda.Builtin.Equality._≡_.refl"},[]],"tag":"App"},"name":"x"},"tag":"Lam"},{"contents":[{"Right":2},[]],"tag":"App"},{"contents":[{"Right":1},[]],"tag":"App"}]],"tag":"App"},"name":"e"},{"contents":[{"Left":"Data.Maybe.Base._.From-just"},[{"contents":[{"Right":5},[]],"tag":"App"},{"contents":[{"Left":"Data.List.Relation.Binary.Sublist.Heterogeneous.Solver._⊆T_"},[{"contents":[{"Right":5},[]],"tag":"App"},{"contents":[{"Right":5},[]],"tag":"App"},{"contents":[{"Right":4},[]],"tag":"App"},{"contents":[{"Left":"Agda.Builtin.Equality._≡_"},[{"contents":[{"Right":5},[]],"tag":"App"},{"contents":[{"Right":4},[]],"tag":"App"}]],"tag":"App"},{"contents":{"item":{"contents":[{"Left":"Agda.Builtin.Equality._≡_.refl"},[]],"tag":"App"},"name":"x"},"tag":"Lam"},{"contents":[{"Right":3},[]],"tag":"App"},{"contents":[{"Right":2},[]],"tag":"App"},{"contents":[{"Right":1},[]],"tag":"App"},{"contents":[{"Right":0},[]],"tag":"App"}]],"tag":"App"},{"contents":[{"Left":"Data.List.Relation.Binary.Sublist.Heterogeneous.Solver.solveT"},[{"contents":[{"Right":5},[]],"tag":"App"},{"contents":[{"Right":5},[]],"tag":"App"},{"contents":[{"Right":4},[]],"tag":"App"},{"contents":[{"Left":"Agda.Builtin.Equality._≡_"},[{"contents":[{"Right":5},[]],"tag":"App"},{"contents":[{"Right":4},[]],"tag":"App"}]],"tag":"App"},{"contents":{"item":{"contents":[{"Left":"Agda.Builtin.Equality._≡_.refl"},[]],"tag":"App"},"name":"x"},"tag":"Lam"},{"contents":[{"Right":3},[]],"tag":"App"},{"contents":[{"Right":2},[]],"tag":"App"},{"contents":[{"Right":1},[]],"tag":"App"},{"contents":[{"Right":0},[]],"tag":"App"}]],"tag":"App"}]],"tag":"App"}],"tag":"Pi"}],"tag":"Pi"}],"tag":"Pi"}],"tag":"Pi"}],"tag":"Pi"}],"tag":"Pi"}}},"name":"Data.List.Relation.Binary.Sublist.DecPropositional.Solver._.prove"}],"name":"Data.List.Relation.Binary.Sublist.DecPropositional.Solver"},"samples":[]}