{"scope":{"item":[{"item":{"pretty":"Set","thing":{"normalised":null,"original":{"contents":"Set","tag":"Sort"},"reduced":null,"simplified":null}},"name":"Data.Nat.Binary.Base.ℕᵇ"},{"item":{"pretty":"ℕᵇ","thing":{"normalised":null,"original":{"contents":[{"Left":"Data.Nat.Binary.Base.ℕᵇ"},[]],"tag":"App"},"reduced":null,"simplified":null}},"name":"Data.Nat.Binary.Base.ℕᵇ.zero"},{"item":{"pretty":"ℕᵇ → ℕᵇ","thing":{"normalised":null,"original":{"contents":[{"item":{"contents":[{"Left":"Data.Nat.Binary.Base.ℕᵇ"},[]],"tag":"App"},"name":"_"},{"contents":[{"Left":"Data.Nat.Binary.Base.ℕᵇ"},[]],"tag":"App"}],"tag":"Pi"},"reduced":null,"simplified":null}},"name":"Data.Nat.Binary.Base.ℕᵇ.2[1+_]"},{"item":{"pretty":"ℕᵇ → ℕᵇ","thing":{"normalised":null,"original":{"contents":[{"item":{"contents":[{"Left":"Data.Nat.Binary.Base.ℕᵇ"},[]],"tag":"App"},"name":"_"},{"contents":[{"Left":"Data.Nat.Binary.Base.ℕᵇ"},[]],"tag":"App"}],"tag":"Pi"},"reduced":null,"simplified":null}},"name":"Data.Nat.Binary.Base.ℕᵇ.1+[2_]"},{"item":{"pretty":"ℕᵇ → ℕᵇ → Set Level.0ℓ","thing":{"normalised":{"contents":[{"item":{"contents":[{"Left":"Data.Nat.Binary.Base.ℕᵇ"},[]],"tag":"App"},"name":"_"},{"contents":[{"item":{"contents":[{"Left":"Data.Nat.Binary.Base.ℕᵇ"},[]],"tag":"App"},"name":"_"},{"contents":"Set","tag":"Sort"}],"tag":"Pi"}],"tag":"Pi"},"original":{"contents":[{"item":{"contents":[{"Left":"Data.Nat.Binary.Base.ℕᵇ"},[]],"tag":"App"},"name":"_"},{"contents":[{"item":{"contents":[{"Left":"Data.Nat.Binary.Base.ℕᵇ"},[]],"tag":"App"},"name":"_"},{"contents":"Set Level.0ℓ","tag":"Sort"}],"tag":"Pi"}],"tag":"Pi"},"reduced":null,"simplified":null}},"name":"Data.Nat.Binary.Base._<_"},{"item":{"pretty":"{x : ℕᵇ} → zero < 2[1+ x ]","thing":{"normalised":null,"original":{"contents":[{"item":{"contents":[{"Left":"Data.Nat.Binary.Base.ℕᵇ"},[]],"tag":"App"},"name":"x"},{"contents":[{"Left":"Data.Nat.Binary.Base._<_"},[{"contents":[{"Left":"Data.Nat.Binary.Base.ℕᵇ.zero"},[]],"tag":"App"},{"contents":[{"Left":"Data.Nat.Binary.Base.ℕᵇ.2[1+_]"},[{"contents":[{"Right":0},[]],"tag":"App"}]],"tag":"App"}]],"tag":"App"}],"tag":"Pi"},"reduced":null,"simplified":null}},"name":"Data.Nat.Binary.Base._<_.0<even"},{"item":{"pretty":"{x : ℕᵇ} → zero < 1+[2 x ]","thing":{"normalised":null,"original":{"contents":[{"item":{"contents":[{"Left":"Data.Nat.Binary.Base.ℕᵇ"},[]],"tag":"App"},"name":"x"},{"contents":[{"Left":"Data.Nat.Binary.Base._<_"},[{"contents":[{"Left":"Data.Nat.Binary.Base.ℕᵇ.zero"},[]],"tag":"App"},{"contents":[{"Left":"Data.Nat.Binary.Base.ℕᵇ.1+[2_]"},[{"contents":[{"Right":0},[]],"tag":"App"}]],"tag":"App"}]],"tag":"App"}],"tag":"Pi"},"reduced":null,"simplified":null}},"name":"Data.Nat.Binary.Base._<_.0<odd"},{"item":{"pretty":"{x y : ℕᵇ} → x < y → 2[1+ x ] < 2[1+ y ]","thing":{"normalised":null,"original":{"contents":[{"item":{"contents":[{"Left":"Data.Nat.Binary.Base.ℕᵇ"},[]],"tag":"App"},"name":"x"},{"contents":[{"item":{"contents":[{"Left":"Data.Nat.Binary.Base.ℕᵇ"},[]],"tag":"App"},"name":"y"},{"contents":[{"item":{"contents":[{"Left":"Data.Nat.Binary.Base._<_"},[{"contents":[{"Right":1},[]],"tag":"App"},{"contents":[{"Right":0},[]],"tag":"App"}]],"tag":"App"},"name":"_"},{"contents":[{"Left":"Data.Nat.Binary.Base._<_"},[{"contents":[{"Left":"Data.Nat.Binary.Base.ℕᵇ.2[1+_]"},[{"contents":[{"Right":1},[]],"tag":"App"}]],"tag":"App"},{"contents":[{"Left":"Data.Nat.Binary.Base.ℕᵇ.2[1+_]"},[{"contents":[{"Right":0},[]],"tag":"App"}]],"tag":"App"}]],"tag":"App"}],"tag":"Pi"}],"tag":"Pi"}],"tag":"Pi"},"reduced":null,"simplified":null}},"name":"Data.Nat.Binary.Base._<_.even<even"},{"item":{"pretty":"{x y : ℕᵇ} → x < y → 2[1+ x ] < 1+[2 y ]","thing":{"normalised":null,"original":{"contents":[{"item":{"contents":[{"Left":"Data.Nat.Binary.Base.ℕᵇ"},[]],"tag":"App"},"name":"x"},{"contents":[{"item":{"contents":[{"Left":"Data.Nat.Binary.Base.ℕᵇ"},[]],"tag":"App"},"name":"y"},{"contents":[{"item":{"contents":[{"Left":"Data.Nat.Binary.Base._<_"},[{"contents":[{"Right":1},[]],"tag":"App"},{"contents":[{"Right":0},[]],"tag":"App"}]],"tag":"App"},"name":"_"},{"contents":[{"Left":"Data.Nat.Binary.Base._<_"},[{"contents":[{"Left":"Data.Nat.Binary.Base.ℕᵇ.2[1+_]"},[{"contents":[{"Right":1},[]],"tag":"App"}]],"tag":"App"},{"contents":[{"Left":"Data.Nat.Binary.Base.ℕᵇ.1+[2_]"},[{"contents":[{"Right":0},[]],"tag":"App"}]],"tag":"App"}]],"tag":"App"}],"tag":"Pi"}],"tag":"Pi"}],"tag":"Pi"},"reduced":null,"simplified":null}},"name":"Data.Nat.Binary.Base._<_.even<odd"},{"item":{"pretty":"{x y : ℕᵇ} →\n(x < y) Data.Sum.Base.⊎ (x Agda.Builtin.Equality.≡ y) →\n1+[2 x ] < 2[1+ y ]","thing":{"normalised":null,"original":{"contents":[{"item":{"contents":[{"Left":"Data.Nat.Binary.Base.ℕᵇ"},[]],"tag":"App"},"name":"x"},{"contents":[{"item":{"contents":[{"Left":"Data.Nat.Binary.Base.ℕᵇ"},[]],"tag":"App"},"name":"y"},{"contents":[{"item":{"contents":[{"Left":"Data.Sum.Base._⊎_"},[{"contents":"lzero","tag":"Level"},{"contents":"lzero","tag":"Level"},{"contents":[{"Left":"Data.Nat.Binary.Base._<_"},[{"contents":[{"Right":1},[]],"tag":"App"},{"contents":[{"Right":0},[]],"tag":"App"}]],"tag":"App"},{"contents":[{"Left":"Agda.Builtin.Equality._≡_"},[{"contents":"lzero","tag":"Level"},{"contents":[{"Left":"Data.Nat.Binary.Base.ℕᵇ"},[]],"tag":"App"},{"contents":[{"Right":1},[]],"tag":"App"},{"contents":[{"Right":0},[]],"tag":"App"}]],"tag":"App"}]],"tag":"App"},"name":"_"},{"contents":[{"Left":"Data.Nat.Binary.Base._<_"},[{"contents":[{"Left":"Data.Nat.Binary.Base.ℕᵇ.1+[2_]"},[{"contents":[{"Right":1},[]],"tag":"App"}]],"tag":"App"},{"contents":[{"Left":"Data.Nat.Binary.Base.ℕᵇ.2[1+_]"},[{"contents":[{"Right":0},[]],"tag":"App"}]],"tag":"App"}]],"tag":"App"}],"tag":"Pi"}],"tag":"Pi"}],"tag":"Pi"},"reduced":null,"simplified":null}},"name":"Data.Nat.Binary.Base._<_.odd<even"},{"item":{"pretty":"{x y : ℕᵇ} → x < y → 1+[2 x ] < 1+[2 y ]","thing":{"normalised":null,"original":{"contents":[{"item":{"contents":[{"Left":"Data.Nat.Binary.Base.ℕᵇ"},[]],"tag":"App"},"name":"x"},{"contents":[{"item":{"contents":[{"Left":"Data.Nat.Binary.Base.ℕᵇ"},[]],"tag":"App"},"name":"y"},{"contents":[{"item":{"contents":[{"Left":"Data.Nat.Binary.Base._<_"},[{"contents":[{"Right":1},[]],"tag":"App"},{"contents":[{"Right":0},[]],"tag":"App"}]],"tag":"App"},"name":"_"},{"contents":[{"Left":"Data.Nat.Binary.Base._<_"},[{"contents":[{"Left":"Data.Nat.Binary.Base.ℕᵇ.1+[2_]"},[{"contents":[{"Right":1},[]],"tag":"App"}]],"tag":"App"},{"contents":[{"Left":"Data.Nat.Binary.Base.ℕᵇ.1+[2_]"},[{"contents":[{"Right":0},[]],"tag":"App"}]],"tag":"App"}]],"tag":"App"}],"tag":"Pi"}],"tag":"Pi"}],"tag":"Pi"},"reduced":null,"simplified":null}},"name":"Data.Nat.Binary.Base._<_.odd<odd"},{"item":{"pretty":"Relation.Binary.Core.Rel ℕᵇ Level.0ℓ","thing":{"normalised":{"contents":[{"item":{"contents":[{"Left":"Data.Nat.Binary.Base.ℕᵇ"},[]],"tag":"App"},"name":"_"},{"contents":[{"item":{"contents":[{"Left":"Data.Nat.Binary.Base.ℕᵇ"},[]],"tag":"App"},"name":"_"},{"contents":"Set","tag":"Sort"}],"tag":"Pi"}],"tag":"Pi"},"original":{"contents":[{"Left":"Relation.Binary.Core.Rel"},[{"contents":"lzero","tag":"Level"},{"contents":[{"Left":"Data.Nat.Binary.Base.ℕᵇ"},[]],"tag":"App"},{"contents":[{"Left":"Level.0ℓ"},[]],"tag":"App"}]],"tag":"App"},"reduced":{"contents":[{"item":{"contents":[{"Left":"Data.Nat.Binary.Base.ℕᵇ"},[]],"tag":"App"},"name":"_"},{"contents":[{"item":{"contents":[{"Left":"Data.Nat.Binary.Base.ℕᵇ"},[]],"tag":"App"},"name":"_"},{"contents":"Set Level.0ℓ","tag":"Sort"}],"tag":"Pi"}],"tag":"Pi"},"simplified":null}},"name":"Data.Nat.Binary.Base._>_"},{"item":{"pretty":"Relation.Binary.Core.Rel ℕᵇ Level.0ℓ","thing":{"normalised":{"contents":[{"item":{"contents":[{"Left":"Data.Nat.Binary.Base.ℕᵇ"},[]],"tag":"App"},"name":"_"},{"contents":[{"item":{"contents":[{"Left":"Data.Nat.Binary.Base.ℕᵇ"},[]],"tag":"App"},"name":"_"},{"contents":"Set","tag":"Sort"}],"tag":"Pi"}],"tag":"Pi"},"original":{"contents":[{"Left":"Relation.Binary.Core.Rel"},[{"contents":"lzero","tag":"Level"},{"contents":[{"Left":"Data.Nat.Binary.Base.ℕᵇ"},[]],"tag":"App"},{"contents":[{"Left":"Level.0ℓ"},[]],"tag":"App"}]],"tag":"App"},"reduced":{"contents":[{"item":{"contents":[{"Left":"Data.Nat.Binary.Base.ℕᵇ"},[]],"tag":"App"},"name":"_"},{"contents":[{"item":{"contents":[{"Left":"Data.Nat.Binary.Base.ℕᵇ"},[]],"tag":"App"},"name":"_"},{"contents":"Set Level.0ℓ","tag":"Sort"}],"tag":"Pi"}],"tag":"Pi"},"simplified":null}},"name":"Data.Nat.Binary.Base._≤_"},{"item":{"pretty":"Relation.Binary.Core.Rel ℕᵇ Level.0ℓ","thing":{"normalised":{"contents":[{"item":{"contents":[{"Left":"Data.Nat.Binary.Base.ℕᵇ"},[]],"tag":"App"},"name":"_"},{"contents":[{"item":{"contents":[{"Left":"Data.Nat.Binary.Base.ℕᵇ"},[]],"tag":"App"},"name":"_"},{"contents":"Set","tag":"Sort"}],"tag":"Pi"}],"tag":"Pi"},"original":{"contents":[{"Left":"Relation.Binary.Core.Rel"},[{"contents":"lzero","tag":"Level"},{"contents":[{"Left":"Data.Nat.Binary.Base.ℕᵇ"},[]],"tag":"App"},{"contents":[{"Left":"Level.0ℓ"},[]],"tag":"App"}]],"tag":"App"},"reduced":{"contents":[{"item":{"contents":[{"Left":"Data.Nat.Binary.Base.ℕᵇ"},[]],"tag":"App"},"name":"_"},{"contents":[{"item":{"contents":[{"Left":"Data.Nat.Binary.Base.ℕᵇ"},[]],"tag":"App"},"name":"_"},{"contents":"Set Level.0ℓ","tag":"Sort"}],"tag":"Pi"}],"tag":"Pi"},"simplified":null}},"name":"Data.Nat.Binary.Base._≥_"},{"item":{"pretty":"Relation.Binary.Core.Rel ℕᵇ Level.0ℓ","thing":{"normalised":{"contents":[{"item":{"contents":[{"Left":"Data.Nat.Binary.Base.ℕᵇ"},[]],"tag":"App"},"name":"_"},{"contents":[{"item":{"contents":[{"Left":"Data.Nat.Binary.Base.ℕᵇ"},[]],"tag":"App"},"name":"_"},{"contents":"Set","tag":"Sort"}],"tag":"Pi"}],"tag":"Pi"},"original":{"contents":[{"Left":"Relation.Binary.Core.Rel"},[{"contents":"lzero","tag":"Level"},{"contents":[{"Left":"Data.Nat.Binary.Base.ℕᵇ"},[]],"tag":"App"},{"contents":[{"Left":"Level.0ℓ"},[]],"tag":"App"}]],"tag":"App"},"reduced":{"contents":[{"item":{"contents":[{"Left":"Data.Nat.Binary.Base.ℕᵇ"},[]],"tag":"App"},"name":"_"},{"contents":[{"item":{"contents":[{"Left":"Data.Nat.Binary.Base.ℕᵇ"},[]],"tag":"App"},"name":"_"},{"contents":"Set Level.0ℓ","tag":"Sort"}],"tag":"Pi"}],"tag":"Pi"},"simplified":null}},"name":"Data.Nat.Binary.Base._≮_"},{"item":{"pretty":"Relation.Binary.Core.Rel ℕᵇ Level.0ℓ","thing":{"normalised":{"contents":[{"item":{"contents":[{"Left":"Data.Nat.Binary.Base.ℕᵇ"},[]],"tag":"App"},"name":"_"},{"contents":[{"item":{"contents":[{"Left":"Data.Nat.Binary.Base.ℕᵇ"},[]],"tag":"App"},"name":"_"},{"contents":"Set","tag":"Sort"}],"tag":"Pi"}],"tag":"Pi"},"original":{"contents":[{"Left":"Relation.Binary.Core.Rel"},[{"contents":"lzero","tag":"Level"},{"contents":[{"Left":"Data.Nat.Binary.Base.ℕᵇ"},[]],"tag":"App"},{"contents":[{"Left":"Level.0ℓ"},[]],"tag":"App"}]],"tag":"App"},"reduced":{"contents":[{"item":{"contents":[{"Left":"Data.Nat.Binary.Base.ℕᵇ"},[]],"tag":"App"},"name":"_"},{"contents":[{"item":{"contents":[{"Left":"Data.Nat.Binary.Base.ℕᵇ"},[]],"tag":"App"},"name":"_"},{"contents":"Set Level.0ℓ","tag":"Sort"}],"tag":"Pi"}],"tag":"Pi"},"simplified":null}},"name":"Data.Nat.Binary.Base._≯_"},{"item":{"pretty":"Relation.Binary.Core.Rel ℕᵇ Level.0ℓ","thing":{"normalised":{"contents":[{"item":{"contents":[{"Left":"Data.Nat.Binary.Base.ℕᵇ"},[]],"tag":"App"},"name":"_"},{"contents":[{"item":{"contents":[{"Left":"Data.Nat.Binary.Base.ℕᵇ"},[]],"tag":"App"},"name":"_"},{"contents":"Set","tag":"Sort"}],"tag":"Pi"}],"tag":"Pi"},"original":{"contents":[{"Left":"Relation.Binary.Core.Rel"},[{"contents":"lzero","tag":"Level"},{"contents":[{"Left":"Data.Nat.Binary.Base.ℕᵇ"},[]],"tag":"App"},{"contents":[{"Left":"Level.0ℓ"},[]],"tag":"App"}]],"tag":"App"},"reduced":{"contents":[{"item":{"contents":[{"Left":"Data.Nat.Binary.Base.ℕᵇ"},[]],"tag":"App"},"name":"_"},{"contents":[{"item":{"contents":[{"Left":"Data.Nat.Binary.Base.ℕᵇ"},[]],"tag":"App"},"name":"_"},{"contents":"Set Level.0ℓ","tag":"Sort"}],"tag":"Pi"}],"tag":"Pi"},"simplified":null}},"name":"Data.Nat.Binary.Base._≰_"},{"item":{"pretty":"Relation.Binary.Core.Rel ℕᵇ Level.0ℓ","thing":{"normalised":{"contents":[{"item":{"contents":[{"Left":"Data.Nat.Binary.Base.ℕᵇ"},[]],"tag":"App"},"name":"_"},{"contents":[{"item":{"contents":[{"Left":"Data.Nat.Binary.Base.ℕᵇ"},[]],"tag":"App"},"name":"_"},{"contents":"Set","tag":"Sort"}],"tag":"Pi"}],"tag":"Pi"},"original":{"contents":[{"Left":"Relation.Binary.Core.Rel"},[{"contents":"lzero","tag":"Level"},{"contents":[{"Left":"Data.Nat.Binary.Base.ℕᵇ"},[]],"tag":"App"},{"contents":[{"Left":"Level.0ℓ"},[]],"tag":"App"}]],"tag":"App"},"reduced":{"contents":[{"item":{"contents":[{"Left":"Data.Nat.Binary.Base.ℕᵇ"},[]],"tag":"App"},"name":"_"},{"contents":[{"item":{"contents":[{"Left":"Data.Nat.Binary.Base.ℕᵇ"},[]],"tag":"App"},"name":"_"},{"contents":"Set Level.0ℓ","tag":"Sort"}],"tag":"Pi"}],"tag":"Pi"},"simplified":null}},"name":"Data.Nat.Binary.Base._≱_"},{"item":{"pretty":"ℕᵇ → ℕᵇ","thing":{"normalised":null,"original":{"contents":[{"item":{"contents":[{"Left":"Data.Nat.Binary.Base.ℕᵇ"},[]],"tag":"App"},"name":"_"},{"contents":[{"Left":"Data.Nat.Binary.Base.ℕᵇ"},[]],"tag":"App"}],"tag":"Pi"},"reduced":null,"simplified":null}},"name":"Data.Nat.Binary.Base.double"},{"item":{"pretty":"ℕᵇ → ℕᵇ","thing":{"normalised":null,"original":{"contents":[{"item":{"contents":[{"Left":"Data.Nat.Binary.Base.ℕᵇ"},[]],"tag":"App"},"name":"_"},{"contents":[{"Left":"Data.Nat.Binary.Base.ℕᵇ"},[]],"tag":"App"}],"tag":"Pi"},"reduced":null,"simplified":null}},"name":"Data.Nat.Binary.Base.suc"},{"item":{"pretty":"ℕᵇ → ℕᵇ","thing":{"normalised":null,"original":{"contents":[{"item":{"contents":[{"Left":"Data.Nat.Binary.Base.ℕᵇ"},[]],"tag":"App"},"name":"_"},{"contents":[{"Left":"Data.Nat.Binary.Base.ℕᵇ"},[]],"tag":"App"}],"tag":"Pi"},"reduced":null,"simplified":null}},"name":"Data.Nat.Binary.Base.pred"},{"item":{"pretty":"Algebra.Core.Op₂ ℕᵇ","thing":{"normalised":{"contents":[{"item":{"contents":[{"Left":"Data.Nat.Binary.Base.ℕᵇ"},[]],"tag":"App"},"name":"_"},{"contents":[{"item":{"contents":[{"Left":"Data.Nat.Binary.Base.ℕᵇ"},[]],"tag":"App"},"name":"_"},{"contents":[{"Left":"Data.Nat.Binary.Base.ℕᵇ"},[]],"tag":"App"}],"tag":"Pi"}],"tag":"Pi"},"original":{"contents":[{"Left":"Algebra.Core.Op₂"},[{"contents":"lzero","tag":"Level"},{"contents":[{"Left":"Data.Nat.Binary.Base.ℕᵇ"},[]],"tag":"App"}]],"tag":"App"},"reduced":{"contents":[{"item":{"contents":[{"Left":"Data.Nat.Binary.Base.ℕᵇ"},[]],"tag":"App"},"name":"_"},{"contents":[{"item":{"contents":[{"Left":"Data.Nat.Binary.Base.ℕᵇ"},[]],"tag":"App"},"name":"_"},{"contents":[{"Left":"Data.Nat.Binary.Base.ℕᵇ"},[]],"tag":"App"}],"tag":"Pi"}],"tag":"Pi"},"simplified":null}},"name":"Data.Nat.Binary.Base._+_"},{"item":{"pretty":"Algebra.Core.Op₂ ℕᵇ","thing":{"normalised":{"contents":[{"item":{"contents":[{"Left":"Data.Nat.Binary.Base.ℕᵇ"},[]],"tag":"App"},"name":"_"},{"contents":[{"item":{"contents":[{"Left":"Data.Nat.Binary.Base.ℕᵇ"},[]],"tag":"App"},"name":"_"},{"contents":[{"Left":"Data.Nat.Binary.Base.ℕᵇ"},[]],"tag":"App"}],"tag":"Pi"}],"tag":"Pi"},"original":{"contents":[{"Left":"Algebra.Core.Op₂"},[{"contents":"lzero","tag":"Level"},{"contents":[{"Left":"Data.Nat.Binary.Base.ℕᵇ"},[]],"tag":"App"}]],"tag":"App"},"reduced":{"contents":[{"item":{"contents":[{"Left":"Data.Nat.Binary.Base.ℕᵇ"},[]],"tag":"App"},"name":"_"},{"contents":[{"item":{"contents":[{"Left":"Data.Nat.Binary.Base.ℕᵇ"},[]],"tag":"App"},"name":"_"},{"contents":[{"Left":"Data.Nat.Binary.Base.ℕᵇ"},[]],"tag":"App"}],"tag":"Pi"}],"tag":"Pi"},"simplified":null}},"name":"Data.Nat.Binary.Base._*_"},{"item":{"pretty":"ℕᵇ → Agda.Builtin.Nat.Nat","thing":{"normalised":null,"original":{"contents":[{"item":{"contents":[{"Left":"Data.Nat.Binary.Base.ℕᵇ"},[]],"tag":"App"},"name":"_"},{"contents":[{"Left":"Agda.Builtin.Nat.Nat"},[]],"tag":"App"}],"tag":"Pi"},"reduced":null,"simplified":null}},"name":"Data.Nat.Binary.Base.toℕ"},{"item":{"pretty":"Agda.Builtin.Nat.Nat → ℕᵇ","thing":{"normalised":null,"original":{"contents":[{"item":{"contents":[{"Left":"Agda.Builtin.Nat.Nat"},[]],"tag":"App"},"name":"_"},{"contents":[{"Left":"Data.Nat.Binary.Base.ℕᵇ"},[]],"tag":"App"}],"tag":"Pi"},"reduced":null,"simplified":null}},"name":"Data.Nat.Binary.Base.fromℕ"},{"item":{"pretty":"Agda.Builtin.Nat.Nat → ℕᵇ","thing":{"normalised":null,"original":{"contents":[{"item":{"contents":[{"Left":"Agda.Builtin.Nat.Nat"},[]],"tag":"App"},"name":"_"},{"contents":[{"Left":"Data.Nat.Binary.Base.ℕᵇ"},[]],"tag":"App"}],"tag":"Pi"},"reduced":null,"simplified":null}},"name":"Data.Nat.Binary.Base.fromℕ'"},{"item":{"pretty":"Relation.Binary.Core.Rel ℕᵇ Level.0ℓ","thing":{"normalised":{"contents":[{"item":{"contents":[{"Left":"Data.Nat.Binary.Base.ℕᵇ"},[]],"tag":"App"},"name":"_"},{"contents":[{"item":{"contents":[{"Left":"Data.Nat.Binary.Base.ℕᵇ"},[]],"tag":"App"},"name":"_"},{"contents":"Set","tag":"Sort"}],"tag":"Pi"}],"tag":"Pi"},"original":{"contents":[{"Left":"Relation.Binary.Core.Rel"},[{"contents":"lzero","tag":"Level"},{"contents":[{"Left":"Data.Nat.Binary.Base.ℕᵇ"},[]],"tag":"App"},{"contents":[{"Left":"Level.0ℓ"},[]],"tag":"App"}]],"tag":"App"},"reduced":{"contents":[{"item":{"contents":[{"Left":"Data.Nat.Binary.Base.ℕᵇ"},[]],"tag":"App"},"name":"_"},{"contents":[{"item":{"contents":[{"Left":"Data.Nat.Binary.Base.ℕᵇ"},[]],"tag":"App"},"name":"_"},{"contents":"Set Level.0ℓ","tag":"Sort"}],"tag":"Pi"}],"tag":"Pi"},"simplified":null}},"name":"Data.Nat.Binary.Base._<ℕ_"},{"item":{"pretty":"ℕᵇ → Agda.Builtin.Nat.Nat","thing":{"normalised":null,"original":{"contents":[{"item":{"contents":[{"Left":"Data.Nat.Binary.Base.ℕᵇ"},[]],"tag":"App"},"name":"_"},{"contents":[{"Left":"Agda.Builtin.Nat.Nat"},[]],"tag":"App"}],"tag":"Pi"},"reduced":null,"simplified":null}},"name":"Data.Nat.Binary.Base.size"},{"item":{"pretty":"ℕᵇ","thing":{"normalised":null,"original":{"contents":[{"Left":"Data.Nat.Binary.Base.ℕᵇ"},[]],"tag":"App"},"reduced":null,"simplified":null}},"name":"Data.Nat.Binary.Base.0ᵇ"},{"item":{"pretty":"ℕᵇ","thing":{"normalised":null,"original":{"contents":[{"Left":"Data.Nat.Binary.Base.ℕᵇ"},[]],"tag":"App"},"reduced":null,"simplified":null}},"name":"Data.Nat.Binary.Base.1ᵇ"},{"item":{"pretty":"ℕᵇ","thing":{"normalised":null,"original":{"contents":[{"Left":"Data.Nat.Binary.Base.ℕᵇ"},[]],"tag":"App"},"reduced":null,"simplified":null}},"name":"Data.Nat.Binary.Base.2ᵇ"},{"item":{"pretty":"ℕᵇ","thing":{"normalised":null,"original":{"contents":[{"Left":"Data.Nat.Binary.Base.ℕᵇ"},[]],"tag":"App"},"reduced":null,"simplified":null}},"name":"Data.Nat.Binary.Base.3ᵇ"},{"item":{"pretty":"ℕᵇ","thing":{"normalised":null,"original":{"contents":[{"Left":"Data.Nat.Binary.Base.ℕᵇ"},[]],"tag":"App"},"reduced":null,"simplified":null}},"name":"Data.Nat.Binary.Base.4ᵇ"},{"item":{"pretty":"ℕᵇ","thing":{"normalised":null,"original":{"contents":[{"Left":"Data.Nat.Binary.Base.ℕᵇ"},[]],"tag":"App"},"reduced":null,"simplified":null}},"name":"Data.Nat.Binary.Base.5ᵇ"},{"item":{"pretty":"ℕᵇ","thing":{"normalised":null,"original":{"contents":[{"Left":"Data.Nat.Binary.Base.ℕᵇ"},[]],"tag":"App"},"reduced":null,"simplified":null}},"name":"Data.Nat.Binary.Base.6ᵇ"},{"item":{"pretty":"ℕᵇ","thing":{"normalised":null,"original":{"contents":[{"Left":"Data.Nat.Binary.Base.ℕᵇ"},[]],"tag":"App"},"reduced":null,"simplified":null}},"name":"Data.Nat.Binary.Base.7ᵇ"},{"item":{"pretty":"ℕᵇ","thing":{"normalised":null,"original":{"contents":[{"Left":"Data.Nat.Binary.Base.ℕᵇ"},[]],"tag":"App"},"reduced":null,"simplified":null}},"name":"Data.Nat.Binary.Base.8ᵇ"},{"item":{"pretty":"ℕᵇ","thing":{"normalised":null,"original":{"contents":[{"Left":"Data.Nat.Binary.Base.ℕᵇ"},[]],"tag":"App"},"reduced":null,"simplified":null}},"name":"Data.Nat.Binary.Base.9ᵇ"},{"item":{"pretty":"Relation.Binary.Definitions.Decidable Agda.Builtin.Equality._≡_","thing":{"normalised":{"contents":[{"item":{"contents":[{"Left":"Data.Nat.Binary.Base.ℕᵇ"},[]],"tag":"App"},"name":"x"},{"contents":[{"item":{"contents":[{"Left":"Data.Nat.Binary.Base.ℕᵇ"},[]],"tag":"App"},"name":"y"},{"contents":[{"Left":"Relation.Nullary.Dec"},[{"contents":"lzero","tag":"Level"},{"contents":[{"Left":"Agda.Builtin.Equality._≡_"},[{"contents":"lzero","tag":"Level"},{"contents":[{"Left":"Data.Nat.Binary.Base.ℕᵇ"},[]],"tag":"App"},{"contents":[{"Right":1},[]],"tag":"App"},{"contents":[{"Right":0},[]],"tag":"App"}]],"tag":"App"}]],"tag":"App"}],"tag":"Pi"}],"tag":"Pi"},"original":{"contents":[{"Left":"Relation.Binary.Definitions.Decidable"},[{"contents":"lzero","tag":"Level"},{"contents":[{"Left":"Data.Nat.Binary.Base.ℕᵇ"},[]],"tag":"App"},{"contents":"lzero","tag":"Level"},{"contents":[{"Left":"Data.Nat.Binary.Base.ℕᵇ"},[]],"tag":"App"},{"contents":"lzero","tag":"Level"},{"contents":[{"Left":"Agda.Builtin.Equality._≡_"},[{"contents":"lzero","tag":"Level"},{"contents":[{"Left":"Data.Nat.Binary.Base.ℕᵇ"},[]],"tag":"App"}]],"tag":"App"}]],"tag":"App"},"reduced":{"contents":[{"item":{"contents":[{"Left":"Data.Nat.Binary.Base.ℕᵇ"},[]],"tag":"App"},"name":"x"},{"contents":[{"item":{"contents":[{"Left":"Data.Nat.Binary.Base.ℕᵇ"},[]],"tag":"App"},"name":"y"},{"contents":[{"Left":"Relation.Nullary.Dec"},[{"contents":"lzero","tag":"Level"},{"contents":[{"Left":"Agda.Builtin.Equality._≡_"},[{"contents":"lzero","tag":"Level"},{"contents":[{"Left":"Data.Nat.Binary.Base.ℕᵇ"},[]],"tag":"App"},{"contents":[{"Right":1},[]],"tag":"App"},{"contents":[{"Right":0},[]],"tag":"App"}]],"tag":"App"}]],"tag":"App"}],"tag":"Pi"}],"tag":"Pi"},"simplified":null}},"name":"Data.Nat.Binary.Properties._≟_"}],"name":"Data.Nat.Binary"},"samples":[]}