{"scope":{"item":[{"item":{"pretty":"{f : Agda.Primitive.Level} →\nCategory.Functor.RawFunctor Agda.Builtin.Maybe.Maybe","thing":{"normalised":null,"original":{"contents":[{"item":{"contents":[{"Left":"Agda.Primitive.Level"},[]],"tag":"App"},"name":"f"},{"contents":[{"Left":"Category.Functor.RawFunctor"},[{"contents":[{"Right":0},[]],"tag":"App"},{"contents":[{"Right":0},[]],"tag":"App"},{"contents":[{"Left":"Agda.Builtin.Maybe.Maybe"},[{"contents":[{"Right":0},[]],"tag":"App"}]],"tag":"App"}]],"tag":"App"}],"tag":"Pi"},"reduced":null,"simplified":null}},"name":"Data.Maybe.Instances.maybeFunctor"},{"item":{"pretty":"{f : Agda.Primitive.Level} →\nCategory.Functor.RawFunctor Agda.Builtin.Maybe.Maybe","thing":{"normalised":null,"original":{"contents":[{"item":{"contents":[{"Left":"Agda.Primitive.Level"},[]],"tag":"App"},"name":"f"},{"contents":[{"Left":"Category.Functor.RawFunctor"},[{"contents":[{"Right":0},[]],"tag":"App"},{"contents":[{"Right":0},[]],"tag":"App"},{"contents":[{"Left":"Agda.Builtin.Maybe.Maybe"},[{"contents":[{"Right":0},[]],"tag":"App"}]],"tag":"App"}]],"tag":"App"}],"tag":"Pi"},"reduced":null,"simplified":null}},"name":"Data.Maybe.Categorical.functor"},{"item":{"pretty":"{f : Agda.Primitive.Level} →\nCategory.Applicative.RawApplicative Agda.Builtin.Maybe.Maybe","thing":{"normalised":{"contents":[{"item":{"contents":[{"Left":"Agda.Primitive.Level"},[]],"tag":"App"},"name":"f"},{"contents":[{"Left":"Category.Applicative.Indexed.RawIApplicative"},[{"contents":"lzero","tag":"Level"},{"contents":[{"Right":0},[]],"tag":"App"},{"contents":[{"Left":"Agda.Builtin.Unit.⊤"},[]],"tag":"App"},{"contents":{"item":{"contents":{"item":{"contents":[{"Left":"Agda.Builtin.Maybe.Maybe"},[{"contents":[{"Right":2},[]],"tag":"App"}]],"tag":"App"},"name":"_"},"tag":"Lam"},"name":"_"},"tag":"Lam"}]],"tag":"App"}],"tag":"Pi"},"original":{"contents":[{"item":{"contents":[{"Left":"Agda.Primitive.Level"},[]],"tag":"App"},"name":"f"},{"contents":[{"Left":"Category.Applicative.RawApplicative"},[{"contents":[{"Right":0},[]],"tag":"App"},{"contents":[{"Left":"Agda.Builtin.Maybe.Maybe"},[{"contents":[{"Right":0},[]],"tag":"App"}]],"tag":"App"}]],"tag":"App"}],"tag":"Pi"},"reduced":null,"simplified":null}},"name":"Data.Maybe.Instances.maybeApplicative"},{"item":{"pretty":"{f : Agda.Primitive.Level} →\nCategory.Applicative.RawApplicativeZero Agda.Builtin.Maybe.Maybe","thing":{"normalised":{"contents":[{"item":{"contents":[{"Left":"Agda.Primitive.Level"},[]],"tag":"App"},"name":"f"},{"contents":[{"Left":"Category.Applicative.Indexed.RawIApplicativeZero"},[{"contents":"lzero","tag":"Level"},{"contents":[{"Right":0},[]],"tag":"App"},{"contents":[{"Left":"Agda.Builtin.Unit.⊤"},[]],"tag":"App"},{"contents":{"item":{"contents":{"item":{"contents":[{"Left":"Agda.Builtin.Maybe.Maybe"},[{"contents":[{"Right":2},[]],"tag":"App"}]],"tag":"App"},"name":"_"},"tag":"Lam"},"name":"_"},"tag":"Lam"}]],"tag":"App"}],"tag":"Pi"},"original":{"contents":[{"item":{"contents":[{"Left":"Agda.Primitive.Level"},[]],"tag":"App"},"name":"f"},{"contents":[{"Left":"Category.Applicative.RawApplicativeZero"},[{"contents":[{"Right":0},[]],"tag":"App"},{"contents":[{"Left":"Agda.Builtin.Maybe.Maybe"},[{"contents":[{"Right":0},[]],"tag":"App"}]],"tag":"App"}]],"tag":"App"}],"tag":"Pi"},"reduced":null,"simplified":null}},"name":"Data.Maybe.Instances.maybeApplicativeZero"},{"item":{"pretty":"{f : Agda.Primitive.Level} →\nCategory.Applicative.RawApplicative Agda.Builtin.Maybe.Maybe","thing":{"normalised":{"contents":[{"item":{"contents":[{"Left":"Agda.Primitive.Level"},[]],"tag":"App"},"name":"f"},{"contents":[{"Left":"Category.Applicative.Indexed.RawIApplicative"},[{"contents":"lzero","tag":"Level"},{"contents":[{"Right":0},[]],"tag":"App"},{"contents":[{"Left":"Agda.Builtin.Unit.⊤"},[]],"tag":"App"},{"contents":{"item":{"contents":{"item":{"contents":[{"Left":"Agda.Builtin.Maybe.Maybe"},[{"contents":[{"Right":2},[]],"tag":"App"}]],"tag":"App"},"name":"_"},"tag":"Lam"},"name":"_"},"tag":"Lam"}]],"tag":"App"}],"tag":"Pi"},"original":{"contents":[{"item":{"contents":[{"Left":"Agda.Primitive.Level"},[]],"tag":"App"},"name":"f"},{"contents":[{"Left":"Category.Applicative.RawApplicative"},[{"contents":[{"Right":0},[]],"tag":"App"},{"contents":[{"Left":"Agda.Builtin.Maybe.Maybe"},[{"contents":[{"Right":0},[]],"tag":"App"}]],"tag":"App"}]],"tag":"App"}],"tag":"Pi"},"reduced":null,"simplified":null}},"name":"Data.Maybe.Categorical.applicative"},{"item":{"pretty":"{f : Agda.Primitive.Level} →\nCategory.Applicative.RawAlternative Agda.Builtin.Maybe.Maybe","thing":{"normalised":{"contents":[{"item":{"contents":[{"Left":"Agda.Primitive.Level"},[]],"tag":"App"},"name":"f"},{"contents":[{"Left":"Category.Applicative.Indexed.RawIAlternative"},[{"contents":"lzero","tag":"Level"},{"contents":[{"Right":0},[]],"tag":"App"},{"contents":[{"Left":"Agda.Builtin.Unit.⊤"},[]],"tag":"App"},{"contents":{"item":{"contents":{"item":{"contents":[{"Left":"Agda.Builtin.Maybe.Maybe"},[{"contents":[{"Right":2},[]],"tag":"App"}]],"tag":"App"},"name":"_"},"tag":"Lam"},"name":"_"},"tag":"Lam"}]],"tag":"App"}],"tag":"Pi"},"original":{"contents":[{"item":{"contents":[{"Left":"Agda.Primitive.Level"},[]],"tag":"App"},"name":"f"},{"contents":[{"Left":"Category.Applicative.RawAlternative"},[{"contents":[{"Right":0},[]],"tag":"App"},{"contents":[{"Left":"Agda.Builtin.Maybe.Maybe"},[{"contents":[{"Right":0},[]],"tag":"App"}]],"tag":"App"}]],"tag":"App"}],"tag":"Pi"},"reduced":null,"simplified":null}},"name":"Data.Maybe.Instances.maybeAlternative"},{"item":{"pretty":"{f : Agda.Primitive.Level} →\nCategory.Monad.RawMonad Agda.Builtin.Maybe.Maybe","thing":{"normalised":{"contents":[{"item":{"contents":[{"Left":"Agda.Primitive.Level"},[]],"tag":"App"},"name":"f"},{"contents":[{"Left":"Category.Monad.Indexed.RawIMonad"},[{"contents":"lzero","tag":"Level"},{"contents":[{"Right":0},[]],"tag":"App"},{"contents":[{"Left":"Agda.Builtin.Unit.⊤"},[]],"tag":"App"},{"contents":{"item":{"contents":{"item":{"contents":[{"Left":"Agda.Builtin.Maybe.Maybe"},[{"contents":[{"Right":2},[]],"tag":"App"}]],"tag":"App"},"name":"_"},"tag":"Lam"},"name":"_"},"tag":"Lam"}]],"tag":"App"}],"tag":"Pi"},"original":{"contents":[{"item":{"contents":[{"Left":"Agda.Primitive.Level"},[]],"tag":"App"},"name":"f"},{"contents":[{"Left":"Category.Monad.RawMonad"},[{"contents":[{"Right":0},[]],"tag":"App"},{"contents":[{"Left":"Agda.Builtin.Maybe.Maybe"},[{"contents":[{"Right":0},[]],"tag":"App"}]],"tag":"App"}]],"tag":"App"}],"tag":"Pi"},"reduced":null,"simplified":null}},"name":"Data.Maybe.Instances.maybeMonad"},{"item":{"pretty":"{f : Agda.Primitive.Level} →\nCategory.Applicative.RawApplicativeZero Agda.Builtin.Maybe.Maybe","thing":{"normalised":{"contents":[{"item":{"contents":[{"Left":"Agda.Primitive.Level"},[]],"tag":"App"},"name":"f"},{"contents":[{"Left":"Category.Applicative.Indexed.RawIApplicativeZero"},[{"contents":"lzero","tag":"Level"},{"contents":[{"Right":0},[]],"tag":"App"},{"contents":[{"Left":"Agda.Builtin.Unit.⊤"},[]],"tag":"App"},{"contents":{"item":{"contents":{"item":{"contents":[{"Left":"Agda.Builtin.Maybe.Maybe"},[{"contents":[{"Right":2},[]],"tag":"App"}]],"tag":"App"},"name":"_"},"tag":"Lam"},"name":"_"},"tag":"Lam"}]],"tag":"App"}],"tag":"Pi"},"original":{"contents":[{"item":{"contents":[{"Left":"Agda.Primitive.Level"},[]],"tag":"App"},"name":"f"},{"contents":[{"Left":"Category.Applicative.RawApplicativeZero"},[{"contents":[{"Right":0},[]],"tag":"App"},{"contents":[{"Left":"Agda.Builtin.Maybe.Maybe"},[{"contents":[{"Right":0},[]],"tag":"App"}]],"tag":"App"}]],"tag":"App"}],"tag":"Pi"},"reduced":null,"simplified":null}},"name":"Data.Maybe.Categorical.applicativeZero"},{"item":{"pretty":"{f : Agda.Primitive.Level} →\nCategory.Monad.RawMonadZero Agda.Builtin.Maybe.Maybe","thing":{"normalised":{"contents":[{"item":{"contents":[{"Left":"Agda.Primitive.Level"},[]],"tag":"App"},"name":"f"},{"contents":[{"Left":"Category.Monad.Indexed.RawIMonadZero"},[{"contents":"lzero","tag":"Level"},{"contents":[{"Right":0},[]],"tag":"App"},{"contents":[{"Left":"Agda.Builtin.Unit.⊤"},[]],"tag":"App"},{"contents":{"item":{"contents":{"item":{"contents":[{"Left":"Agda.Builtin.Maybe.Maybe"},[{"contents":[{"Right":2},[]],"tag":"App"}]],"tag":"App"},"name":"_"},"tag":"Lam"},"name":"_"},"tag":"Lam"}]],"tag":"App"}],"tag":"Pi"},"original":{"contents":[{"item":{"contents":[{"Left":"Agda.Primitive.Level"},[]],"tag":"App"},"name":"f"},{"contents":[{"Left":"Category.Monad.RawMonadZero"},[{"contents":[{"Right":0},[]],"tag":"App"},{"contents":[{"Left":"Agda.Builtin.Maybe.Maybe"},[{"contents":[{"Right":0},[]],"tag":"App"}]],"tag":"App"}]],"tag":"App"}],"tag":"Pi"},"reduced":null,"simplified":null}},"name":"Data.Maybe.Instances.maybeMonadZero"},{"item":{"pretty":"{f : Agda.Primitive.Level} →\nCategory.Monad.RawMonadPlus Agda.Builtin.Maybe.Maybe","thing":{"normalised":{"contents":[{"item":{"contents":[{"Left":"Agda.Primitive.Level"},[]],"tag":"App"},"name":"f"},{"contents":[{"Left":"Category.Monad.Indexed.RawIMonadPlus"},[{"contents":"lzero","tag":"Level"},{"contents":[{"Right":0},[]],"tag":"App"},{"contents":[{"Left":"Agda.Builtin.Unit.⊤"},[]],"tag":"App"},{"contents":{"item":{"contents":{"item":{"contents":[{"Left":"Agda.Builtin.Maybe.Maybe"},[{"contents":[{"Right":2},[]],"tag":"App"}]],"tag":"App"},"name":"_"},"tag":"Lam"},"name":"_"},"tag":"Lam"}]],"tag":"App"}],"tag":"Pi"},"original":{"contents":[{"item":{"contents":[{"Left":"Agda.Primitive.Level"},[]],"tag":"App"},"name":"f"},{"contents":[{"Left":"Category.Monad.RawMonadPlus"},[{"contents":[{"Right":0},[]],"tag":"App"},{"contents":[{"Left":"Agda.Builtin.Maybe.Maybe"},[{"contents":[{"Right":0},[]],"tag":"App"}]],"tag":"App"}]],"tag":"App"}],"tag":"Pi"},"reduced":null,"simplified":null}},"name":"Data.Maybe.Instances.maybeMonadPlus"},{"item":{"pretty":"{f : Agda.Primitive.Level} →\nCategory.Applicative.RawAlternative Agda.Builtin.Maybe.Maybe","thing":{"normalised":{"contents":[{"item":{"contents":[{"Left":"Agda.Primitive.Level"},[]],"tag":"App"},"name":"f"},{"contents":[{"Left":"Category.Applicative.Indexed.RawIAlternative"},[{"contents":"lzero","tag":"Level"},{"contents":[{"Right":0},[]],"tag":"App"},{"contents":[{"Left":"Agda.Builtin.Unit.⊤"},[]],"tag":"App"},{"contents":{"item":{"contents":{"item":{"contents":[{"Left":"Agda.Builtin.Maybe.Maybe"},[{"contents":[{"Right":2},[]],"tag":"App"}]],"tag":"App"},"name":"_"},"tag":"Lam"},"name":"_"},"tag":"Lam"}]],"tag":"App"}],"tag":"Pi"},"original":{"contents":[{"item":{"contents":[{"Left":"Agda.Primitive.Level"},[]],"tag":"App"},"name":"f"},{"contents":[{"Left":"Category.Applicative.RawAlternative"},[{"contents":[{"Right":0},[]],"tag":"App"},{"contents":[{"Left":"Agda.Builtin.Maybe.Maybe"},[{"contents":[{"Right":0},[]],"tag":"App"}]],"tag":"App"}]],"tag":"App"}],"tag":"Pi"},"reduced":null,"simplified":null}},"name":"Data.Maybe.Categorical.alternative"},{"item":{"pretty":"{ℓ : Agda.Primitive.Level}\n{M : Agda.Builtin.Unit.⊤ → Agda.Builtin.Unit.⊤ → Set ℓ → Set ℓ}\n⦃ inst : Category.Monad.Indexed.RawIMonad M ⦄ →\nCategory.Monad.Indexed.RawIMonad\n(λ _ _ →\n   M Agda.Builtin.Unit.tt Agda.Builtin.Unit.tt Function.Base.∘′\n   Agda.Builtin.Maybe.Maybe)","thing":{"normalised":{"contents":[{"item":{"contents":[{"Left":"Agda.Primitive.Level"},[]],"tag":"App"},"name":"ℓ"},{"contents":[{"item":{"contents":[{"item":{"contents":[{"Left":"Agda.Builtin.Unit.⊤"},[]],"tag":"App"},"name":"_"},{"contents":[{"item":{"contents":[{"Left":"Agda.Builtin.Unit.⊤"},[]],"tag":"App"},"name":"_"},{"contents":[{"item":{"contents":"Set @0","tag":"Sort"},"name":"_"},{"contents":"Set @0","tag":"Sort"}],"tag":"Pi"}],"tag":"Pi"}],"tag":"Pi"},"name":"M"},{"contents":[{"item":{"contents":[{"Left":"Category.Monad.Indexed.RawIMonad"},[{"contents":"lzero","tag":"Level"},{"contents":[{"Right":1},[]],"tag":"App"},{"contents":[{"Left":"Agda.Builtin.Unit.⊤"},[]],"tag":"App"},{"contents":[{"Right":0},[]],"tag":"App"}]],"tag":"App"},"name":"inst"},{"contents":[{"Left":"Category.Monad.Indexed.RawIMonad"},[{"contents":"lzero","tag":"Level"},{"contents":[{"Right":2},[]],"tag":"App"},{"contents":[{"Left":"Agda.Builtin.Unit.⊤"},[]],"tag":"App"},{"contents":{"item":{"contents":{"item":{"contents":{"item":{"contents":[{"Right":4},[{"contents":[{"Left":"Agda.Builtin.Unit.tt"},[]],"tag":"App"},{"contents":[{"Left":"Agda.Builtin.Unit.tt"},[]],"tag":"App"},{"contents":[{"Left":"Agda.Builtin.Maybe.Maybe"},[{"contents":[{"Right":5},[]],"tag":"App"},{"contents":[{"Right":0},[]],"tag":"App"}]],"tag":"App"}]],"tag":"App"},"name":"x"},"tag":"Lam"},"name":"_"},"tag":"Lam"},"name":"_"},"tag":"Lam"}]],"tag":"App"}],"tag":"Pi"}],"tag":"Pi"}],"tag":"Pi"},"original":{"contents":[{"item":{"contents":[{"Left":"Agda.Primitive.Level"},[]],"tag":"App"},"name":"ℓ"},{"contents":[{"item":{"contents":[{"item":{"contents":[{"Left":"Agda.Builtin.Unit.⊤"},[]],"tag":"App"},"name":"_"},{"contents":[{"item":{"contents":[{"Left":"Agda.Builtin.Unit.⊤"},[]],"tag":"App"},"name":"_"},{"contents":[{"item":{"contents":"Set @0","tag":"Sort"},"name":"_"},{"contents":"Set @0","tag":"Sort"}],"tag":"Pi"}],"tag":"Pi"}],"tag":"Pi"},"name":"M"},{"contents":[{"item":{"contents":[{"Left":"Category.Monad.Indexed.RawIMonad"},[{"contents":"lzero","tag":"Level"},{"contents":[{"Right":1},[]],"tag":"App"},{"contents":[{"Left":"Agda.Builtin.Unit.⊤"},[]],"tag":"App"},{"contents":[{"Right":0},[]],"tag":"App"}]],"tag":"App"},"name":"inst"},{"contents":[{"Left":"Category.Monad.Indexed.RawIMonad"},[{"contents":"lzero","tag":"Level"},{"contents":[{"Right":2},[]],"tag":"App"},{"contents":[{"Left":"Agda.Builtin.Unit.⊤"},[]],"tag":"App"},{"contents":{"item":{"contents":{"item":{"contents":[{"Left":"Function.Base._∘′_"},[{"contents":"lsuc @4","tag":"Level"},{"contents":"Set @4","tag":"Sort"},{"contents":"lsuc @4","tag":"Level"},{"contents":"Set @4","tag":"Sort"},{"contents":"lsuc @4","tag":"Level"},{"contents":"Set @4","tag":"Sort"},{"contents":[{"Right":3},[{"contents":[{"Left":"Agda.Builtin.Unit.tt"},[]],"tag":"App"},{"contents":[{"Left":"Agda.Builtin.Unit.tt"},[]],"tag":"App"}]],"tag":"App"},{"contents":[{"Left":"Agda.Builtin.Maybe.Maybe"},[{"contents":[{"Right":4},[]],"tag":"App"}]],"tag":"App"}]],"tag":"App"},"name":"_"},"tag":"Lam"},"name":"_"},"tag":"Lam"}]],"tag":"App"}],"tag":"Pi"}],"tag":"Pi"}],"tag":"Pi"},"reduced":null,"simplified":null}},"name":"Data.Maybe.Instances.maybeMonadT"},{"item":{"pretty":"{f : Agda.Primitive.Level} →\nCategory.Monad.RawMonadT\n(Function.Base._∘′ Agda.Builtin.Maybe.Maybe)","thing":{"normalised":{"contents":[{"item":{"contents":[{"Left":"Agda.Primitive.Level"},[]],"tag":"App"},"name":"f"},{"contents":[{"item":{"contents":[{"item":{"contents":[{"Left":"Agda.Builtin.Unit.⊤"},[]],"tag":"App"},"name":"_"},{"contents":[{"item":{"contents":[{"Left":"Agda.Builtin.Unit.⊤"},[]],"tag":"App"},"name":"_"},{"contents":[{"item":{"contents":"Set @0","tag":"Sort"},"name":"_"},{"contents":"Set @0","tag":"Sort"}],"tag":"Pi"}],"tag":"Pi"}],"tag":"Pi"},"name":"M"},{"contents":[{"item":{"contents":[{"Left":"Category.Monad.Indexed.RawIMonad"},[{"contents":"lzero","tag":"Level"},{"contents":[{"Right":1},[]],"tag":"App"},{"contents":[{"Left":"Agda.Builtin.Unit.⊤"},[]],"tag":"App"},{"contents":[{"Right":0},[]],"tag":"App"}]],"tag":"App"},"name":"_"},{"contents":[{"Left":"Category.Monad.Indexed.RawIMonad"},[{"contents":"lzero","tag":"Level"},{"contents":[{"Right":1},[]],"tag":"App"},{"contents":[{"Left":"Agda.Builtin.Unit.⊤"},[]],"tag":"App"},{"contents":{"item":{"contents":{"item":{"contents":{"item":{"contents":[{"Right":3},[{"contents":[{"Left":"Agda.Builtin.Unit.tt"},[]],"tag":"App"},{"contents":[{"Left":"Agda.Builtin.Unit.tt"},[]],"tag":"App"},{"contents":[{"Left":"Agda.Builtin.Maybe.Maybe"},[{"contents":[{"Right":4},[]],"tag":"App"},{"contents":[{"Right":0},[]],"tag":"App"}]],"tag":"App"}]],"tag":"App"},"name":"x"},"tag":"Lam"},"name":"_"},"tag":"Lam"},"name":"_"},"tag":"Lam"}]],"tag":"App"}],"tag":"Pi"}],"tag":"Pi"}],"tag":"Pi"},"original":{"contents":[{"item":{"contents":[{"Left":"Agda.Primitive.Level"},[]],"tag":"App"},"name":"f"},{"contents":[{"Left":"Category.Monad.RawMonadT"},[{"contents":[{"Right":0},[]],"tag":"App"},{"contents":{"item":{"contents":[{"Left":"Function.Base._∘′_"},[{"contents":"lsuc @1","tag":"Level"},{"contents":"Set @1","tag":"Sort"},{"contents":"lsuc @1","tag":"Level"},{"contents":"Set @1","tag":"Sort"},{"contents":"lsuc @1","tag":"Level"},{"contents":"Set @1","tag":"Sort"},{"contents":[{"Right":0},[]],"tag":"App"},{"contents":[{"Left":"Agda.Builtin.Maybe.Maybe"},[{"contents":[{"Right":1},[]],"tag":"App"}]],"tag":"App"}]],"tag":"App"},"name":"section"},"tag":"Lam"}]],"tag":"App"}],"tag":"Pi"},"reduced":null,"simplified":null}},"name":"Data.Maybe.Categorical.monadT"},{"item":{"pretty":"{f : Agda.Primitive.Level} →\nCategory.Monad.RawMonad Agda.Builtin.Maybe.Maybe","thing":{"normalised":{"contents":[{"item":{"contents":[{"Left":"Agda.Primitive.Level"},[]],"tag":"App"},"name":"f"},{"contents":[{"Left":"Category.Monad.Indexed.RawIMonad"},[{"contents":"lzero","tag":"Level"},{"contents":[{"Right":0},[]],"tag":"App"},{"contents":[{"Left":"Agda.Builtin.Unit.⊤"},[]],"tag":"App"},{"contents":{"item":{"contents":{"item":{"contents":[{"Left":"Agda.Builtin.Maybe.Maybe"},[{"contents":[{"Right":2},[]],"tag":"App"}]],"tag":"App"},"name":"_"},"tag":"Lam"},"name":"_"},"tag":"Lam"}]],"tag":"App"}],"tag":"Pi"},"original":{"contents":[{"item":{"contents":[{"Left":"Agda.Primitive.Level"},[]],"tag":"App"},"name":"f"},{"contents":[{"Left":"Category.Monad.RawMonad"},[{"contents":[{"Right":0},[]],"tag":"App"},{"contents":[{"Left":"Agda.Builtin.Maybe.Maybe"},[{"contents":[{"Right":0},[]],"tag":"App"}]],"tag":"App"}]],"tag":"App"}],"tag":"Pi"},"reduced":null,"simplified":null}},"name":"Data.Maybe.Categorical.monad"},{"item":{"pretty":"{f : Agda.Primitive.Level} →\nCategory.Monad.RawMonadZero Agda.Builtin.Maybe.Maybe","thing":{"normalised":{"contents":[{"item":{"contents":[{"Left":"Agda.Primitive.Level"},[]],"tag":"App"},"name":"f"},{"contents":[{"Left":"Category.Monad.Indexed.RawIMonadZero"},[{"contents":"lzero","tag":"Level"},{"contents":[{"Right":0},[]],"tag":"App"},{"contents":[{"Left":"Agda.Builtin.Unit.⊤"},[]],"tag":"App"},{"contents":{"item":{"contents":{"item":{"contents":[{"Left":"Agda.Builtin.Maybe.Maybe"},[{"contents":[{"Right":2},[]],"tag":"App"}]],"tag":"App"},"name":"_"},"tag":"Lam"},"name":"_"},"tag":"Lam"}]],"tag":"App"}],"tag":"Pi"},"original":{"contents":[{"item":{"contents":[{"Left":"Agda.Primitive.Level"},[]],"tag":"App"},"name":"f"},{"contents":[{"Left":"Category.Monad.RawMonadZero"},[{"contents":[{"Right":0},[]],"tag":"App"},{"contents":[{"Left":"Agda.Builtin.Maybe.Maybe"},[{"contents":[{"Right":0},[]],"tag":"App"}]],"tag":"App"}]],"tag":"App"}],"tag":"Pi"},"reduced":null,"simplified":null}},"name":"Data.Maybe.Categorical.monadZero"},{"item":{"pretty":"{f : Agda.Primitive.Level} →\nCategory.Monad.RawMonadPlus Agda.Builtin.Maybe.Maybe","thing":{"normalised":{"contents":[{"item":{"contents":[{"Left":"Agda.Primitive.Level"},[]],"tag":"App"},"name":"f"},{"contents":[{"Left":"Category.Monad.Indexed.RawIMonadPlus"},[{"contents":"lzero","tag":"Level"},{"contents":[{"Right":0},[]],"tag":"App"},{"contents":[{"Left":"Agda.Builtin.Unit.⊤"},[]],"tag":"App"},{"contents":{"item":{"contents":{"item":{"contents":[{"Left":"Agda.Builtin.Maybe.Maybe"},[{"contents":[{"Right":2},[]],"tag":"App"}]],"tag":"App"},"name":"_"},"tag":"Lam"},"name":"_"},"tag":"Lam"}]],"tag":"App"}],"tag":"Pi"},"original":{"contents":[{"item":{"contents":[{"Left":"Agda.Primitive.Level"},[]],"tag":"App"},"name":"f"},{"contents":[{"Left":"Category.Monad.RawMonadPlus"},[{"contents":[{"Right":0},[]],"tag":"App"},{"contents":[{"Left":"Agda.Builtin.Maybe.Maybe"},[{"contents":[{"Right":0},[]],"tag":"App"}]],"tag":"App"}]],"tag":"App"}],"tag":"Pi"},"reduced":null,"simplified":null}},"name":"Data.Maybe.Categorical.monadPlus"}],"name":"Data.Maybe.Instances"},"samples":[{"ctx":{"pretty":"","thing":[]},"goal":{"pretty":"{f : Agda.Primitive.Level} →\nCategory.Functor.RawFunctor Agda.Builtin.Maybe.Maybe","thing":{"normalised":null,"original":{"contents":[{"item":{"contents":[{"Left":"Agda.Primitive.Level"},[]],"tag":"App"},"name":"f"},{"contents":[{"Left":"Category.Functor.RawFunctor"},[{"contents":[{"Right":0},[]],"tag":"App"},{"contents":[{"Right":0},[]],"tag":"App"},{"contents":[{"Left":"Agda.Builtin.Maybe.Maybe"},[{"contents":[{"Right":0},[]],"tag":"App"}]],"tag":"App"}]],"tag":"App"}],"tag":"Pi"},"reduced":null,"simplified":null}},"term":{"pretty":"functor","thing":{"normalised":null,"original":{"contents":[{"Left":"Data.Maybe.Categorical.functor"},[]],"tag":"App"},"reduced":null,"simplified":null}},"namesUsed":["Data.Maybe.Categorical.functor"]},{"ctx":{"pretty":"","thing":[]},"goal":{"pretty":"{f : Agda.Primitive.Level} →\nCategory.Applicative.RawApplicative Agda.Builtin.Maybe.Maybe","thing":{"normalised":{"contents":[{"item":{"contents":[{"Left":"Agda.Primitive.Level"},[]],"tag":"App"},"name":"f"},{"contents":[{"Left":"Category.Applicative.Indexed.RawIApplicative"},[{"contents":"lzero","tag":"Level"},{"contents":[{"Right":0},[]],"tag":"App"},{"contents":[{"Left":"Agda.Builtin.Unit.⊤"},[]],"tag":"App"},{"contents":{"item":{"contents":{"item":{"contents":[{"Left":"Agda.Builtin.Maybe.Maybe"},[{"contents":[{"Right":2},[]],"tag":"App"}]],"tag":"App"},"name":"_"},"tag":"Lam"},"name":"_"},"tag":"Lam"}]],"tag":"App"}],"tag":"Pi"},"original":{"contents":[{"item":{"contents":[{"Left":"Agda.Primitive.Level"},[]],"tag":"App"},"name":"f"},{"contents":[{"Left":"Category.Applicative.RawApplicative"},[{"contents":[{"Right":0},[]],"tag":"App"},{"contents":[{"Left":"Agda.Builtin.Maybe.Maybe"},[{"contents":[{"Right":0},[]],"tag":"App"}]],"tag":"App"}]],"tag":"App"}],"tag":"Pi"},"reduced":null,"simplified":null}},"term":{"pretty":"applicative","thing":{"normalised":null,"original":{"contents":[{"Left":"Data.Maybe.Categorical.applicative"},[]],"tag":"App"},"reduced":null,"simplified":null}},"namesUsed":["Data.Maybe.Categorical.applicative"]},{"ctx":{"pretty":"","thing":[]},"goal":{"pretty":"{f : Agda.Primitive.Level} →\nCategory.Applicative.RawApplicativeZero Agda.Builtin.Maybe.Maybe","thing":{"normalised":{"contents":[{"item":{"contents":[{"Left":"Agda.Primitive.Level"},[]],"tag":"App"},"name":"f"},{"contents":[{"Left":"Category.Applicative.Indexed.RawIApplicativeZero"},[{"contents":"lzero","tag":"Level"},{"contents":[{"Right":0},[]],"tag":"App"},{"contents":[{"Left":"Agda.Builtin.Unit.⊤"},[]],"tag":"App"},{"contents":{"item":{"contents":{"item":{"contents":[{"Left":"Agda.Builtin.Maybe.Maybe"},[{"contents":[{"Right":2},[]],"tag":"App"}]],"tag":"App"},"name":"_"},"tag":"Lam"},"name":"_"},"tag":"Lam"}]],"tag":"App"}],"tag":"Pi"},"original":{"contents":[{"item":{"contents":[{"Left":"Agda.Primitive.Level"},[]],"tag":"App"},"name":"f"},{"contents":[{"Left":"Category.Applicative.RawApplicativeZero"},[{"contents":[{"Right":0},[]],"tag":"App"},{"contents":[{"Left":"Agda.Builtin.Maybe.Maybe"},[{"contents":[{"Right":0},[]],"tag":"App"}]],"tag":"App"}]],"tag":"App"}],"tag":"Pi"},"reduced":null,"simplified":null}},"term":{"pretty":"applicativeZero","thing":{"normalised":null,"original":{"contents":[{"Left":"Data.Maybe.Categorical.applicativeZero"},[]],"tag":"App"},"reduced":null,"simplified":null}},"namesUsed":["Data.Maybe.Categorical.applicativeZero"]},{"ctx":{"pretty":"","thing":[]},"goal":{"pretty":"{f : Agda.Primitive.Level} →\nCategory.Applicative.RawAlternative Agda.Builtin.Maybe.Maybe","thing":{"normalised":{"contents":[{"item":{"contents":[{"Left":"Agda.Primitive.Level"},[]],"tag":"App"},"name":"f"},{"contents":[{"Left":"Category.Applicative.Indexed.RawIAlternative"},[{"contents":"lzero","tag":"Level"},{"contents":[{"Right":0},[]],"tag":"App"},{"contents":[{"Left":"Agda.Builtin.Unit.⊤"},[]],"tag":"App"},{"contents":{"item":{"contents":{"item":{"contents":[{"Left":"Agda.Builtin.Maybe.Maybe"},[{"contents":[{"Right":2},[]],"tag":"App"}]],"tag":"App"},"name":"_"},"tag":"Lam"},"name":"_"},"tag":"Lam"}]],"tag":"App"}],"tag":"Pi"},"original":{"contents":[{"item":{"contents":[{"Left":"Agda.Primitive.Level"},[]],"tag":"App"},"name":"f"},{"contents":[{"Left":"Category.Applicative.RawAlternative"},[{"contents":[{"Right":0},[]],"tag":"App"},{"contents":[{"Left":"Agda.Builtin.Maybe.Maybe"},[{"contents":[{"Right":0},[]],"tag":"App"}]],"tag":"App"}]],"tag":"App"}],"tag":"Pi"},"reduced":null,"simplified":null}},"term":{"pretty":"alternative","thing":{"normalised":null,"original":{"contents":[{"Left":"Data.Maybe.Categorical.alternative"},[]],"tag":"App"},"reduced":null,"simplified":null}},"namesUsed":["Data.Maybe.Categorical.alternative"]},{"ctx":{"pretty":"","thing":[]},"goal":{"pretty":"{f : Agda.Primitive.Level} →\nCategory.Monad.RawMonad Agda.Builtin.Maybe.Maybe","thing":{"normalised":{"contents":[{"item":{"contents":[{"Left":"Agda.Primitive.Level"},[]],"tag":"App"},"name":"f"},{"contents":[{"Left":"Category.Monad.Indexed.RawIMonad"},[{"contents":"lzero","tag":"Level"},{"contents":[{"Right":0},[]],"tag":"App"},{"contents":[{"Left":"Agda.Builtin.Unit.⊤"},[]],"tag":"App"},{"contents":{"item":{"contents":{"item":{"contents":[{"Left":"Agda.Builtin.Maybe.Maybe"},[{"contents":[{"Right":2},[]],"tag":"App"}]],"tag":"App"},"name":"_"},"tag":"Lam"},"name":"_"},"tag":"Lam"}]],"tag":"App"}],"tag":"Pi"},"original":{"contents":[{"item":{"contents":[{"Left":"Agda.Primitive.Level"},[]],"tag":"App"},"name":"f"},{"contents":[{"Left":"Category.Monad.RawMonad"},[{"contents":[{"Right":0},[]],"tag":"App"},{"contents":[{"Left":"Agda.Builtin.Maybe.Maybe"},[{"contents":[{"Right":0},[]],"tag":"App"}]],"tag":"App"}]],"tag":"App"}],"tag":"Pi"},"reduced":null,"simplified":null}},"term":{"pretty":"monad","thing":{"normalised":{"contents":{"item":{"contents":[{"Left":"Data.Maybe.Categorical.monadT"},[{"contents":[{"Right":0},[]],"tag":"App"},{"contents":{"item":{"contents":{"item":{"contents":{"item":{"contents":[{"Right":0},[]],"tag":"App"},"name":"A"},"tag":"Lam"},"name":"v"},"tag":"Lam"},"name":"v"},"tag":"Lam"},{"contents":[{"Left":"Function.Identity.Categorical.monad"},[{"contents":[{"Right":0},[]],"tag":"App"}]],"tag":"App"}]],"tag":"App"},"name":"_"},"tag":"Lam"},"original":{"contents":[{"Left":"Data.Maybe.Categorical.monad"},[]],"tag":"App"},"reduced":{"contents":{"item":{"contents":[{"Left":"Data.Maybe.Categorical.monadT"},[{"contents":[{"Right":0},[]],"tag":"App"},{"contents":{"item":{"contents":{"item":{"contents":[{"Left":"Function.Identity.Categorical.Identity"},[{"contents":[{"Right":2},[]],"tag":"App"}]],"tag":"App"},"name":"v"},"tag":"Lam"},"name":"v"},"tag":"Lam"},{"contents":[{"Left":"Function.Identity.Categorical.monad"},[{"contents":[{"Right":0},[]],"tag":"App"}]],"tag":"App"}]],"tag":"App"},"name":"_"},"tag":"Lam"},"simplified":null}},"namesUsed":["Data.Maybe.Categorical.monad"]},{"ctx":{"pretty":"","thing":[]},"goal":{"pretty":"{f : Agda.Primitive.Level} →\nCategory.Monad.RawMonadZero Agda.Builtin.Maybe.Maybe","thing":{"normalised":{"contents":[{"item":{"contents":[{"Left":"Agda.Primitive.Level"},[]],"tag":"App"},"name":"f"},{"contents":[{"Left":"Category.Monad.Indexed.RawIMonadZero"},[{"contents":"lzero","tag":"Level"},{"contents":[{"Right":0},[]],"tag":"App"},{"contents":[{"Left":"Agda.Builtin.Unit.⊤"},[]],"tag":"App"},{"contents":{"item":{"contents":{"item":{"contents":[{"Left":"Agda.Builtin.Maybe.Maybe"},[{"contents":[{"Right":2},[]],"tag":"App"}]],"tag":"App"},"name":"_"},"tag":"Lam"},"name":"_"},"tag":"Lam"}]],"tag":"App"}],"tag":"Pi"},"original":{"contents":[{"item":{"contents":[{"Left":"Agda.Primitive.Level"},[]],"tag":"App"},"name":"f"},{"contents":[{"Left":"Category.Monad.RawMonadZero"},[{"contents":[{"Right":0},[]],"tag":"App"},{"contents":[{"Left":"Agda.Builtin.Maybe.Maybe"},[{"contents":[{"Right":0},[]],"tag":"App"}]],"tag":"App"}]],"tag":"App"}],"tag":"Pi"},"reduced":null,"simplified":null}},"term":{"pretty":"monadZero","thing":{"normalised":null,"original":{"contents":[{"Left":"Data.Maybe.Categorical.monadZero"},[]],"tag":"App"},"reduced":null,"simplified":null}},"namesUsed":["Data.Maybe.Categorical.monadZero"]},{"ctx":{"pretty":"","thing":[]},"goal":{"pretty":"{f : Agda.Primitive.Level} →\nCategory.Monad.RawMonadPlus Agda.Builtin.Maybe.Maybe","thing":{"normalised":{"contents":[{"item":{"contents":[{"Left":"Agda.Primitive.Level"},[]],"tag":"App"},"name":"f"},{"contents":[{"Left":"Category.Monad.Indexed.RawIMonadPlus"},[{"contents":"lzero","tag":"Level"},{"contents":[{"Right":0},[]],"tag":"App"},{"contents":[{"Left":"Agda.Builtin.Unit.⊤"},[]],"tag":"App"},{"contents":{"item":{"contents":{"item":{"contents":[{"Left":"Agda.Builtin.Maybe.Maybe"},[{"contents":[{"Right":2},[]],"tag":"App"}]],"tag":"App"},"name":"_"},"tag":"Lam"},"name":"_"},"tag":"Lam"}]],"tag":"App"}],"tag":"Pi"},"original":{"contents":[{"item":{"contents":[{"Left":"Agda.Primitive.Level"},[]],"tag":"App"},"name":"f"},{"contents":[{"Left":"Category.Monad.RawMonadPlus"},[{"contents":[{"Right":0},[]],"tag":"App"},{"contents":[{"Left":"Agda.Builtin.Maybe.Maybe"},[{"contents":[{"Right":0},[]],"tag":"App"}]],"tag":"App"}]],"tag":"App"}],"tag":"Pi"},"reduced":null,"simplified":null}},"term":{"pretty":"monadPlus","thing":{"normalised":null,"original":{"contents":[{"Left":"Data.Maybe.Categorical.monadPlus"},[]],"tag":"App"},"reduced":null,"simplified":null}},"namesUsed":["Data.Maybe.Categorical.monadPlus"]},{"ctx":{"pretty":"","thing":[]},"goal":{"pretty":"{ℓ : Agda.Primitive.Level}\n{M : Agda.Builtin.Unit.⊤ → Agda.Builtin.Unit.⊤ → Set ℓ → Set ℓ}\n⦃ inst : Category.Monad.Indexed.RawIMonad M ⦄ →\nCategory.Monad.Indexed.RawIMonad\n(λ _ _ →\n   M Agda.Builtin.Unit.tt Agda.Builtin.Unit.tt Function.Base.∘′\n   Agda.Builtin.Maybe.Maybe)","thing":{"normalised":{"contents":[{"item":{"contents":[{"Left":"Agda.Primitive.Level"},[]],"tag":"App"},"name":"ℓ"},{"contents":[{"item":{"contents":[{"item":{"contents":[{"Left":"Agda.Builtin.Unit.⊤"},[]],"tag":"App"},"name":"_"},{"contents":[{"item":{"contents":[{"Left":"Agda.Builtin.Unit.⊤"},[]],"tag":"App"},"name":"_"},{"contents":[{"item":{"contents":"Set @0","tag":"Sort"},"name":"_"},{"contents":"Set @0","tag":"Sort"}],"tag":"Pi"}],"tag":"Pi"}],"tag":"Pi"},"name":"M"},{"contents":[{"item":{"contents":[{"Left":"Category.Monad.Indexed.RawIMonad"},[{"contents":"lzero","tag":"Level"},{"contents":[{"Right":1},[]],"tag":"App"},{"contents":[{"Left":"Agda.Builtin.Unit.⊤"},[]],"tag":"App"},{"contents":[{"Right":0},[]],"tag":"App"}]],"tag":"App"},"name":"inst"},{"contents":[{"Left":"Category.Monad.Indexed.RawIMonad"},[{"contents":"lzero","tag":"Level"},{"contents":[{"Right":2},[]],"tag":"App"},{"contents":[{"Left":"Agda.Builtin.Unit.⊤"},[]],"tag":"App"},{"contents":{"item":{"contents":{"item":{"contents":{"item":{"contents":[{"Right":4},[{"contents":[{"Left":"Agda.Builtin.Unit.tt"},[]],"tag":"App"},{"contents":[{"Left":"Agda.Builtin.Unit.tt"},[]],"tag":"App"},{"contents":[{"Left":"Agda.Builtin.Maybe.Maybe"},[{"contents":[{"Right":5},[]],"tag":"App"},{"contents":[{"Right":0},[]],"tag":"App"}]],"tag":"App"}]],"tag":"App"},"name":"x"},"tag":"Lam"},"name":"_"},"tag":"Lam"},"name":"_"},"tag":"Lam"}]],"tag":"App"}],"tag":"Pi"}],"tag":"Pi"}],"tag":"Pi"},"original":{"contents":[{"item":{"contents":[{"Left":"Agda.Primitive.Level"},[]],"tag":"App"},"name":"ℓ"},{"contents":[{"item":{"contents":[{"item":{"contents":[{"Left":"Agda.Builtin.Unit.⊤"},[]],"tag":"App"},"name":"_"},{"contents":[{"item":{"contents":[{"Left":"Agda.Builtin.Unit.⊤"},[]],"tag":"App"},"name":"_"},{"contents":[{"item":{"contents":"Set @0","tag":"Sort"},"name":"_"},{"contents":"Set @0","tag":"Sort"}],"tag":"Pi"}],"tag":"Pi"}],"tag":"Pi"},"name":"M"},{"contents":[{"item":{"contents":[{"Left":"Category.Monad.Indexed.RawIMonad"},[{"contents":"lzero","tag":"Level"},{"contents":[{"Right":1},[]],"tag":"App"},{"contents":[{"Left":"Agda.Builtin.Unit.⊤"},[]],"tag":"App"},{"contents":[{"Right":0},[]],"tag":"App"}]],"tag":"App"},"name":"inst"},{"contents":[{"Left":"Category.Monad.Indexed.RawIMonad"},[{"contents":"lzero","tag":"Level"},{"contents":[{"Right":2},[]],"tag":"App"},{"contents":[{"Left":"Agda.Builtin.Unit.⊤"},[]],"tag":"App"},{"contents":{"item":{"contents":{"item":{"contents":[{"Left":"Function.Base._∘′_"},[{"contents":"lsuc @4","tag":"Level"},{"contents":"Set @4","tag":"Sort"},{"contents":"lsuc @4","tag":"Level"},{"contents":"Set @4","tag":"Sort"},{"contents":"lsuc @4","tag":"Level"},{"contents":"Set @4","tag":"Sort"},{"contents":[{"Right":3},[{"contents":[{"Left":"Agda.Builtin.Unit.tt"},[]],"tag":"App"},{"contents":[{"Left":"Agda.Builtin.Unit.tt"},[]],"tag":"App"}]],"tag":"App"},{"contents":[{"Left":"Agda.Builtin.Maybe.Maybe"},[{"contents":[{"Right":4},[]],"tag":"App"}]],"tag":"App"}]],"tag":"App"},"name":"_"},"tag":"Lam"},"name":"_"},"tag":"Lam"}]],"tag":"App"}],"tag":"Pi"}],"tag":"Pi"}],"tag":"Pi"},"reduced":null,"simplified":null}},"term":{"pretty":"λ {ℓ} {M} ⦃ inst ⦄ → monadT inst","thing":{"normalised":null,"original":{"contents":{"item":{"contents":{"item":{"contents":{"item":{"contents":[{"Left":"Data.Maybe.Categorical.monadT"},[{"contents":[{"Right":2},[]],"tag":"App"},{"contents":[{"Right":1},[]],"tag":"App"},{"contents":[{"Right":0},[]],"tag":"App"}]],"tag":"App"},"name":"inst"},"tag":"Lam"},"name":"M"},"tag":"Lam"},"name":"ℓ"},"tag":"Lam"},"reduced":null,"simplified":null}},"namesUsed":["Data.Maybe.Categorical.monadT"]},{"ctx":{"pretty":"{ℓ : Agda.Primitive.Level}","thing":[{"item":{"contents":[{"Left":"Agda.Primitive.Level"},[]],"tag":"App"},"name":"ℓ"}]},"goal":{"pretty":"{M : Agda.Builtin.Unit.⊤ → Agda.Builtin.Unit.⊤ → Set ℓ → Set ℓ}\n⦃ inst : Category.Monad.Indexed.RawIMonad M ⦄ →\nCategory.Monad.Indexed.RawIMonad\n(λ _ _ →\n   M Agda.Builtin.Unit.tt Agda.Builtin.Unit.tt Function.Base.∘′\n   Agda.Builtin.Maybe.Maybe)","thing":{"normalised":{"contents":[{"item":{"contents":[{"item":{"contents":[{"Left":"Agda.Builtin.Unit.⊤"},[]],"tag":"App"},"name":"_"},{"contents":[{"item":{"contents":[{"Left":"Agda.Builtin.Unit.⊤"},[]],"tag":"App"},"name":"_"},{"contents":[{"item":{"contents":"Set @0","tag":"Sort"},"name":"_"},{"contents":"Set @0","tag":"Sort"}],"tag":"Pi"}],"tag":"Pi"}],"tag":"Pi"},"name":"M"},{"contents":[{"item":{"contents":[{"Left":"Category.Monad.Indexed.RawIMonad"},[{"contents":"lzero","tag":"Level"},{"contents":[{"Right":1},[]],"tag":"App"},{"contents":[{"Left":"Agda.Builtin.Unit.⊤"},[]],"tag":"App"},{"contents":[{"Right":0},[]],"tag":"App"}]],"tag":"App"},"name":"inst"},{"contents":[{"Left":"Category.Monad.Indexed.RawIMonad"},[{"contents":"lzero","tag":"Level"},{"contents":[{"Right":2},[]],"tag":"App"},{"contents":[{"Left":"Agda.Builtin.Unit.⊤"},[]],"tag":"App"},{"contents":{"item":{"contents":{"item":{"contents":{"item":{"contents":[{"Right":4},[{"contents":[{"Left":"Agda.Builtin.Unit.tt"},[]],"tag":"App"},{"contents":[{"Left":"Agda.Builtin.Unit.tt"},[]],"tag":"App"},{"contents":[{"Left":"Agda.Builtin.Maybe.Maybe"},[{"contents":[{"Right":5},[]],"tag":"App"},{"contents":[{"Right":0},[]],"tag":"App"}]],"tag":"App"}]],"tag":"App"},"name":"x"},"tag":"Lam"},"name":"_"},"tag":"Lam"},"name":"_"},"tag":"Lam"}]],"tag":"App"}],"tag":"Pi"}],"tag":"Pi"},"original":{"contents":[{"item":{"contents":[{"item":{"contents":[{"Left":"Agda.Builtin.Unit.⊤"},[]],"tag":"App"},"name":"_"},{"contents":[{"item":{"contents":[{"Left":"Agda.Builtin.Unit.⊤"},[]],"tag":"App"},"name":"_"},{"contents":[{"item":{"contents":"Set @0","tag":"Sort"},"name":"_"},{"contents":"Set @0","tag":"Sort"}],"tag":"Pi"}],"tag":"Pi"}],"tag":"Pi"},"name":"M"},{"contents":[{"item":{"contents":[{"Left":"Category.Monad.Indexed.RawIMonad"},[{"contents":"lzero","tag":"Level"},{"contents":[{"Right":1},[]],"tag":"App"},{"contents":[{"Left":"Agda.Builtin.Unit.⊤"},[]],"tag":"App"},{"contents":[{"Right":0},[]],"tag":"App"}]],"tag":"App"},"name":"inst"},{"contents":[{"Left":"Category.Monad.Indexed.RawIMonad"},[{"contents":"lzero","tag":"Level"},{"contents":[{"Right":2},[]],"tag":"App"},{"contents":[{"Left":"Agda.Builtin.Unit.⊤"},[]],"tag":"App"},{"contents":{"item":{"contents":{"item":{"contents":[{"Left":"Function.Base._∘′_"},[{"contents":"lsuc @4","tag":"Level"},{"contents":"Set @4","tag":"Sort"},{"contents":"lsuc @4","tag":"Level"},{"contents":"Set @4","tag":"Sort"},{"contents":"lsuc @4","tag":"Level"},{"contents":"Set @4","tag":"Sort"},{"contents":[{"Right":3},[{"contents":[{"Left":"Agda.Builtin.Unit.tt"},[]],"tag":"App"},{"contents":[{"Left":"Agda.Builtin.Unit.tt"},[]],"tag":"App"}]],"tag":"App"},{"contents":[{"Left":"Agda.Builtin.Maybe.Maybe"},[{"contents":[{"Right":4},[]],"tag":"App"}]],"tag":"App"}]],"tag":"App"},"name":"_"},"tag":"Lam"},"name":"_"},"tag":"Lam"}]],"tag":"App"}],"tag":"Pi"}],"tag":"Pi"},"reduced":null,"simplified":null}},"term":{"pretty":"λ {M} ⦃ inst ⦄ → monadT inst","thing":{"normalised":null,"original":{"contents":{"item":{"contents":{"item":{"contents":[{"Left":"Data.Maybe.Categorical.monadT"},[{"contents":[{"Right":2},[]],"tag":"App"},{"contents":[{"Right":1},[]],"tag":"App"},{"contents":[{"Right":0},[]],"tag":"App"}]],"tag":"App"},"name":"inst"},"tag":"Lam"},"name":"M"},"tag":"Lam"},"reduced":null,"simplified":null}},"namesUsed":["Data.Maybe.Categorical.monadT"]},{"ctx":{"pretty":"{ℓ = ℓ₁ : Agda.Primitive.Level}\n{M : Agda.Builtin.Unit.⊤ → Agda.Builtin.Unit.⊤ → Set ℓ₁ → Set ℓ₁}","thing":[{"item":{"contents":[{"Left":"Agda.Primitive.Level"},[]],"tag":"App"},"name":"ℓ"},{"item":{"contents":[{"item":{"contents":[{"Left":"Agda.Builtin.Unit.⊤"},[]],"tag":"App"},"name":"_"},{"contents":[{"item":{"contents":[{"Left":"Agda.Builtin.Unit.⊤"},[]],"tag":"App"},"name":"_"},{"contents":[{"item":{"contents":"Set @0","tag":"Sort"},"name":"_"},{"contents":"Set @0","tag":"Sort"}],"tag":"Pi"}],"tag":"Pi"}],"tag":"Pi"},"name":"M"}]},"goal":{"pretty":"⦃ inst : Category.Monad.Indexed.RawIMonad M ⦄ →\nCategory.Monad.Indexed.RawIMonad\n(λ _ _ →\n   M Agda.Builtin.Unit.tt Agda.Builtin.Unit.tt Function.Base.∘′\n   Agda.Builtin.Maybe.Maybe)","thing":{"normalised":{"contents":[{"item":{"contents":[{"Left":"Category.Monad.Indexed.RawIMonad"},[{"contents":"lzero","tag":"Level"},{"contents":[{"Right":1},[]],"tag":"App"},{"contents":[{"Left":"Agda.Builtin.Unit.⊤"},[]],"tag":"App"},{"contents":[{"Right":0},[]],"tag":"App"}]],"tag":"App"},"name":"inst"},{"contents":[{"Left":"Category.Monad.Indexed.RawIMonad"},[{"contents":"lzero","tag":"Level"},{"contents":[{"Right":2},[]],"tag":"App"},{"contents":[{"Left":"Agda.Builtin.Unit.⊤"},[]],"tag":"App"},{"contents":{"item":{"contents":{"item":{"contents":{"item":{"contents":[{"Right":4},[{"contents":[{"Left":"Agda.Builtin.Unit.tt"},[]],"tag":"App"},{"contents":[{"Left":"Agda.Builtin.Unit.tt"},[]],"tag":"App"},{"contents":[{"Left":"Agda.Builtin.Maybe.Maybe"},[{"contents":[{"Right":5},[]],"tag":"App"},{"contents":[{"Right":0},[]],"tag":"App"}]],"tag":"App"}]],"tag":"App"},"name":"x"},"tag":"Lam"},"name":"_"},"tag":"Lam"},"name":"_"},"tag":"Lam"}]],"tag":"App"}],"tag":"Pi"},"original":{"contents":[{"item":{"contents":[{"Left":"Category.Monad.Indexed.RawIMonad"},[{"contents":"lzero","tag":"Level"},{"contents":[{"Right":1},[]],"tag":"App"},{"contents":[{"Left":"Agda.Builtin.Unit.⊤"},[]],"tag":"App"},{"contents":[{"Right":0},[]],"tag":"App"}]],"tag":"App"},"name":"inst"},{"contents":[{"Left":"Category.Monad.Indexed.RawIMonad"},[{"contents":"lzero","tag":"Level"},{"contents":[{"Right":2},[]],"tag":"App"},{"contents":[{"Left":"Agda.Builtin.Unit.⊤"},[]],"tag":"App"},{"contents":{"item":{"contents":{"item":{"contents":[{"Left":"Function.Base._∘′_"},[{"contents":"lsuc @4","tag":"Level"},{"contents":"Set @4","tag":"Sort"},{"contents":"lsuc @4","tag":"Level"},{"contents":"Set @4","tag":"Sort"},{"contents":"lsuc @4","tag":"Level"},{"contents":"Set @4","tag":"Sort"},{"contents":[{"Right":3},[{"contents":[{"Left":"Agda.Builtin.Unit.tt"},[]],"tag":"App"},{"contents":[{"Left":"Agda.Builtin.Unit.tt"},[]],"tag":"App"}]],"tag":"App"},{"contents":[{"Left":"Agda.Builtin.Maybe.Maybe"},[{"contents":[{"Right":4},[]],"tag":"App"}]],"tag":"App"}]],"tag":"App"},"name":"_"},"tag":"Lam"},"name":"_"},"tag":"Lam"}]],"tag":"App"}],"tag":"Pi"},"reduced":null,"simplified":null}},"term":{"pretty":"λ ⦃ inst ⦄ → monadT inst","thing":{"normalised":null,"original":{"contents":{"item":{"contents":[{"Left":"Data.Maybe.Categorical.monadT"},[{"contents":[{"Right":2},[]],"tag":"App"},{"contents":[{"Right":1},[]],"tag":"App"},{"contents":[{"Right":0},[]],"tag":"App"}]],"tag":"App"},"name":"inst"},"tag":"Lam"},"reduced":null,"simplified":null}},"namesUsed":["Data.Maybe.Categorical.monadT"]},{"ctx":{"pretty":"{ℓ = ℓ₁ : Agda.Primitive.Level}\n{M = M₁\n : Agda.Builtin.Unit.⊤ → Agda.Builtin.Unit.⊤ → Set ℓ₁ → Set ℓ₁}\n⦃ inst : Category.Monad.Indexed.RawIMonad M₁ ⦄","thing":[{"item":{"contents":[{"Left":"Agda.Primitive.Level"},[]],"tag":"App"},"name":"ℓ"},{"item":{"contents":[{"item":{"contents":[{"Left":"Agda.Builtin.Unit.⊤"},[]],"tag":"App"},"name":"_"},{"contents":[{"item":{"contents":[{"Left":"Agda.Builtin.Unit.⊤"},[]],"tag":"App"},"name":"_"},{"contents":[{"item":{"contents":"Set @0","tag":"Sort"},"name":"_"},{"contents":"Set @0","tag":"Sort"}],"tag":"Pi"}],"tag":"Pi"}],"tag":"Pi"},"name":"M"},{"item":{"contents":[{"Left":"Category.Monad.Indexed.RawIMonad"},[{"contents":"lzero","tag":"Level"},{"contents":[{"Right":1},[]],"tag":"App"},{"contents":[{"Left":"Agda.Builtin.Unit.⊤"},[]],"tag":"App"},{"contents":[{"Right":0},[]],"tag":"App"}]],"tag":"App"},"name":"inst"}]},"goal":{"pretty":"Category.Monad.Indexed.RawIMonad\n(λ _ _ →\n   M Agda.Builtin.Unit.tt Agda.Builtin.Unit.tt Function.Base.∘′\n   Agda.Builtin.Maybe.Maybe)","thing":{"normalised":{"contents":[{"Left":"Category.Monad.Indexed.RawIMonad"},[{"contents":"lzero","tag":"Level"},{"contents":[{"Right":2},[]],"tag":"App"},{"contents":[{"Left":"Agda.Builtin.Unit.⊤"},[]],"tag":"App"},{"contents":{"item":{"contents":{"item":{"contents":{"item":{"contents":[{"Right":4},[{"contents":[{"Left":"Agda.Builtin.Unit.tt"},[]],"tag":"App"},{"contents":[{"Left":"Agda.Builtin.Unit.tt"},[]],"tag":"App"},{"contents":[{"Left":"Agda.Builtin.Maybe.Maybe"},[{"contents":[{"Right":5},[]],"tag":"App"},{"contents":[{"Right":0},[]],"tag":"App"}]],"tag":"App"}]],"tag":"App"},"name":"x"},"tag":"Lam"},"name":"_"},"tag":"Lam"},"name":"_"},"tag":"Lam"}]],"tag":"App"},"original":{"contents":[{"Left":"Category.Monad.Indexed.RawIMonad"},[{"contents":"lzero","tag":"Level"},{"contents":[{"Right":2},[]],"tag":"App"},{"contents":[{"Left":"Agda.Builtin.Unit.⊤"},[]],"tag":"App"},{"contents":{"item":{"contents":{"item":{"contents":[{"Left":"Function.Base._∘′_"},[{"contents":"lsuc @4","tag":"Level"},{"contents":"Set @4","tag":"Sort"},{"contents":"lsuc @4","tag":"Level"},{"contents":"Set @4","tag":"Sort"},{"contents":"lsuc @4","tag":"Level"},{"contents":"Set @4","tag":"Sort"},{"contents":[{"Right":3},[{"contents":[{"Left":"Agda.Builtin.Unit.tt"},[]],"tag":"App"},{"contents":[{"Left":"Agda.Builtin.Unit.tt"},[]],"tag":"App"}]],"tag":"App"},{"contents":[{"Left":"Agda.Builtin.Maybe.Maybe"},[{"contents":[{"Right":4},[]],"tag":"App"}]],"tag":"App"}]],"tag":"App"},"name":"_"},"tag":"Lam"},"name":"_"},"tag":"Lam"}]],"tag":"App"},"reduced":null,"simplified":null}},"term":{"pretty":"monadT inst","thing":{"normalised":null,"original":{"contents":[{"Left":"Data.Maybe.Categorical.monadT"},[{"contents":[{"Right":2},[]],"tag":"App"},{"contents":[{"Right":1},[]],"tag":"App"},{"contents":[{"Right":0},[]],"tag":"App"}]],"tag":"App"},"reduced":null,"simplified":null}},"namesUsed":["Data.Maybe.Categorical.monadT"]}]}