{"scope":{"item":[{"item":{"pretty":"ℤ → ℚ","thing":{"normalised":null,"original":{"contents":[{"item":{"contents":[{"Left":"Agda.Builtin.Int.Int"},[]],"tag":"App"},"name":"_"},{"contents":[{"Left":"Data.Rational.Base.ℚ"},[]],"tag":"App"}],"tag":"Pi"},"reduced":null,"simplified":null}},"name":"Data.Rational.Literals.fromℤ"},{"item":{"pretty":"Set","thing":{"normalised":null,"original":{"contents":"Set","tag":"Sort"},"reduced":null,"simplified":null}},"name":"Data.Rational.Base.ℚ"},{"item":{"pretty":"Set","thing":{"normalised":null,"original":{"contents":"Set","tag":"Sort"},"reduced":null,"simplified":null}},"name":"Agda.Builtin.Int.Int"},{"item":{"pretty":"Set","thing":{"normalised":null,"original":{"contents":"Set","tag":"Sort"},"reduced":null,"simplified":null}},"name":"Agda.Builtin.Nat.Nat"},{"item":{"pretty":"Set","thing":{"normalised":null,"original":{"contents":"Set","tag":"Sort"},"reduced":null,"simplified":null}},"name":"Agda.Builtin.Unit.⊤"},{"item":{"pretty":"ℕ","thing":{"normalised":null,"original":{"contents":[{"Left":"Agda.Builtin.Nat.Nat"},[]],"tag":"App"},"reduced":null,"simplified":null}},"name":"Agda.Builtin.Nat.Nat.zero"},{"item":{"pretty":"Number ℚ","thing":{"normalised":null,"original":{"contents":[{"Left":"Agda.Builtin.FromNat.Number"},[{"contents":"lzero","tag":"Level"},{"contents":[{"Left":"Data.Rational.Base.ℚ"},[]],"tag":"App"}]],"tag":"App"},"reduced":null,"simplified":null}},"name":"Data.Rational.Literals.number"},{"item":{"pretty":"{a : Agda.Primitive.Level} (A : Set a) →\nSet (Agda.Primitive.lsuc a)","thing":{"normalised":null,"original":{"contents":[{"item":{"contents":[{"Left":"Agda.Primitive.Level"},[]],"tag":"App"},"name":"a"},{"contents":[{"item":{"contents":"Set @0","tag":"Sort"},"name":"A"},{"contents":"Set (lsuc @1)","tag":"Sort"}],"tag":"Pi"}],"tag":"Pi"},"reduced":null,"simplified":null}},"name":"Agda.Builtin.FromNeg.Negative"},{"item":{"pretty":"ℕ → ℤ","thing":{"normalised":null,"original":{"contents":[{"item":{"contents":[{"Left":"Agda.Builtin.Nat.Nat"},[]],"tag":"App"},"name":"n"},{"contents":[{"Left":"Agda.Builtin.Int.Int"},[]],"tag":"App"}],"tag":"Pi"},"reduced":null,"simplified":null}},"name":"Agda.Builtin.Int.Int.pos"},{"item":{"pretty":"{a : Agda.Primitive.Level} (A : Set a) →\nSet (Agda.Primitive.lsuc a)","thing":{"normalised":null,"original":{"contents":[{"item":{"contents":[{"Left":"Agda.Primitive.Level"},[]],"tag":"App"},"name":"a"},{"contents":[{"item":{"contents":"Set @0","tag":"Sort"},"name":"A"},{"contents":"Set (lsuc @1)","tag":"Sort"}],"tag":"Pi"}],"tag":"Pi"},"reduced":null,"simplified":null}},"name":"Agda.Builtin.FromNat.Number"},{"item":{"pretty":"Negative ℚ","thing":{"normalised":null,"original":{"contents":[{"Left":"Agda.Builtin.FromNeg.Negative"},[{"contents":"lzero","tag":"Level"},{"contents":[{"Left":"Data.Rational.Base.ℚ"},[]],"tag":"App"}]],"tag":"App"},"reduced":null,"simplified":null}},"name":"Data.Rational.Literals.negative"},{"item":{"pretty":"ℤ → ℕ","thing":{"normalised":null,"original":{"contents":[{"item":{"contents":[{"Left":"Agda.Builtin.Int.Int"},[]],"tag":"App"},"name":"_"},{"contents":[{"Left":"Agda.Builtin.Nat.Nat"},[]],"tag":"App"}],"tag":"Pi"},"reduced":null,"simplified":null}},"name":"Data.Integer.Base.∣_∣"},{"item":{"pretty":"{a : Agda.Primitive.Level} {A : Set a} ⦃ r : Negative A ⦄ (n : ℕ)\n⦃ _ : Negative.Constraint r n ⦄ →\nA","thing":{"normalised":null,"original":{"contents":[{"item":{"contents":[{"Left":"Agda.Primitive.Level"},[]],"tag":"App"},"name":"a"},{"contents":[{"item":{"contents":"Set @0","tag":"Sort"},"name":"A"},{"contents":[{"item":{"contents":[{"Left":"Agda.Builtin.FromNeg.Negative"},[{"contents":[{"Right":1},[]],"tag":"App"},{"contents":[{"Right":0},[]],"tag":"App"}]],"tag":"App"},"name":"r"},{"contents":[{"item":{"contents":[{"Left":"Agda.Builtin.Nat.Nat"},[]],"tag":"App"},"name":"n"},{"contents":[{"item":{"contents":[{"Right":1},[{"contents":[{"Left":"Agda.Builtin.FromNeg.Negative.Constraint"},[]],"tag":"App"},{"contents":[{"Right":0},[]],"tag":"App"}]],"tag":"App"},"name":"_"},{"contents":[{"Right":2},[]],"tag":"App"}],"tag":"Pi"}],"tag":"Pi"}],"tag":"Pi"}],"tag":"Pi"}],"tag":"Pi"},"reduced":null,"simplified":null}},"name":"Agda.Builtin.FromNeg._.fromNeg"},{"item":{"pretty":"{a : Agda.Primitive.Level} {A : Set a} ⦃ r : Number A ⦄ (n : ℕ)\n⦃ _ : Number.Constraint r n ⦄ →\nA","thing":{"normalised":null,"original":{"contents":[{"item":{"contents":[{"Left":"Agda.Primitive.Level"},[]],"tag":"App"},"name":"a"},{"contents":[{"item":{"contents":"Set @0","tag":"Sort"},"name":"A"},{"contents":[{"item":{"contents":[{"Left":"Agda.Builtin.FromNat.Number"},[{"contents":[{"Right":1},[]],"tag":"App"},{"contents":[{"Right":0},[]],"tag":"App"}]],"tag":"App"},"name":"r"},{"contents":[{"item":{"contents":[{"Left":"Agda.Builtin.Nat.Nat"},[]],"tag":"App"},"name":"n"},{"contents":[{"item":{"contents":[{"Right":1},[{"contents":[{"Left":"Agda.Builtin.FromNat.Number.Constraint"},[]],"tag":"App"},{"contents":[{"Right":0},[]],"tag":"App"}]],"tag":"App"},"name":"_"},{"contents":[{"Right":2},[]],"tag":"App"}],"tag":"Pi"}],"tag":"Pi"}],"tag":"Pi"}],"tag":"Pi"}],"tag":"Pi"},"reduced":null,"simplified":null}},"name":"Agda.Builtin.FromNat._.fromNat"},{"item":{"pretty":"Relation.Binary.Definitions.Symmetric Data.Nat.Coprimality.Coprime","thing":{"normalised":{"contents":[{"item":{"contents":[{"Left":"Agda.Builtin.Nat.Nat"},[]],"tag":"App"},"name":"x"},{"contents":[{"item":{"contents":[{"Left":"Agda.Builtin.Nat.Nat"},[]],"tag":"App"},"name":"y"},{"contents":[{"item":{"contents":[{"item":{"contents":[{"Left":"Agda.Builtin.Nat.Nat"},[]],"tag":"App"},"name":"i"},{"contents":[{"item":{"contents":[{"Left":"Agda.Builtin.Sigma.Σ"},[{"contents":"lzero","tag":"Level"},{"contents":"lzero","tag":"Level"},{"contents":[{"Left":"Data.Nat.Divisibility.Core._∣_"},[{"contents":[{"Right":0},[]],"tag":"App"},{"contents":[{"Right":2},[]],"tag":"App"}]],"tag":"App"},{"contents":{"item":{"contents":[{"Left":"Data.Nat.Divisibility.Core._∣_"},[{"contents":[{"Right":1},[]],"tag":"App"},{"contents":[{"Right":2},[]],"tag":"App"}]],"tag":"App"},"name":"x"},"tag":"Lam"}]],"tag":"App"},"name":"_"},{"contents":[{"Left":"Agda.Builtin.Equality._≡_"},[{"contents":"lzero","tag":"Level"},{"contents":[{"Left":"Agda.Builtin.Nat.Nat"},[]],"tag":"App"},{"contents":[{"Right":0},[]],"tag":"App"},{"contents":"1","tag":"Lit"}]],"tag":"App"}],"tag":"Pi"}],"tag":"Pi"},"name":"_"},{"contents":[{"item":{"contents":[{"Left":"Agda.Builtin.Nat.Nat"},[]],"tag":"App"},"name":"i"},{"contents":[{"item":{"contents":[{"Left":"Agda.Builtin.Sigma.Σ"},[{"contents":"lzero","tag":"Level"},{"contents":"lzero","tag":"Level"},{"contents":[{"Left":"Data.Nat.Divisibility.Core._∣_"},[{"contents":[{"Right":0},[]],"tag":"App"},{"contents":[{"Right":1},[]],"tag":"App"}]],"tag":"App"},{"contents":{"item":{"contents":[{"Left":"Data.Nat.Divisibility.Core._∣_"},[{"contents":[{"Right":1},[]],"tag":"App"},{"contents":[{"Right":3},[]],"tag":"App"}]],"tag":"App"},"name":"x"},"tag":"Lam"}]],"tag":"App"},"name":"_"},{"contents":[{"Left":"Agda.Builtin.Equality._≡_"},[{"contents":"lzero","tag":"Level"},{"contents":[{"Left":"Agda.Builtin.Nat.Nat"},[]],"tag":"App"},{"contents":[{"Right":0},[]],"tag":"App"},{"contents":"1","tag":"Lit"}]],"tag":"App"}],"tag":"Pi"}],"tag":"Pi"}],"tag":"Pi"}],"tag":"Pi"}],"tag":"Pi"},"original":{"contents":[{"Left":"Relation.Binary.Definitions.Symmetric"},[{"contents":"lzero","tag":"Level"},{"contents":[{"Left":"Agda.Builtin.Nat.Nat"},[]],"tag":"App"},{"contents":"lzero","tag":"Level"},{"contents":[{"Left":"Data.Nat.Coprimality.Coprime"},[]],"tag":"App"}]],"tag":"App"},"reduced":{"contents":[{"item":{"contents":[{"Left":"Agda.Builtin.Nat.Nat"},[]],"tag":"App"},"name":"x"},{"contents":[{"item":{"contents":[{"Left":"Agda.Builtin.Nat.Nat"},[]],"tag":"App"},"name":"y"},{"contents":[{"item":{"contents":[{"Left":"Data.Nat.Coprimality.Coprime"},[{"contents":[{"Right":1},[]],"tag":"App"},{"contents":[{"Right":0},[]],"tag":"App"}]],"tag":"App"},"name":"_"},{"contents":[{"Left":"Data.Nat.Coprimality.Coprime"},[{"contents":[{"Right":0},[]],"tag":"App"},{"contents":[{"Right":1},[]],"tag":"App"}]],"tag":"App"}],"tag":"Pi"}],"tag":"Pi"}],"tag":"Pi"},"simplified":null}},"name":"Data.Nat.Coprimality.sym"},{"item":{"pretty":"(m : ℕ) → Data.Nat.Coprimality.Coprime 1 m","thing":{"normalised":{"contents":[{"item":{"contents":[{"Left":"Agda.Builtin.Nat.Nat"},[]],"tag":"App"},"name":"m"},{"contents":[{"item":{"contents":[{"Left":"Agda.Builtin.Nat.Nat"},[]],"tag":"App"},"name":"i"},{"contents":[{"item":{"contents":[{"Left":"Agda.Builtin.Sigma.Σ"},[{"contents":"lzero","tag":"Level"},{"contents":"lzero","tag":"Level"},{"contents":[{"Left":"Data.Nat.Divisibility.Core._∣_"},[{"contents":[{"Right":0},[]],"tag":"App"},{"contents":"1","tag":"Lit"}]],"tag":"App"},{"contents":{"item":{"contents":[{"Left":"Data.Nat.Divisibility.Core._∣_"},[{"contents":[{"Right":1},[]],"tag":"App"},{"contents":[{"Right":2},[]],"tag":"App"}]],"tag":"App"},"name":"x"},"tag":"Lam"}]],"tag":"App"},"name":"_"},{"contents":[{"Left":"Agda.Builtin.Equality._≡_"},[{"contents":"lzero","tag":"Level"},{"contents":[{"Left":"Agda.Builtin.Nat.Nat"},[]],"tag":"App"},{"contents":[{"Right":0},[]],"tag":"App"},{"contents":"1","tag":"Lit"}]],"tag":"App"}],"tag":"Pi"}],"tag":"Pi"}],"tag":"Pi"},"original":{"contents":[{"item":{"contents":[{"Left":"Agda.Builtin.Nat.Nat"},[]],"tag":"App"},"name":"m"},{"contents":[{"Left":"Data.Nat.Coprimality.Coprime"},[{"contents":"1","tag":"Lit"},{"contents":[{"Right":0},[]],"tag":"App"}]],"tag":"App"}],"tag":"Pi"},"reduced":null,"simplified":null}},"name":"Data.Nat.Coprimality.1-coprimeTo"},{"item":{"pretty":"ℤ → ℤ","thing":{"normalised":null,"original":{"contents":[{"item":{"contents":[{"Left":"Agda.Builtin.Int.Int"},[]],"tag":"App"},"name":"_"},{"contents":[{"Left":"Agda.Builtin.Int.Int"},[]],"tag":"App"}],"tag":"Pi"},"reduced":null,"simplified":null}},"name":"Data.Integer.Base.-_"}],"name":"Data.Rational.Literals"},"samples":[{"ctx":{"pretty":"(z : ℤ)","thing":[{"item":{"contents":[{"Left":"Agda.Builtin.Int.Int"},[]],"tag":"App"},"name":"z"}]},"goal":{"pretty":"ℕ","thing":{"normalised":null,"original":{"contents":[{"Left":"Agda.Builtin.Nat.Nat"},[]],"tag":"App"},"reduced":null,"simplified":null}},"term":{"pretty":"zero","thing":{"normalised":{"contents":"0","tag":"Lit"},"original":{"contents":[{"Left":"Agda.Builtin.Nat.Nat.zero"},[]],"tag":"App"},"reduced":{"contents":"0","tag":"Lit"},"simplified":null}},"namesUsed":["Agda.Builtin.Nat.Nat.zero"]},{"ctx":{"pretty":"(z : ℤ)","thing":[{"item":{"contents":[{"Left":"Agda.Builtin.Int.Int"},[]],"tag":"App"},"name":"z"}]},"goal":{"pretty":"Data.Nat.Coprimality.Coprime ∣ z ∣ 1","thing":{"normalised":{"contents":[{"item":{"contents":[{"Left":"Agda.Builtin.Nat.Nat"},[]],"tag":"App"},"name":"i"},{"contents":[{"item":{"contents":[{"Left":"Agda.Builtin.Sigma.Σ"},[{"contents":"lzero","tag":"Level"},{"contents":"lzero","tag":"Level"},{"contents":[{"Left":"Data.Nat.Divisibility.Core._∣_"},[{"contents":[{"Right":0},[]],"tag":"App"},{"contents":[{"Left":"Data.Integer.Base.∣_∣"},[{"contents":[{"Right":1},[]],"tag":"App"}]],"tag":"App"}]],"tag":"App"},{"contents":{"item":{"contents":[{"Left":"Data.Nat.Divisibility.Core._∣_"},[{"contents":[{"Right":1},[]],"tag":"App"},{"contents":"1","tag":"Lit"}]],"tag":"App"},"name":"x"},"tag":"Lam"}]],"tag":"App"},"name":"_"},{"contents":[{"Left":"Agda.Builtin.Equality._≡_"},[{"contents":"lzero","tag":"Level"},{"contents":[{"Left":"Agda.Builtin.Nat.Nat"},[]],"tag":"App"},{"contents":[{"Right":0},[]],"tag":"App"},{"contents":"1","tag":"Lit"}]],"tag":"App"}],"tag":"Pi"}],"tag":"Pi"},"original":{"contents":[{"Left":"Data.Nat.Coprimality.Coprime"},[{"contents":[{"Left":"Data.Integer.Base.∣_∣"},[{"contents":[{"Right":0},[]],"tag":"App"}]],"tag":"App"},{"contents":[{"Left":"Agda.Builtin.Nat.Nat.suc"},[{"contents":[{"Left":"Agda.Builtin.Nat.Nat.zero"},[]],"tag":"App"}]],"tag":"App"}]],"tag":"App"},"reduced":{"contents":[{"item":{"contents":[{"Left":"Agda.Builtin.Nat.Nat"},[]],"tag":"App"},"name":"i"},{"contents":[{"item":{"contents":[{"Left":"Data.Product._×_"},[{"contents":"lzero","tag":"Level"},{"contents":"lzero","tag":"Level"},{"contents":[{"Left":"Data.Nat.Divisibility.Core._∣_"},[{"contents":[{"Right":0},[]],"tag":"App"},{"contents":[{"Left":"Data.Integer.Base.∣_∣"},[{"contents":[{"Right":1},[]],"tag":"App"}]],"tag":"App"}]],"tag":"App"},{"contents":[{"Left":"Data.Nat.Divisibility.Core._∣_"},[{"contents":[{"Right":0},[]],"tag":"App"},{"contents":[{"Left":"Agda.Builtin.Nat.Nat.suc"},[{"contents":[{"Left":"Agda.Builtin.Nat.Nat.zero"},[]],"tag":"App"}]],"tag":"App"}]],"tag":"App"}]],"tag":"App"},"name":"_"},{"contents":[{"Left":"Agda.Builtin.Equality._≡_"},[{"contents":"lzero","tag":"Level"},{"contents":[{"Left":"Agda.Builtin.Nat.Nat"},[]],"tag":"App"},{"contents":[{"Right":0},[]],"tag":"App"},{"contents":"1","tag":"Lit"}]],"tag":"App"}],"tag":"Pi"}],"tag":"Pi"},"simplified":null}},"term":{"pretty":"sym (1-coprimeTo ∣ z ∣)","thing":{"normalised":{"contents":{"item":{"contents":{"item":{"contents":[{"Left":"Data.Nat.Divisibility.∣-antisym"},[{"contents":[{"Right":1},[]],"tag":"App"},{"contents":"1","tag":"Lit"},{"contents":[{"Right":0},[{"contents":[{"Left":"Agda.Builtin.Sigma.Σ.snd"},[]],"tag":"App"}]],"tag":"App"},{"contents":[{"Left":"Data.Nat.Divisibility.Core.divides"},[{"contents":[{"Right":1},[]],"tag":"App"},{"contents":[{"Left":"Relation.Binary.PropositionalEquality.Core.sym"},[{"contents":"lzero","tag":"Level"},{"contents":[{"Left":"Agda.Builtin.Nat.Nat"},[]],"tag":"App"},{"contents":[{"Left":"Agda.Builtin.Nat._*_"},[{"contents":[{"Right":1},[]],"tag":"App"},{"contents":"1","tag":"Lit"}]],"tag":"App"},{"contents":[{"Right":1},[]],"tag":"App"},{"contents":[{"Left":"Data.Nat.Properties.*-identityʳ"},[{"contents":[{"Right":1},[]],"tag":"App"}]],"tag":"App"}]],"tag":"App"}]],"tag":"App"}]],"tag":"App"},"name":"x"},"tag":"Lam"},"name":"_"},"tag":"Lam"},"original":{"contents":[{"Left":"Data.Nat.Coprimality.sym"},[{"contents":"1","tag":"Lit"},{"contents":[{"Left":"Data.Integer.Base.∣_∣"},[{"contents":[{"Right":0},[]],"tag":"App"}]],"tag":"App"},{"contents":[{"Left":"Data.Nat.Coprimality.1-coprimeTo"},[{"contents":[{"Left":"Data.Integer.Base.∣_∣"},[{"contents":[{"Right":0},[]],"tag":"App"}]],"tag":"App"}]],"tag":"App"}]],"tag":"App"},"reduced":{"contents":{"item":{"contents":{"item":{"contents":[{"Left":"Data.Nat.Coprimality.1-coprimeTo"},[{"contents":[{"Left":"Data.Integer.Base.∣_∣"},[{"contents":[{"Right":2},[]],"tag":"App"}]],"tag":"App"},{"contents":[{"Right":1},[]],"tag":"App"},{"contents":[{"Left":"Data.Product.swap"},[{"contents":"lzero","tag":"Level"},{"contents":[{"Left":"Data.Nat.Divisibility.Core._∣_"},[{"contents":[{"Right":1},[]],"tag":"App"},{"contents":[{"Left":"Data.Integer.Base.∣_∣"},[{"contents":[{"Right":2},[]],"tag":"App"}]],"tag":"App"}]],"tag":"App"},{"contents":"lzero","tag":"Level"},{"contents":[{"Left":"Data.Nat.Divisibility.Core._∣_"},[{"contents":[{"Right":1},[]],"tag":"App"},{"contents":"1","tag":"Lit"}]],"tag":"App"},{"contents":[{"Right":0},[]],"tag":"App"}]],"tag":"App"}]],"tag":"App"},"name":"x"},"tag":"Lam"},"name":"_"},"tag":"Lam"},"simplified":null}},"namesUsed":["Data.Nat.Coprimality.sym","Data.Integer.Base.∣_∣","Data.Nat.Coprimality.1-coprimeTo","Data.Integer.Base.∣_∣"]},{"ctx":{"pretty":"(z₁ : ℤ)","thing":[{"item":{"contents":[{"Left":"Agda.Builtin.Int.Int"},[]],"tag":"App"},"name":"z"}]},"goal":{"pretty":"ℕ","thing":{"normalised":null,"original":{"contents":[{"Left":"Agda.Builtin.Nat.Nat"},[]],"tag":"App"},"reduced":null,"simplified":null}},"term":{"pretty":"∣ z ∣","thing":{"normalised":null,"original":{"contents":[{"Left":"Data.Integer.Base.∣_∣"},[{"contents":[{"Right":0},[]],"tag":"App"}]],"tag":"App"},"reduced":null,"simplified":null}},"namesUsed":["Data.Integer.Base.∣_∣"]},{"ctx":{"pretty":"(z₁ : ℤ)","thing":[{"item":{"contents":[{"Left":"Agda.Builtin.Int.Int"},[]],"tag":"App"},"name":"z"}]},"goal":{"pretty":"Data.Nat.Coprimality.Coprime 1 ∣ z ∣","thing":{"normalised":{"contents":[{"item":{"contents":[{"Left":"Agda.Builtin.Nat.Nat"},[]],"tag":"App"},"name":"i"},{"contents":[{"item":{"contents":[{"Left":"Agda.Builtin.Sigma.Σ"},[{"contents":"lzero","tag":"Level"},{"contents":"lzero","tag":"Level"},{"contents":[{"Left":"Data.Nat.Divisibility.Core._∣_"},[{"contents":[{"Right":0},[]],"tag":"App"},{"contents":"1","tag":"Lit"}]],"tag":"App"},{"contents":{"item":{"contents":[{"Left":"Data.Nat.Divisibility.Core._∣_"},[{"contents":[{"Right":1},[]],"tag":"App"},{"contents":[{"Left":"Data.Integer.Base.∣_∣"},[{"contents":[{"Right":2},[]],"tag":"App"}]],"tag":"App"}]],"tag":"App"},"name":"x"},"tag":"Lam"}]],"tag":"App"},"name":"_"},{"contents":[{"Left":"Agda.Builtin.Equality._≡_"},[{"contents":"lzero","tag":"Level"},{"contents":[{"Left":"Agda.Builtin.Nat.Nat"},[]],"tag":"App"},{"contents":[{"Right":0},[]],"tag":"App"},{"contents":"1","tag":"Lit"}]],"tag":"App"}],"tag":"Pi"}],"tag":"Pi"},"original":{"contents":[{"Left":"Data.Nat.Coprimality.Coprime"},[{"contents":"1","tag":"Lit"},{"contents":[{"Left":"Data.Integer.Base.∣_∣"},[{"contents":[{"Right":0},[]],"tag":"App"}]],"tag":"App"}]],"tag":"App"},"reduced":{"contents":[{"item":{"contents":[{"Left":"Agda.Builtin.Nat.Nat"},[]],"tag":"App"},"name":"i"},{"contents":[{"item":{"contents":[{"Left":"Data.Product._×_"},[{"contents":"lzero","tag":"Level"},{"contents":"lzero","tag":"Level"},{"contents":[{"Left":"Data.Nat.Divisibility.Core._∣_"},[{"contents":[{"Right":0},[]],"tag":"App"},{"contents":"1","tag":"Lit"}]],"tag":"App"},{"contents":[{"Left":"Data.Nat.Divisibility.Core._∣_"},[{"contents":[{"Right":0},[]],"tag":"App"},{"contents":[{"Left":"Data.Integer.Base.∣_∣"},[{"contents":[{"Right":1},[]],"tag":"App"}]],"tag":"App"}]],"tag":"App"}]],"tag":"App"},"name":"_"},{"contents":[{"Left":"Agda.Builtin.Equality._≡_"},[{"contents":"lzero","tag":"Level"},{"contents":[{"Left":"Agda.Builtin.Nat.Nat"},[]],"tag":"App"},{"contents":[{"Right":0},[]],"tag":"App"},{"contents":"1","tag":"Lit"}]],"tag":"App"}],"tag":"Pi"}],"tag":"Pi"},"simplified":null}},"term":{"pretty":"1-coprimeTo ∣ z ∣","thing":{"normalised":{"contents":{"item":{"contents":{"item":{"contents":[{"Left":"Data.Nat.Divisibility.∣-antisym"},[{"contents":[{"Right":1},[]],"tag":"App"},{"contents":"1","tag":"Lit"},{"contents":[{"Right":0},[{"contents":[{"Left":"Agda.Builtin.Sigma.Σ.fst"},[]],"tag":"App"}]],"tag":"App"},{"contents":[{"Left":"Data.Nat.Divisibility.Core.divides"},[{"contents":[{"Right":1},[]],"tag":"App"},{"contents":[{"Left":"Relation.Binary.PropositionalEquality.Core.sym"},[{"contents":"lzero","tag":"Level"},{"contents":[{"Left":"Agda.Builtin.Nat.Nat"},[]],"tag":"App"},{"contents":[{"Left":"Agda.Builtin.Nat._*_"},[{"contents":[{"Right":1},[]],"tag":"App"},{"contents":"1","tag":"Lit"}]],"tag":"App"},{"contents":[{"Right":1},[]],"tag":"App"},{"contents":[{"Left":"Data.Nat.Properties.*-identityʳ"},[{"contents":[{"Right":1},[]],"tag":"App"}]],"tag":"App"}]],"tag":"App"}]],"tag":"App"}]],"tag":"App"},"name":"x"},"tag":"Lam"},"name":"_"},"tag":"Lam"},"original":{"contents":[{"Left":"Data.Nat.Coprimality.1-coprimeTo"},[{"contents":[{"Left":"Data.Integer.Base.∣_∣"},[{"contents":[{"Right":0},[]],"tag":"App"}]],"tag":"App"}]],"tag":"App"},"reduced":{"contents":{"item":{"contents":{"item":{"contents":[{"Left":"Data.Nat.Divisibility.∣1⇒≡1"},[{"contents":[{"Right":1},[]],"tag":"App"},{"contents":[{"Right":0},[{"contents":[{"Left":"Agda.Builtin.Sigma.Σ.fst"},[]],"tag":"App"}]],"tag":"App"}]],"tag":"App"},"name":"x"},"tag":"Lam"},"name":"_"},"tag":"Lam"},"simplified":null}},"namesUsed":["Data.Nat.Coprimality.1-coprimeTo","Data.Integer.Base.∣_∣"]},{"ctx":{"pretty":"(z₁ : ℤ)","thing":[{"item":{"contents":[{"Left":"Agda.Builtin.Int.Int"},[]],"tag":"App"},"name":"z"}]},"goal":{"pretty":"ℕ","thing":{"normalised":null,"original":{"contents":[{"Left":"Agda.Builtin.Nat.Nat"},[]],"tag":"App"},"reduced":null,"simplified":null}},"term":{"pretty":"∣ z ∣","thing":{"normalised":null,"original":{"contents":[{"Left":"Data.Integer.Base.∣_∣"},[{"contents":[{"Right":0},[]],"tag":"App"}]],"tag":"App"},"reduced":null,"simplified":null}},"namesUsed":["Data.Integer.Base.∣_∣"]},{"ctx":{"pretty":"","thing":[]},"goal":{"pretty":"ℕ → Set","thing":{"normalised":{"contents":[{"item":{"contents":[{"Left":"Agda.Builtin.Nat.Nat"},[]],"tag":"App"},"name":"_"},{"contents":"Set","tag":"Sort"}],"tag":"Pi"},"original":{"contents":[{"item":{"contents":[{"Left":"Agda.Builtin.Nat.Nat"},[]],"tag":"App"},"name":"_"},{"contents":"Set lzero","tag":"Sort"}],"tag":"Pi"},"reduced":null,"simplified":{"contents":[{"item":{"contents":[{"Left":"Agda.Builtin.Nat.Nat"},[]],"tag":"App"},"name":"_"},{"contents":"Set","tag":"Sort"}],"tag":"Pi"}}},"term":{"pretty":"λ _ → ⊤","thing":{"normalised":null,"original":{"contents":{"item":{"contents":[{"Left":"Agda.Builtin.Unit.⊤"},[]],"tag":"App"},"name":"_"},"tag":"Lam"},"reduced":null,"simplified":null}},"namesUsed":["Agda.Builtin.Unit.⊤"]},{"ctx":{"pretty":"(x : ℕ)","thing":[{"item":{"contents":[{"Left":"Agda.Builtin.Nat.Nat"},[]],"tag":"App"},"name":"x"}]},"goal":{"pretty":"Set","thing":{"normalised":{"contents":"Set","tag":"Sort"},"original":{"contents":"Set lzero","tag":"Sort"},"reduced":null,"simplified":{"contents":"Set","tag":"Sort"}}},"term":{"pretty":"⊤","thing":{"normalised":null,"original":{"contents":[{"Left":"Agda.Builtin.Unit.⊤"},[]],"tag":"App"},"reduced":null,"simplified":null}},"namesUsed":["Agda.Builtin.Unit.⊤"]},{"ctx":{"pretty":"","thing":[]},"goal":{"pretty":"(n : ℕ) ⦃ _ : ⊤ ⦄ → ℚ","thing":{"normalised":null,"original":{"contents":[{"item":{"contents":[{"Left":"Agda.Builtin.Nat.Nat"},[]],"tag":"App"},"name":"n"},{"contents":[{"item":{"contents":[{"Left":"Agda.Builtin.Unit.⊤"},[]],"tag":"App"},"name":"_"},{"contents":[{"Left":"Data.Rational.Base.ℚ"},[]],"tag":"App"}],"tag":"Pi"}],"tag":"Pi"},"reduced":null,"simplified":null}},"term":{"pretty":"λ n ⦃ _ ⦄ → fromℤ (+ n)","thing":{"normalised":{"contents":{"item":{"contents":{"item":{"contents":[{"Left":"Data.Rational.Base.mkℚ"},[{"contents":[{"Left":"Agda.Builtin.Int.Int.pos"},[{"contents":[{"Right":1},[]],"tag":"App"}]],"tag":"App"},{"contents":"0","tag":"Lit"},{"contents":{"item":{"contents":{"item":{"contents":[{"Left":"Data.Nat.Divisibility.∣-antisym"},[{"contents":[{"Right":1},[]],"tag":"App"},{"contents":"1","tag":"Lit"},{"contents":[{"Right":0},[{"contents":[{"Left":"Agda.Builtin.Sigma.Σ.snd"},[]],"tag":"App"}]],"tag":"App"},{"contents":[{"Left":"Data.Nat.Divisibility.Core.divides"},[{"contents":[{"Right":1},[]],"tag":"App"},{"contents":[{"Left":"Relation.Binary.PropositionalEquality.Core.sym"},[{"contents":"lzero","tag":"Level"},{"contents":[{"Left":"Agda.Builtin.Nat.Nat"},[]],"tag":"App"},{"contents":[{"Left":"Agda.Builtin.Nat._*_"},[{"contents":[{"Right":1},[]],"tag":"App"},{"contents":"1","tag":"Lit"}]],"tag":"App"},{"contents":[{"Right":1},[]],"tag":"App"},{"contents":[{"Left":"Data.Nat.Properties.*-identityʳ"},[{"contents":[{"Right":1},[]],"tag":"App"}]],"tag":"App"}]],"tag":"App"}]],"tag":"App"}]],"tag":"App"},"name":"x"},"tag":"Lam"},"name":"_"},"tag":"Lam"}]],"tag":"App"},"name":"_"},"tag":"Lam"},"name":"n"},"tag":"Lam"},"original":{"contents":{"item":{"contents":{"item":{"contents":[{"Left":"Data.Rational.Literals.fromℤ"},[{"contents":[{"Left":"Agda.Builtin.Int.Int.pos"},[{"contents":[{"Right":1},[]],"tag":"App"}]],"tag":"App"}]],"tag":"App"},"name":"_"},"tag":"Lam"},"name":"n"},"tag":"Lam"},"reduced":null,"simplified":null}},"namesUsed":["Data.Rational.Literals.fromℤ","Agda.Builtin.Int.Int.pos"]},{"ctx":{"pretty":"(n : ℕ)","thing":[{"item":{"contents":[{"Left":"Agda.Builtin.Nat.Nat"},[]],"tag":"App"},"name":"n"}]},"goal":{"pretty":"⦃ _ : ⊤ ⦄ → ℚ","thing":{"normalised":null,"original":{"contents":[{"item":{"contents":[{"Left":"Agda.Builtin.Unit.⊤"},[]],"tag":"App"},"name":"_"},{"contents":[{"Left":"Data.Rational.Base.ℚ"},[]],"tag":"App"}],"tag":"Pi"},"reduced":null,"simplified":null}},"term":{"pretty":"λ ⦃ _ ⦄ → fromℤ (+ n)","thing":{"normalised":{"contents":{"item":{"contents":[{"Left":"Data.Rational.Base.mkℚ"},[{"contents":[{"Left":"Agda.Builtin.Int.Int.pos"},[{"contents":[{"Right":1},[]],"tag":"App"}]],"tag":"App"},{"contents":"0","tag":"Lit"},{"contents":{"item":{"contents":{"item":{"contents":[{"Left":"Data.Nat.Divisibility.∣-antisym"},[{"contents":[{"Right":1},[]],"tag":"App"},{"contents":"1","tag":"Lit"},{"contents":[{"Right":0},[{"contents":[{"Left":"Agda.Builtin.Sigma.Σ.snd"},[]],"tag":"App"}]],"tag":"App"},{"contents":[{"Left":"Data.Nat.Divisibility.Core.divides"},[{"contents":[{"Right":1},[]],"tag":"App"},{"contents":[{"Left":"Relation.Binary.PropositionalEquality.Core.sym"},[{"contents":"lzero","tag":"Level"},{"contents":[{"Left":"Agda.Builtin.Nat.Nat"},[]],"tag":"App"},{"contents":[{"Left":"Agda.Builtin.Nat._*_"},[{"contents":[{"Right":1},[]],"tag":"App"},{"contents":"1","tag":"Lit"}]],"tag":"App"},{"contents":[{"Right":1},[]],"tag":"App"},{"contents":[{"Left":"Data.Nat.Properties.*-identityʳ"},[{"contents":[{"Right":1},[]],"tag":"App"}]],"tag":"App"}]],"tag":"App"}]],"tag":"App"}]],"tag":"App"},"name":"x"},"tag":"Lam"},"name":"_"},"tag":"Lam"}]],"tag":"App"},"name":"_"},"tag":"Lam"},"original":{"contents":{"item":{"contents":[{"Left":"Data.Rational.Literals.fromℤ"},[{"contents":[{"Left":"Agda.Builtin.Int.Int.pos"},[{"contents":[{"Right":1},[]],"tag":"App"}]],"tag":"App"}]],"tag":"App"},"name":"_"},"tag":"Lam"},"reduced":null,"simplified":null}},"namesUsed":["Data.Rational.Literals.fromℤ","Agda.Builtin.Int.Int.pos"]},{"ctx":{"pretty":"(n₁ : ℕ) ⦃ _ = x : ⊤ ⦄","thing":[{"item":{"contents":[{"Left":"Agda.Builtin.Nat.Nat"},[]],"tag":"App"},"name":"n"},{"item":{"contents":[{"Left":"Agda.Builtin.Unit.⊤"},[]],"tag":"App"},"name":"x"}]},"goal":{"pretty":"ℚ","thing":{"normalised":null,"original":{"contents":[{"Left":"Data.Rational.Base.ℚ"},[]],"tag":"App"},"reduced":null,"simplified":null}},"term":{"pretty":"fromℤ (+ n)","thing":{"normalised":{"contents":[{"Left":"Data.Rational.Base.mkℚ"},[{"contents":[{"Left":"Agda.Builtin.Int.Int.pos"},[{"contents":[{"Right":1},[]],"tag":"App"}]],"tag":"App"},{"contents":"0","tag":"Lit"},{"contents":{"item":{"contents":{"item":{"contents":[{"Left":"Data.Nat.Divisibility.∣-antisym"},[{"contents":[{"Right":1},[]],"tag":"App"},{"contents":"1","tag":"Lit"},{"contents":[{"Right":0},[{"contents":[{"Left":"Agda.Builtin.Sigma.Σ.snd"},[]],"tag":"App"}]],"tag":"App"},{"contents":[{"Left":"Data.Nat.Divisibility.Core.divides"},[{"contents":[{"Right":1},[]],"tag":"App"},{"contents":[{"Left":"Relation.Binary.PropositionalEquality.Core.sym"},[{"contents":"lzero","tag":"Level"},{"contents":[{"Left":"Agda.Builtin.Nat.Nat"},[]],"tag":"App"},{"contents":[{"Left":"Agda.Builtin.Nat._*_"},[{"contents":[{"Right":1},[]],"tag":"App"},{"contents":"1","tag":"Lit"}]],"tag":"App"},{"contents":[{"Right":1},[]],"tag":"App"},{"contents":[{"Left":"Data.Nat.Properties.*-identityʳ"},[{"contents":[{"Right":1},[]],"tag":"App"}]],"tag":"App"}]],"tag":"App"}]],"tag":"App"}]],"tag":"App"},"name":"x"},"tag":"Lam"},"name":"_"},"tag":"Lam"}]],"tag":"App"},"original":{"contents":[{"Left":"Data.Rational.Literals.fromℤ"},[{"contents":[{"Left":"Agda.Builtin.Int.Int.pos"},[{"contents":[{"Right":1},[]],"tag":"App"}]],"tag":"App"}]],"tag":"App"},"reduced":{"contents":[{"Left":"Data.Rational.Base.mkℚ"},[{"contents":[{"Left":"Agda.Builtin.Int.Int.pos"},[{"contents":[{"Right":1},[]],"tag":"App"}]],"tag":"App"},{"contents":[{"Left":"Agda.Builtin.Nat.Nat.zero"},[]],"tag":"App"},{"contents":[{"Left":"Data.Nat.Coprimality.sym"},[{"contents":"1","tag":"Lit"},{"contents":[{"Left":"Data.Integer.Base.∣_∣"},[{"contents":[{"Left":"Agda.Builtin.Int.Int.pos"},[{"contents":[{"Right":1},[]],"tag":"App"}]],"tag":"App"}]],"tag":"App"},{"contents":[{"Left":"Data.Nat.Coprimality.1-coprimeTo"},[{"contents":[{"Left":"Data.Integer.Base.∣_∣"},[{"contents":[{"Left":"Agda.Builtin.Int.Int.pos"},[{"contents":[{"Right":1},[]],"tag":"App"}]],"tag":"App"}]],"tag":"App"}]],"tag":"App"}]],"tag":"App"}]],"tag":"App"},"simplified":null}},"namesUsed":["Data.Rational.Literals.fromℤ","Agda.Builtin.Int.Int.pos"]},{"ctx":{"pretty":"(n₁ : ℕ) ⦃ _ = x : ⊤ ⦄","thing":[{"item":{"contents":[{"Left":"Agda.Builtin.Nat.Nat"},[]],"tag":"App"},"name":"n"},{"item":{"contents":[{"Left":"Agda.Builtin.Unit.⊤"},[]],"tag":"App"},"name":"x"}]},"goal":{"pretty":"ℤ","thing":{"normalised":null,"original":{"contents":[{"Left":"Agda.Builtin.Int.Int"},[]],"tag":"App"},"reduced":null,"simplified":null}},"term":{"pretty":"+ n","thing":{"normalised":null,"original":{"contents":[{"Left":"Agda.Builtin.Int.Int.pos"},[{"contents":[{"Right":1},[]],"tag":"App"}]],"tag":"App"},"reduced":null,"simplified":null}},"namesUsed":["Agda.Builtin.Int.Int.pos"]},{"ctx":{"pretty":"","thing":[]},"goal":{"pretty":"ℕ → Set","thing":{"normalised":{"contents":[{"item":{"contents":[{"Left":"Agda.Builtin.Nat.Nat"},[]],"tag":"App"},"name":"_"},{"contents":"Set","tag":"Sort"}],"tag":"Pi"},"original":{"contents":[{"item":{"contents":[{"Left":"Agda.Builtin.Nat.Nat"},[]],"tag":"App"},"name":"_"},{"contents":"Set lzero","tag":"Sort"}],"tag":"Pi"},"reduced":null,"simplified":{"contents":[{"item":{"contents":[{"Left":"Agda.Builtin.Nat.Nat"},[]],"tag":"App"},"name":"_"},{"contents":"Set","tag":"Sort"}],"tag":"Pi"}}},"term":{"pretty":"λ _ → ⊤","thing":{"normalised":null,"original":{"contents":{"item":{"contents":[{"Left":"Agda.Builtin.Unit.⊤"},[]],"tag":"App"},"name":"_"},"tag":"Lam"},"reduced":null,"simplified":null}},"namesUsed":["Agda.Builtin.Unit.⊤"]},{"ctx":{"pretty":"(x : ℕ)","thing":[{"item":{"contents":[{"Left":"Agda.Builtin.Nat.Nat"},[]],"tag":"App"},"name":"x"}]},"goal":{"pretty":"Set","thing":{"normalised":{"contents":"Set","tag":"Sort"},"original":{"contents":"Set lzero","tag":"Sort"},"reduced":null,"simplified":{"contents":"Set","tag":"Sort"}}},"term":{"pretty":"⊤","thing":{"normalised":null,"original":{"contents":[{"Left":"Agda.Builtin.Unit.⊤"},[]],"tag":"App"},"reduced":null,"simplified":null}},"namesUsed":["Agda.Builtin.Unit.⊤"]},{"ctx":{"pretty":"","thing":[]},"goal":{"pretty":"(n : ℕ) ⦃ _ : ⊤ ⦄ → ℚ","thing":{"normalised":null,"original":{"contents":[{"item":{"contents":[{"Left":"Agda.Builtin.Nat.Nat"},[]],"tag":"App"},"name":"n"},{"contents":[{"item":{"contents":[{"Left":"Agda.Builtin.Unit.⊤"},[]],"tag":"App"},"name":"_"},{"contents":[{"Left":"Data.Rational.Base.ℚ"},[]],"tag":"App"}],"tag":"Pi"}],"tag":"Pi"},"reduced":null,"simplified":null}},"term":{"pretty":"λ n ⦃ _ ⦄ → fromℤ (- (+ n))","thing":{"normalised":{"contents":{"item":{"contents":{"item":{"contents":[{"Left":"Data.Rational.Base.mkℚ"},[{"contents":[{"Left":"Data.Integer.Base.-_"},[{"contents":[{"Left":"Agda.Builtin.Int.Int.pos"},[{"contents":[{"Right":1},[]],"tag":"App"}]],"tag":"App"}]],"tag":"App"},{"contents":"0","tag":"Lit"},{"contents":{"item":{"contents":{"item":{"contents":[{"Left":"Data.Nat.Divisibility.∣-antisym"},[{"contents":[{"Right":1},[]],"tag":"App"},{"contents":"1","tag":"Lit"},{"contents":[{"Right":0},[{"contents":[{"Left":"Agda.Builtin.Sigma.Σ.snd"},[]],"tag":"App"}]],"tag":"App"},{"contents":[{"Left":"Data.Nat.Divisibility.Core.divides"},[{"contents":[{"Right":1},[]],"tag":"App"},{"contents":[{"Left":"Relation.Binary.PropositionalEquality.Core.sym"},[{"contents":"lzero","tag":"Level"},{"contents":[{"Left":"Agda.Builtin.Nat.Nat"},[]],"tag":"App"},{"contents":[{"Left":"Agda.Builtin.Nat._*_"},[{"contents":[{"Right":1},[]],"tag":"App"},{"contents":"1","tag":"Lit"}]],"tag":"App"},{"contents":[{"Right":1},[]],"tag":"App"},{"contents":[{"Left":"Data.Nat.Properties.*-identityʳ"},[{"contents":[{"Right":1},[]],"tag":"App"}]],"tag":"App"}]],"tag":"App"}]],"tag":"App"}]],"tag":"App"},"name":"x"},"tag":"Lam"},"name":"_"},"tag":"Lam"}]],"tag":"App"},"name":"_"},"tag":"Lam"},"name":"n"},"tag":"Lam"},"original":{"contents":{"item":{"contents":{"item":{"contents":[{"Left":"Data.Rational.Literals.fromℤ"},[{"contents":[{"Left":"Data.Integer.Base.-_"},[{"contents":[{"Left":"Agda.Builtin.Int.Int.pos"},[{"contents":[{"Right":1},[]],"tag":"App"}]],"tag":"App"}]],"tag":"App"}]],"tag":"App"},"name":"_"},"tag":"Lam"},"name":"n"},"tag":"Lam"},"reduced":null,"simplified":null}},"namesUsed":["Data.Rational.Literals.fromℤ","Data.Integer.Base.-_","Agda.Builtin.Int.Int.pos"]},{"ctx":{"pretty":"(n : ℕ)","thing":[{"item":{"contents":[{"Left":"Agda.Builtin.Nat.Nat"},[]],"tag":"App"},"name":"n"}]},"goal":{"pretty":"⦃ _ : ⊤ ⦄ → ℚ","thing":{"normalised":null,"original":{"contents":[{"item":{"contents":[{"Left":"Agda.Builtin.Unit.⊤"},[]],"tag":"App"},"name":"_"},{"contents":[{"Left":"Data.Rational.Base.ℚ"},[]],"tag":"App"}],"tag":"Pi"},"reduced":null,"simplified":null}},"term":{"pretty":"λ ⦃ _ ⦄ → fromℤ (- (+ n))","thing":{"normalised":{"contents":{"item":{"contents":[{"Left":"Data.Rational.Base.mkℚ"},[{"contents":[{"Left":"Data.Integer.Base.-_"},[{"contents":[{"Left":"Agda.Builtin.Int.Int.pos"},[{"contents":[{"Right":1},[]],"tag":"App"}]],"tag":"App"}]],"tag":"App"},{"contents":"0","tag":"Lit"},{"contents":{"item":{"contents":{"item":{"contents":[{"Left":"Data.Nat.Divisibility.∣-antisym"},[{"contents":[{"Right":1},[]],"tag":"App"},{"contents":"1","tag":"Lit"},{"contents":[{"Right":0},[{"contents":[{"Left":"Agda.Builtin.Sigma.Σ.snd"},[]],"tag":"App"}]],"tag":"App"},{"contents":[{"Left":"Data.Nat.Divisibility.Core.divides"},[{"contents":[{"Right":1},[]],"tag":"App"},{"contents":[{"Left":"Relation.Binary.PropositionalEquality.Core.sym"},[{"contents":"lzero","tag":"Level"},{"contents":[{"Left":"Agda.Builtin.Nat.Nat"},[]],"tag":"App"},{"contents":[{"Left":"Agda.Builtin.Nat._*_"},[{"contents":[{"Right":1},[]],"tag":"App"},{"contents":"1","tag":"Lit"}]],"tag":"App"},{"contents":[{"Right":1},[]],"tag":"App"},{"contents":[{"Left":"Data.Nat.Properties.*-identityʳ"},[{"contents":[{"Right":1},[]],"tag":"App"}]],"tag":"App"}]],"tag":"App"}]],"tag":"App"}]],"tag":"App"},"name":"x"},"tag":"Lam"},"name":"_"},"tag":"Lam"}]],"tag":"App"},"name":"_"},"tag":"Lam"},"original":{"contents":{"item":{"contents":[{"Left":"Data.Rational.Literals.fromℤ"},[{"contents":[{"Left":"Data.Integer.Base.-_"},[{"contents":[{"Left":"Agda.Builtin.Int.Int.pos"},[{"contents":[{"Right":1},[]],"tag":"App"}]],"tag":"App"}]],"tag":"App"}]],"tag":"App"},"name":"_"},"tag":"Lam"},"reduced":null,"simplified":null}},"namesUsed":["Data.Rational.Literals.fromℤ","Data.Integer.Base.-_","Agda.Builtin.Int.Int.pos"]},{"ctx":{"pretty":"(n₁ : ℕ) ⦃ _ = x : ⊤ ⦄","thing":[{"item":{"contents":[{"Left":"Agda.Builtin.Nat.Nat"},[]],"tag":"App"},"name":"n"},{"item":{"contents":[{"Left":"Agda.Builtin.Unit.⊤"},[]],"tag":"App"},"name":"x"}]},"goal":{"pretty":"ℚ","thing":{"normalised":null,"original":{"contents":[{"Left":"Data.Rational.Base.ℚ"},[]],"tag":"App"},"reduced":null,"simplified":null}},"term":{"pretty":"fromℤ (- (+ n))","thing":{"normalised":{"contents":[{"Left":"Data.Rational.Base.mkℚ"},[{"contents":[{"Left":"Data.Integer.Base.-_"},[{"contents":[{"Left":"Agda.Builtin.Int.Int.pos"},[{"contents":[{"Right":1},[]],"tag":"App"}]],"tag":"App"}]],"tag":"App"},{"contents":"0","tag":"Lit"},{"contents":{"item":{"contents":{"item":{"contents":[{"Left":"Data.Nat.Divisibility.∣-antisym"},[{"contents":[{"Right":1},[]],"tag":"App"},{"contents":"1","tag":"Lit"},{"contents":[{"Right":0},[{"contents":[{"Left":"Agda.Builtin.Sigma.Σ.snd"},[]],"tag":"App"}]],"tag":"App"},{"contents":[{"Left":"Data.Nat.Divisibility.Core.divides"},[{"contents":[{"Right":1},[]],"tag":"App"},{"contents":[{"Left":"Relation.Binary.PropositionalEquality.Core.sym"},[{"contents":"lzero","tag":"Level"},{"contents":[{"Left":"Agda.Builtin.Nat.Nat"},[]],"tag":"App"},{"contents":[{"Left":"Agda.Builtin.Nat._*_"},[{"contents":[{"Right":1},[]],"tag":"App"},{"contents":"1","tag":"Lit"}]],"tag":"App"},{"contents":[{"Right":1},[]],"tag":"App"},{"contents":[{"Left":"Data.Nat.Properties.*-identityʳ"},[{"contents":[{"Right":1},[]],"tag":"App"}]],"tag":"App"}]],"tag":"App"}]],"tag":"App"}]],"tag":"App"},"name":"x"},"tag":"Lam"},"name":"_"},"tag":"Lam"}]],"tag":"App"},"original":{"contents":[{"Left":"Data.Rational.Literals.fromℤ"},[{"contents":[{"Left":"Data.Integer.Base.-_"},[{"contents":[{"Left":"Agda.Builtin.Int.Int.pos"},[{"contents":[{"Right":1},[]],"tag":"App"}]],"tag":"App"}]],"tag":"App"}]],"tag":"App"},"reduced":{"contents":[{"Left":"Data.Rational.Base.mkℚ"},[{"contents":[{"Left":"Data.Integer.Base.-_"},[{"contents":[{"Left":"Agda.Builtin.Int.Int.pos"},[{"contents":[{"Right":1},[]],"tag":"App"}]],"tag":"App"}]],"tag":"App"},{"contents":[{"Left":"Agda.Builtin.Nat.Nat.zero"},[]],"tag":"App"},{"contents":[{"Left":"Data.Nat.Coprimality.sym"},[{"contents":"1","tag":"Lit"},{"contents":[{"Left":"Data.Integer.Base.∣_∣"},[{"contents":[{"Left":"Data.Integer.Base.-_"},[{"contents":[{"Left":"Agda.Builtin.Int.Int.pos"},[{"contents":[{"Right":1},[]],"tag":"App"}]],"tag":"App"}]],"tag":"App"}]],"tag":"App"},{"contents":[{"Left":"Data.Nat.Coprimality.1-coprimeTo"},[{"contents":[{"Left":"Data.Integer.Base.∣_∣"},[{"contents":[{"Left":"Data.Integer.Base.-_"},[{"contents":[{"Left":"Agda.Builtin.Int.Int.pos"},[{"contents":[{"Right":1},[]],"tag":"App"}]],"tag":"App"}]],"tag":"App"}]],"tag":"App"}]],"tag":"App"}]],"tag":"App"}]],"tag":"App"},"simplified":null}},"namesUsed":["Data.Rational.Literals.fromℤ","Data.Integer.Base.-_","Agda.Builtin.Int.Int.pos"]},{"ctx":{"pretty":"(n₁ : ℕ) ⦃ _ = x : ⊤ ⦄","thing":[{"item":{"contents":[{"Left":"Agda.Builtin.Nat.Nat"},[]],"tag":"App"},"name":"n"},{"item":{"contents":[{"Left":"Agda.Builtin.Unit.⊤"},[]],"tag":"App"},"name":"x"}]},"goal":{"pretty":"ℤ","thing":{"normalised":null,"original":{"contents":[{"Left":"Agda.Builtin.Int.Int"},[]],"tag":"App"},"reduced":null,"simplified":null}},"term":{"pretty":"- (+ n)","thing":{"normalised":null,"original":{"contents":[{"Left":"Data.Integer.Base.-_"},[{"contents":[{"Left":"Agda.Builtin.Int.Int.pos"},[{"contents":[{"Right":1},[]],"tag":"App"}]],"tag":"App"}]],"tag":"App"},"reduced":null,"simplified":null}},"namesUsed":["Data.Integer.Base.-_","Agda.Builtin.Int.Int.pos"]},{"ctx":{"pretty":"(n₁ : ℕ) ⦃ _ = x : ⊤ ⦄","thing":[{"item":{"contents":[{"Left":"Agda.Builtin.Nat.Nat"},[]],"tag":"App"},"name":"n"},{"item":{"contents":[{"Left":"Agda.Builtin.Unit.⊤"},[]],"tag":"App"},"name":"x"}]},"goal":{"pretty":"ℤ","thing":{"normalised":null,"original":{"contents":[{"Left":"Agda.Builtin.Int.Int"},[]],"tag":"App"},"reduced":null,"simplified":null}},"term":{"pretty":"+ n","thing":{"normalised":null,"original":{"contents":[{"Left":"Agda.Builtin.Int.Int.pos"},[{"contents":[{"Right":1},[]],"tag":"App"}]],"tag":"App"},"reduced":null,"simplified":null}},"namesUsed":["Agda.Builtin.Int.Int.pos"]}]}