{"scope":{"item":[{"item":{"pretty":"{f : Agda.Primitive.Level} →\nCategory.Functor.RawFunctor Data.List.NonEmpty.Base.List⁺","thing":{"normalised":null,"original":{"contents":[{"item":{"contents":[{"Left":"Agda.Primitive.Level"},[]],"tag":"App"},"name":"f"},{"contents":[{"Left":"Category.Functor.RawFunctor"},[{"contents":[{"Right":0},[]],"tag":"App"},{"contents":[{"Right":0},[]],"tag":"App"},{"contents":[{"Left":"Data.List.NonEmpty.Base.List⁺"},[{"contents":[{"Right":0},[]],"tag":"App"}]],"tag":"App"}]],"tag":"App"}],"tag":"Pi"},"reduced":null,"simplified":null}},"name":"Data.List.NonEmpty.Instances.nonEmptyListFunctor"},{"item":{"pretty":"{f : Agda.Primitive.Level} →\nCategory.Applicative.RawApplicative Data.List.NonEmpty.Base.List⁺","thing":{"normalised":{"contents":[{"item":{"contents":[{"Left":"Agda.Primitive.Level"},[]],"tag":"App"},"name":"f"},{"contents":[{"Left":"Category.Applicative.Indexed.RawIApplicative"},[{"contents":"lzero","tag":"Level"},{"contents":[{"Right":0},[]],"tag":"App"},{"contents":[{"Left":"Agda.Builtin.Unit.⊤"},[]],"tag":"App"},{"contents":{"item":{"contents":{"item":{"contents":[{"Left":"Data.List.NonEmpty.Base.List⁺"},[{"contents":[{"Right":2},[]],"tag":"App"}]],"tag":"App"},"name":"_"},"tag":"Lam"},"name":"_"},"tag":"Lam"}]],"tag":"App"}],"tag":"Pi"},"original":{"contents":[{"item":{"contents":[{"Left":"Agda.Primitive.Level"},[]],"tag":"App"},"name":"f"},{"contents":[{"Left":"Category.Applicative.RawApplicative"},[{"contents":[{"Right":0},[]],"tag":"App"},{"contents":[{"Left":"Data.List.NonEmpty.Base.List⁺"},[{"contents":[{"Right":0},[]],"tag":"App"}]],"tag":"App"}]],"tag":"App"}],"tag":"Pi"},"reduced":null,"simplified":null}},"name":"Data.List.NonEmpty.Instances.nonEmptyListApplicative"},{"item":{"pretty":"{f : Agda.Primitive.Level} →\nCategory.Functor.RawFunctor Data.List.NonEmpty.Base.List⁺","thing":{"normalised":null,"original":{"contents":[{"item":{"contents":[{"Left":"Agda.Primitive.Level"},[]],"tag":"App"},"name":"f"},{"contents":[{"Left":"Category.Functor.RawFunctor"},[{"contents":[{"Right":0},[]],"tag":"App"},{"contents":[{"Right":0},[]],"tag":"App"},{"contents":[{"Left":"Data.List.NonEmpty.Base.List⁺"},[{"contents":[{"Right":0},[]],"tag":"App"}]],"tag":"App"}]],"tag":"App"}],"tag":"Pi"},"reduced":null,"simplified":null}},"name":"Data.List.NonEmpty.Categorical.functor"},{"item":{"pretty":"{f : Agda.Primitive.Level} →\nCategory.Monad.RawMonad Data.List.NonEmpty.Base.List⁺","thing":{"normalised":{"contents":[{"item":{"contents":[{"Left":"Agda.Primitive.Level"},[]],"tag":"App"},"name":"f"},{"contents":[{"Left":"Category.Monad.Indexed.RawIMonad"},[{"contents":"lzero","tag":"Level"},{"contents":[{"Right":0},[]],"tag":"App"},{"contents":[{"Left":"Agda.Builtin.Unit.⊤"},[]],"tag":"App"},{"contents":{"item":{"contents":{"item":{"contents":[{"Left":"Data.List.NonEmpty.Base.List⁺"},[{"contents":[{"Right":2},[]],"tag":"App"}]],"tag":"App"},"name":"_"},"tag":"Lam"},"name":"_"},"tag":"Lam"}]],"tag":"App"}],"tag":"Pi"},"original":{"contents":[{"item":{"contents":[{"Left":"Agda.Primitive.Level"},[]],"tag":"App"},"name":"f"},{"contents":[{"Left":"Category.Monad.RawMonad"},[{"contents":[{"Right":0},[]],"tag":"App"},{"contents":[{"Left":"Data.List.NonEmpty.Base.List⁺"},[{"contents":[{"Right":0},[]],"tag":"App"}]],"tag":"App"}]],"tag":"App"}],"tag":"Pi"},"reduced":null,"simplified":null}},"name":"Data.List.NonEmpty.Instances.nonEmptyListMonad"},{"item":{"pretty":"{f : Agda.Primitive.Level} →\nCategory.Comonad.RawComonad Data.List.NonEmpty.Base.List⁺","thing":{"normalised":null,"original":{"contents":[{"item":{"contents":[{"Left":"Agda.Primitive.Level"},[]],"tag":"App"},"name":"f"},{"contents":[{"Left":"Category.Comonad.RawComonad"},[{"contents":[{"Right":0},[]],"tag":"App"},{"contents":[{"Left":"Data.List.NonEmpty.Base.List⁺"},[{"contents":[{"Right":0},[]],"tag":"App"}]],"tag":"App"}]],"tag":"App"}],"tag":"Pi"},"reduced":null,"simplified":null}},"name":"Data.List.NonEmpty.Instances.nonEmptyListComonad"},{"item":{"pretty":"{f : Agda.Primitive.Level} →\nCategory.Applicative.RawApplicative Data.List.NonEmpty.Base.List⁺","thing":{"normalised":{"contents":[{"item":{"contents":[{"Left":"Agda.Primitive.Level"},[]],"tag":"App"},"name":"f"},{"contents":[{"Left":"Category.Applicative.Indexed.RawIApplicative"},[{"contents":"lzero","tag":"Level"},{"contents":[{"Right":0},[]],"tag":"App"},{"contents":[{"Left":"Agda.Builtin.Unit.⊤"},[]],"tag":"App"},{"contents":{"item":{"contents":{"item":{"contents":[{"Left":"Data.List.NonEmpty.Base.List⁺"},[{"contents":[{"Right":2},[]],"tag":"App"}]],"tag":"App"},"name":"_"},"tag":"Lam"},"name":"_"},"tag":"Lam"}]],"tag":"App"}],"tag":"Pi"},"original":{"contents":[{"item":{"contents":[{"Left":"Agda.Primitive.Level"},[]],"tag":"App"},"name":"f"},{"contents":[{"Left":"Category.Applicative.RawApplicative"},[{"contents":[{"Right":0},[]],"tag":"App"},{"contents":[{"Left":"Data.List.NonEmpty.Base.List⁺"},[{"contents":[{"Right":0},[]],"tag":"App"}]],"tag":"App"}]],"tag":"App"}],"tag":"Pi"},"reduced":null,"simplified":null}},"name":"Data.List.NonEmpty.Categorical.applicative"},{"item":{"pretty":"{ℓ : Agda.Primitive.Level}\n{M : Agda.Builtin.Unit.⊤ → Agda.Builtin.Unit.⊤ → Set ℓ → Set ℓ}\n⦃ inst : Category.Monad.Indexed.RawIMonad M ⦄ →\nCategory.Monad.Indexed.RawIMonad\n(λ _ _ →\n   M Agda.Builtin.Unit.tt Agda.Builtin.Unit.tt Function.Base.∘′\n   Data.List.NonEmpty.Base.List⁺)","thing":{"normalised":{"contents":[{"item":{"contents":[{"Left":"Agda.Primitive.Level"},[]],"tag":"App"},"name":"ℓ"},{"contents":[{"item":{"contents":[{"item":{"contents":[{"Left":"Agda.Builtin.Unit.⊤"},[]],"tag":"App"},"name":"_"},{"contents":[{"item":{"contents":[{"Left":"Agda.Builtin.Unit.⊤"},[]],"tag":"App"},"name":"_"},{"contents":[{"item":{"contents":"Set @0","tag":"Sort"},"name":"_"},{"contents":"Set @0","tag":"Sort"}],"tag":"Pi"}],"tag":"Pi"}],"tag":"Pi"},"name":"M"},{"contents":[{"item":{"contents":[{"Left":"Category.Monad.Indexed.RawIMonad"},[{"contents":"lzero","tag":"Level"},{"contents":[{"Right":1},[]],"tag":"App"},{"contents":[{"Left":"Agda.Builtin.Unit.⊤"},[]],"tag":"App"},{"contents":[{"Right":0},[]],"tag":"App"}]],"tag":"App"},"name":"inst"},{"contents":[{"Left":"Category.Monad.Indexed.RawIMonad"},[{"contents":"lzero","tag":"Level"},{"contents":[{"Right":2},[]],"tag":"App"},{"contents":[{"Left":"Agda.Builtin.Unit.⊤"},[]],"tag":"App"},{"contents":{"item":{"contents":{"item":{"contents":{"item":{"contents":[{"Right":4},[{"contents":[{"Left":"Agda.Builtin.Unit.tt"},[]],"tag":"App"},{"contents":[{"Left":"Agda.Builtin.Unit.tt"},[]],"tag":"App"},{"contents":[{"Left":"Data.List.NonEmpty.Base.List⁺"},[{"contents":[{"Right":5},[]],"tag":"App"},{"contents":[{"Right":0},[]],"tag":"App"}]],"tag":"App"}]],"tag":"App"},"name":"x"},"tag":"Lam"},"name":"_"},"tag":"Lam"},"name":"_"},"tag":"Lam"}]],"tag":"App"}],"tag":"Pi"}],"tag":"Pi"}],"tag":"Pi"},"original":{"contents":[{"item":{"contents":[{"Left":"Agda.Primitive.Level"},[]],"tag":"App"},"name":"ℓ"},{"contents":[{"item":{"contents":[{"item":{"contents":[{"Left":"Agda.Builtin.Unit.⊤"},[]],"tag":"App"},"name":"_"},{"contents":[{"item":{"contents":[{"Left":"Agda.Builtin.Unit.⊤"},[]],"tag":"App"},"name":"_"},{"contents":[{"item":{"contents":"Set @0","tag":"Sort"},"name":"_"},{"contents":"Set @0","tag":"Sort"}],"tag":"Pi"}],"tag":"Pi"}],"tag":"Pi"},"name":"M"},{"contents":[{"item":{"contents":[{"Left":"Category.Monad.Indexed.RawIMonad"},[{"contents":"lzero","tag":"Level"},{"contents":[{"Right":1},[]],"tag":"App"},{"contents":[{"Left":"Agda.Builtin.Unit.⊤"},[]],"tag":"App"},{"contents":[{"Right":0},[]],"tag":"App"}]],"tag":"App"},"name":"inst"},{"contents":[{"Left":"Category.Monad.Indexed.RawIMonad"},[{"contents":"lzero","tag":"Level"},{"contents":[{"Right":2},[]],"tag":"App"},{"contents":[{"Left":"Agda.Builtin.Unit.⊤"},[]],"tag":"App"},{"contents":{"item":{"contents":{"item":{"contents":[{"Left":"Function.Base._∘′_"},[{"contents":"lsuc @4","tag":"Level"},{"contents":"Set @4","tag":"Sort"},{"contents":"lsuc @4","tag":"Level"},{"contents":"Set @4","tag":"Sort"},{"contents":"lsuc @4","tag":"Level"},{"contents":"Set @4","tag":"Sort"},{"contents":[{"Right":3},[{"contents":[{"Left":"Agda.Builtin.Unit.tt"},[]],"tag":"App"},{"contents":[{"Left":"Agda.Builtin.Unit.tt"},[]],"tag":"App"}]],"tag":"App"},{"contents":[{"Left":"Data.List.NonEmpty.Base.List⁺"},[{"contents":[{"Right":4},[]],"tag":"App"}]],"tag":"App"}]],"tag":"App"},"name":"_"},"tag":"Lam"},"name":"_"},"tag":"Lam"}]],"tag":"App"}],"tag":"Pi"}],"tag":"Pi"}],"tag":"Pi"},"reduced":null,"simplified":null}},"name":"Data.List.NonEmpty.Instances.nonEmptyListMonadT"},{"item":{"pretty":"{f : Agda.Primitive.Level} →\nCategory.Monad.RawMonad Data.List.NonEmpty.Base.List⁺","thing":{"normalised":{"contents":[{"item":{"contents":[{"Left":"Agda.Primitive.Level"},[]],"tag":"App"},"name":"f"},{"contents":[{"Left":"Category.Monad.Indexed.RawIMonad"},[{"contents":"lzero","tag":"Level"},{"contents":[{"Right":0},[]],"tag":"App"},{"contents":[{"Left":"Agda.Builtin.Unit.⊤"},[]],"tag":"App"},{"contents":{"item":{"contents":{"item":{"contents":[{"Left":"Data.List.NonEmpty.Base.List⁺"},[{"contents":[{"Right":2},[]],"tag":"App"}]],"tag":"App"},"name":"_"},"tag":"Lam"},"name":"_"},"tag":"Lam"}]],"tag":"App"}],"tag":"Pi"},"original":{"contents":[{"item":{"contents":[{"Left":"Agda.Primitive.Level"},[]],"tag":"App"},"name":"f"},{"contents":[{"Left":"Category.Monad.RawMonad"},[{"contents":[{"Right":0},[]],"tag":"App"},{"contents":[{"Left":"Data.List.NonEmpty.Base.List⁺"},[{"contents":[{"Right":0},[]],"tag":"App"}]],"tag":"App"}]],"tag":"App"}],"tag":"Pi"},"reduced":null,"simplified":null}},"name":"Data.List.NonEmpty.Categorical.monad"},{"item":{"pretty":"{f : Agda.Primitive.Level} →\nCategory.Comonad.RawComonad Data.List.NonEmpty.Base.List⁺","thing":{"normalised":null,"original":{"contents":[{"item":{"contents":[{"Left":"Agda.Primitive.Level"},[]],"tag":"App"},"name":"f"},{"contents":[{"Left":"Category.Comonad.RawComonad"},[{"contents":[{"Right":0},[]],"tag":"App"},{"contents":[{"Left":"Data.List.NonEmpty.Base.List⁺"},[{"contents":[{"Right":0},[]],"tag":"App"}]],"tag":"App"}]],"tag":"App"}],"tag":"Pi"},"reduced":null,"simplified":null}},"name":"Data.List.NonEmpty.Categorical.comonad"},{"item":{"pretty":"{f : Agda.Primitive.Level} →\nCategory.Monad.RawMonadT\n(Function.Base._∘′ Data.List.NonEmpty.Base.List⁺)","thing":{"normalised":{"contents":[{"item":{"contents":[{"Left":"Agda.Primitive.Level"},[]],"tag":"App"},"name":"f"},{"contents":[{"item":{"contents":[{"item":{"contents":[{"Left":"Agda.Builtin.Unit.⊤"},[]],"tag":"App"},"name":"_"},{"contents":[{"item":{"contents":[{"Left":"Agda.Builtin.Unit.⊤"},[]],"tag":"App"},"name":"_"},{"contents":[{"item":{"contents":"Set @0","tag":"Sort"},"name":"_"},{"contents":"Set @0","tag":"Sort"}],"tag":"Pi"}],"tag":"Pi"}],"tag":"Pi"},"name":"M"},{"contents":[{"item":{"contents":[{"Left":"Category.Monad.Indexed.RawIMonad"},[{"contents":"lzero","tag":"Level"},{"contents":[{"Right":1},[]],"tag":"App"},{"contents":[{"Left":"Agda.Builtin.Unit.⊤"},[]],"tag":"App"},{"contents":[{"Right":0},[]],"tag":"App"}]],"tag":"App"},"name":"_"},{"contents":[{"Left":"Category.Monad.Indexed.RawIMonad"},[{"contents":"lzero","tag":"Level"},{"contents":[{"Right":1},[]],"tag":"App"},{"contents":[{"Left":"Agda.Builtin.Unit.⊤"},[]],"tag":"App"},{"contents":{"item":{"contents":{"item":{"contents":{"item":{"contents":[{"Right":3},[{"contents":[{"Left":"Agda.Builtin.Unit.tt"},[]],"tag":"App"},{"contents":[{"Left":"Agda.Builtin.Unit.tt"},[]],"tag":"App"},{"contents":[{"Left":"Data.List.NonEmpty.Base.List⁺"},[{"contents":[{"Right":4},[]],"tag":"App"},{"contents":[{"Right":0},[]],"tag":"App"}]],"tag":"App"}]],"tag":"App"},"name":"x"},"tag":"Lam"},"name":"_"},"tag":"Lam"},"name":"_"},"tag":"Lam"}]],"tag":"App"}],"tag":"Pi"}],"tag":"Pi"}],"tag":"Pi"},"original":{"contents":[{"item":{"contents":[{"Left":"Agda.Primitive.Level"},[]],"tag":"App"},"name":"f"},{"contents":[{"Left":"Category.Monad.RawMonadT"},[{"contents":[{"Right":0},[]],"tag":"App"},{"contents":{"item":{"contents":[{"Left":"Function.Base._∘′_"},[{"contents":"lsuc @1","tag":"Level"},{"contents":"Set @1","tag":"Sort"},{"contents":"lsuc @1","tag":"Level"},{"contents":"Set @1","tag":"Sort"},{"contents":"lsuc @1","tag":"Level"},{"contents":"Set @1","tag":"Sort"},{"contents":[{"Right":0},[]],"tag":"App"},{"contents":[{"Left":"Data.List.NonEmpty.Base.List⁺"},[{"contents":[{"Right":1},[]],"tag":"App"}]],"tag":"App"}]],"tag":"App"},"name":"section"},"tag":"Lam"}]],"tag":"App"}],"tag":"Pi"},"reduced":null,"simplified":null}},"name":"Data.List.NonEmpty.Categorical.monadT"}],"name":"Data.List.NonEmpty.Instances"},"samples":[{"ctx":{"pretty":"","thing":[]},"goal":{"pretty":"{f : Agda.Primitive.Level} →\nCategory.Functor.RawFunctor Data.List.NonEmpty.Base.List⁺","thing":{"normalised":null,"original":{"contents":[{"item":{"contents":[{"Left":"Agda.Primitive.Level"},[]],"tag":"App"},"name":"f"},{"contents":[{"Left":"Category.Functor.RawFunctor"},[{"contents":[{"Right":0},[]],"tag":"App"},{"contents":[{"Right":0},[]],"tag":"App"},{"contents":[{"Left":"Data.List.NonEmpty.Base.List⁺"},[{"contents":[{"Right":0},[]],"tag":"App"}]],"tag":"App"}]],"tag":"App"}],"tag":"Pi"},"reduced":null,"simplified":null}},"term":{"pretty":"functor","thing":{"normalised":null,"original":{"contents":[{"Left":"Data.List.NonEmpty.Categorical.functor"},[]],"tag":"App"},"reduced":null,"simplified":null}},"namesUsed":["Data.List.NonEmpty.Categorical.functor"]},{"ctx":{"pretty":"","thing":[]},"goal":{"pretty":"{f : Agda.Primitive.Level} →\nCategory.Applicative.RawApplicative Data.List.NonEmpty.Base.List⁺","thing":{"normalised":{"contents":[{"item":{"contents":[{"Left":"Agda.Primitive.Level"},[]],"tag":"App"},"name":"f"},{"contents":[{"Left":"Category.Applicative.Indexed.RawIApplicative"},[{"contents":"lzero","tag":"Level"},{"contents":[{"Right":0},[]],"tag":"App"},{"contents":[{"Left":"Agda.Builtin.Unit.⊤"},[]],"tag":"App"},{"contents":{"item":{"contents":{"item":{"contents":[{"Left":"Data.List.NonEmpty.Base.List⁺"},[{"contents":[{"Right":2},[]],"tag":"App"}]],"tag":"App"},"name":"_"},"tag":"Lam"},"name":"_"},"tag":"Lam"}]],"tag":"App"}],"tag":"Pi"},"original":{"contents":[{"item":{"contents":[{"Left":"Agda.Primitive.Level"},[]],"tag":"App"},"name":"f"},{"contents":[{"Left":"Category.Applicative.RawApplicative"},[{"contents":[{"Right":0},[]],"tag":"App"},{"contents":[{"Left":"Data.List.NonEmpty.Base.List⁺"},[{"contents":[{"Right":0},[]],"tag":"App"}]],"tag":"App"}]],"tag":"App"}],"tag":"Pi"},"reduced":null,"simplified":null}},"term":{"pretty":"applicative","thing":{"normalised":null,"original":{"contents":[{"Left":"Data.List.NonEmpty.Categorical.applicative"},[]],"tag":"App"},"reduced":null,"simplified":null}},"namesUsed":["Data.List.NonEmpty.Categorical.applicative"]},{"ctx":{"pretty":"","thing":[]},"goal":{"pretty":"{f : Agda.Primitive.Level} →\nCategory.Monad.RawMonad Data.List.NonEmpty.Base.List⁺","thing":{"normalised":{"contents":[{"item":{"contents":[{"Left":"Agda.Primitive.Level"},[]],"tag":"App"},"name":"f"},{"contents":[{"Left":"Category.Monad.Indexed.RawIMonad"},[{"contents":"lzero","tag":"Level"},{"contents":[{"Right":0},[]],"tag":"App"},{"contents":[{"Left":"Agda.Builtin.Unit.⊤"},[]],"tag":"App"},{"contents":{"item":{"contents":{"item":{"contents":[{"Left":"Data.List.NonEmpty.Base.List⁺"},[{"contents":[{"Right":2},[]],"tag":"App"}]],"tag":"App"},"name":"_"},"tag":"Lam"},"name":"_"},"tag":"Lam"}]],"tag":"App"}],"tag":"Pi"},"original":{"contents":[{"item":{"contents":[{"Left":"Agda.Primitive.Level"},[]],"tag":"App"},"name":"f"},{"contents":[{"Left":"Category.Monad.RawMonad"},[{"contents":[{"Right":0},[]],"tag":"App"},{"contents":[{"Left":"Data.List.NonEmpty.Base.List⁺"},[{"contents":[{"Right":0},[]],"tag":"App"}]],"tag":"App"}]],"tag":"App"}],"tag":"Pi"},"reduced":null,"simplified":null}},"term":{"pretty":"monad","thing":{"normalised":null,"original":{"contents":[{"Left":"Data.List.NonEmpty.Categorical.monad"},[]],"tag":"App"},"reduced":null,"simplified":null}},"namesUsed":["Data.List.NonEmpty.Categorical.monad"]},{"ctx":{"pretty":"","thing":[]},"goal":{"pretty":"{f : Agda.Primitive.Level} →\nCategory.Comonad.RawComonad Data.List.NonEmpty.Base.List⁺","thing":{"normalised":null,"original":{"contents":[{"item":{"contents":[{"Left":"Agda.Primitive.Level"},[]],"tag":"App"},"name":"f"},{"contents":[{"Left":"Category.Comonad.RawComonad"},[{"contents":[{"Right":0},[]],"tag":"App"},{"contents":[{"Left":"Data.List.NonEmpty.Base.List⁺"},[{"contents":[{"Right":0},[]],"tag":"App"}]],"tag":"App"}]],"tag":"App"}],"tag":"Pi"},"reduced":null,"simplified":null}},"term":{"pretty":"comonad","thing":{"normalised":null,"original":{"contents":[{"Left":"Data.List.NonEmpty.Categorical.comonad"},[]],"tag":"App"},"reduced":null,"simplified":null}},"namesUsed":["Data.List.NonEmpty.Categorical.comonad"]},{"ctx":{"pretty":"","thing":[]},"goal":{"pretty":"{ℓ : Agda.Primitive.Level}\n{M : Agda.Builtin.Unit.⊤ → Agda.Builtin.Unit.⊤ → Set ℓ → Set ℓ}\n⦃ inst : Category.Monad.Indexed.RawIMonad M ⦄ →\nCategory.Monad.Indexed.RawIMonad\n(λ _ _ →\n   M Agda.Builtin.Unit.tt Agda.Builtin.Unit.tt Function.Base.∘′\n   Data.List.NonEmpty.Base.List⁺)","thing":{"normalised":{"contents":[{"item":{"contents":[{"Left":"Agda.Primitive.Level"},[]],"tag":"App"},"name":"ℓ"},{"contents":[{"item":{"contents":[{"item":{"contents":[{"Left":"Agda.Builtin.Unit.⊤"},[]],"tag":"App"},"name":"_"},{"contents":[{"item":{"contents":[{"Left":"Agda.Builtin.Unit.⊤"},[]],"tag":"App"},"name":"_"},{"contents":[{"item":{"contents":"Set @0","tag":"Sort"},"name":"_"},{"contents":"Set @0","tag":"Sort"}],"tag":"Pi"}],"tag":"Pi"}],"tag":"Pi"},"name":"M"},{"contents":[{"item":{"contents":[{"Left":"Category.Monad.Indexed.RawIMonad"},[{"contents":"lzero","tag":"Level"},{"contents":[{"Right":1},[]],"tag":"App"},{"contents":[{"Left":"Agda.Builtin.Unit.⊤"},[]],"tag":"App"},{"contents":[{"Right":0},[]],"tag":"App"}]],"tag":"App"},"name":"inst"},{"contents":[{"Left":"Category.Monad.Indexed.RawIMonad"},[{"contents":"lzero","tag":"Level"},{"contents":[{"Right":2},[]],"tag":"App"},{"contents":[{"Left":"Agda.Builtin.Unit.⊤"},[]],"tag":"App"},{"contents":{"item":{"contents":{"item":{"contents":{"item":{"contents":[{"Right":4},[{"contents":[{"Left":"Agda.Builtin.Unit.tt"},[]],"tag":"App"},{"contents":[{"Left":"Agda.Builtin.Unit.tt"},[]],"tag":"App"},{"contents":[{"Left":"Data.List.NonEmpty.Base.List⁺"},[{"contents":[{"Right":5},[]],"tag":"App"},{"contents":[{"Right":0},[]],"tag":"App"}]],"tag":"App"}]],"tag":"App"},"name":"x"},"tag":"Lam"},"name":"_"},"tag":"Lam"},"name":"_"},"tag":"Lam"}]],"tag":"App"}],"tag":"Pi"}],"tag":"Pi"}],"tag":"Pi"},"original":{"contents":[{"item":{"contents":[{"Left":"Agda.Primitive.Level"},[]],"tag":"App"},"name":"ℓ"},{"contents":[{"item":{"contents":[{"item":{"contents":[{"Left":"Agda.Builtin.Unit.⊤"},[]],"tag":"App"},"name":"_"},{"contents":[{"item":{"contents":[{"Left":"Agda.Builtin.Unit.⊤"},[]],"tag":"App"},"name":"_"},{"contents":[{"item":{"contents":"Set @0","tag":"Sort"},"name":"_"},{"contents":"Set @0","tag":"Sort"}],"tag":"Pi"}],"tag":"Pi"}],"tag":"Pi"},"name":"M"},{"contents":[{"item":{"contents":[{"Left":"Category.Monad.Indexed.RawIMonad"},[{"contents":"lzero","tag":"Level"},{"contents":[{"Right":1},[]],"tag":"App"},{"contents":[{"Left":"Agda.Builtin.Unit.⊤"},[]],"tag":"App"},{"contents":[{"Right":0},[]],"tag":"App"}]],"tag":"App"},"name":"inst"},{"contents":[{"Left":"Category.Monad.Indexed.RawIMonad"},[{"contents":"lzero","tag":"Level"},{"contents":[{"Right":2},[]],"tag":"App"},{"contents":[{"Left":"Agda.Builtin.Unit.⊤"},[]],"tag":"App"},{"contents":{"item":{"contents":{"item":{"contents":[{"Left":"Function.Base._∘′_"},[{"contents":"lsuc @4","tag":"Level"},{"contents":"Set @4","tag":"Sort"},{"contents":"lsuc @4","tag":"Level"},{"contents":"Set @4","tag":"Sort"},{"contents":"lsuc @4","tag":"Level"},{"contents":"Set @4","tag":"Sort"},{"contents":[{"Right":3},[{"contents":[{"Left":"Agda.Builtin.Unit.tt"},[]],"tag":"App"},{"contents":[{"Left":"Agda.Builtin.Unit.tt"},[]],"tag":"App"}]],"tag":"App"},{"contents":[{"Left":"Data.List.NonEmpty.Base.List⁺"},[{"contents":[{"Right":4},[]],"tag":"App"}]],"tag":"App"}]],"tag":"App"},"name":"_"},"tag":"Lam"},"name":"_"},"tag":"Lam"}]],"tag":"App"}],"tag":"Pi"}],"tag":"Pi"}],"tag":"Pi"},"reduced":null,"simplified":null}},"term":{"pretty":"λ {ℓ} {M} ⦃ inst ⦄ → monadT inst","thing":{"normalised":null,"original":{"contents":{"item":{"contents":{"item":{"contents":{"item":{"contents":[{"Left":"Data.List.NonEmpty.Categorical.monadT"},[{"contents":[{"Right":2},[]],"tag":"App"},{"contents":[{"Right":1},[]],"tag":"App"},{"contents":[{"Right":0},[]],"tag":"App"}]],"tag":"App"},"name":"inst"},"tag":"Lam"},"name":"M"},"tag":"Lam"},"name":"ℓ"},"tag":"Lam"},"reduced":null,"simplified":null}},"namesUsed":["Data.List.NonEmpty.Categorical.monadT"]},{"ctx":{"pretty":"{ℓ : Agda.Primitive.Level}","thing":[{"item":{"contents":[{"Left":"Agda.Primitive.Level"},[]],"tag":"App"},"name":"ℓ"}]},"goal":{"pretty":"{M : Agda.Builtin.Unit.⊤ → Agda.Builtin.Unit.⊤ → Set ℓ → Set ℓ}\n⦃ inst : Category.Monad.Indexed.RawIMonad M ⦄ →\nCategory.Monad.Indexed.RawIMonad\n(λ _ _ →\n   M Agda.Builtin.Unit.tt Agda.Builtin.Unit.tt Function.Base.∘′\n   Data.List.NonEmpty.Base.List⁺)","thing":{"normalised":{"contents":[{"item":{"contents":[{"item":{"contents":[{"Left":"Agda.Builtin.Unit.⊤"},[]],"tag":"App"},"name":"_"},{"contents":[{"item":{"contents":[{"Left":"Agda.Builtin.Unit.⊤"},[]],"tag":"App"},"name":"_"},{"contents":[{"item":{"contents":"Set @0","tag":"Sort"},"name":"_"},{"contents":"Set @0","tag":"Sort"}],"tag":"Pi"}],"tag":"Pi"}],"tag":"Pi"},"name":"M"},{"contents":[{"item":{"contents":[{"Left":"Category.Monad.Indexed.RawIMonad"},[{"contents":"lzero","tag":"Level"},{"contents":[{"Right":1},[]],"tag":"App"},{"contents":[{"Left":"Agda.Builtin.Unit.⊤"},[]],"tag":"App"},{"contents":[{"Right":0},[]],"tag":"App"}]],"tag":"App"},"name":"inst"},{"contents":[{"Left":"Category.Monad.Indexed.RawIMonad"},[{"contents":"lzero","tag":"Level"},{"contents":[{"Right":2},[]],"tag":"App"},{"contents":[{"Left":"Agda.Builtin.Unit.⊤"},[]],"tag":"App"},{"contents":{"item":{"contents":{"item":{"contents":{"item":{"contents":[{"Right":4},[{"contents":[{"Left":"Agda.Builtin.Unit.tt"},[]],"tag":"App"},{"contents":[{"Left":"Agda.Builtin.Unit.tt"},[]],"tag":"App"},{"contents":[{"Left":"Data.List.NonEmpty.Base.List⁺"},[{"contents":[{"Right":5},[]],"tag":"App"},{"contents":[{"Right":0},[]],"tag":"App"}]],"tag":"App"}]],"tag":"App"},"name":"x"},"tag":"Lam"},"name":"_"},"tag":"Lam"},"name":"_"},"tag":"Lam"}]],"tag":"App"}],"tag":"Pi"}],"tag":"Pi"},"original":{"contents":[{"item":{"contents":[{"item":{"contents":[{"Left":"Agda.Builtin.Unit.⊤"},[]],"tag":"App"},"name":"_"},{"contents":[{"item":{"contents":[{"Left":"Agda.Builtin.Unit.⊤"},[]],"tag":"App"},"name":"_"},{"contents":[{"item":{"contents":"Set @0","tag":"Sort"},"name":"_"},{"contents":"Set @0","tag":"Sort"}],"tag":"Pi"}],"tag":"Pi"}],"tag":"Pi"},"name":"M"},{"contents":[{"item":{"contents":[{"Left":"Category.Monad.Indexed.RawIMonad"},[{"contents":"lzero","tag":"Level"},{"contents":[{"Right":1},[]],"tag":"App"},{"contents":[{"Left":"Agda.Builtin.Unit.⊤"},[]],"tag":"App"},{"contents":[{"Right":0},[]],"tag":"App"}]],"tag":"App"},"name":"inst"},{"contents":[{"Left":"Category.Monad.Indexed.RawIMonad"},[{"contents":"lzero","tag":"Level"},{"contents":[{"Right":2},[]],"tag":"App"},{"contents":[{"Left":"Agda.Builtin.Unit.⊤"},[]],"tag":"App"},{"contents":{"item":{"contents":{"item":{"contents":[{"Left":"Function.Base._∘′_"},[{"contents":"lsuc @4","tag":"Level"},{"contents":"Set @4","tag":"Sort"},{"contents":"lsuc @4","tag":"Level"},{"contents":"Set @4","tag":"Sort"},{"contents":"lsuc @4","tag":"Level"},{"contents":"Set @4","tag":"Sort"},{"contents":[{"Right":3},[{"contents":[{"Left":"Agda.Builtin.Unit.tt"},[]],"tag":"App"},{"contents":[{"Left":"Agda.Builtin.Unit.tt"},[]],"tag":"App"}]],"tag":"App"},{"contents":[{"Left":"Data.List.NonEmpty.Base.List⁺"},[{"contents":[{"Right":4},[]],"tag":"App"}]],"tag":"App"}]],"tag":"App"},"name":"_"},"tag":"Lam"},"name":"_"},"tag":"Lam"}]],"tag":"App"}],"tag":"Pi"}],"tag":"Pi"},"reduced":null,"simplified":null}},"term":{"pretty":"λ {M} ⦃ inst ⦄ → monadT inst","thing":{"normalised":null,"original":{"contents":{"item":{"contents":{"item":{"contents":[{"Left":"Data.List.NonEmpty.Categorical.monadT"},[{"contents":[{"Right":2},[]],"tag":"App"},{"contents":[{"Right":1},[]],"tag":"App"},{"contents":[{"Right":0},[]],"tag":"App"}]],"tag":"App"},"name":"inst"},"tag":"Lam"},"name":"M"},"tag":"Lam"},"reduced":null,"simplified":null}},"namesUsed":["Data.List.NonEmpty.Categorical.monadT"]},{"ctx":{"pretty":"{ℓ = ℓ₁ : Agda.Primitive.Level}\n{M : Agda.Builtin.Unit.⊤ → Agda.Builtin.Unit.⊤ → Set ℓ₁ → Set ℓ₁}","thing":[{"item":{"contents":[{"Left":"Agda.Primitive.Level"},[]],"tag":"App"},"name":"ℓ"},{"item":{"contents":[{"item":{"contents":[{"Left":"Agda.Builtin.Unit.⊤"},[]],"tag":"App"},"name":"_"},{"contents":[{"item":{"contents":[{"Left":"Agda.Builtin.Unit.⊤"},[]],"tag":"App"},"name":"_"},{"contents":[{"item":{"contents":"Set @0","tag":"Sort"},"name":"_"},{"contents":"Set @0","tag":"Sort"}],"tag":"Pi"}],"tag":"Pi"}],"tag":"Pi"},"name":"M"}]},"goal":{"pretty":"⦃ inst : Category.Monad.Indexed.RawIMonad M ⦄ →\nCategory.Monad.Indexed.RawIMonad\n(λ _ _ →\n   M Agda.Builtin.Unit.tt Agda.Builtin.Unit.tt Function.Base.∘′\n   Data.List.NonEmpty.Base.List⁺)","thing":{"normalised":{"contents":[{"item":{"contents":[{"Left":"Category.Monad.Indexed.RawIMonad"},[{"contents":"lzero","tag":"Level"},{"contents":[{"Right":1},[]],"tag":"App"},{"contents":[{"Left":"Agda.Builtin.Unit.⊤"},[]],"tag":"App"},{"contents":[{"Right":0},[]],"tag":"App"}]],"tag":"App"},"name":"inst"},{"contents":[{"Left":"Category.Monad.Indexed.RawIMonad"},[{"contents":"lzero","tag":"Level"},{"contents":[{"Right":2},[]],"tag":"App"},{"contents":[{"Left":"Agda.Builtin.Unit.⊤"},[]],"tag":"App"},{"contents":{"item":{"contents":{"item":{"contents":{"item":{"contents":[{"Right":4},[{"contents":[{"Left":"Agda.Builtin.Unit.tt"},[]],"tag":"App"},{"contents":[{"Left":"Agda.Builtin.Unit.tt"},[]],"tag":"App"},{"contents":[{"Left":"Data.List.NonEmpty.Base.List⁺"},[{"contents":[{"Right":5},[]],"tag":"App"},{"contents":[{"Right":0},[]],"tag":"App"}]],"tag":"App"}]],"tag":"App"},"name":"x"},"tag":"Lam"},"name":"_"},"tag":"Lam"},"name":"_"},"tag":"Lam"}]],"tag":"App"}],"tag":"Pi"},"original":{"contents":[{"item":{"contents":[{"Left":"Category.Monad.Indexed.RawIMonad"},[{"contents":"lzero","tag":"Level"},{"contents":[{"Right":1},[]],"tag":"App"},{"contents":[{"Left":"Agda.Builtin.Unit.⊤"},[]],"tag":"App"},{"contents":[{"Right":0},[]],"tag":"App"}]],"tag":"App"},"name":"inst"},{"contents":[{"Left":"Category.Monad.Indexed.RawIMonad"},[{"contents":"lzero","tag":"Level"},{"contents":[{"Right":2},[]],"tag":"App"},{"contents":[{"Left":"Agda.Builtin.Unit.⊤"},[]],"tag":"App"},{"contents":{"item":{"contents":{"item":{"contents":[{"Left":"Function.Base._∘′_"},[{"contents":"lsuc @4","tag":"Level"},{"contents":"Set @4","tag":"Sort"},{"contents":"lsuc @4","tag":"Level"},{"contents":"Set @4","tag":"Sort"},{"contents":"lsuc @4","tag":"Level"},{"contents":"Set @4","tag":"Sort"},{"contents":[{"Right":3},[{"contents":[{"Left":"Agda.Builtin.Unit.tt"},[]],"tag":"App"},{"contents":[{"Left":"Agda.Builtin.Unit.tt"},[]],"tag":"App"}]],"tag":"App"},{"contents":[{"Left":"Data.List.NonEmpty.Base.List⁺"},[{"contents":[{"Right":4},[]],"tag":"App"}]],"tag":"App"}]],"tag":"App"},"name":"_"},"tag":"Lam"},"name":"_"},"tag":"Lam"}]],"tag":"App"}],"tag":"Pi"},"reduced":null,"simplified":null}},"term":{"pretty":"λ ⦃ inst ⦄ → monadT inst","thing":{"normalised":null,"original":{"contents":{"item":{"contents":[{"Left":"Data.List.NonEmpty.Categorical.monadT"},[{"contents":[{"Right":2},[]],"tag":"App"},{"contents":[{"Right":1},[]],"tag":"App"},{"contents":[{"Right":0},[]],"tag":"App"}]],"tag":"App"},"name":"inst"},"tag":"Lam"},"reduced":null,"simplified":null}},"namesUsed":["Data.List.NonEmpty.Categorical.monadT"]},{"ctx":{"pretty":"{ℓ = ℓ₁ : Agda.Primitive.Level}\n{M = M₁\n : Agda.Builtin.Unit.⊤ → Agda.Builtin.Unit.⊤ → Set ℓ₁ → Set ℓ₁}\n⦃ inst : Category.Monad.Indexed.RawIMonad M₁ ⦄","thing":[{"item":{"contents":[{"Left":"Agda.Primitive.Level"},[]],"tag":"App"},"name":"ℓ"},{"item":{"contents":[{"item":{"contents":[{"Left":"Agda.Builtin.Unit.⊤"},[]],"tag":"App"},"name":"_"},{"contents":[{"item":{"contents":[{"Left":"Agda.Builtin.Unit.⊤"},[]],"tag":"App"},"name":"_"},{"contents":[{"item":{"contents":"Set @0","tag":"Sort"},"name":"_"},{"contents":"Set @0","tag":"Sort"}],"tag":"Pi"}],"tag":"Pi"}],"tag":"Pi"},"name":"M"},{"item":{"contents":[{"Left":"Category.Monad.Indexed.RawIMonad"},[{"contents":"lzero","tag":"Level"},{"contents":[{"Right":1},[]],"tag":"App"},{"contents":[{"Left":"Agda.Builtin.Unit.⊤"},[]],"tag":"App"},{"contents":[{"Right":0},[]],"tag":"App"}]],"tag":"App"},"name":"inst"}]},"goal":{"pretty":"Category.Monad.Indexed.RawIMonad\n(λ _ _ →\n   M Agda.Builtin.Unit.tt Agda.Builtin.Unit.tt Function.Base.∘′\n   Data.List.NonEmpty.Base.List⁺)","thing":{"normalised":{"contents":[{"Left":"Category.Monad.Indexed.RawIMonad"},[{"contents":"lzero","tag":"Level"},{"contents":[{"Right":2},[]],"tag":"App"},{"contents":[{"Left":"Agda.Builtin.Unit.⊤"},[]],"tag":"App"},{"contents":{"item":{"contents":{"item":{"contents":{"item":{"contents":[{"Right":4},[{"contents":[{"Left":"Agda.Builtin.Unit.tt"},[]],"tag":"App"},{"contents":[{"Left":"Agda.Builtin.Unit.tt"},[]],"tag":"App"},{"contents":[{"Left":"Data.List.NonEmpty.Base.List⁺"},[{"contents":[{"Right":5},[]],"tag":"App"},{"contents":[{"Right":0},[]],"tag":"App"}]],"tag":"App"}]],"tag":"App"},"name":"x"},"tag":"Lam"},"name":"_"},"tag":"Lam"},"name":"_"},"tag":"Lam"}]],"tag":"App"},"original":{"contents":[{"Left":"Category.Monad.Indexed.RawIMonad"},[{"contents":"lzero","tag":"Level"},{"contents":[{"Right":2},[]],"tag":"App"},{"contents":[{"Left":"Agda.Builtin.Unit.⊤"},[]],"tag":"App"},{"contents":{"item":{"contents":{"item":{"contents":[{"Left":"Function.Base._∘′_"},[{"contents":"lsuc @4","tag":"Level"},{"contents":"Set @4","tag":"Sort"},{"contents":"lsuc @4","tag":"Level"},{"contents":"Set @4","tag":"Sort"},{"contents":"lsuc @4","tag":"Level"},{"contents":"Set @4","tag":"Sort"},{"contents":[{"Right":3},[{"contents":[{"Left":"Agda.Builtin.Unit.tt"},[]],"tag":"App"},{"contents":[{"Left":"Agda.Builtin.Unit.tt"},[]],"tag":"App"}]],"tag":"App"},{"contents":[{"Left":"Data.List.NonEmpty.Base.List⁺"},[{"contents":[{"Right":4},[]],"tag":"App"}]],"tag":"App"}]],"tag":"App"},"name":"_"},"tag":"Lam"},"name":"_"},"tag":"Lam"}]],"tag":"App"},"reduced":null,"simplified":null}},"term":{"pretty":"monadT inst","thing":{"normalised":null,"original":{"contents":[{"Left":"Data.List.NonEmpty.Categorical.monadT"},[{"contents":[{"Right":2},[]],"tag":"App"},{"contents":[{"Right":1},[]],"tag":"App"},{"contents":[{"Right":0},[]],"tag":"App"}]],"tag":"App"},"reduced":null,"simplified":null}},"namesUsed":["Data.List.NonEmpty.Categorical.monadT"]}]}