{"scope":{"item":[{"item":{"pretty":"Relation.Binary.Bundles.Setoid Level.0ℓ Level.0ℓ","thing":{"normalised":{"contents":[{"Left":"Relation.Binary.Bundles.Setoid"},[{"contents":"lzero","tag":"Level"},{"contents":"lzero","tag":"Level"}]],"tag":"App"},"original":{"contents":[{"Left":"Relation.Binary.Bundles.Setoid"},[{"contents":[{"Left":"Level.0ℓ"},[]],"tag":"App"},{"contents":[{"Left":"Level.0ℓ"},[]],"tag":"App"}]],"tag":"App"},"reduced":null,"simplified":null}},"name":"Data.Unit.setoid"},{"item":{"pretty":"Set","thing":{"normalised":null,"original":{"contents":"Set","tag":"Sort"},"reduced":null,"simplified":null}},"name":"Agda.Builtin.Char.Char"},{"item":{"pretty":"Relation.Binary.Bundles.DecSetoid Level.0ℓ Level.0ℓ","thing":{"normalised":{"contents":[{"Left":"Relation.Binary.Bundles.DecSetoid"},[{"contents":"lzero","tag":"Level"},{"contents":"lzero","tag":"Level"}]],"tag":"App"},"original":{"contents":[{"Left":"Relation.Binary.Bundles.DecSetoid"},[{"contents":[{"Left":"Level.0ℓ"},[]],"tag":"App"},{"contents":[{"Left":"Level.0ℓ"},[]],"tag":"App"}]],"tag":"App"},"reduced":null,"simplified":null}},"name":"Data.Unit.decSetoid"},{"item":{"pretty":"IsString (List Char)","thing":{"normalised":null,"original":{"contents":[{"Left":"Agda.Builtin.FromString.IsString"},[{"contents":"lzero","tag":"Level"},{"contents":[{"Left":"Agda.Builtin.List.List"},[{"contents":"lzero","tag":"Level"},{"contents":[{"Left":"Agda.Builtin.Char.Char"},[]],"tag":"App"}]],"tag":"App"}]],"tag":"App"},"reduced":null,"simplified":null}},"name":"Data.List.Literals.isString"},{"item":{"pretty":"Set","thing":{"normalised":null,"original":{"contents":"Set","tag":"Sort"},"reduced":null,"simplified":null}},"name":"Agda.Builtin.Unit.⊤"},{"item":{"pretty":"Char → Agda.Builtin.Bool.Bool","thing":{"normalised":null,"original":{"contents":[{"item":{"contents":[{"Left":"Agda.Builtin.Char.Char"},[]],"tag":"App"},"name":"_"},{"contents":[{"Left":"Agda.Builtin.Bool.Bool"},[]],"tag":"App"}],"tag":"Pi"},"reduced":null,"simplified":null}},"name":"Agda.Builtin.Char.primIsLower"},{"item":{"pretty":"Relation.Binary.Definitions.Decidable Agda.Builtin.Equality._≡_","thing":{"normalised":{"contents":[{"item":{"contents":[{"Left":"Agda.Builtin.Unit.⊤"},[]],"tag":"App"},"name":"x"},{"contents":[{"item":{"contents":[{"Left":"Agda.Builtin.Unit.⊤"},[]],"tag":"App"},"name":"y"},{"contents":[{"Left":"Relation.Nullary.Dec"},[{"contents":"lzero","tag":"Level"},{"contents":[{"Left":"Agda.Builtin.Equality._≡_"},[{"contents":"lzero","tag":"Level"},{"contents":[{"Left":"Agda.Builtin.Unit.⊤"},[]],"tag":"App"},{"contents":[{"Right":1},[]],"tag":"App"},{"contents":[{"Right":0},[]],"tag":"App"}]],"tag":"App"}]],"tag":"App"}],"tag":"Pi"}],"tag":"Pi"},"original":{"contents":[{"Left":"Relation.Binary.Definitions.Decidable"},[{"contents":"lzero","tag":"Level"},{"contents":[{"Left":"Agda.Builtin.Unit.⊤"},[]],"tag":"App"},{"contents":"lzero","tag":"Level"},{"contents":[{"Left":"Agda.Builtin.Unit.⊤"},[]],"tag":"App"},{"contents":"lzero","tag":"Level"},{"contents":[{"Left":"Agda.Builtin.Equality._≡_"},[{"contents":"lzero","tag":"Level"},{"contents":[{"Left":"Agda.Builtin.Unit.⊤"},[]],"tag":"App"}]],"tag":"App"}]],"tag":"App"},"reduced":{"contents":[{"item":{"contents":[{"Left":"Agda.Builtin.Unit.⊤"},[]],"tag":"App"},"name":"x"},{"contents":[{"item":{"contents":[{"Left":"Agda.Builtin.Unit.⊤"},[]],"tag":"App"},"name":"y"},{"contents":[{"Left":"Relation.Nullary.Dec"},[{"contents":"lzero","tag":"Level"},{"contents":[{"Left":"Agda.Builtin.Equality._≡_"},[{"contents":"lzero","tag":"Level"},{"contents":[{"Left":"Agda.Builtin.Unit.⊤"},[]],"tag":"App"},{"contents":[{"Right":1},[]],"tag":"App"},{"contents":[{"Right":0},[]],"tag":"App"}]],"tag":"App"}]],"tag":"App"}],"tag":"Pi"}],"tag":"Pi"},"simplified":null}},"name":"Data.Unit.Properties._≟_"},{"item":{"pretty":"Relation.Binary.Definitions.Total Agda.Builtin.Equality._≡_","thing":{"normalised":{"contents":[{"item":{"contents":[{"Left":"Agda.Builtin.Unit.⊤"},[]],"tag":"App"},"name":"x"},{"contents":[{"item":{"contents":[{"Left":"Agda.Builtin.Unit.⊤"},[]],"tag":"App"},"name":"y"},{"contents":[{"Left":"Data.Sum.Base._⊎_"},[{"contents":"lzero","tag":"Level"},{"contents":"lzero","tag":"Level"},{"contents":[{"Left":"Agda.Builtin.Equality._≡_"},[{"contents":"lzero","tag":"Level"},{"contents":[{"Left":"Agda.Builtin.Unit.⊤"},[]],"tag":"App"},{"contents":[{"Right":1},[]],"tag":"App"},{"contents":[{"Right":0},[]],"tag":"App"}]],"tag":"App"},{"contents":[{"Left":"Agda.Builtin.Equality._≡_"},[{"contents":"lzero","tag":"Level"},{"contents":[{"Left":"Agda.Builtin.Unit.⊤"},[]],"tag":"App"},{"contents":[{"Right":0},[]],"tag":"App"},{"contents":[{"Right":1},[]],"tag":"App"}]],"tag":"App"}]],"tag":"App"}],"tag":"Pi"}],"tag":"Pi"},"original":{"contents":[{"Left":"Relation.Binary.Definitions.Total"},[{"contents":"lzero","tag":"Level"},{"contents":[{"Left":"Agda.Builtin.Unit.⊤"},[]],"tag":"App"},{"contents":"lzero","tag":"Level"},{"contents":[{"Left":"Agda.Builtin.Equality._≡_"},[{"contents":"lzero","tag":"Level"},{"contents":[{"Left":"Agda.Builtin.Unit.⊤"},[]],"tag":"App"}]],"tag":"App"}]],"tag":"App"},"reduced":{"contents":[{"item":{"contents":[{"Left":"Agda.Builtin.Unit.⊤"},[]],"tag":"App"},"name":"x"},{"contents":[{"item":{"contents":[{"Left":"Agda.Builtin.Unit.⊤"},[]],"tag":"App"},"name":"y"},{"contents":[{"Left":"Data.Sum.Base._⊎_"},[{"contents":"lzero","tag":"Level"},{"contents":"lzero","tag":"Level"},{"contents":[{"Left":"Agda.Builtin.Equality._≡_"},[{"contents":"lzero","tag":"Level"},{"contents":[{"Left":"Agda.Builtin.Unit.⊤"},[]],"tag":"App"},{"contents":[{"Right":1},[]],"tag":"App"},{"contents":[{"Right":0},[]],"tag":"App"}]],"tag":"App"},{"contents":[{"Left":"Agda.Builtin.Equality._≡_"},[{"contents":"lzero","tag":"Level"},{"contents":[{"Left":"Agda.Builtin.Unit.⊤"},[]],"tag":"App"},{"contents":[{"Right":0},[]],"tag":"App"},{"contents":[{"Right":1},[]],"tag":"App"}]],"tag":"App"}]],"tag":"App"}],"tag":"Pi"}],"tag":"Pi"},"simplified":null}},"name":"Data.Unit.total"},{"item":{"pretty":"⊤","thing":{"normalised":null,"original":{"contents":[{"Left":"Agda.Builtin.Unit.⊤"},[]],"tag":"App"},"reduced":null,"simplified":null}},"name":"Agda.Builtin.Unit.tt"},{"item":{"pretty":"Char → Agda.Builtin.Bool.Bool","thing":{"normalised":null,"original":{"contents":[{"item":{"contents":[{"Left":"Agda.Builtin.Char.Char"},[]],"tag":"App"},"name":"_"},{"contents":[{"Left":"Agda.Builtin.Bool.Bool"},[]],"tag":"App"}],"tag":"Pi"},"reduced":null,"simplified":null}},"name":"Agda.Builtin.Char.primIsDigit"},{"item":{"pretty":"{a : Agda.Primitive.Level} (A : Set a) →\nSet (Agda.Primitive.lsuc a)","thing":{"normalised":null,"original":{"contents":[{"item":{"contents":[{"Left":"Agda.Primitive.Level"},[]],"tag":"App"},"name":"a"},{"contents":[{"item":{"contents":"Set @0","tag":"Sort"},"name":"A"},{"contents":"Set (lsuc @1)","tag":"Sort"}],"tag":"Pi"}],"tag":"Pi"},"reduced":null,"simplified":null}},"name":"Agda.Builtin.FromString.IsString"},{"item":{"pretty":"Relation.Binary.Bundles.Poset Level.0ℓ Level.0ℓ Level.0ℓ","thing":{"normalised":{"contents":[{"Left":"Relation.Binary.Bundles.Poset"},[{"contents":"lzero","tag":"Level"},{"contents":"lzero","tag":"Level"},{"contents":"lzero","tag":"Level"}]],"tag":"App"},"original":{"contents":[{"Left":"Relation.Binary.Bundles.Poset"},[{"contents":[{"Left":"Level.0ℓ"},[]],"tag":"App"},{"contents":[{"Left":"Level.0ℓ"},[]],"tag":"App"},{"contents":[{"Left":"Level.0ℓ"},[]],"tag":"App"}]],"tag":"App"},"reduced":null,"simplified":null}},"name":"Data.Unit.poset"},{"item":{"pretty":"(x y : ⊤) → Set","thing":{"normalised":null,"original":{"contents":[{"item":{"contents":[{"Left":"Agda.Builtin.Unit.⊤"},[]],"tag":"App"},"name":"x"},{"contents":[{"item":{"contents":[{"Left":"Agda.Builtin.Unit.⊤"},[]],"tag":"App"},"name":"y"},{"contents":"Set","tag":"Sort"}],"tag":"Pi"}],"tag":"Pi"},"reduced":null,"simplified":null}},"name":"Data.Unit.Base._≤_"},{"item":{"pretty":"{a : Agda.Primitive.Level} → Set a → Set a","thing":{"normalised":null,"original":{"contents":[{"item":{"contents":[{"Left":"Agda.Primitive.Level"},[]],"tag":"App"},"name":"a"},{"contents":[{"item":{"contents":"Set @0","tag":"Sort"},"name":"A"},{"contents":"Set @0","tag":"Sort"}],"tag":"Pi"}],"tag":"Pi"},"reduced":null,"simplified":null}},"name":"Agda.Builtin.List.List"},{"item":{"pretty":"Char → Agda.Builtin.Bool.Bool","thing":{"normalised":null,"original":{"contents":[{"item":{"contents":[{"Left":"Agda.Builtin.Char.Char"},[]],"tag":"App"},"name":"_"},{"contents":[{"Left":"Agda.Builtin.Bool.Bool"},[]],"tag":"App"}],"tag":"Pi"},"reduced":null,"simplified":null}},"name":"Agda.Builtin.Char.primIsAlpha"},{"item":{"pretty":"Relation.Binary.Bundles.DecTotalOrder Level.0ℓ Level.0ℓ Level.0ℓ","thing":{"normalised":{"contents":[{"Left":"Relation.Binary.Bundles.DecTotalOrder"},[{"contents":"lzero","tag":"Level"},{"contents":"lzero","tag":"Level"},{"contents":"lzero","tag":"Level"}]],"tag":"App"},"original":{"contents":[{"Left":"Relation.Binary.Bundles.DecTotalOrder"},[{"contents":[{"Left":"Level.0ℓ"},[]],"tag":"App"},{"contents":[{"Left":"Level.0ℓ"},[]],"tag":"App"},{"contents":[{"Left":"Level.0ℓ"},[]],"tag":"App"}]],"tag":"App"},"reduced":null,"simplified":null}},"name":"Data.Unit.decTotalOrder"},{"item":{"pretty":"Data.String.Base.String → List Char","thing":{"normalised":null,"original":{"contents":[{"item":{"contents":[{"Left":"Agda.Builtin.String.String"},[]],"tag":"App"},"name":"_"},{"contents":[{"Left":"Agda.Builtin.List.List"},[{"contents":"lzero","tag":"Level"},{"contents":[{"Left":"Agda.Builtin.Char.Char"},[]],"tag":"App"}]],"tag":"App"}],"tag":"Pi"},"reduced":null,"simplified":null}},"name":"Agda.Builtin.String.primStringToList"},{"item":{"pretty":"Char → Agda.Builtin.Bool.Bool","thing":{"normalised":null,"original":{"contents":[{"item":{"contents":[{"Left":"Agda.Builtin.Char.Char"},[]],"tag":"App"},"name":"_"},{"contents":[{"Left":"Agda.Builtin.Bool.Bool"},[]],"tag":"App"}],"tag":"Pi"},"reduced":null,"simplified":null}},"name":"Agda.Builtin.Char.primIsSpace"},{"item":{"pretty":"Relation.Binary.Bundles.Preorder Agda.Primitive.lzero\nAgda.Primitive.lzero Agda.Primitive.lzero","thing":{"normalised":null,"original":{"contents":[{"Left":"Relation.Binary.Bundles.Preorder"},[{"contents":"lzero","tag":"Level"},{"contents":"lzero","tag":"Level"},{"contents":"lzero","tag":"Level"}]],"tag":"App"},"reduced":null,"simplified":null}},"name":"Data.Unit.preorder"},{"item":{"pretty":"Char → Agda.Builtin.Bool.Bool","thing":{"normalised":null,"original":{"contents":[{"item":{"contents":[{"Left":"Agda.Builtin.Char.Char"},[]],"tag":"App"},"name":"_"},{"contents":[{"Left":"Agda.Builtin.Bool.Bool"},[]],"tag":"App"}],"tag":"Pi"},"reduced":null,"simplified":null}},"name":"Agda.Builtin.Char.primIsAscii"},{"item":{"pretty":"{a : Agda.Primitive.Level} {A : Set a} → List A","thing":{"normalised":null,"original":{"contents":[{"item":{"contents":[{"Left":"Agda.Primitive.Level"},[]],"tag":"App"},"name":"a"},{"contents":[{"item":{"contents":"Set @0","tag":"Sort"},"name":"A"},{"contents":[{"Left":"Agda.Builtin.List.List"},[{"contents":[{"Right":1},[]],"tag":"App"},{"contents":[{"Right":0},[]],"tag":"App"}]],"tag":"App"}],"tag":"Pi"}],"tag":"Pi"},"reduced":null,"simplified":null}},"name":"Agda.Builtin.List.List.[]"},{"item":{"pretty":"Char → Agda.Builtin.Bool.Bool","thing":{"normalised":null,"original":{"contents":[{"item":{"contents":[{"Left":"Agda.Builtin.Char.Char"},[]],"tag":"App"},"name":"_"},{"contents":[{"Left":"Agda.Builtin.Bool.Bool"},[]],"tag":"App"}],"tag":"Pi"},"reduced":null,"simplified":null}},"name":"Agda.Builtin.Char.primIsLatin1"},{"item":{"pretty":"Char → Agda.Builtin.Bool.Bool","thing":{"normalised":null,"original":{"contents":[{"item":{"contents":[{"Left":"Agda.Builtin.Char.Char"},[]],"tag":"App"},"name":"_"},{"contents":[{"Left":"Agda.Builtin.Bool.Bool"},[]],"tag":"App"}],"tag":"Pi"},"reduced":null,"simplified":null}},"name":"Agda.Builtin.Char.primIsPrint"},{"item":{"pretty":"Char → Agda.Builtin.Bool.Bool","thing":{"normalised":null,"original":{"contents":[{"item":{"contents":[{"Left":"Agda.Builtin.Char.Char"},[]],"tag":"App"},"name":"_"},{"contents":[{"Left":"Agda.Builtin.Bool.Bool"},[]],"tag":"App"}],"tag":"Pi"},"reduced":null,"simplified":null}},"name":"Agda.Builtin.Char.primIsHexDigit"},{"item":{"pretty":"{a : Agda.Primitive.Level} {A : Set a} → A → List A → List A","thing":{"normalised":null,"original":{"contents":[{"item":{"contents":[{"Left":"Agda.Primitive.Level"},[]],"tag":"App"},"name":"a"},{"contents":[{"item":{"contents":"Set @0","tag":"Sort"},"name":"A"},{"contents":[{"item":{"contents":[{"Right":0},[]],"tag":"App"},"name":"x"},{"contents":[{"item":{"contents":[{"Left":"Agda.Builtin.List.List"},[{"contents":[{"Right":1},[]],"tag":"App"},{"contents":[{"Right":0},[]],"tag":"App"}]],"tag":"App"},"name":"xs"},{"contents":[{"Left":"Agda.Builtin.List.List"},[{"contents":[{"Right":1},[]],"tag":"App"},{"contents":[{"Right":0},[]],"tag":"App"}]],"tag":"App"}],"tag":"Pi"}],"tag":"Pi"}],"tag":"Pi"}],"tag":"Pi"},"reduced":null,"simplified":null}},"name":"Agda.Builtin.List.List._∷_"},{"item":{"pretty":"Char → Char","thing":{"normalised":null,"original":{"contents":[{"item":{"contents":[{"Left":"Agda.Builtin.Char.Char"},[]],"tag":"App"},"name":"_"},{"contents":[{"Left":"Agda.Builtin.Char.Char"},[]],"tag":"App"}],"tag":"Pi"},"reduced":null,"simplified":null}},"name":"Agda.Builtin.Char.primToUpper"},{"item":{"pretty":"Char → Char","thing":{"normalised":null,"original":{"contents":[{"item":{"contents":[{"Left":"Agda.Builtin.Char.Char"},[]],"tag":"App"},"name":"_"},{"contents":[{"Left":"Agda.Builtin.Char.Char"},[]],"tag":"App"}],"tag":"Pi"},"reduced":null,"simplified":null}},"name":"Agda.Builtin.Char.primToLower"},{"item":{"pretty":"Char → Agda.Builtin.Nat.Nat","thing":{"normalised":null,"original":{"contents":[{"item":{"contents":[{"Left":"Agda.Builtin.Char.Char"},[]],"tag":"App"},"name":"_"},{"contents":[{"Left":"Agda.Builtin.Nat.Nat"},[]],"tag":"App"}],"tag":"Pi"},"reduced":null,"simplified":null}},"name":"Agda.Builtin.Char.primCharToNat"},{"item":{"pretty":"Agda.Builtin.Nat.Nat → Char","thing":{"normalised":null,"original":{"contents":[{"item":{"contents":[{"Left":"Agda.Builtin.Nat.Nat"},[]],"tag":"App"},"name":"_"},{"contents":[{"Left":"Agda.Builtin.Char.Char"},[]],"tag":"App"}],"tag":"Pi"},"reduced":null,"simplified":null}},"name":"Agda.Builtin.Char.primNatToChar"},{"item":{"pretty":"Char → Char → Agda.Builtin.Bool.Bool","thing":{"normalised":null,"original":{"contents":[{"item":{"contents":[{"Left":"Agda.Builtin.Char.Char"},[]],"tag":"App"},"name":"_"},{"contents":[{"item":{"contents":[{"Left":"Agda.Builtin.Char.Char"},[]],"tag":"App"},"name":"_"},{"contents":[{"Left":"Agda.Builtin.Bool.Bool"},[]],"tag":"App"}],"tag":"Pi"}],"tag":"Pi"},"reduced":null,"simplified":null}},"name":"Agda.Builtin.Char.primCharEquality"},{"item":{"pretty":"{a : Agda.Primitive.Level} {A : Set a} ⦃ r : IsString A ⦄\n(s : Data.String.Base.String) ⦃ _ : IsString.Constraint r s ⦄ →\nA","thing":{"normalised":null,"original":{"contents":[{"item":{"contents":[{"Left":"Agda.Primitive.Level"},[]],"tag":"App"},"name":"a"},{"contents":[{"item":{"contents":"Set @0","tag":"Sort"},"name":"A"},{"contents":[{"item":{"contents":[{"Left":"Agda.Builtin.FromString.IsString"},[{"contents":[{"Right":1},[]],"tag":"App"},{"contents":[{"Right":0},[]],"tag":"App"}]],"tag":"App"},"name":"r"},{"contents":[{"item":{"contents":[{"Left":"Agda.Builtin.String.String"},[]],"tag":"App"},"name":"s"},{"contents":[{"item":{"contents":[{"Right":1},[{"contents":[{"Left":"Agda.Builtin.FromString.IsString.Constraint"},[]],"tag":"App"},{"contents":[{"Right":0},[]],"tag":"App"}]],"tag":"App"},"name":"_"},{"contents":[{"Right":2},[]],"tag":"App"}],"tag":"Pi"}],"tag":"Pi"}],"tag":"Pi"}],"tag":"Pi"}],"tag":"Pi"},"reduced":null,"simplified":null}},"name":"Agda.Builtin.FromString._.fromString"},{"item":{"pretty":"Relation.Binary.Definitions.Decidable _≤_","thing":{"normalised":{"contents":[{"item":{"contents":[{"Left":"Agda.Builtin.Unit.⊤"},[]],"tag":"App"},"name":"x"},{"contents":[{"item":{"contents":[{"Left":"Agda.Builtin.Unit.⊤"},[]],"tag":"App"},"name":"y"},{"contents":[{"Left":"Relation.Nullary.Dec"},[{"contents":"lzero","tag":"Level"},{"contents":[{"Left":"Data.Unit.Base._≤_"},[{"contents":[{"Right":1},[]],"tag":"App"},{"contents":[{"Right":0},[]],"tag":"App"}]],"tag":"App"}]],"tag":"App"}],"tag":"Pi"}],"tag":"Pi"},"original":{"contents":[{"Left":"Relation.Binary.Definitions.Decidable"},[{"contents":"lzero","tag":"Level"},{"contents":[{"Left":"Agda.Builtin.Unit.⊤"},[]],"tag":"App"},{"contents":"lzero","tag":"Level"},{"contents":[{"Left":"Agda.Builtin.Unit.⊤"},[]],"tag":"App"},{"contents":"lzero","tag":"Level"},{"contents":[{"Left":"Data.Unit.Base._≤_"},[]],"tag":"App"}]],"tag":"App"},"reduced":{"contents":[{"item":{"contents":[{"Left":"Agda.Builtin.Unit.⊤"},[]],"tag":"App"},"name":"x"},{"contents":[{"item":{"contents":[{"Left":"Agda.Builtin.Unit.⊤"},[]],"tag":"App"},"name":"y"},{"contents":[{"Left":"Relation.Nullary.Dec"},[{"contents":"lzero","tag":"Level"},{"contents":[{"Left":"Data.Unit.Base._≤_"},[{"contents":[{"Right":1},[]],"tag":"App"},{"contents":[{"Right":0},[]],"tag":"App"}]],"tag":"App"}]],"tag":"App"}],"tag":"Pi"}],"tag":"Pi"},"simplified":null}},"name":"Data.Unit.Properties._≤?_"}],"name":"Data.List.Literals"},"samples":[{"ctx":{"pretty":"","thing":[]},"goal":{"pretty":"Data.String.Base.String → Set","thing":{"normalised":{"contents":[{"item":{"contents":[{"Left":"Agda.Builtin.String.String"},[]],"tag":"App"},"name":"_"},{"contents":"Set","tag":"Sort"}],"tag":"Pi"},"original":{"contents":[{"item":{"contents":[{"Left":"Agda.Builtin.String.String"},[]],"tag":"App"},"name":"_"},{"contents":"Set lzero","tag":"Sort"}],"tag":"Pi"},"reduced":null,"simplified":{"contents":[{"item":{"contents":[{"Left":"Agda.Builtin.String.String"},[]],"tag":"App"},"name":"_"},{"contents":"Set","tag":"Sort"}],"tag":"Pi"}}},"term":{"pretty":"λ _ → ⊤","thing":{"normalised":null,"original":{"contents":{"item":{"contents":[{"Left":"Agda.Builtin.Unit.⊤"},[]],"tag":"App"},"name":"_"},"tag":"Lam"},"reduced":null,"simplified":null}},"namesUsed":["Agda.Builtin.Unit.⊤"]},{"ctx":{"pretty":"(x : Data.String.Base.String)","thing":[{"item":{"contents":[{"Left":"Agda.Builtin.String.String"},[]],"tag":"App"},"name":"x"}]},"goal":{"pretty":"Set","thing":{"normalised":{"contents":"Set","tag":"Sort"},"original":{"contents":"Set lzero","tag":"Sort"},"reduced":null,"simplified":{"contents":"Set","tag":"Sort"}}},"term":{"pretty":"⊤","thing":{"normalised":null,"original":{"contents":[{"Left":"Agda.Builtin.Unit.⊤"},[]],"tag":"App"},"reduced":null,"simplified":null}},"namesUsed":["Agda.Builtin.Unit.⊤"]},{"ctx":{"pretty":"","thing":[]},"goal":{"pretty":"(s : Data.String.Base.String) ⦃ _ : ⊤ ⦄ → List Char","thing":{"normalised":null,"original":{"contents":[{"item":{"contents":[{"Left":"Agda.Builtin.String.String"},[]],"tag":"App"},"name":"s"},{"contents":[{"item":{"contents":[{"Left":"Agda.Builtin.Unit.⊤"},[]],"tag":"App"},"name":"_"},{"contents":[{"Left":"Agda.Builtin.List.List"},[{"contents":"lzero","tag":"Level"},{"contents":[{"Left":"Agda.Builtin.Char.Char"},[]],"tag":"App"}]],"tag":"App"}],"tag":"Pi"}],"tag":"Pi"},"reduced":null,"simplified":null}},"term":{"pretty":"λ s ⦃ _ ⦄ → toList s","thing":{"normalised":null,"original":{"contents":{"item":{"contents":{"item":{"contents":[{"Left":"Agda.Builtin.String.primStringToList"},[{"contents":[{"Right":1},[]],"tag":"App"}]],"tag":"App"},"name":"_"},"tag":"Lam"},"name":"s"},"tag":"Lam"},"reduced":null,"simplified":null}},"namesUsed":["Agda.Builtin.String.primStringToList"]},{"ctx":{"pretty":"(s : Data.String.Base.String)","thing":[{"item":{"contents":[{"Left":"Agda.Builtin.String.String"},[]],"tag":"App"},"name":"s"}]},"goal":{"pretty":"⦃ _ : ⊤ ⦄ → List Char","thing":{"normalised":null,"original":{"contents":[{"item":{"contents":[{"Left":"Agda.Builtin.Unit.⊤"},[]],"tag":"App"},"name":"_"},{"contents":[{"Left":"Agda.Builtin.List.List"},[{"contents":"lzero","tag":"Level"},{"contents":[{"Left":"Agda.Builtin.Char.Char"},[]],"tag":"App"}]],"tag":"App"}],"tag":"Pi"},"reduced":null,"simplified":null}},"term":{"pretty":"λ ⦃ _ ⦄ → toList s","thing":{"normalised":null,"original":{"contents":{"item":{"contents":[{"Left":"Agda.Builtin.String.primStringToList"},[{"contents":[{"Right":1},[]],"tag":"App"}]],"tag":"App"},"name":"_"},"tag":"Lam"},"reduced":null,"simplified":null}},"namesUsed":["Agda.Builtin.String.primStringToList"]},{"ctx":{"pretty":"(s₁ : Data.String.Base.String) ⦃ _ = x : ⊤ ⦄","thing":[{"item":{"contents":[{"Left":"Agda.Builtin.String.String"},[]],"tag":"App"},"name":"s"},{"item":{"contents":[{"Left":"Agda.Builtin.Unit.⊤"},[]],"tag":"App"},"name":"x"}]},"goal":{"pretty":"List Char","thing":{"normalised":null,"original":{"contents":[{"Left":"Agda.Builtin.List.List"},[{"contents":"lzero","tag":"Level"},{"contents":[{"Left":"Agda.Builtin.Char.Char"},[]],"tag":"App"}]],"tag":"App"},"reduced":null,"simplified":null}},"term":{"pretty":"toList s","thing":{"normalised":null,"original":{"contents":[{"Left":"Agda.Builtin.String.primStringToList"},[{"contents":[{"Right":1},[]],"tag":"App"}]],"tag":"App"},"reduced":null,"simplified":null}},"namesUsed":["Agda.Builtin.String.primStringToList"]}]}