{"scope":{"item":[{"item":{"pretty":"Generator → ℕ → Stream ℕ Agda.Builtin.Size.∞","thing":{"normalised":null,"original":{"contents":[{"item":{"contents":[{"Left":"Data.Nat.PseudoRandom.LCG.Generator"},[]],"tag":"App"},"name":"_"},{"contents":[{"item":{"contents":[{"Left":"Agda.Builtin.Nat.Nat"},[]],"tag":"App"},"name":"_"},{"contents":[{"Left":"Codata.Stream.Stream"},[{"contents":"lzero","tag":"Level"},{"contents":[{"Left":"Agda.Builtin.Nat.Nat"},[]],"tag":"App"},{"contents":[{"Left":"Agda.Builtin.Size.∞"},[]],"tag":"App"}]],"tag":"App"}],"tag":"Pi"}],"tag":"Pi"},"reduced":null,"simplified":null}},"name":"Data.Nat.PseudoRandom.LCG.Unsafe.stream"}],"name":"Data.Nat.PseudoRandom.LCG.Unsafe"},"samples":[]}