{"scope":{"item":[{"item":{"pretty":"Number ℤ","thing":{"normalised":null,"original":{"contents":[{"Left":"Agda.Builtin.FromNat.Number"},[{"contents":"lzero","tag":"Level"},{"contents":[{"Left":"Agda.Builtin.Int.Int"},[]],"tag":"App"}]],"tag":"App"},"reduced":null,"simplified":null}},"name":"Data.Integer.Literals.number"},{"item":{"pretty":"Set","thing":{"normalised":null,"original":{"contents":"Set","tag":"Sort"},"reduced":null,"simplified":null}},"name":"Agda.Builtin.Int.Int"},{"item":{"pretty":"Set","thing":{"normalised":null,"original":{"contents":"Set","tag":"Sort"},"reduced":null,"simplified":null}},"name":"Agda.Builtin.Unit.⊤"},{"item":{"pretty":"{a : Agda.Primitive.Level} (A : Set a) →\nSet (Agda.Primitive.lsuc a)","thing":{"normalised":null,"original":{"contents":[{"item":{"contents":[{"Left":"Agda.Primitive.Level"},[]],"tag":"App"},"name":"a"},{"contents":[{"item":{"contents":"Set @0","tag":"Sort"},"name":"A"},{"contents":"Set (lsuc @1)","tag":"Sort"}],"tag":"Pi"}],"tag":"Pi"},"reduced":null,"simplified":null}},"name":"Agda.Builtin.FromNeg.Negative"},{"item":{"pretty":"Agda.Builtin.Nat.Nat → ℤ","thing":{"normalised":null,"original":{"contents":[{"item":{"contents":[{"Left":"Agda.Builtin.Nat.Nat"},[]],"tag":"App"},"name":"n"},{"contents":[{"Left":"Agda.Builtin.Int.Int"},[]],"tag":"App"}],"tag":"Pi"},"reduced":null,"simplified":null}},"name":"Agda.Builtin.Int.Int.pos"},{"item":{"pretty":"{a : Agda.Primitive.Level} (A : Set a) →\nSet (Agda.Primitive.lsuc a)","thing":{"normalised":null,"original":{"contents":[{"item":{"contents":[{"Left":"Agda.Primitive.Level"},[]],"tag":"App"},"name":"a"},{"contents":[{"item":{"contents":"Set @0","tag":"Sort"},"name":"A"},{"contents":"Set (lsuc @1)","tag":"Sort"}],"tag":"Pi"}],"tag":"Pi"},"reduced":null,"simplified":null}},"name":"Agda.Builtin.FromNat.Number"},{"item":{"pretty":"Negative ℤ","thing":{"normalised":null,"original":{"contents":[{"Left":"Agda.Builtin.FromNeg.Negative"},[{"contents":"lzero","tag":"Level"},{"contents":[{"Left":"Agda.Builtin.Int.Int"},[]],"tag":"App"}]],"tag":"App"},"reduced":null,"simplified":null}},"name":"Data.Integer.Literals.negative"},{"item":{"pretty":"{a : Agda.Primitive.Level} {A : Set a} ⦃ r : Negative A ⦄\n(n : Agda.Builtin.Nat.Nat) ⦃ _ : Negative.Constraint r n ⦄ →\nA","thing":{"normalised":null,"original":{"contents":[{"item":{"contents":[{"Left":"Agda.Primitive.Level"},[]],"tag":"App"},"name":"a"},{"contents":[{"item":{"contents":"Set @0","tag":"Sort"},"name":"A"},{"contents":[{"item":{"contents":[{"Left":"Agda.Builtin.FromNeg.Negative"},[{"contents":[{"Right":1},[]],"tag":"App"},{"contents":[{"Right":0},[]],"tag":"App"}]],"tag":"App"},"name":"r"},{"contents":[{"item":{"contents":[{"Left":"Agda.Builtin.Nat.Nat"},[]],"tag":"App"},"name":"n"},{"contents":[{"item":{"contents":[{"Right":1},[{"contents":[{"Left":"Agda.Builtin.FromNeg.Negative.Constraint"},[]],"tag":"App"},{"contents":[{"Right":0},[]],"tag":"App"}]],"tag":"App"},"name":"_"},{"contents":[{"Right":2},[]],"tag":"App"}],"tag":"Pi"}],"tag":"Pi"}],"tag":"Pi"}],"tag":"Pi"}],"tag":"Pi"},"reduced":null,"simplified":null}},"name":"Agda.Builtin.FromNeg._.fromNeg"},{"item":{"pretty":"{a : Agda.Primitive.Level} {A : Set a} ⦃ r : Number A ⦄\n(n : Agda.Builtin.Nat.Nat) ⦃ _ : Number.Constraint r n ⦄ →\nA","thing":{"normalised":null,"original":{"contents":[{"item":{"contents":[{"Left":"Agda.Primitive.Level"},[]],"tag":"App"},"name":"a"},{"contents":[{"item":{"contents":"Set @0","tag":"Sort"},"name":"A"},{"contents":[{"item":{"contents":[{"Left":"Agda.Builtin.FromNat.Number"},[{"contents":[{"Right":1},[]],"tag":"App"},{"contents":[{"Right":0},[]],"tag":"App"}]],"tag":"App"},"name":"r"},{"contents":[{"item":{"contents":[{"Left":"Agda.Builtin.Nat.Nat"},[]],"tag":"App"},"name":"n"},{"contents":[{"item":{"contents":[{"Right":1},[{"contents":[{"Left":"Agda.Builtin.FromNat.Number.Constraint"},[]],"tag":"App"},{"contents":[{"Right":0},[]],"tag":"App"}]],"tag":"App"},"name":"_"},{"contents":[{"Right":2},[]],"tag":"App"}],"tag":"Pi"}],"tag":"Pi"}],"tag":"Pi"}],"tag":"Pi"}],"tag":"Pi"},"reduced":null,"simplified":null}},"name":"Agda.Builtin.FromNat._.fromNat"},{"item":{"pretty":"ℤ → ℤ","thing":{"normalised":null,"original":{"contents":[{"item":{"contents":[{"Left":"Agda.Builtin.Int.Int"},[]],"tag":"App"},"name":"_"},{"contents":[{"Left":"Agda.Builtin.Int.Int"},[]],"tag":"App"}],"tag":"Pi"},"reduced":null,"simplified":null}},"name":"Data.Integer.Base.-_"}],"name":"Data.Integer.Literals"},"samples":[{"ctx":{"pretty":"","thing":[]},"goal":{"pretty":"Agda.Builtin.Nat.Nat → Set","thing":{"normalised":{"contents":[{"item":{"contents":[{"Left":"Agda.Builtin.Nat.Nat"},[]],"tag":"App"},"name":"_"},{"contents":"Set","tag":"Sort"}],"tag":"Pi"},"original":{"contents":[{"item":{"contents":[{"Left":"Agda.Builtin.Nat.Nat"},[]],"tag":"App"},"name":"_"},{"contents":"Set lzero","tag":"Sort"}],"tag":"Pi"},"reduced":null,"simplified":{"contents":[{"item":{"contents":[{"Left":"Agda.Builtin.Nat.Nat"},[]],"tag":"App"},"name":"_"},{"contents":"Set","tag":"Sort"}],"tag":"Pi"}}},"term":{"pretty":"λ _ → ⊤","thing":{"normalised":null,"original":{"contents":{"item":{"contents":[{"Left":"Agda.Builtin.Unit.⊤"},[]],"tag":"App"},"name":"_"},"tag":"Lam"},"reduced":null,"simplified":null}},"namesUsed":["Agda.Builtin.Unit.⊤"]},{"ctx":{"pretty":"(x : Agda.Builtin.Nat.Nat)","thing":[{"item":{"contents":[{"Left":"Agda.Builtin.Nat.Nat"},[]],"tag":"App"},"name":"x"}]},"goal":{"pretty":"Set","thing":{"normalised":{"contents":"Set","tag":"Sort"},"original":{"contents":"Set lzero","tag":"Sort"},"reduced":null,"simplified":{"contents":"Set","tag":"Sort"}}},"term":{"pretty":"⊤","thing":{"normalised":null,"original":{"contents":[{"Left":"Agda.Builtin.Unit.⊤"},[]],"tag":"App"},"reduced":null,"simplified":null}},"namesUsed":["Agda.Builtin.Unit.⊤"]},{"ctx":{"pretty":"","thing":[]},"goal":{"pretty":"(n : Agda.Builtin.Nat.Nat) ⦃ _ : ⊤ ⦄ → ℤ","thing":{"normalised":null,"original":{"contents":[{"item":{"contents":[{"Left":"Agda.Builtin.Nat.Nat"},[]],"tag":"App"},"name":"n"},{"contents":[{"item":{"contents":[{"Left":"Agda.Builtin.Unit.⊤"},[]],"tag":"App"},"name":"_"},{"contents":[{"Left":"Agda.Builtin.Int.Int"},[]],"tag":"App"}],"tag":"Pi"}],"tag":"Pi"},"reduced":null,"simplified":null}},"term":{"pretty":"λ n ⦃ _ ⦄ → + n","thing":{"normalised":null,"original":{"contents":{"item":{"contents":{"item":{"contents":[{"Left":"Agda.Builtin.Int.Int.pos"},[{"contents":[{"Right":1},[]],"tag":"App"}]],"tag":"App"},"name":"_"},"tag":"Lam"},"name":"n"},"tag":"Lam"},"reduced":null,"simplified":null}},"namesUsed":["Agda.Builtin.Int.Int.pos"]},{"ctx":{"pretty":"(n : Agda.Builtin.Nat.Nat)","thing":[{"item":{"contents":[{"Left":"Agda.Builtin.Nat.Nat"},[]],"tag":"App"},"name":"n"}]},"goal":{"pretty":"⦃ _ : ⊤ ⦄ → ℤ","thing":{"normalised":null,"original":{"contents":[{"item":{"contents":[{"Left":"Agda.Builtin.Unit.⊤"},[]],"tag":"App"},"name":"_"},{"contents":[{"Left":"Agda.Builtin.Int.Int"},[]],"tag":"App"}],"tag":"Pi"},"reduced":null,"simplified":null}},"term":{"pretty":"λ ⦃ _ ⦄ → + n","thing":{"normalised":null,"original":{"contents":{"item":{"contents":[{"Left":"Agda.Builtin.Int.Int.pos"},[{"contents":[{"Right":1},[]],"tag":"App"}]],"tag":"App"},"name":"_"},"tag":"Lam"},"reduced":null,"simplified":null}},"namesUsed":["Agda.Builtin.Int.Int.pos"]},{"ctx":{"pretty":"(n₁ : Agda.Builtin.Nat.Nat) ⦃ _ = x : ⊤ ⦄","thing":[{"item":{"contents":[{"Left":"Agda.Builtin.Nat.Nat"},[]],"tag":"App"},"name":"n"},{"item":{"contents":[{"Left":"Agda.Builtin.Unit.⊤"},[]],"tag":"App"},"name":"x"}]},"goal":{"pretty":"ℤ","thing":{"normalised":null,"original":{"contents":[{"Left":"Agda.Builtin.Int.Int"},[]],"tag":"App"},"reduced":null,"simplified":null}},"term":{"pretty":"+ n","thing":{"normalised":null,"original":{"contents":[{"Left":"Agda.Builtin.Int.Int.pos"},[{"contents":[{"Right":1},[]],"tag":"App"}]],"tag":"App"},"reduced":null,"simplified":null}},"namesUsed":["Agda.Builtin.Int.Int.pos"]},{"ctx":{"pretty":"","thing":[]},"goal":{"pretty":"Agda.Builtin.Nat.Nat → Set","thing":{"normalised":{"contents":[{"item":{"contents":[{"Left":"Agda.Builtin.Nat.Nat"},[]],"tag":"App"},"name":"_"},{"contents":"Set","tag":"Sort"}],"tag":"Pi"},"original":{"contents":[{"item":{"contents":[{"Left":"Agda.Builtin.Nat.Nat"},[]],"tag":"App"},"name":"_"},{"contents":"Set lzero","tag":"Sort"}],"tag":"Pi"},"reduced":null,"simplified":{"contents":[{"item":{"contents":[{"Left":"Agda.Builtin.Nat.Nat"},[]],"tag":"App"},"name":"_"},{"contents":"Set","tag":"Sort"}],"tag":"Pi"}}},"term":{"pretty":"λ _ → ⊤","thing":{"normalised":null,"original":{"contents":{"item":{"contents":[{"Left":"Agda.Builtin.Unit.⊤"},[]],"tag":"App"},"name":"_"},"tag":"Lam"},"reduced":null,"simplified":null}},"namesUsed":["Agda.Builtin.Unit.⊤"]},{"ctx":{"pretty":"(x : Agda.Builtin.Nat.Nat)","thing":[{"item":{"contents":[{"Left":"Agda.Builtin.Nat.Nat"},[]],"tag":"App"},"name":"x"}]},"goal":{"pretty":"Set","thing":{"normalised":{"contents":"Set","tag":"Sort"},"original":{"contents":"Set lzero","tag":"Sort"},"reduced":null,"simplified":{"contents":"Set","tag":"Sort"}}},"term":{"pretty":"⊤","thing":{"normalised":null,"original":{"contents":[{"Left":"Agda.Builtin.Unit.⊤"},[]],"tag":"App"},"reduced":null,"simplified":null}},"namesUsed":["Agda.Builtin.Unit.⊤"]},{"ctx":{"pretty":"","thing":[]},"goal":{"pretty":"(n : Agda.Builtin.Nat.Nat) ⦃ _ : ⊤ ⦄ → ℤ","thing":{"normalised":null,"original":{"contents":[{"item":{"contents":[{"Left":"Agda.Builtin.Nat.Nat"},[]],"tag":"App"},"name":"n"},{"contents":[{"item":{"contents":[{"Left":"Agda.Builtin.Unit.⊤"},[]],"tag":"App"},"name":"_"},{"contents":[{"Left":"Agda.Builtin.Int.Int"},[]],"tag":"App"}],"tag":"Pi"}],"tag":"Pi"},"reduced":null,"simplified":null}},"term":{"pretty":"λ n ⦃ _ ⦄ → - (+ n)","thing":{"normalised":null,"original":{"contents":{"item":{"contents":{"item":{"contents":[{"Left":"Data.Integer.Base.-_"},[{"contents":[{"Left":"Agda.Builtin.Int.Int.pos"},[{"contents":[{"Right":1},[]],"tag":"App"}]],"tag":"App"}]],"tag":"App"},"name":"_"},"tag":"Lam"},"name":"n"},"tag":"Lam"},"reduced":null,"simplified":null}},"namesUsed":["Data.Integer.Base.-_","Agda.Builtin.Int.Int.pos"]},{"ctx":{"pretty":"(n : Agda.Builtin.Nat.Nat)","thing":[{"item":{"contents":[{"Left":"Agda.Builtin.Nat.Nat"},[]],"tag":"App"},"name":"n"}]},"goal":{"pretty":"⦃ _ : ⊤ ⦄ → ℤ","thing":{"normalised":null,"original":{"contents":[{"item":{"contents":[{"Left":"Agda.Builtin.Unit.⊤"},[]],"tag":"App"},"name":"_"},{"contents":[{"Left":"Agda.Builtin.Int.Int"},[]],"tag":"App"}],"tag":"Pi"},"reduced":null,"simplified":null}},"term":{"pretty":"λ ⦃ _ ⦄ → - (+ n)","thing":{"normalised":null,"original":{"contents":{"item":{"contents":[{"Left":"Data.Integer.Base.-_"},[{"contents":[{"Left":"Agda.Builtin.Int.Int.pos"},[{"contents":[{"Right":1},[]],"tag":"App"}]],"tag":"App"}]],"tag":"App"},"name":"_"},"tag":"Lam"},"reduced":null,"simplified":null}},"namesUsed":["Data.Integer.Base.-_","Agda.Builtin.Int.Int.pos"]},{"ctx":{"pretty":"(n₁ : Agda.Builtin.Nat.Nat) ⦃ _ = x : ⊤ ⦄","thing":[{"item":{"contents":[{"Left":"Agda.Builtin.Nat.Nat"},[]],"tag":"App"},"name":"n"},{"item":{"contents":[{"Left":"Agda.Builtin.Unit.⊤"},[]],"tag":"App"},"name":"x"}]},"goal":{"pretty":"ℤ","thing":{"normalised":null,"original":{"contents":[{"Left":"Agda.Builtin.Int.Int"},[]],"tag":"App"},"reduced":null,"simplified":null}},"term":{"pretty":"- (+ n)","thing":{"normalised":null,"original":{"contents":[{"Left":"Data.Integer.Base.-_"},[{"contents":[{"Left":"Agda.Builtin.Int.Int.pos"},[{"contents":[{"Right":1},[]],"tag":"App"}]],"tag":"App"}]],"tag":"App"},"reduced":null,"simplified":null}},"namesUsed":["Data.Integer.Base.-_","Agda.Builtin.Int.Int.pos"]},{"ctx":{"pretty":"(n₁ : Agda.Builtin.Nat.Nat) ⦃ _ = x : ⊤ ⦄","thing":[{"item":{"contents":[{"Left":"Agda.Builtin.Nat.Nat"},[]],"tag":"App"},"name":"n"},{"item":{"contents":[{"Left":"Agda.Builtin.Unit.⊤"},[]],"tag":"App"},"name":"x"}]},"goal":{"pretty":"ℤ","thing":{"normalised":null,"original":{"contents":[{"Left":"Agda.Builtin.Int.Int"},[]],"tag":"App"},"reduced":null,"simplified":null}},"term":{"pretty":"+ n","thing":{"normalised":null,"original":{"contents":[{"Left":"Agda.Builtin.Int.Int.pos"},[{"contents":[{"Right":1},[]],"tag":"App"}]],"tag":"App"},"reduced":null,"simplified":null}},"namesUsed":["Agda.Builtin.Int.Int.pos"]}]}