{"scope":{"item":[{"item":{"pretty":"{a : Level} (A : Set a) (b : Level) → Set (a ⊔ b) → Set (a ⊔ b)","thing":{"normalised":null,"original":{"contents":[{"item":{"contents":[{"Left":"Agda.Primitive.Level"},[]],"tag":"App"},"name":"a"},{"contents":[{"item":{"contents":"Set @0","tag":"Sort"},"name":"A"},{"contents":[{"item":{"contents":[{"Left":"Agda.Primitive.Level"},[]],"tag":"App"},"name":"b"},{"contents":[{"item":{"contents":"Set (lub @2 @0)","tag":"Sort"},"name":"_"},{"contents":"Set (lub @2 @0)","tag":"Sort"}],"tag":"Pi"}],"tag":"Pi"}],"tag":"Pi"}],"tag":"Pi"},"reduced":null,"simplified":null}},"name":"Data.Product.Categorical.Left.Base.Productₗ"},{"item":{"pretty":"{a : Level} (A : Set a) (b : Level) → RawFunctor (Productₗ A b)","thing":{"normalised":{"contents":[{"item":{"contents":[{"Left":"Agda.Primitive.Level"},[]],"tag":"App"},"name":"a"},{"contents":[{"item":{"contents":"Set @0","tag":"Sort"},"name":"A"},{"contents":[{"item":{"contents":[{"Left":"Agda.Primitive.Level"},[]],"tag":"App"},"name":"b"},{"contents":[{"Left":"Category.Functor.RawFunctor"},[{"contents":"lub @2 @0","tag":"Level"},{"contents":"lub @2 @0","tag":"Level"},{"contents":{"item":{"contents":[{"Left":"Agda.Builtin.Sigma.Σ"},[{"contents":[{"Right":3},[]],"tag":"App"},{"contents":"lub @3 @1","tag":"Level"},{"contents":[{"Right":2},[]],"tag":"App"},{"contents":{"item":{"contents":[{"Right":1},[]],"tag":"App"},"name":"x"},"tag":"Lam"}]],"tag":"App"},"name":"B"},"tag":"Lam"}]],"tag":"App"}],"tag":"Pi"}],"tag":"Pi"}],"tag":"Pi"},"original":{"contents":[{"item":{"contents":[{"Left":"Agda.Primitive.Level"},[]],"tag":"App"},"name":"a"},{"contents":[{"item":{"contents":"Set @0","tag":"Sort"},"name":"A"},{"contents":[{"item":{"contents":[{"Left":"Agda.Primitive.Level"},[]],"tag":"App"},"name":"b"},{"contents":[{"Left":"Category.Functor.RawFunctor"},[{"contents":"lub @2 @0","tag":"Level"},{"contents":"lub @2 @0","tag":"Level"},{"contents":[{"Left":"Data.Product.Categorical.Left.Base.Productₗ"},[{"contents":[{"Right":2},[]],"tag":"App"},{"contents":[{"Right":1},[]],"tag":"App"},{"contents":[{"Right":0},[]],"tag":"App"}]],"tag":"App"}]],"tag":"App"}],"tag":"Pi"}],"tag":"Pi"}],"tag":"Pi"},"reduced":null,"simplified":null}},"name":"Data.Product.Categorical.Left.Base.functor"},{"item":{"pretty":"{f : Level} (W : Set f → Set f) → Set (suc f)","thing":{"normalised":null,"original":{"contents":[{"item":{"contents":[{"Left":"Agda.Primitive.Level"},[]],"tag":"App"},"name":"f"},{"contents":[{"item":{"contents":[{"item":{"contents":"Set @0","tag":"Sort"},"name":"_"},{"contents":"Set @0","tag":"Sort"}],"tag":"Pi"},"name":"W"},{"contents":"Set (lsuc @1)","tag":"Sort"}],"tag":"Pi"}],"tag":"Pi"},"reduced":null,"simplified":null}},"name":"Category.Comonad.RawComonad"},{"item":{"pretty":"{ℓ ℓ′ : Level} (F : Set ℓ → Set ℓ′) → Set (suc ℓ ⊔ ℓ′)","thing":{"normalised":null,"original":{"contents":[{"item":{"contents":[{"Left":"Agda.Primitive.Level"},[]],"tag":"App"},"name":"ℓ"},{"contents":[{"item":{"contents":[{"Left":"Agda.Primitive.Level"},[]],"tag":"App"},"name":"ℓ′"},{"contents":[{"item":{"contents":[{"item":{"contents":"Set @1","tag":"Sort"},"name":"_"},{"contents":"Set @0","tag":"Sort"}],"tag":"Pi"},"name":"F"},{"contents":"Set (lub (lsuc @2) @1)","tag":"Sort"}],"tag":"Pi"}],"tag":"Pi"}],"tag":"Pi"},"reduced":null,"simplified":null}},"name":"Category.Functor.RawFunctor"},{"item":{"pretty":"{a : Level} (A : Set a) (b : Level) → RawComonad (Productₗ A b)","thing":{"normalised":{"contents":[{"item":{"contents":[{"Left":"Agda.Primitive.Level"},[]],"tag":"App"},"name":"a"},{"contents":[{"item":{"contents":"Set @0","tag":"Sort"},"name":"A"},{"contents":[{"item":{"contents":[{"Left":"Agda.Primitive.Level"},[]],"tag":"App"},"name":"b"},{"contents":[{"Left":"Category.Comonad.RawComonad"},[{"contents":"lub @2 @0","tag":"Level"},{"contents":{"item":{"contents":[{"Left":"Agda.Builtin.Sigma.Σ"},[{"contents":[{"Right":3},[]],"tag":"App"},{"contents":"lub @3 @1","tag":"Level"},{"contents":[{"Right":2},[]],"tag":"App"},{"contents":{"item":{"contents":[{"Right":1},[]],"tag":"App"},"name":"x"},"tag":"Lam"}]],"tag":"App"},"name":"B"},"tag":"Lam"}]],"tag":"App"}],"tag":"Pi"}],"tag":"Pi"}],"tag":"Pi"},"original":{"contents":[{"item":{"contents":[{"Left":"Agda.Primitive.Level"},[]],"tag":"App"},"name":"a"},{"contents":[{"item":{"contents":"Set @0","tag":"Sort"},"name":"A"},{"contents":[{"item":{"contents":[{"Left":"Agda.Primitive.Level"},[]],"tag":"App"},"name":"b"},{"contents":[{"Left":"Category.Comonad.RawComonad"},[{"contents":"lub @2 @0","tag":"Level"},{"contents":[{"Left":"Data.Product.Categorical.Left.Base.Productₗ"},[{"contents":[{"Right":2},[]],"tag":"App"},{"contents":[{"Right":1},[]],"tag":"App"},{"contents":[{"Right":0},[]],"tag":"App"}]],"tag":"App"}]],"tag":"App"}],"tag":"Pi"}],"tag":"Pi"}],"tag":"Pi"},"reduced":null,"simplified":null}},"name":"Data.Product.Categorical.Left.Base.comonad"},{"item":{"pretty":"{a b : Level} {A : Set a} {B : A → Set b} → Data.Product.Σ A B → A","thing":{"normalised":null,"original":{"contents":[{"item":{"contents":[{"Left":"Agda.Primitive.Level"},[]],"tag":"App"},"name":"a"},{"contents":[{"item":{"contents":[{"Left":"Agda.Primitive.Level"},[]],"tag":"App"},"name":"b"},{"contents":[{"item":{"contents":"Set @1","tag":"Sort"},"name":"A"},{"contents":[{"item":{"contents":[{"item":{"contents":[{"Right":0},[]],"tag":"App"},"name":"_"},{"contents":"Set @1","tag":"Sort"}],"tag":"Pi"},"name":"B"},{"contents":[{"item":{"contents":[{"Left":"Agda.Builtin.Sigma.Σ"},[{"contents":[{"Right":3},[]],"tag":"App"},{"contents":[{"Right":2},[]],"tag":"App"},{"contents":[{"Right":1},[]],"tag":"App"},{"contents":[{"Right":0},[]],"tag":"App"}]],"tag":"App"},"name":"r"},{"contents":[{"Right":1},[]],"tag":"App"}],"tag":"Pi"}],"tag":"Pi"}],"tag":"Pi"}],"tag":"Pi"}],"tag":"Pi"},"reduced":null,"simplified":null}},"name":"Agda.Builtin.Sigma.Σ.fst"},{"item":{"pretty":"{a b : Level} {A : Set a} {B : A → Set b}\n(r : Data.Product.Σ A B) →\nB (proj₁ r)","thing":{"normalised":null,"original":{"contents":[{"item":{"contents":[{"Left":"Agda.Primitive.Level"},[]],"tag":"App"},"name":"a"},{"contents":[{"item":{"contents":[{"Left":"Agda.Primitive.Level"},[]],"tag":"App"},"name":"b"},{"contents":[{"item":{"contents":"Set @1","tag":"Sort"},"name":"A"},{"contents":[{"item":{"contents":[{"item":{"contents":[{"Right":0},[]],"tag":"App"},"name":"_"},{"contents":"Set @1","tag":"Sort"}],"tag":"Pi"},"name":"B"},{"contents":[{"item":{"contents":[{"Left":"Agda.Builtin.Sigma.Σ"},[{"contents":[{"Right":3},[]],"tag":"App"},{"contents":[{"Right":2},[]],"tag":"App"},{"contents":[{"Right":1},[]],"tag":"App"},{"contents":[{"Right":0},[]],"tag":"App"}]],"tag":"App"},"name":"r"},{"contents":[{"Right":1},[{"contents":[{"Right":0},[{"contents":[{"Left":"Agda.Builtin.Sigma.Σ.fst"},[]],"tag":"App"}]],"tag":"App"}]],"tag":"App"}],"tag":"Pi"}],"tag":"Pi"}],"tag":"Pi"}],"tag":"Pi"}],"tag":"Pi"},"reduced":null,"simplified":null}},"name":"Agda.Builtin.Sigma.Σ.snd"},{"item":{"pretty":"{a b : Level} → Set a → Set b → Set (a ⊔ b)","thing":{"normalised":null,"original":{"contents":[{"item":{"contents":[{"Left":"Agda.Primitive.Level"},[]],"tag":"App"},"name":"a"},{"contents":[{"item":{"contents":[{"Left":"Agda.Primitive.Level"},[]],"tag":"App"},"name":"b"},{"contents":[{"item":{"contents":"Set @1","tag":"Sort"},"name":"A"},{"contents":[{"item":{"contents":"Set @0","tag":"Sort"},"name":"B"},{"contents":"Set (lub @1 @0)","tag":"Sort"}],"tag":"Pi"}],"tag":"Pi"}],"tag":"Pi"}],"tag":"Pi"},"reduced":null,"simplified":null}},"name":"Data.Product._×_"},{"item":{"pretty":"{a b c : Level} {A : Set a} {B : A → Set b}\n{C : {x : A} → B x → Set c} (f : (x : A) → B x) →\n((x : A) → C (f x)) → (x : A) → Data.Product.Σ (B x) C","thing":{"normalised":null,"original":{"contents":[{"item":{"contents":[{"Left":"Agda.Primitive.Level"},[]],"tag":"App"},"name":"a"},{"contents":[{"item":{"contents":[{"Left":"Agda.Primitive.Level"},[]],"tag":"App"},"name":"b"},{"contents":[{"item":{"contents":[{"Left":"Agda.Primitive.Level"},[]],"tag":"App"},"name":"c"},{"contents":[{"item":{"contents":"Set @2","tag":"Sort"},"name":"A"},{"contents":[{"item":{"contents":[{"item":{"contents":[{"Right":0},[]],"tag":"App"},"name":"_"},{"contents":"Set @2","tag":"Sort"}],"tag":"Pi"},"name":"B"},{"contents":[{"item":{"contents":[{"item":{"contents":[{"Right":1},[]],"tag":"App"},"name":"x"},{"contents":[{"item":{"contents":[{"Right":1},[{"contents":[{"Right":0},[]],"tag":"App"}]],"tag":"App"},"name":"_"},{"contents":"Set @3","tag":"Sort"}],"tag":"Pi"}],"tag":"Pi"},"name":"C"},{"contents":[{"item":{"contents":[{"item":{"contents":[{"Right":2},[]],"tag":"App"},"name":"x"},{"contents":[{"Right":2},[{"contents":[{"Right":0},[]],"tag":"App"}]],"tag":"App"}],"tag":"Pi"},"name":"f"},{"contents":[{"item":{"contents":[{"item":{"contents":[{"Right":3},[]],"tag":"App"},"name":"x"},{"contents":[{"Right":2},[{"contents":[{"Right":0},[]],"tag":"App"},{"contents":[{"Right":1},[{"contents":[{"Right":0},[]],"tag":"App"}]],"tag":"App"}]],"tag":"App"}],"tag":"Pi"},"name":"_"},{"contents":[{"item":{"contents":[{"Right":3},[]],"tag":"App"},"name":"x"},{"contents":[{"Left":"Agda.Builtin.Sigma.Σ"},[{"contents":[{"Right":6},[]],"tag":"App"},{"contents":[{"Right":5},[]],"tag":"App"},{"contents":[{"Right":3},[{"contents":[{"Right":0},[]],"tag":"App"}]],"tag":"App"},{"contents":[{"Right":2},[{"contents":[{"Right":0},[]],"tag":"App"}]],"tag":"App"}]],"tag":"App"}],"tag":"Pi"}],"tag":"Pi"}],"tag":"Pi"}],"tag":"Pi"}],"tag":"Pi"}],"tag":"Pi"}],"tag":"Pi"}],"tag":"Pi"}],"tag":"Pi"},"reduced":null,"simplified":null}},"name":"Data.Product.<_,_>"},{"item":{"pretty":"{a b c : Level} {A : Set a} {B : A → Set b} {C : A → Set c} →\n({x : A} → B x → C x) → Data.Product.Σ A B → Data.Product.Σ A C","thing":{"normalised":null,"original":{"contents":[{"item":{"contents":[{"Left":"Agda.Primitive.Level"},[]],"tag":"App"},"name":"a"},{"contents":[{"item":{"contents":[{"Left":"Agda.Primitive.Level"},[]],"tag":"App"},"name":"b"},{"contents":[{"item":{"contents":[{"Left":"Agda.Primitive.Level"},[]],"tag":"App"},"name":"c"},{"contents":[{"item":{"contents":"Set @2","tag":"Sort"},"name":"A"},{"contents":[{"item":{"contents":[{"item":{"contents":[{"Right":0},[]],"tag":"App"},"name":"_"},{"contents":"Set @2","tag":"Sort"}],"tag":"Pi"},"name":"B"},{"contents":[{"item":{"contents":[{"item":{"contents":[{"Right":1},[]],"tag":"App"},"name":"_"},{"contents":"Set @2","tag":"Sort"}],"tag":"Pi"},"name":"C"},{"contents":[{"item":{"contents":[{"item":{"contents":[{"Right":2},[]],"tag":"App"},"name":"x"},{"contents":[{"item":{"contents":[{"Right":2},[{"contents":[{"Right":0},[]],"tag":"App"}]],"tag":"App"},"name":"_"},{"contents":[{"Right":1},[{"contents":[{"Right":0},[]],"tag":"App"}]],"tag":"App"}],"tag":"Pi"}],"tag":"Pi"},"name":"_"},{"contents":[{"item":{"contents":[{"Left":"Agda.Builtin.Sigma.Σ"},[{"contents":[{"Right":5},[]],"tag":"App"},{"contents":[{"Right":4},[]],"tag":"App"},{"contents":[{"Right":2},[]],"tag":"App"},{"contents":[{"Right":1},[]],"tag":"App"}]],"tag":"App"},"name":"_"},{"contents":[{"Left":"Agda.Builtin.Sigma.Σ"},[{"contents":[{"Right":5},[]],"tag":"App"},{"contents":[{"Right":3},[]],"tag":"App"},{"contents":[{"Right":2},[]],"tag":"App"},{"contents":[{"Right":0},[]],"tag":"App"}]],"tag":"App"}],"tag":"Pi"}],"tag":"Pi"}],"tag":"Pi"}],"tag":"Pi"}],"tag":"Pi"}],"tag":"Pi"}],"tag":"Pi"}],"tag":"Pi"},"reduced":null,"simplified":null}},"name":"Data.Product.map₂"}],"name":"Data.Product.Categorical.Left.Base"},"samples":[{"ctx":{"pretty":"{a : Level} (A : Set a) (b : Level) (B : Set (a ⊔ b))","thing":[{"item":{"contents":[{"Left":"Agda.Primitive.Level"},[]],"tag":"App"},"name":"a"},{"item":{"contents":"Set @0","tag":"Sort"},"name":"A"},{"item":{"contents":[{"Left":"Agda.Primitive.Level"},[]],"tag":"App"},"name":"b"},{"item":{"contents":"Set (lub @2 @0)","tag":"Sort"},"name":"B"}]},"goal":{"pretty":"Set (a ⊔ b)","thing":{"normalised":null,"original":{"contents":"Set (lub @3 @1)","tag":"Sort"},"reduced":null,"simplified":null}},"term":{"pretty":"A × B","thing":{"normalised":{"contents":[{"Left":"Agda.Builtin.Sigma.Σ"},[{"contents":[{"Right":3},[]],"tag":"App"},{"contents":"lub @3 @1","tag":"Level"},{"contents":[{"Right":2},[]],"tag":"App"},{"contents":{"item":{"contents":[{"Right":1},[]],"tag":"App"},"name":"x"},"tag":"Lam"}]],"tag":"App"},"original":{"contents":[{"Left":"Data.Product._×_"},[{"contents":[{"Right":3},[]],"tag":"App"},{"contents":"lub @3 @1","tag":"Level"},{"contents":[{"Right":2},[]],"tag":"App"},{"contents":[{"Right":0},[]],"tag":"App"}]],"tag":"App"},"reduced":{"contents":[{"Left":"Agda.Builtin.Sigma.Σ"},[{"contents":[{"Right":3},[]],"tag":"App"},{"contents":"lub @3 @1","tag":"Level"},{"contents":[{"Right":2},[]],"tag":"App"},{"contents":{"item":{"contents":[{"Right":1},[]],"tag":"App"},"name":"x"},"tag":"Lam"}]],"tag":"App"},"simplified":null}},"namesUsed":["Data.Product._×_"]},{"ctx":{"pretty":"{a : Level} (A : Set a) (b : Level)","thing":[{"item":{"contents":[{"Left":"Agda.Primitive.Level"},[]],"tag":"App"},"name":"a"},{"item":{"contents":"Set @0","tag":"Sort"},"name":"A"},{"item":{"contents":[{"Left":"Agda.Primitive.Level"},[]],"tag":"App"},"name":"b"}]},"goal":{"pretty":"{A B : Set (a ⊔ b)} → (A → B) → Productₗ A₁ b A → Productₗ A₁ b B","thing":{"normalised":{"contents":[{"item":{"contents":"Set (lub @2 @0)","tag":"Sort"},"name":"A"},{"contents":[{"item":{"contents":"Set (lub @3 @1)","tag":"Sort"},"name":"B"},{"contents":[{"item":{"contents":[{"item":{"contents":[{"Right":1},[]],"tag":"App"},"name":"_"},{"contents":[{"Right":0},[]],"tag":"App"}],"tag":"Pi"},"name":"_"},{"contents":[{"item":{"contents":[{"Left":"Agda.Builtin.Sigma.Σ"},[{"contents":[{"Right":4},[]],"tag":"App"},{"contents":"lub @4 @2","tag":"Level"},{"contents":[{"Right":3},[]],"tag":"App"},{"contents":{"item":{"contents":[{"Right":2},[]],"tag":"App"},"name":"x"},"tag":"Lam"}]],"tag":"App"},"name":"_"},{"contents":[{"Left":"Agda.Builtin.Sigma.Σ"},[{"contents":[{"Right":4},[]],"tag":"App"},{"contents":"lub @4 @2","tag":"Level"},{"contents":[{"Right":3},[]],"tag":"App"},{"contents":{"item":{"contents":[{"Right":1},[]],"tag":"App"},"name":"x"},"tag":"Lam"}]],"tag":"App"}],"tag":"Pi"}],"tag":"Pi"}],"tag":"Pi"}],"tag":"Pi"},"original":{"contents":[{"item":{"contents":"Set (lub @2 @0)","tag":"Sort"},"name":"A"},{"contents":[{"item":{"contents":"Set (lub @3 @1)","tag":"Sort"},"name":"B"},{"contents":[{"item":{"contents":[{"item":{"contents":[{"Right":1},[]],"tag":"App"},"name":"_"},{"contents":[{"Right":0},[]],"tag":"App"}],"tag":"Pi"},"name":"_"},{"contents":[{"item":{"contents":[{"Left":"Data.Product.Categorical.Left.Base.Productₗ"},[{"contents":[{"Right":4},[]],"tag":"App"},{"contents":[{"Right":3},[]],"tag":"App"},{"contents":[{"Right":2},[]],"tag":"App"},{"contents":[{"Right":1},[]],"tag":"App"}]],"tag":"App"},"name":"_"},{"contents":[{"Left":"Data.Product.Categorical.Left.Base.Productₗ"},[{"contents":[{"Right":4},[]],"tag":"App"},{"contents":[{"Right":3},[]],"tag":"App"},{"contents":[{"Right":2},[]],"tag":"App"},{"contents":[{"Right":0},[]],"tag":"App"}]],"tag":"App"}],"tag":"Pi"}],"tag":"Pi"}],"tag":"Pi"}],"tag":"Pi"},"reduced":null,"simplified":{"contents":[{"item":{"contents":"Set (lub @2 @0)","tag":"Sort"},"name":"A"},{"contents":[{"item":{"contents":"Set (lub @3 @1)","tag":"Sort"},"name":"B"},{"contents":[{"item":{"contents":[{"item":{"contents":[{"Right":1},[]],"tag":"App"},"name":"_"},{"contents":[{"Right":0},[]],"tag":"App"}],"tag":"Pi"},"name":"_"},{"contents":[{"item":{"contents":[{"Left":"Data.Product.Categorical.Left.Base.Productₗ"},[{"contents":[{"Right":4},[]],"tag":"App"},{"contents":[{"Right":3},[]],"tag":"App"},{"contents":[{"Right":2},[]],"tag":"App"},{"contents":[{"Right":1},[]],"tag":"App"}]],"tag":"App"},"name":"_"},{"contents":[{"Left":"Data.Product.Categorical.Left.Base.Productₗ"},[{"contents":[{"Right":4},[]],"tag":"App"},{"contents":[{"Right":3},[]],"tag":"App"},{"contents":[{"Right":2},[]],"tag":"App"},{"contents":[{"Right":0},[]],"tag":"App"}]],"tag":"App"}],"tag":"Pi"}],"tag":"Pi"}],"tag":"Pi"}],"tag":"Pi"}}},"term":{"pretty":"λ f → map₂ f","thing":{"normalised":{"contents":{"item":{"contents":{"item":{"contents":{"item":{"contents":[{"Left":"Data.Product.map"},[{"contents":[{"Right":5},[]],"tag":"App"},{"contents":[{"Right":4},[]],"tag":"App"},{"contents":"lub @5 @3","tag":"Level"},{"contents":[{"Right":5},[]],"tag":"App"},{"contents":[{"Right":4},[]],"tag":"App"},{"contents":"lub @5 @3","tag":"Level"},{"contents":{"item":{"contents":[{"Right":3},[]],"tag":"App"},"name":"x"},"tag":"Lam"},{"contents":{"item":{"contents":[{"Right":2},[]],"tag":"App"},"name":"x"},"tag":"Lam"},{"contents":{"item":{"contents":[{"Right":0},[]],"tag":"App"},"name":"x"},"tag":"Lam"},{"contents":{"item":{"contents":[{"Right":1},[]],"tag":"App"},"name":"x"},"tag":"Lam"}]],"tag":"App"},"name":"f"},"tag":"Lam"},"name":"B"},"tag":"Lam"},"name":"A"},"tag":"Lam"},"original":{"contents":{"item":{"contents":{"item":{"contents":{"item":{"contents":[{"Left":"Data.Product.map₂"},[{"contents":[{"Right":5},[]],"tag":"App"},{"contents":"lub @5 @3","tag":"Level"},{"contents":"lub @5 @3","tag":"Level"},{"contents":[{"Right":4},[]],"tag":"App"},{"contents":{"item":{"contents":[{"Right":3},[]],"tag":"App"},"name":"x"},"tag":"Lam"},{"contents":{"item":{"contents":[{"Right":2},[]],"tag":"App"},"name":"x"},"tag":"Lam"},{"contents":{"item":{"contents":[{"Right":1},[]],"tag":"App"},"name":"x"},"tag":"Lam"}]],"tag":"App"},"name":"f"},"tag":"Lam"},"name":"B"},"tag":"Lam"},"name":"A"},"tag":"Lam"},"reduced":null,"simplified":null}},"namesUsed":["Data.Product.map₂"]},{"ctx":{"pretty":"{a = a₁ : Level} (A : Set a₁) (b₁ : Level) {A = A₂ : Set (a₁ ⊔ b₁)}","thing":[{"item":{"contents":[{"Left":"Agda.Primitive.Level"},[]],"tag":"App"},"name":"a"},{"item":{"contents":"Set @0","tag":"Sort"},"name":"A"},{"item":{"contents":[{"Left":"Agda.Primitive.Level"},[]],"tag":"App"},"name":"b"},{"item":{"contents":"Set (lub @2 @0)","tag":"Sort"},"name":"A"}]},"goal":{"pretty":"{B : Set (a ⊔ b)} → (A → B) → Productₗ A₁ b A → Productₗ A₁ b B","thing":{"normalised":{"contents":[{"item":{"contents":"Set (lub @3 @1)","tag":"Sort"},"name":"B"},{"contents":[{"item":{"contents":[{"item":{"contents":[{"Right":1},[]],"tag":"App"},"name":"_"},{"contents":[{"Right":0},[]],"tag":"App"}],"tag":"Pi"},"name":"_"},{"contents":[{"item":{"contents":[{"Left":"Agda.Builtin.Sigma.Σ"},[{"contents":[{"Right":4},[]],"tag":"App"},{"contents":"lub @4 @2","tag":"Level"},{"contents":[{"Right":3},[]],"tag":"App"},{"contents":{"item":{"contents":[{"Right":2},[]],"tag":"App"},"name":"x"},"tag":"Lam"}]],"tag":"App"},"name":"_"},{"contents":[{"Left":"Agda.Builtin.Sigma.Σ"},[{"contents":[{"Right":4},[]],"tag":"App"},{"contents":"lub @4 @2","tag":"Level"},{"contents":[{"Right":3},[]],"tag":"App"},{"contents":{"item":{"contents":[{"Right":1},[]],"tag":"App"},"name":"x"},"tag":"Lam"}]],"tag":"App"}],"tag":"Pi"}],"tag":"Pi"}],"tag":"Pi"},"original":{"contents":[{"item":{"contents":"Set (lub @3 @1)","tag":"Sort"},"name":"B"},{"contents":[{"item":{"contents":[{"item":{"contents":[{"Right":1},[]],"tag":"App"},"name":"_"},{"contents":[{"Right":0},[]],"tag":"App"}],"tag":"Pi"},"name":"_"},{"contents":[{"item":{"contents":[{"Left":"Data.Product.Categorical.Left.Base.Productₗ"},[{"contents":[{"Right":4},[]],"tag":"App"},{"contents":[{"Right":3},[]],"tag":"App"},{"contents":[{"Right":2},[]],"tag":"App"},{"contents":[{"Right":1},[]],"tag":"App"}]],"tag":"App"},"name":"_"},{"contents":[{"Left":"Data.Product.Categorical.Left.Base.Productₗ"},[{"contents":[{"Right":4},[]],"tag":"App"},{"contents":[{"Right":3},[]],"tag":"App"},{"contents":[{"Right":2},[]],"tag":"App"},{"contents":[{"Right":0},[]],"tag":"App"}]],"tag":"App"}],"tag":"Pi"}],"tag":"Pi"}],"tag":"Pi"},"reduced":null,"simplified":{"contents":[{"item":{"contents":"Set (lub @3 @1)","tag":"Sort"},"name":"B"},{"contents":[{"item":{"contents":[{"item":{"contents":[{"Right":1},[]],"tag":"App"},"name":"_"},{"contents":[{"Right":0},[]],"tag":"App"}],"tag":"Pi"},"name":"_"},{"contents":[{"item":{"contents":[{"Left":"Data.Product.Categorical.Left.Base.Productₗ"},[{"contents":[{"Right":4},[]],"tag":"App"},{"contents":[{"Right":3},[]],"tag":"App"},{"contents":[{"Right":2},[]],"tag":"App"},{"contents":[{"Right":1},[]],"tag":"App"}]],"tag":"App"},"name":"_"},{"contents":[{"Left":"Data.Product.Categorical.Left.Base.Productₗ"},[{"contents":[{"Right":4},[]],"tag":"App"},{"contents":[{"Right":3},[]],"tag":"App"},{"contents":[{"Right":2},[]],"tag":"App"},{"contents":[{"Right":0},[]],"tag":"App"}]],"tag":"App"}],"tag":"Pi"}],"tag":"Pi"}],"tag":"Pi"}}},"term":{"pretty":"λ f → map₂ f","thing":{"normalised":{"contents":{"item":{"contents":{"item":{"contents":[{"Left":"Data.Product.map"},[{"contents":[{"Right":5},[]],"tag":"App"},{"contents":[{"Right":4},[]],"tag":"App"},{"contents":"lub @5 @3","tag":"Level"},{"contents":[{"Right":5},[]],"tag":"App"},{"contents":[{"Right":4},[]],"tag":"App"},{"contents":"lub @5 @3","tag":"Level"},{"contents":{"item":{"contents":[{"Right":3},[]],"tag":"App"},"name":"x"},"tag":"Lam"},{"contents":{"item":{"contents":[{"Right":2},[]],"tag":"App"},"name":"x"},"tag":"Lam"},{"contents":{"item":{"contents":[{"Right":0},[]],"tag":"App"},"name":"x"},"tag":"Lam"},{"contents":{"item":{"contents":[{"Right":1},[]],"tag":"App"},"name":"x"},"tag":"Lam"}]],"tag":"App"},"name":"f"},"tag":"Lam"},"name":"B"},"tag":"Lam"},"original":{"contents":{"item":{"contents":{"item":{"contents":[{"Left":"Data.Product.map₂"},[{"contents":[{"Right":5},[]],"tag":"App"},{"contents":"lub @5 @3","tag":"Level"},{"contents":"lub @5 @3","tag":"Level"},{"contents":[{"Right":4},[]],"tag":"App"},{"contents":{"item":{"contents":[{"Right":3},[]],"tag":"App"},"name":"x"},"tag":"Lam"},{"contents":{"item":{"contents":[{"Right":2},[]],"tag":"App"},"name":"x"},"tag":"Lam"},{"contents":{"item":{"contents":[{"Right":1},[]],"tag":"App"},"name":"x"},"tag":"Lam"}]],"tag":"App"},"name":"f"},"tag":"Lam"},"name":"B"},"tag":"Lam"},"reduced":null,"simplified":null}},"namesUsed":["Data.Product.map₂"]},{"ctx":{"pretty":"{a = a₁ : Level} (A₂ : Set a₁) (b₁ : Level)\n{A = A₃ : Set (a₁ ⊔ b₁)} {B : Set (a₁ ⊔ b₁)}","thing":[{"item":{"contents":[{"Left":"Agda.Primitive.Level"},[]],"tag":"App"},"name":"a"},{"item":{"contents":"Set @0","tag":"Sort"},"name":"A"},{"item":{"contents":[{"Left":"Agda.Primitive.Level"},[]],"tag":"App"},"name":"b"},{"item":{"contents":"Set (lub @2 @0)","tag":"Sort"},"name":"A"},{"item":{"contents":"Set (lub @3 @1)","tag":"Sort"},"name":"B"}]},"goal":{"pretty":"(A → B) → Productₗ A₁ b A → Productₗ A₁ b B","thing":{"normalised":{"contents":[{"item":{"contents":[{"item":{"contents":[{"Right":1},[]],"tag":"App"},"name":"_"},{"contents":[{"Right":0},[]],"tag":"App"}],"tag":"Pi"},"name":"_"},{"contents":[{"item":{"contents":[{"Left":"Agda.Builtin.Sigma.Σ"},[{"contents":[{"Right":4},[]],"tag":"App"},{"contents":"lub @4 @2","tag":"Level"},{"contents":[{"Right":3},[]],"tag":"App"},{"contents":{"item":{"contents":[{"Right":2},[]],"tag":"App"},"name":"x"},"tag":"Lam"}]],"tag":"App"},"name":"_"},{"contents":[{"Left":"Agda.Builtin.Sigma.Σ"},[{"contents":[{"Right":4},[]],"tag":"App"},{"contents":"lub @4 @2","tag":"Level"},{"contents":[{"Right":3},[]],"tag":"App"},{"contents":{"item":{"contents":[{"Right":1},[]],"tag":"App"},"name":"x"},"tag":"Lam"}]],"tag":"App"}],"tag":"Pi"}],"tag":"Pi"},"original":{"contents":[{"item":{"contents":[{"item":{"contents":[{"Right":1},[]],"tag":"App"},"name":"_"},{"contents":[{"Right":0},[]],"tag":"App"}],"tag":"Pi"},"name":"_"},{"contents":[{"item":{"contents":[{"Left":"Data.Product.Categorical.Left.Base.Productₗ"},[{"contents":[{"Right":4},[]],"tag":"App"},{"contents":[{"Right":3},[]],"tag":"App"},{"contents":[{"Right":2},[]],"tag":"App"},{"contents":[{"Right":1},[]],"tag":"App"}]],"tag":"App"},"name":"_"},{"contents":[{"Left":"Data.Product.Categorical.Left.Base.Productₗ"},[{"contents":[{"Right":4},[]],"tag":"App"},{"contents":[{"Right":3},[]],"tag":"App"},{"contents":[{"Right":2},[]],"tag":"App"},{"contents":[{"Right":0},[]],"tag":"App"}]],"tag":"App"}],"tag":"Pi"}],"tag":"Pi"},"reduced":null,"simplified":null}},"term":{"pretty":"λ f → map₂ f","thing":{"normalised":{"contents":{"item":{"contents":[{"Left":"Data.Product.map"},[{"contents":[{"Right":5},[]],"tag":"App"},{"contents":[{"Right":4},[]],"tag":"App"},{"contents":"lub @5 @3","tag":"Level"},{"contents":[{"Right":5},[]],"tag":"App"},{"contents":[{"Right":4},[]],"tag":"App"},{"contents":"lub @5 @3","tag":"Level"},{"contents":{"item":{"contents":[{"Right":3},[]],"tag":"App"},"name":"x"},"tag":"Lam"},{"contents":{"item":{"contents":[{"Right":2},[]],"tag":"App"},"name":"x"},"tag":"Lam"},{"contents":{"item":{"contents":[{"Right":0},[]],"tag":"App"},"name":"x"},"tag":"Lam"},{"contents":{"item":{"contents":[{"Right":1},[]],"tag":"App"},"name":"x"},"tag":"Lam"}]],"tag":"App"},"name":"f"},"tag":"Lam"},"original":{"contents":{"item":{"contents":[{"Left":"Data.Product.map₂"},[{"contents":[{"Right":5},[]],"tag":"App"},{"contents":"lub @5 @3","tag":"Level"},{"contents":"lub @5 @3","tag":"Level"},{"contents":[{"Right":4},[]],"tag":"App"},{"contents":{"item":{"contents":[{"Right":3},[]],"tag":"App"},"name":"x"},"tag":"Lam"},{"contents":{"item":{"contents":[{"Right":2},[]],"tag":"App"},"name":"x"},"tag":"Lam"},{"contents":{"item":{"contents":[{"Right":1},[]],"tag":"App"},"name":"x"},"tag":"Lam"}]],"tag":"App"},"name":"f"},"tag":"Lam"},"reduced":null,"simplified":null}},"namesUsed":["Data.Product.map₂"]},{"ctx":{"pretty":"{a = a₁ : Level} (A₂ : Set a₁) (b₁ : Level)\n{A = A₃ : Set (a₁ ⊔ b₁)} {B = B₁ : Set (a₁ ⊔ b₁)} (f : A₃ → B₁)","thing":[{"item":{"contents":[{"Left":"Agda.Primitive.Level"},[]],"tag":"App"},"name":"a"},{"item":{"contents":"Set @0","tag":"Sort"},"name":"A"},{"item":{"contents":[{"Left":"Agda.Primitive.Level"},[]],"tag":"App"},"name":"b"},{"item":{"contents":"Set (lub @2 @0)","tag":"Sort"},"name":"A"},{"item":{"contents":"Set (lub @3 @1)","tag":"Sort"},"name":"B"},{"item":{"contents":[{"item":{"contents":[{"Right":1},[]],"tag":"App"},"name":"_"},{"contents":[{"Right":0},[]],"tag":"App"}],"tag":"Pi"},"name":"f"}]},"goal":{"pretty":"Productₗ A₁ b A → Productₗ A₁ b B","thing":{"normalised":{"contents":[{"item":{"contents":[{"Left":"Agda.Builtin.Sigma.Σ"},[{"contents":[{"Right":5},[]],"tag":"App"},{"contents":"lub @5 @3","tag":"Level"},{"contents":[{"Right":4},[]],"tag":"App"},{"contents":{"item":{"contents":[{"Right":3},[]],"tag":"App"},"name":"x"},"tag":"Lam"}]],"tag":"App"},"name":"_"},{"contents":[{"Left":"Agda.Builtin.Sigma.Σ"},[{"contents":[{"Right":5},[]],"tag":"App"},{"contents":"lub @5 @3","tag":"Level"},{"contents":[{"Right":4},[]],"tag":"App"},{"contents":{"item":{"contents":[{"Right":2},[]],"tag":"App"},"name":"x"},"tag":"Lam"}]],"tag":"App"}],"tag":"Pi"},"original":{"contents":[{"item":{"contents":[{"Left":"Data.Product.Categorical.Left.Base.Productₗ"},[{"contents":[{"Right":5},[]],"tag":"App"},{"contents":[{"Right":4},[]],"tag":"App"},{"contents":[{"Right":3},[]],"tag":"App"},{"contents":[{"Right":2},[]],"tag":"App"}]],"tag":"App"},"name":"_"},{"contents":[{"Left":"Data.Product.Categorical.Left.Base.Productₗ"},[{"contents":[{"Right":5},[]],"tag":"App"},{"contents":[{"Right":4},[]],"tag":"App"},{"contents":[{"Right":3},[]],"tag":"App"},{"contents":[{"Right":1},[]],"tag":"App"}]],"tag":"App"}],"tag":"Pi"},"reduced":null,"simplified":null}},"term":{"pretty":"map₂ f","thing":{"normalised":{"contents":[{"Left":"Data.Product.map"},[{"contents":[{"Right":5},[]],"tag":"App"},{"contents":[{"Right":4},[]],"tag":"App"},{"contents":"lub @5 @3","tag":"Level"},{"contents":[{"Right":5},[]],"tag":"App"},{"contents":[{"Right":4},[]],"tag":"App"},{"contents":"lub @5 @3","tag":"Level"},{"contents":{"item":{"contents":[{"Right":3},[]],"tag":"App"},"name":"x"},"tag":"Lam"},{"contents":{"item":{"contents":[{"Right":2},[]],"tag":"App"},"name":"x"},"tag":"Lam"},{"contents":{"item":{"contents":[{"Right":0},[]],"tag":"App"},"name":"x"},"tag":"Lam"},{"contents":{"item":{"contents":[{"Right":1},[]],"tag":"App"},"name":"x"},"tag":"Lam"}]],"tag":"App"},"original":{"contents":[{"Left":"Data.Product.map₂"},[{"contents":[{"Right":5},[]],"tag":"App"},{"contents":"lub @5 @3","tag":"Level"},{"contents":"lub @5 @3","tag":"Level"},{"contents":[{"Right":4},[]],"tag":"App"},{"contents":{"item":{"contents":[{"Right":3},[]],"tag":"App"},"name":"x"},"tag":"Lam"},{"contents":{"item":{"contents":[{"Right":2},[]],"tag":"App"},"name":"x"},"tag":"Lam"},{"contents":{"item":{"contents":[{"Right":1},[]],"tag":"App"},"name":"x"},"tag":"Lam"}]],"tag":"App"},"reduced":{"contents":[{"Left":"Data.Product.map"},[{"contents":[{"Right":5},[]],"tag":"App"},{"contents":[{"Right":4},[]],"tag":"App"},{"contents":"lub @5 @3","tag":"Level"},{"contents":[{"Right":5},[]],"tag":"App"},{"contents":[{"Right":4},[]],"tag":"App"},{"contents":"lub @5 @3","tag":"Level"},{"contents":{"item":{"contents":[{"Right":3},[]],"tag":"App"},"name":"x"},"tag":"Lam"},{"contents":{"item":{"contents":[{"Right":2},[]],"tag":"App"},"name":"x"},"tag":"Lam"},{"contents":[{"Left":"Function.Base.id"},[{"contents":[{"Right":5},[]],"tag":"App"},{"contents":[{"Right":4},[]],"tag":"App"}]],"tag":"App"},{"contents":{"item":{"contents":[{"Right":1},[]],"tag":"App"},"name":"x"},"tag":"Lam"}]],"tag":"App"},"simplified":null}},"namesUsed":["Data.Product.map₂"]},{"ctx":{"pretty":"{a : Level} (A : Set a) (b : Level)","thing":[{"item":{"contents":[{"Left":"Agda.Primitive.Level"},[]],"tag":"App"},"name":"a"},{"item":{"contents":"Set @0","tag":"Sort"},"name":"A"},{"item":{"contents":[{"Left":"Agda.Primitive.Level"},[]],"tag":"App"},"name":"b"}]},"goal":{"pretty":"{A B : Set (a ⊔ b)} →\n(Productₗ A₁ b A → B) → Productₗ A₁ b A → Productₗ A₁ b B","thing":{"normalised":{"contents":[{"item":{"contents":"Set (lub @2 @0)","tag":"Sort"},"name":"A"},{"contents":[{"item":{"contents":"Set (lub @3 @1)","tag":"Sort"},"name":"B"},{"contents":[{"item":{"contents":[{"item":{"contents":[{"Left":"Agda.Builtin.Sigma.Σ"},[{"contents":[{"Right":4},[]],"tag":"App"},{"contents":"lub @4 @2","tag":"Level"},{"contents":[{"Right":3},[]],"tag":"App"},{"contents":{"item":{"contents":[{"Right":2},[]],"tag":"App"},"name":"x"},"tag":"Lam"}]],"tag":"App"},"name":"_"},{"contents":[{"Right":0},[]],"tag":"App"}],"tag":"Pi"},"name":"_"},{"contents":[{"item":{"contents":[{"Left":"Agda.Builtin.Sigma.Σ"},[{"contents":[{"Right":4},[]],"tag":"App"},{"contents":"lub @4 @2","tag":"Level"},{"contents":[{"Right":3},[]],"tag":"App"},{"contents":{"item":{"contents":[{"Right":2},[]],"tag":"App"},"name":"x"},"tag":"Lam"}]],"tag":"App"},"name":"_"},{"contents":[{"Left":"Agda.Builtin.Sigma.Σ"},[{"contents":[{"Right":4},[]],"tag":"App"},{"contents":"lub @4 @2","tag":"Level"},{"contents":[{"Right":3},[]],"tag":"App"},{"contents":{"item":{"contents":[{"Right":1},[]],"tag":"App"},"name":"x"},"tag":"Lam"}]],"tag":"App"}],"tag":"Pi"}],"tag":"Pi"}],"tag":"Pi"}],"tag":"Pi"},"original":{"contents":[{"item":{"contents":"Set (lub @2 @0)","tag":"Sort"},"name":"A"},{"contents":[{"item":{"contents":"Set (lub @3 @1)","tag":"Sort"},"name":"B"},{"contents":[{"item":{"contents":[{"item":{"contents":[{"Left":"Data.Product.Categorical.Left.Base.Productₗ"},[{"contents":[{"Right":4},[]],"tag":"App"},{"contents":[{"Right":3},[]],"tag":"App"},{"contents":[{"Right":2},[]],"tag":"App"},{"contents":[{"Right":1},[]],"tag":"App"}]],"tag":"App"},"name":"_"},{"contents":[{"Right":0},[]],"tag":"App"}],"tag":"Pi"},"name":"_"},{"contents":[{"item":{"contents":[{"Left":"Data.Product.Categorical.Left.Base.Productₗ"},[{"contents":[{"Right":4},[]],"tag":"App"},{"contents":[{"Right":3},[]],"tag":"App"},{"contents":[{"Right":2},[]],"tag":"App"},{"contents":[{"Right":1},[]],"tag":"App"}]],"tag":"App"},"name":"_"},{"contents":[{"Left":"Data.Product.Categorical.Left.Base.Productₗ"},[{"contents":[{"Right":4},[]],"tag":"App"},{"contents":[{"Right":3},[]],"tag":"App"},{"contents":[{"Right":2},[]],"tag":"App"},{"contents":[{"Right":0},[]],"tag":"App"}]],"tag":"App"}],"tag":"Pi"}],"tag":"Pi"}],"tag":"Pi"}],"tag":"Pi"},"reduced":null,"simplified":{"contents":[{"item":{"contents":"Set (lub @2 @0)","tag":"Sort"},"name":"A"},{"contents":[{"item":{"contents":"Set (lub @3 @1)","tag":"Sort"},"name":"B"},{"contents":[{"item":{"contents":[{"item":{"contents":[{"Left":"Data.Product.Categorical.Left.Base.Productₗ"},[{"contents":[{"Right":4},[]],"tag":"App"},{"contents":[{"Right":3},[]],"tag":"App"},{"contents":[{"Right":2},[]],"tag":"App"},{"contents":[{"Right":1},[]],"tag":"App"}]],"tag":"App"},"name":"_"},{"contents":[{"Right":0},[]],"tag":"App"}],"tag":"Pi"},"name":"_"},{"contents":[{"item":{"contents":[{"Left":"Data.Product.Categorical.Left.Base.Productₗ"},[{"contents":[{"Right":4},[]],"tag":"App"},{"contents":[{"Right":3},[]],"tag":"App"},{"contents":[{"Right":2},[]],"tag":"App"},{"contents":[{"Right":1},[]],"tag":"App"}]],"tag":"App"},"name":"_"},{"contents":[{"Left":"Data.Product.Categorical.Left.Base.Productₗ"},[{"contents":[{"Right":4},[]],"tag":"App"},{"contents":[{"Right":3},[]],"tag":"App"},{"contents":[{"Right":2},[]],"tag":"App"},{"contents":[{"Right":0},[]],"tag":"App"}]],"tag":"App"}],"tag":"Pi"}],"tag":"Pi"}],"tag":"Pi"}],"tag":"Pi"}}},"term":{"pretty":"<_,_> (λ r → proj₁ r)","thing":{"normalised":{"contents":{"item":{"contents":{"item":{"contents":{"item":{"contents":{"item":{"contents":[{"Left":"Agda.Builtin.Sigma._,_"},[{"contents":[{"Right":0},[{"contents":[{"Left":"Agda.Builtin.Sigma.Σ.fst"},[]],"tag":"App"}]],"tag":"App"},{"contents":[{"Right":1},[{"contents":[{"Right":0},[]],"tag":"App"}]],"tag":"App"}]],"tag":"App"},"name":"x"},"tag":"Lam"},"name":"g"},"tag":"Lam"},"name":"B"},"tag":"Lam"},"name":"A"},"tag":"Lam"},"original":{"contents":{"item":{"contents":{"item":{"contents":[{"Left":"Data.Product.<_,_>"},[{"contents":"lub @4 @2","tag":"Level"},{"contents":[{"Right":4},[]],"tag":"App"},{"contents":"lub @4 @2","tag":"Level"},{"contents":[{"Left":"Data.Product.Categorical.Left.Base.Productₗ"},[{"contents":[{"Right":4},[]],"tag":"App"},{"contents":[{"Right":3},[]],"tag":"App"},{"contents":[{"Right":2},[]],"tag":"App"},{"contents":[{"Right":1},[]],"tag":"App"}]],"tag":"App"},{"contents":{"item":{"contents":[{"Right":4},[]],"tag":"App"},"name":"_"},"tag":"Lam"},{"contents":{"item":{"contents":{"item":{"contents":[{"Right":2},[]],"tag":"App"},"name":"x"},"tag":"Lam"},"name":"x"},"tag":"Lam"},{"contents":{"item":{"contents":[{"Right":0},[{"contents":[{"Left":"Agda.Builtin.Sigma.Σ.fst"},[]],"tag":"App"}]],"tag":"App"},"name":"r"},"tag":"Lam"}]],"tag":"App"},"name":"B"},"tag":"Lam"},"name":"A"},"tag":"Lam"},"reduced":null,"simplified":null}},"namesUsed":["Data.Product.<_,_>","Data.Product.Categorical.Left.Base.Productₗ"]},{"ctx":{"pretty":"{a = a₁ : Level} (A : Set a₁) (b₁ : Level) {A = A₂ : Set (a₁ ⊔ b₁)}","thing":[{"item":{"contents":[{"Left":"Agda.Primitive.Level"},[]],"tag":"App"},"name":"a"},{"item":{"contents":"Set @0","tag":"Sort"},"name":"A"},{"item":{"contents":[{"Left":"Agda.Primitive.Level"},[]],"tag":"App"},"name":"b"},{"item":{"contents":"Set (lub @2 @0)","tag":"Sort"},"name":"A"}]},"goal":{"pretty":"{B : Set (a ⊔ b)} →\n(Productₗ A₁ b A → B) → Productₗ A₁ b A → Productₗ A₁ b B","thing":{"normalised":{"contents":[{"item":{"contents":"Set (lub @3 @1)","tag":"Sort"},"name":"B"},{"contents":[{"item":{"contents":[{"item":{"contents":[{"Left":"Agda.Builtin.Sigma.Σ"},[{"contents":[{"Right":4},[]],"tag":"App"},{"contents":"lub @4 @2","tag":"Level"},{"contents":[{"Right":3},[]],"tag":"App"},{"contents":{"item":{"contents":[{"Right":2},[]],"tag":"App"},"name":"x"},"tag":"Lam"}]],"tag":"App"},"name":"_"},{"contents":[{"Right":0},[]],"tag":"App"}],"tag":"Pi"},"name":"_"},{"contents":[{"item":{"contents":[{"Left":"Agda.Builtin.Sigma.Σ"},[{"contents":[{"Right":4},[]],"tag":"App"},{"contents":"lub @4 @2","tag":"Level"},{"contents":[{"Right":3},[]],"tag":"App"},{"contents":{"item":{"contents":[{"Right":2},[]],"tag":"App"},"name":"x"},"tag":"Lam"}]],"tag":"App"},"name":"_"},{"contents":[{"Left":"Agda.Builtin.Sigma.Σ"},[{"contents":[{"Right":4},[]],"tag":"App"},{"contents":"lub @4 @2","tag":"Level"},{"contents":[{"Right":3},[]],"tag":"App"},{"contents":{"item":{"contents":[{"Right":1},[]],"tag":"App"},"name":"x"},"tag":"Lam"}]],"tag":"App"}],"tag":"Pi"}],"tag":"Pi"}],"tag":"Pi"},"original":{"contents":[{"item":{"contents":"Set (lub @3 @1)","tag":"Sort"},"name":"B"},{"contents":[{"item":{"contents":[{"item":{"contents":[{"Left":"Data.Product.Categorical.Left.Base.Productₗ"},[{"contents":[{"Right":4},[]],"tag":"App"},{"contents":[{"Right":3},[]],"tag":"App"},{"contents":[{"Right":2},[]],"tag":"App"},{"contents":[{"Right":1},[]],"tag":"App"}]],"tag":"App"},"name":"_"},{"contents":[{"Right":0},[]],"tag":"App"}],"tag":"Pi"},"name":"_"},{"contents":[{"item":{"contents":[{"Left":"Data.Product.Categorical.Left.Base.Productₗ"},[{"contents":[{"Right":4},[]],"tag":"App"},{"contents":[{"Right":3},[]],"tag":"App"},{"contents":[{"Right":2},[]],"tag":"App"},{"contents":[{"Right":1},[]],"tag":"App"}]],"tag":"App"},"name":"_"},{"contents":[{"Left":"Data.Product.Categorical.Left.Base.Productₗ"},[{"contents":[{"Right":4},[]],"tag":"App"},{"contents":[{"Right":3},[]],"tag":"App"},{"contents":[{"Right":2},[]],"tag":"App"},{"contents":[{"Right":0},[]],"tag":"App"}]],"tag":"App"}],"tag":"Pi"}],"tag":"Pi"}],"tag":"Pi"},"reduced":null,"simplified":{"contents":[{"item":{"contents":"Set (lub @3 @1)","tag":"Sort"},"name":"B"},{"contents":[{"item":{"contents":[{"item":{"contents":[{"Left":"Data.Product.Categorical.Left.Base.Productₗ"},[{"contents":[{"Right":4},[]],"tag":"App"},{"contents":[{"Right":3},[]],"tag":"App"},{"contents":[{"Right":2},[]],"tag":"App"},{"contents":[{"Right":1},[]],"tag":"App"}]],"tag":"App"},"name":"_"},{"contents":[{"Right":0},[]],"tag":"App"}],"tag":"Pi"},"name":"_"},{"contents":[{"item":{"contents":[{"Left":"Data.Product.Categorical.Left.Base.Productₗ"},[{"contents":[{"Right":4},[]],"tag":"App"},{"contents":[{"Right":3},[]],"tag":"App"},{"contents":[{"Right":2},[]],"tag":"App"},{"contents":[{"Right":1},[]],"tag":"App"}]],"tag":"App"},"name":"_"},{"contents":[{"Left":"Data.Product.Categorical.Left.Base.Productₗ"},[{"contents":[{"Right":4},[]],"tag":"App"},{"contents":[{"Right":3},[]],"tag":"App"},{"contents":[{"Right":2},[]],"tag":"App"},{"contents":[{"Right":0},[]],"tag":"App"}]],"tag":"App"}],"tag":"Pi"}],"tag":"Pi"}],"tag":"Pi"}}},"term":{"pretty":"<_,_> (λ r → proj₁ r)","thing":{"normalised":{"contents":{"item":{"contents":{"item":{"contents":{"item":{"contents":[{"Left":"Agda.Builtin.Sigma._,_"},[{"contents":[{"Right":0},[{"contents":[{"Left":"Agda.Builtin.Sigma.Σ.fst"},[]],"tag":"App"}]],"tag":"App"},{"contents":[{"Right":1},[{"contents":[{"Right":0},[]],"tag":"App"}]],"tag":"App"}]],"tag":"App"},"name":"x"},"tag":"Lam"},"name":"g"},"tag":"Lam"},"name":"B"},"tag":"Lam"},"original":{"contents":{"item":{"contents":[{"Left":"Data.Product.<_,_>"},[{"contents":"lub @4 @2","tag":"Level"},{"contents":[{"Right":4},[]],"tag":"App"},{"contents":"lub @4 @2","tag":"Level"},{"contents":[{"Left":"Data.Product.Categorical.Left.Base.Productₗ"},[{"contents":[{"Right":4},[]],"tag":"App"},{"contents":[{"Right":3},[]],"tag":"App"},{"contents":[{"Right":2},[]],"tag":"App"},{"contents":[{"Right":1},[]],"tag":"App"}]],"tag":"App"},{"contents":{"item":{"contents":[{"Right":4},[]],"tag":"App"},"name":"_"},"tag":"Lam"},{"contents":{"item":{"contents":{"item":{"contents":[{"Right":2},[]],"tag":"App"},"name":"x"},"tag":"Lam"},"name":"x"},"tag":"Lam"},{"contents":{"item":{"contents":[{"Right":0},[{"contents":[{"Left":"Agda.Builtin.Sigma.Σ.fst"},[]],"tag":"App"}]],"tag":"App"},"name":"r"},"tag":"Lam"}]],"tag":"App"},"name":"B"},"tag":"Lam"},"reduced":null,"simplified":null}},"namesUsed":["Data.Product.<_,_>","Data.Product.Categorical.Left.Base.Productₗ"]},{"ctx":{"pretty":"{a = a₁ : Level} (A₂ : Set a₁) (b₁ : Level)\n{A = A₃ : Set (a₁ ⊔ b₁)} {B : Set (a₁ ⊔ b₁)}","thing":[{"item":{"contents":[{"Left":"Agda.Primitive.Level"},[]],"tag":"App"},"name":"a"},{"item":{"contents":"Set @0","tag":"Sort"},"name":"A"},{"item":{"contents":[{"Left":"Agda.Primitive.Level"},[]],"tag":"App"},"name":"b"},{"item":{"contents":"Set (lub @2 @0)","tag":"Sort"},"name":"A"},{"item":{"contents":"Set (lub @3 @1)","tag":"Sort"},"name":"B"}]},"goal":{"pretty":"(Productₗ A₁ b A → B) → Productₗ A₁ b A → Productₗ A₁ b B","thing":{"normalised":{"contents":[{"item":{"contents":[{"item":{"contents":[{"Left":"Agda.Builtin.Sigma.Σ"},[{"contents":[{"Right":4},[]],"tag":"App"},{"contents":"lub @4 @2","tag":"Level"},{"contents":[{"Right":3},[]],"tag":"App"},{"contents":{"item":{"contents":[{"Right":2},[]],"tag":"App"},"name":"x"},"tag":"Lam"}]],"tag":"App"},"name":"_"},{"contents":[{"Right":0},[]],"tag":"App"}],"tag":"Pi"},"name":"_"},{"contents":[{"item":{"contents":[{"Left":"Agda.Builtin.Sigma.Σ"},[{"contents":[{"Right":4},[]],"tag":"App"},{"contents":"lub @4 @2","tag":"Level"},{"contents":[{"Right":3},[]],"tag":"App"},{"contents":{"item":{"contents":[{"Right":2},[]],"tag":"App"},"name":"x"},"tag":"Lam"}]],"tag":"App"},"name":"_"},{"contents":[{"Left":"Agda.Builtin.Sigma.Σ"},[{"contents":[{"Right":4},[]],"tag":"App"},{"contents":"lub @4 @2","tag":"Level"},{"contents":[{"Right":3},[]],"tag":"App"},{"contents":{"item":{"contents":[{"Right":1},[]],"tag":"App"},"name":"x"},"tag":"Lam"}]],"tag":"App"}],"tag":"Pi"}],"tag":"Pi"},"original":{"contents":[{"item":{"contents":[{"item":{"contents":[{"Left":"Data.Product.Categorical.Left.Base.Productₗ"},[{"contents":[{"Right":4},[]],"tag":"App"},{"contents":[{"Right":3},[]],"tag":"App"},{"contents":[{"Right":2},[]],"tag":"App"},{"contents":[{"Right":1},[]],"tag":"App"}]],"tag":"App"},"name":"_"},{"contents":[{"Right":0},[]],"tag":"App"}],"tag":"Pi"},"name":"_"},{"contents":[{"item":{"contents":[{"Left":"Data.Product.Categorical.Left.Base.Productₗ"},[{"contents":[{"Right":4},[]],"tag":"App"},{"contents":[{"Right":3},[]],"tag":"App"},{"contents":[{"Right":2},[]],"tag":"App"},{"contents":[{"Right":1},[]],"tag":"App"}]],"tag":"App"},"name":"_"},{"contents":[{"Left":"Data.Product.Categorical.Left.Base.Productₗ"},[{"contents":[{"Right":4},[]],"tag":"App"},{"contents":[{"Right":3},[]],"tag":"App"},{"contents":[{"Right":2},[]],"tag":"App"},{"contents":[{"Right":0},[]],"tag":"App"}]],"tag":"App"}],"tag":"Pi"}],"tag":"Pi"},"reduced":null,"simplified":null}},"term":{"pretty":"<_,_> (λ r → proj₁ r)","thing":{"normalised":{"contents":{"item":{"contents":{"item":{"contents":[{"Left":"Agda.Builtin.Sigma._,_"},[{"contents":[{"Right":0},[{"contents":[{"Left":"Agda.Builtin.Sigma.Σ.fst"},[]],"tag":"App"}]],"tag":"App"},{"contents":[{"Right":1},[{"contents":[{"Right":0},[]],"tag":"App"}]],"tag":"App"}]],"tag":"App"},"name":"x"},"tag":"Lam"},"name":"g"},"tag":"Lam"},"original":{"contents":[{"Left":"Data.Product.<_,_>"},[{"contents":"lub @4 @2","tag":"Level"},{"contents":[{"Right":4},[]],"tag":"App"},{"contents":"lub @4 @2","tag":"Level"},{"contents":[{"Left":"Data.Product.Categorical.Left.Base.Productₗ"},[{"contents":[{"Right":4},[]],"tag":"App"},{"contents":[{"Right":3},[]],"tag":"App"},{"contents":[{"Right":2},[]],"tag":"App"},{"contents":[{"Right":1},[]],"tag":"App"}]],"tag":"App"},{"contents":{"item":{"contents":[{"Right":4},[]],"tag":"App"},"name":"_"},"tag":"Lam"},{"contents":{"item":{"contents":{"item":{"contents":[{"Right":2},[]],"tag":"App"},"name":"x"},"tag":"Lam"},"name":"x"},"tag":"Lam"},{"contents":{"item":{"contents":[{"Right":0},[{"contents":[{"Left":"Agda.Builtin.Sigma.Σ.fst"},[]],"tag":"App"}]],"tag":"App"},"name":"r"},"tag":"Lam"}]],"tag":"App"},"reduced":{"contents":{"item":{"contents":{"item":{"contents":[{"Left":"Agda.Builtin.Sigma._,_"},[{"contents":[{"Right":0},[{"contents":[{"Left":"Agda.Builtin.Sigma.Σ.fst"},[]],"tag":"App"}]],"tag":"App"},{"contents":[{"Right":1},[{"contents":[{"Right":0},[]],"tag":"App"}]],"tag":"App"}]],"tag":"App"},"name":"x"},"tag":"Lam"},"name":"g"},"tag":"Lam"},"simplified":null}},"namesUsed":["Data.Product.<_,_>","Data.Product.Categorical.Left.Base.Productₗ"]},{"ctx":{"pretty":"{a = a₁ : Level} (A₂ : Set a₁) (b₁ : Level)\n{A = A₃ : Set (a₁ ⊔ b₁)} {B = B₁ : Set (a₁ ⊔ b₁)}","thing":[{"item":{"contents":[{"Left":"Agda.Primitive.Level"},[]],"tag":"App"},"name":"a"},{"item":{"contents":"Set @0","tag":"Sort"},"name":"A"},{"item":{"contents":[{"Left":"Agda.Primitive.Level"},[]],"tag":"App"},"name":"b"},{"item":{"contents":"Set (lub @2 @0)","tag":"Sort"},"name":"A"},{"item":{"contents":"Set (lub @3 @1)","tag":"Sort"},"name":"B"}]},"goal":{"pretty":"Set (a ⊔ b)","thing":{"normalised":{"contents":"Set (lub @4 @2)","tag":"Sort"},"original":{"contents":"Set (lub @4 @2)","tag":"Sort"},"reduced":null,"simplified":{"contents":"Set (lub @4 @2)","tag":"Sort"}}},"term":{"pretty":"Productₗ A₁ b A","thing":{"normalised":{"contents":[{"Left":"Agda.Builtin.Sigma.Σ"},[{"contents":[{"Right":4},[]],"tag":"App"},{"contents":"lub @4 @2","tag":"Level"},{"contents":[{"Right":3},[]],"tag":"App"},{"contents":{"item":{"contents":[{"Right":2},[]],"tag":"App"},"name":"x"},"tag":"Lam"}]],"tag":"App"},"original":{"contents":[{"Left":"Data.Product.Categorical.Left.Base.Productₗ"},[{"contents":[{"Right":4},[]],"tag":"App"},{"contents":[{"Right":3},[]],"tag":"App"},{"contents":[{"Right":2},[]],"tag":"App"},{"contents":[{"Right":1},[]],"tag":"App"}]],"tag":"App"},"reduced":{"contents":[{"Left":"Agda.Builtin.Sigma.Σ"},[{"contents":[{"Right":4},[]],"tag":"App"},{"contents":"lub @4 @2","tag":"Level"},{"contents":[{"Right":3},[]],"tag":"App"},{"contents":{"item":{"contents":[{"Right":2},[]],"tag":"App"},"name":"x"},"tag":"Lam"}]],"tag":"App"},"simplified":null}},"namesUsed":["Data.Product.Categorical.Left.Base.Productₗ"]}]}