{"scope":{"item":[{"item":{"pretty":"Set","thing":{"normalised":null,"original":{"contents":"Set","tag":"Sort"},"reduced":null,"simplified":null}},"name":"Agda.Builtin.Nat.Nat"},{"item":{"pretty":"Set","thing":{"normalised":null,"original":{"contents":"Set","tag":"Sort"},"reduced":null,"simplified":null}},"name":"Data.Nat.PseudoRandom.LCG.Generator"},{"item":{"pretty":"ℕ","thing":{"normalised":null,"original":{"contents":[{"Left":"Agda.Builtin.Nat.Nat"},[]],"tag":"App"},"reduced":null,"simplified":null}},"name":"Agda.Builtin.Nat.Nat.zero"},{"item":{"pretty":"{a : Agda.Primitive.Level} → Set a → Set a","thing":{"normalised":null,"original":{"contents":[{"item":{"contents":[{"Left":"Agda.Primitive.Level"},[]],"tag":"App"},"name":"a"},{"contents":[{"item":{"contents":"Set @0","tag":"Sort"},"name":"A"},{"contents":"Set @0","tag":"Sort"}],"tag":"Pi"}],"tag":"Pi"},"reduced":null,"simplified":null}},"name":"Agda.Builtin.List.List"},{"item":{"pretty":"ℕ → ℕ","thing":{"normalised":null,"original":{"contents":[{"item":{"contents":[{"Left":"Agda.Builtin.Nat.Nat"},[]],"tag":"App"},"name":"n"},{"contents":[{"Left":"Agda.Builtin.Nat.Nat"},[]],"tag":"App"}],"tag":"Pi"},"reduced":null,"simplified":null}},"name":"Agda.Builtin.Nat.Nat.suc"},{"item":{"pretty":"ℕ → ℕ → ℕ","thing":{"normalised":null,"original":{"contents":[{"item":{"contents":[{"Left":"Agda.Builtin.Nat.Nat"},[]],"tag":"App"},"name":"_"},{"contents":[{"item":{"contents":[{"Left":"Agda.Builtin.Nat.Nat"},[]],"tag":"App"},"name":"_"},{"contents":[{"Left":"Agda.Builtin.Nat.Nat"},[]],"tag":"App"}],"tag":"Pi"}],"tag":"Pi"},"reduced":null,"simplified":null}},"name":"Agda.Builtin.Nat._+_"},{"item":{"pretty":"{a : Agda.Primitive.Level} {A : Set a} → List A","thing":{"normalised":null,"original":{"contents":[{"item":{"contents":[{"Left":"Agda.Primitive.Level"},[]],"tag":"App"},"name":"a"},{"contents":[{"item":{"contents":"Set @0","tag":"Sort"},"name":"A"},{"contents":[{"Left":"Agda.Builtin.List.List"},[{"contents":[{"Right":1},[]],"tag":"App"},{"contents":[{"Right":0},[]],"tag":"App"}]],"tag":"App"}],"tag":"Pi"}],"tag":"Pi"},"reduced":null,"simplified":null}},"name":"Agda.Builtin.List.List.[]"},{"item":{"pretty":"{a : Agda.Primitive.Level} {A : Set a} → A → List A → List A","thing":{"normalised":null,"original":{"contents":[{"item":{"contents":[{"Left":"Agda.Primitive.Level"},[]],"tag":"App"},"name":"a"},{"contents":[{"item":{"contents":"Set @0","tag":"Sort"},"name":"A"},{"contents":[{"item":{"contents":[{"Right":0},[]],"tag":"App"},"name":"x"},{"contents":[{"item":{"contents":[{"Left":"Agda.Builtin.List.List"},[{"contents":[{"Right":1},[]],"tag":"App"},{"contents":[{"Right":0},[]],"tag":"App"}]],"tag":"App"},"name":"xs"},{"contents":[{"Left":"Agda.Builtin.List.List"},[{"contents":[{"Right":1},[]],"tag":"App"},{"contents":[{"Right":0},[]],"tag":"App"}]],"tag":"App"}],"tag":"Pi"}],"tag":"Pi"}],"tag":"Pi"}],"tag":"Pi"},"reduced":null,"simplified":null}},"name":"Agda.Builtin.List.List._∷_"},{"item":{"pretty":"Generator → ℕ → ℕ","thing":{"normalised":null,"original":{"contents":[{"item":{"contents":[{"Left":"Data.Nat.PseudoRandom.LCG.Generator"},[]],"tag":"App"},"name":"_"},{"contents":[{"item":{"contents":[{"Left":"Agda.Builtin.Nat.Nat"},[]],"tag":"App"},"name":"_"},{"contents":[{"Left":"Agda.Builtin.Nat.Nat"},[]],"tag":"App"}],"tag":"Pi"}],"tag":"Pi"},"reduced":null,"simplified":null}},"name":"Data.Nat.PseudoRandom.LCG.step"},{"item":{"pretty":"{P.p : Agda.Primitive.Level} {P : Set P.p} →\nRelation.Nullary.Dec P → Set","thing":{"normalised":null,"original":{"contents":[{"item":{"contents":[{"Left":"Agda.Primitive.Level"},[]],"tag":"App"},"name":"P.p"},{"contents":[{"item":{"contents":"Set @0","tag":"Sort"},"name":"P"},{"contents":[{"item":{"contents":[{"Left":"Relation.Nullary.Dec"},[{"contents":[{"Right":1},[]],"tag":"App"},{"contents":[{"Right":0},[]],"tag":"App"}]],"tag":"App"},"name":"_"},{"contents":"Set","tag":"Sort"}],"tag":"Pi"}],"tag":"Pi"}],"tag":"Pi"},"reduced":null,"simplified":null}},"name":"Relation.Nullary.Decidable.Core.False"},{"item":{"pretty":"ℕ → ℕ → ℕ","thing":{"normalised":null,"original":{"contents":[{"item":{"contents":[{"Left":"Agda.Builtin.Nat.Nat"},[]],"tag":"App"},"name":"_"},{"contents":[{"item":{"contents":[{"Left":"Agda.Builtin.Nat.Nat"},[]],"tag":"App"},"name":"_"},{"contents":[{"Left":"Agda.Builtin.Nat.Nat"},[]],"tag":"App"}],"tag":"Pi"}],"tag":"Pi"},"reduced":null,"simplified":null}},"name":"Agda.Builtin.Nat._*_"},{"item":{"pretty":"ℕ → Generator → ℕ → List ℕ","thing":{"normalised":null,"original":{"contents":[{"item":{"contents":[{"Left":"Agda.Builtin.Nat.Nat"},[]],"tag":"App"},"name":"_"},{"contents":[{"item":{"contents":[{"Left":"Data.Nat.PseudoRandom.LCG.Generator"},[]],"tag":"App"},"name":"_"},{"contents":[{"item":{"contents":[{"Left":"Agda.Builtin.Nat.Nat"},[]],"tag":"App"},"name":"_"},{"contents":[{"Left":"Agda.Builtin.List.List"},[{"contents":"lzero","tag":"Level"},{"contents":[{"Left":"Agda.Builtin.Nat.Nat"},[]],"tag":"App"}]],"tag":"App"}],"tag":"Pi"}],"tag":"Pi"}],"tag":"Pi"},"reduced":null,"simplified":null}},"name":"Data.Nat.PseudoRandom.LCG.list"},{"item":{"pretty":"Generator","thing":{"normalised":null,"original":{"contents":[{"Left":"Data.Nat.PseudoRandom.LCG.Generator"},[]],"tag":"App"},"reduced":null,"simplified":null}},"name":"Data.Nat.PseudoRandom.LCG.glibc"},{"item":{"pretty":"Generator","thing":{"normalised":null,"original":{"contents":[{"Left":"Data.Nat.PseudoRandom.LCG.Generator"},[]],"tag":"App"},"reduced":null,"simplified":null}},"name":"Data.Nat.PseudoRandom.LCG.random0"},{"item":{"pretty":"ℕ → (divisor : ℕ) {≢0 : False (divisor ≟ 0)} → ℕ","thing":{"normalised":{"contents":[{"item":{"contents":[{"Left":"Agda.Builtin.Nat.Nat"},[]],"tag":"App"},"name":"dividend"},{"contents":[{"item":{"contents":[{"Left":"Agda.Builtin.Nat.Nat"},[]],"tag":"App"},"name":"divisor"},{"contents":[{"item":{"contents":[{"Left":"Data.Bool.Base.T"},[{"contents":[{"Left":"Data.Bool.Base.not"},[{"contents":[{"Left":"Relation.Nullary.Decidable.Core.isYes"},[{"contents":"lzero","tag":"Level"},{"contents":[{"Left":"Agda.Builtin.Equality._≡_"},[{"contents":"lzero","tag":"Level"},{"contents":[{"Left":"Agda.Builtin.Nat.Nat"},[]],"tag":"App"},{"contents":[{"Right":0},[]],"tag":"App"},{"contents":"0","tag":"Lit"}]],"tag":"App"},{"contents":[{"Left":"Relation.Nullary.Decidable.Core.map′"},[{"contents":"lzero","tag":"Level"},{"contents":[{"Left":"Data.Bool.Base.T"},[{"contents":[{"Left":"Agda.Builtin.Nat._==_"},[{"contents":[{"Right":0},[]],"tag":"App"},{"contents":"0","tag":"Lit"}]],"tag":"App"}]],"tag":"App"},{"contents":"lzero","tag":"Level"},{"contents":[{"Left":"Agda.Builtin.Equality._≡_"},[{"contents":"lzero","tag":"Level"},{"contents":[{"Left":"Agda.Builtin.Nat.Nat"},[]],"tag":"App"},{"contents":[{"Right":0},[]],"tag":"App"},{"contents":"0","tag":"Lit"}]],"tag":"App"},{"contents":[{"Left":"Data.Nat.Properties.≡ᵇ⇒≡"},[{"contents":[{"Right":0},[]],"tag":"App"},{"contents":"0","tag":"Lit"}]],"tag":"App"},{"contents":[{"Left":"Data.Nat.Properties.≡⇒≡ᵇ"},[{"contents":[{"Right":0},[]],"tag":"App"},{"contents":"0","tag":"Lit"}]],"tag":"App"},{"contents":[{"Left":"Data.Bool.Properties.T?"},[{"contents":[{"Left":"Agda.Builtin.Nat._==_"},[{"contents":[{"Right":0},[]],"tag":"App"},{"contents":"0","tag":"Lit"}]],"tag":"App"}]],"tag":"App"}]],"tag":"App"}]],"tag":"App"}]],"tag":"App"}]],"tag":"App"},"name":"≢0"},{"contents":[{"Left":"Agda.Builtin.Nat.Nat"},[]],"tag":"App"}],"tag":"Pi"}],"tag":"Pi"}],"tag":"Pi"},"original":{"contents":[{"item":{"contents":[{"Left":"Agda.Builtin.Nat.Nat"},[]],"tag":"App"},"name":"dividend"},{"contents":[{"item":{"contents":[{"Left":"Agda.Builtin.Nat.Nat"},[]],"tag":"App"},"name":"divisor"},{"contents":[{"item":{"contents":[{"Left":"Relation.Nullary.Decidable.Core.False"},[{"contents":"lzero","tag":"Level"},{"contents":[{"Left":"Agda.Builtin.Equality._≡_"},[{"contents":"lzero","tag":"Level"},{"contents":[{"Left":"Agda.Builtin.Nat.Nat"},[]],"tag":"App"},{"contents":[{"Right":0},[]],"tag":"App"},{"contents":"0","tag":"Lit"}]],"tag":"App"},{"contents":[{"Left":"Data.Nat.Properties._≟_"},[{"contents":[{"Right":0},[]],"tag":"App"},{"contents":"0","tag":"Lit"}]],"tag":"App"}]],"tag":"App"},"name":"≢0"},{"contents":[{"Left":"Agda.Builtin.Nat.Nat"},[]],"tag":"App"}],"tag":"Pi"}],"tag":"Pi"}],"tag":"Pi"},"reduced":null,"simplified":null}},"name":"Data.Nat.DivMod._%_"},{"item":{"pretty":"ℕ → ℕ → ℕ","thing":{"normalised":null,"original":{"contents":[{"item":{"contents":[{"Left":"Agda.Builtin.Nat.Nat"},[]],"tag":"App"},"name":"_"},{"contents":[{"item":{"contents":[{"Left":"Agda.Builtin.Nat.Nat"},[]],"tag":"App"},"name":"_"},{"contents":[{"Left":"Agda.Builtin.Nat.Nat"},[]],"tag":"App"}],"tag":"Pi"}],"tag":"Pi"},"reduced":null,"simplified":null}},"name":"Data.Nat.Base._^_"},{"item":{"pretty":"{a : Agda.Primitive.Level} {A : Set a} → Data.List.Base.InitLast []","thing":{"normalised":null,"original":{"contents":[{"item":{"contents":[{"Left":"Agda.Primitive.Level"},[]],"tag":"App"},"name":"a"},{"contents":[{"item":{"contents":"Set @0","tag":"Sort"},"name":"A"},{"contents":[{"Left":"Data.List.Base.InitLast"},[{"contents":[{"Right":1},[]],"tag":"App"},{"contents":[{"Right":0},[]],"tag":"App"},{"contents":[{"Left":"Agda.Builtin.List.List.[]"},[]],"tag":"App"}]],"tag":"App"}],"tag":"Pi"}],"tag":"Pi"},"reduced":null,"simplified":null}},"name":"Data.List.Base.InitLast.[]"},{"item":{"pretty":"Relation.Binary.Definitions.Decidable Agda.Builtin.Equality._≡_","thing":{"normalised":{"contents":[{"item":{"contents":[{"Left":"Agda.Builtin.Nat.Nat"},[]],"tag":"App"},"name":"x"},{"contents":[{"item":{"contents":[{"Left":"Agda.Builtin.Nat.Nat"},[]],"tag":"App"},"name":"y"},{"contents":[{"Left":"Relation.Nullary.Dec"},[{"contents":"lzero","tag":"Level"},{"contents":[{"Left":"Agda.Builtin.Equality._≡_"},[{"contents":"lzero","tag":"Level"},{"contents":[{"Left":"Agda.Builtin.Nat.Nat"},[]],"tag":"App"},{"contents":[{"Right":1},[]],"tag":"App"},{"contents":[{"Right":0},[]],"tag":"App"}]],"tag":"App"}]],"tag":"App"}],"tag":"Pi"}],"tag":"Pi"},"original":{"contents":[{"Left":"Relation.Binary.Definitions.Decidable"},[{"contents":"lzero","tag":"Level"},{"contents":[{"Left":"Agda.Builtin.Nat.Nat"},[]],"tag":"App"},{"contents":"lzero","tag":"Level"},{"contents":[{"Left":"Agda.Builtin.Nat.Nat"},[]],"tag":"App"},{"contents":"lzero","tag":"Level"},{"contents":[{"Left":"Agda.Builtin.Equality._≡_"},[{"contents":"lzero","tag":"Level"},{"contents":[{"Left":"Agda.Builtin.Nat.Nat"},[]],"tag":"App"}]],"tag":"App"}]],"tag":"App"},"reduced":{"contents":[{"item":{"contents":[{"Left":"Agda.Builtin.Nat.Nat"},[]],"tag":"App"},"name":"x"},{"contents":[{"item":{"contents":[{"Left":"Agda.Builtin.Nat.Nat"},[]],"tag":"App"},"name":"y"},{"contents":[{"Left":"Relation.Nullary.Dec"},[{"contents":"lzero","tag":"Level"},{"contents":[{"Left":"Agda.Builtin.Equality._≡_"},[{"contents":"lzero","tag":"Level"},{"contents":[{"Left":"Agda.Builtin.Nat.Nat"},[]],"tag":"App"},{"contents":[{"Right":1},[]],"tag":"App"},{"contents":[{"Right":0},[]],"tag":"App"}]],"tag":"App"}]],"tag":"App"}],"tag":"Pi"}],"tag":"Pi"},"simplified":null}},"name":"Data.Nat.Properties._≟_"}],"name":"Data.Nat.PseudoRandom.LCG"},"samples":[{"ctx":{"pretty":"(gen : Generator) (x : ℕ)","thing":[{"item":{"contents":[{"Left":"Data.Nat.PseudoRandom.LCG.Generator"},[]],"tag":"App"},"name":"gen"},{"item":{"contents":[{"Left":"Agda.Builtin.Nat.Nat"},[]],"tag":"App"},"name":"x"}]},"goal":{"pretty":"ℕ","thing":{"normalised":null,"original":{"contents":[{"Left":"Agda.Builtin.Nat.Nat"},[]],"tag":"App"},"reduced":null,"simplified":null}},"term":{"pretty":"(Generator.multiplier gen * x + Generator.increment gen) %\nGenerator.modulus gen","thing":{"normalised":null,"original":{"contents":[{"Left":"Data.Nat.DivMod._%_"},[{"contents":[{"Left":"Agda.Builtin.Nat._+_"},[{"contents":[{"Left":"Agda.Builtin.Nat._*_"},[{"contents":[{"Right":1},[{"contents":[{"Left":"Data.Nat.PseudoRandom.LCG.Generator.multiplier"},[]],"tag":"App"}]],"tag":"App"},{"contents":[{"Right":0},[]],"tag":"App"}]],"tag":"App"},{"contents":[{"Right":1},[{"contents":[{"Left":"Data.Nat.PseudoRandom.LCG.Generator.increment"},[]],"tag":"App"}]],"tag":"App"}]],"tag":"App"},{"contents":[{"Right":1},[{"contents":[{"Left":"Data.Nat.PseudoRandom.LCG.Generator.modulus"},[]],"tag":"App"}]],"tag":"App"},{"contents":[{"Right":1},[{"contents":[{"Left":"Data.Nat.PseudoRandom.LCG.Generator.modulus≢0"},[]],"tag":"App"}]],"tag":"App"}]],"tag":"App"},"reduced":null,"simplified":null}},"namesUsed":["Data.Nat.DivMod._%_","Agda.Builtin.Nat._+_","Agda.Builtin.Nat._*_"]},{"ctx":{"pretty":"(gen₁ : Generator) (x₁ : ℕ)","thing":[{"item":{"contents":[{"Left":"Data.Nat.PseudoRandom.LCG.Generator"},[]],"tag":"App"},"name":"gen"},{"item":{"contents":[{"Left":"Agda.Builtin.Nat.Nat"},[]],"tag":"App"},"name":"x"}]},"goal":{"pretty":"ℕ","thing":{"normalised":null,"original":{"contents":[{"Left":"Agda.Builtin.Nat.Nat"},[]],"tag":"App"},"reduced":null,"simplified":null}},"term":{"pretty":"Generator.multiplier gen * x + Generator.increment gen","thing":{"normalised":null,"original":{"contents":[{"Left":"Agda.Builtin.Nat._+_"},[{"contents":[{"Left":"Agda.Builtin.Nat._*_"},[{"contents":[{"Right":1},[{"contents":[{"Left":"Data.Nat.PseudoRandom.LCG.Generator.multiplier"},[]],"tag":"App"}]],"tag":"App"},{"contents":[{"Right":0},[]],"tag":"App"}]],"tag":"App"},{"contents":[{"Right":1},[{"contents":[{"Left":"Data.Nat.PseudoRandom.LCG.Generator.increment"},[]],"tag":"App"}]],"tag":"App"}]],"tag":"App"},"reduced":null,"simplified":null}},"namesUsed":["Agda.Builtin.Nat._+_","Agda.Builtin.Nat._*_"]},{"ctx":{"pretty":"(gen₁ : Generator) (x₁ : ℕ)","thing":[{"item":{"contents":[{"Left":"Data.Nat.PseudoRandom.LCG.Generator"},[]],"tag":"App"},"name":"gen"},{"item":{"contents":[{"Left":"Agda.Builtin.Nat.Nat"},[]],"tag":"App"},"name":"x"}]},"goal":{"pretty":"ℕ","thing":{"normalised":null,"original":{"contents":[{"Left":"Agda.Builtin.Nat.Nat"},[]],"tag":"App"},"reduced":null,"simplified":null}},"term":{"pretty":"Generator.multiplier gen * x","thing":{"normalised":null,"original":{"contents":[{"Left":"Agda.Builtin.Nat._*_"},[{"contents":[{"Right":1},[{"contents":[{"Left":"Data.Nat.PseudoRandom.LCG.Generator.multiplier"},[]],"tag":"App"}]],"tag":"App"},{"contents":[{"Right":0},[]],"tag":"App"}]],"tag":"App"},"reduced":null,"simplified":null}},"namesUsed":["Agda.Builtin.Nat._*_"]},{"ctx":{"pretty":"(gen : Generator) (x : ℕ)","thing":[{"item":{"contents":[{"Left":"Data.Nat.PseudoRandom.LCG.Generator"},[]],"tag":"App"},"name":"gen"},{"item":{"contents":[{"Left":"Agda.Builtin.Nat.Nat"},[]],"tag":"App"},"name":"x"}]},"goal":{"pretty":"List ℕ","thing":{"normalised":null,"original":{"contents":[{"Left":"Agda.Builtin.List.List"},[{"contents":"lzero","tag":"Level"},{"contents":[{"Left":"Agda.Builtin.Nat.Nat"},[]],"tag":"App"}]],"tag":"App"},"reduced":null,"simplified":null}},"term":{"pretty":"[]","thing":{"normalised":null,"original":{"contents":[{"Left":"Agda.Builtin.List.List.[]"},[]],"tag":"App"},"reduced":null,"simplified":null}},"namesUsed":["Agda.Builtin.List.List.[]"]},{"ctx":{"pretty":"(k : ℕ) (gen : Generator) (x : ℕ)","thing":[{"item":{"contents":[{"Left":"Agda.Builtin.Nat.Nat"},[]],"tag":"App"},"name":"k"},{"item":{"contents":[{"Left":"Data.Nat.PseudoRandom.LCG.Generator"},[]],"tag":"App"},"name":"gen"},{"item":{"contents":[{"Left":"Agda.Builtin.Nat.Nat"},[]],"tag":"App"},"name":"x"}]},"goal":{"pretty":"List ℕ","thing":{"normalised":null,"original":{"contents":[{"Left":"Agda.Builtin.List.List"},[{"contents":"lzero","tag":"Level"},{"contents":[{"Left":"Agda.Builtin.Nat.Nat"},[]],"tag":"App"}]],"tag":"App"},"reduced":null,"simplified":null}},"term":{"pretty":"x ∷ list k gen (step gen x)","thing":{"normalised":{"contents":[{"Left":"Agda.Builtin.List.List._∷_"},[{"contents":[{"Right":0},[]],"tag":"App"},{"contents":[{"Left":"Data.Nat.PseudoRandom.LCG.list"},[{"contents":[{"Right":2},[]],"tag":"App"},{"contents":[{"Right":1},[]],"tag":"App"},{"contents":[{"Left":"Data.Nat.DivMod._%_"},[{"contents":[{"Left":"Agda.Builtin.Nat._+_"},[{"contents":[{"Left":"Agda.Builtin.Nat._*_"},[{"contents":[{"Right":1},[{"contents":[{"Left":"Data.Nat.PseudoRandom.LCG.Generator.multiplier"},[]],"tag":"App"}]],"tag":"App"},{"contents":[{"Right":0},[]],"tag":"App"}]],"tag":"App"},{"contents":[{"Right":1},[{"contents":[{"Left":"Data.Nat.PseudoRandom.LCG.Generator.increment"},[]],"tag":"App"}]],"tag":"App"}]],"tag":"App"},{"contents":[{"Right":1},[{"contents":[{"Left":"Data.Nat.PseudoRandom.LCG.Generator.modulus"},[]],"tag":"App"}]],"tag":"App"},{"contents":[{"Right":1},[{"contents":[{"Left":"Data.Nat.PseudoRandom.LCG.Generator.modulus≢0"},[]],"tag":"App"}]],"tag":"App"}]],"tag":"App"}]],"tag":"App"}]],"tag":"App"},"original":{"contents":[{"Left":"Agda.Builtin.List.List._∷_"},[{"contents":[{"Right":0},[]],"tag":"App"},{"contents":[{"Left":"Data.Nat.PseudoRandom.LCG.list"},[{"contents":[{"Right":2},[]],"tag":"App"},{"contents":[{"Right":1},[]],"tag":"App"},{"contents":[{"Left":"Data.Nat.PseudoRandom.LCG.step"},[{"contents":[{"Right":1},[]],"tag":"App"},{"contents":[{"Right":0},[]],"tag":"App"}]],"tag":"App"}]],"tag":"App"}]],"tag":"App"},"reduced":null,"simplified":null}},"namesUsed":["Agda.Builtin.List.List._∷_","Data.Nat.PseudoRandom.LCG.list","Data.Nat.PseudoRandom.LCG.step"]},{"ctx":{"pretty":"(k₁ : ℕ) (gen₁ : Generator) (x₁ : ℕ)","thing":[{"item":{"contents":[{"Left":"Agda.Builtin.Nat.Nat"},[]],"tag":"App"},"name":"k"},{"item":{"contents":[{"Left":"Data.Nat.PseudoRandom.LCG.Generator"},[]],"tag":"App"},"name":"gen"},{"item":{"contents":[{"Left":"Agda.Builtin.Nat.Nat"},[]],"tag":"App"},"name":"x"}]},"goal":{"pretty":"List ℕ","thing":{"normalised":null,"original":{"contents":[{"Left":"Agda.Builtin.List.List"},[{"contents":"lzero","tag":"Level"},{"contents":[{"Left":"Agda.Builtin.Nat.Nat"},[]],"tag":"App"}]],"tag":"App"},"reduced":null,"simplified":null}},"term":{"pretty":"list k gen (step gen x)","thing":{"normalised":{"contents":[{"Left":"Data.Nat.PseudoRandom.LCG.list"},[{"contents":[{"Right":2},[]],"tag":"App"},{"contents":[{"Right":1},[]],"tag":"App"},{"contents":[{"Left":"Data.Nat.DivMod._%_"},[{"contents":[{"Left":"Agda.Builtin.Nat._+_"},[{"contents":[{"Left":"Agda.Builtin.Nat._*_"},[{"contents":[{"Right":1},[{"contents":[{"Left":"Data.Nat.PseudoRandom.LCG.Generator.multiplier"},[]],"tag":"App"}]],"tag":"App"},{"contents":[{"Right":0},[]],"tag":"App"}]],"tag":"App"},{"contents":[{"Right":1},[{"contents":[{"Left":"Data.Nat.PseudoRandom.LCG.Generator.increment"},[]],"tag":"App"}]],"tag":"App"}]],"tag":"App"},{"contents":[{"Right":1},[{"contents":[{"Left":"Data.Nat.PseudoRandom.LCG.Generator.modulus"},[]],"tag":"App"}]],"tag":"App"},{"contents":[{"Right":1},[{"contents":[{"Left":"Data.Nat.PseudoRandom.LCG.Generator.modulus≢0"},[]],"tag":"App"}]],"tag":"App"}]],"tag":"App"}]],"tag":"App"},"original":{"contents":[{"Left":"Data.Nat.PseudoRandom.LCG.list"},[{"contents":[{"Right":2},[]],"tag":"App"},{"contents":[{"Right":1},[]],"tag":"App"},{"contents":[{"Left":"Data.Nat.PseudoRandom.LCG.step"},[{"contents":[{"Right":1},[]],"tag":"App"},{"contents":[{"Right":0},[]],"tag":"App"}]],"tag":"App"}]],"tag":"App"},"reduced":null,"simplified":null}},"namesUsed":["Data.Nat.PseudoRandom.LCG.list","Data.Nat.PseudoRandom.LCG.step"]},{"ctx":{"pretty":"(k₁ : ℕ) (gen₁ : Generator) (x₁ : ℕ)","thing":[{"item":{"contents":[{"Left":"Agda.Builtin.Nat.Nat"},[]],"tag":"App"},"name":"k"},{"item":{"contents":[{"Left":"Data.Nat.PseudoRandom.LCG.Generator"},[]],"tag":"App"},"name":"gen"},{"item":{"contents":[{"Left":"Agda.Builtin.Nat.Nat"},[]],"tag":"App"},"name":"x"}]},"goal":{"pretty":"ℕ","thing":{"normalised":null,"original":{"contents":[{"Left":"Agda.Builtin.Nat.Nat"},[]],"tag":"App"},"reduced":null,"simplified":null}},"term":{"pretty":"step gen x","thing":{"normalised":{"contents":[{"Left":"Data.Nat.DivMod._%_"},[{"contents":[{"Left":"Agda.Builtin.Nat._+_"},[{"contents":[{"Left":"Agda.Builtin.Nat._*_"},[{"contents":[{"Right":1},[{"contents":[{"Left":"Data.Nat.PseudoRandom.LCG.Generator.multiplier"},[]],"tag":"App"}]],"tag":"App"},{"contents":[{"Right":0},[]],"tag":"App"}]],"tag":"App"},{"contents":[{"Right":1},[{"contents":[{"Left":"Data.Nat.PseudoRandom.LCG.Generator.increment"},[]],"tag":"App"}]],"tag":"App"}]],"tag":"App"},{"contents":[{"Right":1},[{"contents":[{"Left":"Data.Nat.PseudoRandom.LCG.Generator.modulus"},[]],"tag":"App"}]],"tag":"App"},{"contents":[{"Right":1},[{"contents":[{"Left":"Data.Nat.PseudoRandom.LCG.Generator.modulus≢0"},[]],"tag":"App"}]],"tag":"App"}]],"tag":"App"},"original":{"contents":[{"Left":"Data.Nat.PseudoRandom.LCG.step"},[{"contents":[{"Right":1},[]],"tag":"App"},{"contents":[{"Right":0},[]],"tag":"App"}]],"tag":"App"},"reduced":{"contents":[{"Left":"Data.Nat.DivMod._%_"},[{"contents":[{"Left":"Agda.Builtin.Nat._+_"},[{"contents":[{"Left":"Agda.Builtin.Nat._*_"},[{"contents":[{"Right":1},[{"contents":[{"Left":"Data.Nat.PseudoRandom.LCG.Generator.multiplier"},[]],"tag":"App"}]],"tag":"App"},{"contents":[{"Right":0},[]],"tag":"App"}]],"tag":"App"},{"contents":[{"Right":1},[{"contents":[{"Left":"Data.Nat.PseudoRandom.LCG.Generator.increment"},[]],"tag":"App"}]],"tag":"App"}]],"tag":"App"},{"contents":[{"Right":1},[{"contents":[{"Left":"Data.Nat.PseudoRandom.LCG.Generator.modulus"},[]],"tag":"App"}]],"tag":"App"},{"contents":[{"Right":1},[{"contents":[{"Left":"Data.Nat.PseudoRandom.LCG.Generator.modulus≢0"},[]],"tag":"App"}]],"tag":"App"}]],"tag":"App"},"simplified":null}},"namesUsed":["Data.Nat.PseudoRandom.LCG.step"]},{"ctx":{"pretty":"","thing":[]},"goal":{"pretty":"ℕ","thing":{"normalised":null,"original":{"contents":[{"Left":"Agda.Builtin.Nat.Nat"},[]],"tag":"App"},"reduced":null,"simplified":null}},"term":{"pretty":"2 ^ 31","thing":{"normalised":{"contents":"2147483648","tag":"Lit"},"original":{"contents":[{"Left":"Data.Nat.Base._^_"},[{"contents":"2","tag":"Lit"},{"contents":"31","tag":"Lit"}]],"tag":"App"},"reduced":{"contents":"2147483648","tag":"Lit"},"simplified":{"contents":"2147483648","tag":"Lit"}}},"namesUsed":["Data.Nat.Base._^_"]}]}