{"scope":{"item":[{"item":{"pretty":"{a : Agda.Primitive.Level} (A : Set a) → A → A","thing":{"normalised":null,"original":{"contents":[{"item":{"contents":[{"Left":"Agda.Primitive.Level"},[]],"tag":"App"},"name":"a"},{"contents":[{"item":{"contents":"Set @0","tag":"Sort"},"name":"A"},{"contents":[{"item":{"contents":[{"Right":0},[]],"tag":"App"},"name":"_"},{"contents":[{"Right":0},[]],"tag":"App"}],"tag":"Pi"}],"tag":"Pi"}],"tag":"Pi"},"reduced":null,"simplified":null}},"name":"Function.Reasoning.∋-syntax"},{"item":{"pretty":"{a b : Agda.Primitive.Level} {A : Set a} {B : A → Set b} (a₁ : A) →\n((a₂ : A) → B a₂) → B a₁","thing":{"normalised":null,"original":{"contents":[{"item":{"contents":[{"Left":"Agda.Primitive.Level"},[]],"tag":"App"},"name":"a"},{"contents":[{"item":{"contents":[{"Left":"Agda.Primitive.Level"},[]],"tag":"App"},"name":"b"},{"contents":[{"item":{"contents":"Set @1","tag":"Sort"},"name":"A"},{"contents":[{"item":{"contents":[{"item":{"contents":[{"Right":0},[]],"tag":"App"},"name":"_"},{"contents":"Set @1","tag":"Sort"}],"tag":"Pi"},"name":"B"},{"contents":[{"item":{"contents":[{"Right":1},[]],"tag":"App"},"name":"a"},{"contents":[{"item":{"contents":[{"item":{"contents":[{"Right":2},[]],"tag":"App"},"name":"a"},{"contents":[{"Right":2},[{"contents":[{"Right":0},[]],"tag":"App"}]],"tag":"App"}],"tag":"Pi"},"name":"_"},{"contents":[{"Right":1},[{"contents":[{"Right":0},[]],"tag":"App"}]],"tag":"App"}],"tag":"Pi"}],"tag":"Pi"}],"tag":"Pi"}],"tag":"Pi"}],"tag":"Pi"}],"tag":"Pi"},"reduced":null,"simplified":null}},"name":"Function.Base._|>_"},{"item":{"pretty":"{A.a : Agda.Primitive.Level} {A : Set A.a}\n{B.b : Agda.Primitive.Level} {B : Set B.b} →\nA → (A → B) → B","thing":{"normalised":null,"original":{"contents":[{"item":{"contents":[{"Left":"Agda.Primitive.Level"},[]],"tag":"App"},"name":"A.a"},{"contents":[{"item":{"contents":"Set @0","tag":"Sort"},"name":"A"},{"contents":[{"item":{"contents":[{"Left":"Agda.Primitive.Level"},[]],"tag":"App"},"name":"B.b"},{"contents":[{"item":{"contents":"Set @0","tag":"Sort"},"name":"B"},{"contents":[{"item":{"contents":[{"Right":2},[]],"tag":"App"},"name":"_"},{"contents":[{"item":{"contents":[{"item":{"contents":[{"Right":2},[]],"tag":"App"},"name":"_"},{"contents":[{"Right":0},[]],"tag":"App"}],"tag":"Pi"},"name":"_"},{"contents":[{"Right":0},[]],"tag":"App"}],"tag":"Pi"}],"tag":"Pi"}],"tag":"Pi"}],"tag":"Pi"}],"tag":"Pi"}],"tag":"Pi"},"reduced":null,"simplified":null}},"name":"Function.Base._|>′_"},{"item":{"pretty":"{a : Agda.Primitive.Level} (A : Set a) → A → A","thing":{"normalised":null,"original":{"contents":[{"item":{"contents":[{"Left":"Agda.Primitive.Level"},[]],"tag":"App"},"name":"a"},{"contents":[{"item":{"contents":"Set @0","tag":"Sort"},"name":"A"},{"contents":[{"item":{"contents":[{"Right":0},[]],"tag":"App"},"name":"_"},{"contents":[{"Right":0},[]],"tag":"App"}],"tag":"Pi"}],"tag":"Pi"}],"tag":"Pi"},"reduced":null,"simplified":null}},"name":"Function.Base._∋_"}],"name":"Function.Reasoning"},"samples":[{"ctx":{"pretty":"","thing":[]},"goal":{"pretty":"{a : Agda.Primitive.Level} (A : Set a) → A → A","thing":{"normalised":null,"original":{"contents":[{"item":{"contents":[{"Left":"Agda.Primitive.Level"},[]],"tag":"App"},"name":"a"},{"contents":[{"item":{"contents":"Set @0","tag":"Sort"},"name":"A"},{"contents":[{"item":{"contents":[{"Right":0},[]],"tag":"App"},"name":"_"},{"contents":[{"Right":0},[]],"tag":"App"}],"tag":"Pi"}],"tag":"Pi"}],"tag":"Pi"},"reduced":null,"simplified":null}},"term":{"pretty":"_∋_","thing":{"normalised":{"contents":{"item":{"contents":{"item":{"contents":{"item":{"contents":[{"Right":0},[]],"tag":"App"},"name":"x"},"tag":"Lam"},"name":"A"},"tag":"Lam"},"name":"_"},"tag":"Lam"},"original":{"contents":[{"Left":"Function.Base._∋_"},[]],"tag":"App"},"reduced":{"contents":{"item":{"contents":{"item":{"contents":{"item":{"contents":[{"Right":0},[]],"tag":"App"},"name":"x"},"tag":"Lam"},"name":"A"},"tag":"Lam"},"name":"_"},"tag":"Lam"},"simplified":null}},"namesUsed":["Function.Base._∋_"]}]}