{"scope":{"item":[{"item":{"pretty":"{ℓ : Agda.Primitive.Level} → Category.Functor.RawFunctor Identity","thing":{"normalised":{"contents":[{"item":{"contents":[{"Left":"Agda.Primitive.Level"},[]],"tag":"App"},"name":"ℓ"},{"contents":[{"Left":"Category.Functor.RawFunctor"},[{"contents":[{"Right":0},[]],"tag":"App"},{"contents":[{"Right":0},[]],"tag":"App"},{"contents":{"item":{"contents":[{"Right":0},[]],"tag":"App"},"name":"A"},"tag":"Lam"}]],"tag":"App"}],"tag":"Pi"},"original":{"contents":[{"item":{"contents":[{"Left":"Agda.Primitive.Level"},[]],"tag":"App"},"name":"ℓ"},{"contents":[{"Left":"Category.Functor.RawFunctor"},[{"contents":[{"Right":0},[]],"tag":"App"},{"contents":[{"Right":0},[]],"tag":"App"},{"contents":[{"Left":"Function.Identity.Categorical.Identity"},[{"contents":[{"Right":0},[]],"tag":"App"}]],"tag":"App"}]],"tag":"App"}],"tag":"Pi"},"reduced":null,"simplified":null}},"name":"Function.Identity.Instances.identityFunctor"},{"item":{"pretty":"{ℓ : Agda.Primitive.Level} →\nCategory.Applicative.RawApplicative Identity","thing":{"normalised":{"contents":[{"item":{"contents":[{"Left":"Agda.Primitive.Level"},[]],"tag":"App"},"name":"ℓ"},{"contents":[{"Left":"Category.Applicative.Indexed.RawIApplicative"},[{"contents":"lzero","tag":"Level"},{"contents":[{"Right":0},[]],"tag":"App"},{"contents":[{"Left":"Agda.Builtin.Unit.⊤"},[]],"tag":"App"},{"contents":{"item":{"contents":{"item":{"contents":{"item":{"contents":[{"Right":0},[]],"tag":"App"},"name":"A"},"tag":"Lam"},"name":"_"},"tag":"Lam"},"name":"_"},"tag":"Lam"}]],"tag":"App"}],"tag":"Pi"},"original":{"contents":[{"item":{"contents":[{"Left":"Agda.Primitive.Level"},[]],"tag":"App"},"name":"ℓ"},{"contents":[{"Left":"Category.Applicative.RawApplicative"},[{"contents":[{"Right":0},[]],"tag":"App"},{"contents":[{"Left":"Function.Identity.Categorical.Identity"},[{"contents":[{"Right":0},[]],"tag":"App"}]],"tag":"App"}]],"tag":"App"}],"tag":"Pi"},"reduced":null,"simplified":null}},"name":"Function.Identity.Instances.identityApplicative"},{"item":{"pretty":"{ℓ : Agda.Primitive.Level} → Set ℓ → Set ℓ","thing":{"normalised":null,"original":{"contents":[{"item":{"contents":[{"Left":"Agda.Primitive.Level"},[]],"tag":"App"},"name":"ℓ"},{"contents":[{"item":{"contents":"Set @0","tag":"Sort"},"name":"_"},{"contents":"Set @0","tag":"Sort"}],"tag":"Pi"}],"tag":"Pi"},"reduced":null,"simplified":null}},"name":"Function.Identity.Categorical.Identity"},{"item":{"pretty":"{ℓ : Agda.Primitive.Level} → Category.Monad.RawMonad Identity","thing":{"normalised":{"contents":[{"item":{"contents":[{"Left":"Agda.Primitive.Level"},[]],"tag":"App"},"name":"ℓ"},{"contents":[{"Left":"Category.Monad.Indexed.RawIMonad"},[{"contents":"lzero","tag":"Level"},{"contents":[{"Right":0},[]],"tag":"App"},{"contents":[{"Left":"Agda.Builtin.Unit.⊤"},[]],"tag":"App"},{"contents":{"item":{"contents":{"item":{"contents":{"item":{"contents":[{"Right":0},[]],"tag":"App"},"name":"A"},"tag":"Lam"},"name":"_"},"tag":"Lam"},"name":"_"},"tag":"Lam"}]],"tag":"App"}],"tag":"Pi"},"original":{"contents":[{"item":{"contents":[{"Left":"Agda.Primitive.Level"},[]],"tag":"App"},"name":"ℓ"},{"contents":[{"Left":"Category.Monad.RawMonad"},[{"contents":[{"Right":0},[]],"tag":"App"},{"contents":[{"Left":"Function.Identity.Categorical.Identity"},[{"contents":[{"Right":0},[]],"tag":"App"}]],"tag":"App"}]],"tag":"App"}],"tag":"Pi"},"reduced":null,"simplified":null}},"name":"Function.Identity.Instances.identityMonad"},{"item":{"pretty":"{ℓ : Agda.Primitive.Level} → Category.Comonad.RawComonad Identity","thing":{"normalised":{"contents":[{"item":{"contents":[{"Left":"Agda.Primitive.Level"},[]],"tag":"App"},"name":"ℓ"},{"contents":[{"Left":"Category.Comonad.RawComonad"},[{"contents":[{"Right":0},[]],"tag":"App"},{"contents":{"item":{"contents":[{"Right":0},[]],"tag":"App"},"name":"A"},"tag":"Lam"}]],"tag":"App"}],"tag":"Pi"},"original":{"contents":[{"item":{"contents":[{"Left":"Agda.Primitive.Level"},[]],"tag":"App"},"name":"ℓ"},{"contents":[{"Left":"Category.Comonad.RawComonad"},[{"contents":[{"Right":0},[]],"tag":"App"},{"contents":[{"Left":"Function.Identity.Categorical.Identity"},[{"contents":[{"Right":0},[]],"tag":"App"}]],"tag":"App"}]],"tag":"App"}],"tag":"Pi"},"reduced":null,"simplified":null}},"name":"Function.Identity.Instances.identityComonad"},{"item":{"pretty":"{ℓ : Agda.Primitive.Level} → Category.Functor.RawFunctor Identity","thing":{"normalised":{"contents":[{"item":{"contents":[{"Left":"Agda.Primitive.Level"},[]],"tag":"App"},"name":"ℓ"},{"contents":[{"Left":"Category.Functor.RawFunctor"},[{"contents":[{"Right":0},[]],"tag":"App"},{"contents":[{"Right":0},[]],"tag":"App"},{"contents":{"item":{"contents":[{"Right":0},[]],"tag":"App"},"name":"A"},"tag":"Lam"}]],"tag":"App"}],"tag":"Pi"},"original":{"contents":[{"item":{"contents":[{"Left":"Agda.Primitive.Level"},[]],"tag":"App"},"name":"ℓ"},{"contents":[{"Left":"Category.Functor.RawFunctor"},[{"contents":[{"Right":0},[]],"tag":"App"},{"contents":[{"Right":0},[]],"tag":"App"},{"contents":[{"Left":"Function.Identity.Categorical.Identity"},[{"contents":[{"Right":0},[]],"tag":"App"}]],"tag":"App"}]],"tag":"App"}],"tag":"Pi"},"reduced":null,"simplified":null}},"name":"Function.Identity.Categorical.functor"},{"item":{"pretty":"{ℓ : Agda.Primitive.Level} →\nCategory.Applicative.RawApplicative Identity","thing":{"normalised":{"contents":[{"item":{"contents":[{"Left":"Agda.Primitive.Level"},[]],"tag":"App"},"name":"ℓ"},{"contents":[{"Left":"Category.Applicative.Indexed.RawIApplicative"},[{"contents":"lzero","tag":"Level"},{"contents":[{"Right":0},[]],"tag":"App"},{"contents":[{"Left":"Agda.Builtin.Unit.⊤"},[]],"tag":"App"},{"contents":{"item":{"contents":{"item":{"contents":{"item":{"contents":[{"Right":0},[]],"tag":"App"},"name":"A"},"tag":"Lam"},"name":"_"},"tag":"Lam"},"name":"_"},"tag":"Lam"}]],"tag":"App"}],"tag":"Pi"},"original":{"contents":[{"item":{"contents":[{"Left":"Agda.Primitive.Level"},[]],"tag":"App"},"name":"ℓ"},{"contents":[{"Left":"Category.Applicative.RawApplicative"},[{"contents":[{"Right":0},[]],"tag":"App"},{"contents":[{"Left":"Function.Identity.Categorical.Identity"},[{"contents":[{"Right":0},[]],"tag":"App"}]],"tag":"App"}]],"tag":"App"}],"tag":"Pi"},"reduced":null,"simplified":null}},"name":"Function.Identity.Categorical.applicative"},{"item":{"pretty":"{ℓ : Agda.Primitive.Level} → Category.Monad.RawMonad Identity","thing":{"normalised":{"contents":[{"item":{"contents":[{"Left":"Agda.Primitive.Level"},[]],"tag":"App"},"name":"ℓ"},{"contents":[{"Left":"Category.Monad.Indexed.RawIMonad"},[{"contents":"lzero","tag":"Level"},{"contents":[{"Right":0},[]],"tag":"App"},{"contents":[{"Left":"Agda.Builtin.Unit.⊤"},[]],"tag":"App"},{"contents":{"item":{"contents":{"item":{"contents":{"item":{"contents":[{"Right":0},[]],"tag":"App"},"name":"A"},"tag":"Lam"},"name":"_"},"tag":"Lam"},"name":"_"},"tag":"Lam"}]],"tag":"App"}],"tag":"Pi"},"original":{"contents":[{"item":{"contents":[{"Left":"Agda.Primitive.Level"},[]],"tag":"App"},"name":"ℓ"},{"contents":[{"Left":"Category.Monad.RawMonad"},[{"contents":[{"Right":0},[]],"tag":"App"},{"contents":[{"Left":"Function.Identity.Categorical.Identity"},[{"contents":[{"Right":0},[]],"tag":"App"}]],"tag":"App"}]],"tag":"App"}],"tag":"Pi"},"reduced":null,"simplified":null}},"name":"Function.Identity.Categorical.monad"},{"item":{"pretty":"{ℓ : Agda.Primitive.Level} → Category.Comonad.RawComonad Identity","thing":{"normalised":{"contents":[{"item":{"contents":[{"Left":"Agda.Primitive.Level"},[]],"tag":"App"},"name":"ℓ"},{"contents":[{"Left":"Category.Comonad.RawComonad"},[{"contents":[{"Right":0},[]],"tag":"App"},{"contents":{"item":{"contents":[{"Right":0},[]],"tag":"App"},"name":"A"},"tag":"Lam"}]],"tag":"App"}],"tag":"Pi"},"original":{"contents":[{"item":{"contents":[{"Left":"Agda.Primitive.Level"},[]],"tag":"App"},"name":"ℓ"},{"contents":[{"Left":"Category.Comonad.RawComonad"},[{"contents":[{"Right":0},[]],"tag":"App"},{"contents":[{"Left":"Function.Identity.Categorical.Identity"},[{"contents":[{"Right":0},[]],"tag":"App"}]],"tag":"App"}]],"tag":"App"}],"tag":"Pi"},"reduced":null,"simplified":null}},"name":"Function.Identity.Categorical.comonad"}],"name":"Function.Identity.Instances"},"samples":[{"ctx":{"pretty":"","thing":[]},"goal":{"pretty":"{ℓ : Agda.Primitive.Level} → Category.Functor.RawFunctor Identity","thing":{"normalised":{"contents":[{"item":{"contents":[{"Left":"Agda.Primitive.Level"},[]],"tag":"App"},"name":"ℓ"},{"contents":[{"Left":"Category.Functor.RawFunctor"},[{"contents":[{"Right":0},[]],"tag":"App"},{"contents":[{"Right":0},[]],"tag":"App"},{"contents":{"item":{"contents":[{"Right":0},[]],"tag":"App"},"name":"A"},"tag":"Lam"}]],"tag":"App"}],"tag":"Pi"},"original":{"contents":[{"item":{"contents":[{"Left":"Agda.Primitive.Level"},[]],"tag":"App"},"name":"ℓ"},{"contents":[{"Left":"Category.Functor.RawFunctor"},[{"contents":[{"Right":0},[]],"tag":"App"},{"contents":[{"Right":0},[]],"tag":"App"},{"contents":[{"Left":"Function.Identity.Categorical.Identity"},[{"contents":[{"Right":0},[]],"tag":"App"}]],"tag":"App"}]],"tag":"App"}],"tag":"Pi"},"reduced":null,"simplified":null}},"term":{"pretty":"functor","thing":{"normalised":null,"original":{"contents":[{"Left":"Function.Identity.Categorical.functor"},[]],"tag":"App"},"reduced":null,"simplified":null}},"namesUsed":["Function.Identity.Categorical.functor"]},{"ctx":{"pretty":"","thing":[]},"goal":{"pretty":"{ℓ : Agda.Primitive.Level} →\nCategory.Applicative.RawApplicative Identity","thing":{"normalised":{"contents":[{"item":{"contents":[{"Left":"Agda.Primitive.Level"},[]],"tag":"App"},"name":"ℓ"},{"contents":[{"Left":"Category.Applicative.Indexed.RawIApplicative"},[{"contents":"lzero","tag":"Level"},{"contents":[{"Right":0},[]],"tag":"App"},{"contents":[{"Left":"Agda.Builtin.Unit.⊤"},[]],"tag":"App"},{"contents":{"item":{"contents":{"item":{"contents":{"item":{"contents":[{"Right":0},[]],"tag":"App"},"name":"A"},"tag":"Lam"},"name":"_"},"tag":"Lam"},"name":"_"},"tag":"Lam"}]],"tag":"App"}],"tag":"Pi"},"original":{"contents":[{"item":{"contents":[{"Left":"Agda.Primitive.Level"},[]],"tag":"App"},"name":"ℓ"},{"contents":[{"Left":"Category.Applicative.RawApplicative"},[{"contents":[{"Right":0},[]],"tag":"App"},{"contents":[{"Left":"Function.Identity.Categorical.Identity"},[{"contents":[{"Right":0},[]],"tag":"App"}]],"tag":"App"}]],"tag":"App"}],"tag":"Pi"},"reduced":null,"simplified":null}},"term":{"pretty":"applicative","thing":{"normalised":null,"original":{"contents":[{"Left":"Function.Identity.Categorical.applicative"},[]],"tag":"App"},"reduced":null,"simplified":null}},"namesUsed":["Function.Identity.Categorical.applicative"]},{"ctx":{"pretty":"","thing":[]},"goal":{"pretty":"{ℓ : Agda.Primitive.Level} → Category.Monad.RawMonad Identity","thing":{"normalised":{"contents":[{"item":{"contents":[{"Left":"Agda.Primitive.Level"},[]],"tag":"App"},"name":"ℓ"},{"contents":[{"Left":"Category.Monad.Indexed.RawIMonad"},[{"contents":"lzero","tag":"Level"},{"contents":[{"Right":0},[]],"tag":"App"},{"contents":[{"Left":"Agda.Builtin.Unit.⊤"},[]],"tag":"App"},{"contents":{"item":{"contents":{"item":{"contents":{"item":{"contents":[{"Right":0},[]],"tag":"App"},"name":"A"},"tag":"Lam"},"name":"_"},"tag":"Lam"},"name":"_"},"tag":"Lam"}]],"tag":"App"}],"tag":"Pi"},"original":{"contents":[{"item":{"contents":[{"Left":"Agda.Primitive.Level"},[]],"tag":"App"},"name":"ℓ"},{"contents":[{"Left":"Category.Monad.RawMonad"},[{"contents":[{"Right":0},[]],"tag":"App"},{"contents":[{"Left":"Function.Identity.Categorical.Identity"},[{"contents":[{"Right":0},[]],"tag":"App"}]],"tag":"App"}]],"tag":"App"}],"tag":"Pi"},"reduced":null,"simplified":null}},"term":{"pretty":"monad","thing":{"normalised":null,"original":{"contents":[{"Left":"Function.Identity.Categorical.monad"},[]],"tag":"App"},"reduced":null,"simplified":null}},"namesUsed":["Function.Identity.Categorical.monad"]},{"ctx":{"pretty":"","thing":[]},"goal":{"pretty":"{ℓ : Agda.Primitive.Level} → Category.Comonad.RawComonad Identity","thing":{"normalised":{"contents":[{"item":{"contents":[{"Left":"Agda.Primitive.Level"},[]],"tag":"App"},"name":"ℓ"},{"contents":[{"Left":"Category.Comonad.RawComonad"},[{"contents":[{"Right":0},[]],"tag":"App"},{"contents":{"item":{"contents":[{"Right":0},[]],"tag":"App"},"name":"A"},"tag":"Lam"}]],"tag":"App"}],"tag":"Pi"},"original":{"contents":[{"item":{"contents":[{"Left":"Agda.Primitive.Level"},[]],"tag":"App"},"name":"ℓ"},{"contents":[{"Left":"Category.Comonad.RawComonad"},[{"contents":[{"Right":0},[]],"tag":"App"},{"contents":[{"Left":"Function.Identity.Categorical.Identity"},[{"contents":[{"Right":0},[]],"tag":"App"}]],"tag":"App"}]],"tag":"App"}],"tag":"Pi"},"reduced":null,"simplified":null}},"term":{"pretty":"comonad","thing":{"normalised":null,"original":{"contents":[{"Left":"Function.Identity.Categorical.comonad"},[]],"tag":"App"},"reduced":null,"simplified":null}},"namesUsed":["Function.Identity.Categorical.comonad"]}]}