{"scope":{"item":[{"item":{"pretty":"Set","thing":{"normalised":null,"original":{"contents":"Set","tag":"Sort"},"reduced":null,"simplified":null}},"name":"Agda.Primitive.Level"},{"item":{"pretty":"{a b : Level} → IsEquivalence Inverse","thing":{"normalised":null,"original":{"contents":[{"item":{"contents":[{"Left":"Agda.Primitive.Level"},[]],"tag":"App"},"name":"a"},{"contents":[{"item":{"contents":[{"Left":"Agda.Primitive.Level"},[]],"tag":"App"},"name":"b"},{"contents":[{"Left":"Relation.Binary.Structures.IsEquivalence"},[{"contents":"lub (lsuc @1) (lsuc @0)","tag":"Level"},{"contents":"lub @1 @0","tag":"Level"},{"contents":[{"Left":"Relation.Binary.Bundles.Setoid"},[{"contents":[{"Right":1},[]],"tag":"App"},{"contents":[{"Right":0},[]],"tag":"App"}]],"tag":"App"},{"contents":[{"Left":"Function.Bundles._.Inverse"},[{"contents":[{"Right":1},[]],"tag":"App"},{"contents":[{"Right":0},[]],"tag":"App"},{"contents":[{"Right":1},[]],"tag":"App"},{"contents":[{"Right":0},[]],"tag":"App"}]],"tag":"App"}]],"tag":"App"}],"tag":"Pi"}],"tag":"Pi"},"reduced":null,"simplified":null}},"name":"Function.Properties.Inverse.isEquivalence"},{"item":{"pretty":"{ℓ₁ : Level} → IsEquivalence _↔_","thing":{"normalised":{"contents":[{"item":{"contents":[{"Left":"Agda.Primitive.Level"},[]],"tag":"App"},"name":"ℓ₁"},{"contents":[{"Left":"Relation.Binary.Structures.IsEquivalence"},[{"contents":"lsuc @0","tag":"Level"},{"contents":[{"Right":0},[]],"tag":"App"},{"contents":"Set @0","tag":"Sort"},{"contents":{"item":{"contents":{"item":{"contents":[{"Left":"Function.Bundles._.Inverse"},[{"contents":[{"Right":2},[]],"tag":"App"},{"contents":[{"Right":2},[]],"tag":"App"},{"contents":[{"Right":2},[]],"tag":"App"},{"contents":[{"Right":2},[]],"tag":"App"},{"contents":[{"Left":"Relation.Binary.PropositionalEquality.Properties.setoid"},[{"contents":[{"Right":2},[]],"tag":"App"},{"contents":[{"Right":1},[]],"tag":"App"}]],"tag":"App"},{"contents":[{"Left":"Relation.Binary.PropositionalEquality.Properties.setoid"},[{"contents":[{"Right":2},[]],"tag":"App"},{"contents":[{"Right":0},[]],"tag":"App"}]],"tag":"App"}]],"tag":"App"},"name":"B"},"tag":"Lam"},"name":"A"},"tag":"Lam"}]],"tag":"App"}],"tag":"Pi"},"original":{"contents":[{"item":{"contents":[{"Left":"Agda.Primitive.Level"},[]],"tag":"App"},"name":"ℓ₁"},{"contents":[{"Left":"Relation.Binary.Structures.IsEquivalence"},[{"contents":"lsuc @0","tag":"Level"},{"contents":[{"Right":0},[]],"tag":"App"},{"contents":"Set @0","tag":"Sort"},{"contents":[{"Left":"Function.Bundles._↔_"},[{"contents":[{"Right":0},[]],"tag":"App"},{"contents":[{"Right":0},[]],"tag":"App"}]],"tag":"App"}]],"tag":"App"}],"tag":"Pi"},"reduced":null,"simplified":null}},"name":"Function.Properties.Inverse.↔-isEquivalence"},{"item":{"pretty":"{a ℓ : Level} {A : Set a} (_≈_ : Relation.Binary.Rel A ℓ) →\nSet (a Level.⊔ ℓ)","thing":{"normalised":{"contents":[{"item":{"contents":[{"Left":"Agda.Primitive.Level"},[]],"tag":"App"},"name":"a"},{"contents":[{"item":{"contents":[{"Left":"Agda.Primitive.Level"},[]],"tag":"App"},"name":"ℓ"},{"contents":[{"item":{"contents":"Set @1","tag":"Sort"},"name":"A"},{"contents":[{"item":{"contents":[{"item":{"contents":[{"Right":0},[]],"tag":"App"},"name":"_"},{"contents":[{"item":{"contents":[{"Right":0},[]],"tag":"App"},"name":"_"},{"contents":"Set @1","tag":"Sort"}],"tag":"Pi"}],"tag":"Pi"},"name":"_≈_"},{"contents":"Set (lub @3 @2)","tag":"Sort"}],"tag":"Pi"}],"tag":"Pi"}],"tag":"Pi"}],"tag":"Pi"},"original":{"contents":[{"item":{"contents":[{"Left":"Agda.Primitive.Level"},[]],"tag":"App"},"name":"a"},{"contents":[{"item":{"contents":[{"Left":"Agda.Primitive.Level"},[]],"tag":"App"},"name":"ℓ"},{"contents":[{"item":{"contents":"Set @1","tag":"Sort"},"name":"A"},{"contents":[{"item":{"contents":[{"Left":"Relation.Binary.Core.Rel"},[{"contents":[{"Right":2},[]],"tag":"App"},{"contents":[{"Right":0},[]],"tag":"App"},{"contents":[{"Right":1},[]],"tag":"App"}]],"tag":"App"},"name":"_≈_"},{"contents":"Set (lub @3 @2)","tag":"Sort"}],"tag":"Pi"}],"tag":"Pi"}],"tag":"Pi"}],"tag":"Pi"},"reduced":null,"simplified":null}},"name":"Relation.Binary.Structures.IsEquivalence"},{"item":{"pretty":"(c ℓ : Level) → Set (Level.suc c Level.⊔ Level.suc ℓ)","thing":{"normalised":null,"original":{"contents":[{"item":{"contents":[{"Left":"Agda.Primitive.Level"},[]],"tag":"App"},"name":"c"},{"contents":[{"item":{"contents":[{"Left":"Agda.Primitive.Level"},[]],"tag":"App"},"name":"ℓ"},{"contents":"Set (lub (lsuc @1) (lsuc @0))","tag":"Sort"}],"tag":"Pi"}],"tag":"Pi"},"reduced":null,"simplified":null}},"name":"Relation.Binary.Bundles.Setoid"},{"item":{"pretty":"{a : Level} → Set a → Setoid a a","thing":{"normalised":null,"original":{"contents":[{"item":{"contents":[{"Left":"Agda.Primitive.Level"},[]],"tag":"App"},"name":"a"},{"contents":[{"item":{"contents":"Set @0","tag":"Sort"},"name":"_"},{"contents":[{"Left":"Relation.Binary.Bundles.Setoid"},[{"contents":[{"Right":0},[]],"tag":"App"},{"contents":[{"Right":0},[]],"tag":"App"}]],"tag":"App"}],"tag":"Pi"}],"tag":"Pi"},"reduced":null,"simplified":null}},"name":"Relation.Binary.PropositionalEquality.Properties.setoid"},{"item":{"pretty":"{a ℓ₁ b ℓ₂ : Level} (From : Setoid a ℓ₁) (To : Setoid b ℓ₂) →\nSet (a Level.⊔ ℓ₁ Level.⊔ b Level.⊔ ℓ₂)","thing":{"normalised":null,"original":{"contents":[{"item":{"contents":[{"Left":"Agda.Primitive.Level"},[]],"tag":"App"},"name":"a"},{"contents":[{"item":{"contents":[{"Left":"Agda.Primitive.Level"},[]],"tag":"App"},"name":"ℓ₁"},{"contents":[{"item":{"contents":[{"Left":"Agda.Primitive.Level"},[]],"tag":"App"},"name":"b"},{"contents":[{"item":{"contents":[{"Left":"Agda.Primitive.Level"},[]],"tag":"App"},"name":"ℓ₂"},{"contents":[{"item":{"contents":[{"Left":"Relation.Binary.Bundles.Setoid"},[{"contents":[{"Right":3},[]],"tag":"App"},{"contents":[{"Right":2},[]],"tag":"App"}]],"tag":"App"},"name":"From"},{"contents":[{"item":{"contents":[{"Left":"Relation.Binary.Bundles.Setoid"},[{"contents":[{"Right":2},[]],"tag":"App"},{"contents":[{"Right":1},[]],"tag":"App"}]],"tag":"App"},"name":"To"},{"contents":"Set (lub @5 lub @4 lub @3 @2)","tag":"Sort"}],"tag":"Pi"}],"tag":"Pi"}],"tag":"Pi"}],"tag":"Pi"}],"tag":"Pi"}],"tag":"Pi"},"reduced":null,"simplified":null}},"name":"Function.Bundles._.Inverse"},{"item":{"pretty":"{a b : Level} → Set a → Set b → Set (a Level.⊔ b)","thing":{"normalised":null,"original":{"contents":[{"item":{"contents":[{"Left":"Agda.Primitive.Level"},[]],"tag":"App"},"name":"a"},{"contents":[{"item":{"contents":[{"Left":"Agda.Primitive.Level"},[]],"tag":"App"},"name":"b"},{"contents":[{"item":{"contents":"Set @1","tag":"Sort"},"name":"_"},{"contents":[{"item":{"contents":"Set @0","tag":"Sort"},"name":"_"},{"contents":"Set (lub @1 @0)","tag":"Sort"}],"tag":"Pi"}],"tag":"Pi"}],"tag":"Pi"}],"tag":"Pi"},"reduced":null,"simplified":null}},"name":"Function.Bundles._↔_"}],"name":"Function.Properties.Inverse"},"samples":[{"ctx":{"pretty":"{ℓ₁ : Level} {x : Set ℓ₁}","thing":[{"item":{"contents":[{"Left":"Agda.Primitive.Level"},[]],"tag":"App"},"name":"ℓ₁"},{"item":{"contents":"Set @0","tag":"Sort"},"name":"x"}]},"goal":{"pretty":"Setoid ℓ₁ ℓ₁","thing":{"normalised":null,"original":{"contents":[{"Left":"Relation.Binary.Bundles.Setoid"},[{"contents":[{"Right":1},[]],"tag":"App"},{"contents":[{"Right":1},[]],"tag":"App"}]],"tag":"App"},"reduced":null,"simplified":null}},"term":{"pretty":"setoid x","thing":{"normalised":null,"original":{"contents":[{"Left":"Relation.Binary.PropositionalEquality.Properties.setoid"},[{"contents":[{"Right":1},[]],"tag":"App"},{"contents":[{"Right":0},[]],"tag":"App"}]],"tag":"App"},"reduced":null,"simplified":null}},"namesUsed":["Relation.Binary.PropositionalEquality.Properties.setoid"]},{"ctx":{"pretty":"{ℓ₁ = ℓ₂ : Level} {x : Set ℓ₂} {y : Set ℓ₂}","thing":[{"item":{"contents":[{"Left":"Agda.Primitive.Level"},[]],"tag":"App"},"name":"ℓ₁"},{"item":{"contents":"Set @0","tag":"Sort"},"name":"x"},{"item":{"contents":"Set @1","tag":"Sort"},"name":"y"}]},"goal":{"pretty":"Setoid ℓ₁ ℓ₁","thing":{"normalised":null,"original":{"contents":[{"Left":"Relation.Binary.Bundles.Setoid"},[{"contents":[{"Right":2},[]],"tag":"App"},{"contents":[{"Right":2},[]],"tag":"App"}]],"tag":"App"},"reduced":null,"simplified":null}},"term":{"pretty":"setoid x","thing":{"normalised":null,"original":{"contents":[{"Left":"Relation.Binary.PropositionalEquality.Properties.setoid"},[{"contents":[{"Right":2},[]],"tag":"App"},{"contents":[{"Right":1},[]],"tag":"App"}]],"tag":"App"},"reduced":null,"simplified":null}},"namesUsed":["Relation.Binary.PropositionalEquality.Properties.setoid"]},{"ctx":{"pretty":"{ℓ₁ = ℓ₂ : Level} {x = x₁ : Set ℓ₂} {y : Set ℓ₂}","thing":[{"item":{"contents":[{"Left":"Agda.Primitive.Level"},[]],"tag":"App"},"name":"ℓ₁"},{"item":{"contents":"Set @0","tag":"Sort"},"name":"x"},{"item":{"contents":"Set @1","tag":"Sort"},"name":"y"}]},"goal":{"pretty":"Setoid ℓ₁ ℓ₁","thing":{"normalised":null,"original":{"contents":[{"Left":"Relation.Binary.Bundles.Setoid"},[{"contents":[{"Right":2},[]],"tag":"App"},{"contents":[{"Right":2},[]],"tag":"App"}]],"tag":"App"},"reduced":null,"simplified":null}},"term":{"pretty":"setoid y","thing":{"normalised":null,"original":{"contents":[{"Left":"Relation.Binary.PropositionalEquality.Properties.setoid"},[{"contents":[{"Right":2},[]],"tag":"App"},{"contents":[{"Right":0},[]],"tag":"App"}]],"tag":"App"},"reduced":null,"simplified":null}},"namesUsed":["Relation.Binary.PropositionalEquality.Properties.setoid"]},{"ctx":{"pretty":"{ℓ₁ = ℓ₂ : Level} {i : Set ℓ₂} {j : Set ℓ₂} {k : Set ℓ₂}","thing":[{"item":{"contents":[{"Left":"Agda.Primitive.Level"},[]],"tag":"App"},"name":"ℓ₁"},{"item":{"contents":"Set @0","tag":"Sort"},"name":"i"},{"item":{"contents":"Set @1","tag":"Sort"},"name":"j"},{"item":{"contents":"Set @2","tag":"Sort"},"name":"k"}]},"goal":{"pretty":"Setoid ℓ₁ ℓ₁","thing":{"normalised":null,"original":{"contents":[{"Left":"Relation.Binary.Bundles.Setoid"},[{"contents":[{"Right":3},[]],"tag":"App"},{"contents":[{"Right":3},[]],"tag":"App"}]],"tag":"App"},"reduced":null,"simplified":null}},"term":{"pretty":"setoid i","thing":{"normalised":null,"original":{"contents":[{"Left":"Relation.Binary.PropositionalEquality.Properties.setoid"},[{"contents":[{"Right":3},[]],"tag":"App"},{"contents":[{"Right":2},[]],"tag":"App"}]],"tag":"App"},"reduced":null,"simplified":null}},"namesUsed":["Relation.Binary.PropositionalEquality.Properties.setoid"]},{"ctx":{"pretty":"{ℓ₁ = ℓ₂ : Level} {i = i₁ : Set ℓ₂} {j : Set ℓ₂} {k : Set ℓ₂}","thing":[{"item":{"contents":[{"Left":"Agda.Primitive.Level"},[]],"tag":"App"},"name":"ℓ₁"},{"item":{"contents":"Set @0","tag":"Sort"},"name":"i"},{"item":{"contents":"Set @1","tag":"Sort"},"name":"j"},{"item":{"contents":"Set @2","tag":"Sort"},"name":"k"}]},"goal":{"pretty":"Setoid ℓ₁ ℓ₁","thing":{"normalised":null,"original":{"contents":[{"Left":"Relation.Binary.Bundles.Setoid"},[{"contents":[{"Right":3},[]],"tag":"App"},{"contents":[{"Right":3},[]],"tag":"App"}]],"tag":"App"},"reduced":null,"simplified":null}},"term":{"pretty":"setoid j","thing":{"normalised":null,"original":{"contents":[{"Left":"Relation.Binary.PropositionalEquality.Properties.setoid"},[{"contents":[{"Right":3},[]],"tag":"App"},{"contents":[{"Right":1},[]],"tag":"App"}]],"tag":"App"},"reduced":null,"simplified":null}},"namesUsed":["Relation.Binary.PropositionalEquality.Properties.setoid"]},{"ctx":{"pretty":"{ℓ₁ = ℓ₂ : Level} {i = i₁ : Set ℓ₂} {j = j₁ : Set ℓ₂} {k : Set ℓ₂}","thing":[{"item":{"contents":[{"Left":"Agda.Primitive.Level"},[]],"tag":"App"},"name":"ℓ₁"},{"item":{"contents":"Set @0","tag":"Sort"},"name":"i"},{"item":{"contents":"Set @1","tag":"Sort"},"name":"j"},{"item":{"contents":"Set @2","tag":"Sort"},"name":"k"}]},"goal":{"pretty":"Setoid ℓ₁ ℓ₁","thing":{"normalised":null,"original":{"contents":[{"Left":"Relation.Binary.Bundles.Setoid"},[{"contents":[{"Right":3},[]],"tag":"App"},{"contents":[{"Right":3},[]],"tag":"App"}]],"tag":"App"},"reduced":null,"simplified":null}},"term":{"pretty":"setoid k","thing":{"normalised":null,"original":{"contents":[{"Left":"Relation.Binary.PropositionalEquality.Properties.setoid"},[{"contents":[{"Right":3},[]],"tag":"App"},{"contents":[{"Right":0},[]],"tag":"App"}]],"tag":"App"},"reduced":null,"simplified":null}},"namesUsed":["Relation.Binary.PropositionalEquality.Properties.setoid"]}]}