{"scope":{"item":[{"item":{"pretty":"ℕ → Level → Level","thing":{"normalised":null,"original":{"contents":[{"item":{"contents":[{"Left":"Agda.Builtin.Nat.Nat"},[]],"tag":"App"},"name":"_"},{"contents":[{"item":{"contents":[{"Left":"Agda.Primitive.Level"},[]],"tag":"App"},"name":"_"},{"contents":[{"Left":"Agda.Primitive.Level"},[]],"tag":"App"}],"tag":"Pi"}],"tag":"Pi"},"reduced":null,"simplified":null}},"name":"Level.Literals._ℕ+_"},{"item":{"pretty":"Set","thing":{"normalised":null,"original":{"contents":"Set","tag":"Sort"},"reduced":null,"simplified":null}},"name":"Agda.Builtin.Nat.Nat"},{"item":{"pretty":"Set","thing":{"normalised":null,"original":{"contents":"Set","tag":"Sort"},"reduced":null,"simplified":null}},"name":"Agda.Builtin.Unit.⊤"},{"item":{"pretty":"ℕ","thing":{"normalised":null,"original":{"contents":[{"Left":"Agda.Builtin.Nat.Nat"},[]],"tag":"App"},"reduced":null,"simplified":null}},"name":"Agda.Builtin.Nat.Nat.zero"},{"item":{"pretty":"⊤","thing":{"normalised":null,"original":{"contents":[{"Left":"Agda.Builtin.Unit.⊤"},[]],"tag":"App"},"reduced":null,"simplified":null}},"name":"Agda.Builtin.Unit.tt"},{"item":{"pretty":"{a : Level} (A : Set a) → Set (Level.suc a)","thing":{"normalised":null,"original":{"contents":[{"item":{"contents":[{"Left":"Agda.Primitive.Level"},[]],"tag":"App"},"name":"a"},{"contents":[{"item":{"contents":"Set @0","tag":"Sort"},"name":"A"},{"contents":"Set (lsuc @1)","tag":"Sort"}],"tag":"Pi"}],"tag":"Pi"},"reduced":null,"simplified":null}},"name":"Agda.Builtin.FromNat.Number"},{"item":{"pretty":"ℕ → ℕ","thing":{"normalised":null,"original":{"contents":[{"item":{"contents":[{"Left":"Agda.Builtin.Nat.Nat"},[]],"tag":"App"},"name":"n"},{"contents":[{"Left":"Agda.Builtin.Nat.Nat"},[]],"tag":"App"}],"tag":"Pi"},"reduced":null,"simplified":null}},"name":"Agda.Builtin.Nat.Nat.suc"},{"item":{"pretty":"ℕ → Level","thing":{"normalised":null,"original":{"contents":[{"item":{"contents":[{"Left":"Agda.Builtin.Nat.Nat"},[]],"tag":"App"},"name":"_"},{"contents":[{"Left":"Agda.Primitive.Level"},[]],"tag":"App"}],"tag":"Pi"},"reduced":null,"simplified":null}},"name":"Level.Literals.#_"},{"item":{"pretty":"Set","thing":{"normalised":null,"original":{"contents":"Set","tag":"Sort"},"reduced":null,"simplified":null}},"name":"Agda.Primitive.Level"},{"item":{"pretty":"ℕ → ℕ → ℕ","thing":{"normalised":null,"original":{"contents":[{"item":{"contents":[{"Left":"Agda.Builtin.Nat.Nat"},[]],"tag":"App"},"name":"_"},{"contents":[{"item":{"contents":[{"Left":"Agda.Builtin.Nat.Nat"},[]],"tag":"App"},"name":"_"},{"contents":[{"Left":"Agda.Builtin.Nat.Nat"},[]],"tag":"App"}],"tag":"Pi"}],"tag":"Pi"},"reduced":null,"simplified":null}},"name":"Agda.Builtin.Nat._+_"},{"item":{"pretty":"Number Level","thing":{"normalised":null,"original":{"contents":[{"Left":"Agda.Builtin.FromNat.Number"},[{"contents":"lzero","tag":"Level"},{"contents":[{"Left":"Agda.Primitive.Level"},[]],"tag":"App"}]],"tag":"App"},"reduced":null,"simplified":null}},"name":"Level.Literals.Levelℕ"},{"item":{"pretty":"ℕ → ℕ → ℕ","thing":{"normalised":null,"original":{"contents":[{"item":{"contents":[{"Left":"Agda.Builtin.Nat.Nat"},[]],"tag":"App"},"name":"_"},{"contents":[{"item":{"contents":[{"Left":"Agda.Builtin.Nat.Nat"},[]],"tag":"App"},"name":"_"},{"contents":[{"Left":"Agda.Builtin.Nat.Nat"},[]],"tag":"App"}],"tag":"Pi"}],"tag":"Pi"},"reduced":null,"simplified":null}},"name":"Agda.Builtin.Nat._-_"},{"item":{"pretty":"Level","thing":{"normalised":null,"original":{"contents":[{"Left":"Agda.Primitive.Level"},[]],"tag":"App"},"reduced":null,"simplified":null}},"name":"Level.0ℓ"},{"item":{"pretty":"ℕ → ℕ → ℕ","thing":{"normalised":null,"original":{"contents":[{"item":{"contents":[{"Left":"Agda.Builtin.Nat.Nat"},[]],"tag":"App"},"name":"_"},{"contents":[{"item":{"contents":[{"Left":"Agda.Builtin.Nat.Nat"},[]],"tag":"App"},"name":"_"},{"contents":[{"Left":"Agda.Builtin.Nat.Nat"},[]],"tag":"App"}],"tag":"Pi"}],"tag":"Pi"},"reduced":null,"simplified":null}},"name":"Agda.Builtin.Nat._*_"},{"item":{"pretty":"{a : Level} {A : Set a} ⦃ r : Number A ⦄ (n : ℕ)\n⦃ _ : Number.Constraint r n ⦄ →\nA","thing":{"normalised":null,"original":{"contents":[{"item":{"contents":[{"Left":"Agda.Primitive.Level"},[]],"tag":"App"},"name":"a"},{"contents":[{"item":{"contents":"Set @0","tag":"Sort"},"name":"A"},{"contents":[{"item":{"contents":[{"Left":"Agda.Builtin.FromNat.Number"},[{"contents":[{"Right":1},[]],"tag":"App"},{"contents":[{"Right":0},[]],"tag":"App"}]],"tag":"App"},"name":"r"},{"contents":[{"item":{"contents":[{"Left":"Agda.Builtin.Nat.Nat"},[]],"tag":"App"},"name":"n"},{"contents":[{"item":{"contents":[{"Right":1},[{"contents":[{"Left":"Agda.Builtin.FromNat.Number.Constraint"},[]],"tag":"App"},{"contents":[{"Right":0},[]],"tag":"App"}]],"tag":"App"},"name":"_"},{"contents":[{"Right":2},[]],"tag":"App"}],"tag":"Pi"}],"tag":"Pi"}],"tag":"Pi"}],"tag":"Pi"}],"tag":"Pi"},"reduced":null,"simplified":null}},"name":"Agda.Builtin.FromNat._.fromNat"},{"item":{"pretty":"ℕ → ℕ → Agda.Builtin.Bool.Bool","thing":{"normalised":null,"original":{"contents":[{"item":{"contents":[{"Left":"Agda.Builtin.Nat.Nat"},[]],"tag":"App"},"name":"_"},{"contents":[{"item":{"contents":[{"Left":"Agda.Builtin.Nat.Nat"},[]],"tag":"App"},"name":"_"},{"contents":[{"Left":"Agda.Builtin.Bool.Bool"},[]],"tag":"App"}],"tag":"Pi"}],"tag":"Pi"},"reduced":null,"simplified":null}},"name":"Agda.Builtin.Nat._==_"},{"item":{"pretty":"ℕ → ℕ → Agda.Builtin.Bool.Bool","thing":{"normalised":null,"original":{"contents":[{"item":{"contents":[{"Left":"Agda.Builtin.Nat.Nat"},[]],"tag":"App"},"name":"_"},{"contents":[{"item":{"contents":[{"Left":"Agda.Builtin.Nat.Nat"},[]],"tag":"App"},"name":"_"},{"contents":[{"Left":"Agda.Builtin.Bool.Bool"},[]],"tag":"App"}],"tag":"Pi"}],"tag":"Pi"},"reduced":null,"simplified":null}},"name":"Agda.Builtin.Nat._<_"},{"item":{"pretty":"ℕ → ℕ → ℕ → ℕ → ℕ","thing":{"normalised":null,"original":{"contents":[{"item":{"contents":[{"Left":"Agda.Builtin.Nat.Nat"},[]],"tag":"App"},"name":"k"},{"contents":[{"item":{"contents":[{"Left":"Agda.Builtin.Nat.Nat"},[]],"tag":"App"},"name":"m"},{"contents":[{"item":{"contents":[{"Left":"Agda.Builtin.Nat.Nat"},[]],"tag":"App"},"name":"n"},{"contents":[{"item":{"contents":[{"Left":"Agda.Builtin.Nat.Nat"},[]],"tag":"App"},"name":"j"},{"contents":[{"Left":"Agda.Builtin.Nat.Nat"},[]],"tag":"App"}],"tag":"Pi"}],"tag":"Pi"}],"tag":"Pi"}],"tag":"Pi"},"reduced":null,"simplified":null}},"name":"Agda.Builtin.Nat.div-helper"},{"item":{"pretty":"ℕ → ℕ → ℕ → ℕ → ℕ","thing":{"normalised":null,"original":{"contents":[{"item":{"contents":[{"Left":"Agda.Builtin.Nat.Nat"},[]],"tag":"App"},"name":"k"},{"contents":[{"item":{"contents":[{"Left":"Agda.Builtin.Nat.Nat"},[]],"tag":"App"},"name":"m"},{"contents":[{"item":{"contents":[{"Left":"Agda.Builtin.Nat.Nat"},[]],"tag":"App"},"name":"n"},{"contents":[{"item":{"contents":[{"Left":"Agda.Builtin.Nat.Nat"},[]],"tag":"App"},"name":"j"},{"contents":[{"Left":"Agda.Builtin.Nat.Nat"},[]],"tag":"App"}],"tag":"Pi"}],"tag":"Pi"}],"tag":"Pi"}],"tag":"Pi"},"reduced":null,"simplified":null}},"name":"Agda.Builtin.Nat.mod-helper"}],"name":"Level.Literals"},"samples":[{"ctx":{"pretty":"(n : ℕ) (ℓ : Level)","thing":[{"item":{"contents":[{"Left":"Agda.Builtin.Nat.Nat"},[]],"tag":"App"},"name":"n"},{"item":{"contents":[{"Left":"Agda.Primitive.Level"},[]],"tag":"App"},"name":"ℓ"}]},"goal":{"pretty":"Level","thing":{"normalised":null,"original":{"contents":[{"Left":"Agda.Primitive.Level"},[]],"tag":"App"},"reduced":null,"simplified":null}},"term":{"pretty":"n ℕ+ ℓ","thing":{"normalised":null,"original":{"contents":[{"Left":"Level.Literals._ℕ+_"},[{"contents":[{"Right":1},[]],"tag":"App"},{"contents":[{"Right":0},[]],"tag":"App"}]],"tag":"App"},"reduced":null,"simplified":null}},"namesUsed":["Level.Literals._ℕ+_"]},{"ctx":{"pretty":"","thing":[]},"goal":{"pretty":"ℕ → Level","thing":{"normalised":null,"original":{"contents":[{"item":{"contents":[{"Left":"Agda.Builtin.Nat.Nat"},[]],"tag":"App"},"name":"_"},{"contents":[{"Left":"Agda.Primitive.Level"},[]],"tag":"App"}],"tag":"Pi"},"reduced":null,"simplified":null}},"term":{"pretty":"_ℕ+ 0ℓ","thing":{"normalised":{"contents":{"item":{"contents":[{"Left":"Level.Literals._ℕ+_"},[{"contents":[{"Right":0},[]],"tag":"App"},{"contents":"lzero","tag":"Level"}]],"tag":"App"},"name":"section"},"tag":"Lam"},"original":{"contents":{"item":{"contents":[{"Left":"Level.Literals._ℕ+_"},[{"contents":[{"Right":0},[]],"tag":"App"},{"contents":[{"Left":"Level.0ℓ"},[]],"tag":"App"}]],"tag":"App"},"name":"section"},"tag":"Lam"},"reduced":null,"simplified":null}},"namesUsed":["Level.Literals._ℕ+_","Level.0ℓ"]},{"ctx":{"pretty":"(section : ℕ)","thing":[{"item":{"contents":[{"Left":"Agda.Builtin.Nat.Nat"},[]],"tag":"App"},"name":"section"}]},"goal":{"pretty":"Level","thing":{"normalised":null,"original":{"contents":[{"Left":"Agda.Primitive.Level"},[]],"tag":"App"},"reduced":null,"simplified":null}},"term":{"pretty":"section ℕ+ 0ℓ","thing":{"normalised":{"contents":[{"Left":"Level.Literals._ℕ+_"},[{"contents":[{"Right":0},[]],"tag":"App"},{"contents":"lzero","tag":"Level"}]],"tag":"App"},"original":{"contents":[{"Left":"Level.Literals._ℕ+_"},[{"contents":[{"Right":0},[]],"tag":"App"},{"contents":[{"Left":"Level.0ℓ"},[]],"tag":"App"}]],"tag":"App"},"reduced":null,"simplified":null}},"namesUsed":["Level.Literals._ℕ+_","Level.0ℓ"]},{"ctx":{"pretty":"(section₁ : ℕ)","thing":[{"item":{"contents":[{"Left":"Agda.Builtin.Nat.Nat"},[]],"tag":"App"},"name":"section"}]},"goal":{"pretty":"Level","thing":{"normalised":null,"original":{"contents":[{"Left":"Agda.Primitive.Level"},[]],"tag":"App"},"reduced":null,"simplified":null}},"term":{"pretty":"0ℓ","thing":{"normalised":{"contents":"lzero","tag":"Level"},"original":{"contents":[{"Left":"Level.0ℓ"},[]],"tag":"App"},"reduced":{"contents":"lzero","tag":"Level"},"simplified":null}},"namesUsed":["Level.0ℓ"]},{"ctx":{"pretty":"(x : ℕ)","thing":[{"item":{"contents":[{"Left":"Agda.Builtin.Nat.Nat"},[]],"tag":"App"},"name":"x"}]},"goal":{"pretty":"Set","thing":{"normalised":null,"original":{"contents":"Set","tag":"Sort"},"reduced":null,"simplified":null}},"term":{"pretty":"⊤","thing":{"normalised":null,"original":{"contents":[{"Left":"Agda.Builtin.Unit.⊤"},[]],"tag":"App"},"reduced":null,"simplified":null}},"namesUsed":["Agda.Builtin.Unit.⊤"]},{"ctx":{"pretty":"(n : ℕ) ⦃ _ = x : Number.Constraint Levelℕ n ⦄","thing":[{"item":{"contents":[{"Left":"Agda.Builtin.Nat.Nat"},[]],"tag":"App"},"name":"n"},{"item":{"contents":[{"Left":"Level.Literals.Levelℕ"},[{"contents":[{"Left":"Agda.Builtin.FromNat.Number.Constraint"},[]],"tag":"App"},{"contents":[{"Right":0},[]],"tag":"App"}]],"tag":"App"},"name":"x"}]},"goal":{"pretty":"Level","thing":{"normalised":null,"original":{"contents":[{"Left":"Agda.Primitive.Level"},[]],"tag":"App"},"reduced":null,"simplified":null}},"term":{"pretty":"# n","thing":{"normalised":{"contents":[{"Left":"Level.Literals._ℕ+_"},[{"contents":[{"Right":1},[]],"tag":"App"},{"contents":"lzero","tag":"Level"}]],"tag":"App"},"original":{"contents":[{"Left":"Level.Literals.#_"},[{"contents":[{"Right":1},[]],"tag":"App"}]],"tag":"App"},"reduced":{"contents":[{"Left":"Level.Literals._ℕ+_"},[{"contents":[{"Right":1},[]],"tag":"App"},{"contents":[{"Left":"Level.0ℓ"},[]],"tag":"App"}]],"tag":"App"},"simplified":null}},"namesUsed":["Level.Literals.#_"]}]}