{"scope":{"item":[{"item":{"pretty":"Set","thing":{"normalised":null,"original":{"contents":"Set","tag":"Sort"},"reduced":null,"simplified":null}},"name":"Data.Empty.⊥"},{"item":{"pretty":"{ℓ : Level} → Set ℓ → Set ℓ","thing":{"normalised":null,"original":{"contents":[{"item":{"contents":[{"Left":"Agda.Primitive.Level"},[]],"tag":"App"},"name":"ℓ"},{"contents":[{"item":{"contents":"Set @0","tag":"Sort"},"name":"_"},{"contents":"Set @0","tag":"Sort"}],"tag":"Pi"}],"tag":"Pi"},"reduced":null,"simplified":null}},"name":"Relation.Nullary.¬_"},{"item":{"pretty":"Set","thing":{"normalised":null,"original":{"contents":"Set","tag":"Sort"},"reduced":null,"simplified":null}},"name":"Agda.Builtin.Bool.Bool"},{"item":{"pretty":"Bool","thing":{"normalised":null,"original":{"contents":[{"Left":"Agda.Builtin.Bool.Bool"},[]],"tag":"App"},"reduced":null,"simplified":null}},"name":"Agda.Builtin.Bool.Bool.false"},{"item":{"pretty":"Setω₁","thing":{"normalised":null,"original":{"contents":"Setω1","tag":"Sort"},"reduced":null,"simplified":null}},"name":"Agda.Primitive.Setω"},{"item":{"pretty":"{a : Level} (ℓ : Level) (A : Set a) → Set (a ⊔ ℓ)","thing":{"normalised":null,"original":{"contents":[{"item":{"contents":[{"Left":"Agda.Primitive.Level"},[]],"tag":"App"},"name":"a"},{"contents":[{"item":{"contents":[{"Left":"Agda.Primitive.Level"},[]],"tag":"App"},"name":"ℓ"},{"contents":[{"item":{"contents":"Set @1","tag":"Sort"},"name":"A"},{"contents":"Set (lub @2 @1)","tag":"Sort"}],"tag":"Pi"}],"tag":"Pi"}],"tag":"Pi"},"reduced":null,"simplified":null}},"name":"Level.Lift"},{"item":{"pretty":"Bool","thing":{"normalised":null,"original":{"contents":[{"Left":"Agda.Builtin.Bool.Bool"},[]],"tag":"App"},"reduced":null,"simplified":null}},"name":"Agda.Builtin.Bool.Bool.true"},{"item":{"pretty":"Bool → Bool → Set","thing":{"normalised":null,"original":{"contents":[{"item":{"contents":[{"Left":"Agda.Builtin.Bool.Bool"},[]],"tag":"App"},"name":"_"},{"contents":[{"item":{"contents":[{"Left":"Agda.Builtin.Bool.Bool"},[]],"tag":"App"},"name":"_"},{"contents":"Set","tag":"Sort"}],"tag":"Pi"}],"tag":"Pi"},"reduced":null,"simplified":null}},"name":"Data.Bool.Base._≤_"},{"item":{"pretty":"{w : Level} {Whatever : Set w} → ⊥ → Whatever","thing":{"normalised":null,"original":{"contents":[{"item":{"contents":[{"Left":"Agda.Primitive.Level"},[]],"tag":"App"},"name":"w"},{"contents":[{"item":{"contents":"Set @0","tag":"Sort"},"name":"Whatever"},{"contents":[{"item":{"contents":[{"Left":"Data.Empty.⊥"},[]],"tag":"App"},"name":"_"},{"contents":[{"Right":0},[]],"tag":"App"}],"tag":"Pi"}],"tag":"Pi"}],"tag":"Pi"},"reduced":null,"simplified":null}},"name":"Data.Empty.⊥-elim"},{"item":{"pretty":"false ≤ true","thing":{"normalised":null,"original":{"contents":[{"Left":"Data.Bool.Base._≤_"},[{"contents":[{"Left":"Agda.Builtin.Bool.Bool.false"},[]],"tag":"App"},{"contents":[{"Left":"Agda.Builtin.Bool.Bool.true"},[]],"tag":"App"}]],"tag":"App"},"reduced":null,"simplified":null}},"name":"Data.Bool.Base._≤_.f≤t"},{"item":{"pretty":"{p : Level} → Set p → Bool → Set p","thing":{"normalised":null,"original":{"contents":[{"item":{"contents":[{"Left":"Agda.Primitive.Level"},[]],"tag":"App"},"name":"p"},{"contents":[{"item":{"contents":"Set @0","tag":"Sort"},"name":"P"},{"contents":[{"item":{"contents":[{"Left":"Agda.Builtin.Bool.Bool"},[]],"tag":"App"},"name":"_"},{"contents":"Set @0","tag":"Sort"}],"tag":"Pi"}],"tag":"Pi"}],"tag":"Pi"},"reduced":null,"simplified":null}},"name":"Relation.Nullary.Reflects"},{"item":{"pretty":"Set","thing":{"normalised":null,"original":{"contents":"Set","tag":"Sort"},"reduced":null,"simplified":null}},"name":"Agda.Primitive.Level"},{"item":{"pretty":"Level","thing":{"normalised":null,"original":{"contents":[{"Left":"Agda.Primitive.Level"},[]],"tag":"App"},"reduced":null,"simplified":null}},"name":"Agda.Primitive.lzero"},{"item":{"pretty":"{b : Bool} → b ≤ b","thing":{"normalised":null,"original":{"contents":[{"item":{"contents":[{"Left":"Agda.Builtin.Bool.Bool"},[]],"tag":"App"},"name":"b"},{"contents":[{"Left":"Data.Bool.Base._≤_"},[{"contents":[{"Right":0},[]],"tag":"App"},{"contents":[{"Right":0},[]],"tag":"App"}]],"tag":"App"}],"tag":"Pi"},"reduced":null,"simplified":null}},"name":"Data.Bool.Base._≤_.b≤b"},{"item":{"pretty":"Bool → Bool → Set","thing":{"normalised":null,"original":{"contents":[{"item":{"contents":[{"Left":"Agda.Builtin.Bool.Bool"},[]],"tag":"App"},"name":"_"},{"contents":[{"item":{"contents":[{"Left":"Agda.Builtin.Bool.Bool"},[]],"tag":"App"},"name":"_"},{"contents":"Set","tag":"Sort"}],"tag":"Pi"}],"tag":"Pi"},"reduced":null,"simplified":null}},"name":"Data.Bool.Base._<_"},{"item":{"pretty":"{P.p : Level} {P : Set P.p} {Q.q : Level} {Q : Set Q.q}\n{bp bq : Bool} →\nReflects P bp → Reflects Q bq → Reflects (P → Q) (not bp ∨ bq)","thing":{"normalised":null,"original":{"contents":[{"item":{"contents":[{"Left":"Agda.Primitive.Level"},[]],"tag":"App"},"name":"P.p"},{"contents":[{"item":{"contents":"Set @0","tag":"Sort"},"name":"P"},{"contents":[{"item":{"contents":[{"Left":"Agda.Primitive.Level"},[]],"tag":"App"},"name":"Q.q"},{"contents":[{"item":{"contents":"Set @0","tag":"Sort"},"name":"Q"},{"contents":[{"item":{"contents":[{"Left":"Agda.Builtin.Bool.Bool"},[]],"tag":"App"},"name":"bp"},{"contents":[{"item":{"contents":[{"Left":"Agda.Builtin.Bool.Bool"},[]],"tag":"App"},"name":"bq"},{"contents":[{"item":{"contents":[{"Left":"Relation.Nullary.Reflects"},[{"contents":[{"Right":5},[]],"tag":"App"},{"contents":[{"Right":4},[]],"tag":"App"},{"contents":[{"Right":1},[]],"tag":"App"}]],"tag":"App"},"name":"_"},{"contents":[{"item":{"contents":[{"Left":"Relation.Nullary.Reflects"},[{"contents":[{"Right":3},[]],"tag":"App"},{"contents":[{"Right":2},[]],"tag":"App"},{"contents":[{"Right":0},[]],"tag":"App"}]],"tag":"App"},"name":"_"},{"contents":[{"Left":"Relation.Nullary.Reflects"},[{"contents":"lub @5 @3","tag":"Level"},{"contents":[{"item":{"contents":[{"Right":4},[]],"tag":"App"},"name":"_"},{"contents":[{"Right":2},[]],"tag":"App"}],"tag":"Pi"},{"contents":[{"Left":"Data.Bool.Base._∨_"},[{"contents":[{"Left":"Data.Bool.Base.not"},[{"contents":[{"Right":1},[]],"tag":"App"}]],"tag":"App"},{"contents":[{"Right":0},[]],"tag":"App"}]],"tag":"App"}]],"tag":"App"}],"tag":"Pi"}],"tag":"Pi"}],"tag":"Pi"}],"tag":"Pi"}],"tag":"Pi"}],"tag":"Pi"}],"tag":"Pi"}],"tag":"Pi"},"reduced":null,"simplified":null}},"name":"Relation.Nullary.Implication._→-reflects_"},{"item":{"pretty":"{a ℓ : Level} {A : Set a} → Lift ℓ A → A","thing":{"normalised":null,"original":{"contents":[{"item":{"contents":[{"Left":"Agda.Primitive.Level"},[]],"tag":"App"},"name":"a"},{"contents":[{"item":{"contents":[{"Left":"Agda.Primitive.Level"},[]],"tag":"App"},"name":"ℓ"},{"contents":[{"item":{"contents":"Set @1","tag":"Sort"},"name":"A"},{"contents":[{"item":{"contents":[{"Left":"Level.Lift"},[{"contents":[{"Right":2},[]],"tag":"App"},{"contents":[{"Right":1},[]],"tag":"App"},{"contents":[{"Right":0},[]],"tag":"App"}]],"tag":"App"},"name":"r"},{"contents":[{"Right":0},[]],"tag":"App"}],"tag":"Pi"}],"tag":"Pi"}],"tag":"Pi"}],"tag":"Pi"},"reduced":null,"simplified":null}},"name":"Level.Lift.lower"},{"item":{"pretty":"Level → Level","thing":{"normalised":null,"original":{"contents":[{"item":{"contents":[{"Left":"Agda.Primitive.Level"},[]],"tag":"App"},"name":"ℓ"},{"contents":[{"Left":"Agda.Primitive.Level"},[]],"tag":"App"}],"tag":"Pi"},"reduced":null,"simplified":null}},"name":"Agda.Primitive.lsuc"},{"item":{"pretty":"false < true","thing":{"normalised":null,"original":{"contents":[{"Left":"Data.Bool.Base._<_"},[{"contents":[{"Left":"Agda.Builtin.Bool.Bool.false"},[]],"tag":"App"},{"contents":[{"Left":"Agda.Builtin.Bool.Bool.true"},[]],"tag":"App"}]],"tag":"App"},"reduced":null,"simplified":null}},"name":"Data.Bool.Base._<_.f<t"},{"item":{"pretty":"{a ℓ : Level} {A : Set a} (lower₁ : A) → Lift ℓ A","thing":{"normalised":null,"original":{"contents":[{"item":{"contents":[{"Left":"Agda.Primitive.Level"},[]],"tag":"App"},"name":"a"},{"contents":[{"item":{"contents":[{"Left":"Agda.Primitive.Level"},[]],"tag":"App"},"name":"ℓ"},{"contents":[{"item":{"contents":"Set @1","tag":"Sort"},"name":"A"},{"contents":[{"item":{"contents":[{"Right":0},[]],"tag":"App"},"name":"lower"},{"contents":[{"Left":"Level.Lift"},[{"contents":[{"Right":3},[]],"tag":"App"},{"contents":[{"Right":2},[]],"tag":"App"},{"contents":[{"Right":1},[]],"tag":"App"}]],"tag":"App"}],"tag":"Pi"}],"tag":"Pi"}],"tag":"Pi"}],"tag":"Pi"},"reduced":null,"simplified":null}},"name":"Level.lift"},{"item":{"pretty":"{p : Level} {P : Set p} → P → Reflects P true","thing":{"normalised":null,"original":{"contents":[{"item":{"contents":[{"Left":"Agda.Primitive.Level"},[]],"tag":"App"},"name":"p"},{"contents":[{"item":{"contents":"Set @0","tag":"Sort"},"name":"P"},{"contents":[{"item":{"contents":[{"Right":0},[]],"tag":"App"},"name":"p"},{"contents":[{"Left":"Relation.Nullary.Reflects"},[{"contents":[{"Right":1},[]],"tag":"App"},{"contents":[{"Right":0},[]],"tag":"App"},{"contents":[{"Left":"Agda.Builtin.Bool.Bool.true"},[]],"tag":"App"}]],"tag":"App"}],"tag":"Pi"}],"tag":"Pi"}],"tag":"Pi"},"reduced":null,"simplified":null}},"name":"Relation.Nullary.Reflects.ofʸ"},{"item":{"pretty":"Bool → Bool","thing":{"normalised":null,"original":{"contents":[{"item":{"contents":[{"Left":"Agda.Builtin.Bool.Bool"},[]],"tag":"App"},"name":"_"},{"contents":[{"Left":"Agda.Builtin.Bool.Bool"},[]],"tag":"App"}],"tag":"Pi"},"reduced":null,"simplified":null}},"name":"Data.Bool.Base.not"},{"item":{"pretty":"Level","thing":{"normalised":null,"original":{"contents":[{"Left":"Agda.Primitive.Level"},[]],"tag":"App"},"reduced":null,"simplified":null}},"name":"Level.0ℓ"},{"item":{"pretty":"{A.a : Level} {A : Set A.a} → A → A","thing":{"normalised":null,"original":{"contents":[{"item":{"contents":[{"Left":"Agda.Primitive.Level"},[]],"tag":"App"},"name":"A.a"},{"contents":[{"item":{"contents":"Set @0","tag":"Sort"},"name":"A"},{"contents":[{"item":{"contents":[{"Right":0},[]],"tag":"App"},"name":"_"},{"contents":[{"Right":0},[]],"tag":"App"}],"tag":"Pi"}],"tag":"Pi"}],"tag":"Pi"},"reduced":null,"simplified":null}},"name":"Function.Base.id"},{"item":{"pretty":"Bool → Bool → Bool","thing":{"normalised":null,"original":{"contents":[{"item":{"contents":[{"Left":"Agda.Builtin.Bool.Bool"},[]],"tag":"App"},"name":"_"},{"contents":[{"item":{"contents":[{"Left":"Agda.Builtin.Bool.Bool"},[]],"tag":"App"},"name":"_"},{"contents":[{"Left":"Agda.Builtin.Bool.Bool"},[]],"tag":"App"}],"tag":"Pi"}],"tag":"Pi"},"reduced":null,"simplified":null}},"name":"Data.Bool.Base._∧_"},{"item":{"pretty":"{p : Level} {P : Set p} → ¬ P → Reflects P false","thing":{"normalised":{"contents":[{"item":{"contents":[{"Left":"Agda.Primitive.Level"},[]],"tag":"App"},"name":"p"},{"contents":[{"item":{"contents":"Set @0","tag":"Sort"},"name":"P"},{"contents":[{"item":{"contents":[{"item":{"contents":[{"Right":0},[]],"tag":"App"},"name":"_"},{"contents":[{"Left":"Data.Empty.⊥"},[]],"tag":"App"}],"tag":"Pi"},"name":"¬p"},{"contents":[{"Left":"Relation.Nullary.Reflects"},[{"contents":[{"Right":1},[]],"tag":"App"},{"contents":[{"Right":0},[]],"tag":"App"},{"contents":[{"Left":"Agda.Builtin.Bool.Bool.false"},[]],"tag":"App"}]],"tag":"App"}],"tag":"Pi"}],"tag":"Pi"}],"tag":"Pi"},"original":{"contents":[{"item":{"contents":[{"Left":"Agda.Primitive.Level"},[]],"tag":"App"},"name":"p"},{"contents":[{"item":{"contents":"Set @0","tag":"Sort"},"name":"P"},{"contents":[{"item":{"contents":[{"Left":"Relation.Nullary.¬_"},[{"contents":[{"Right":1},[]],"tag":"App"},{"contents":[{"Right":0},[]],"tag":"App"}]],"tag":"App"},"name":"¬p"},{"contents":[{"Left":"Relation.Nullary.Reflects"},[{"contents":[{"Right":1},[]],"tag":"App"},{"contents":[{"Right":0},[]],"tag":"App"},{"contents":[{"Left":"Agda.Builtin.Bool.Bool.false"},[]],"tag":"App"}]],"tag":"App"}],"tag":"Pi"}],"tag":"Pi"}],"tag":"Pi"},"reduced":null,"simplified":null}},"name":"Relation.Nullary.Reflects.ofⁿ"},{"item":{"pretty":"Level → Level → Level","thing":{"normalised":null,"original":{"contents":[{"item":{"contents":[{"Left":"Agda.Primitive.Level"},[]],"tag":"App"},"name":"ℓ₁"},{"contents":[{"item":{"contents":[{"Left":"Agda.Primitive.Level"},[]],"tag":"App"},"name":"ℓ₂"},{"contents":[{"Left":"Agda.Primitive.Level"},[]],"tag":"App"}],"tag":"Pi"}],"tag":"Pi"},"reduced":null,"simplified":null}},"name":"Agda.Primitive._⊔_"},{"item":{"pretty":"{a : Level} → Set a → Level","thing":{"normalised":null,"original":{"contents":[{"item":{"contents":[{"Left":"Agda.Primitive.Level"},[]],"tag":"App"},"name":"a"},{"contents":[{"item":{"contents":"Set @0","tag":"Sort"},"name":"_"},{"contents":[{"Left":"Agda.Primitive.Level"},[]],"tag":"App"}],"tag":"Pi"}],"tag":"Pi"},"reduced":null,"simplified":null}},"name":"Level.levelOfType"},{"item":{"pretty":"{A.a : Level} {A : Set A.a} {B.b : Level} {B : Set B.b} → A → B → A","thing":{"normalised":null,"original":{"contents":[{"item":{"contents":[{"Left":"Agda.Primitive.Level"},[]],"tag":"App"},"name":"A.a"},{"contents":[{"item":{"contents":"Set @0","tag":"Sort"},"name":"A"},{"contents":[{"item":{"contents":[{"Left":"Agda.Primitive.Level"},[]],"tag":"App"},"name":"B.b"},{"contents":[{"item":{"contents":"Set @0","tag":"Sort"},"name":"B"},{"contents":[{"item":{"contents":[{"Right":2},[]],"tag":"App"},"name":"_"},{"contents":[{"item":{"contents":[{"Right":0},[]],"tag":"App"},"name":"_"},{"contents":[{"Right":2},[]],"tag":"App"}],"tag":"Pi"}],"tag":"Pi"}],"tag":"Pi"}],"tag":"Pi"}],"tag":"Pi"}],"tag":"Pi"},"reduced":null,"simplified":null}},"name":"Function.Base.const"},{"item":{"pretty":"Bool → Bool → Bool","thing":{"normalised":null,"original":{"contents":[{"item":{"contents":[{"Left":"Agda.Builtin.Bool.Bool"},[]],"tag":"App"},"name":"_"},{"contents":[{"item":{"contents":[{"Left":"Agda.Builtin.Bool.Bool"},[]],"tag":"App"},"name":"_"},{"contents":[{"Left":"Agda.Builtin.Bool.Bool"},[]],"tag":"App"}],"tag":"Pi"}],"tag":"Pi"},"reduced":null,"simplified":null}},"name":"Data.Bool.Base._∨_"},{"item":{"pretty":"{p : Level} (P : Set p) → Set p","thing":{"normalised":null,"original":{"contents":[{"item":{"contents":[{"Left":"Agda.Primitive.Level"},[]],"tag":"App"},"name":"p"},{"contents":[{"item":{"contents":"Set @0","tag":"Sort"},"name":"P"},{"contents":"Set @1","tag":"Sort"}],"tag":"Pi"}],"tag":"Pi"},"reduced":null,"simplified":null}},"name":"Relation.Nullary.Dec"},{"item":{"pretty":"{P.p : Level} {P : Set P.p} {Q.q : Level} {Q : Set Q.q} →\nDec P → Dec Q → Dec (P → Q)","thing":{"normalised":null,"original":{"contents":[{"item":{"contents":[{"Left":"Agda.Primitive.Level"},[]],"tag":"App"},"name":"P.p"},{"contents":[{"item":{"contents":"Set @0","tag":"Sort"},"name":"P"},{"contents":[{"item":{"contents":[{"Left":"Agda.Primitive.Level"},[]],"tag":"App"},"name":"Q.q"},{"contents":[{"item":{"contents":"Set @0","tag":"Sort"},"name":"Q"},{"contents":[{"item":{"contents":[{"Left":"Relation.Nullary.Dec"},[{"contents":[{"Right":3},[]],"tag":"App"},{"contents":[{"Right":2},[]],"tag":"App"}]],"tag":"App"},"name":"_"},{"contents":[{"item":{"contents":[{"Left":"Relation.Nullary.Dec"},[{"contents":[{"Right":1},[]],"tag":"App"},{"contents":[{"Right":0},[]],"tag":"App"}]],"tag":"App"},"name":"_"},{"contents":[{"Left":"Relation.Nullary.Dec"},[{"contents":"lub @3 @1","tag":"Level"},{"contents":[{"item":{"contents":[{"Right":2},[]],"tag":"App"},"name":"_"},{"contents":[{"Right":0},[]],"tag":"App"}],"tag":"Pi"}]],"tag":"App"}],"tag":"Pi"}],"tag":"Pi"}],"tag":"Pi"}],"tag":"Pi"}],"tag":"Pi"}],"tag":"Pi"},"reduced":null,"simplified":null}},"name":"Relation.Nullary.Implication._→-dec_"},{"item":{"pretty":"{A.a : Level} {A : Set A.a} {B.b : Level} {B : Set B.b} → A → B → B","thing":{"normalised":null,"original":{"contents":[{"item":{"contents":[{"Left":"Agda.Primitive.Level"},[]],"tag":"App"},"name":"A.a"},{"contents":[{"item":{"contents":"Set @0","tag":"Sort"},"name":"A"},{"contents":[{"item":{"contents":[{"Left":"Agda.Primitive.Level"},[]],"tag":"App"},"name":"B.b"},{"contents":[{"item":{"contents":"Set @0","tag":"Sort"},"name":"B"},{"contents":[{"item":{"contents":[{"Right":2},[]],"tag":"App"},"name":"_"},{"contents":[{"item":{"contents":[{"Right":0},[]],"tag":"App"},"name":"_"},{"contents":[{"Right":0},[]],"tag":"App"}],"tag":"Pi"}],"tag":"Pi"}],"tag":"Pi"}],"tag":"Pi"}],"tag":"Pi"}],"tag":"Pi"},"reduced":null,"simplified":null}},"name":"Function.Base.constᵣ"},{"item":{"pretty":"{a : Level} {A : Set a} → A → Level","thing":{"normalised":null,"original":{"contents":[{"item":{"contents":[{"Left":"Agda.Primitive.Level"},[]],"tag":"App"},"name":"a"},{"contents":[{"item":{"contents":"Set @0","tag":"Sort"},"name":"A"},{"contents":[{"item":{"contents":[{"Right":0},[]],"tag":"App"},"name":"_"},{"contents":[{"Left":"Agda.Primitive.Level"},[]],"tag":"App"}],"tag":"Pi"}],"tag":"Pi"}],"tag":"Pi"},"reduced":null,"simplified":null}},"name":"Level.levelOfTerm"},{"item":{"pretty":"Bool → Bool → Bool","thing":{"normalised":null,"original":{"contents":[{"item":{"contents":[{"Left":"Agda.Builtin.Bool.Bool"},[]],"tag":"App"},"name":"_"},{"contents":[{"item":{"contents":[{"Left":"Agda.Builtin.Bool.Bool"},[]],"tag":"App"},"name":"_"},{"contents":[{"Left":"Agda.Builtin.Bool.Bool"},[]],"tag":"App"}],"tag":"Pi"}],"tag":"Pi"},"reduced":null,"simplified":null}},"name":"Data.Bool.Base._xor_"},{"item":{"pretty":"{p : Level} {P : Set p} → Dec P → Bool","thing":{"normalised":null,"original":{"contents":[{"item":{"contents":[{"Left":"Agda.Primitive.Level"},[]],"tag":"App"},"name":"p"},{"contents":[{"item":{"contents":"Set @0","tag":"Sort"},"name":"P"},{"contents":[{"item":{"contents":[{"Left":"Relation.Nullary.Dec"},[{"contents":[{"Right":1},[]],"tag":"App"},{"contents":[{"Right":0},[]],"tag":"App"}]],"tag":"App"},"name":"r"},{"contents":[{"Left":"Agda.Builtin.Bool.Bool"},[]],"tag":"App"}],"tag":"Pi"}],"tag":"Pi"}],"tag":"Pi"},"reduced":null,"simplified":null}},"name":"Relation.Nullary.Dec.does"},{"item":{"pretty":"{A.a : Level} {A : Set A.a} → Bool → A → A → A","thing":{"normalised":null,"original":{"contents":[{"item":{"contents":[{"Left":"Agda.Primitive.Level"},[]],"tag":"App"},"name":"A.a"},{"contents":[{"item":{"contents":"Set @0","tag":"Sort"},"name":"A"},{"contents":[{"item":{"contents":[{"Left":"Agda.Builtin.Bool.Bool"},[]],"tag":"App"},"name":"_"},{"contents":[{"item":{"contents":[{"Right":0},[]],"tag":"App"},"name":"_"},{"contents":[{"item":{"contents":[{"Right":0},[]],"tag":"App"},"name":"_"},{"contents":[{"Right":0},[]],"tag":"App"}],"tag":"Pi"}],"tag":"Pi"}],"tag":"Pi"}],"tag":"Pi"}],"tag":"Pi"},"reduced":null,"simplified":null}},"name":"Data.Bool.Base.if_then_else_"},{"item":{"pretty":"{p : Level} {P : Set p} (r : Dec P) → Reflects P (does r)","thing":{"normalised":null,"original":{"contents":[{"item":{"contents":[{"Left":"Agda.Primitive.Level"},[]],"tag":"App"},"name":"p"},{"contents":[{"item":{"contents":"Set @0","tag":"Sort"},"name":"P"},{"contents":[{"item":{"contents":[{"Left":"Relation.Nullary.Dec"},[{"contents":[{"Right":1},[]],"tag":"App"},{"contents":[{"Right":0},[]],"tag":"App"}]],"tag":"App"},"name":"r"},{"contents":[{"Left":"Relation.Nullary.Reflects"},[{"contents":[{"Right":2},[]],"tag":"App"},{"contents":[{"Right":1},[]],"tag":"App"},{"contents":[{"Right":0},[{"contents":[{"Left":"Relation.Nullary.Dec.does"},[]],"tag":"App"}]],"tag":"App"}]],"tag":"App"}],"tag":"Pi"}],"tag":"Pi"}],"tag":"Pi"},"reduced":null,"simplified":null}},"name":"Relation.Nullary.Dec.proof"},{"item":{"pretty":"{p : Level} {P : Set p} (does₁ : Bool)\n(proof₁ : Reflects P does₁) →\nDec P","thing":{"normalised":null,"original":{"contents":[{"item":{"contents":[{"Left":"Agda.Primitive.Level"},[]],"tag":"App"},"name":"p"},{"contents":[{"item":{"contents":"Set @0","tag":"Sort"},"name":"P"},{"contents":[{"item":{"contents":[{"Left":"Agda.Builtin.Bool.Bool"},[]],"tag":"App"},"name":"does"},{"contents":[{"item":{"contents":[{"Left":"Relation.Nullary.Reflects"},[{"contents":[{"Right":2},[]],"tag":"App"},{"contents":[{"Right":1},[]],"tag":"App"},{"contents":[{"Right":0},[]],"tag":"App"}]],"tag":"App"},"name":"proof"},{"contents":[{"Left":"Relation.Nullary.Dec"},[{"contents":[{"Right":3},[]],"tag":"App"},{"contents":[{"Right":2},[]],"tag":"App"}]],"tag":"App"}],"tag":"Pi"}],"tag":"Pi"}],"tag":"Pi"}],"tag":"Pi"},"reduced":null,"simplified":null}},"name":"Relation.Nullary._because_"},{"item":{"pretty":"Bool → Set","thing":{"normalised":null,"original":{"contents":[{"item":{"contents":[{"Left":"Agda.Builtin.Bool.Bool"},[]],"tag":"App"},"name":"_"},{"contents":"Set","tag":"Sort"}],"tag":"Pi"},"reduced":null,"simplified":null}},"name":"Data.Bool.Base.T"},{"item":{"pretty":"{a b c : Level} {A : Set a} {B : A → Set b}\n{C : {x : A} → B x → Set c} →\n({x : A} (y : B x) → C y) → (g : (x : A) → B x) (x : A) → C (g x)","thing":{"normalised":null,"original":{"contents":[{"item":{"contents":[{"Left":"Agda.Primitive.Level"},[]],"tag":"App"},"name":"a"},{"contents":[{"item":{"contents":[{"Left":"Agda.Primitive.Level"},[]],"tag":"App"},"name":"b"},{"contents":[{"item":{"contents":[{"Left":"Agda.Primitive.Level"},[]],"tag":"App"},"name":"c"},{"contents":[{"item":{"contents":"Set @2","tag":"Sort"},"name":"A"},{"contents":[{"item":{"contents":[{"item":{"contents":[{"Right":0},[]],"tag":"App"},"name":"_"},{"contents":"Set @2","tag":"Sort"}],"tag":"Pi"},"name":"B"},{"contents":[{"item":{"contents":[{"item":{"contents":[{"Right":1},[]],"tag":"App"},"name":"x"},{"contents":[{"item":{"contents":[{"Right":1},[{"contents":[{"Right":0},[]],"tag":"App"}]],"tag":"App"},"name":"_"},{"contents":"Set @3","tag":"Sort"}],"tag":"Pi"}],"tag":"Pi"},"name":"C"},{"contents":[{"item":{"contents":[{"item":{"contents":[{"Right":2},[]],"tag":"App"},"name":"x"},{"contents":[{"item":{"contents":[{"Right":2},[{"contents":[{"Right":0},[]],"tag":"App"}]],"tag":"App"},"name":"y"},{"contents":[{"Right":2},[{"contents":[{"Right":1},[]],"tag":"App"},{"contents":[{"Right":0},[]],"tag":"App"}]],"tag":"App"}],"tag":"Pi"}],"tag":"Pi"},"name":"_"},{"contents":[{"item":{"contents":[{"item":{"contents":[{"Right":2},[]],"tag":"App"},"name":"x"},{"contents":[{"Right":2},[{"contents":[{"Right":0},[]],"tag":"App"}]],"tag":"App"}],"tag":"Pi"},"name":"g"},{"contents":[{"item":{"contents":[{"Right":3},[]],"tag":"App"},"name":"x"},{"contents":[{"Right":2},[{"contents":[{"Right":0},[]],"tag":"App"},{"contents":[{"Right":1},[{"contents":[{"Right":0},[]],"tag":"App"}]],"tag":"App"}]],"tag":"App"}],"tag":"Pi"}],"tag":"Pi"}],"tag":"Pi"}],"tag":"Pi"}],"tag":"Pi"}],"tag":"Pi"}],"tag":"Pi"}],"tag":"Pi"}],"tag":"Pi"},"reduced":null,"simplified":null}},"name":"Function.Base._∘_"},{"item":{"pretty":"{a : Level} {A : Set a} → Dec A → .A → A","thing":{"normalised":null,"original":{"contents":[{"item":{"contents":[{"Left":"Agda.Primitive.Level"},[]],"tag":"App"},"name":"a"},{"contents":[{"item":{"contents":"Set @0","tag":"Sort"},"name":"A"},{"contents":[{"item":{"contents":[{"Left":"Relation.Nullary.Dec"},[{"contents":[{"Right":1},[]],"tag":"App"},{"contents":[{"Right":0},[]],"tag":"App"}]],"tag":"App"},"name":"_"},{"contents":[{"item":{"contents":[{"Right":0},[]],"tag":"App"},"name":"_"},{"contents":[{"Right":0},[]],"tag":"App"}],"tag":"Pi"}],"tag":"Pi"}],"tag":"Pi"}],"tag":"Pi"},"reduced":null,"simplified":null}},"name":"Relation.Nullary.recompute"},{"item":{"pretty":"{p : Level} → Set p → Set p","thing":{"normalised":null,"original":{"contents":[{"item":{"contents":[{"Left":"Agda.Primitive.Level"},[]],"tag":"App"},"name":"p"},{"contents":[{"item":{"contents":"Set @0","tag":"Sort"},"name":"_"},{"contents":"Set @0","tag":"Sort"}],"tag":"Pi"}],"tag":"Pi"},"reduced":null,"simplified":null}},"name":"Relation.Nullary.Irrelevant"},{"item":{"pretty":"{a d b c : Level} {A₁ : Set a} {A₂ : A₁ → Set d}\n{B : (x : A₁) → A₂ x → Set b}\n{C : {x : A₁} {y : A₂ x} → B x y → Set c} →\n({x : A₁} {y : A₂ x} (z : B x y) → C z) →\n(g : (x : A₁) (y : A₂ x) → B x y) (x : A₁) (y : A₂ x) → C (g x y)","thing":{"normalised":null,"original":{"contents":[{"item":{"contents":[{"Left":"Agda.Primitive.Level"},[]],"tag":"App"},"name":"a"},{"contents":[{"item":{"contents":[{"Left":"Agda.Primitive.Level"},[]],"tag":"App"},"name":"d"},{"contents":[{"item":{"contents":[{"Left":"Agda.Primitive.Level"},[]],"tag":"App"},"name":"b"},{"contents":[{"item":{"contents":[{"Left":"Agda.Primitive.Level"},[]],"tag":"App"},"name":"c"},{"contents":[{"item":{"contents":"Set @3","tag":"Sort"},"name":"A₁"},{"contents":[{"item":{"contents":[{"item":{"contents":[{"Right":0},[]],"tag":"App"},"name":"_"},{"contents":"Set @3","tag":"Sort"}],"tag":"Pi"},"name":"A₂"},{"contents":[{"item":{"contents":[{"item":{"contents":[{"Right":1},[]],"tag":"App"},"name":"x"},{"contents":[{"item":{"contents":[{"Right":1},[{"contents":[{"Right":0},[]],"tag":"App"}]],"tag":"App"},"name":"_"},{"contents":"Set @4","tag":"Sort"}],"tag":"Pi"}],"tag":"Pi"},"name":"B"},{"contents":[{"item":{"contents":[{"item":{"contents":[{"Right":2},[]],"tag":"App"},"name":"x"},{"contents":[{"item":{"contents":[{"Right":2},[{"contents":[{"Right":0},[]],"tag":"App"}]],"tag":"App"},"name":"y"},{"contents":[{"item":{"contents":[{"Right":2},[{"contents":[{"Right":1},[]],"tag":"App"},{"contents":[{"Right":0},[]],"tag":"App"}]],"tag":"App"},"name":"_"},{"contents":"Set @5","tag":"Sort"}],"tag":"Pi"}],"tag":"Pi"}],"tag":"Pi"},"name":"C"},{"contents":[{"item":{"contents":[{"item":{"contents":[{"Right":3},[]],"tag":"App"},"name":"x"},{"contents":[{"item":{"contents":[{"Right":3},[{"contents":[{"Right":0},[]],"tag":"App"}]],"tag":"App"},"name":"y"},{"contents":[{"item":{"contents":[{"Right":3},[{"contents":[{"Right":1},[]],"tag":"App"},{"contents":[{"Right":0},[]],"tag":"App"}]],"tag":"App"},"name":"z"},{"contents":[{"Right":3},[{"contents":[{"Right":2},[]],"tag":"App"},{"contents":[{"Right":1},[]],"tag":"App"},{"contents":[{"Right":0},[]],"tag":"App"}]],"tag":"App"}],"tag":"Pi"}],"tag":"Pi"}],"tag":"Pi"},"name":"_"},{"contents":[{"item":{"contents":[{"item":{"contents":[{"Right":3},[]],"tag":"App"},"name":"x"},{"contents":[{"item":{"contents":[{"Right":3},[{"contents":[{"Right":0},[]],"tag":"App"}]],"tag":"App"},"name":"y"},{"contents":[{"Right":3},[{"contents":[{"Right":1},[]],"tag":"App"},{"contents":[{"Right":0},[]],"tag":"App"}]],"tag":"App"}],"tag":"Pi"}],"tag":"Pi"},"name":"g"},{"contents":[{"item":{"contents":[{"Right":4},[]],"tag":"App"},"name":"x"},{"contents":[{"item":{"contents":[{"Right":4},[{"contents":[{"Right":0},[]],"tag":"App"}]],"tag":"App"},"name":"y"},{"contents":[{"Right":3},[{"contents":[{"Right":1},[]],"tag":"App"},{"contents":[{"Right":0},[]],"tag":"App"},{"contents":[{"Right":2},[{"contents":[{"Right":1},[]],"tag":"App"},{"contents":[{"Right":0},[]],"tag":"App"}]],"tag":"App"}]],"tag":"App"}],"tag":"Pi"}],"tag":"Pi"}],"tag":"Pi"}],"tag":"Pi"}],"tag":"Pi"}],"tag":"Pi"}],"tag":"Pi"}],"tag":"Pi"}],"tag":"Pi"}],"tag":"Pi"}],"tag":"Pi"}],"tag":"Pi"},"reduced":null,"simplified":null}},"name":"Function.Base._∘₂_"},{"item":{"pretty":"{a b c : Level} {A : Set a} {B : Set b} {C : A → B → Set c} →\n((x : A) (y : B) → C x y) → (y : B) (x : A) → C x y","thing":{"normalised":null,"original":{"contents":[{"item":{"contents":[{"Left":"Agda.Primitive.Level"},[]],"tag":"App"},"name":"a"},{"contents":[{"item":{"contents":[{"Left":"Agda.Primitive.Level"},[]],"tag":"App"},"name":"b"},{"contents":[{"item":{"contents":[{"Left":"Agda.Primitive.Level"},[]],"tag":"App"},"name":"c"},{"contents":[{"item":{"contents":"Set @2","tag":"Sort"},"name":"A"},{"contents":[{"item":{"contents":"Set @2","tag":"Sort"},"name":"B"},{"contents":[{"item":{"contents":[{"item":{"contents":[{"Right":1},[]],"tag":"App"},"name":"_"},{"contents":[{"item":{"contents":[{"Right":0},[]],"tag":"App"},"name":"_"},{"contents":"Set @2","tag":"Sort"}],"tag":"Pi"}],"tag":"Pi"},"name":"C"},{"contents":[{"item":{"contents":[{"item":{"contents":[{"Right":2},[]],"tag":"App"},"name":"x"},{"contents":[{"item":{"contents":[{"Right":2},[]],"tag":"App"},"name":"y"},{"contents":[{"Right":2},[{"contents":[{"Right":1},[]],"tag":"App"},{"contents":[{"Right":0},[]],"tag":"App"}]],"tag":"App"}],"tag":"Pi"}],"tag":"Pi"},"name":"_"},{"contents":[{"item":{"contents":[{"Right":1},[]],"tag":"App"},"name":"y"},{"contents":[{"item":{"contents":[{"Right":3},[]],"tag":"App"},"name":"x"},{"contents":[{"Right":2},[{"contents":[{"Right":0},[]],"tag":"App"},{"contents":[{"Right":1},[]],"tag":"App"}]],"tag":"App"}],"tag":"Pi"}],"tag":"Pi"}],"tag":"Pi"}],"tag":"Pi"}],"tag":"Pi"}],"tag":"Pi"}],"tag":"Pi"}],"tag":"Pi"}],"tag":"Pi"},"reduced":null,"simplified":null}},"name":"Function.Base.flip"},{"item":{"pretty":"{a b : Level} {A : Set a} {B : A → Set b} →\n((x : A) → B x) → (x : A) → B x","thing":{"normalised":null,"original":{"contents":[{"item":{"contents":[{"Left":"Agda.Primitive.Level"},[]],"tag":"App"},"name":"a"},{"contents":[{"item":{"contents":[{"Left":"Agda.Primitive.Level"},[]],"tag":"App"},"name":"b"},{"contents":[{"item":{"contents":"Set @1","tag":"Sort"},"name":"A"},{"contents":[{"item":{"contents":[{"item":{"contents":[{"Right":0},[]],"tag":"App"},"name":"_"},{"contents":"Set @1","tag":"Sort"}],"tag":"Pi"},"name":"B"},{"contents":[{"item":{"contents":[{"item":{"contents":[{"Right":1},[]],"tag":"App"},"name":"x"},{"contents":[{"Right":1},[{"contents":[{"Right":0},[]],"tag":"App"}]],"tag":"App"}],"tag":"Pi"},"name":"_"},{"contents":[{"item":{"contents":[{"Right":1},[]],"tag":"App"},"name":"x"},{"contents":[{"Right":1},[{"contents":[{"Right":0},[]],"tag":"App"}]],"tag":"App"}],"tag":"Pi"}],"tag":"Pi"}],"tag":"Pi"}],"tag":"Pi"}],"tag":"Pi"}],"tag":"Pi"},"reduced":null,"simplified":null}},"name":"Function.Base._$_"},{"item":{"pretty":"{a b : Level} {A : Set a} {B : A → Set b} →\n((x : A) → B x) → (x : A) → B x","thing":{"normalised":null,"original":{"contents":[{"item":{"contents":[{"Left":"Agda.Primitive.Level"},[]],"tag":"App"},"name":"a"},{"contents":[{"item":{"contents":[{"Left":"Agda.Primitive.Level"},[]],"tag":"App"},"name":"b"},{"contents":[{"item":{"contents":"Set @1","tag":"Sort"},"name":"A"},{"contents":[{"item":{"contents":[{"item":{"contents":[{"Right":0},[]],"tag":"App"},"name":"_"},{"contents":"Set @1","tag":"Sort"}],"tag":"Pi"},"name":"B"},{"contents":[{"item":{"contents":[{"item":{"contents":[{"Right":1},[]],"tag":"App"},"name":"x"},{"contents":[{"Right":1},[{"contents":[{"Right":0},[]],"tag":"App"}]],"tag":"App"}],"tag":"Pi"},"name":"_"},{"contents":[{"item":{"contents":[{"Right":1},[]],"tag":"App"},"name":"x"},{"contents":[{"Right":1},[{"contents":[{"Right":0},[]],"tag":"App"}]],"tag":"App"}],"tag":"Pi"}],"tag":"Pi"}],"tag":"Pi"}],"tag":"Pi"}],"tag":"Pi"}],"tag":"Pi"},"reduced":null,"simplified":null}},"name":"Function.Base._$!_"},{"item":{"pretty":"{a b : Level} {A : Set a} {B : A → Set b} (a₁ : A) →\n((a₂ : A) → B a₂) → B a₁","thing":{"normalised":null,"original":{"contents":[{"item":{"contents":[{"Left":"Agda.Primitive.Level"},[]],"tag":"App"},"name":"a"},{"contents":[{"item":{"contents":[{"Left":"Agda.Primitive.Level"},[]],"tag":"App"},"name":"b"},{"contents":[{"item":{"contents":"Set @1","tag":"Sort"},"name":"A"},{"contents":[{"item":{"contents":[{"item":{"contents":[{"Right":0},[]],"tag":"App"},"name":"_"},{"contents":"Set @1","tag":"Sort"}],"tag":"Pi"},"name":"B"},{"contents":[{"item":{"contents":[{"Right":1},[]],"tag":"App"},"name":"a"},{"contents":[{"item":{"contents":[{"item":{"contents":[{"Right":2},[]],"tag":"App"},"name":"a"},{"contents":[{"Right":2},[{"contents":[{"Right":0},[]],"tag":"App"}]],"tag":"App"}],"tag":"Pi"},"name":"_"},{"contents":[{"Right":1},[{"contents":[{"Right":0},[]],"tag":"App"}]],"tag":"App"}],"tag":"Pi"}],"tag":"Pi"}],"tag":"Pi"}],"tag":"Pi"}],"tag":"Pi"}],"tag":"Pi"},"reduced":null,"simplified":null}},"name":"Function.Base._|>_"},{"item":{"pretty":"{a b c : Level} {A : Set a} {B : A → Set b}\n{C : (x : A) → B x → Set c} →\n((x : A) (y : B x) → C x y) →\n(g : (x : A) → B x) (x : A) → C x (g x)","thing":{"normalised":null,"original":{"contents":[{"item":{"contents":[{"Left":"Agda.Primitive.Level"},[]],"tag":"App"},"name":"a"},{"contents":[{"item":{"contents":[{"Left":"Agda.Primitive.Level"},[]],"tag":"App"},"name":"b"},{"contents":[{"item":{"contents":[{"Left":"Agda.Primitive.Level"},[]],"tag":"App"},"name":"c"},{"contents":[{"item":{"contents":"Set @2","tag":"Sort"},"name":"A"},{"contents":[{"item":{"contents":[{"item":{"contents":[{"Right":0},[]],"tag":"App"},"name":"_"},{"contents":"Set @2","tag":"Sort"}],"tag":"Pi"},"name":"B"},{"contents":[{"item":{"contents":[{"item":{"contents":[{"Right":1},[]],"tag":"App"},"name":"x"},{"contents":[{"item":{"contents":[{"Right":1},[{"contents":[{"Right":0},[]],"tag":"App"}]],"tag":"App"},"name":"_"},{"contents":"Set @3","tag":"Sort"}],"tag":"Pi"}],"tag":"Pi"},"name":"C"},{"contents":[{"item":{"contents":[{"item":{"contents":[{"Right":2},[]],"tag":"App"},"name":"x"},{"contents":[{"item":{"contents":[{"Right":2},[{"contents":[{"Right":0},[]],"tag":"App"}]],"tag":"App"},"name":"y"},{"contents":[{"Right":2},[{"contents":[{"Right":1},[]],"tag":"App"},{"contents":[{"Right":0},[]],"tag":"App"}]],"tag":"App"}],"tag":"Pi"}],"tag":"Pi"},"name":"_"},{"contents":[{"item":{"contents":[{"item":{"contents":[{"Right":2},[]],"tag":"App"},"name":"x"},{"contents":[{"Right":2},[{"contents":[{"Right":0},[]],"tag":"App"}]],"tag":"App"}],"tag":"Pi"},"name":"g"},{"contents":[{"item":{"contents":[{"Right":3},[]],"tag":"App"},"name":"x"},{"contents":[{"Right":2},[{"contents":[{"Right":0},[]],"tag":"App"},{"contents":[{"Right":1},[{"contents":[{"Right":0},[]],"tag":"App"}]],"tag":"App"}]],"tag":"App"}],"tag":"Pi"}],"tag":"Pi"}],"tag":"Pi"}],"tag":"Pi"}],"tag":"Pi"}],"tag":"Pi"}],"tag":"Pi"}],"tag":"Pi"}],"tag":"Pi"},"reduced":null,"simplified":null}},"name":"Function.Base._ˢ_"},{"item":{"pretty":"{a b : Level} {A : Set a} {B : A → Set b} →\n((x : A) → B x) → {x : A} → B x","thing":{"normalised":null,"original":{"contents":[{"item":{"contents":[{"Left":"Agda.Primitive.Level"},[]],"tag":"App"},"name":"a"},{"contents":[{"item":{"contents":[{"Left":"Agda.Primitive.Level"},[]],"tag":"App"},"name":"b"},{"contents":[{"item":{"contents":"Set @1","tag":"Sort"},"name":"A"},{"contents":[{"item":{"contents":[{"item":{"contents":[{"Right":0},[]],"tag":"App"},"name":"_"},{"contents":"Set @1","tag":"Sort"}],"tag":"Pi"},"name":"B"},{"contents":[{"item":{"contents":[{"item":{"contents":[{"Right":1},[]],"tag":"App"},"name":"x"},{"contents":[{"Right":1},[{"contents":[{"Right":0},[]],"tag":"App"}]],"tag":"App"}],"tag":"Pi"},"name":"_"},{"contents":[{"item":{"contents":[{"Right":1},[]],"tag":"App"},"name":"x"},{"contents":[{"Right":1},[{"contents":[{"Right":0},[]],"tag":"App"}]],"tag":"App"}],"tag":"Pi"}],"tag":"Pi"}],"tag":"Pi"}],"tag":"Pi"}],"tag":"Pi"}],"tag":"Pi"},"reduced":null,"simplified":null}},"name":"Function.Base._$-"},{"item":{"pretty":"{a b : Level} {A : Set a} {B : A → Set b} →\n({x : A} → B x) → (x : A) → B x","thing":{"normalised":null,"original":{"contents":[{"item":{"contents":[{"Left":"Agda.Primitive.Level"},[]],"tag":"App"},"name":"a"},{"contents":[{"item":{"contents":[{"Left":"Agda.Primitive.Level"},[]],"tag":"App"},"name":"b"},{"contents":[{"item":{"contents":"Set @1","tag":"Sort"},"name":"A"},{"contents":[{"item":{"contents":[{"item":{"contents":[{"Right":0},[]],"tag":"App"},"name":"_"},{"contents":"Set @1","tag":"Sort"}],"tag":"Pi"},"name":"B"},{"contents":[{"item":{"contents":[{"item":{"contents":[{"Right":1},[]],"tag":"App"},"name":"x"},{"contents":[{"Right":1},[{"contents":[{"Right":0},[]],"tag":"App"}]],"tag":"App"}],"tag":"Pi"},"name":"_"},{"contents":[{"item":{"contents":[{"Right":1},[]],"tag":"App"},"name":"x"},{"contents":[{"Right":1},[{"contents":[{"Right":0},[]],"tag":"App"}]],"tag":"App"}],"tag":"Pi"}],"tag":"Pi"}],"tag":"Pi"}],"tag":"Pi"}],"tag":"Pi"}],"tag":"Pi"},"reduced":null,"simplified":null}},"name":"Function.Base.λ-"},{"item":{"pretty":"{a b : Level} {A : Set a} (x : A) (B : A → Set b) →\n((x₁ : A) → B x₁) → B x","thing":{"normalised":null,"original":{"contents":[{"item":{"contents":[{"Left":"Agda.Primitive.Level"},[]],"tag":"App"},"name":"a"},{"contents":[{"item":{"contents":[{"Left":"Agda.Primitive.Level"},[]],"tag":"App"},"name":"b"},{"contents":[{"item":{"contents":"Set @1","tag":"Sort"},"name":"A"},{"contents":[{"item":{"contents":[{"Right":0},[]],"tag":"App"},"name":"x"},{"contents":[{"item":{"contents":[{"item":{"contents":[{"Right":1},[]],"tag":"App"},"name":"_"},{"contents":"Set @2","tag":"Sort"}],"tag":"Pi"},"name":"B"},{"contents":[{"item":{"contents":[{"item":{"contents":[{"Right":2},[]],"tag":"App"},"name":"x"},{"contents":[{"Right":1},[{"contents":[{"Right":0},[]],"tag":"App"}]],"tag":"App"}],"tag":"Pi"},"name":"_"},{"contents":[{"Right":0},[{"contents":[{"Right":1},[]],"tag":"App"}]],"tag":"App"}],"tag":"Pi"}],"tag":"Pi"}],"tag":"Pi"}],"tag":"Pi"}],"tag":"Pi"}],"tag":"Pi"},"reduced":null,"simplified":null}},"name":"Function.Base.case_return_of_"},{"item":{"pretty":"{B.b : Level} {B : Set B.b} {C.c : Level} {C : Set C.c}\n{A.a : Level} {A : Set A.a} →\n(B → C) → (A → B) → A → C","thing":{"normalised":null,"original":{"contents":[{"item":{"contents":[{"Left":"Agda.Primitive.Level"},[]],"tag":"App"},"name":"B.b"},{"contents":[{"item":{"contents":"Set @0","tag":"Sort"},"name":"B"},{"contents":[{"item":{"contents":[{"Left":"Agda.Primitive.Level"},[]],"tag":"App"},"name":"C.c"},{"contents":[{"item":{"contents":"Set @0","tag":"Sort"},"name":"C"},{"contents":[{"item":{"contents":[{"Left":"Agda.Primitive.Level"},[]],"tag":"App"},"name":"A.a"},{"contents":[{"item":{"contents":"Set @0","tag":"Sort"},"name":"A"},{"contents":[{"item":{"contents":[{"item":{"contents":[{"Right":4},[]],"tag":"App"},"name":"_"},{"contents":[{"Right":2},[]],"tag":"App"}],"tag":"Pi"},"name":"_"},{"contents":[{"item":{"contents":[{"item":{"contents":[{"Right":0},[]],"tag":"App"},"name":"_"},{"contents":[{"Right":4},[]],"tag":"App"}],"tag":"Pi"},"name":"_"},{"contents":[{"item":{"contents":[{"Right":0},[]],"tag":"App"},"name":"_"},{"contents":[{"Right":2},[]],"tag":"App"}],"tag":"Pi"}],"tag":"Pi"}],"tag":"Pi"}],"tag":"Pi"}],"tag":"Pi"}],"tag":"Pi"}],"tag":"Pi"}],"tag":"Pi"}],"tag":"Pi"},"reduced":null,"simplified":null}},"name":"Function.Base._∘′_"},{"item":{"pretty":"{C.c : Level} {C : Set C.c} {D.d : Level} {D : Set D.d}\n{A.a : Level} {A : Set A.a} {B.b : Level} {B : Set B.b} →\n(C → D) → (A → B → C) → A → B → D","thing":{"normalised":null,"original":{"contents":[{"item":{"contents":[{"Left":"Agda.Primitive.Level"},[]],"tag":"App"},"name":"C.c"},{"contents":[{"item":{"contents":"Set @0","tag":"Sort"},"name":"C"},{"contents":[{"item":{"contents":[{"Left":"Agda.Primitive.Level"},[]],"tag":"App"},"name":"D.d"},{"contents":[{"item":{"contents":"Set @0","tag":"Sort"},"name":"D"},{"contents":[{"item":{"contents":[{"Left":"Agda.Primitive.Level"},[]],"tag":"App"},"name":"A.a"},{"contents":[{"item":{"contents":"Set @0","tag":"Sort"},"name":"A"},{"contents":[{"item":{"contents":[{"Left":"Agda.Primitive.Level"},[]],"tag":"App"},"name":"B.b"},{"contents":[{"item":{"contents":"Set @0","tag":"Sort"},"name":"B"},{"contents":[{"item":{"contents":[{"item":{"contents":[{"Right":6},[]],"tag":"App"},"name":"_"},{"contents":[{"Right":4},[]],"tag":"App"}],"tag":"Pi"},"name":"_"},{"contents":[{"item":{"contents":[{"item":{"contents":[{"Right":2},[]],"tag":"App"},"name":"_"},{"contents":[{"item":{"contents":[{"Right":0},[]],"tag":"App"},"name":"_"},{"contents":[{"Right":6},[]],"tag":"App"}],"tag":"Pi"}],"tag":"Pi"},"name":"_"},{"contents":[{"item":{"contents":[{"Right":2},[]],"tag":"App"},"name":"_"},{"contents":[{"item":{"contents":[{"Right":0},[]],"tag":"App"},"name":"_"},{"contents":[{"Right":4},[]],"tag":"App"}],"tag":"Pi"}],"tag":"Pi"}],"tag":"Pi"}],"tag":"Pi"}],"tag":"Pi"}],"tag":"Pi"}],"tag":"Pi"}],"tag":"Pi"}],"tag":"Pi"}],"tag":"Pi"}],"tag":"Pi"}],"tag":"Pi"},"reduced":null,"simplified":null}},"name":"Function.Base._∘₂′_"},{"item":{"pretty":"{A.a : Level} {A : Set A.a} {B.b : Level} {B : Set B.b} →\n(A → B) → A → B","thing":{"normalised":null,"original":{"contents":[{"item":{"contents":[{"Left":"Agda.Primitive.Level"},[]],"tag":"App"},"name":"A.a"},{"contents":[{"item":{"contents":"Set @0","tag":"Sort"},"name":"A"},{"contents":[{"item":{"contents":[{"Left":"Agda.Primitive.Level"},[]],"tag":"App"},"name":"B.b"},{"contents":[{"item":{"contents":"Set @0","tag":"Sort"},"name":"B"},{"contents":[{"item":{"contents":[{"item":{"contents":[{"Right":2},[]],"tag":"App"},"name":"_"},{"contents":[{"Right":0},[]],"tag":"App"}],"tag":"Pi"},"name":"_"},{"contents":[{"item":{"contents":[{"Right":2},[]],"tag":"App"},"name":"_"},{"contents":[{"Right":0},[]],"tag":"App"}],"tag":"Pi"}],"tag":"Pi"}],"tag":"Pi"}],"tag":"Pi"}],"tag":"Pi"}],"tag":"Pi"},"reduced":null,"simplified":null}},"name":"Function.Base._$′_"},{"item":{"pretty":"{A.a : Level} {A : Set A.a} {B.b : Level} {B : Set B.b} →\n(A → B) → A → B","thing":{"normalised":null,"original":{"contents":[{"item":{"contents":[{"Left":"Agda.Primitive.Level"},[]],"tag":"App"},"name":"A.a"},{"contents":[{"item":{"contents":"Set @0","tag":"Sort"},"name":"A"},{"contents":[{"item":{"contents":[{"Left":"Agda.Primitive.Level"},[]],"tag":"App"},"name":"B.b"},{"contents":[{"item":{"contents":"Set @0","tag":"Sort"},"name":"B"},{"contents":[{"item":{"contents":[{"item":{"contents":[{"Right":2},[]],"tag":"App"},"name":"_"},{"contents":[{"Right":0},[]],"tag":"App"}],"tag":"Pi"},"name":"_"},{"contents":[{"item":{"contents":[{"Right":2},[]],"tag":"App"},"name":"_"},{"contents":[{"Right":0},[]],"tag":"App"}],"tag":"Pi"}],"tag":"Pi"}],"tag":"Pi"}],"tag":"Pi"}],"tag":"Pi"}],"tag":"Pi"},"reduced":null,"simplified":null}},"name":"Function.Base._$!′_"},{"item":{"pretty":"{A.a : Level} {A : Set A.a} {B.b : Level} {B : Set B.b} →\nA → (A → B) → B","thing":{"normalised":null,"original":{"contents":[{"item":{"contents":[{"Left":"Agda.Primitive.Level"},[]],"tag":"App"},"name":"A.a"},{"contents":[{"item":{"contents":"Set @0","tag":"Sort"},"name":"A"},{"contents":[{"item":{"contents":[{"Left":"Agda.Primitive.Level"},[]],"tag":"App"},"name":"B.b"},{"contents":[{"item":{"contents":"Set @0","tag":"Sort"},"name":"B"},{"contents":[{"item":{"contents":[{"Right":2},[]],"tag":"App"},"name":"_"},{"contents":[{"item":{"contents":[{"item":{"contents":[{"Right":2},[]],"tag":"App"},"name":"_"},{"contents":[{"Right":0},[]],"tag":"App"}],"tag":"Pi"},"name":"_"},{"contents":[{"Right":0},[]],"tag":"App"}],"tag":"Pi"}],"tag":"Pi"}],"tag":"Pi"}],"tag":"Pi"}],"tag":"Pi"}],"tag":"Pi"},"reduced":null,"simplified":null}},"name":"Function.Base._|>′_"},{"item":{"pretty":"{A.a : Level} {A : Set A.a} {B.b : Level} {B : Set B.b} →\nA → (A → B) → B","thing":{"normalised":null,"original":{"contents":[{"item":{"contents":[{"Left":"Agda.Primitive.Level"},[]],"tag":"App"},"name":"A.a"},{"contents":[{"item":{"contents":"Set @0","tag":"Sort"},"name":"A"},{"contents":[{"item":{"contents":[{"Left":"Agda.Primitive.Level"},[]],"tag":"App"},"name":"B.b"},{"contents":[{"item":{"contents":"Set @0","tag":"Sort"},"name":"B"},{"contents":[{"item":{"contents":[{"Right":2},[]],"tag":"App"},"name":"_"},{"contents":[{"item":{"contents":[{"item":{"contents":[{"Right":2},[]],"tag":"App"},"name":"_"},{"contents":[{"Right":0},[]],"tag":"App"}],"tag":"Pi"},"name":"_"},{"contents":[{"Right":0},[]],"tag":"App"}],"tag":"Pi"}],"tag":"Pi"}],"tag":"Pi"}],"tag":"Pi"}],"tag":"Pi"}],"tag":"Pi"},"reduced":null,"simplified":null}},"name":"Function.Base.case_of_"},{"item":{"pretty":"{A.a : Level} {A : Set A.a} {B.b : Level} {B : Set B.b}\n{C.c : Level} {C : Set C.c} →\nA → (A → B → C) → B → C","thing":{"normalised":null,"original":{"contents":[{"item":{"contents":[{"Left":"Agda.Primitive.Level"},[]],"tag":"App"},"name":"A.a"},{"contents":[{"item":{"contents":"Set @0","tag":"Sort"},"name":"A"},{"contents":[{"item":{"contents":[{"Left":"Agda.Primitive.Level"},[]],"tag":"App"},"name":"B.b"},{"contents":[{"item":{"contents":"Set @0","tag":"Sort"},"name":"B"},{"contents":[{"item":{"contents":[{"Left":"Agda.Primitive.Level"},[]],"tag":"App"},"name":"C.c"},{"contents":[{"item":{"contents":"Set @0","tag":"Sort"},"name":"C"},{"contents":[{"item":{"contents":[{"Right":4},[]],"tag":"App"},"name":"_"},{"contents":[{"item":{"contents":[{"item":{"contents":[{"Right":4},[]],"tag":"App"},"name":"_"},{"contents":[{"item":{"contents":[{"Right":2},[]],"tag":"App"},"name":"_"},{"contents":[{"Right":0},[]],"tag":"App"}],"tag":"Pi"}],"tag":"Pi"},"name":"_"},{"contents":[{"item":{"contents":[{"Right":2},[]],"tag":"App"},"name":"_"},{"contents":[{"Right":0},[]],"tag":"App"}],"tag":"Pi"}],"tag":"Pi"}],"tag":"Pi"}],"tag":"Pi"}],"tag":"Pi"}],"tag":"Pi"}],"tag":"Pi"}],"tag":"Pi"}],"tag":"Pi"},"reduced":null,"simplified":null}},"name":"Function.Base._⟨_⟩_"},{"item":{"pretty":"{a : Level} (A : Set a) → A → A","thing":{"normalised":null,"original":{"contents":[{"item":{"contents":[{"Left":"Agda.Primitive.Level"},[]],"tag":"App"},"name":"a"},{"contents":[{"item":{"contents":"Set @0","tag":"Sort"},"name":"A"},{"contents":[{"item":{"contents":[{"Right":0},[]],"tag":"App"},"name":"_"},{"contents":[{"Right":0},[]],"tag":"App"}],"tag":"Pi"}],"tag":"Pi"}],"tag":"Pi"},"reduced":null,"simplified":null}},"name":"Function.Base._∋_"},{"item":{"pretty":"{a : Level} {A : Set a} → A → Set a","thing":{"normalised":null,"original":{"contents":[{"item":{"contents":[{"Left":"Agda.Primitive.Level"},[]],"tag":"App"},"name":"a"},{"contents":[{"item":{"contents":"Set @0","tag":"Sort"},"name":"A"},{"contents":[{"item":{"contents":[{"Right":0},[]],"tag":"App"},"name":"_"},{"contents":"Set @1","tag":"Sort"}],"tag":"Pi"}],"tag":"Pi"}],"tag":"Pi"},"reduced":null,"simplified":null}},"name":"Function.Base.typeOf"},{"item":{"pretty":"{a : Level} {A : Set a} ⦃ _ : A ⦄ → A","thing":{"normalised":null,"original":{"contents":[{"item":{"contents":[{"Left":"Agda.Primitive.Level"},[]],"tag":"App"},"name":"a"},{"contents":[{"item":{"contents":"Set @0","tag":"Sort"},"name":"A"},{"contents":[{"item":{"contents":[{"Right":0},[]],"tag":"App"},"name":"_"},{"contents":[{"Right":0},[]],"tag":"App"}],"tag":"Pi"}],"tag":"Pi"}],"tag":"Pi"},"reduced":null,"simplified":null}},"name":"Function.Base.it"},{"item":{"pretty":"{A.a : Level} {A : Set A.a} {B.b : Level} {B : Set B.b}\n{C.c : Level} {C : Set C.c} {D.d : Level} {D : Set D.d}\n{E.e : Level} {E : Set E.e} →\n(A → B → C) → (C → D → E) → (A → B → D) → A → B → E","thing":{"normalised":null,"original":{"contents":[{"item":{"contents":[{"Left":"Agda.Primitive.Level"},[]],"tag":"App"},"name":"A.a"},{"contents":[{"item":{"contents":"Set @0","tag":"Sort"},"name":"A"},{"contents":[{"item":{"contents":[{"Left":"Agda.Primitive.Level"},[]],"tag":"App"},"name":"B.b"},{"contents":[{"item":{"contents":"Set @0","tag":"Sort"},"name":"B"},{"contents":[{"item":{"contents":[{"Left":"Agda.Primitive.Level"},[]],"tag":"App"},"name":"C.c"},{"contents":[{"item":{"contents":"Set @0","tag":"Sort"},"name":"C"},{"contents":[{"item":{"contents":[{"Left":"Agda.Primitive.Level"},[]],"tag":"App"},"name":"D.d"},{"contents":[{"item":{"contents":"Set @0","tag":"Sort"},"name":"D"},{"contents":[{"item":{"contents":[{"Left":"Agda.Primitive.Level"},[]],"tag":"App"},"name":"E.e"},{"contents":[{"item":{"contents":"Set @0","tag":"Sort"},"name":"E"},{"contents":[{"item":{"contents":[{"item":{"contents":[{"Right":8},[]],"tag":"App"},"name":"_"},{"contents":[{"item":{"contents":[{"Right":6},[]],"tag":"App"},"name":"_"},{"contents":[{"Right":4},[]],"tag":"App"}],"tag":"Pi"}],"tag":"Pi"},"name":"_"},{"contents":[{"item":{"contents":[{"item":{"contents":[{"Right":4},[]],"tag":"App"},"name":"_"},{"contents":[{"item":{"contents":[{"Right":2},[]],"tag":"App"},"name":"_"},{"contents":[{"Right":0},[]],"tag":"App"}],"tag":"Pi"}],"tag":"Pi"},"name":"_"},{"contents":[{"item":{"contents":[{"item":{"contents":[{"Right":8},[]],"tag":"App"},"name":"_"},{"contents":[{"item":{"contents":[{"Right":6},[]],"tag":"App"},"name":"_"},{"contents":[{"Right":2},[]],"tag":"App"}],"tag":"Pi"}],"tag":"Pi"},"name":"_"},{"contents":[{"item":{"contents":[{"Right":8},[]],"tag":"App"},"name":"_"},{"contents":[{"item":{"contents":[{"Right":6},[]],"tag":"App"},"name":"_"},{"contents":[{"Right":0},[]],"tag":"App"}],"tag":"Pi"}],"tag":"Pi"}],"tag":"Pi"}],"tag":"Pi"}],"tag":"Pi"}],"tag":"Pi"}],"tag":"Pi"}],"tag":"Pi"}],"tag":"Pi"}],"tag":"Pi"}],"tag":"Pi"}],"tag":"Pi"}],"tag":"Pi"}],"tag":"Pi"}],"tag":"Pi"},"reduced":null,"simplified":null}},"name":"Function.Base._-⟪_⟫-_"},{"item":{"pretty":"{A.a : Level} {A : Set A.a} {B.b : Level} {B : Set B.b}\n{C.c : Level} {C : Set C.c} {D.d : Level} {D : Set D.d} →\n(A → B → C) → (C → B → D) → A → B → D","thing":{"normalised":null,"original":{"contents":[{"item":{"contents":[{"Left":"Agda.Primitive.Level"},[]],"tag":"App"},"name":"A.a"},{"contents":[{"item":{"contents":"Set @0","tag":"Sort"},"name":"A"},{"contents":[{"item":{"contents":[{"Left":"Agda.Primitive.Level"},[]],"tag":"App"},"name":"B.b"},{"contents":[{"item":{"contents":"Set @0","tag":"Sort"},"name":"B"},{"contents":[{"item":{"contents":[{"Left":"Agda.Primitive.Level"},[]],"tag":"App"},"name":"C.c"},{"contents":[{"item":{"contents":"Set @0","tag":"Sort"},"name":"C"},{"contents":[{"item":{"contents":[{"Left":"Agda.Primitive.Level"},[]],"tag":"App"},"name":"D.d"},{"contents":[{"item":{"contents":"Set @0","tag":"Sort"},"name":"D"},{"contents":[{"item":{"contents":[{"item":{"contents":[{"Right":6},[]],"tag":"App"},"name":"_"},{"contents":[{"item":{"contents":[{"Right":4},[]],"tag":"App"},"name":"_"},{"contents":[{"Right":2},[]],"tag":"App"}],"tag":"Pi"}],"tag":"Pi"},"name":"_"},{"contents":[{"item":{"contents":[{"item":{"contents":[{"Right":2},[]],"tag":"App"},"name":"_"},{"contents":[{"item":{"contents":[{"Right":4},[]],"tag":"App"},"name":"_"},{"contents":[{"Right":0},[]],"tag":"App"}],"tag":"Pi"}],"tag":"Pi"},"name":"_"},{"contents":[{"item":{"contents":[{"Right":6},[]],"tag":"App"},"name":"_"},{"contents":[{"item":{"contents":[{"Right":4},[]],"tag":"App"},"name":"_"},{"contents":[{"Right":0},[]],"tag":"App"}],"tag":"Pi"}],"tag":"Pi"}],"tag":"Pi"}],"tag":"Pi"}],"tag":"Pi"}],"tag":"Pi"}],"tag":"Pi"}],"tag":"Pi"}],"tag":"Pi"}],"tag":"Pi"}],"tag":"Pi"}],"tag":"Pi"},"reduced":null,"simplified":null}},"name":"Function.Base._-⟪_∣"},{"item":{"pretty":"{A.a : Level} {A : Set A.a} {C.c : Level} {C : Set C.c}\n{D.d : Level} {D : Set D.d} {B.b : Level} {B : Set B.b} →\n(A → C → D) → (A → B → C) → A → B → D","thing":{"normalised":null,"original":{"contents":[{"item":{"contents":[{"Left":"Agda.Primitive.Level"},[]],"tag":"App"},"name":"A.a"},{"contents":[{"item":{"contents":"Set @0","tag":"Sort"},"name":"A"},{"contents":[{"item":{"contents":[{"Left":"Agda.Primitive.Level"},[]],"tag":"App"},"name":"C.c"},{"contents":[{"item":{"contents":"Set @0","tag":"Sort"},"name":"C"},{"contents":[{"item":{"contents":[{"Left":"Agda.Primitive.Level"},[]],"tag":"App"},"name":"D.d"},{"contents":[{"item":{"contents":"Set @0","tag":"Sort"},"name":"D"},{"contents":[{"item":{"contents":[{"Left":"Agda.Primitive.Level"},[]],"tag":"App"},"name":"B.b"},{"contents":[{"item":{"contents":"Set @0","tag":"Sort"},"name":"B"},{"contents":[{"item":{"contents":[{"item":{"contents":[{"Right":6},[]],"tag":"App"},"name":"_"},{"contents":[{"item":{"contents":[{"Right":4},[]],"tag":"App"},"name":"_"},{"contents":[{"Right":2},[]],"tag":"App"}],"tag":"Pi"}],"tag":"Pi"},"name":"_"},{"contents":[{"item":{"contents":[{"item":{"contents":[{"Right":6},[]],"tag":"App"},"name":"_"},{"contents":[{"item":{"contents":[{"Right":0},[]],"tag":"App"},"name":"_"},{"contents":[{"Right":4},[]],"tag":"App"}],"tag":"Pi"}],"tag":"Pi"},"name":"_"},{"contents":[{"item":{"contents":[{"Right":6},[]],"tag":"App"},"name":"_"},{"contents":[{"item":{"contents":[{"Right":0},[]],"tag":"App"},"name":"_"},{"contents":[{"Right":2},[]],"tag":"App"}],"tag":"Pi"}],"tag":"Pi"}],"tag":"Pi"}],"tag":"Pi"}],"tag":"Pi"}],"tag":"Pi"}],"tag":"Pi"}],"tag":"Pi"}],"tag":"Pi"}],"tag":"Pi"}],"tag":"Pi"}],"tag":"Pi"},"reduced":null,"simplified":null}},"name":"Function.Base.∣_⟫-_"},{"item":{"pretty":"{A.a : Level} {A : Set A.a} {C.c : Level} {C : Set C.c}\n{B.b : Level} {B : Set B.b} {D.d : Level} {D : Set D.d} →\n(A → C) → (C → B → D) → A → B → D","thing":{"normalised":null,"original":{"contents":[{"item":{"contents":[{"Left":"Agda.Primitive.Level"},[]],"tag":"App"},"name":"A.a"},{"contents":[{"item":{"contents":"Set @0","tag":"Sort"},"name":"A"},{"contents":[{"item":{"contents":[{"Left":"Agda.Primitive.Level"},[]],"tag":"App"},"name":"C.c"},{"contents":[{"item":{"contents":"Set @0","tag":"Sort"},"name":"C"},{"contents":[{"item":{"contents":[{"Left":"Agda.Primitive.Level"},[]],"tag":"App"},"name":"B.b"},{"contents":[{"item":{"contents":"Set @0","tag":"Sort"},"name":"B"},{"contents":[{"item":{"contents":[{"Left":"Agda.Primitive.Level"},[]],"tag":"App"},"name":"D.d"},{"contents":[{"item":{"contents":"Set @0","tag":"Sort"},"name":"D"},{"contents":[{"item":{"contents":[{"item":{"contents":[{"Right":6},[]],"tag":"App"},"name":"_"},{"contents":[{"Right":4},[]],"tag":"App"}],"tag":"Pi"},"name":"_"},{"contents":[{"item":{"contents":[{"item":{"contents":[{"Right":4},[]],"tag":"App"},"name":"_"},{"contents":[{"item":{"contents":[{"Right":2},[]],"tag":"App"},"name":"_"},{"contents":[{"Right":0},[]],"tag":"App"}],"tag":"Pi"}],"tag":"Pi"},"name":"_"},{"contents":[{"item":{"contents":[{"Right":6},[]],"tag":"App"},"name":"_"},{"contents":[{"item":{"contents":[{"Right":2},[]],"tag":"App"},"name":"_"},{"contents":[{"Right":0},[]],"tag":"App"}],"tag":"Pi"}],"tag":"Pi"}],"tag":"Pi"}],"tag":"Pi"}],"tag":"Pi"}],"tag":"Pi"}],"tag":"Pi"}],"tag":"Pi"}],"tag":"Pi"}],"tag":"Pi"}],"tag":"Pi"}],"tag":"Pi"},"reduced":null,"simplified":null}},"name":"Function.Base._-⟨_∣"},{"item":{"pretty":"{A.a : Level} {A : Set A.a} {C.c : Level} {C : Set C.c}\n{D.d : Level} {D : Set D.d} {B.b : Level} {B : Set B.b} →\n(A → C → D) → (B → C) → A → B → D","thing":{"normalised":null,"original":{"contents":[{"item":{"contents":[{"Left":"Agda.Primitive.Level"},[]],"tag":"App"},"name":"A.a"},{"contents":[{"item":{"contents":"Set @0","tag":"Sort"},"name":"A"},{"contents":[{"item":{"contents":[{"Left":"Agda.Primitive.Level"},[]],"tag":"App"},"name":"C.c"},{"contents":[{"item":{"contents":"Set @0","tag":"Sort"},"name":"C"},{"contents":[{"item":{"contents":[{"Left":"Agda.Primitive.Level"},[]],"tag":"App"},"name":"D.d"},{"contents":[{"item":{"contents":"Set @0","tag":"Sort"},"name":"D"},{"contents":[{"item":{"contents":[{"Left":"Agda.Primitive.Level"},[]],"tag":"App"},"name":"B.b"},{"contents":[{"item":{"contents":"Set @0","tag":"Sort"},"name":"B"},{"contents":[{"item":{"contents":[{"item":{"contents":[{"Right":6},[]],"tag":"App"},"name":"_"},{"contents":[{"item":{"contents":[{"Right":4},[]],"tag":"App"},"name":"_"},{"contents":[{"Right":2},[]],"tag":"App"}],"tag":"Pi"}],"tag":"Pi"},"name":"_"},{"contents":[{"item":{"contents":[{"item":{"contents":[{"Right":0},[]],"tag":"App"},"name":"_"},{"contents":[{"Right":4},[]],"tag":"App"}],"tag":"Pi"},"name":"_"},{"contents":[{"item":{"contents":[{"Right":6},[]],"tag":"App"},"name":"_"},{"contents":[{"item":{"contents":[{"Right":0},[]],"tag":"App"},"name":"_"},{"contents":[{"Right":2},[]],"tag":"App"}],"tag":"Pi"}],"tag":"Pi"}],"tag":"Pi"}],"tag":"Pi"}],"tag":"Pi"}],"tag":"Pi"}],"tag":"Pi"}],"tag":"Pi"}],"tag":"Pi"}],"tag":"Pi"}],"tag":"Pi"}],"tag":"Pi"},"reduced":null,"simplified":null}},"name":"Function.Base.∣_⟩-_"},{"item":{"pretty":"{A.a : Level} {A : Set A.a} {B.b : Level} {B : Set B.b}\n{C.c : Level} {C : Set C.c} {D.d : Level} {D : Set D.d}\n{E.e : Level} {E : Set E.e} →\n(A → B → C) → (C → D → E) → (B → D) → A → B → E","thing":{"normalised":null,"original":{"contents":[{"item":{"contents":[{"Left":"Agda.Primitive.Level"},[]],"tag":"App"},"name":"A.a"},{"contents":[{"item":{"contents":"Set @0","tag":"Sort"},"name":"A"},{"contents":[{"item":{"contents":[{"Left":"Agda.Primitive.Level"},[]],"tag":"App"},"name":"B.b"},{"contents":[{"item":{"contents":"Set @0","tag":"Sort"},"name":"B"},{"contents":[{"item":{"contents":[{"Left":"Agda.Primitive.Level"},[]],"tag":"App"},"name":"C.c"},{"contents":[{"item":{"contents":"Set @0","tag":"Sort"},"name":"C"},{"contents":[{"item":{"contents":[{"Left":"Agda.Primitive.Level"},[]],"tag":"App"},"name":"D.d"},{"contents":[{"item":{"contents":"Set @0","tag":"Sort"},"name":"D"},{"contents":[{"item":{"contents":[{"Left":"Agda.Primitive.Level"},[]],"tag":"App"},"name":"E.e"},{"contents":[{"item":{"contents":"Set @0","tag":"Sort"},"name":"E"},{"contents":[{"item":{"contents":[{"item":{"contents":[{"Right":8},[]],"tag":"App"},"name":"_"},{"contents":[{"item":{"contents":[{"Right":6},[]],"tag":"App"},"name":"_"},{"contents":[{"Right":4},[]],"tag":"App"}],"tag":"Pi"}],"tag":"Pi"},"name":"_"},{"contents":[{"item":{"contents":[{"item":{"contents":[{"Right":4},[]],"tag":"App"},"name":"_"},{"contents":[{"item":{"contents":[{"Right":2},[]],"tag":"App"},"name":"_"},{"contents":[{"Right":0},[]],"tag":"App"}],"tag":"Pi"}],"tag":"Pi"},"name":"_"},{"contents":[{"item":{"contents":[{"item":{"contents":[{"Right":6},[]],"tag":"App"},"name":"_"},{"contents":[{"Right":2},[]],"tag":"App"}],"tag":"Pi"},"name":"_"},{"contents":[{"item":{"contents":[{"Right":8},[]],"tag":"App"},"name":"_"},{"contents":[{"item":{"contents":[{"Right":6},[]],"tag":"App"},"name":"_"},{"contents":[{"Right":0},[]],"tag":"App"}],"tag":"Pi"}],"tag":"Pi"}],"tag":"Pi"}],"tag":"Pi"}],"tag":"Pi"}],"tag":"Pi"}],"tag":"Pi"}],"tag":"Pi"}],"tag":"Pi"}],"tag":"Pi"}],"tag":"Pi"}],"tag":"Pi"}],"tag":"Pi"}],"tag":"Pi"}],"tag":"Pi"},"reduced":null,"simplified":null}},"name":"Function.Base._-⟪_⟩-_"},{"item":{"pretty":"{A.a : Level} {A : Set A.a} {C.c : Level} {C : Set C.c}\n{D.d : Level} {D : Set D.d} {E.e : Level} {E : Set E.e}\n{B.b : Level} {B : Set B.b} →\n(A → C) → (C → D → E) → (A → B → D) → A → B → E","thing":{"normalised":null,"original":{"contents":[{"item":{"contents":[{"Left":"Agda.Primitive.Level"},[]],"tag":"App"},"name":"A.a"},{"contents":[{"item":{"contents":"Set @0","tag":"Sort"},"name":"A"},{"contents":[{"item":{"contents":[{"Left":"Agda.Primitive.Level"},[]],"tag":"App"},"name":"C.c"},{"contents":[{"item":{"contents":"Set @0","tag":"Sort"},"name":"C"},{"contents":[{"item":{"contents":[{"Left":"Agda.Primitive.Level"},[]],"tag":"App"},"name":"D.d"},{"contents":[{"item":{"contents":"Set @0","tag":"Sort"},"name":"D"},{"contents":[{"item":{"contents":[{"Left":"Agda.Primitive.Level"},[]],"tag":"App"},"name":"E.e"},{"contents":[{"item":{"contents":"Set @0","tag":"Sort"},"name":"E"},{"contents":[{"item":{"contents":[{"Left":"Agda.Primitive.Level"},[]],"tag":"App"},"name":"B.b"},{"contents":[{"item":{"contents":"Set @0","tag":"Sort"},"name":"B"},{"contents":[{"item":{"contents":[{"item":{"contents":[{"Right":8},[]],"tag":"App"},"name":"_"},{"contents":[{"Right":6},[]],"tag":"App"}],"tag":"Pi"},"name":"_"},{"contents":[{"item":{"contents":[{"item":{"contents":[{"Right":6},[]],"tag":"App"},"name":"_"},{"contents":[{"item":{"contents":[{"Right":4},[]],"tag":"App"},"name":"_"},{"contents":[{"Right":2},[]],"tag":"App"}],"tag":"Pi"}],"tag":"Pi"},"name":"_"},{"contents":[{"item":{"contents":[{"item":{"contents":[{"Right":8},[]],"tag":"App"},"name":"_"},{"contents":[{"item":{"contents":[{"Right":0},[]],"tag":"App"},"name":"_"},{"contents":[{"Right":4},[]],"tag":"App"}],"tag":"Pi"}],"tag":"Pi"},"name":"_"},{"contents":[{"item":{"contents":[{"Right":8},[]],"tag":"App"},"name":"_"},{"contents":[{"item":{"contents":[{"Right":0},[]],"tag":"App"},"name":"_"},{"contents":[{"Right":2},[]],"tag":"App"}],"tag":"Pi"}],"tag":"Pi"}],"tag":"Pi"}],"tag":"Pi"}],"tag":"Pi"}],"tag":"Pi"}],"tag":"Pi"}],"tag":"Pi"}],"tag":"Pi"}],"tag":"Pi"}],"tag":"Pi"}],"tag":"Pi"}],"tag":"Pi"}],"tag":"Pi"}],"tag":"Pi"},"reduced":null,"simplified":null}},"name":"Function.Base._-⟨_⟫-_"},{"item":{"pretty":"{A.a : Level} {A : Set A.a} {C.c : Level} {C : Set C.c}\n{D.d : Level} {D : Set D.d} {E.e : Level} {E : Set E.e}\n{B.b : Level} {B : Set B.b} →\n(A → C) → (C → D → E) → (B → D) → A → B → E","thing":{"normalised":null,"original":{"contents":[{"item":{"contents":[{"Left":"Agda.Primitive.Level"},[]],"tag":"App"},"name":"A.a"},{"contents":[{"item":{"contents":"Set @0","tag":"Sort"},"name":"A"},{"contents":[{"item":{"contents":[{"Left":"Agda.Primitive.Level"},[]],"tag":"App"},"name":"C.c"},{"contents":[{"item":{"contents":"Set @0","tag":"Sort"},"name":"C"},{"contents":[{"item":{"contents":[{"Left":"Agda.Primitive.Level"},[]],"tag":"App"},"name":"D.d"},{"contents":[{"item":{"contents":"Set @0","tag":"Sort"},"name":"D"},{"contents":[{"item":{"contents":[{"Left":"Agda.Primitive.Level"},[]],"tag":"App"},"name":"E.e"},{"contents":[{"item":{"contents":"Set @0","tag":"Sort"},"name":"E"},{"contents":[{"item":{"contents":[{"Left":"Agda.Primitive.Level"},[]],"tag":"App"},"name":"B.b"},{"contents":[{"item":{"contents":"Set @0","tag":"Sort"},"name":"B"},{"contents":[{"item":{"contents":[{"item":{"contents":[{"Right":8},[]],"tag":"App"},"name":"_"},{"contents":[{"Right":6},[]],"tag":"App"}],"tag":"Pi"},"name":"_"},{"contents":[{"item":{"contents":[{"item":{"contents":[{"Right":6},[]],"tag":"App"},"name":"_"},{"contents":[{"item":{"contents":[{"Right":4},[]],"tag":"App"},"name":"_"},{"contents":[{"Right":2},[]],"tag":"App"}],"tag":"Pi"}],"tag":"Pi"},"name":"_"},{"contents":[{"item":{"contents":[{"item":{"contents":[{"Right":0},[]],"tag":"App"},"name":"_"},{"contents":[{"Right":4},[]],"tag":"App"}],"tag":"Pi"},"name":"_"},{"contents":[{"item":{"contents":[{"Right":8},[]],"tag":"App"},"name":"_"},{"contents":[{"item":{"contents":[{"Right":0},[]],"tag":"App"},"name":"_"},{"contents":[{"Right":2},[]],"tag":"App"}],"tag":"Pi"}],"tag":"Pi"}],"tag":"Pi"}],"tag":"Pi"}],"tag":"Pi"}],"tag":"Pi"}],"tag":"Pi"}],"tag":"Pi"}],"tag":"Pi"}],"tag":"Pi"}],"tag":"Pi"}],"tag":"Pi"}],"tag":"Pi"}],"tag":"Pi"}],"tag":"Pi"},"reduced":null,"simplified":null}},"name":"Function.Base._-⟨_⟩-_"},{"item":{"pretty":"{C.c : Level} {C : Set C.c} {D.d : Level} {D : Set D.d}\n{A.a : Level} {A : Set A.a} {B.b : Level} {B : Set B.b} →\n(C → C → D) → (A → B → C) → A → B → D","thing":{"normalised":null,"original":{"contents":[{"item":{"contents":[{"Left":"Agda.Primitive.Level"},[]],"tag":"App"},"name":"C.c"},{"contents":[{"item":{"contents":"Set @0","tag":"Sort"},"name":"C"},{"contents":[{"item":{"contents":[{"Left":"Agda.Primitive.Level"},[]],"tag":"App"},"name":"D.d"},{"contents":[{"item":{"contents":"Set @0","tag":"Sort"},"name":"D"},{"contents":[{"item":{"contents":[{"Left":"Agda.Primitive.Level"},[]],"tag":"App"},"name":"A.a"},{"contents":[{"item":{"contents":"Set @0","tag":"Sort"},"name":"A"},{"contents":[{"item":{"contents":[{"Left":"Agda.Primitive.Level"},[]],"tag":"App"},"name":"B.b"},{"contents":[{"item":{"contents":"Set @0","tag":"Sort"},"name":"B"},{"contents":[{"item":{"contents":[{"item":{"contents":[{"Right":6},[]],"tag":"App"},"name":"_"},{"contents":[{"item":{"contents":[{"Right":6},[]],"tag":"App"},"name":"_"},{"contents":[{"Right":4},[]],"tag":"App"}],"tag":"Pi"}],"tag":"Pi"},"name":"_"},{"contents":[{"item":{"contents":[{"item":{"contents":[{"Right":2},[]],"tag":"App"},"name":"_"},{"contents":[{"item":{"contents":[{"Right":0},[]],"tag":"App"},"name":"_"},{"contents":[{"Right":6},[]],"tag":"App"}],"tag":"Pi"}],"tag":"Pi"},"name":"_"},{"contents":[{"item":{"contents":[{"Right":2},[]],"tag":"App"},"name":"_"},{"contents":[{"item":{"contents":[{"Right":0},[]],"tag":"App"},"name":"_"},{"contents":[{"Right":4},[]],"tag":"App"}],"tag":"Pi"}],"tag":"Pi"}],"tag":"Pi"}],"tag":"Pi"}],"tag":"Pi"}],"tag":"Pi"}],"tag":"Pi"}],"tag":"Pi"}],"tag":"Pi"}],"tag":"Pi"}],"tag":"Pi"}],"tag":"Pi"},"reduced":null,"simplified":null}},"name":"Function.Base._on₂_"},{"item":{"pretty":"{B.b : Level} {B : Set B.b} {C.c : Level} {C : Set C.c}\n{A.a : Level} {A : Set A.a} →\n(B → B → C) → (A → B) → A → A → C","thing":{"normalised":null,"original":{"contents":[{"item":{"contents":[{"Left":"Agda.Primitive.Level"},[]],"tag":"App"},"name":"B.b"},{"contents":[{"item":{"contents":"Set @0","tag":"Sort"},"name":"B"},{"contents":[{"item":{"contents":[{"Left":"Agda.Primitive.Level"},[]],"tag":"App"},"name":"C.c"},{"contents":[{"item":{"contents":"Set @0","tag":"Sort"},"name":"C"},{"contents":[{"item":{"contents":[{"Left":"Agda.Primitive.Level"},[]],"tag":"App"},"name":"A.a"},{"contents":[{"item":{"contents":"Set @0","tag":"Sort"},"name":"A"},{"contents":[{"item":{"contents":[{"item":{"contents":[{"Right":4},[]],"tag":"App"},"name":"_"},{"contents":[{"item":{"contents":[{"Right":4},[]],"tag":"App"},"name":"_"},{"contents":[{"Right":2},[]],"tag":"App"}],"tag":"Pi"}],"tag":"Pi"},"name":"_"},{"contents":[{"item":{"contents":[{"item":{"contents":[{"Right":0},[]],"tag":"App"},"name":"_"},{"contents":[{"Right":4},[]],"tag":"App"}],"tag":"Pi"},"name":"_"},{"contents":[{"item":{"contents":[{"Right":0},[]],"tag":"App"},"name":"_"},{"contents":[{"item":{"contents":[{"Right":0},[]],"tag":"App"},"name":"_"},{"contents":[{"Right":2},[]],"tag":"App"}],"tag":"Pi"}],"tag":"Pi"}],"tag":"Pi"}],"tag":"Pi"}],"tag":"Pi"}],"tag":"Pi"}],"tag":"Pi"}],"tag":"Pi"}],"tag":"Pi"}],"tag":"Pi"},"reduced":null,"simplified":null}},"name":"Function.Base._on_"},{"item":{"pretty":"{A.a : Level} {A : Set A.a} {B.b : Level} {B : Set B.b}\n{C.c : Level} {C : Set C.c} {D.d : Level} {D : Set D.d}\n{E.e : Level} {E : Set E.e} →\n(A → B → C) → (C → D → E) → (A → B → D) → A → B → E","thing":{"normalised":null,"original":{"contents":[{"item":{"contents":[{"Left":"Agda.Primitive.Level"},[]],"tag":"App"},"name":"A.a"},{"contents":[{"item":{"contents":"Set @0","tag":"Sort"},"name":"A"},{"contents":[{"item":{"contents":[{"Left":"Agda.Primitive.Level"},[]],"tag":"App"},"name":"B.b"},{"contents":[{"item":{"contents":"Set @0","tag":"Sort"},"name":"B"},{"contents":[{"item":{"contents":[{"Left":"Agda.Primitive.Level"},[]],"tag":"App"},"name":"C.c"},{"contents":[{"item":{"contents":"Set @0","tag":"Sort"},"name":"C"},{"contents":[{"item":{"contents":[{"Left":"Agda.Primitive.Level"},[]],"tag":"App"},"name":"D.d"},{"contents":[{"item":{"contents":"Set @0","tag":"Sort"},"name":"D"},{"contents":[{"item":{"contents":[{"Left":"Agda.Primitive.Level"},[]],"tag":"App"},"name":"E.e"},{"contents":[{"item":{"contents":"Set @0","tag":"Sort"},"name":"E"},{"contents":[{"item":{"contents":[{"item":{"contents":[{"Right":8},[]],"tag":"App"},"name":"_"},{"contents":[{"item":{"contents":[{"Right":6},[]],"tag":"App"},"name":"_"},{"contents":[{"Right":4},[]],"tag":"App"}],"tag":"Pi"}],"tag":"Pi"},"name":"_"},{"contents":[{"item":{"contents":[{"item":{"contents":[{"Right":4},[]],"tag":"App"},"name":"_"},{"contents":[{"item":{"contents":[{"Right":2},[]],"tag":"App"},"name":"_"},{"contents":[{"Right":0},[]],"tag":"App"}],"tag":"Pi"}],"tag":"Pi"},"name":"_"},{"contents":[{"item":{"contents":[{"item":{"contents":[{"Right":8},[]],"tag":"App"},"name":"_"},{"contents":[{"item":{"contents":[{"Right":6},[]],"tag":"App"},"name":"_"},{"contents":[{"Right":2},[]],"tag":"App"}],"tag":"Pi"}],"tag":"Pi"},"name":"_"},{"contents":[{"item":{"contents":[{"Right":8},[]],"tag":"App"},"name":"_"},{"contents":[{"item":{"contents":[{"Right":6},[]],"tag":"App"},"name":"_"},{"contents":[{"Right":0},[]],"tag":"App"}],"tag":"Pi"}],"tag":"Pi"}],"tag":"Pi"}],"tag":"Pi"}],"tag":"Pi"}],"tag":"Pi"}],"tag":"Pi"}],"tag":"Pi"}],"tag":"Pi"}],"tag":"Pi"}],"tag":"Pi"}],"tag":"Pi"}],"tag":"Pi"}],"tag":"Pi"}],"tag":"Pi"},"reduced":null,"simplified":null}},"name":"Function.Base._-[_]-_"}],"name":"Relation.Nullary.Implication"},"samples":[{"ctx":{"pretty":"{P.p : Level} {P : Set P.p} {Q.q : Level} {Q : Set Q.q} (p : P)\n(q : Q)","thing":[{"item":{"contents":[{"Left":"Agda.Primitive.Level"},[]],"tag":"App"},"name":"P.p"},{"item":{"contents":"Set @0","tag":"Sort"},"name":"P"},{"item":{"contents":[{"Left":"Agda.Primitive.Level"},[]],"tag":"App"},"name":"Q.q"},{"item":{"contents":"Set @0","tag":"Sort"},"name":"Q"},{"item":{"contents":[{"Right":2},[]],"tag":"App"},"name":"p"},{"item":{"contents":[{"Right":1},[]],"tag":"App"},"name":"q"}]},"goal":{"pretty":"Reflects (P → Q) (not true ∨ true)","thing":{"normalised":{"contents":[{"Left":"Relation.Nullary.Reflects"},[{"contents":"lub @5 @3","tag":"Level"},{"contents":[{"item":{"contents":[{"Right":4},[]],"tag":"App"},"name":"_"},{"contents":[{"Right":2},[]],"tag":"App"}],"tag":"Pi"},{"contents":[{"Left":"Agda.Builtin.Bool.Bool.true"},[]],"tag":"App"}]],"tag":"App"},"original":{"contents":[{"Left":"Relation.Nullary.Reflects"},[{"contents":"lub @5 @3","tag":"Level"},{"contents":[{"item":{"contents":[{"Right":4},[]],"tag":"App"},"name":"_"},{"contents":[{"Right":2},[]],"tag":"App"}],"tag":"Pi"},{"contents":[{"Left":"Data.Bool.Base._∨_"},[{"contents":[{"Left":"Data.Bool.Base.not"},[{"contents":[{"Left":"Agda.Builtin.Bool.Bool.true"},[]],"tag":"App"}]],"tag":"App"},{"contents":[{"Left":"Agda.Builtin.Bool.Bool.true"},[]],"tag":"App"}]],"tag":"App"}]],"tag":"App"},"reduced":null,"simplified":{"contents":[{"Left":"Relation.Nullary.Reflects"},[{"contents":"lub @5 @3","tag":"Level"},{"contents":[{"item":{"contents":[{"Right":4},[]],"tag":"App"},"name":"_"},{"contents":[{"Right":2},[]],"tag":"App"}],"tag":"Pi"},{"contents":[{"Left":"Agda.Builtin.Bool.Bool.true"},[]],"tag":"App"}]],"tag":"App"}}},"term":{"pretty":"ofʸ (const q)","thing":{"normalised":{"contents":[{"Left":"Relation.Nullary.Reflects.ofʸ"},[{"contents":{"item":{"contents":[{"Right":1},[]],"tag":"App"},"name":"_"},"tag":"Lam"}]],"tag":"App"},"original":{"contents":[{"Left":"Relation.Nullary.Reflects.ofʸ"},[{"contents":[{"Left":"Function.Base.const"},[{"contents":[{"Right":3},[]],"tag":"App"},{"contents":[{"Right":2},[]],"tag":"App"},{"contents":[{"Right":5},[]],"tag":"App"},{"contents":[{"Right":4},[]],"tag":"App"},{"contents":[{"Right":0},[]],"tag":"App"}]],"tag":"App"}]],"tag":"App"},"reduced":null,"simplified":null}},"namesUsed":["Relation.Nullary.Reflects.ofʸ","Function.Base.const"]},{"ctx":{"pretty":"{P.p : Level} {P = P₁ : Set P.p} {Q.q : Level} {Q = Q₁ : Set Q.q}\n(p : P₁) (q₁ : Q₁)","thing":[{"item":{"contents":[{"Left":"Agda.Primitive.Level"},[]],"tag":"App"},"name":"P.p"},{"item":{"contents":"Set @0","tag":"Sort"},"name":"P"},{"item":{"contents":[{"Left":"Agda.Primitive.Level"},[]],"tag":"App"},"name":"Q.q"},{"item":{"contents":"Set @0","tag":"Sort"},"name":"Q"},{"item":{"contents":[{"Right":2},[]],"tag":"App"},"name":"p"},{"item":{"contents":[{"Right":1},[]],"tag":"App"},"name":"q"}]},"goal":{"pretty":"P → Q","thing":{"normalised":null,"original":{"contents":[{"item":{"contents":[{"Right":4},[]],"tag":"App"},"name":"_"},{"contents":[{"Right":2},[]],"tag":"App"}],"tag":"Pi"},"reduced":null,"simplified":null}},"term":{"pretty":"const q","thing":{"normalised":{"contents":{"item":{"contents":[{"Right":1},[]],"tag":"App"},"name":"_"},"tag":"Lam"},"original":{"contents":[{"Left":"Function.Base.const"},[{"contents":[{"Right":3},[]],"tag":"App"},{"contents":[{"Right":2},[]],"tag":"App"},{"contents":[{"Right":5},[]],"tag":"App"},{"contents":[{"Right":4},[]],"tag":"App"},{"contents":[{"Right":0},[]],"tag":"App"}]],"tag":"App"},"reduced":{"contents":{"item":{"contents":[{"Right":1},[]],"tag":"App"},"name":"_"},"tag":"Lam"},"simplified":null}},"namesUsed":["Function.Base.const"]},{"ctx":{"pretty":"{P.p : Level} {P : Set P.p} {Q.q : Level} {Q : Set Q.q} (p : P)\n(¬q : ¬ Q)","thing":[{"item":{"contents":[{"Left":"Agda.Primitive.Level"},[]],"tag":"App"},"name":"P.p"},{"item":{"contents":"Set @0","tag":"Sort"},"name":"P"},{"item":{"contents":[{"Left":"Agda.Primitive.Level"},[]],"tag":"App"},"name":"Q.q"},{"item":{"contents":"Set @0","tag":"Sort"},"name":"Q"},{"item":{"contents":[{"Right":2},[]],"tag":"App"},"name":"p"},{"item":{"contents":[{"Left":"Relation.Nullary.¬_"},[{"contents":[{"Right":2},[]],"tag":"App"},{"contents":[{"Right":1},[]],"tag":"App"}]],"tag":"App"},"name":"¬q"}]},"goal":{"pretty":"Reflects (P → Q) (not true ∨ false)","thing":{"normalised":{"contents":[{"Left":"Relation.Nullary.Reflects"},[{"contents":"lub @5 @3","tag":"Level"},{"contents":[{"item":{"contents":[{"Right":4},[]],"tag":"App"},"name":"_"},{"contents":[{"Right":2},[]],"tag":"App"}],"tag":"Pi"},{"contents":[{"Left":"Agda.Builtin.Bool.Bool.false"},[]],"tag":"App"}]],"tag":"App"},"original":{"contents":[{"Left":"Relation.Nullary.Reflects"},[{"contents":"lub @5 @3","tag":"Level"},{"contents":[{"item":{"contents":[{"Right":4},[]],"tag":"App"},"name":"_"},{"contents":[{"Right":2},[]],"tag":"App"}],"tag":"Pi"},{"contents":[{"Left":"Data.Bool.Base._∨_"},[{"contents":[{"Left":"Data.Bool.Base.not"},[{"contents":[{"Left":"Agda.Builtin.Bool.Bool.true"},[]],"tag":"App"}]],"tag":"App"},{"contents":[{"Left":"Agda.Builtin.Bool.Bool.false"},[]],"tag":"App"}]],"tag":"App"}]],"tag":"App"},"reduced":null,"simplified":{"contents":[{"Left":"Relation.Nullary.Reflects"},[{"contents":"lub @5 @3","tag":"Level"},{"contents":[{"item":{"contents":[{"Right":4},[]],"tag":"App"},"name":"_"},{"contents":[{"Right":2},[]],"tag":"App"}],"tag":"Pi"},{"contents":[{"Left":"Agda.Builtin.Bool.Bool.false"},[]],"tag":"App"}]],"tag":"App"}}},"term":{"pretty":"ofⁿ (λ x → ¬q (x p))","thing":{"normalised":null,"original":{"contents":[{"Left":"Relation.Nullary.Reflects.ofⁿ"},[{"contents":{"item":{"contents":[{"Right":1},[{"contents":[{"Right":0},[{"contents":[{"Right":2},[]],"tag":"App"}]],"tag":"App"}]],"tag":"App"},"name":"x"},"tag":"Lam"}]],"tag":"App"},"reduced":null,"simplified":null}},"namesUsed":["Relation.Nullary.Reflects.ofⁿ"]},{"ctx":{"pretty":"{P.p : Level} {P : Set P.p} {Q.q : Level} {Q : Set Q.q} {bq : Bool}\n(¬p : ¬ P) (x : Reflects Q bq)","thing":[{"item":{"contents":[{"Left":"Agda.Primitive.Level"},[]],"tag":"App"},"name":"P.p"},{"item":{"contents":"Set @0","tag":"Sort"},"name":"P"},{"item":{"contents":[{"Left":"Agda.Primitive.Level"},[]],"tag":"App"},"name":"Q.q"},{"item":{"contents":"Set @0","tag":"Sort"},"name":"Q"},{"item":{"contents":[{"Left":"Agda.Builtin.Bool.Bool"},[]],"tag":"App"},"name":"bq"},{"item":{"contents":[{"Left":"Relation.Nullary.¬_"},[{"contents":[{"Right":4},[]],"tag":"App"},{"contents":[{"Right":3},[]],"tag":"App"}]],"tag":"App"},"name":"¬p"},{"item":{"contents":[{"Left":"Relation.Nullary.Reflects"},[{"contents":[{"Right":3},[]],"tag":"App"},{"contents":[{"Right":2},[]],"tag":"App"},{"contents":[{"Right":1},[]],"tag":"App"}]],"tag":"App"},"name":"x"}]},"goal":{"pretty":"Reflects (P → Q) (not false ∨ bq)","thing":{"normalised":{"contents":[{"Left":"Relation.Nullary.Reflects"},[{"contents":"lub @6 @4","tag":"Level"},{"contents":[{"item":{"contents":[{"Right":5},[]],"tag":"App"},"name":"_"},{"contents":[{"Right":3},[]],"tag":"App"}],"tag":"Pi"},{"contents":[{"Left":"Agda.Builtin.Bool.Bool.true"},[]],"tag":"App"}]],"tag":"App"},"original":{"contents":[{"Left":"Relation.Nullary.Reflects"},[{"contents":"lub @6 @4","tag":"Level"},{"contents":[{"item":{"contents":[{"Right":5},[]],"tag":"App"},"name":"_"},{"contents":[{"Right":3},[]],"tag":"App"}],"tag":"Pi"},{"contents":[{"Left":"Data.Bool.Base._∨_"},[{"contents":[{"Left":"Data.Bool.Base.not"},[{"contents":[{"Left":"Agda.Builtin.Bool.Bool.false"},[]],"tag":"App"}]],"tag":"App"},{"contents":[{"Right":2},[]],"tag":"App"}]],"tag":"App"}]],"tag":"App"},"reduced":null,"simplified":{"contents":[{"Left":"Relation.Nullary.Reflects"},[{"contents":"lub @6 @4","tag":"Level"},{"contents":[{"item":{"contents":[{"Right":5},[]],"tag":"App"},"name":"_"},{"contents":[{"Right":3},[]],"tag":"App"}],"tag":"Pi"},{"contents":[{"Left":"Agda.Builtin.Bool.Bool.true"},[]],"tag":"App"}]],"tag":"App"}}},"term":{"pretty":"ofʸ (λ x → ⊥-elim (¬p x))","thing":{"normalised":null,"original":{"contents":[{"Left":"Relation.Nullary.Reflects.ofʸ"},[{"contents":{"item":{"contents":[{"Left":"Data.Empty.⊥-elim"},[{"contents":[{"Right":5},[]],"tag":"App"},{"contents":[{"Right":4},[]],"tag":"App"},{"contents":[{"Right":2},[{"contents":[{"Right":0},[]],"tag":"App"}]],"tag":"App"}]],"tag":"App"},"name":"x"},"tag":"Lam"}]],"tag":"App"},"reduced":null,"simplified":null}},"namesUsed":["Relation.Nullary.Reflects.ofʸ","Data.Empty.⊥-elim"]},{"ctx":{"pretty":"{P.p : Level} {P = P₁ : Set P.p} {Q.q : Level} {Q = Q₁ : Set Q.q}\n{bq = bq₁ : Bool} (¬p₁ : ¬ P₁) (x : Reflects Q₁ bq₁)","thing":[{"item":{"contents":[{"Left":"Agda.Primitive.Level"},[]],"tag":"App"},"name":"P.p"},{"item":{"contents":"Set @0","tag":"Sort"},"name":"P"},{"item":{"contents":[{"Left":"Agda.Primitive.Level"},[]],"tag":"App"},"name":"Q.q"},{"item":{"contents":"Set @0","tag":"Sort"},"name":"Q"},{"item":{"contents":[{"Left":"Agda.Builtin.Bool.Bool"},[]],"tag":"App"},"name":"bq"},{"item":{"contents":[{"Left":"Relation.Nullary.¬_"},[{"contents":[{"Right":4},[]],"tag":"App"},{"contents":[{"Right":3},[]],"tag":"App"}]],"tag":"App"},"name":"¬p"},{"item":{"contents":[{"Left":"Relation.Nullary.Reflects"},[{"contents":[{"Right":3},[]],"tag":"App"},{"contents":[{"Right":2},[]],"tag":"App"},{"contents":[{"Right":1},[]],"tag":"App"}]],"tag":"App"},"name":"x"}]},"goal":{"pretty":"P → Q","thing":{"normalised":null,"original":{"contents":[{"item":{"contents":[{"Right":5},[]],"tag":"App"},"name":"_"},{"contents":[{"Right":3},[]],"tag":"App"}],"tag":"Pi"},"reduced":null,"simplified":null}},"term":{"pretty":"λ x → ⊥-elim (¬p x)","thing":{"normalised":null,"original":{"contents":{"item":{"contents":[{"Left":"Data.Empty.⊥-elim"},[{"contents":[{"Right":5},[]],"tag":"App"},{"contents":[{"Right":4},[]],"tag":"App"},{"contents":[{"Right":2},[{"contents":[{"Right":0},[]],"tag":"App"}]],"tag":"App"}]],"tag":"App"},"name":"x"},"tag":"Lam"},"reduced":null,"simplified":null}},"namesUsed":["Data.Empty.⊥-elim"]},{"ctx":{"pretty":"{P.p : Level} {P = P₁ : Set P.p} {Q.q : Level} {Q = Q₁ : Set Q.q}\n{bq = bq₁ : Bool} (¬p₁ : ¬ P₁) (x : Reflects Q₁ bq₁) (x₁ : P₁)","thing":[{"item":{"contents":[{"Left":"Agda.Primitive.Level"},[]],"tag":"App"},"name":"P.p"},{"item":{"contents":"Set @0","tag":"Sort"},"name":"P"},{"item":{"contents":[{"Left":"Agda.Primitive.Level"},[]],"tag":"App"},"name":"Q.q"},{"item":{"contents":"Set @0","tag":"Sort"},"name":"Q"},{"item":{"contents":[{"Left":"Agda.Builtin.Bool.Bool"},[]],"tag":"App"},"name":"bq"},{"item":{"contents":[{"Left":"Relation.Nullary.¬_"},[{"contents":[{"Right":4},[]],"tag":"App"},{"contents":[{"Right":3},[]],"tag":"App"}]],"tag":"App"},"name":"¬p"},{"item":{"contents":[{"Left":"Relation.Nullary.Reflects"},[{"contents":[{"Right":3},[]],"tag":"App"},{"contents":[{"Right":2},[]],"tag":"App"},{"contents":[{"Right":1},[]],"tag":"App"}]],"tag":"App"},"name":"x"},{"item":{"contents":[{"Right":5},[]],"tag":"App"},"name":"x"}]},"goal":{"pretty":"Q","thing":{"normalised":null,"original":{"contents":[{"Right":4},[]],"tag":"App"},"reduced":null,"simplified":null}},"term":{"pretty":"⊥-elim (¬p x)","thing":{"normalised":null,"original":{"contents":[{"Left":"Data.Empty.⊥-elim"},[{"contents":[{"Right":5},[]],"tag":"App"},{"contents":[{"Right":4},[]],"tag":"App"},{"contents":[{"Right":2},[{"contents":[{"Right":0},[]],"tag":"App"}]],"tag":"App"}]],"tag":"App"},"reduced":null,"simplified":null}},"namesUsed":["Data.Empty.⊥-elim"]},{"ctx":{"pretty":"{P.p : Level} {P : Set P.p} {Q.q : Level} {Q : Set Q.q}\n(p? : Dec P) (q? : Dec Q)","thing":[{"item":{"contents":[{"Left":"Agda.Primitive.Level"},[]],"tag":"App"},"name":"P.p"},{"item":{"contents":"Set @0","tag":"Sort"},"name":"P"},{"item":{"contents":[{"Left":"Agda.Primitive.Level"},[]],"tag":"App"},"name":"Q.q"},{"item":{"contents":"Set @0","tag":"Sort"},"name":"Q"},{"item":{"contents":[{"Left":"Relation.Nullary.Dec"},[{"contents":[{"Right":3},[]],"tag":"App"},{"contents":[{"Right":2},[]],"tag":"App"}]],"tag":"App"},"name":"p?"},{"item":{"contents":[{"Left":"Relation.Nullary.Dec"},[{"contents":[{"Right":2},[]],"tag":"App"},{"contents":[{"Right":1},[]],"tag":"App"}]],"tag":"App"},"name":"q?"}]},"goal":{"pretty":"Bool","thing":{"normalised":null,"original":{"contents":[{"Left":"Agda.Builtin.Bool.Bool"},[]],"tag":"App"},"reduced":null,"simplified":null}},"term":{"pretty":"not (does p?) ∨ does q?","thing":{"normalised":null,"original":{"contents":[{"Left":"Data.Bool.Base._∨_"},[{"contents":[{"Left":"Data.Bool.Base.not"},[{"contents":[{"Right":1},[{"contents":[{"Left":"Relation.Nullary.Dec.does"},[]],"tag":"App"}]],"tag":"App"}]],"tag":"App"},{"contents":[{"Right":0},[{"contents":[{"Left":"Relation.Nullary.Dec.does"},[]],"tag":"App"}]],"tag":"App"}]],"tag":"App"},"reduced":null,"simplified":null}},"namesUsed":["Data.Bool.Base._∨_","Data.Bool.Base.not"]},{"ctx":{"pretty":"{P.p : Level} {P : Set P.p} {Q.q : Level} {Q : Set Q.q}\n(p?₁ : Dec P) (q?₁ : Dec Q)","thing":[{"item":{"contents":[{"Left":"Agda.Primitive.Level"},[]],"tag":"App"},"name":"P.p"},{"item":{"contents":"Set @0","tag":"Sort"},"name":"P"},{"item":{"contents":[{"Left":"Agda.Primitive.Level"},[]],"tag":"App"},"name":"Q.q"},{"item":{"contents":"Set @0","tag":"Sort"},"name":"Q"},{"item":{"contents":[{"Left":"Relation.Nullary.Dec"},[{"contents":[{"Right":3},[]],"tag":"App"},{"contents":[{"Right":2},[]],"tag":"App"}]],"tag":"App"},"name":"p?"},{"item":{"contents":[{"Left":"Relation.Nullary.Dec"},[{"contents":[{"Right":2},[]],"tag":"App"},{"contents":[{"Right":1},[]],"tag":"App"}]],"tag":"App"},"name":"q?"}]},"goal":{"pretty":"Bool","thing":{"normalised":null,"original":{"contents":[{"Left":"Agda.Builtin.Bool.Bool"},[]],"tag":"App"},"reduced":null,"simplified":null}},"term":{"pretty":"not (does p?)","thing":{"normalised":null,"original":{"contents":[{"Left":"Data.Bool.Base.not"},[{"contents":[{"Right":1},[{"contents":[{"Left":"Relation.Nullary.Dec.does"},[]],"tag":"App"}]],"tag":"App"}]],"tag":"App"},"reduced":null,"simplified":null}},"namesUsed":["Data.Bool.Base.not"]},{"ctx":{"pretty":"{P.p : Level} {P : Set P.p} {Q.q : Level} {Q : Set Q.q}\n(p? : Dec P) (q? : Dec Q)","thing":[{"item":{"contents":[{"Left":"Agda.Primitive.Level"},[]],"tag":"App"},"name":"P.p"},{"item":{"contents":"Set @0","tag":"Sort"},"name":"P"},{"item":{"contents":[{"Left":"Agda.Primitive.Level"},[]],"tag":"App"},"name":"Q.q"},{"item":{"contents":"Set @0","tag":"Sort"},"name":"Q"},{"item":{"contents":[{"Left":"Relation.Nullary.Dec"},[{"contents":[{"Right":3},[]],"tag":"App"},{"contents":[{"Right":2},[]],"tag":"App"}]],"tag":"App"},"name":"p?"},{"item":{"contents":[{"Left":"Relation.Nullary.Dec"},[{"contents":[{"Right":2},[]],"tag":"App"},{"contents":[{"Right":1},[]],"tag":"App"}]],"tag":"App"},"name":"q?"}]},"goal":{"pretty":"Reflects (P → Q) (does (p? →-dec q?))","thing":{"normalised":{"contents":[{"Left":"Relation.Nullary.Reflects"},[{"contents":"lub @5 @3","tag":"Level"},{"contents":[{"item":{"contents":[{"Right":4},[]],"tag":"App"},"name":"_"},{"contents":[{"Right":2},[]],"tag":"App"}],"tag":"Pi"},{"contents":[{"Left":"Data.Bool.Base._∨_"},[{"contents":[{"Left":"Data.Bool.Base.not"},[{"contents":[{"Right":1},[{"contents":[{"Left":"Relation.Nullary.Dec.does"},[]],"tag":"App"}]],"tag":"App"}]],"tag":"App"},{"contents":[{"Right":0},[{"contents":[{"Left":"Relation.Nullary.Dec.does"},[]],"tag":"App"}]],"tag":"App"}]],"tag":"App"}]],"tag":"App"},"original":{"contents":[{"Left":"Relation.Nullary.Reflects"},[{"contents":"lub @5 @3","tag":"Level"},{"contents":[{"item":{"contents":[{"Right":4},[]],"tag":"App"},"name":"_"},{"contents":[{"Right":2},[]],"tag":"App"}],"tag":"Pi"},{"contents":[{"Left":"Relation.Nullary.Implication._→-dec_"},[{"contents":[{"Right":5},[]],"tag":"App"},{"contents":[{"Right":4},[]],"tag":"App"},{"contents":[{"Right":3},[]],"tag":"App"},{"contents":[{"Right":2},[]],"tag":"App"},{"contents":[{"Right":1},[]],"tag":"App"},{"contents":[{"Right":0},[]],"tag":"App"},{"contents":[{"Left":"Relation.Nullary.Dec.does"},[]],"tag":"App"}]],"tag":"App"}]],"tag":"App"},"reduced":null,"simplified":{"contents":[{"Left":"Relation.Nullary.Reflects"},[{"contents":"lub @5 @3","tag":"Level"},{"contents":[{"item":{"contents":[{"Right":4},[]],"tag":"App"},"name":"_"},{"contents":[{"Right":2},[]],"tag":"App"}],"tag":"Pi"},{"contents":[{"Left":"Data.Bool.Base._∨_"},[{"contents":[{"Left":"Data.Bool.Base.not"},[{"contents":[{"Right":1},[{"contents":[{"Left":"Relation.Nullary.Dec.does"},[]],"tag":"App"}]],"tag":"App"}]],"tag":"App"},{"contents":[{"Right":0},[{"contents":[{"Left":"Relation.Nullary.Dec.does"},[]],"tag":"App"}]],"tag":"App"}]],"tag":"App"}]],"tag":"App"}}},"term":{"pretty":"proof p? →-reflects proof q?","thing":{"normalised":null,"original":{"contents":[{"Left":"Relation.Nullary.Implication._→-reflects_"},[{"contents":[{"Right":5},[]],"tag":"App"},{"contents":[{"Right":4},[]],"tag":"App"},{"contents":[{"Right":3},[]],"tag":"App"},{"contents":[{"Right":2},[]],"tag":"App"},{"contents":[{"Right":1},[{"contents":[{"Left":"Relation.Nullary.Dec.does"},[]],"tag":"App"}]],"tag":"App"},{"contents":[{"Right":0},[{"contents":[{"Left":"Relation.Nullary.Dec.does"},[]],"tag":"App"}]],"tag":"App"},{"contents":[{"Right":1},[{"contents":[{"Left":"Relation.Nullary.Dec.proof"},[]],"tag":"App"}]],"tag":"App"},{"contents":[{"Right":0},[{"contents":[{"Left":"Relation.Nullary.Dec.proof"},[]],"tag":"App"}]],"tag":"App"}]],"tag":"App"},"reduced":null,"simplified":null}},"namesUsed":["Relation.Nullary.Implication._→-reflects_"]}]}