{"scope":{"item":[{"item":{"pretty":"Set","thing":{"normalised":null,"original":{"contents":"Set","tag":"Sort"},"reduced":null,"simplified":null}},"name":"System.Exit.Primitive.ExitCode"},{"item":{"pretty":"Set","thing":{"normalised":null,"original":{"contents":"Set","tag":"Sort"},"reduced":null,"simplified":null}},"name":"Agda.Builtin.Nat.Nat"},{"item":{"pretty":"Set","thing":{"normalised":null,"original":{"contents":"Set","tag":"Sort"},"reduced":null,"simplified":null}},"name":"Agda.Builtin.String.String"},{"item":{"pretty":"ExitCode","thing":{"normalised":null,"original":{"contents":[{"Left":"System.Exit.Primitive.ExitCode"},[]],"tag":"App"},"reduced":null,"simplified":null}},"name":"System.Exit.Primitive.ExitCode.ExitSuccess"},{"item":{"pretty":"{A.a : Level} {A : Set A.a} → ExitCode → IO A","thing":{"normalised":null,"original":{"contents":[{"item":{"contents":[{"Left":"Agda.Primitive.Level"},[]],"tag":"App"},"name":"A.a"},{"contents":[{"item":{"contents":"Set @0","tag":"Sort"},"name":"A"},{"contents":[{"item":{"contents":[{"Left":"System.Exit.Primitive.ExitCode"},[]],"tag":"App"},"name":"_"},{"contents":[{"Left":"IO.Base.IO"},[{"contents":[{"Right":1},[]],"tag":"App"},{"contents":[{"Right":0},[]],"tag":"App"}]],"tag":"App"}],"tag":"Pi"}],"tag":"Pi"}],"tag":"Pi"},"reduced":null,"simplified":null}},"name":"System.Exit.exitWith"},{"item":{"pretty":"ℕ → ExitCode","thing":{"normalised":null,"original":{"contents":[{"item":{"contents":[{"Left":"Agda.Builtin.Nat.Nat"},[]],"tag":"App"},"name":"_"},{"contents":[{"Left":"System.Exit.Primitive.ExitCode"},[]],"tag":"App"}],"tag":"Pi"},"reduced":null,"simplified":null}},"name":"System.Exit.Primitive.ExitCode.ExitFailure"},{"item":{"pretty":"{A.a : Level} {A : Set A.a} → IO A","thing":{"normalised":null,"original":{"contents":[{"item":{"contents":[{"Left":"Agda.Primitive.Level"},[]],"tag":"App"},"name":"A.a"},{"contents":[{"item":{"contents":"Set @0","tag":"Sort"},"name":"A"},{"contents":[{"Left":"IO.Base.IO"},[{"contents":[{"Right":1},[]],"tag":"App"},{"contents":[{"Right":0},[]],"tag":"App"}]],"tag":"App"}],"tag":"Pi"}],"tag":"Pi"},"reduced":null,"simplified":null}},"name":"System.Exit.exitFailure"},{"item":{"pretty":"Set","thing":{"normalised":null,"original":{"contents":"Set","tag":"Sort"},"reduced":null,"simplified":null}},"name":"Agda.Primitive.Level"},{"item":{"pretty":"{A.a : Level} {A : Set A.a} → IO A","thing":{"normalised":null,"original":{"contents":[{"item":{"contents":[{"Left":"Agda.Primitive.Level"},[]],"tag":"App"},"name":"A.a"},{"contents":[{"item":{"contents":"Set @0","tag":"Sort"},"name":"A"},{"contents":[{"Left":"IO.Base.IO"},[{"contents":[{"Right":1},[]],"tag":"App"},{"contents":[{"Right":0},[]],"tag":"App"}]],"tag":"App"}],"tag":"Pi"}],"tag":"Pi"},"reduced":null,"simplified":null}},"name":"System.Exit.exitSuccess"},{"item":{"pretty":"{a : Level} → Set a → Set (Level.suc a)","thing":{"normalised":null,"original":{"contents":[{"item":{"contents":[{"Left":"Agda.Primitive.Level"},[]],"tag":"App"},"name":"a"},{"contents":[{"item":{"contents":"Set @0","tag":"Sort"},"name":"A"},{"contents":"Set (lsuc @0)","tag":"Sort"}],"tag":"Pi"}],"tag":"Pi"},"reduced":null,"simplified":null}},"name":"IO.Base.IO"},{"item":{"pretty":"{A.a : Level} {A : Set A.a} → String → IO A","thing":{"normalised":null,"original":{"contents":[{"item":{"contents":[{"Left":"Agda.Primitive.Level"},[]],"tag":"App"},"name":"A.a"},{"contents":[{"item":{"contents":"Set @0","tag":"Sort"},"name":"A"},{"contents":[{"item":{"contents":[{"Left":"Agda.Builtin.String.String"},[]],"tag":"App"},"name":"_"},{"contents":[{"Left":"IO.Base.IO"},[{"contents":[{"Right":1},[]],"tag":"App"},{"contents":[{"Right":0},[]],"tag":"App"}]],"tag":"App"}],"tag":"Pi"}],"tag":"Pi"}],"tag":"Pi"},"reduced":null,"simplified":null}},"name":"System.Exit.die"},{"item":{"pretty":"{a : Level} {A : Set a} → Agda.Builtin.IO.IO A → IO A","thing":{"normalised":null,"original":{"contents":[{"item":{"contents":[{"Left":"Agda.Primitive.Level"},[]],"tag":"App"},"name":"a"},{"contents":[{"item":{"contents":"Set @0","tag":"Sort"},"name":"A"},{"contents":[{"item":{"contents":[{"Left":"Agda.Builtin.IO.IO"},[{"contents":[{"Right":1},[]],"tag":"App"},{"contents":[{"Right":0},[]],"tag":"App"}]],"tag":"App"},"name":"m"},{"contents":[{"Left":"IO.Base.IO"},[{"contents":[{"Right":1},[]],"tag":"App"},{"contents":[{"Right":0},[]],"tag":"App"}]],"tag":"App"}],"tag":"Pi"}],"tag":"Pi"}],"tag":"Pi"},"reduced":null,"simplified":null}},"name":"IO.Base.IO.lift"},{"item":{"pretty":"{a : Level} → String → IO Data.Unit.Polymorphic.Base.⊤","thing":{"normalised":{"contents":[{"item":{"contents":[{"Left":"Agda.Primitive.Level"},[]],"tag":"App"},"name":"a"},{"contents":[{"item":{"contents":[{"Left":"Agda.Builtin.String.String"},[]],"tag":"App"},"name":"_"},{"contents":[{"Left":"IO.Base.IO"},[{"contents":[{"Right":0},[]],"tag":"App"},{"contents":[{"Left":"Level.Lift"},[{"contents":"lzero","tag":"Level"},{"contents":[{"Right":0},[]],"tag":"App"},{"contents":[{"Left":"Agda.Builtin.Unit.⊤"},[]],"tag":"App"}]],"tag":"App"}]],"tag":"App"}],"tag":"Pi"}],"tag":"Pi"},"original":{"contents":[{"item":{"contents":[{"Left":"Agda.Primitive.Level"},[]],"tag":"App"},"name":"a"},{"contents":[{"item":{"contents":[{"Left":"Agda.Builtin.String.String"},[]],"tag":"App"},"name":"_"},{"contents":[{"Left":"IO.Base.IO"},[{"contents":[{"Right":0},[]],"tag":"App"},{"contents":[{"Left":"Data.Unit.Polymorphic.Base.⊤"},[{"contents":[{"Right":0},[]],"tag":"App"}]],"tag":"App"}]],"tag":"App"}],"tag":"Pi"}],"tag":"Pi"},"reduced":null,"simplified":null}},"name":"IO.Finite.putStrLn"},{"item":{"pretty":"{a : Level} {A B : Set a} → IO A → IO B → IO B","thing":{"normalised":null,"original":{"contents":[{"item":{"contents":[{"Left":"Agda.Primitive.Level"},[]],"tag":"App"},"name":"a"},{"contents":[{"item":{"contents":"Set @0","tag":"Sort"},"name":"A"},{"contents":[{"item":{"contents":"Set @1","tag":"Sort"},"name":"B"},{"contents":[{"item":{"contents":[{"Left":"IO.Base.IO"},[{"contents":[{"Right":2},[]],"tag":"App"},{"contents":[{"Right":1},[]],"tag":"App"}]],"tag":"App"},"name":"_"},{"contents":[{"item":{"contents":[{"Left":"IO.Base.IO"},[{"contents":[{"Right":2},[]],"tag":"App"},{"contents":[{"Right":0},[]],"tag":"App"}]],"tag":"App"},"name":"_"},{"contents":[{"Left":"IO.Base.IO"},[{"contents":[{"Right":2},[]],"tag":"App"},{"contents":[{"Right":0},[]],"tag":"App"}]],"tag":"App"}],"tag":"Pi"}],"tag":"Pi"}],"tag":"Pi"}],"tag":"Pi"}],"tag":"Pi"},"reduced":null,"simplified":null}},"name":"IO.Base._._>>_"},{"item":{"pretty":"{a b : Level} {A : Set a} {B : A → Set b} →\n((x : A) → B x) → (x : A) → B x","thing":{"normalised":null,"original":{"contents":[{"item":{"contents":[{"Left":"Agda.Primitive.Level"},[]],"tag":"App"},"name":"a"},{"contents":[{"item":{"contents":[{"Left":"Agda.Primitive.Level"},[]],"tag":"App"},"name":"b"},{"contents":[{"item":{"contents":"Set @1","tag":"Sort"},"name":"A"},{"contents":[{"item":{"contents":[{"item":{"contents":[{"Right":0},[]],"tag":"App"},"name":"_"},{"contents":"Set @1","tag":"Sort"}],"tag":"Pi"},"name":"B"},{"contents":[{"item":{"contents":[{"item":{"contents":[{"Right":1},[]],"tag":"App"},"name":"x"},{"contents":[{"Right":1},[{"contents":[{"Right":0},[]],"tag":"App"}]],"tag":"App"}],"tag":"Pi"},"name":"_"},{"contents":[{"item":{"contents":[{"Right":1},[]],"tag":"App"},"name":"x"},{"contents":[{"Right":1},[{"contents":[{"Right":0},[]],"tag":"App"}]],"tag":"App"}],"tag":"Pi"}],"tag":"Pi"}],"tag":"Pi"}],"tag":"Pi"}],"tag":"Pi"}],"tag":"Pi"},"reduced":null,"simplified":null}},"name":"Function.Base._$_"}],"name":"System.Exit"},"samples":[{"ctx":{"pretty":"{A.a : Level} {A : Set A.a}","thing":[{"item":{"contents":[{"Left":"Agda.Primitive.Level"},[]],"tag":"App"},"name":"A.a"},{"item":{"contents":"Set @0","tag":"Sort"},"name":"A"}]},"goal":{"pretty":"IO A","thing":{"normalised":null,"original":{"contents":[{"Left":"IO.Base.IO"},[{"contents":[{"Right":1},[]],"tag":"App"},{"contents":[{"Right":0},[]],"tag":"App"}]],"tag":"App"},"reduced":null,"simplified":null}},"term":{"pretty":"exitWith (ExitFailure 1)","thing":{"normalised":{"contents":[{"Left":"IO.Base.IO.lift"},[{"contents":[{"Left":"System.Exit.Primitive.exitWith"},[{"contents":[{"Right":1},[]],"tag":"App"},{"contents":[{"Right":0},[]],"tag":"App"},{"contents":[{"Left":"System.Exit.Primitive.ExitCode.ExitFailure"},[{"contents":"1","tag":"Lit"}]],"tag":"App"}]],"tag":"App"}]],"tag":"App"},"original":{"contents":[{"Left":"System.Exit.exitWith"},[{"contents":[{"Right":1},[]],"tag":"App"},{"contents":[{"Right":0},[]],"tag":"App"},{"contents":[{"Left":"System.Exit.Primitive.ExitCode.ExitFailure"},[{"contents":"1","tag":"Lit"}]],"tag":"App"}]],"tag":"App"},"reduced":{"contents":[{"Left":"IO.Base.IO.lift"},[{"contents":[{"Left":"System.Exit.Primitive.exitWith"},[{"contents":[{"Right":1},[]],"tag":"App"},{"contents":[{"Right":0},[]],"tag":"App"},{"contents":[{"Left":"System.Exit.Primitive.ExitCode.ExitFailure"},[{"contents":"1","tag":"Lit"}]],"tag":"App"}]],"tag":"App"}]],"tag":"App"},"simplified":null}},"namesUsed":["System.Exit.exitWith","System.Exit.Primitive.ExitCode.ExitFailure"]},{"ctx":{"pretty":"{A.a : Level} {A = A₁ : Set A.a}","thing":[{"item":{"contents":[{"Left":"Agda.Primitive.Level"},[]],"tag":"App"},"name":"A.a"},{"item":{"contents":"Set @0","tag":"Sort"},"name":"A"}]},"goal":{"pretty":"ExitCode","thing":{"normalised":null,"original":{"contents":[{"Left":"System.Exit.Primitive.ExitCode"},[]],"tag":"App"},"reduced":null,"simplified":null}},"term":{"pretty":"ExitFailure 1","thing":{"normalised":null,"original":{"contents":[{"Left":"System.Exit.Primitive.ExitCode.ExitFailure"},[{"contents":"1","tag":"Lit"}]],"tag":"App"},"reduced":null,"simplified":null}},"namesUsed":["System.Exit.Primitive.ExitCode.ExitFailure"]},{"ctx":{"pretty":"{A.a : Level} {A : Set A.a}","thing":[{"item":{"contents":[{"Left":"Agda.Primitive.Level"},[]],"tag":"App"},"name":"A.a"},{"item":{"contents":"Set @0","tag":"Sort"},"name":"A"}]},"goal":{"pretty":"IO A","thing":{"normalised":null,"original":{"contents":[{"Left":"IO.Base.IO"},[{"contents":[{"Right":1},[]],"tag":"App"},{"contents":[{"Right":0},[]],"tag":"App"}]],"tag":"App"},"reduced":null,"simplified":null}},"term":{"pretty":"exitWith ExitSuccess","thing":{"normalised":{"contents":[{"Left":"IO.Base.IO.lift"},[{"contents":[{"Left":"System.Exit.Primitive.exitWith"},[{"contents":[{"Right":1},[]],"tag":"App"},{"contents":[{"Right":0},[]],"tag":"App"},{"contents":[{"Left":"System.Exit.Primitive.ExitCode.ExitSuccess"},[]],"tag":"App"}]],"tag":"App"}]],"tag":"App"},"original":{"contents":[{"Left":"System.Exit.exitWith"},[{"contents":[{"Right":1},[]],"tag":"App"},{"contents":[{"Right":0},[]],"tag":"App"},{"contents":[{"Left":"System.Exit.Primitive.ExitCode.ExitSuccess"},[]],"tag":"App"}]],"tag":"App"},"reduced":{"contents":[{"Left":"IO.Base.IO.lift"},[{"contents":[{"Left":"System.Exit.Primitive.exitWith"},[{"contents":[{"Right":1},[]],"tag":"App"},{"contents":[{"Right":0},[]],"tag":"App"},{"contents":[{"Left":"System.Exit.Primitive.ExitCode.ExitSuccess"},[]],"tag":"App"}]],"tag":"App"}]],"tag":"App"},"simplified":null}},"namesUsed":["System.Exit.exitWith","System.Exit.Primitive.ExitCode.ExitSuccess"]},{"ctx":{"pretty":"{A.a : Level} {A = A₁ : Set A.a}","thing":[{"item":{"contents":[{"Left":"Agda.Primitive.Level"},[]],"tag":"App"},"name":"A.a"},{"item":{"contents":"Set @0","tag":"Sort"},"name":"A"}]},"goal":{"pretty":"ExitCode","thing":{"normalised":null,"original":{"contents":[{"Left":"System.Exit.Primitive.ExitCode"},[]],"tag":"App"},"reduced":null,"simplified":null}},"term":{"pretty":"ExitSuccess","thing":{"normalised":null,"original":{"contents":[{"Left":"System.Exit.Primitive.ExitCode.ExitSuccess"},[]],"tag":"App"},"reduced":null,"simplified":null}},"namesUsed":["System.Exit.Primitive.ExitCode.ExitSuccess"]},{"ctx":{"pretty":"{A.a : Level} {A : Set A.a} (str : String)","thing":[{"item":{"contents":[{"Left":"Agda.Primitive.Level"},[]],"tag":"App"},"name":"A.a"},{"item":{"contents":"Set @0","tag":"Sort"},"name":"A"},{"item":{"contents":[{"Left":"Agda.Builtin.String.String"},[]],"tag":"App"},"name":"str"}]},"goal":{"pretty":"IO Data.Unit.Polymorphic.Base.⊤","thing":{"normalised":{"contents":[{"Left":"IO.Base.IO"},[{"contents":[{"Right":2},[]],"tag":"App"},{"contents":[{"Left":"Level.Lift"},[{"contents":"lzero","tag":"Level"},{"contents":[{"Right":2},[]],"tag":"App"},{"contents":[{"Left":"Agda.Builtin.Unit.⊤"},[]],"tag":"App"}]],"tag":"App"}]],"tag":"App"},"original":{"contents":[{"Left":"IO.Base.IO"},[{"contents":[{"Right":2},[]],"tag":"App"},{"contents":[{"Left":"Data.Unit.Polymorphic.Base.⊤"},[{"contents":[{"Right":2},[]],"tag":"App"}]],"tag":"App"}]],"tag":"App"},"reduced":null,"simplified":null}},"term":{"pretty":"putStrLn str","thing":{"normalised":{"contents":[{"Left":"IO.Base.IO.lift"},[{"contents":[{"Left":"IO.Primitive._>>=_"},[{"contents":"lzero","tag":"Level"},{"contents":[{"Right":2},[]],"tag":"App"},{"contents":[{"Left":"Agda.Builtin.Unit.⊤"},[]],"tag":"App"},{"contents":[{"Left":"Level.Lift"},[{"contents":"lzero","tag":"Level"},{"contents":[{"Right":2},[]],"tag":"App"},{"contents":[{"Left":"Agda.Builtin.Unit.⊤"},[]],"tag":"App"}]],"tag":"App"},{"contents":[{"Left":"IO.Primitive.Finite.putStrLn"},[{"contents":[{"Right":0},[]],"tag":"App"}]],"tag":"App"},{"contents":{"item":{"contents":[{"Left":"IO.Primitive.return"},[{"contents":[{"Right":3},[]],"tag":"App"},{"contents":[{"Left":"Level.Lift"},[{"contents":"lzero","tag":"Level"},{"contents":[{"Right":3},[]],"tag":"App"},{"contents":[{"Left":"Agda.Builtin.Unit.⊤"},[]],"tag":"App"}]],"tag":"App"},{"contents":[{"Left":"Level.lift"},[{"contents":[{"Left":"Agda.Builtin.Unit.tt"},[]],"tag":"App"}]],"tag":"App"}]],"tag":"App"},"name":"_"},"tag":"Lam"}]],"tag":"App"}]],"tag":"App"},"original":{"contents":[{"Left":"IO.Finite.putStrLn"},[{"contents":[{"Right":2},[]],"tag":"App"},{"contents":[{"Right":0},[]],"tag":"App"}]],"tag":"App"},"reduced":{"contents":[{"Left":"IO.Base.IO.lift"},[{"contents":[{"Left":"IO.Primitive._>>=_"},[{"contents":"lzero","tag":"Level"},{"contents":[{"Right":2},[]],"tag":"App"},{"contents":[{"Left":"Agda.Builtin.Unit.⊤"},[]],"tag":"App"},{"contents":[{"Left":"Data.Unit.Polymorphic.Base.⊤"},[{"contents":[{"Right":2},[]],"tag":"App"}]],"tag":"App"},{"contents":[{"Left":"IO.Primitive.Finite.putStrLn"},[{"contents":[{"Right":0},[]],"tag":"App"}]],"tag":"App"},{"contents":{"item":{"contents":[{"Left":"IO.Primitive.return"},[{"contents":[{"Right":3},[]],"tag":"App"},{"contents":[{"Left":"Data.Unit.Polymorphic.Base.⊤"},[{"contents":[{"Right":3},[]],"tag":"App"}]],"tag":"App"},{"contents":[{"Left":"Level.lift"},[{"contents":[{"Left":"Agda.Builtin.Unit.tt"},[]],"tag":"App"}]],"tag":"App"}]],"tag":"App"},"name":"_"},"tag":"Lam"}]],"tag":"App"}]],"tag":"App"},"simplified":null}},"namesUsed":["IO.Finite.putStrLn"]},{"ctx":{"pretty":"{A.a : Level} {A : Set A.a} (str₁ : String)","thing":[{"item":{"contents":[{"Left":"Agda.Primitive.Level"},[]],"tag":"App"},"name":"A.a"},{"item":{"contents":"Set @0","tag":"Sort"},"name":"A"},{"item":{"contents":[{"Left":"Agda.Builtin.String.String"},[]],"tag":"App"},"name":"str"}]},"goal":{"pretty":"IO A","thing":{"normalised":null,"original":{"contents":[{"Left":"IO.Base.IO"},[{"contents":[{"Right":2},[]],"tag":"App"},{"contents":[{"Right":1},[]],"tag":"App"}]],"tag":"App"},"reduced":null,"simplified":null}},"term":{"pretty":"exitFailure","thing":{"normalised":{"contents":[{"Left":"IO.Base.IO.lift"},[{"contents":[{"Left":"System.Exit.Primitive.exitWith"},[{"contents":[{"Right":2},[]],"tag":"App"},{"contents":[{"Right":1},[]],"tag":"App"},{"contents":[{"Left":"System.Exit.Primitive.ExitCode.ExitFailure"},[{"contents":"1","tag":"Lit"}]],"tag":"App"}]],"tag":"App"}]],"tag":"App"},"original":{"contents":[{"Left":"System.Exit.exitFailure"},[{"contents":[{"Right":2},[]],"tag":"App"},{"contents":[{"Right":1},[]],"tag":"App"}]],"tag":"App"},"reduced":{"contents":[{"Left":"IO.Base.IO.lift"},[{"contents":[{"Left":"System.Exit.Primitive.exitWith"},[{"contents":[{"Right":2},[]],"tag":"App"},{"contents":[{"Right":1},[]],"tag":"App"},{"contents":[{"Left":"System.Exit.Primitive.ExitCode.ExitFailure"},[{"contents":"1","tag":"Lit"}]],"tag":"App"}]],"tag":"App"}]],"tag":"App"},"simplified":null}},"namesUsed":["System.Exit.exitFailure"]}]}