{"scope":{"item":[{"item":{"pretty":"Set","thing":{"normalised":null,"original":{"contents":"Set","tag":"Sort"},"reduced":null,"simplified":null}},"name":"System.Exit.Primitive.ExitCode"},{"item":{"pretty":"Set","thing":{"normalised":null,"original":{"contents":"Set","tag":"Sort"},"reduced":null,"simplified":null}},"name":"Agda.Builtin.Nat.Nat"},{"item":{"pretty":"ExitCode","thing":{"normalised":null,"original":{"contents":[{"Left":"System.Exit.Primitive.ExitCode"},[]],"tag":"App"},"reduced":null,"simplified":null}},"name":"System.Exit.Primitive.ExitCode.ExitSuccess"},{"item":{"pretty":"{a : Agda.Primitive.Level} → Set a → Set a","thing":{"normalised":null,"original":{"contents":[{"item":{"contents":[{"Left":"Agda.Primitive.Level"},[]],"tag":"App"},"name":"a"},{"contents":[{"item":{"contents":"Set @0","tag":"Sort"},"name":"_"},{"contents":"Set @0","tag":"Sort"}],"tag":"Pi"}],"tag":"Pi"},"reduced":null,"simplified":null}},"name":"Agda.Builtin.IO.IO"},{"item":{"pretty":"ℕ → ExitCode","thing":{"normalised":null,"original":{"contents":[{"item":{"contents":[{"Left":"Agda.Builtin.Nat.Nat"},[]],"tag":"App"},"name":"_"},{"contents":[{"Left":"System.Exit.Primitive.ExitCode"},[]],"tag":"App"}],"tag":"Pi"},"reduced":null,"simplified":null}},"name":"System.Exit.Primitive.ExitCode.ExitFailure"},{"item":{"pretty":"{a : Agda.Primitive.Level} {A : Set a} → ExitCode → IO A","thing":{"normalised":null,"original":{"contents":[{"item":{"contents":[{"Left":"Agda.Primitive.Level"},[]],"tag":"App"},"name":"a"},{"contents":[{"item":{"contents":"Set @0","tag":"Sort"},"name":"A"},{"contents":[{"item":{"contents":[{"Left":"System.Exit.Primitive.ExitCode"},[]],"tag":"App"},"name":"_"},{"contents":[{"Left":"Agda.Builtin.IO.IO"},[{"contents":[{"Right":1},[]],"tag":"App"},{"contents":[{"Right":0},[]],"tag":"App"}]],"tag":"App"}],"tag":"Pi"}],"tag":"Pi"}],"tag":"Pi"},"reduced":null,"simplified":null}},"name":"System.Exit.Primitive.exitWith"}],"name":"System.Exit.Primitive"},"samples":[]}