{"scope":{"item":[{"item":{"pretty":"IO (List String)","thing":{"normalised":null,"original":{"contents":[{"Left":"IO.Base.IO"},[{"contents":"lzero","tag":"Level"},{"contents":[{"Left":"Agda.Builtin.List.List"},[{"contents":"lzero","tag":"Level"},{"contents":[{"Left":"Agda.Builtin.String.String"},[]],"tag":"App"}]],"tag":"App"}]],"tag":"App"},"reduced":null,"simplified":null}},"name":"System.Environment.getArgs"},{"item":{"pretty":"IO String","thing":{"normalised":null,"original":{"contents":[{"Left":"IO.Base.IO"},[{"contents":"lzero","tag":"Level"},{"contents":[{"Left":"Agda.Builtin.String.String"},[]],"tag":"App"}]],"tag":"App"},"reduced":null,"simplified":null}},"name":"System.Environment.getProgName"},{"item":{"pretty":"Set","thing":{"normalised":null,"original":{"contents":"Set","tag":"Sort"},"reduced":null,"simplified":null}},"name":"Agda.Builtin.String.String"},{"item":{"pretty":"String → IO (Maybe String)","thing":{"normalised":null,"original":{"contents":[{"item":{"contents":[{"Left":"Agda.Builtin.String.String"},[]],"tag":"App"},"name":"_"},{"contents":[{"Left":"IO.Base.IO"},[{"contents":"lzero","tag":"Level"},{"contents":[{"Left":"Agda.Builtin.Maybe.Maybe"},[{"contents":"lzero","tag":"Level"},{"contents":[{"Left":"Agda.Builtin.String.String"},[]],"tag":"App"}]],"tag":"App"}]],"tag":"App"}],"tag":"Pi"},"reduced":null,"simplified":null}},"name":"System.Environment.lookupEnv"},{"item":{"pretty":"{ℓ : Agda.Primitive.Level} → Set ℓ","thing":{"normalised":null,"original":{"contents":[{"item":{"contents":[{"Left":"Agda.Primitive.Level"},[]],"tag":"App"},"name":"ℓ"},{"contents":"Set @0","tag":"Sort"}],"tag":"Pi"},"reduced":null,"simplified":null}},"name":"Data.Unit.Polymorphic.Base.⊤"},{"item":{"pretty":"{a : Agda.Primitive.Level} → Set a → Set a","thing":{"normalised":null,"original":{"contents":[{"item":{"contents":[{"Left":"Agda.Primitive.Level"},[]],"tag":"App"},"name":"a"},{"contents":[{"item":{"contents":"Set @0","tag":"Sort"},"name":"A"},{"contents":"Set @0","tag":"Sort"}],"tag":"Pi"}],"tag":"Pi"},"reduced":null,"simplified":null}},"name":"Agda.Builtin.List.List"},{"item":{"pretty":"{a : Agda.Primitive.Level} → Set a → Set a","thing":{"normalised":null,"original":{"contents":[{"item":{"contents":[{"Left":"Agda.Primitive.Level"},[]],"tag":"App"},"name":"a"},{"contents":[{"item":{"contents":"Set @0","tag":"Sort"},"name":"A"},{"contents":"Set @0","tag":"Sort"}],"tag":"Pi"}],"tag":"Pi"},"reduced":null,"simplified":null}},"name":"Agda.Builtin.Maybe.Maybe"},{"item":{"pretty":"String → String → IO ⊤","thing":{"normalised":{"contents":[{"item":{"contents":[{"Left":"Agda.Builtin.String.String"},[]],"tag":"App"},"name":"_"},{"contents":[{"item":{"contents":[{"Left":"Agda.Builtin.String.String"},[]],"tag":"App"},"name":"_"},{"contents":[{"Left":"IO.Base.IO"},[{"contents":"lzero","tag":"Level"},{"contents":[{"Left":"Level.Lift"},[{"contents":"lzero","tag":"Level"},{"contents":"lzero","tag":"Level"},{"contents":[{"Left":"Agda.Builtin.Unit.⊤"},[]],"tag":"App"}]],"tag":"App"}]],"tag":"App"}],"tag":"Pi"}],"tag":"Pi"},"original":{"contents":[{"item":{"contents":[{"Left":"Agda.Builtin.String.String"},[]],"tag":"App"},"name":"_"},{"contents":[{"item":{"contents":[{"Left":"Agda.Builtin.String.String"},[]],"tag":"App"},"name":"_"},{"contents":[{"Left":"IO.Base.IO"},[{"contents":"lzero","tag":"Level"},{"contents":[{"Left":"Data.Unit.Polymorphic.Base.⊤"},[{"contents":"lzero","tag":"Level"}]],"tag":"App"}]],"tag":"App"}],"tag":"Pi"}],"tag":"Pi"},"reduced":null,"simplified":null}},"name":"System.Environment.setEnv"},{"item":{"pretty":"{a : Agda.Primitive.Level} → Set a → Set (Agda.Primitive.lsuc a)","thing":{"normalised":null,"original":{"contents":[{"item":{"contents":[{"Left":"Agda.Primitive.Level"},[]],"tag":"App"},"name":"a"},{"contents":[{"item":{"contents":"Set @0","tag":"Sort"},"name":"A"},{"contents":"Set (lsuc @0)","tag":"Sort"}],"tag":"Pi"}],"tag":"Pi"},"reduced":null,"simplified":null}},"name":"IO.Base.IO"},{"item":{"pretty":"String → IO ⊤","thing":{"normalised":{"contents":[{"item":{"contents":[{"Left":"Agda.Builtin.String.String"},[]],"tag":"App"},"name":"_"},{"contents":[{"Left":"IO.Base.IO"},[{"contents":"lzero","tag":"Level"},{"contents":[{"Left":"Level.Lift"},[{"contents":"lzero","tag":"Level"},{"contents":"lzero","tag":"Level"},{"contents":[{"Left":"Agda.Builtin.Unit.⊤"},[]],"tag":"App"}]],"tag":"App"}]],"tag":"App"}],"tag":"Pi"},"original":{"contents":[{"item":{"contents":[{"Left":"Agda.Builtin.String.String"},[]],"tag":"App"},"name":"_"},{"contents":[{"Left":"IO.Base.IO"},[{"contents":"lzero","tag":"Level"},{"contents":[{"Left":"Data.Unit.Polymorphic.Base.⊤"},[{"contents":"lzero","tag":"Level"}]],"tag":"App"}]],"tag":"App"}],"tag":"Pi"},"reduced":null,"simplified":null}},"name":"System.Environment.unsetEnv"},{"item":{"pretty":"{a : Agda.Primitive.Level} {A : Set a} →\nAgda.Builtin.IO.IO A → IO A","thing":{"normalised":null,"original":{"contents":[{"item":{"contents":[{"Left":"Agda.Primitive.Level"},[]],"tag":"App"},"name":"a"},{"contents":[{"item":{"contents":"Set @0","tag":"Sort"},"name":"A"},{"contents":[{"item":{"contents":[{"Left":"Agda.Builtin.IO.IO"},[{"contents":[{"Right":1},[]],"tag":"App"},{"contents":[{"Right":0},[]],"tag":"App"}]],"tag":"App"},"name":"m"},{"contents":[{"Left":"IO.Base.IO"},[{"contents":[{"Right":1},[]],"tag":"App"},{"contents":[{"Right":0},[]],"tag":"App"}]],"tag":"App"}],"tag":"Pi"}],"tag":"Pi"}],"tag":"Pi"},"reduced":null,"simplified":null}},"name":"IO.Base.IO.lift"},{"item":{"pretty":"{a : Agda.Primitive.Level} {A : Set a} → List String → IO A → IO A","thing":{"normalised":null,"original":{"contents":[{"item":{"contents":[{"Left":"Agda.Primitive.Level"},[]],"tag":"App"},"name":"a"},{"contents":[{"item":{"contents":"Set @0","tag":"Sort"},"name":"A"},{"contents":[{"item":{"contents":[{"Left":"Agda.Builtin.List.List"},[{"contents":"lzero","tag":"Level"},{"contents":[{"Left":"Agda.Builtin.String.String"},[]],"tag":"App"}]],"tag":"App"},"name":"_"},{"contents":[{"item":{"contents":[{"Left":"IO.Base.IO"},[{"contents":[{"Right":1},[]],"tag":"App"},{"contents":[{"Right":0},[]],"tag":"App"}]],"tag":"App"},"name":"_"},{"contents":[{"Left":"IO.Base.IO"},[{"contents":[{"Right":1},[]],"tag":"App"},{"contents":[{"Right":0},[]],"tag":"App"}]],"tag":"App"}],"tag":"Pi"}],"tag":"Pi"}],"tag":"Pi"}],"tag":"Pi"},"reduced":null,"simplified":null}},"name":"System.Environment.withArgs"},{"item":{"pretty":"{a b : Agda.Primitive.Level} → Set a → Set b → Set","thing":{"normalised":null,"original":{"contents":[{"item":{"contents":[{"Left":"Agda.Primitive.Level"},[]],"tag":"App"},"name":"a"},{"contents":[{"item":{"contents":[{"Left":"Agda.Primitive.Level"},[]],"tag":"App"},"name":"b"},{"contents":[{"item":{"contents":"Set @1","tag":"Sort"},"name":"A"},{"contents":[{"item":{"contents":"Set @0","tag":"Sort"},"name":"B"},{"contents":"Set","tag":"Sort"}],"tag":"Pi"}],"tag":"Pi"}],"tag":"Pi"}],"tag":"Pi"},"reduced":null,"simplified":null}},"name":"Foreign.Haskell.Coerce.Coercible"},{"item":{"pretty":"{a : Agda.Primitive.Level} {A : Set a} → String → IO A → IO A","thing":{"normalised":null,"original":{"contents":[{"item":{"contents":[{"Left":"Agda.Primitive.Level"},[]],"tag":"App"},"name":"a"},{"contents":[{"item":{"contents":"Set @0","tag":"Sort"},"name":"A"},{"contents":[{"item":{"contents":[{"Left":"Agda.Builtin.String.String"},[]],"tag":"App"},"name":"_"},{"contents":[{"item":{"contents":[{"Left":"IO.Base.IO"},[{"contents":[{"Right":1},[]],"tag":"App"},{"contents":[{"Right":0},[]],"tag":"App"}]],"tag":"App"},"name":"_"},{"contents":[{"Left":"IO.Base.IO"},[{"contents":[{"Right":1},[]],"tag":"App"},{"contents":[{"Right":0},[]],"tag":"App"}]],"tag":"App"}],"tag":"Pi"}],"tag":"Pi"}],"tag":"Pi"}],"tag":"Pi"},"reduced":null,"simplified":null}},"name":"System.Environment.withProgName"},{"item":{"pretty":"{a b : Agda.Primitive.Level} {A : Set a} {B : Set b} →\nCoercible A B","thing":{"normalised":null,"original":{"contents":[{"item":{"contents":[{"Left":"Agda.Primitive.Level"},[]],"tag":"App"},"name":"a"},{"contents":[{"item":{"contents":[{"Left":"Agda.Primitive.Level"},[]],"tag":"App"},"name":"b"},{"contents":[{"item":{"contents":"Set @1","tag":"Sort"},"name":"A"},{"contents":[{"item":{"contents":"Set @1","tag":"Sort"},"name":"B"},{"contents":[{"Left":"Foreign.Haskell.Coerce.Coercible"},[{"contents":[{"Right":3},[]],"tag":"App"},{"contents":[{"Right":2},[]],"tag":"App"},{"contents":[{"Right":1},[]],"tag":"App"},{"contents":[{"Right":0},[]],"tag":"App"}]],"tag":"App"}],"tag":"Pi"}],"tag":"Pi"}],"tag":"Pi"}],"tag":"Pi"},"reduced":null,"simplified":null}},"name":"Foreign.Haskell.Coerce.Coercible.TrustMe"},{"item":{"pretty":"IO (List (String × String))","thing":{"normalised":{"contents":[{"Left":"IO.Base.IO"},[{"contents":"lzero","tag":"Level"},{"contents":[{"Left":"Agda.Builtin.List.List"},[{"contents":"lzero","tag":"Level"},{"contents":[{"Left":"Agda.Builtin.Sigma.Σ"},[{"contents":"lzero","tag":"Level"},{"contents":"lzero","tag":"Level"},{"contents":[{"Left":"Agda.Builtin.String.String"},[]],"tag":"App"},{"contents":{"item":{"contents":[{"Left":"Agda.Builtin.String.String"},[]],"tag":"App"},"name":"x"},"tag":"Lam"}]],"tag":"App"}]],"tag":"App"}]],"tag":"App"},"original":{"contents":[{"Left":"IO.Base.IO"},[{"contents":"lzero","tag":"Level"},{"contents":[{"Left":"Agda.Builtin.List.List"},[{"contents":"lzero","tag":"Level"},{"contents":[{"Left":"Data.Product._×_"},[{"contents":"lzero","tag":"Level"},{"contents":"lzero","tag":"Level"},{"contents":[{"Left":"Agda.Builtin.String.String"},[]],"tag":"App"},{"contents":[{"Left":"Agda.Builtin.String.String"},[]],"tag":"App"}]],"tag":"App"}]],"tag":"App"}]],"tag":"App"},"reduced":null,"simplified":null}},"name":"System.Environment.getEnvironment"},{"item":{"pretty":"{A.a : Agda.Primitive.Level} {A : Set A.a}\n{B.b : Agda.Primitive.Level} {B : Set B.b} ⦃ _ : Coercible A B ⦄ →\nA → B","thing":{"normalised":null,"original":{"contents":[{"item":{"contents":[{"Left":"Agda.Primitive.Level"},[]],"tag":"App"},"name":"A.a"},{"contents":[{"item":{"contents":"Set @0","tag":"Sort"},"name":"A"},{"contents":[{"item":{"contents":[{"Left":"Agda.Primitive.Level"},[]],"tag":"App"},"name":"B.b"},{"contents":[{"item":{"contents":"Set @0","tag":"Sort"},"name":"B"},{"contents":[{"item":{"contents":[{"Left":"Foreign.Haskell.Coerce.Coercible"},[{"contents":[{"Right":3},[]],"tag":"App"},{"contents":[{"Right":1},[]],"tag":"App"},{"contents":[{"Right":2},[]],"tag":"App"},{"contents":[{"Right":0},[]],"tag":"App"}]],"tag":"App"},"name":"_"},{"contents":[{"item":{"contents":[{"Right":2},[]],"tag":"App"},"name":"_"},{"contents":[{"Right":0},[]],"tag":"App"}],"tag":"Pi"}],"tag":"Pi"}],"tag":"Pi"}],"tag":"Pi"}],"tag":"Pi"}],"tag":"Pi"},"reduced":null,"simplified":null}},"name":"Foreign.Haskell.Coerce.coerce"},{"item":{"pretty":"{a b : Agda.Primitive.Level} →\nSet a → Set b → Set (a Agda.Primitive.⊔ b)","thing":{"normalised":null,"original":{"contents":[{"item":{"contents":[{"Left":"Agda.Primitive.Level"},[]],"tag":"App"},"name":"a"},{"contents":[{"item":{"contents":[{"Left":"Agda.Primitive.Level"},[]],"tag":"App"},"name":"b"},{"contents":[{"item":{"contents":"Set @1","tag":"Sort"},"name":"A"},{"contents":[{"item":{"contents":"Set @0","tag":"Sort"},"name":"B"},{"contents":"Set (lub @1 @0)","tag":"Sort"}],"tag":"Pi"}],"tag":"Pi"}],"tag":"Pi"}],"tag":"Pi"},"reduced":null,"simplified":null}},"name":"Data.Product._×_"},{"item":{"pretty":"{b d : Agda.Primitive.Level} (a c : Agda.Primitive.Level)\n(T : Set a → Set b) (U : Set c → Set d) →\nSet (Agda.Primitive.lsuc a Agda.Primitive.⊔ Agda.Primitive.lsuc c)","thing":{"normalised":null,"original":{"contents":[{"item":{"contents":[{"Left":"Agda.Primitive.Level"},[]],"tag":"App"},"name":"b"},{"contents":[{"item":{"contents":[{"Left":"Agda.Primitive.Level"},[]],"tag":"App"},"name":"d"},{"contents":[{"item":{"contents":[{"Left":"Agda.Primitive.Level"},[]],"tag":"App"},"name":"a"},{"contents":[{"item":{"contents":[{"Left":"Agda.Primitive.Level"},[]],"tag":"App"},"name":"c"},{"contents":[{"item":{"contents":[{"item":{"contents":"Set @1","tag":"Sort"},"name":"_"},{"contents":"Set @3","tag":"Sort"}],"tag":"Pi"},"name":"T"},{"contents":[{"item":{"contents":[{"item":{"contents":"Set @1","tag":"Sort"},"name":"_"},{"contents":"Set @3","tag":"Sort"}],"tag":"Pi"},"name":"U"},{"contents":"Set (lub (lsuc @3) (lsuc @2))","tag":"Sort"}],"tag":"Pi"}],"tag":"Pi"}],"tag":"Pi"}],"tag":"Pi"}],"tag":"Pi"}],"tag":"Pi"},"reduced":null,"simplified":null}},"name":"Foreign.Haskell.Coerce.Coercible₁"},{"item":{"pretty":"{c f : Agda.Primitive.Level} (a b d e : Agda.Primitive.Level)\n(T : Set a → Set b → Set c) (U : Set d → Set e → Set f) →\nSet\n(Agda.Primitive.lsuc a Agda.Primitive.⊔ Agda.Primitive.lsuc b\n Agda.Primitive.⊔ Agda.Primitive.lsuc d\n Agda.Primitive.⊔ Agda.Primitive.lsuc e)","thing":{"normalised":null,"original":{"contents":[{"item":{"contents":[{"Left":"Agda.Primitive.Level"},[]],"tag":"App"},"name":"c"},{"contents":[{"item":{"contents":[{"Left":"Agda.Primitive.Level"},[]],"tag":"App"},"name":"f"},{"contents":[{"item":{"contents":[{"Left":"Agda.Primitive.Level"},[]],"tag":"App"},"name":"a"},{"contents":[{"item":{"contents":[{"Left":"Agda.Primitive.Level"},[]],"tag":"App"},"name":"b"},{"contents":[{"item":{"contents":[{"Left":"Agda.Primitive.Level"},[]],"tag":"App"},"name":"d"},{"contents":[{"item":{"contents":[{"Left":"Agda.Primitive.Level"},[]],"tag":"App"},"name":"e"},{"contents":[{"item":{"contents":[{"item":{"contents":"Set @3","tag":"Sort"},"name":"_"},{"contents":[{"item":{"contents":"Set @2","tag":"Sort"},"name":"_"},{"contents":"Set @5","tag":"Sort"}],"tag":"Pi"}],"tag":"Pi"},"name":"T"},{"contents":[{"item":{"contents":[{"item":{"contents":"Set @2","tag":"Sort"},"name":"_"},{"contents":[{"item":{"contents":"Set @1","tag":"Sort"},"name":"_"},{"contents":"Set @5","tag":"Sort"}],"tag":"Pi"}],"tag":"Pi"},"name":"U"},{"contents":"Set (lub (lsuc @5) lub (lsuc @4) lub (lsuc @3) (lsuc @2))","tag":"Sort"}],"tag":"Pi"}],"tag":"Pi"}],"tag":"Pi"}],"tag":"Pi"}],"tag":"Pi"}],"tag":"Pi"}],"tag":"Pi"}],"tag":"Pi"},"reduced":null,"simplified":null}},"name":"Foreign.Haskell.Coerce.Coercible₂"},{"item":{"pretty":"{A.a : Agda.Primitive.Level} {A : Set A.a} →\nIO A → Agda.Builtin.IO.IO A","thing":{"normalised":null,"original":{"contents":[{"item":{"contents":[{"Left":"Agda.Primitive.Level"},[]],"tag":"App"},"name":"A.a"},{"contents":[{"item":{"contents":"Set @0","tag":"Sort"},"name":"A"},{"contents":[{"item":{"contents":[{"Left":"IO.Base.IO"},[{"contents":[{"Right":1},[]],"tag":"App"},{"contents":[{"Right":0},[]],"tag":"App"}]],"tag":"App"},"name":"_"},{"contents":[{"Left":"Agda.Builtin.IO.IO"},[{"contents":[{"Right":1},[]],"tag":"App"},{"contents":[{"Right":0},[]],"tag":"App"}]],"tag":"App"}],"tag":"Pi"}],"tag":"Pi"}],"tag":"Pi"},"reduced":null,"simplified":null}},"name":"IO.Base.run"},{"item":{"pretty":"Coercible Agda.Builtin.Nat.Nat Agda.Builtin.Int.Int","thing":{"normalised":null,"original":{"contents":[{"Left":"Foreign.Haskell.Coerce.Coercible"},[{"contents":"lzero","tag":"Level"},{"contents":"lzero","tag":"Level"},{"contents":[{"Left":"Agda.Builtin.Nat.Nat"},[]],"tag":"App"},{"contents":[{"Left":"Agda.Builtin.Int.Int"},[]],"tag":"App"}]],"tag":"App"},"reduced":null,"simplified":null}},"name":"Foreign.Haskell.Coerce.nat-toInt"},{"item":{"pretty":"{a b c d : Agda.Primitive.Level} →\nCoercible₂ a b c d _×_ Foreign.Haskell.Pair.Pair","thing":{"normalised":{"contents":[{"item":{"contents":[{"Left":"Agda.Primitive.Level"},[]],"tag":"App"},"name":"a"},{"contents":[{"item":{"contents":[{"Left":"Agda.Primitive.Level"},[]],"tag":"App"},"name":"b"},{"contents":[{"item":{"contents":[{"Left":"Agda.Primitive.Level"},[]],"tag":"App"},"name":"c"},{"contents":[{"item":{"contents":[{"Left":"Agda.Primitive.Level"},[]],"tag":"App"},"name":"d"},{"contents":[{"item":{"contents":"Set @3","tag":"Sort"},"name":"A"},{"contents":[{"item":{"contents":"Set @2","tag":"Sort"},"name":"B"},{"contents":[{"item":{"contents":[{"Left":"Foreign.Haskell.Coerce.Coercible"},[{"contents":[{"Right":5},[]],"tag":"App"},{"contents":[{"Right":3},[]],"tag":"App"},{"contents":[{"Right":1},[]],"tag":"App"},{"contents":[{"Right":0},[]],"tag":"App"}]],"tag":"App"},"name":"_"},{"contents":[{"item":{"contents":"Set @4","tag":"Sort"},"name":"A"},{"contents":[{"item":{"contents":"Set @3","tag":"Sort"},"name":"B"},{"contents":[{"item":{"contents":[{"Left":"Foreign.Haskell.Coerce.Coercible"},[{"contents":[{"Right":6},[]],"tag":"App"},{"contents":[{"Right":4},[]],"tag":"App"},{"contents":[{"Right":1},[]],"tag":"App"},{"contents":[{"Right":0},[]],"tag":"App"}]],"tag":"App"},"name":"_"},{"contents":[{"Left":"Foreign.Haskell.Coerce.Coercible"},[{"contents":"lub @7 @6","tag":"Level"},{"contents":"lub @5 @4","tag":"Level"},{"contents":[{"Left":"Agda.Builtin.Sigma.Σ"},[{"contents":[{"Right":7},[]],"tag":"App"},{"contents":[{"Right":6},[]],"tag":"App"},{"contents":[{"Right":3},[]],"tag":"App"},{"contents":{"item":{"contents":[{"Right":2},[]],"tag":"App"},"name":"x"},"tag":"Lam"}]],"tag":"App"},{"contents":[{"Left":"Foreign.Haskell.Pair.Pair"},[{"contents":[{"Right":5},[]],"tag":"App"},{"contents":[{"Right":4},[]],"tag":"App"},{"contents":[{"Right":2},[]],"tag":"App"},{"contents":[{"Right":0},[]],"tag":"App"}]],"tag":"App"}]],"tag":"App"}],"tag":"Pi"}],"tag":"Pi"}],"tag":"Pi"}],"tag":"Pi"}],"tag":"Pi"}],"tag":"Pi"}],"tag":"Pi"}],"tag":"Pi"}],"tag":"Pi"}],"tag":"Pi"},"original":{"contents":[{"item":{"contents":[{"Left":"Agda.Primitive.Level"},[]],"tag":"App"},"name":"a"},{"contents":[{"item":{"contents":[{"Left":"Agda.Primitive.Level"},[]],"tag":"App"},"name":"b"},{"contents":[{"item":{"contents":[{"Left":"Agda.Primitive.Level"},[]],"tag":"App"},"name":"c"},{"contents":[{"item":{"contents":[{"Left":"Agda.Primitive.Level"},[]],"tag":"App"},"name":"d"},{"contents":[{"Left":"Foreign.Haskell.Coerce.Coercible₂"},[{"contents":"lub @3 @2","tag":"Level"},{"contents":"lub @1 @0","tag":"Level"},{"contents":[{"Right":3},[]],"tag":"App"},{"contents":[{"Right":2},[]],"tag":"App"},{"contents":[{"Right":1},[]],"tag":"App"},{"contents":[{"Right":0},[]],"tag":"App"},{"contents":[{"Left":"Data.Product._×_"},[{"contents":[{"Right":3},[]],"tag":"App"},{"contents":[{"Right":2},[]],"tag":"App"}]],"tag":"App"},{"contents":[{"Left":"Foreign.Haskell.Pair.Pair"},[{"contents":[{"Right":1},[]],"tag":"App"},{"contents":[{"Right":0},[]],"tag":"App"}]],"tag":"App"}]],"tag":"App"}],"tag":"Pi"}],"tag":"Pi"}],"tag":"Pi"}],"tag":"Pi"},"reduced":null,"simplified":null}},"name":"Foreign.Haskell.Coerce.pair-toFFI"},{"item":{"pretty":"{a b c d : Agda.Primitive.Level} →\nCoercible₂ a b c d Foreign.Haskell.Pair.Pair _×_","thing":{"normalised":{"contents":[{"item":{"contents":[{"Left":"Agda.Primitive.Level"},[]],"tag":"App"},"name":"a"},{"contents":[{"item":{"contents":[{"Left":"Agda.Primitive.Level"},[]],"tag":"App"},"name":"b"},{"contents":[{"item":{"contents":[{"Left":"Agda.Primitive.Level"},[]],"tag":"App"},"name":"c"},{"contents":[{"item":{"contents":[{"Left":"Agda.Primitive.Level"},[]],"tag":"App"},"name":"d"},{"contents":[{"item":{"contents":"Set @3","tag":"Sort"},"name":"A"},{"contents":[{"item":{"contents":"Set @2","tag":"Sort"},"name":"B"},{"contents":[{"item":{"contents":[{"Left":"Foreign.Haskell.Coerce.Coercible"},[{"contents":[{"Right":5},[]],"tag":"App"},{"contents":[{"Right":3},[]],"tag":"App"},{"contents":[{"Right":1},[]],"tag":"App"},{"contents":[{"Right":0},[]],"tag":"App"}]],"tag":"App"},"name":"_"},{"contents":[{"item":{"contents":"Set @4","tag":"Sort"},"name":"A"},{"contents":[{"item":{"contents":"Set @3","tag":"Sort"},"name":"B"},{"contents":[{"item":{"contents":[{"Left":"Foreign.Haskell.Coerce.Coercible"},[{"contents":[{"Right":6},[]],"tag":"App"},{"contents":[{"Right":4},[]],"tag":"App"},{"contents":[{"Right":1},[]],"tag":"App"},{"contents":[{"Right":0},[]],"tag":"App"}]],"tag":"App"},"name":"_"},{"contents":[{"Left":"Foreign.Haskell.Coerce.Coercible"},[{"contents":"lub @7 @6","tag":"Level"},{"contents":"lub @5 @4","tag":"Level"},{"contents":[{"Left":"Foreign.Haskell.Pair.Pair"},[{"contents":[{"Right":7},[]],"tag":"App"},{"contents":[{"Right":6},[]],"tag":"App"},{"contents":[{"Right":3},[]],"tag":"App"},{"contents":[{"Right":1},[]],"tag":"App"}]],"tag":"App"},{"contents":[{"Left":"Agda.Builtin.Sigma.Σ"},[{"contents":[{"Right":5},[]],"tag":"App"},{"contents":[{"Right":4},[]],"tag":"App"},{"contents":[{"Right":2},[]],"tag":"App"},{"contents":{"item":{"contents":[{"Right":1},[]],"tag":"App"},"name":"x"},"tag":"Lam"}]],"tag":"App"}]],"tag":"App"}],"tag":"Pi"}],"tag":"Pi"}],"tag":"Pi"}],"tag":"Pi"}],"tag":"Pi"}],"tag":"Pi"}],"tag":"Pi"}],"tag":"Pi"}],"tag":"Pi"}],"tag":"Pi"},"original":{"contents":[{"item":{"contents":[{"Left":"Agda.Primitive.Level"},[]],"tag":"App"},"name":"a"},{"contents":[{"item":{"contents":[{"Left":"Agda.Primitive.Level"},[]],"tag":"App"},"name":"b"},{"contents":[{"item":{"contents":[{"Left":"Agda.Primitive.Level"},[]],"tag":"App"},"name":"c"},{"contents":[{"item":{"contents":[{"Left":"Agda.Primitive.Level"},[]],"tag":"App"},"name":"d"},{"contents":[{"Left":"Foreign.Haskell.Coerce.Coercible₂"},[{"contents":"lub @3 @2","tag":"Level"},{"contents":"lub @1 @0","tag":"Level"},{"contents":[{"Right":3},[]],"tag":"App"},{"contents":[{"Right":2},[]],"tag":"App"},{"contents":[{"Right":1},[]],"tag":"App"},{"contents":[{"Right":0},[]],"tag":"App"},{"contents":[{"Left":"Foreign.Haskell.Pair.Pair"},[{"contents":[{"Right":3},[]],"tag":"App"},{"contents":[{"Right":2},[]],"tag":"App"}]],"tag":"App"},{"contents":[{"Left":"Data.Product._×_"},[{"contents":[{"Right":1},[]],"tag":"App"},{"contents":[{"Right":0},[]],"tag":"App"}]],"tag":"App"}]],"tag":"App"}],"tag":"Pi"}],"tag":"Pi"}],"tag":"Pi"}],"tag":"Pi"},"reduced":null,"simplified":null}},"name":"Foreign.Haskell.Coerce.pair-fromFFI"},{"item":{"pretty":"{a b c d : Agda.Primitive.Level} →\nCoercible₂ a b c d Data.Sum.Base._⊎_ Foreign.Haskell.Either.Either","thing":{"normalised":{"contents":[{"item":{"contents":[{"Left":"Agda.Primitive.Level"},[]],"tag":"App"},"name":"a"},{"contents":[{"item":{"contents":[{"Left":"Agda.Primitive.Level"},[]],"tag":"App"},"name":"b"},{"contents":[{"item":{"contents":[{"Left":"Agda.Primitive.Level"},[]],"tag":"App"},"name":"c"},{"contents":[{"item":{"contents":[{"Left":"Agda.Primitive.Level"},[]],"tag":"App"},"name":"d"},{"contents":[{"item":{"contents":"Set @3","tag":"Sort"},"name":"A"},{"contents":[{"item":{"contents":"Set @2","tag":"Sort"},"name":"B"},{"contents":[{"item":{"contents":[{"Left":"Foreign.Haskell.Coerce.Coercible"},[{"contents":[{"Right":5},[]],"tag":"App"},{"contents":[{"Right":3},[]],"tag":"App"},{"contents":[{"Right":1},[]],"tag":"App"},{"contents":[{"Right":0},[]],"tag":"App"}]],"tag":"App"},"name":"_"},{"contents":[{"item":{"contents":"Set @4","tag":"Sort"},"name":"A"},{"contents":[{"item":{"contents":"Set @3","tag":"Sort"},"name":"B"},{"contents":[{"item":{"contents":[{"Left":"Foreign.Haskell.Coerce.Coercible"},[{"contents":[{"Right":6},[]],"tag":"App"},{"contents":[{"Right":4},[]],"tag":"App"},{"contents":[{"Right":1},[]],"tag":"App"},{"contents":[{"Right":0},[]],"tag":"App"}]],"tag":"App"},"name":"_"},{"contents":[{"Left":"Foreign.Haskell.Coerce.Coercible"},[{"contents":"lub @7 @6","tag":"Level"},{"contents":"lub @5 @4","tag":"Level"},{"contents":[{"Left":"Data.Sum.Base._⊎_"},[{"contents":[{"Right":7},[]],"tag":"App"},{"contents":[{"Right":6},[]],"tag":"App"},{"contents":[{"Right":3},[]],"tag":"App"},{"contents":[{"Right":1},[]],"tag":"App"}]],"tag":"App"},{"contents":[{"Left":"Foreign.Haskell.Either.Either"},[{"contents":[{"Right":5},[]],"tag":"App"},{"contents":[{"Right":4},[]],"tag":"App"},{"contents":[{"Right":2},[]],"tag":"App"},{"contents":[{"Right":0},[]],"tag":"App"}]],"tag":"App"}]],"tag":"App"}],"tag":"Pi"}],"tag":"Pi"}],"tag":"Pi"}],"tag":"Pi"}],"tag":"Pi"}],"tag":"Pi"}],"tag":"Pi"}],"tag":"Pi"}],"tag":"Pi"}],"tag":"Pi"},"original":{"contents":[{"item":{"contents":[{"Left":"Agda.Primitive.Level"},[]],"tag":"App"},"name":"a"},{"contents":[{"item":{"contents":[{"Left":"Agda.Primitive.Level"},[]],"tag":"App"},"name":"b"},{"contents":[{"item":{"contents":[{"Left":"Agda.Primitive.Level"},[]],"tag":"App"},"name":"c"},{"contents":[{"item":{"contents":[{"Left":"Agda.Primitive.Level"},[]],"tag":"App"},"name":"d"},{"contents":[{"Left":"Foreign.Haskell.Coerce.Coercible₂"},[{"contents":"lub @3 @2","tag":"Level"},{"contents":"lub @1 @0","tag":"Level"},{"contents":[{"Right":3},[]],"tag":"App"},{"contents":[{"Right":2},[]],"tag":"App"},{"contents":[{"Right":1},[]],"tag":"App"},{"contents":[{"Right":0},[]],"tag":"App"},{"contents":[{"Left":"Data.Sum.Base._⊎_"},[{"contents":[{"Right":3},[]],"tag":"App"},{"contents":[{"Right":2},[]],"tag":"App"}]],"tag":"App"},{"contents":[{"Left":"Foreign.Haskell.Either.Either"},[{"contents":[{"Right":1},[]],"tag":"App"},{"contents":[{"Right":0},[]],"tag":"App"}]],"tag":"App"}]],"tag":"App"}],"tag":"Pi"}],"tag":"Pi"}],"tag":"Pi"}],"tag":"Pi"},"reduced":null,"simplified":null}},"name":"Foreign.Haskell.Coerce.either-toFFI"},{"item":{"pretty":"{a b c d : Agda.Primitive.Level} →\nCoercible₂ a b c d Foreign.Haskell.Either.Either Data.Sum.Base._⊎_","thing":{"normalised":{"contents":[{"item":{"contents":[{"Left":"Agda.Primitive.Level"},[]],"tag":"App"},"name":"a"},{"contents":[{"item":{"contents":[{"Left":"Agda.Primitive.Level"},[]],"tag":"App"},"name":"b"},{"contents":[{"item":{"contents":[{"Left":"Agda.Primitive.Level"},[]],"tag":"App"},"name":"c"},{"contents":[{"item":{"contents":[{"Left":"Agda.Primitive.Level"},[]],"tag":"App"},"name":"d"},{"contents":[{"item":{"contents":"Set @3","tag":"Sort"},"name":"A"},{"contents":[{"item":{"contents":"Set @2","tag":"Sort"},"name":"B"},{"contents":[{"item":{"contents":[{"Left":"Foreign.Haskell.Coerce.Coercible"},[{"contents":[{"Right":5},[]],"tag":"App"},{"contents":[{"Right":3},[]],"tag":"App"},{"contents":[{"Right":1},[]],"tag":"App"},{"contents":[{"Right":0},[]],"tag":"App"}]],"tag":"App"},"name":"_"},{"contents":[{"item":{"contents":"Set @4","tag":"Sort"},"name":"A"},{"contents":[{"item":{"contents":"Set @3","tag":"Sort"},"name":"B"},{"contents":[{"item":{"contents":[{"Left":"Foreign.Haskell.Coerce.Coercible"},[{"contents":[{"Right":6},[]],"tag":"App"},{"contents":[{"Right":4},[]],"tag":"App"},{"contents":[{"Right":1},[]],"tag":"App"},{"contents":[{"Right":0},[]],"tag":"App"}]],"tag":"App"},"name":"_"},{"contents":[{"Left":"Foreign.Haskell.Coerce.Coercible"},[{"contents":"lub @7 @6","tag":"Level"},{"contents":"lub @5 @4","tag":"Level"},{"contents":[{"Left":"Foreign.Haskell.Either.Either"},[{"contents":[{"Right":7},[]],"tag":"App"},{"contents":[{"Right":6},[]],"tag":"App"},{"contents":[{"Right":3},[]],"tag":"App"},{"contents":[{"Right":1},[]],"tag":"App"}]],"tag":"App"},{"contents":[{"Left":"Data.Sum.Base._⊎_"},[{"contents":[{"Right":5},[]],"tag":"App"},{"contents":[{"Right":4},[]],"tag":"App"},{"contents":[{"Right":2},[]],"tag":"App"},{"contents":[{"Right":0},[]],"tag":"App"}]],"tag":"App"}]],"tag":"App"}],"tag":"Pi"}],"tag":"Pi"}],"tag":"Pi"}],"tag":"Pi"}],"tag":"Pi"}],"tag":"Pi"}],"tag":"Pi"}],"tag":"Pi"}],"tag":"Pi"}],"tag":"Pi"},"original":{"contents":[{"item":{"contents":[{"Left":"Agda.Primitive.Level"},[]],"tag":"App"},"name":"a"},{"contents":[{"item":{"contents":[{"Left":"Agda.Primitive.Level"},[]],"tag":"App"},"name":"b"},{"contents":[{"item":{"contents":[{"Left":"Agda.Primitive.Level"},[]],"tag":"App"},"name":"c"},{"contents":[{"item":{"contents":[{"Left":"Agda.Primitive.Level"},[]],"tag":"App"},"name":"d"},{"contents":[{"Left":"Foreign.Haskell.Coerce.Coercible₂"},[{"contents":"lub @3 @2","tag":"Level"},{"contents":"lub @1 @0","tag":"Level"},{"contents":[{"Right":3},[]],"tag":"App"},{"contents":[{"Right":2},[]],"tag":"App"},{"contents":[{"Right":1},[]],"tag":"App"},{"contents":[{"Right":0},[]],"tag":"App"},{"contents":[{"Left":"Foreign.Haskell.Either.Either"},[{"contents":[{"Right":3},[]],"tag":"App"},{"contents":[{"Right":2},[]],"tag":"App"}]],"tag":"App"},{"contents":[{"Left":"Data.Sum.Base._⊎_"},[{"contents":[{"Right":1},[]],"tag":"App"},{"contents":[{"Right":0},[]],"tag":"App"}]],"tag":"App"}]],"tag":"App"}],"tag":"Pi"}],"tag":"Pi"}],"tag":"Pi"}],"tag":"Pi"},"reduced":null,"simplified":null}},"name":"Foreign.Haskell.Coerce.either-fromFFI"},{"item":{"pretty":"{a b : Agda.Primitive.Level} → Coercible₁ a b Maybe Maybe","thing":{"normalised":{"contents":[{"item":{"contents":[{"Left":"Agda.Primitive.Level"},[]],"tag":"App"},"name":"a"},{"contents":[{"item":{"contents":[{"Left":"Agda.Primitive.Level"},[]],"tag":"App"},"name":"b"},{"contents":[{"item":{"contents":"Set @1","tag":"Sort"},"name":"A"},{"contents":[{"item":{"contents":"Set @1","tag":"Sort"},"name":"B"},{"contents":[{"item":{"contents":[{"Left":"Foreign.Haskell.Coerce.Coercible"},[{"contents":[{"Right":3},[]],"tag":"App"},{"contents":[{"Right":2},[]],"tag":"App"},{"contents":[{"Right":1},[]],"tag":"App"},{"contents":[{"Right":0},[]],"tag":"App"}]],"tag":"App"},"name":"_"},{"contents":[{"Left":"Foreign.Haskell.Coerce.Coercible"},[{"contents":[{"Right":3},[]],"tag":"App"},{"contents":[{"Right":2},[]],"tag":"App"},{"contents":[{"Left":"Agda.Builtin.Maybe.Maybe"},[{"contents":[{"Right":3},[]],"tag":"App"},{"contents":[{"Right":1},[]],"tag":"App"}]],"tag":"App"},{"contents":[{"Left":"Agda.Builtin.Maybe.Maybe"},[{"contents":[{"Right":2},[]],"tag":"App"},{"contents":[{"Right":0},[]],"tag":"App"}]],"tag":"App"}]],"tag":"App"}],"tag":"Pi"}],"tag":"Pi"}],"tag":"Pi"}],"tag":"Pi"}],"tag":"Pi"},"original":{"contents":[{"item":{"contents":[{"Left":"Agda.Primitive.Level"},[]],"tag":"App"},"name":"a"},{"contents":[{"item":{"contents":[{"Left":"Agda.Primitive.Level"},[]],"tag":"App"},"name":"b"},{"contents":[{"Left":"Foreign.Haskell.Coerce.Coercible₁"},[{"contents":[{"Right":1},[]],"tag":"App"},{"contents":[{"Right":0},[]],"tag":"App"},{"contents":[{"Right":1},[]],"tag":"App"},{"contents":[{"Right":0},[]],"tag":"App"},{"contents":[{"Left":"Agda.Builtin.Maybe.Maybe"},[{"contents":[{"Right":1},[]],"tag":"App"}]],"tag":"App"},{"contents":[{"Left":"Agda.Builtin.Maybe.Maybe"},[{"contents":[{"Right":0},[]],"tag":"App"}]],"tag":"App"}]],"tag":"App"}],"tag":"Pi"}],"tag":"Pi"},"reduced":null,"simplified":null}},"name":"Foreign.Haskell.Coerce.coerce-maybe"},{"item":{"pretty":"{a b : Agda.Primitive.Level} → Coercible₁ a b List List","thing":{"normalised":{"contents":[{"item":{"contents":[{"Left":"Agda.Primitive.Level"},[]],"tag":"App"},"name":"a"},{"contents":[{"item":{"contents":[{"Left":"Agda.Primitive.Level"},[]],"tag":"App"},"name":"b"},{"contents":[{"item":{"contents":"Set @1","tag":"Sort"},"name":"A"},{"contents":[{"item":{"contents":"Set @1","tag":"Sort"},"name":"B"},{"contents":[{"item":{"contents":[{"Left":"Foreign.Haskell.Coerce.Coercible"},[{"contents":[{"Right":3},[]],"tag":"App"},{"contents":[{"Right":2},[]],"tag":"App"},{"contents":[{"Right":1},[]],"tag":"App"},{"contents":[{"Right":0},[]],"tag":"App"}]],"tag":"App"},"name":"_"},{"contents":[{"Left":"Foreign.Haskell.Coerce.Coercible"},[{"contents":[{"Right":3},[]],"tag":"App"},{"contents":[{"Right":2},[]],"tag":"App"},{"contents":[{"Left":"Agda.Builtin.List.List"},[{"contents":[{"Right":3},[]],"tag":"App"},{"contents":[{"Right":1},[]],"tag":"App"}]],"tag":"App"},{"contents":[{"Left":"Agda.Builtin.List.List"},[{"contents":[{"Right":2},[]],"tag":"App"},{"contents":[{"Right":0},[]],"tag":"App"}]],"tag":"App"}]],"tag":"App"}],"tag":"Pi"}],"tag":"Pi"}],"tag":"Pi"}],"tag":"Pi"}],"tag":"Pi"},"original":{"contents":[{"item":{"contents":[{"Left":"Agda.Primitive.Level"},[]],"tag":"App"},"name":"a"},{"contents":[{"item":{"contents":[{"Left":"Agda.Primitive.Level"},[]],"tag":"App"},"name":"b"},{"contents":[{"Left":"Foreign.Haskell.Coerce.Coercible₁"},[{"contents":[{"Right":1},[]],"tag":"App"},{"contents":[{"Right":0},[]],"tag":"App"},{"contents":[{"Right":1},[]],"tag":"App"},{"contents":[{"Right":0},[]],"tag":"App"},{"contents":[{"Left":"Agda.Builtin.List.List"},[{"contents":[{"Right":1},[]],"tag":"App"}]],"tag":"App"},{"contents":[{"Left":"Agda.Builtin.List.List"},[{"contents":[{"Right":0},[]],"tag":"App"}]],"tag":"App"}]],"tag":"App"}],"tag":"Pi"}],"tag":"Pi"},"reduced":null,"simplified":null}},"name":"Foreign.Haskell.Coerce.coerce-list"},{"item":{"pretty":"{a b : Agda.Primitive.Level} →\nCoercible₁ a b Agda.Builtin.IO.IO Agda.Builtin.IO.IO","thing":{"normalised":{"contents":[{"item":{"contents":[{"Left":"Agda.Primitive.Level"},[]],"tag":"App"},"name":"a"},{"contents":[{"item":{"contents":[{"Left":"Agda.Primitive.Level"},[]],"tag":"App"},"name":"b"},{"contents":[{"item":{"contents":"Set @1","tag":"Sort"},"name":"A"},{"contents":[{"item":{"contents":"Set @1","tag":"Sort"},"name":"B"},{"contents":[{"item":{"contents":[{"Left":"Foreign.Haskell.Coerce.Coercible"},[{"contents":[{"Right":3},[]],"tag":"App"},{"contents":[{"Right":2},[]],"tag":"App"},{"contents":[{"Right":1},[]],"tag":"App"},{"contents":[{"Right":0},[]],"tag":"App"}]],"tag":"App"},"name":"_"},{"contents":[{"Left":"Foreign.Haskell.Coerce.Coercible"},[{"contents":[{"Right":3},[]],"tag":"App"},{"contents":[{"Right":2},[]],"tag":"App"},{"contents":[{"Left":"Agda.Builtin.IO.IO"},[{"contents":[{"Right":3},[]],"tag":"App"},{"contents":[{"Right":1},[]],"tag":"App"}]],"tag":"App"},{"contents":[{"Left":"Agda.Builtin.IO.IO"},[{"contents":[{"Right":2},[]],"tag":"App"},{"contents":[{"Right":0},[]],"tag":"App"}]],"tag":"App"}]],"tag":"App"}],"tag":"Pi"}],"tag":"Pi"}],"tag":"Pi"}],"tag":"Pi"}],"tag":"Pi"},"original":{"contents":[{"item":{"contents":[{"Left":"Agda.Primitive.Level"},[]],"tag":"App"},"name":"a"},{"contents":[{"item":{"contents":[{"Left":"Agda.Primitive.Level"},[]],"tag":"App"},"name":"b"},{"contents":[{"Left":"Foreign.Haskell.Coerce.Coercible₁"},[{"contents":[{"Right":1},[]],"tag":"App"},{"contents":[{"Right":0},[]],"tag":"App"},{"contents":[{"Right":1},[]],"tag":"App"},{"contents":[{"Right":0},[]],"tag":"App"},{"contents":[{"Left":"Agda.Builtin.IO.IO"},[{"contents":[{"Right":1},[]],"tag":"App"}]],"tag":"App"},{"contents":[{"Left":"Agda.Builtin.IO.IO"},[{"contents":[{"Right":0},[]],"tag":"App"}]],"tag":"App"}]],"tag":"App"}],"tag":"Pi"}],"tag":"Pi"},"reduced":null,"simplified":null}},"name":"Foreign.Haskell.Coerce.coerce-IO"},{"item":{"pretty":"{A.a : Agda.Primitive.Level} {A : Set A.a} → IO A → IO ⊤","thing":{"normalised":{"contents":[{"item":{"contents":[{"Left":"Agda.Primitive.Level"},[]],"tag":"App"},"name":"A.a"},{"contents":[{"item":{"contents":"Set @0","tag":"Sort"},"name":"A"},{"contents":[{"item":{"contents":[{"Left":"IO.Base.IO"},[{"contents":[{"Right":1},[]],"tag":"App"},{"contents":[{"Right":0},[]],"tag":"App"}]],"tag":"App"},"name":"_"},{"contents":[{"Left":"IO.Base.IO"},[{"contents":[{"Right":1},[]],"tag":"App"},{"contents":[{"Left":"Level.Lift"},[{"contents":"lzero","tag":"Level"},{"contents":[{"Right":1},[]],"tag":"App"},{"contents":[{"Left":"Agda.Builtin.Unit.⊤"},[]],"tag":"App"}]],"tag":"App"}]],"tag":"App"}],"tag":"Pi"}],"tag":"Pi"}],"tag":"Pi"},"original":{"contents":[{"item":{"contents":[{"Left":"Agda.Primitive.Level"},[]],"tag":"App"},"name":"A.a"},{"contents":[{"item":{"contents":"Set @0","tag":"Sort"},"name":"A"},{"contents":[{"item":{"contents":[{"Left":"IO.Base.IO"},[{"contents":[{"Right":1},[]],"tag":"App"},{"contents":[{"Right":0},[]],"tag":"App"}]],"tag":"App"},"name":"_"},{"contents":[{"Left":"IO.Base.IO"},[{"contents":[{"Right":1},[]],"tag":"App"},{"contents":[{"Left":"Data.Unit.Polymorphic.Base.⊤"},[{"contents":[{"Right":1},[]],"tag":"App"}]],"tag":"App"}]],"tag":"App"}],"tag":"Pi"}],"tag":"Pi"}],"tag":"Pi"},"reduced":null,"simplified":null}},"name":"IO.Base.ignore"},{"item":{"pretty":"{A.a : Agda.Primitive.Level} {A : Set A.a}\n{B.b : Agda.Primitive.Level} {B : Set B.b}\n{c d : Agda.Primitive.Level} ⦃ _ : Coercible A B ⦄ →\nCoercible₁ c d (λ C → B → C) (λ D → A → D)","thing":{"normalised":{"contents":[{"item":{"contents":[{"Left":"Agda.Primitive.Level"},[]],"tag":"App"},"name":"A.a"},{"contents":[{"item":{"contents":"Set @0","tag":"Sort"},"name":"A"},{"contents":[{"item":{"contents":[{"Left":"Agda.Primitive.Level"},[]],"tag":"App"},"name":"B.b"},{"contents":[{"item":{"contents":"Set @0","tag":"Sort"},"name":"B"},{"contents":[{"item":{"contents":[{"Left":"Agda.Primitive.Level"},[]],"tag":"App"},"name":"c"},{"contents":[{"item":{"contents":[{"Left":"Agda.Primitive.Level"},[]],"tag":"App"},"name":"d"},{"contents":[{"item":{"contents":[{"Left":"Foreign.Haskell.Coerce.Coercible"},[{"contents":[{"Right":5},[]],"tag":"App"},{"contents":[{"Right":3},[]],"tag":"App"},{"contents":[{"Right":4},[]],"tag":"App"},{"contents":[{"Right":2},[]],"tag":"App"}]],"tag":"App"},"name":"_"},{"contents":[{"item":{"contents":"Set @1","tag":"Sort"},"name":"A"},{"contents":[{"item":{"contents":"Set @1","tag":"Sort"},"name":"B"},{"contents":[{"item":{"contents":[{"Left":"Foreign.Haskell.Coerce.Coercible"},[{"contents":[{"Right":3},[]],"tag":"App"},{"contents":[{"Right":2},[]],"tag":"App"},{"contents":[{"Right":1},[]],"tag":"App"},{"contents":[{"Right":0},[]],"tag":"App"}]],"tag":"App"},"name":"_"},{"contents":[{"Left":"Foreign.Haskell.Coerce.Coercible"},[{"contents":"lub @5 @3","tag":"Level"},{"contents":"lub @7 @2","tag":"Level"},{"contents":[{"item":{"contents":[{"Right":4},[]],"tag":"App"},"name":"_"},{"contents":[{"Right":1},[]],"tag":"App"}],"tag":"Pi"},{"contents":[{"item":{"contents":[{"Right":6},[]],"tag":"App"},"name":"_"},{"contents":[{"Right":0},[]],"tag":"App"}],"tag":"Pi"}]],"tag":"App"}],"tag":"Pi"}],"tag":"Pi"}],"tag":"Pi"}],"tag":"Pi"}],"tag":"Pi"}],"tag":"Pi"}],"tag":"Pi"}],"tag":"Pi"}],"tag":"Pi"}],"tag":"Pi"},"original":{"contents":[{"item":{"contents":[{"Left":"Agda.Primitive.Level"},[]],"tag":"App"},"name":"A.a"},{"contents":[{"item":{"contents":"Set @0","tag":"Sort"},"name":"A"},{"contents":[{"item":{"contents":[{"Left":"Agda.Primitive.Level"},[]],"tag":"App"},"name":"B.b"},{"contents":[{"item":{"contents":"Set @0","tag":"Sort"},"name":"B"},{"contents":[{"item":{"contents":[{"Left":"Agda.Primitive.Level"},[]],"tag":"App"},"name":"c"},{"contents":[{"item":{"contents":[{"Left":"Agda.Primitive.Level"},[]],"tag":"App"},"name":"d"},{"contents":[{"item":{"contents":[{"Left":"Foreign.Haskell.Coerce.Coercible"},[{"contents":[{"Right":5},[]],"tag":"App"},{"contents":[{"Right":3},[]],"tag":"App"},{"contents":[{"Right":4},[]],"tag":"App"},{"contents":[{"Right":2},[]],"tag":"App"}]],"tag":"App"},"name":"_"},{"contents":[{"Left":"Foreign.Haskell.Coerce.Coercible₁"},[{"contents":"lub @3 @1","tag":"Level"},{"contents":"lub @5 @0","tag":"Level"},{"contents":[{"Right":1},[]],"tag":"App"},{"contents":[{"Right":0},[]],"tag":"App"},{"contents":{"item":{"contents":[{"item":{"contents":[{"Right":3},[]],"tag":"App"},"name":"_"},{"contents":[{"Right":0},[]],"tag":"App"}],"tag":"Pi"},"name":"C"},"tag":"Lam"},{"contents":{"item":{"contents":[{"item":{"contents":[{"Right":5},[]],"tag":"App"},"name":"_"},{"contents":[{"Right":0},[]],"tag":"App"}],"tag":"Pi"},"name":"D"},"tag":"Lam"}]],"tag":"App"}],"tag":"Pi"}],"tag":"Pi"}],"tag":"Pi"}],"tag":"Pi"}],"tag":"Pi"}],"tag":"Pi"}],"tag":"Pi"},"reduced":null,"simplified":null}},"name":"Foreign.Haskell.Coerce.coerce-fun"},{"item":{"pretty":"{A.a : Agda.Primitive.Level} {A : Set A.a} → Coercible A A","thing":{"normalised":null,"original":{"contents":[{"item":{"contents":[{"Left":"Agda.Primitive.Level"},[]],"tag":"App"},"name":"A.a"},{"contents":[{"item":{"contents":"Set @0","tag":"Sort"},"name":"A"},{"contents":[{"Left":"Foreign.Haskell.Coerce.Coercible"},[{"contents":[{"Right":1},[]],"tag":"App"},{"contents":[{"Right":1},[]],"tag":"App"},{"contents":[{"Right":0},[]],"tag":"App"},{"contents":[{"Right":0},[]],"tag":"App"}]],"tag":"App"}],"tag":"Pi"}],"tag":"Pi"},"reduced":null,"simplified":null}},"name":"Foreign.Haskell.Coerce.coerce-refl"}],"name":"System.Environment"},"samples":[{"ctx":{"pretty":"(var : String)","thing":[{"item":{"contents":[{"Left":"Agda.Builtin.String.String"},[]],"tag":"App"},"name":"var"}]},"goal":{"pretty":"Set","thing":{"normalised":{"contents":"Set","tag":"Sort"},"original":{"contents":"Set lzero","tag":"Sort"},"reduced":null,"simplified":{"contents":"Set","tag":"Sort"}}},"term":{"pretty":"Maybe String","thing":{"normalised":null,"original":{"contents":[{"Left":"Agda.Builtin.Maybe.Maybe"},[{"contents":"lzero","tag":"Level"},{"contents":[{"Left":"Agda.Builtin.String.String"},[]],"tag":"App"}]],"tag":"App"},"reduced":null,"simplified":null}},"namesUsed":["Agda.Builtin.Maybe.Maybe","Agda.Builtin.String.String"]},{"ctx":{"pretty":"(var : String)","thing":[{"item":{"contents":[{"Left":"Agda.Builtin.String.String"},[]],"tag":"App"},"name":"var"}]},"goal":{"pretty":"Set","thing":{"normalised":{"contents":"Set","tag":"Sort"},"original":{"contents":"Set lzero","tag":"Sort"},"reduced":null,"simplified":{"contents":"Set","tag":"Sort"}}},"term":{"pretty":"String","thing":{"normalised":null,"original":{"contents":[{"Left":"Agda.Builtin.String.String"},[]],"tag":"App"},"reduced":null,"simplified":null}},"namesUsed":["Agda.Builtin.String.String"]},{"ctx":{"pretty":"(var : String)","thing":[{"item":{"contents":[{"Left":"Agda.Builtin.String.String"},[]],"tag":"App"},"name":"var"}]},"goal":{"pretty":"Set","thing":{"normalised":{"contents":"Set","tag":"Sort"},"original":{"contents":"Set lzero","tag":"Sort"},"reduced":null,"simplified":{"contents":"Set","tag":"Sort"}}},"term":{"pretty":"Maybe String","thing":{"normalised":null,"original":{"contents":[{"Left":"Agda.Builtin.Maybe.Maybe"},[{"contents":"lzero","tag":"Level"},{"contents":[{"Left":"Agda.Builtin.String.String"},[]],"tag":"App"}]],"tag":"App"},"reduced":null,"simplified":null}},"namesUsed":["Agda.Builtin.Maybe.Maybe","Agda.Builtin.String.String"]},{"ctx":{"pretty":"(var : String)","thing":[{"item":{"contents":[{"Left":"Agda.Builtin.String.String"},[]],"tag":"App"},"name":"var"}]},"goal":{"pretty":"Set","thing":{"normalised":{"contents":"Set","tag":"Sort"},"original":{"contents":"Set lzero","tag":"Sort"},"reduced":null,"simplified":{"contents":"Set","tag":"Sort"}}},"term":{"pretty":"String","thing":{"normalised":null,"original":{"contents":[{"Left":"Agda.Builtin.String.String"},[]],"tag":"App"},"reduced":null,"simplified":null}},"namesUsed":["Agda.Builtin.String.String"]},{"ctx":{"pretty":"(var : String)","thing":[{"item":{"contents":[{"Left":"Agda.Builtin.String.String"},[]],"tag":"App"},"name":"var"}]},"goal":{"pretty":"Coercible (Agda.Builtin.IO.IO (Maybe String))\n(Agda.Builtin.IO.IO (Maybe String))","thing":{"normalised":null,"original":{"contents":[{"Left":"Foreign.Haskell.Coerce.Coercible"},[{"contents":"lzero","tag":"Level"},{"contents":"lzero","tag":"Level"},{"contents":[{"Left":"Agda.Builtin.IO.IO"},[{"contents":"lzero","tag":"Level"},{"contents":[{"Left":"Agda.Builtin.Maybe.Maybe"},[{"contents":"lzero","tag":"Level"},{"contents":[{"Left":"Agda.Builtin.String.String"},[]],"tag":"App"}]],"tag":"App"}]],"tag":"App"},{"contents":[{"Left":"Agda.Builtin.IO.IO"},[{"contents":"lzero","tag":"Level"},{"contents":[{"Left":"Agda.Builtin.Maybe.Maybe"},[{"contents":"lzero","tag":"Level"},{"contents":[{"Left":"Agda.Builtin.String.String"},[]],"tag":"App"}]],"tag":"App"}]],"tag":"App"}]],"tag":"App"},"reduced":null,"simplified":null}},"term":{"pretty":"TrustMe","thing":{"normalised":null,"original":{"contents":[{"Left":"Foreign.Haskell.Coerce.Coercible.TrustMe"},[]],"tag":"App"},"reduced":null,"simplified":null}},"namesUsed":["Foreign.Haskell.Coerce.Coercible.TrustMe"]},{"ctx":{"pretty":"{a : Agda.Primitive.Level} {A : Set a} (args : List String)\n(io : IO A)","thing":[{"item":{"contents":[{"Left":"Agda.Primitive.Level"},[]],"tag":"App"},"name":"a"},{"item":{"contents":"Set @0","tag":"Sort"},"name":"A"},{"item":{"contents":[{"Left":"Agda.Builtin.List.List"},[{"contents":"lzero","tag":"Level"},{"contents":[{"Left":"Agda.Builtin.String.String"},[]],"tag":"App"}]],"tag":"App"},"name":"args"},{"item":{"contents":[{"Left":"IO.Base.IO"},[{"contents":[{"Right":2},[]],"tag":"App"},{"contents":[{"Right":1},[]],"tag":"App"}]],"tag":"App"},"name":"io"}]},"goal":{"pretty":"Agda.Builtin.IO.IO A","thing":{"normalised":null,"original":{"contents":[{"Left":"Agda.Builtin.IO.IO"},[{"contents":[{"Right":3},[]],"tag":"App"},{"contents":[{"Right":2},[]],"tag":"App"}]],"tag":"App"},"reduced":null,"simplified":null}},"term":{"pretty":"run io","thing":{"normalised":null,"original":{"contents":[{"Left":"IO.Base.run"},[{"contents":[{"Right":3},[]],"tag":"App"},{"contents":[{"Right":2},[]],"tag":"App"},{"contents":[{"Right":0},[]],"tag":"App"}]],"tag":"App"},"reduced":null,"simplified":null}},"namesUsed":["IO.Base.run"]},{"ctx":{"pretty":"{a : Agda.Primitive.Level} {A : Set a} (name : String) (io : IO A)","thing":[{"item":{"contents":[{"Left":"Agda.Primitive.Level"},[]],"tag":"App"},"name":"a"},{"item":{"contents":"Set @0","tag":"Sort"},"name":"A"},{"item":{"contents":[{"Left":"Agda.Builtin.String.String"},[]],"tag":"App"},"name":"name"},{"item":{"contents":[{"Left":"IO.Base.IO"},[{"contents":[{"Right":2},[]],"tag":"App"},{"contents":[{"Right":1},[]],"tag":"App"}]],"tag":"App"},"name":"io"}]},"goal":{"pretty":"Agda.Builtin.IO.IO A","thing":{"normalised":null,"original":{"contents":[{"Left":"Agda.Builtin.IO.IO"},[{"contents":[{"Right":3},[]],"tag":"App"},{"contents":[{"Right":2},[]],"tag":"App"}]],"tag":"App"},"reduced":null,"simplified":null}},"term":{"pretty":"run io","thing":{"normalised":null,"original":{"contents":[{"Left":"IO.Base.run"},[{"contents":[{"Right":3},[]],"tag":"App"},{"contents":[{"Right":2},[]],"tag":"App"},{"contents":[{"Right":0},[]],"tag":"App"}]],"tag":"App"},"reduced":null,"simplified":null}},"namesUsed":["IO.Base.run"]},{"ctx":{"pretty":"","thing":[]},"goal":{"pretty":"Set","thing":{"normalised":{"contents":"Set","tag":"Sort"},"original":{"contents":"Set lzero","tag":"Sort"},"reduced":null,"simplified":{"contents":"Set","tag":"Sort"}}},"term":{"pretty":"String","thing":{"normalised":null,"original":{"contents":[{"Left":"Agda.Builtin.String.String"},[]],"tag":"App"},"reduced":null,"simplified":null}},"namesUsed":["Agda.Builtin.String.String"]},{"ctx":{"pretty":"","thing":[]},"goal":{"pretty":"Set","thing":{"normalised":{"contents":"Set","tag":"Sort"},"original":{"contents":"Set lzero","tag":"Sort"},"reduced":null,"simplified":{"contents":"Set","tag":"Sort"}}},"term":{"pretty":"String","thing":{"normalised":null,"original":{"contents":[{"Left":"Agda.Builtin.String.String"},[]],"tag":"App"},"reduced":null,"simplified":null}},"namesUsed":["Agda.Builtin.String.String"]},{"ctx":{"pretty":"","thing":[]},"goal":{"pretty":"Set","thing":{"normalised":{"contents":"Set","tag":"Sort"},"original":{"contents":"Set lzero","tag":"Sort"},"reduced":null,"simplified":{"contents":"Set","tag":"Sort"}}},"term":{"pretty":"List (String × String)","thing":{"normalised":{"contents":[{"Left":"Agda.Builtin.List.List"},[{"contents":"lzero","tag":"Level"},{"contents":[{"Left":"Agda.Builtin.Sigma.Σ"},[{"contents":"lzero","tag":"Level"},{"contents":"lzero","tag":"Level"},{"contents":[{"Left":"Agda.Builtin.String.String"},[]],"tag":"App"},{"contents":{"item":{"contents":[{"Left":"Agda.Builtin.String.String"},[]],"tag":"App"},"name":"x"},"tag":"Lam"}]],"tag":"App"}]],"tag":"App"},"original":{"contents":[{"Left":"Agda.Builtin.List.List"},[{"contents":"lzero","tag":"Level"},{"contents":[{"Left":"Data.Product._×_"},[{"contents":"lzero","tag":"Level"},{"contents":"lzero","tag":"Level"},{"contents":[{"Left":"Agda.Builtin.String.String"},[]],"tag":"App"},{"contents":[{"Left":"Agda.Builtin.String.String"},[]],"tag":"App"}]],"tag":"App"}]],"tag":"App"},"reduced":null,"simplified":null}},"namesUsed":["Agda.Builtin.List.List","Data.Product._×_","Agda.Builtin.String.String","Agda.Builtin.String.String"]},{"ctx":{"pretty":"","thing":[]},"goal":{"pretty":"Set","thing":{"normalised":{"contents":"Set","tag":"Sort"},"original":{"contents":"Set lzero","tag":"Sort"},"reduced":null,"simplified":{"contents":"Set","tag":"Sort"}}},"term":{"pretty":"String × String","thing":{"normalised":{"contents":[{"Left":"Agda.Builtin.Sigma.Σ"},[{"contents":"lzero","tag":"Level"},{"contents":"lzero","tag":"Level"},{"contents":[{"Left":"Agda.Builtin.String.String"},[]],"tag":"App"},{"contents":{"item":{"contents":[{"Left":"Agda.Builtin.String.String"},[]],"tag":"App"},"name":"x"},"tag":"Lam"}]],"tag":"App"},"original":{"contents":[{"Left":"Data.Product._×_"},[{"contents":"lzero","tag":"Level"},{"contents":"lzero","tag":"Level"},{"contents":[{"Left":"Agda.Builtin.String.String"},[]],"tag":"App"},{"contents":[{"Left":"Agda.Builtin.String.String"},[]],"tag":"App"}]],"tag":"App"},"reduced":{"contents":[{"Left":"Agda.Builtin.Sigma.Σ"},[{"contents":"lzero","tag":"Level"},{"contents":"lzero","tag":"Level"},{"contents":[{"Left":"Agda.Builtin.String.String"},[]],"tag":"App"},{"contents":{"item":{"contents":[{"Left":"Agda.Builtin.String.String"},[]],"tag":"App"},"name":"x"},"tag":"Lam"}]],"tag":"App"},"simplified":null}},"namesUsed":["Data.Product._×_","Agda.Builtin.String.String","Agda.Builtin.String.String"]},{"ctx":{"pretty":"","thing":[]},"goal":{"pretty":"Set","thing":{"normalised":{"contents":"Set","tag":"Sort"},"original":{"contents":"Set lzero","tag":"Sort"},"reduced":null,"simplified":{"contents":"Set","tag":"Sort"}}},"term":{"pretty":"String","thing":{"normalised":null,"original":{"contents":[{"Left":"Agda.Builtin.String.String"},[]],"tag":"App"},"reduced":null,"simplified":null}},"namesUsed":["Agda.Builtin.String.String"]},{"ctx":{"pretty":"","thing":[]},"goal":{"pretty":"Set","thing":{"normalised":{"contents":"Set","tag":"Sort"},"original":{"contents":"Set lzero","tag":"Sort"},"reduced":null,"simplified":{"contents":"Set","tag":"Sort"}}},"term":{"pretty":"String","thing":{"normalised":null,"original":{"contents":[{"Left":"Agda.Builtin.String.String"},[]],"tag":"App"},"reduced":null,"simplified":null}},"namesUsed":["Agda.Builtin.String.String"]},{"ctx":{"pretty":"","thing":[]},"goal":{"pretty":"Coercible\n(Agda.Builtin.IO.IO\n (List (Foreign.Haskell.Pair.Pair String String)))\n(Agda.Builtin.IO.IO (List (String × String)))","thing":{"normalised":{"contents":[{"Left":"Foreign.Haskell.Coerce.Coercible"},[{"contents":"lzero","tag":"Level"},{"contents":"lzero","tag":"Level"},{"contents":[{"Left":"Agda.Builtin.IO.IO"},[{"contents":"lzero","tag":"Level"},{"contents":[{"Left":"Agda.Builtin.List.List"},[{"contents":"lzero","tag":"Level"},{"contents":[{"Left":"Foreign.Haskell.Pair.Pair"},[{"contents":"lzero","tag":"Level"},{"contents":"lzero","tag":"Level"},{"contents":[{"Left":"Agda.Builtin.String.String"},[]],"tag":"App"},{"contents":[{"Left":"Agda.Builtin.String.String"},[]],"tag":"App"}]],"tag":"App"}]],"tag":"App"}]],"tag":"App"},{"contents":[{"Left":"Agda.Builtin.IO.IO"},[{"contents":"lzero","tag":"Level"},{"contents":[{"Left":"Agda.Builtin.List.List"},[{"contents":"lzero","tag":"Level"},{"contents":[{"Left":"Agda.Builtin.Sigma.Σ"},[{"contents":"lzero","tag":"Level"},{"contents":"lzero","tag":"Level"},{"contents":[{"Left":"Agda.Builtin.String.String"},[]],"tag":"App"},{"contents":{"item":{"contents":[{"Left":"Agda.Builtin.String.String"},[]],"tag":"App"},"name":"x"},"tag":"Lam"}]],"tag":"App"}]],"tag":"App"}]],"tag":"App"}]],"tag":"App"},"original":{"contents":[{"Left":"Foreign.Haskell.Coerce.Coercible"},[{"contents":"lzero","tag":"Level"},{"contents":"lzero","tag":"Level"},{"contents":[{"Left":"Agda.Builtin.IO.IO"},[{"contents":"lzero","tag":"Level"},{"contents":[{"Left":"Agda.Builtin.List.List"},[{"contents":"lzero","tag":"Level"},{"contents":[{"Left":"Foreign.Haskell.Pair.Pair"},[{"contents":"lzero","tag":"Level"},{"contents":"lzero","tag":"Level"},{"contents":[{"Left":"Agda.Builtin.String.String"},[]],"tag":"App"},{"contents":[{"Left":"Agda.Builtin.String.String"},[]],"tag":"App"}]],"tag":"App"}]],"tag":"App"}]],"tag":"App"},{"contents":[{"Left":"Agda.Builtin.IO.IO"},[{"contents":"lzero","tag":"Level"},{"contents":[{"Left":"Agda.Builtin.List.List"},[{"contents":"lzero","tag":"Level"},{"contents":[{"Left":"Data.Product._×_"},[{"contents":"lzero","tag":"Level"},{"contents":"lzero","tag":"Level"},{"contents":[{"Left":"Agda.Builtin.String.String"},[]],"tag":"App"},{"contents":[{"Left":"Agda.Builtin.String.String"},[]],"tag":"App"}]],"tag":"App"}]],"tag":"App"}]],"tag":"App"}]],"tag":"App"},"reduced":null,"simplified":null}},"term":{"pretty":"TrustMe","thing":{"normalised":null,"original":{"contents":[{"Left":"Foreign.Haskell.Coerce.Coercible.TrustMe"},[]],"tag":"App"},"reduced":null,"simplified":null}},"namesUsed":["Foreign.Haskell.Coerce.Coercible.TrustMe"]}]}