{
  "name": "Agda.Builtin.Equality",
  "scope-global": [],
  "scope-local": [
    {
      "name": "Agda.Builtin.Equality._≡_<12>",
      "type": {
        "pretty": "{a : Agda.Primitive.Level} {A : Set a} → A → A → Set a",
        "tag": "Pi",
        "name": "a",
        "domain": {
          "tag": "ScopeReference",
          "name": "Agda.Primitive.Level<14>"
        },
        "codomain": {
          "tag": "Pi",
          "name": "A",
          "domain": {
            "tag": "Sort",
            "sort": "Set @0"
          },
          "codomain": {
            "tag": "Pi",
            "name": "x",
            "domain": {
              "tag": "DeBruijn",
              "index": 0
            },
            "codomain": {
              "tag": "Pi",
              "name": "_",
              "domain": {
                "tag": "DeBruijn",
                "index": 0
              },
              "codomain": {
                "tag": "Sort",
                "sort": "Set @1"
              }
            }
          }
        }
      },
      "definition": {
        "pretty": "(refl : {a : Agda.Primitive.Level} {A : Set a} {x : A} → x ≡ x)",
        "tag": "ADT",
        "variants": [
          {
            "tag": "Pi",
            "name": "a",
            "domain": {
              "tag": "ScopeReference",
              "name": "Agda.Primitive.Level<14>"
            },
            "codomain": {
              "tag": "Pi",
              "name": "A",
              "domain": {
                "tag": "Sort",
                "sort": "Set @0"
              },
              "codomain": {
                "tag": "Pi",
                "name": "x",
                "domain": {
                  "tag": "DeBruijn",
                  "index": 0
                },
                "codomain": {
                  "tag": "Application",
                  "head": {
                    "tag": "ScopeReference",
                    "name": "Agda.Builtin.Equality._≡_<12>"
                  },
                  "arguments": [
                    {
                      "tag": "DeBruijn",
                      "index": 2
                    },
                    {
                      "tag": "DeBruijn",
                      "index": 1
                    },
                    {
                      "tag": "DeBruijn",
                      "index": 0
                    },
                    {
                      "tag": "DeBruijn",
                      "index": 0
                    }
                  ]
                }
              }
            }
          }
        ]
      },
      "holes": []
    },
    {
      "name": "Agda.Builtin.Equality._≡_.refl<20>",
      "type": {
        "pretty": "{a : Agda.Primitive.Level} {A : Set a} {x : A} → x ≡ x",
        "tag": "Pi",
        "name": "a",
        "domain": {
          "tag": "ScopeReference",
          "name": "Agda.Primitive.Level<14>"
        },
        "codomain": {
          "tag": "Pi",
          "name": "A",
          "domain": {
            "tag": "Sort",
            "sort": "Set @0"
          },
          "codomain": {
            "tag": "Pi",
            "name": "x",
            "domain": {
              "tag": "DeBruijn",
              "index": 0
            },
            "codomain": {
              "tag": "Application",
              "head": {
                "tag": "ScopeReference",
                "name": "Agda.Builtin.Equality._≡_<12>"
              },
              "arguments": [
                {
                  "tag": "DeBruijn",
                  "index": 2
                },
                {
                  "tag": "DeBruijn",
                  "index": 1
                },
                {
                  "tag": "DeBruijn",
                  "index": 0
                },
                {
                  "tag": "DeBruijn",
                  "index": 0
                }
              ]
            }
          }
        }
      },
      "definition": {
        "pretty": "_≡_@0",
        "tag": "Constructor",
        "reference": "Agda.Builtin.Equality._≡_",
        "variant": 0
      },
      "holes": []
    }
  ],
  "scope-private": []
}