{
  "name": "Agda.Primitive",
  "scope-global": [],
  "scope-local": [
    {
      "name": "Agda.Primitive.Set<4>",
      "type": {
        "pretty": "Set₁",
        "tag": "Sort",
        "sort": "Set1"
      },
      "definition": {
        "pretty": "<PrimitiveSort>",
        "tag": "Primitive"
      },
      "holes": []
    },
    {
      "name": "Agda.Primitive.Prop<6>",
      "type": {
        "pretty": "Set₁",
        "tag": "Sort",
        "sort": "Set1"
      },
      "definition": {
        "pretty": "<PrimitiveSort>",
        "tag": "Primitive"
      },
      "holes": []
    },
    {
      "name": "Agda.Primitive.Setω<8>",
      "type": {
        "pretty": "Setω₁",
        "tag": "Sort",
        "sort": "Setω1"
      },
      "definition": {
        "pretty": "<PrimitiveSort>",
        "tag": "Primitive"
      },
      "holes": []
    },
    {
      "name": "Agda.Primitive.SSet<10>",
      "type": {
        "pretty": "SSet (lsuc lzero)",
        "tag": "Sort",
        "sort": "SSet (lsuc lzero)"
      },
      "definition": {
        "pretty": "<PrimitiveSort>",
        "tag": "Primitive"
      },
      "holes": []
    },
    {
      "name": "Agda.Primitive.SSetω<12>",
      "type": {
        "pretty": "SSetω₁",
        "tag": "Sort",
        "sort": "SSetω1"
      },
      "definition": {
        "pretty": "<PrimitiveSort>",
        "tag": "Primitive"
      },
      "holes": []
    },
    {
      "name": "Agda.Primitive.Level<14>",
      "type": {
        "pretty": "Set",
        "tag": "Sort",
        "sort": "Set"
      },
      "definition": {
        "pretty": "<Axiom>",
        "tag": "Postulate"
      },
      "holes": []
    },
    {
      "name": "Agda.Primitive.lzero<16>",
      "type": {
        "pretty": "Level",
        "tag": "ScopeReference",
        "name": "Agda.Primitive.Level<14>"
      },
      "definition": {
        "pretty": "<Primitive>",
        "tag": "Primitive"
      },
      "holes": []
    },
    {
      "name": "Agda.Primitive.lsuc<20>",
      "type": {
        "pretty": "Level → Level",
        "tag": "Pi",
        "name": "ℓ",
        "domain": {
          "tag": "ScopeReference",
          "name": "Agda.Primitive.Level<14>"
        },
        "codomain": {
          "tag": "ScopeReference",
          "name": "Agda.Primitive.Level<14>"
        }
      },
      "definition": {
        "pretty": "<Primitive>",
        "tag": "Primitive"
      },
      "holes": []
    },
    {
      "name": "Agda.Primitive._⊔_<26>",
      "type": {
        "pretty": "Level → Level → Level",
        "tag": "Pi",
        "name": "ℓ₁",
        "domain": {
          "tag": "ScopeReference",
          "name": "Agda.Primitive.Level<14>"
        },
        "codomain": {
          "tag": "Pi",
          "name": "ℓ₂",
          "domain": {
            "tag": "ScopeReference",
            "name": "Agda.Primitive.Level<14>"
          },
          "codomain": {
            "tag": "ScopeReference",
            "name": "Agda.Primitive.Level<14>"
          }
        }
      },
      "definition": {
        "pretty": "<Primitive>",
        "tag": "Primitive"
      },
      "holes": []
    }
  ],
  "scope-private": []
}