{
  "name": "Agda.Builtin.Bool",
  "scope-global": [],
  "scope-local": [
    {
      "name": "Agda.Builtin.Bool.Bool<6>",
      "type": {
        "pretty": "Set",
        "tag": "Sort",
        "sort": "Set"
      },
      "definition": {
        "pretty": "(false : Bool) | (true : Bool)",
        "tag": "ADT",
        "variants": [
          {
            "tag": "ScopeReference",
            "name": "Agda.Builtin.Bool.Bool<6>"
          },
          {
            "tag": "ScopeReference",
            "name": "Agda.Builtin.Bool.Bool<6>"
          }
        ]
      },
      "holes": []
    },
    {
      "name": "Agda.Builtin.Bool.Bool.false<8>",
      "type": {
        "pretty": "Bool",
        "tag": "ScopeReference",
        "name": "Agda.Builtin.Bool.Bool<6>"
      },
      "definition": {
        "pretty": "Bool@0",
        "tag": "Constructor",
        "reference": "Agda.Builtin.Bool.Bool",
        "variant": 0
      },
      "holes": []
    },
    {
      "name": "Agda.Builtin.Bool.Bool.true<10>",
      "type": {
        "pretty": "Bool",
        "tag": "ScopeReference",
        "name": "Agda.Builtin.Bool.Bool<6>"
      },
      "definition": {
        "pretty": "Bool@1",
        "tag": "Constructor",
        "reference": "Agda.Builtin.Bool.Bool",
        "variant": 1
      },
      "holes": []
    }
  ],
  "scope-private": []
}