{
  "name": "Cubical",
  "scope-global": [
    {
      "name": "Data.Empty.⊥<4>",
      "type": {
        "pretty": "Set",
        "tag": "Sort",
        "sort": "Set"
      },
      "definition": {
        "pretty": "",
        "tag": "ADT",
        "variants": []
      }
    },
    {
      "name": "Agda.Builtin.Bool.Bool<6>",
      "type": {
        "pretty": "Set",
        "tag": "Sort",
        "sort": "Set"
      },
      "definition": {
        "pretty": "(false : Bool) | (true : Bool)",
        "tag": "ADT",
        "variants": [
          {
            "tag": "ScopeReference",
            "name": "Agda.Builtin.Bool.Bool<6>"
          },
          {
            "tag": "ScopeReference",
            "name": "Agda.Builtin.Bool.Bool<6>"
          }
        ]
      }
    },
    {
      "name": "Agda.Builtin.Bool.Bool.false<8>",
      "type": {
        "pretty": "Bool",
        "tag": "ScopeReference",
        "name": "Agda.Builtin.Bool.Bool<6>"
      },
      "definition": {
        "pretty": "Bool@0",
        "tag": "Constructor",
        "reference": "Agda.Builtin.Bool.Bool",
        "variant": 0
      }
    },
    {
      "name": "Agda.Primitive.Setω<8>",
      "type": {
        "pretty": "Setω₁",
        "tag": "Sort",
        "sort": "Setω1"
      },
      "definition": {
        "pretty": "<PrimitiveSort>",
        "tag": "Primitive"
      }
    },
    {
      "name": "Level.Lift<8>",
      "type": {
        "pretty": "{a : Level} (ℓ : Level) (A : Set a) → Set (a ⊔ ℓ)",
        "tag": "Pi",
        "name": "a",
        "domain": {
          "tag": "ScopeReference",
          "name": "Agda.Primitive.Level<14>"
        },
        "codomain": {
          "tag": "Pi",
          "name": "ℓ",
          "domain": {
            "tag": "ScopeReference",
            "name": "Agda.Primitive.Level<14>"
          },
          "codomain": {
            "tag": "Pi",
            "name": "A",
            "domain": {
              "tag": "Sort",
              "sort": "Set @1"
            },
            "codomain": {
              "tag": "Sort",
              "sort": "Set (lub @2 @1)"
            }
          }
        }
      },
      "definition": {
        "pretty": "{a : Level} {ℓ : Level} {A : Set a} |- {(lower : @0)}",
        "tag": "Record",
        "telescope": [
          {
            "pretty": "{a : Level}",
            "tag": "ScopeReference",
            "name": "Agda.Primitive.Level<14>"
          },
          {
            "pretty": "{ℓ : Level}",
            "tag": "ScopeReference",
            "name": "Agda.Primitive.Level<14>"
          },
          {
            "pretty": "{A : Set @1}",
            "tag": "Sort",
            "name": "A",
            "sort": "Set @1"
          }
        ],
        "fields": [
          {
            "tag": "DeBruijn",
            "index": 0
          }
        ]
      }
    },
    {
      "name": "Agda.Builtin.Bool.Bool.true<10>",
      "type": {
        "pretty": "Bool",
        "tag": "ScopeReference",
        "name": "Agda.Builtin.Bool.Bool<6>"
      },
      "definition": {
        "pretty": "Bool@1",
        "tag": "Constructor",
        "reference": "Agda.Builtin.Bool.Bool",
        "variant": 1
      }
    },
    {
      "name": "Data.Empty.Irrelevant.⊥-elim<10>",
      "type": {
        "pretty": "{w : Level} {Whatever : Set w} → .⊥ → Whatever",
        "tag": "Pi",
        "name": "w",
        "domain": {
          "tag": "ScopeReference",
          "name": "Agda.Primitive.Level<14>"
        },
        "codomain": {
          "tag": "Pi",
          "name": "Whatever",
          "domain": {
            "tag": "Sort",
            "sort": "Set @0"
          },
          "codomain": {
            "tag": "Pi",
            "name": "_",
            "domain": {
              "tag": "ScopeReference",
              "name": "Data.Empty.⊥<4>"
            },
            "codomain": {
              "tag": "DeBruijn",
              "index": 0
            }
          }
        }
      },
      "definition": {
        "pretty": "⊥-elim ()",
        "tag": "Function",
        "clauses": [
          {
            "telescope": [
              {
                "pretty": "{w : Level}",
                "tag": "ScopeReference",
                "name": "Agda.Primitive.Level<14>"
              },
              {
                "pretty": "{Whatever : Set @0}",
                "tag": "Sort",
                "name": "Whatever",
                "sort": "Set @0"
              },
              {
                "pretty": "(() : ⊥)",
                "tag": "ScopeReference",
                "name": "Data.Empty.⊥<4>"
              }
            ],
            "patterns": [
              {
                "tag": "DeBruijn",
                "index": 2
              },
              {
                "tag": "DeBruijn",
                "index": 1
              },
              {
                "tag": "DeBruijn",
                "index": 0
              }
            ]
          }
        ]
      }
    },
    {
      "name": "Agda.Primitive.Level<14>",
      "type": {
        "pretty": "Set",
        "tag": "Sort",
        "sort": "Set"
      },
      "definition": {
        "pretty": "<Axiom>",
        "tag": "Postulate"
      }
    },
    {
      "name": "Agda.Primitive.lzero<16>",
      "type": {
        "pretty": "Level",
        "tag": "ScopeReference",
        "name": "Agda.Primitive.Level<14>"
      },
      "definition": {
        "pretty": "<Primitive>",
        "tag": "Primitive"
      }
    },
    {
      "name": "Level.Lift.lower<18>",
      "type": {
        "pretty": "{a ℓ : Level} {A : Set a} → Lift ℓ A → A",
        "tag": "Pi",
        "name": "a",
        "domain": {
          "tag": "ScopeReference",
          "name": "Agda.Primitive.Level<14>"
        },
        "codomain": {
          "tag": "Pi",
          "name": "ℓ",
          "domain": {
            "tag": "ScopeReference",
            "name": "Agda.Primitive.Level<14>"
          },
          "codomain": {
            "tag": "Pi",
            "name": "A",
            "domain": {
              "tag": "Sort",
              "sort": "Set @1"
            },
            "codomain": {
              "tag": "Pi",
              "name": "r",
              "domain": {
                "tag": "Application",
                "head": {
                  "tag": "ScopeReference",
                  "name": "Level.Lift<8>"
                },
                "arguments": [
                  {
                    "tag": "DeBruijn",
                    "index": 2
                  },
                  {
                    "tag": "DeBruijn",
                    "index": 1
                  },
                  {
                    "tag": "DeBruijn",
                    "index": 0
                  }
                ]
              },
              "codomain": {
                "tag": "DeBruijn",
                "index": 0
              }
            }
          }
        }
      },
      "definition": {
        "pretty": "lower = lower₁",
        "tag": "Function",
        "clauses": [
          {
            "telescope": [
              {
                "pretty": "{a : Level}",
                "tag": "ScopeReference",
                "name": "Agda.Primitive.Level<14>"
              },
              {
                "pretty": "{ℓ : Level}",
                "tag": "ScopeReference",
                "name": "Agda.Primitive.Level<14>"
              },
              {
                "pretty": "{A : Set @1}",
                "tag": "Sort",
                "name": "A",
                "sort": "Set @1"
              },
              {
                "pretty": "(lower : @0)",
                "tag": "DeBruijn",
                "name": "lower",
                "index": 0
              }
            ],
            "patterns": [
              {
                "tag": "Application",
                "head": {
                  "tag": "ScopeReference",
                  "name": "Level.lift"
                },
                "arguments": [
                  {
                    "tag": "DeBruijn",
                    "index": 0
                  }
                ]
              }
            ],
            "body": {
              "tag": "DeBruijn",
              "index": 0
            }
          }
        ]
      }
    },
    {
      "name": "Agda.Primitive.lsuc<20>",
      "type": {
        "pretty": "Level → Level",
        "tag": "Pi",
        "name": "ℓ",
        "domain": {
          "tag": "ScopeReference",
          "name": "Agda.Primitive.Level<14>"
        },
        "codomain": {
          "tag": "ScopeReference",
          "name": "Agda.Primitive.Level<14>"
        }
      },
      "definition": {
        "pretty": "<Primitive>",
        "tag": "Primitive"
      }
    },
    {
      "name": "Level.lift<20>",
      "type": {
        "pretty": "{a ℓ : Level} {A : Set a} (lower₁ : A) → Lift ℓ A",
        "tag": "Pi",
        "name": "a",
        "domain": {
          "tag": "ScopeReference",
          "name": "Agda.Primitive.Level<14>"
        },
        "codomain": {
          "tag": "Pi",
          "name": "ℓ",
          "domain": {
            "tag": "ScopeReference",
            "name": "Agda.Primitive.Level<14>"
          },
          "codomain": {
            "tag": "Pi",
            "name": "A",
            "domain": {
              "tag": "Sort",
              "sort": "Set @1"
            },
            "codomain": {
              "tag": "Pi",
              "name": "lower",
              "domain": {
                "tag": "DeBruijn",
                "index": 0
              },
              "codomain": {
                "tag": "Application",
                "head": {
                  "tag": "ScopeReference",
                  "name": "Level.Lift<8>"
                },
                "arguments": [
                  {
                    "tag": "DeBruijn",
                    "index": 3
                  },
                  {
                    "tag": "DeBruijn",
                    "index": 2
                  },
                  {
                    "tag": "DeBruijn",
                    "index": 1
                  }
                ]
              }
            }
          }
        }
      },
      "definition": {
        "pretty": "Lift@0",
        "tag": "Constructor",
        "reference": "Level.Lift",
        "variant": 0
      }
    },
    {
      "name": "Level.0ℓ<22>",
      "type": {
        "pretty": "Level",
        "tag": "ScopeReference",
        "name": "Agda.Primitive.Level<14>"
      },
      "definition": {
        "pretty": "0ℓ = zero",
        "tag": "Function",
        "clauses": [
          {
            "telescope": [],
            "patterns": [],
            "body": {
              "tag": "ScopeReference",
              "name": "Agda.Primitive.lzero<16>"
            }
          }
        ]
      }
    },
    {
      "name": "Agda.Primitive._⊔_<26>",
      "type": {
        "pretty": "Level → Level → Level",
        "tag": "Pi",
        "name": "ℓ₁",
        "domain": {
          "tag": "ScopeReference",
          "name": "Agda.Primitive.Level<14>"
        },
        "codomain": {
          "tag": "Pi",
          "name": "ℓ₂",
          "domain": {
            "tag": "ScopeReference",
            "name": "Agda.Primitive.Level<14>"
          },
          "codomain": {
            "tag": "ScopeReference",
            "name": "Agda.Primitive.Level<14>"
          }
        }
      },
      "definition": {
        "pretty": "<Primitive>",
        "tag": "Primitive"
      }
    },
    {
      "name": "Level.levelOfType<26>",
      "type": {
        "pretty": "{a : Level} → Set a → Level",
        "tag": "Pi",
        "name": "a",
        "domain": {
          "tag": "ScopeReference",
          "name": "Agda.Primitive.Level<14>"
        },
        "codomain": {
          "tag": "Pi",
          "name": "_",
          "domain": {
            "tag": "Sort",
            "sort": "Set @0"
          },
          "codomain": {
            "tag": "ScopeReference",
            "name": "Agda.Primitive.Level<14>"
          }
        }
      },
      "definition": {
        "pretty": "levelOfType {a} _ = a",
        "tag": "Function",
        "clauses": [
          {
            "telescope": [
              {
                "pretty": "{a : Level}",
                "tag": "ScopeReference",
                "name": "Agda.Primitive.Level<14>"
              },
              {
                "pretty": "(x : Set @0)",
                "tag": "Sort",
                "name": "x",
                "sort": "Set @0"
              }
            ],
            "patterns": [
              {
                "tag": "DeBruijn",
                "index": 1
              },
              {
                "tag": "DeBruijn",
                "index": 0
              }
            ],
            "body": {
              "tag": "DeBruijn",
              "index": 1
            }
          }
        ]
      }
    },
    {
      "name": "Level.levelOfTerm<34>",
      "type": {
        "pretty": "{a : Level} {A : Set a} → A → Level",
        "tag": "Pi",
        "name": "a",
        "domain": {
          "tag": "ScopeReference",
          "name": "Agda.Primitive.Level<14>"
        },
        "codomain": {
          "tag": "Pi",
          "name": "A",
          "domain": {
            "tag": "Sort",
            "sort": "Set @0"
          },
          "codomain": {
            "tag": "Pi",
            "name": "_",
            "domain": {
              "tag": "DeBruijn",
              "index": 0
            },
            "codomain": {
              "tag": "ScopeReference",
              "name": "Agda.Primitive.Level<14>"
            }
          }
        }
      },
      "definition": {
        "pretty": "levelOfTerm {a} _ = a",
        "tag": "Function",
        "clauses": [
          {
            "telescope": [
              {
                "pretty": "{a : Level}",
                "tag": "ScopeReference",
                "name": "Agda.Primitive.Level<14>"
              },
              {
                "pretty": "{A : Set @0}",
                "tag": "Sort",
                "name": "A",
                "sort": "Set @0"
              },
              {
                "pretty": "(x : @0)",
                "tag": "DeBruijn",
                "name": "x",
                "index": 0
              }
            ],
            "patterns": [
              {
                "tag": "DeBruijn",
                "index": 2
              },
              {
                "tag": "DeBruijn",
                "index": 1
              },
              {
                "tag": "DeBruijn",
                "index": 0
              }
            ],
            "body": {
              "tag": "DeBruijn",
              "index": 2
            }
          }
        ]
      }
    }
  ],
  "scope-local": [
    {
      "name": "Cubical.¬_<4>",
      "type": {
        "pretty": "{ℓ : Level} → Set ℓ → Set ℓ",
        "tag": "Pi",
        "name": "ℓ",
        "domain": {
          "tag": "ScopeReference",
          "name": "Agda.Primitive.Level<14>"
        },
        "codomain": {
          "tag": "Pi",
          "name": "_",
          "domain": {
            "tag": "Sort",
            "sort": "Set @0"
          },
          "codomain": {
            "tag": "Sort",
            "sort": "Set @0"
          }
        }
      },
      "definition": {
        "pretty": "¬ P = P → ⊥",
        "tag": "Function",
        "clauses": [
          {
            "telescope": [
              {
                "pretty": "{ℓ : Level}",
                "tag": "ScopeReference",
                "name": "Agda.Primitive.Level<14>"
              },
              {
                "pretty": "(P : Set @0)",
                "tag": "Sort",
                "name": "P",
                "sort": "Set @0"
              }
            ],
            "patterns": [
              {
                "tag": "DeBruijn",
                "index": 1
              },
              {
                "tag": "DeBruijn",
                "index": 0
              }
            ],
            "body": {
              "tag": "Pi",
              "name": "_",
              "domain": {
                "tag": "DeBruijn",
                "index": 0
              },
              "codomain": {
                "tag": "ScopeReference",
                "name": "Data.Empty.⊥<4>"
              }
            }
          }
        ]
      },
      "holes": [
        {
          "ctx": {
            "pretty": "{ℓ : Level} (P : Set ℓ)",
            "telescope": [
              {
                "pretty": "{ℓ : Level}",
                "tag": "ScopeReference",
                "name": "Agda.Primitive.Level<14>"
              },
              {
                "pretty": "(P : Set P)",
                "tag": "Sort",
                "name": "P",
                "sort": "Set @0"
              }
            ]
          },
          "goal": {
            "pretty": "Set ℓ",
            "tag": "Sort",
            "sort": "Set @1"
          },
          "term": {
            "pretty": "P → ⊥",
            "tag": "Pi",
            "name": "_",
            "domain": {
              "tag": "DeBruijn",
              "index": 0
            },
            "codomain": {
              "tag": "ScopeReference",
              "name": "Data.Empty.⊥<4>"
            }
          },
          "premises": [
            "Data.Empty.⊥<4>"
          ]
        },
        {
          "ctx": {
            "pretty": "{ℓ = ℓ₁ : Level} (P₁ : Set ℓ₁)",
            "telescope": [
              {
                "pretty": "{ℓ : Level}",
                "tag": "ScopeReference",
                "name": "Agda.Primitive.Level<14>"
              },
              {
                "pretty": "(P : Set P)",
                "tag": "Sort",
                "name": "P",
                "sort": "Set @0"
              }
            ]
          },
          "goal": {
            "pretty": "Set",
            "tag": "Sort",
            "sort": "Set"
          },
          "term": {
            "pretty": "⊥",
            "tag": "ScopeReference",
            "name": "Data.Empty.⊥<4>"
          },
          "premises": [
            "Data.Empty.⊥<4>"
          ]
        }
      ]
    },
    {
      "name": "Cubical.Reflects<12>",
      "type": {
        "pretty": "{ℓ : Level} → Set ℓ → Bool → Set ℓ",
        "tag": "Pi",
        "name": "ℓ",
        "domain": {
          "tag": "ScopeReference",
          "name": "Agda.Primitive.Level<14>"
        },
        "codomain": {
          "tag": "Pi",
          "name": "P",
          "domain": {
            "tag": "Sort",
            "sort": "Set @0"
          },
          "codomain": {
            "tag": "Pi",
            "name": "_",
            "domain": {
              "tag": "ScopeReference",
              "name": "Agda.Builtin.Bool.Bool<6>"
            },
            "codomain": {
              "tag": "Sort",
              "sort": "Set @0"
            }
          }
        }
      },
      "definition": {
        "pretty": "(ofʸ : {ℓ : Level} {P : Set ℓ} → P → Reflects P true) | (ofⁿ : {ℓ : Level} {P : Set ℓ} → ¬ P → Reflects P false)",
        "tag": "ADT",
        "variants": [
          {
            "tag": "Pi",
            "name": "ℓ",
            "domain": {
              "tag": "ScopeReference",
              "name": "Agda.Primitive.Level<14>"
            },
            "codomain": {
              "tag": "Pi",
              "name": "P",
              "domain": {
                "tag": "Sort",
                "sort": "Set @0"
              },
              "codomain": {
                "tag": "Pi",
                "name": "p",
                "domain": {
                  "tag": "DeBruijn",
                  "index": 0
                },
                "codomain": {
                  "tag": "Application",
                  "head": {
                    "tag": "ScopeReference",
                    "name": "Cubical.Reflects<12>"
                  },
                  "arguments": [
                    {
                      "tag": "DeBruijn",
                      "index": 1
                    },
                    {
                      "tag": "DeBruijn",
                      "index": 0
                    },
                    {
                      "tag": "ScopeReference",
                      "name": "Agda.Builtin.Bool.Bool.true<10>"
                    }
                  ]
                }
              }
            }
          },
          {
            "tag": "Pi",
            "name": "ℓ",
            "domain": {
              "tag": "ScopeReference",
              "name": "Agda.Primitive.Level<14>"
            },
            "codomain": {
              "tag": "Pi",
              "name": "P",
              "domain": {
                "tag": "Sort",
                "sort": "Set @0"
              },
              "codomain": {
                "tag": "Pi",
                "name": "¬p",
                "domain": {
                  "tag": "Application",
                  "head": {
                    "tag": "ScopeReference",
                    "name": "Cubical.¬_<4>"
                  },
                  "arguments": [
                    {
                      "tag": "DeBruijn",
                      "index": 1
                    },
                    {
                      "tag": "DeBruijn",
                      "index": 0
                    }
                  ]
                },
                "codomain": {
                  "tag": "Application",
                  "head": {
                    "tag": "ScopeReference",
                    "name": "Cubical.Reflects<12>"
                  },
                  "arguments": [
                    {
                      "tag": "DeBruijn",
                      "index": 1
                    },
                    {
                      "tag": "DeBruijn",
                      "index": 0
                    },
                    {
                      "tag": "ScopeReference",
                      "name": "Agda.Builtin.Bool.Bool.false<8>"
                    }
                  ]
                }
              }
            }
          }
        ]
      },
      "holes": []
    },
    {
      "name": "Cubical.Reflects.ofʸ<18>",
      "type": {
        "pretty": "{ℓ : Level} {P : Set ℓ} → P → Reflects P true",
        "tag": "Pi",
        "name": "ℓ",
        "domain": {
          "tag": "ScopeReference",
          "name": "Agda.Primitive.Level<14>"
        },
        "codomain": {
          "tag": "Pi",
          "name": "P",
          "domain": {
            "tag": "Sort",
            "sort": "Set @0"
          },
          "codomain": {
            "tag": "Pi",
            "name": "p",
            "domain": {
              "tag": "DeBruijn",
              "index": 0
            },
            "codomain": {
              "tag": "Application",
              "head": {
                "tag": "ScopeReference",
                "name": "Cubical.Reflects<12>"
              },
              "arguments": [
                {
                  "tag": "DeBruijn",
                  "index": 1
                },
                {
                  "tag": "DeBruijn",
                  "index": 0
                },
                {
                  "tag": "ScopeReference",
                  "name": "Agda.Builtin.Bool.Bool.true<10>"
                }
              ]
            }
          }
        }
      },
      "definition": {
        "pretty": "Reflects@0",
        "tag": "Constructor",
        "reference": "Cubical.Reflects",
        "variant": 0
      },
      "holes": []
    },
    {
      "name": "Cubical.Reflects.ofⁿ<22>",
      "type": {
        "pretty": "{ℓ : Level} {P : Set ℓ} → ¬ P → Reflects P false",
        "tag": "Pi",
        "name": "ℓ",
        "domain": {
          "tag": "ScopeReference",
          "name": "Agda.Primitive.Level<14>"
        },
        "codomain": {
          "tag": "Pi",
          "name": "P",
          "domain": {
            "tag": "Sort",
            "sort": "Set @0"
          },
          "codomain": {
            "tag": "Pi",
            "name": "¬p",
            "domain": {
              "tag": "Application",
              "head": {
                "tag": "ScopeReference",
                "name": "Cubical.¬_<4>"
              },
              "arguments": [
                {
                  "tag": "DeBruijn",
                  "index": 1
                },
                {
                  "tag": "DeBruijn",
                  "index": 0
                }
              ]
            },
            "codomain": {
              "tag": "Application",
              "head": {
                "tag": "ScopeReference",
                "name": "Cubical.Reflects<12>"
              },
              "arguments": [
                {
                  "tag": "DeBruijn",
                  "index": 1
                },
                {
                  "tag": "DeBruijn",
                  "index": 0
                },
                {
                  "tag": "ScopeReference",
                  "name": "Agda.Builtin.Bool.Bool.false<8>"
                }
              ]
            }
          }
        }
      },
      "definition": {
        "pretty": "Reflects@1",
        "tag": "Constructor",
        "reference": "Cubical.Reflects",
        "variant": 1
      },
      "holes": []
    },
    {
      "name": "Cubical.Dec<28>",
      "type": {
        "pretty": "{ℓ : Level} (P : Set ℓ) → Set ℓ",
        "tag": "Pi",
        "name": "ℓ",
        "domain": {
          "tag": "ScopeReference",
          "name": "Agda.Primitive.Level<14>"
        },
        "codomain": {
          "tag": "Pi",
          "name": "P",
          "domain": {
            "tag": "Sort",
            "sort": "Set @0"
          },
          "codomain": {
            "tag": "Sort",
            "sort": "Set @1"
          }
        }
      },
      "definition": {
        "pretty": "{ℓ : Level} {P : Set ℓ} |- {(does : Bool) ; (proof : Reflects @1 @0)}",
        "tag": "Record",
        "telescope": [
          {
            "pretty": "{ℓ : Level}",
            "tag": "ScopeReference",
            "name": "Agda.Primitive.Level<14>"
          },
          {
            "pretty": "{P : Set @0}",
            "tag": "Sort",
            "name": "P",
            "sort": "Set @0"
          }
        ],
        "fields": [
          {
            "tag": "ScopeReference",
            "name": "Agda.Builtin.Bool.Bool<6>"
          },
          {
            "tag": "Application",
            "head": {
              "tag": "ScopeReference",
              "name": "Cubical.Reflects<12>"
            },
            "arguments": [
              {
                "tag": "DeBruijn",
                "index": 2
              },
              {
                "tag": "DeBruijn",
                "index": 1
              },
              {
                "tag": "DeBruijn",
                "index": 0
              }
            ]
          }
        ]
      },
      "holes": []
    },
    {
      "name": "Cubical.Dec.does<36>",
      "type": {
        "pretty": "{ℓ : Level} {P : Set ℓ} → Dec P → Bool",
        "tag": "Pi",
        "name": "ℓ",
        "domain": {
          "tag": "ScopeReference",
          "name": "Agda.Primitive.Level<14>"
        },
        "codomain": {
          "tag": "Pi",
          "name": "P",
          "domain": {
            "tag": "Sort",
            "sort": "Set @0"
          },
          "codomain": {
            "tag": "Pi",
            "name": "r",
            "domain": {
              "tag": "Application",
              "head": {
                "tag": "ScopeReference",
                "name": "Cubical.Dec<28>"
              },
              "arguments": [
                {
                  "tag": "DeBruijn",
                  "index": 1
                },
                {
                  "tag": "DeBruijn",
                  "index": 0
                }
              ]
            },
            "codomain": {
              "tag": "ScopeReference",
              "name": "Agda.Builtin.Bool.Bool<6>"
            }
          }
        }
      },
      "definition": {
        "pretty": "does = does₁",
        "tag": "Function",
        "clauses": [
          {
            "telescope": [
              {
                "pretty": "{ℓ : Level}",
                "tag": "ScopeReference",
                "name": "Agda.Primitive.Level<14>"
              },
              {
                "pretty": "{P : Set @0}",
                "tag": "Sort",
                "name": "P",
                "sort": "Set @0"
              },
              {
                "pretty": "(does : Bool)",
                "tag": "ScopeReference",
                "name": "Agda.Builtin.Bool.Bool<6>"
              },
              {
                "pretty": "(proof : Reflects @1 @0)",
                "tag": "Application",
                "name": "proof",
                "head": {
                  "tag": "ScopeReference",
                  "name": "Cubical.Reflects<12>"
                },
                "arguments": [
                  {
                    "tag": "DeBruijn",
                    "index": 2
                  },
                  {
                    "tag": "DeBruijn",
                    "index": 1
                  },
                  {
                    "tag": "DeBruijn",
                    "index": 0
                  }
                ]
              }
            ],
            "patterns": [
              {
                "tag": "Application",
                "head": {
                  "tag": "ScopeReference",
                  "name": "Cubical._because_"
                },
                "arguments": [
                  {
                    "tag": "DeBruijn",
                    "index": 1
                  },
                  {
                    "tag": "DeBruijn",
                    "index": 0
                  }
                ]
              }
            ],
            "body": {
              "tag": "DeBruijn",
              "index": 1
            }
          }
        ]
      },
      "holes": []
    },
    {
      "name": "Cubical.Dec.proof<38>",
      "type": {
        "pretty": "{ℓ : Level} {P : Set ℓ} (r : Dec P) → Reflects P (does r)",
        "tag": "Pi",
        "name": "ℓ",
        "domain": {
          "tag": "ScopeReference",
          "name": "Agda.Primitive.Level<14>"
        },
        "codomain": {
          "tag": "Pi",
          "name": "P",
          "domain": {
            "tag": "Sort",
            "sort": "Set @0"
          },
          "codomain": {
            "tag": "Pi",
            "name": "r",
            "domain": {
              "tag": "Application",
              "head": {
                "tag": "ScopeReference",
                "name": "Cubical.Dec<28>"
              },
              "arguments": [
                {
                  "tag": "DeBruijn",
                  "index": 1
                },
                {
                  "tag": "DeBruijn",
                  "index": 0
                }
              ]
            },
            "codomain": {
              "tag": "Application",
              "head": {
                "tag": "ScopeReference",
                "name": "Cubical.Reflects<12>"
              },
              "arguments": [
                {
                  "tag": "DeBruijn",
                  "index": 2
                },
                {
                  "tag": "DeBruijn",
                  "index": 1
                },
                {
                  "tag": "Application",
                  "head": {
                    "tag": "ScopeReference",
                    "name": "Cubical.Dec.does<36>"
                  },
                  "arguments": [
                    {
                      "tag": "DeBruijn",
                      "index": 0
                    }
                  ]
                }
              ]
            }
          }
        }
      },
      "definition": {
        "pretty": "proof = proof₁",
        "tag": "Function",
        "clauses": [
          {
            "telescope": [
              {
                "pretty": "{ℓ : Level}",
                "tag": "ScopeReference",
                "name": "Agda.Primitive.Level<14>"
              },
              {
                "pretty": "{P : Set @0}",
                "tag": "Sort",
                "name": "P",
                "sort": "Set @0"
              },
              {
                "pretty": "(does : Bool)",
                "tag": "ScopeReference",
                "name": "Agda.Builtin.Bool.Bool<6>"
              },
              {
                "pretty": "(proof : Reflects @1 @0)",
                "tag": "Application",
                "name": "proof",
                "head": {
                  "tag": "ScopeReference",
                  "name": "Cubical.Reflects<12>"
                },
                "arguments": [
                  {
                    "tag": "DeBruijn",
                    "index": 2
                  },
                  {
                    "tag": "DeBruijn",
                    "index": 1
                  },
                  {
                    "tag": "DeBruijn",
                    "index": 0
                  }
                ]
              }
            ],
            "patterns": [
              {
                "tag": "Application",
                "head": {
                  "tag": "ScopeReference",
                  "name": "Cubical._because_"
                },
                "arguments": [
                  {
                    "tag": "DeBruijn",
                    "index": 1
                  },
                  {
                    "tag": "DeBruijn",
                    "index": 0
                  }
                ]
              }
            ],
            "body": {
              "tag": "DeBruijn",
              "index": 0
            }
          }
        ]
      },
      "holes": []
    },
    {
      "name": "Cubical._because_<40>",
      "type": {
        "pretty": "{ℓ : Level} {P : Set ℓ} (does₁ : Bool) (proof₁ : Reflects P does₁) → Dec P",
        "tag": "Pi",
        "name": "ℓ",
        "domain": {
          "tag": "ScopeReference",
          "name": "Agda.Primitive.Level<14>"
        },
        "codomain": {
          "tag": "Pi",
          "name": "P",
          "domain": {
            "tag": "Sort",
            "sort": "Set @0"
          },
          "codomain": {
            "tag": "Pi",
            "name": "does",
            "domain": {
              "tag": "ScopeReference",
              "name": "Agda.Builtin.Bool.Bool<6>"
            },
            "codomain": {
              "tag": "Pi",
              "name": "proof",
              "domain": {
                "tag": "Application",
                "head": {
                  "tag": "ScopeReference",
                  "name": "Cubical.Reflects<12>"
                },
                "arguments": [
                  {
                    "tag": "DeBruijn",
                    "index": 2
                  },
                  {
                    "tag": "DeBruijn",
                    "index": 1
                  },
                  {
                    "tag": "DeBruijn",
                    "index": 0
                  }
                ]
              },
              "codomain": {
                "tag": "Application",
                "head": {
                  "tag": "ScopeReference",
                  "name": "Cubical.Dec<28>"
                },
                "arguments": [
                  {
                    "tag": "DeBruijn",
                    "index": 3
                  },
                  {
                    "tag": "DeBruijn",
                    "index": 2
                  }
                ]
              }
            }
          }
        }
      },
      "definition": {
        "pretty": "Dec@0",
        "tag": "Constructor",
        "reference": "Cubical.Dec",
        "variant": 0
      },
      "holes": []
    },
    {
      "name": "Cubical.recompute<46>",
      "type": {
        "pretty": "{a : Level} {A : Set a} → Dec A → A → A",
        "tag": "Pi",
        "name": "a",
        "domain": {
          "tag": "ScopeReference",
          "name": "Agda.Primitive.Level<14>"
        },
        "codomain": {
          "tag": "Pi",
          "name": "A",
          "domain": {
            "tag": "Sort",
            "sort": "Set @0"
          },
          "codomain": {
            "tag": "Pi",
            "name": "_",
            "domain": {
              "tag": "Application",
              "head": {
                "tag": "ScopeReference",
                "name": "Cubical.Dec<28>"
              },
              "arguments": [
                {
                  "tag": "DeBruijn",
                  "index": 1
                },
                {
                  "tag": "DeBruijn",
                  "index": 0
                }
              ]
            },
            "codomain": {
              "tag": "Pi",
              "name": "_",
              "domain": {
                "tag": "DeBruijn",
                "index": 0
              },
              "codomain": {
                "tag": "DeBruijn",
                "index": 0
              }
            }
          }
        }
      },
      "definition": {
        "pretty": "recompute (true because ofʸ x) _ = x | recompute _ x = x",
        "tag": "Function",
        "clauses": [
          {
            "telescope": [
              {
                "pretty": "{a : Level}",
                "tag": "ScopeReference",
                "name": "Agda.Primitive.Level<14>"
              },
              {
                "pretty": "{A : Set @0}",
                "tag": "Sort",
                "name": "A",
                "sort": "Set @0"
              },
              {
                "pretty": "(x : @0)",
                "tag": "DeBruijn",
                "name": "x",
                "index": 0
              },
              {
                "pretty": "(x : @1)",
                "tag": "DeBruijn",
                "name": "x",
                "index": 1
              }
            ],
            "patterns": [
              {
                "tag": "DeBruijn",
                "index": 3
              },
              {
                "tag": "DeBruijn",
                "index": 2
              },
              {
                "tag": "Application",
                "head": {
                  "tag": "ScopeReference",
                  "name": "Cubical._because_"
                },
                "arguments": [
                  {
                    "tag": "ScopeReference",
                    "name": "Agda.Builtin.Bool.Bool.true"
                  },
                  {
                    "tag": "Application",
                    "head": {
                      "tag": "ScopeReference",
                      "name": "Cubical.Reflects.ofʸ"
                    },
                    "arguments": [
                      {
                        "tag": "DeBruijn",
                        "index": 1
                      }
                    ]
                  }
                ]
              },
              {
                "tag": "DeBruijn",
                "index": 0
              }
            ],
            "body": {
              "tag": "DeBruijn",
              "index": 1
            }
          },
          {
            "telescope": [
              {
                "pretty": "{a : Level}",
                "tag": "ScopeReference",
                "name": "Agda.Primitive.Level<14>"
              },
              {
                "pretty": "{A : Set @0}",
                "tag": "Sort",
                "name": "A",
                "sort": "Set @0"
              },
              {
                "pretty": "(x : Dec @0)",
                "tag": "Application",
                "name": "x",
                "head": {
                  "tag": "ScopeReference",
                  "name": "Cubical.Dec<28>"
                },
                "arguments": [
                  {
                    "tag": "DeBruijn",
                    "index": 1
                  },
                  {
                    "tag": "DeBruijn",
                    "index": 0
                  }
                ]
              },
              {
                "pretty": "(x : @1)",
                "tag": "DeBruijn",
                "name": "x",
                "index": 1
              }
            ],
            "patterns": [
              {
                "tag": "DeBruijn",
                "index": 3
              },
              {
                "tag": "DeBruijn",
                "index": 2
              },
              {
                "tag": "DeBruijn",
                "index": 1
              },
              {
                "tag": "DeBruijn",
                "index": 0
              }
            ],
            "body": {
              "tag": "DeBruijn",
              "index": 0
            }
          }
        ]
      },
      "holes": []
    }
  ],
  "scope-private": []
}