{
  "name": "Data.Empty.Irrelevant",
  "scope-global": [
    {
      "name": "Data.Empty.⊥<4>",
      "type": {
        "pretty": "Set",
        "tag": "Sort",
        "sort": "Set"
      },
      "definition": {
        "pretty": "",
        "tag": "ADT",
        "variants": []
      }
    }
  ],
  "scope-local": [
    {
      "name": "Data.Empty.Irrelevant.⊥-elim<10>",
      "type": {
        "pretty": "{w : Agda.Primitive.Level} {Whatever : Set w} → .⊥ → Whatever",
        "tag": "Pi",
        "name": "w",
        "domain": {
          "tag": "ScopeReference",
          "name": "Agda.Primitive.Level<14>"
        },
        "codomain": {
          "tag": "Pi",
          "name": "Whatever",
          "domain": {
            "tag": "Sort",
            "sort": "Set @0"
          },
          "codomain": {
            "tag": "Pi",
            "name": "_",
            "domain": {
              "tag": "ScopeReference",
              "name": "Data.Empty.⊥<4>"
            },
            "codomain": {
              "tag": "DeBruijn",
              "index": 0
            }
          }
        }
      },
      "definition": {
        "pretty": "⊥-elim ()",
        "tag": "Function",
        "clauses": [
          {
            "telescope": [
              {
                "pretty": "{w : Agda.Primitive.Level}",
                "tag": "ScopeReference",
                "name": "Agda.Primitive.Level<14>"
              },
              {
                "pretty": "{Whatever : Set @0}",
                "tag": "Sort",
                "name": "Whatever",
                "sort": "Set @0"
              },
              {
                "pretty": "(() : ⊥)",
                "tag": "ScopeReference",
                "name": "Data.Empty.⊥<4>"
              }
            ],
            "patterns": [
              {
                "tag": "DeBruijn",
                "index": 2
              },
              {
                "tag": "DeBruijn",
                "index": 1
              },
              {
                "tag": "DeBruijn",
                "index": 0
              }
            ]
          }
        ]
      },
      "holes": []
    }
  ],
  "scope-private": []
}