{
  "name": "EqReasoning0",
  "scope-global": [],
  "scope-local": [
    {
      "name": "EqReasoning0._IsRelatedTo_<8>",
      "type": {
        "pretty": "(_∼_ : Set → Set → Set) → Set → Set → Set",
        "tag": "Pi",
        "name": "_∼_",
        "domain": {
          "tag": "Pi",
          "name": "_",
          "domain": {
            "tag": "Sort",
            "sort": "Set"
          },
          "codomain": {
            "tag": "Pi",
            "name": "_",
            "domain": {
              "tag": "Sort",
              "sort": "Set"
            },
            "codomain": {
              "tag": "Sort",
              "sort": "Set"
            }
          }
        },
        "codomain": {
          "tag": "Pi",
          "name": "x",
          "domain": {
            "tag": "Sort",
            "sort": "Set"
          },
          "codomain": {
            "tag": "Pi",
            "name": "y",
            "domain": {
              "tag": "Sort",
              "sort": "Set"
            },
            "codomain": {
              "tag": "Sort",
              "sort": "Set"
            }
          }
        }
      },
      "definition": {
        "pretty": "(relTo : {_∼_ : Set → Set → Set} {x y : Set} → x ∼ y → (_∼_ IsRelatedTo x) y)",
        "tag": "ADT",
        "variants": [
          {
            "tag": "Pi",
            "name": "_∼_",
            "domain": {
              "tag": "Pi",
              "name": "_",
              "domain": {
                "tag": "Sort",
                "sort": "Set"
              },
              "codomain": {
                "tag": "Pi",
                "name": "_",
                "domain": {
                  "tag": "Sort",
                  "sort": "Set"
                },
                "codomain": {
                  "tag": "Sort",
                  "sort": "Set"
                }
              }
            },
            "codomain": {
              "tag": "Pi",
              "name": "x",
              "domain": {
                "tag": "Sort",
                "sort": "Set"
              },
              "codomain": {
                "tag": "Pi",
                "name": "y",
                "domain": {
                  "tag": "Sort",
                  "sort": "Set"
                },
                "codomain": {
                  "tag": "Pi",
                  "name": "x∼y",
                  "domain": {
                    "tag": "Application",
                    "head": {
                      "tag": "DeBruijn",
                      "index": 2
                    },
                    "arguments": [
                      {
                        "tag": "DeBruijn",
                        "index": 1
                      },
                      {
                        "tag": "DeBruijn",
                        "index": 0
                      }
                    ]
                  },
                  "codomain": {
                    "tag": "Application",
                    "head": {
                      "tag": "ScopeReference",
                      "name": "EqReasoning0._IsRelatedTo_<8>"
                    },
                    "arguments": [
                      {
                        "tag": "DeBruijn",
                        "index": 2
                      },
                      {
                        "tag": "DeBruijn",
                        "index": 1
                      },
                      {
                        "tag": "DeBruijn",
                        "index": 0
                      }
                    ]
                  }
                }
              }
            }
          }
        ]
      },
      "holes": []
    },
    {
      "name": "EqReasoning0._IsRelatedTo_.relTo<16>",
      "type": {
        "pretty": "{_∼_ : Set → Set → Set} {x y : Set} → x ∼ y → (_∼_ IsRelatedTo x) y",
        "tag": "Pi",
        "name": "_∼_",
        "domain": {
          "tag": "Pi",
          "name": "_",
          "domain": {
            "tag": "Sort",
            "sort": "Set"
          },
          "codomain": {
            "tag": "Pi",
            "name": "_",
            "domain": {
              "tag": "Sort",
              "sort": "Set"
            },
            "codomain": {
              "tag": "Sort",
              "sort": "Set"
            }
          }
        },
        "codomain": {
          "tag": "Pi",
          "name": "x",
          "domain": {
            "tag": "Sort",
            "sort": "Set"
          },
          "codomain": {
            "tag": "Pi",
            "name": "y",
            "domain": {
              "tag": "Sort",
              "sort": "Set"
            },
            "codomain": {
              "tag": "Pi",
              "name": "x∼y",
              "domain": {
                "tag": "Application",
                "head": {
                  "tag": "DeBruijn",
                  "index": 2
                },
                "arguments": [
                  {
                    "tag": "DeBruijn",
                    "index": 1
                  },
                  {
                    "tag": "DeBruijn",
                    "index": 0
                  }
                ]
              },
              "codomain": {
                "tag": "Application",
                "head": {
                  "tag": "ScopeReference",
                  "name": "EqReasoning0._IsRelatedTo_<8>"
                },
                "arguments": [
                  {
                    "tag": "DeBruijn",
                    "index": 2
                  },
                  {
                    "tag": "DeBruijn",
                    "index": 1
                  },
                  {
                    "tag": "DeBruijn",
                    "index": 0
                  }
                ]
              }
            }
          }
        }
      },
      "definition": {
        "pretty": "_IsRelatedTo_@0",
        "tag": "Constructor",
        "reference": "EqReasoning0._IsRelatedTo_",
        "variant": 0
      },
      "holes": []
    },
    {
      "name": "EqReasoning0._≡⟨⟩_<22>",
      "type": {
        "pretty": "(_∼_ : Set → Set → Set) (x : Set) {y : Set} → (_∼_ IsRelatedTo x) y → (_∼_ IsRelatedTo x) y",
        "tag": "Pi",
        "name": "_∼_",
        "domain": {
          "tag": "Pi",
          "name": "_",
          "domain": {
            "tag": "Sort",
            "sort": "Set"
          },
          "codomain": {
            "tag": "Pi",
            "name": "_",
            "domain": {
              "tag": "Sort",
              "sort": "Set"
            },
            "codomain": {
              "tag": "Sort",
              "sort": "Set"
            }
          }
        },
        "codomain": {
          "tag": "Pi",
          "name": "x",
          "domain": {
            "tag": "Sort",
            "sort": "Set"
          },
          "codomain": {
            "tag": "Pi",
            "name": "y",
            "domain": {
              "tag": "Sort",
              "sort": "Set"
            },
            "codomain": {
              "tag": "Pi",
              "name": "_",
              "domain": {
                "tag": "Application",
                "head": {
                  "tag": "ScopeReference",
                  "name": "EqReasoning0._IsRelatedTo_<8>"
                },
                "arguments": [
                  {
                    "tag": "DeBruijn",
                    "index": 2
                  },
                  {
                    "tag": "DeBruijn",
                    "index": 1
                  },
                  {
                    "tag": "DeBruijn",
                    "index": 0
                  }
                ]
              },
              "codomain": {
                "tag": "Application",
                "head": {
                  "tag": "ScopeReference",
                  "name": "EqReasoning0._IsRelatedTo_<8>"
                },
                "arguments": [
                  {
                    "tag": "DeBruijn",
                    "index": 2
                  },
                  {
                    "tag": "DeBruijn",
                    "index": 1
                  },
                  {
                    "tag": "DeBruijn",
                    "index": 0
                  }
                ]
              }
            }
          }
        }
      },
      "definition": {
        "pretty": "_≡⟨⟩_ = x∼y",
        "tag": "Function",
        "clauses": [
          {
            "telescope": [
              {
                "pretty": "(_∼_ : Set → Set → Set)",
                "tag": "Pi",
                "name": "_",
                "domain": {
                  "tag": "Sort",
                  "sort": "Set"
                },
                "codomain": {
                  "tag": "Pi",
                  "name": "_",
                  "domain": {
                    "tag": "Sort",
                    "sort": "Set"
                  },
                  "codomain": {
                    "tag": "Sort",
                    "sort": "Set"
                  }
                }
              },
              {
                "pretty": "(x : Set)",
                "tag": "Sort",
                "name": "x",
                "sort": "Set"
              },
              {
                "pretty": "{y : Set}",
                "tag": "Sort",
                "name": "y",
                "sort": "Set"
              },
              {
                "pretty": "(x∼y : (@2 IsRelatedTo @1) @0)",
                "tag": "Application",
                "name": "x∼y",
                "head": {
                  "tag": "ScopeReference",
                  "name": "EqReasoning0._IsRelatedTo_<8>"
                },
                "arguments": [
                  {
                    "tag": "DeBruijn",
                    "index": 2
                  },
                  {
                    "tag": "DeBruijn",
                    "index": 1
                  },
                  {
                    "tag": "DeBruijn",
                    "index": 0
                  }
                ]
              }
            ],
            "patterns": [
              {
                "tag": "DeBruijn",
                "index": 0
              }
            ],
            "body": {
              "tag": "DeBruijn",
              "index": 0
            }
          }
        ]
      },
      "holes": []
    }
  ],
  "scope-private": []
}