{
  "name": "EqReasoning",
  "scope-global": [],
  "scope-local": [
    {
      "name": "EqReasoning.B<14>",
      "type": {
        "pretty": "Set",
        "tag": "Sort",
        "sort": "Set"
      },
      "definition": {
        "pretty": "<Axiom>",
        "tag": "Postulate"
      },
      "holes": []
    },
    {
      "name": "EqReasoning._.P<18>",
      "type": {
        "pretty": "B → Set",
        "tag": "Pi",
        "name": "_",
        "domain": {
          "tag": "ScopeReference",
          "name": "EqReasoning.B<14>"
        },
        "codomain": {
          "tag": "Sort",
          "sort": "Set"
        }
      },
      "definition": {
        "pretty": "P = P",
        "tag": "Function",
        "clauses": [
          {
            "telescope": [],
            "patterns": [],
            "body": {
              "tag": "Application",
              "head": {
                "tag": "ScopeReference",
                "name": "EqReasoning.EqReasoning0.P<6>"
              },
              "arguments": [
                {
                  "tag": "ScopeReference",
                  "name": "EqReasoning.B<14>"
                }
              ]
            }
          }
        ]
      },
      "holes": [
        {
          "ctx": {
            "pretty": "",
            "telescope": []
          },
          "goal": {
            "pretty": "Set",
            "tag": "Sort",
            "sort": "Set"
          },
          "term": {
            "pretty": "B",
            "tag": "ScopeReference",
            "name": "EqReasoning.B<14>"
          },
          "premises": [
            "EqReasoning.B<14>"
          ]
        }
      ]
    },
    {
      "name": "EqReasoning._.id<20>",
      "type": {
        "pretty": "(x : B) → P x → P x",
        "tag": "Pi",
        "name": "x",
        "domain": {
          "tag": "ScopeReference",
          "name": "EqReasoning.B<14>"
        },
        "codomain": {
          "tag": "Pi",
          "name": "_",
          "domain": {
            "tag": "Application",
            "head": {
              "tag": "ScopeReference",
              "name": "EqReasoning.EqReasoning0.P<6>"
            },
            "arguments": [
              {
                "tag": "ScopeReference",
                "name": "EqReasoning.B<14>"
              },
              {
                "tag": "DeBruijn",
                "index": 0
              }
            ]
          },
          "codomain": {
            "tag": "Application",
            "head": {
              "tag": "ScopeReference",
              "name": "EqReasoning.EqReasoning0.P<6>"
            },
            "arguments": [
              {
                "tag": "ScopeReference",
                "name": "EqReasoning.B<14>"
              },
              {
                "tag": "DeBruijn",
                "index": 0
              }
            ]
          }
        }
      },
      "definition": {
        "pretty": "id = EqReasoning0.id _ _",
        "tag": "Function",
        "clauses": [
          {
            "telescope": [],
            "patterns": [],
            "body": {
              "tag": "ScopeReference",
              "name": "EqReasoning.EqReasoning0.id<10>"
            }
          }
        ]
      },
      "holes": []
    },
    {
      "name": "EqReasoning.C<22>",
      "type": {
        "pretty": "Set",
        "tag": "Sort",
        "sort": "Set"
      },
      "definition": {
        "pretty": "<Axiom>",
        "tag": "Postulate"
      },
      "holes": []
    },
    {
      "name": "EqReasoning._.P<26>",
      "type": {
        "pretty": "C → Set",
        "tag": "Pi",
        "name": "_",
        "domain": {
          "tag": "ScopeReference",
          "name": "EqReasoning.C<22>"
        },
        "codomain": {
          "tag": "Sort",
          "sort": "Set"
        }
      },
      "definition": {
        "pretty": "P′ = P′",
        "tag": "Function",
        "clauses": [
          {
            "telescope": [],
            "patterns": [],
            "body": {
              "tag": "Application",
              "head": {
                "tag": "ScopeReference",
                "name": "EqReasoning.EqReasoning0.P<6>"
              },
              "arguments": [
                {
                  "tag": "ScopeReference",
                  "name": "EqReasoning.C<22>"
                }
              ]
            }
          }
        ]
      },
      "holes": [
        {
          "ctx": {
            "pretty": "",
            "telescope": []
          },
          "goal": {
            "pretty": "Set",
            "tag": "Sort",
            "sort": "Set"
          },
          "term": {
            "pretty": "C",
            "tag": "ScopeReference",
            "name": "EqReasoning.C<22>"
          },
          "premises": [
            "EqReasoning.C<22>"
          ]
        }
      ]
    },
    {
      "name": "EqReasoning._.id<28>",
      "type": {
        "pretty": "(x : C) → P′ x → P′ x",
        "tag": "Pi",
        "name": "x",
        "domain": {
          "tag": "ScopeReference",
          "name": "EqReasoning.C<22>"
        },
        "codomain": {
          "tag": "Pi",
          "name": "_",
          "domain": {
            "tag": "Application",
            "head": {
              "tag": "ScopeReference",
              "name": "EqReasoning.EqReasoning0.P<6>"
            },
            "arguments": [
              {
                "tag": "ScopeReference",
                "name": "EqReasoning.C<22>"
              },
              {
                "tag": "DeBruijn",
                "index": 0
              }
            ]
          },
          "codomain": {
            "tag": "Application",
            "head": {
              "tag": "ScopeReference",
              "name": "EqReasoning.EqReasoning0.P<6>"
            },
            "arguments": [
              {
                "tag": "ScopeReference",
                "name": "EqReasoning.C<22>"
              },
              {
                "tag": "DeBruijn",
                "index": 0
              }
            ]
          }
        }
      },
      "definition": {
        "pretty": "id′ = EqReasoning0.id _ _",
        "tag": "Function",
        "clauses": [
          {
            "telescope": [],
            "patterns": [],
            "body": {
              "tag": "ScopeReference",
              "name": "EqReasoning.EqReasoning0.id<10>"
            }
          }
        ]
      },
      "holes": []
    }
  ],
  "scope-private": [
    {
      "name": "EqReasoning.EqReasoning0.P<6>",
      "type": {
        "pretty": "(A : Set) → A → Set",
        "tag": "Pi",
        "name": "A",
        "domain": {
          "tag": "Sort",
          "sort": "Set"
        },
        "codomain": {
          "tag": "Pi",
          "name": "_",
          "domain": {
            "tag": "DeBruijn",
            "index": 0
          },
          "codomain": {
            "tag": "Sort",
            "sort": "Set"
          }
        }
      },
      "definition": {
        "pretty": "<Axiom>",
        "tag": "Postulate"
      },
      "holes": []
    },
    {
      "name": "EqReasoning.EqReasoning0.id<10>",
      "type": {
        "pretty": "(A : Set) (x : A) → EqReasoning0.P A x → EqReasoning0.P A x",
        "tag": "Pi",
        "name": "A",
        "domain": {
          "tag": "Sort",
          "sort": "Set"
        },
        "codomain": {
          "tag": "Pi",
          "name": "x",
          "domain": {
            "tag": "DeBruijn",
            "index": 0
          },
          "codomain": {
            "tag": "Pi",
            "name": "_",
            "domain": {
              "tag": "Application",
              "head": {
                "tag": "ScopeReference",
                "name": "EqReasoning.EqReasoning0.P<6>"
              },
              "arguments": [
                {
                  "tag": "DeBruijn",
                  "index": 1
                },
                {
                  "tag": "DeBruijn",
                  "index": 0
                }
              ]
            },
            "codomain": {
              "tag": "Application",
              "head": {
                "tag": "ScopeReference",
                "name": "EqReasoning.EqReasoning0.P<6>"
              },
              "arguments": [
                {
                  "tag": "DeBruijn",
                  "index": 1
                },
                {
                  "tag": "DeBruijn",
                  "index": 0
                }
              ]
            }
          }
        }
      },
      "definition": {
        "pretty": "EqReasoning0.id = p",
        "tag": "Function",
        "clauses": [
          {
            "telescope": [
              {
                "pretty": "(A : Set)",
                "tag": "Sort",
                "name": "A",
                "sort": "Set"
              },
              {
                "pretty": "(x : @0)",
                "tag": "DeBruijn",
                "name": "x",
                "index": 0
              },
              {
                "pretty": "(p : EqReasoning0.P @1 @0)",
                "tag": "Application",
                "name": "p",
                "head": {
                  "tag": "ScopeReference",
                  "name": "EqReasoning.EqReasoning0.P<6>"
                },
                "arguments": [
                  {
                    "tag": "DeBruijn",
                    "index": 1
                  },
                  {
                    "tag": "DeBruijn",
                    "index": 0
                  }
                ]
              }
            ],
            "patterns": [
              {
                "tag": "DeBruijn",
                "index": 0
              }
            ],
            "body": {
              "tag": "DeBruijn",
              "index": 0
            }
          }
        ]
      },
      "holes": []
    }
  ]
}