{
  "name": "FunNary",
  "scope-global": [
    {
      "name": "Agda.Primitive.Level<14>",
      "type": {
        "pretty": "Set",
        "tag": "Sort",
        "sort": "Set"
      },
      "definition": {
        "pretty": "<Axiom>",
        "tag": "Postulate"
      }
    },
    {
      "name": "Level.0ℓ<22>",
      "type": {
        "pretty": "Level",
        "tag": "ScopeReference",
        "name": "Agda.Primitive.Level<14>"
      },
      "definition": {
        "pretty": "0ℓ = Level.zero",
        "tag": "Function",
        "clauses": [
          {
            "telescope": [],
            "patterns": [],
            "body": {
              "tag": "ScopeReference",
              "name": "Agda.Primitive.lzero<16>"
            }
          }
        ]
      }
    },
    {
      "name": "Agda.Primitive._⊔_<26>",
      "type": {
        "pretty": "Level → Level → Level",
        "tag": "Pi",
        "name": "ℓ₁",
        "domain": {
          "tag": "ScopeReference",
          "name": "Agda.Primitive.Level<14>"
        },
        "codomain": {
          "tag": "Pi",
          "name": "ℓ₂",
          "domain": {
            "tag": "ScopeReference",
            "name": "Agda.Primitive.Level<14>"
          },
          "codomain": {
            "tag": "ScopeReference",
            "name": "Agda.Primitive.Level<14>"
          }
        }
      },
      "definition": {
        "pretty": "<Primitive>",
        "tag": "Primitive"
      }
    }
  ],
  "scope-local": [
    {
      "name": "FunNary.ℕ<2>",
      "type": {
        "pretty": "Set",
        "tag": "Sort",
        "sort": "Set"
      },
      "definition": {
        "pretty": "(zero : ℕ) | (suc : ℕ → ℕ)",
        "tag": "ADT",
        "variants": [
          {
            "tag": "ScopeReference",
            "name": "FunNary.ℕ<2>"
          },
          {
            "tag": "Pi",
            "name": "_",
            "domain": {
              "tag": "ScopeReference",
              "name": "FunNary.ℕ<2>"
            },
            "codomain": {
              "tag": "ScopeReference",
              "name": "FunNary.ℕ<2>"
            }
          }
        ]
      },
      "holes": []
    },
    {
      "name": "FunNary.ℕ.zero<4>",
      "type": {
        "pretty": "ℕ",
        "tag": "ScopeReference",
        "name": "FunNary.ℕ<2>"
      },
      "definition": {
        "pretty": "ℕ@0",
        "tag": "Constructor",
        "reference": "FunNary.ℕ",
        "variant": 0
      },
      "holes": []
    },
    {
      "name": "FunNary.ℕ.suc<6>",
      "type": {
        "pretty": "ℕ → ℕ",
        "tag": "Pi",
        "name": "_",
        "domain": {
          "tag": "ScopeReference",
          "name": "FunNary.ℕ<2>"
        },
        "codomain": {
          "tag": "ScopeReference",
          "name": "FunNary.ℕ<2>"
        }
      },
      "definition": {
        "pretty": "ℕ@1",
        "tag": "Constructor",
        "reference": "FunNary.ℕ",
        "variant": 1
      },
      "holes": []
    },
    {
      "name": "FunNary._×_<16>",
      "type": {
        "pretty": "{a b : Level} (A : Set a) (B : Set b) → Set (a ⊔ b)",
        "tag": "Pi",
        "name": "a",
        "domain": {
          "tag": "ScopeReference",
          "name": "Agda.Primitive.Level<14>"
        },
        "codomain": {
          "tag": "Pi",
          "name": "b",
          "domain": {
            "tag": "ScopeReference",
            "name": "Agda.Primitive.Level<14>"
          },
          "codomain": {
            "tag": "Pi",
            "name": "A",
            "domain": {
              "tag": "Sort",
              "sort": "Set @1"
            },
            "codomain": {
              "tag": "Pi",
              "name": "B",
              "domain": {
                "tag": "Sort",
                "sort": "Set @1"
              },
              "codomain": {
                "tag": "Sort",
                "sort": "Set (lub @3 @2)"
              }
            }
          }
        }
      },
      "definition": {
        "pretty": "{a : Level} {b : Level} {A : Set a} {B : Set b} |- {(fst : @1) ; (snd : @1)}",
        "tag": "Record",
        "telescope": [
          {
            "pretty": "{a : Level}",
            "tag": "ScopeReference",
            "name": "Agda.Primitive.Level<14>"
          },
          {
            "pretty": "{b : Level}",
            "tag": "ScopeReference",
            "name": "Agda.Primitive.Level<14>"
          },
          {
            "pretty": "{A : Set @1}",
            "tag": "Sort",
            "name": "A",
            "sort": "Set @1"
          },
          {
            "pretty": "{B : Set @1}",
            "tag": "Sort",
            "name": "B",
            "sort": "Set @1"
          }
        ],
        "fields": [
          {
            "tag": "DeBruijn",
            "index": 1
          },
          {
            "tag": "DeBruijn",
            "index": 1
          }
        ]
      },
      "holes": []
    },
    {
      "name": "FunNary._,_<34>",
      "type": {
        "pretty": "{a b : Level} {A : Set a} {B : Set b} (fst : A) (snd : B) → A × B",
        "tag": "Pi",
        "name": "a",
        "domain": {
          "tag": "ScopeReference",
          "name": "Agda.Primitive.Level<14>"
        },
        "codomain": {
          "tag": "Pi",
          "name": "b",
          "domain": {
            "tag": "ScopeReference",
            "name": "Agda.Primitive.Level<14>"
          },
          "codomain": {
            "tag": "Pi",
            "name": "A",
            "domain": {
              "tag": "Sort",
              "sort": "Set @1"
            },
            "codomain": {
              "tag": "Pi",
              "name": "B",
              "domain": {
                "tag": "Sort",
                "sort": "Set @1"
              },
              "codomain": {
                "tag": "Pi",
                "name": "fst",
                "domain": {
                  "tag": "DeBruijn",
                  "index": 1
                },
                "codomain": {
                  "tag": "Pi",
                  "name": "snd",
                  "domain": {
                    "tag": "DeBruijn",
                    "index": 1
                  },
                  "codomain": {
                    "tag": "Application",
                    "head": {
                      "tag": "ScopeReference",
                      "name": "FunNary._×_<16>"
                    },
                    "arguments": [
                      {
                        "tag": "DeBruijn",
                        "index": 5
                      },
                      {
                        "tag": "DeBruijn",
                        "index": 4
                      },
                      {
                        "tag": "DeBruijn",
                        "index": 3
                      },
                      {
                        "tag": "DeBruijn",
                        "index": 2
                      }
                    ]
                  }
                }
              }
            }
          }
        }
      },
      "definition": {
        "pretty": "_×_@0",
        "tag": "Constructor",
        "reference": "FunNary._×_",
        "variant": 0
      },
      "holes": []
    },
    {
      "name": "FunNary.⊤<38>",
      "type": {
        "pretty": "{a : Level} → Set a",
        "tag": "Pi",
        "name": "a",
        "domain": {
          "tag": "ScopeReference",
          "name": "Agda.Primitive.Level<14>"
        },
        "codomain": {
          "tag": "Sort",
          "sort": "Set @0"
        }
      },
      "definition": {
        "pretty": "(tt : {a : Level} → ⊤)",
        "tag": "ADT",
        "variants": [
          {
            "tag": "Pi",
            "name": "a",
            "domain": {
              "tag": "ScopeReference",
              "name": "Agda.Primitive.Level<14>"
            },
            "codomain": {
              "tag": "Application",
              "head": {
                "tag": "ScopeReference",
                "name": "FunNary.⊤<38>"
              },
              "arguments": [
                {
                  "tag": "DeBruijn",
                  "index": 0
                }
              ]
            }
          }
        ]
      },
      "holes": []
    },
    {
      "name": "FunNary.⊤.tt<42>",
      "type": {
        "pretty": "{a : Level} → ⊤",
        "tag": "Pi",
        "name": "a",
        "domain": {
          "tag": "ScopeReference",
          "name": "Agda.Primitive.Level<14>"
        },
        "codomain": {
          "tag": "Application",
          "head": {
            "tag": "ScopeReference",
            "name": "FunNary.⊤<38>"
          },
          "arguments": [
            {
              "tag": "DeBruijn",
              "index": 0
            }
          ]
        }
      },
      "definition": {
        "pretty": "⊤@0",
        "tag": "Constructor",
        "reference": "FunNary.⊤",
        "variant": 0
      },
      "holes": []
    },
    {
      "name": "FunNary.Levels<44>",
      "type": {
        "pretty": "ℕ → Set",
        "tag": "Pi",
        "name": "_",
        "domain": {
          "tag": "ScopeReference",
          "name": "FunNary.ℕ<2>"
        },
        "codomain": {
          "tag": "Sort",
          "sort": "Set"
        }
      },
      "definition": {
        "pretty": "Levels zero = ⊤ | Levels (suc n) = Level × Levels n",
        "tag": "Function",
        "clauses": [
          {
            "telescope": [],
            "patterns": [
              {
                "tag": "ScopeReference",
                "name": "FunNary.ℕ.zero"
              }
            ],
            "body": {
              "tag": "Application",
              "head": {
                "tag": "ScopeReference",
                "name": "FunNary.⊤<38>"
              },
              "arguments": [
                {
                  "tag": "Level",
                  "level": "lzero"
                }
              ]
            }
          },
          {
            "telescope": [
              {
                "pretty": "(n : ℕ)",
                "tag": "ScopeReference",
                "name": "FunNary.ℕ<2>"
              }
            ],
            "patterns": [
              {
                "tag": "Application",
                "head": {
                  "tag": "ScopeReference",
                  "name": "FunNary.ℕ.suc"
                },
                "arguments": [
                  {
                    "tag": "DeBruijn",
                    "index": 0
                  }
                ]
              }
            ],
            "body": {
              "tag": "Application",
              "head": {
                "tag": "ScopeReference",
                "name": "FunNary._×_<16>"
              },
              "arguments": [
                {
                  "tag": "Level",
                  "level": "lzero"
                },
                {
                  "tag": "Level",
                  "level": "lzero"
                },
                {
                  "tag": "ScopeReference",
                  "name": "Agda.Primitive.Level<14>"
                },
                {
                  "tag": "Application",
                  "head": {
                    "tag": "ScopeReference",
                    "name": "FunNary.Levels<44>"
                  },
                  "arguments": [
                    {
                      "tag": "DeBruijn",
                      "index": 0
                    }
                  ]
                }
              ]
            }
          }
        ]
      },
      "holes": [
        {
          "ctx": {
            "pretty": "",
            "telescope": []
          },
          "goal": {
            "pretty": "Set",
            "tag": "Sort",
            "sort": "Set"
          },
          "term": {
            "pretty": "⊤",
            "tag": "Application",
            "head": {
              "tag": "ScopeReference",
              "name": "FunNary.⊤<38>"
            },
            "arguments": [
              {
                "tag": "Level",
                "level": "lzero"
              }
            ]
          },
          "premises": [
            "FunNary.⊤<38>"
          ]
        },
        {
          "ctx": {
            "pretty": "(n : ℕ)",
            "telescope": [
              {
                "pretty": "(n : ℕ)",
                "tag": "ScopeReference",
                "name": "FunNary.ℕ<2>"
              }
            ]
          },
          "goal": {
            "pretty": "Set",
            "tag": "Sort",
            "sort": "Set"
          },
          "term": {
            "pretty": "Level × Levels n",
            "tag": "Application",
            "head": {
              "tag": "ScopeReference",
              "name": "FunNary._×_<16>"
            },
            "arguments": [
              {
                "tag": "Level",
                "level": "lzero"
              },
              {
                "tag": "Level",
                "level": "lzero"
              },
              {
                "tag": "ScopeReference",
                "name": "Agda.Primitive.Level<14>"
              },
              {
                "tag": "Application",
                "head": {
                  "tag": "ScopeReference",
                  "name": "FunNary.Levels<44>"
                },
                "arguments": [
                  {
                    "tag": "DeBruijn",
                    "index": 0
                  }
                ]
              }
            ]
          },
          "premises": [
            "FunNary._×_<16>",
            "Agda.Primitive.Level<14>",
            "FunNary.Levels<44>"
          ]
        },
        {
          "ctx": {
            "pretty": "(n₁ : ℕ)",
            "telescope": [
              {
                "pretty": "(n : ℕ)",
                "tag": "ScopeReference",
                "name": "FunNary.ℕ<2>"
              }
            ]
          },
          "goal": {
            "pretty": "Set",
            "tag": "Sort",
            "sort": "Set lzero"
          },
          "term": {
            "pretty": "Level",
            "tag": "ScopeReference",
            "name": "Agda.Primitive.Level<14>"
          },
          "premises": [
            "Agda.Primitive.Level<14>"
          ]
        },
        {
          "ctx": {
            "pretty": "(n₁ : ℕ)",
            "telescope": [
              {
                "pretty": "(n : ℕ)",
                "tag": "ScopeReference",
                "name": "FunNary.ℕ<2>"
              }
            ]
          },
          "goal": {
            "pretty": "Set",
            "tag": "Sort",
            "sort": "Set lzero"
          },
          "term": {
            "pretty": "Levels n",
            "tag": "Application",
            "head": {
              "tag": "ScopeReference",
              "name": "FunNary.Levels<44>"
            },
            "arguments": [
              {
                "tag": "DeBruijn",
                "index": 0
              }
            ]
          },
          "premises": [
            "FunNary.Levels<44>"
          ]
        }
      ]
    },
    {
      "name": "FunNary.⨆<50>",
      "type": {
        "pretty": "(n : ℕ) → Levels n → Level",
        "tag": "Pi",
        "name": "n",
        "domain": {
          "tag": "ScopeReference",
          "name": "FunNary.ℕ<2>"
        },
        "codomain": {
          "tag": "Pi",
          "name": "_",
          "domain": {
            "tag": "Application",
            "head": {
              "tag": "ScopeReference",
              "name": "FunNary.Levels<44>"
            },
            "arguments": [
              {
                "tag": "DeBruijn",
                "index": 0
              }
            ]
          },
          "codomain": {
            "tag": "ScopeReference",
            "name": "Agda.Primitive.Level<14>"
          }
        }
      },
      "definition": {
        "pretty": "⨆ zero _ = Level.zero | ⨆ (suc n) (l , ls) = l ⊔ ⨆ n ls",
        "tag": "Function",
        "clauses": [
          {
            "telescope": [
              {
                "pretty": "(x : Levels zero)",
                "tag": "Application",
                "name": "x",
                "head": {
                  "tag": "ScopeReference",
                  "name": "FunNary.Levels<44>"
                },
                "arguments": [
                  {
                    "tag": "ScopeReference",
                    "name": "FunNary.ℕ.zero<4>"
                  }
                ]
              }
            ],
            "patterns": [
              {
                "tag": "ScopeReference",
                "name": "FunNary.ℕ.zero"
              },
              {
                "tag": "DeBruijn",
                "index": 0
              }
            ],
            "body": {
              "tag": "ScopeReference",
              "name": "Agda.Primitive.lzero<16>"
            }
          },
          {
            "telescope": [
              {
                "pretty": "(n : ℕ)",
                "tag": "ScopeReference",
                "name": "FunNary.ℕ<2>"
              },
              {
                "pretty": "(l : Level)",
                "tag": "ScopeReference",
                "name": "Agda.Primitive.Level<14>"
              },
              {
                "pretty": "(ls : Levels @1)",
                "tag": "Application",
                "name": "ls",
                "head": {
                  "tag": "ScopeReference",
                  "name": "FunNary.Levels<44>"
                },
                "arguments": [
                  {
                    "tag": "DeBruijn",
                    "index": 1
                  }
                ]
              }
            ],
            "patterns": [
              {
                "tag": "Application",
                "head": {
                  "tag": "ScopeReference",
                  "name": "FunNary.ℕ.suc"
                },
                "arguments": [
                  {
                    "tag": "DeBruijn",
                    "index": 2
                  }
                ]
              },
              {
                "tag": "Application",
                "head": {
                  "tag": "ScopeReference",
                  "name": "FunNary._,_"
                },
                "arguments": [
                  {
                    "tag": "DeBruijn",
                    "index": 1
                  },
                  {
                    "tag": "DeBruijn",
                    "index": 0
                  }
                ]
              }
            ],
            "body": {
              "tag": "Application",
              "head": {
                "tag": "ScopeReference",
                "name": "Agda.Primitive._⊔_<26>"
              },
              "arguments": [
                {
                  "tag": "DeBruijn",
                  "index": 1
                },
                {
                  "tag": "Application",
                  "head": {
                    "tag": "ScopeReference",
                    "name": "FunNary.⨆<50>"
                  },
                  "arguments": [
                    {
                      "tag": "DeBruijn",
                      "index": 2
                    },
                    {
                      "tag": "DeBruijn",
                      "index": 0
                    }
                  ]
                }
              ]
            }
          }
        ]
      },
      "holes": [
        {
          "ctx": {
            "pretty": "(n : ℕ) (l : Level) (ls : Levels n)",
            "telescope": [
              {
                "pretty": "(n : ℕ)",
                "tag": "ScopeReference",
                "name": "FunNary.ℕ<2>"
              },
              {
                "pretty": "(l : Level)",
                "tag": "ScopeReference",
                "name": "Agda.Primitive.Level<14>"
              },
              {
                "pretty": "(ls : Levels l)",
                "tag": "Application",
                "name": "ls",
                "head": {
                  "tag": "ScopeReference",
                  "name": "FunNary.Levels<44>"
                },
                "arguments": [
                  {
                    "tag": "DeBruijn",
                    "index": 1
                  }
                ]
              }
            ]
          },
          "goal": {
            "pretty": "Level",
            "tag": "ScopeReference",
            "name": "Agda.Primitive.Level<14>"
          },
          "term": {
            "pretty": "l ⊔ ⨆ n ls",
            "tag": "Application",
            "head": {
              "tag": "ScopeReference",
              "name": "Agda.Primitive._⊔_<26>"
            },
            "arguments": [
              {
                "tag": "DeBruijn",
                "index": 1
              },
              {
                "tag": "Application",
                "head": {
                  "tag": "ScopeReference",
                  "name": "FunNary.⨆<50>"
                },
                "arguments": [
                  {
                    "tag": "DeBruijn",
                    "index": 2
                  },
                  {
                    "tag": "DeBruijn",
                    "index": 0
                  }
                ]
              }
            ]
          },
          "premises": [
            "Agda.Primitive._⊔_<26>",
            "FunNary.⨆<50>"
          ]
        },
        {
          "ctx": {
            "pretty": "(n₁ : ℕ) (l₁ : Level) (ls₁ : Levels n₁)",
            "telescope": [
              {
                "pretty": "(n : ℕ)",
                "tag": "ScopeReference",
                "name": "FunNary.ℕ<2>"
              },
              {
                "pretty": "(l : Level)",
                "tag": "ScopeReference",
                "name": "Agda.Primitive.Level<14>"
              },
              {
                "pretty": "(ls : Levels l)",
                "tag": "Application",
                "name": "ls",
                "head": {
                  "tag": "ScopeReference",
                  "name": "FunNary.Levels<44>"
                },
                "arguments": [
                  {
                    "tag": "DeBruijn",
                    "index": 1
                  }
                ]
              }
            ]
          },
          "goal": {
            "pretty": "Level",
            "tag": "ScopeReference",
            "name": "Agda.Primitive.Level<14>"
          },
          "term": {
            "pretty": "⨆ n ls",
            "tag": "Application",
            "head": {
              "tag": "ScopeReference",
              "name": "FunNary.⨆<50>"
            },
            "arguments": [
              {
                "tag": "DeBruijn",
                "index": 2
              },
              {
                "tag": "DeBruijn",
                "index": 0
              }
            ]
          },
          "premises": [
            "FunNary.⨆<50>"
          ]
        }
      ]
    },
    {
      "name": "FunNary.Sets<62>",
      "type": {
        "pretty": "(n : ℕ) (ls : Levels n) → Set (Level.suc (⨆ n ls))",
        "tag": "Pi",
        "name": "n",
        "domain": {
          "tag": "ScopeReference",
          "name": "FunNary.ℕ<2>"
        },
        "codomain": {
          "tag": "Pi",
          "name": "ls",
          "domain": {
            "tag": "Application",
            "head": {
              "tag": "ScopeReference",
              "name": "FunNary.Levels<44>"
            },
            "arguments": [
              {
                "tag": "DeBruijn",
                "index": 0
              }
            ]
          },
          "codomain": {
            "tag": "Sort",
            "sort": "Set (lsuc (FunNary.⨆ @1 @0))"
          }
        }
      },
      "definition": {
        "pretty": "Sets zero _ = ⊤ | Sets (suc n) (l , ls) = Set l × Sets n ls",
        "tag": "Function",
        "clauses": [
          {
            "telescope": [
              {
                "pretty": "(ls : Levels zero)",
                "tag": "Application",
                "name": "ls",
                "head": {
                  "tag": "ScopeReference",
                  "name": "FunNary.Levels<44>"
                },
                "arguments": [
                  {
                    "tag": "ScopeReference",
                    "name": "FunNary.ℕ.zero<4>"
                  }
                ]
              }
            ],
            "patterns": [
              {
                "tag": "ScopeReference",
                "name": "FunNary.ℕ.zero"
              },
              {
                "tag": "DeBruijn",
                "index": 0
              }
            ],
            "body": {
              "tag": "Application",
              "head": {
                "tag": "ScopeReference",
                "name": "FunNary.⊤<38>"
              },
              "arguments": [
                {
                  "tag": "Level",
                  "level": "lsuc lzero"
                }
              ]
            }
          },
          {
            "telescope": [
              {
                "pretty": "(n : ℕ)",
                "tag": "ScopeReference",
                "name": "FunNary.ℕ<2>"
              },
              {
                "pretty": "(l : Level)",
                "tag": "ScopeReference",
                "name": "Agda.Primitive.Level<14>"
              },
              {
                "pretty": "(ls : Levels @1)",
                "tag": "Application",
                "name": "ls",
                "head": {
                  "tag": "ScopeReference",
                  "name": "FunNary.Levels<44>"
                },
                "arguments": [
                  {
                    "tag": "DeBruijn",
                    "index": 1
                  }
                ]
              }
            ],
            "patterns": [
              {
                "tag": "Application",
                "head": {
                  "tag": "ScopeReference",
                  "name": "FunNary.ℕ.suc"
                },
                "arguments": [
                  {
                    "tag": "DeBruijn",
                    "index": 2
                  }
                ]
              },
              {
                "tag": "Application",
                "head": {
                  "tag": "ScopeReference",
                  "name": "FunNary._,_"
                },
                "arguments": [
                  {
                    "tag": "DeBruijn",
                    "index": 1
                  },
                  {
                    "tag": "DeBruijn",
                    "index": 0
                  }
                ]
              }
            ],
            "body": {
              "tag": "Application",
              "head": {
                "tag": "ScopeReference",
                "name": "FunNary._×_<16>"
              },
              "arguments": [
                {
                  "tag": "Level",
                  "level": "lsuc @1"
                },
                {
                  "tag": "Level",
                  "level": "lsuc (FunNary.⨆ @2 @0)"
                },
                {
                  "tag": "Sort",
                  "sort": "Set @1"
                },
                {
                  "tag": "Application",
                  "head": {
                    "tag": "ScopeReference",
                    "name": "FunNary.Sets<62>"
                  },
                  "arguments": [
                    {
                      "tag": "DeBruijn",
                      "index": 2
                    },
                    {
                      "tag": "DeBruijn",
                      "index": 0
                    }
                  ]
                }
              ]
            }
          }
        ]
      },
      "holes": [
        {
          "ctx": {
            "pretty": "(ls : Levels zero)",
            "telescope": [
              {
                "pretty": "(ls : Levels zero)",
                "tag": "Application",
                "name": "ls",
                "head": {
                  "tag": "ScopeReference",
                  "name": "FunNary.Levels<44>"
                },
                "arguments": [
                  {
                    "tag": "ScopeReference",
                    "name": "FunNary.ℕ.zero<4>"
                  }
                ]
              }
            ]
          },
          "goal": {
            "pretty": "Set (Level.suc (⨆ zero ls))",
            "tag": "Sort",
            "sort": "Set (lsuc (FunNary.⨆ FunNary.ℕ.zero @0))"
          },
          "term": {
            "pretty": "⊤",
            "tag": "Application",
            "head": {
              "tag": "ScopeReference",
              "name": "FunNary.⊤<38>"
            },
            "arguments": [
              {
                "tag": "Level",
                "level": "lsuc lzero"
              }
            ]
          },
          "premises": [
            "FunNary.⊤<38>"
          ]
        },
        {
          "ctx": {
            "pretty": "(n : ℕ) (l : Level) (ls : Levels n)",
            "telescope": [
              {
                "pretty": "(n : ℕ)",
                "tag": "ScopeReference",
                "name": "FunNary.ℕ<2>"
              },
              {
                "pretty": "(l : Level)",
                "tag": "ScopeReference",
                "name": "Agda.Primitive.Level<14>"
              },
              {
                "pretty": "(ls : Levels l)",
                "tag": "Application",
                "name": "ls",
                "head": {
                  "tag": "ScopeReference",
                  "name": "FunNary.Levels<44>"
                },
                "arguments": [
                  {
                    "tag": "DeBruijn",
                    "index": 1
                  }
                ]
              }
            ]
          },
          "goal": {
            "pretty": "Set (Level.suc (⨆ (suc n) (l , ls)))",
            "tag": "Sort",
            "sort": "Set (lsuc (FunNary.⨆ (FunNary.ℕ.suc @2) (FunNary._,_ @1 @0)))"
          },
          "term": {
            "pretty": "Set l × Sets n ls",
            "tag": "Application",
            "head": {
              "tag": "ScopeReference",
              "name": "FunNary._×_<16>"
            },
            "arguments": [
              {
                "tag": "Level",
                "level": "lsuc @1"
              },
              {
                "tag": "Level",
                "level": "lsuc (FunNary.⨆ @2 @0)"
              },
              {
                "tag": "Sort",
                "sort": "Set @1"
              },
              {
                "tag": "Application",
                "head": {
                  "tag": "ScopeReference",
                  "name": "FunNary.Sets<62>"
                },
                "arguments": [
                  {
                    "tag": "DeBruijn",
                    "index": 2
                  },
                  {
                    "tag": "DeBruijn",
                    "index": 0
                  }
                ]
              }
            ]
          },
          "premises": [
            "FunNary._×_<16>",
            "FunNary.⨆<50>",
            "FunNary.Sets<62>"
          ]
        },
        {
          "ctx": {
            "pretty": "(n₁ : ℕ) (l₁ : Level) (ls₁ : Levels n₁)",
            "telescope": [
              {
                "pretty": "(n : ℕ)",
                "tag": "ScopeReference",
                "name": "FunNary.ℕ<2>"
              },
              {
                "pretty": "(l : Level)",
                "tag": "ScopeReference",
                "name": "Agda.Primitive.Level<14>"
              },
              {
                "pretty": "(ls : Levels l)",
                "tag": "Application",
                "name": "ls",
                "head": {
                  "tag": "ScopeReference",
                  "name": "FunNary.Levels<44>"
                },
                "arguments": [
                  {
                    "tag": "DeBruijn",
                    "index": 1
                  }
                ]
              }
            ]
          },
          "goal": {
            "pretty": "Level",
            "tag": "ScopeReference",
            "name": "Agda.Primitive.Level<14>"
          },
          "term": {
            "pretty": "Level.suc (⨆ n ls)",
            "tag": "Level",
            "level": "lsuc (FunNary.⨆ @2 @0)"
          },
          "premises": [
            "FunNary.⨆<50>"
          ]
        },
        {
          "ctx": {
            "pretty": "(n₁ : ℕ) (l₁ : Level) (ls₁ : Levels n₁)",
            "telescope": [
              {
                "pretty": "(n : ℕ)",
                "tag": "ScopeReference",
                "name": "FunNary.ℕ<2>"
              },
              {
                "pretty": "(l : Level)",
                "tag": "ScopeReference",
                "name": "Agda.Primitive.Level<14>"
              },
              {
                "pretty": "(ls : Levels l)",
                "tag": "Application",
                "name": "ls",
                "head": {
                  "tag": "ScopeReference",
                  "name": "FunNary.Levels<44>"
                },
                "arguments": [
                  {
                    "tag": "DeBruijn",
                    "index": 1
                  }
                ]
              }
            ]
          },
          "goal": {
            "pretty": "Level",
            "tag": "ScopeReference",
            "name": "Agda.Primitive.Level<14>"
          },
          "term": {
            "pretty": "⨆ n ls",
            "tag": "Application",
            "head": {
              "tag": "ScopeReference",
              "name": "FunNary.⨆<50>"
            },
            "arguments": [
              {
                "tag": "DeBruijn",
                "index": 2
              },
              {
                "tag": "DeBruijn",
                "index": 0
              }
            ]
          },
          "premises": [
            "FunNary.⨆<50>"
          ]
        },
        {
          "ctx": {
            "pretty": "(n₁ : ℕ) (l₁ : Level) (ls₁ : Levels n₁)",
            "telescope": [
              {
                "pretty": "(n : ℕ)",
                "tag": "ScopeReference",
                "name": "FunNary.ℕ<2>"
              },
              {
                "pretty": "(l : Level)",
                "tag": "ScopeReference",
                "name": "Agda.Primitive.Level<14>"
              },
              {
                "pretty": "(ls : Levels l)",
                "tag": "Application",
                "name": "ls",
                "head": {
                  "tag": "ScopeReference",
                  "name": "FunNary.Levels<44>"
                },
                "arguments": [
                  {
                    "tag": "DeBruijn",
                    "index": 1
                  }
                ]
              }
            ]
          },
          "goal": {
            "pretty": "Set (Level.suc (⨆ n ls))",
            "tag": "Sort",
            "sort": "Set (lsuc (FunNary.⨆ @2 @0))"
          },
          "term": {
            "pretty": "Sets n ls",
            "tag": "Application",
            "head": {
              "tag": "ScopeReference",
              "name": "FunNary.Sets<62>"
            },
            "arguments": [
              {
                "tag": "DeBruijn",
                "index": 2
              },
              {
                "tag": "DeBruijn",
                "index": 0
              }
            ]
          },
          "premises": [
            "FunNary.Sets<62>"
          ]
        }
      ]
    },
    {
      "name": "FunNary._<$>_<76>",
      "type": {
        "pretty": "({l : Level} → Set l → Set l) → {n : ℕ} {ls : Levels n} → Sets n ls → Sets n ls",
        "tag": "Pi",
        "name": "_",
        "domain": {
          "tag": "Pi",
          "name": "l",
          "domain": {
            "tag": "ScopeReference",
            "name": "Agda.Primitive.Level<14>"
          },
          "codomain": {
            "tag": "Pi",
            "name": "_",
            "domain": {
              "tag": "Sort",
              "sort": "Set @0"
            },
            "codomain": {
              "tag": "Sort",
              "sort": "Set @0"
            }
          }
        },
        "codomain": {
          "tag": "Pi",
          "name": "n",
          "domain": {
            "tag": "ScopeReference",
            "name": "FunNary.ℕ<2>"
          },
          "codomain": {
            "tag": "Pi",
            "name": "ls",
            "domain": {
              "tag": "Application",
              "head": {
                "tag": "ScopeReference",
                "name": "FunNary.Levels<44>"
              },
              "arguments": [
                {
                  "tag": "DeBruijn",
                  "index": 0
                }
              ]
            },
            "codomain": {
              "tag": "Pi",
              "name": "_",
              "domain": {
                "tag": "Application",
                "head": {
                  "tag": "ScopeReference",
                  "name": "FunNary.Sets<62>"
                },
                "arguments": [
                  {
                    "tag": "DeBruijn",
                    "index": 1
                  },
                  {
                    "tag": "DeBruijn",
                    "index": 0
                  }
                ]
              },
              "codomain": {
                "tag": "Application",
                "head": {
                  "tag": "ScopeReference",
                  "name": "FunNary.Sets<62>"
                },
                "arguments": [
                  {
                    "tag": "DeBruijn",
                    "index": 1
                  },
                  {
                    "tag": "DeBruijn",
                    "index": 0
                  }
                ]
              }
            }
          }
        }
      },
      "definition": {
        "pretty": "_<$>_ f {zero} as = tt | _<$>_ f {suc n} (a , as) = f a , (f <$> as)",
        "tag": "Function",
        "clauses": [
          {
            "telescope": [
              {
                "pretty": "(f : {l : Level} → Set l → Set l)",
                "tag": "Pi",
                "name": "l",
                "domain": {
                  "tag": "ScopeReference",
                  "name": "Agda.Primitive.Level<14>"
                },
                "codomain": {
                  "tag": "Pi",
                  "name": "_",
                  "domain": {
                    "tag": "Sort",
                    "sort": "Set @0"
                  },
                  "codomain": {
                    "tag": "Sort",
                    "sort": "Set @0"
                  }
                }
              },
              {
                "pretty": "{ls : Levels zero}",
                "tag": "Application",
                "name": "ls",
                "head": {
                  "tag": "ScopeReference",
                  "name": "FunNary.Levels<44>"
                },
                "arguments": [
                  {
                    "tag": "ScopeReference",
                    "name": "FunNary.ℕ.zero<4>"
                  }
                ]
              },
              {
                "pretty": "(as : Sets zero @0)",
                "tag": "Application",
                "name": "as",
                "head": {
                  "tag": "ScopeReference",
                  "name": "FunNary.Sets<62>"
                },
                "arguments": [
                  {
                    "tag": "ScopeReference",
                    "name": "FunNary.ℕ.zero<4>"
                  },
                  {
                    "tag": "DeBruijn",
                    "index": 0
                  }
                ]
              }
            ],
            "patterns": [
              {
                "tag": "DeBruijn",
                "index": 2
              },
              {
                "tag": "ScopeReference",
                "name": "FunNary.ℕ.zero"
              },
              {
                "tag": "DeBruijn",
                "index": 1
              },
              {
                "tag": "DeBruijn",
                "index": 0
              }
            ],
            "body": {
              "tag": "ScopeReference",
              "name": "FunNary.⊤.tt<42>"
            }
          },
          {
            "telescope": [
              {
                "pretty": "(f : {l : Level} → Set l → Set l)",
                "tag": "Pi",
                "name": "l",
                "domain": {
                  "tag": "ScopeReference",
                  "name": "Agda.Primitive.Level<14>"
                },
                "codomain": {
                  "tag": "Pi",
                  "name": "_",
                  "domain": {
                    "tag": "Sort",
                    "sort": "Set @0"
                  },
                  "codomain": {
                    "tag": "Sort",
                    "sort": "Set @0"
                  }
                }
              },
              {
                "pretty": "(n : ℕ)",
                "tag": "ScopeReference",
                "name": "FunNary.ℕ<2>"
              },
              {
                "pretty": "{ls : Levels (suc @0)}",
                "tag": "Application",
                "name": "ls",
                "head": {
                  "tag": "ScopeReference",
                  "name": "FunNary.Levels<44>"
                },
                "arguments": [
                  {
                    "tag": "Application",
                    "head": {
                      "tag": "ScopeReference",
                      "name": "FunNary.ℕ.suc<6>"
                    },
                    "arguments": [
                      {
                        "tag": "DeBruijn",
                        "index": 0
                      }
                    ]
                  }
                ]
              },
              {
                "pretty": "(a : Set (_×_.fst @0))",
                "tag": "Sort",
                "name": "a",
                "sort": "Set (@0 .FunNary._×_.fst)"
              },
              {
                "pretty": "(as : Sets @2 (_×_.snd @1))",
                "tag": "Application",
                "name": "as",
                "head": {
                  "tag": "ScopeReference",
                  "name": "FunNary.Sets<62>"
                },
                "arguments": [
                  {
                    "tag": "DeBruijn",
                    "index": 2
                  },
                  {
                    "tag": "Application",
                    "head": {
                      "tag": "ScopeReference",
                      "name": "FunNary._×_.snd<32>"
                    },
                    "arguments": [
                      {
                        "tag": "DeBruijn",
                        "index": 1
                      }
                    ]
                  }
                ]
              }
            ],
            "patterns": [
              {
                "tag": "DeBruijn",
                "index": 4
              },
              {
                "tag": "Application",
                "head": {
                  "tag": "ScopeReference",
                  "name": "FunNary.ℕ.suc"
                },
                "arguments": [
                  {
                    "tag": "DeBruijn",
                    "index": 3
                  }
                ]
              },
              {
                "tag": "DeBruijn",
                "index": 2
              },
              {
                "tag": "Application",
                "head": {
                  "tag": "ScopeReference",
                  "name": "FunNary._,_"
                },
                "arguments": [
                  {
                    "tag": "DeBruijn",
                    "index": 1
                  },
                  {
                    "tag": "DeBruijn",
                    "index": 0
                  }
                ]
              }
            ],
            "body": {
              "tag": "Application",
              "head": {
                "tag": "ScopeReference",
                "name": "FunNary._,_<34>"
              },
              "arguments": [
                {
                  "tag": "Application",
                  "head": {
                    "tag": "DeBruijn",
                    "index": 4
                  },
                  "arguments": [
                    {
                      "tag": "Application",
                      "head": {
                        "tag": "ScopeReference",
                        "name": "FunNary._×_.fst<30>"
                      },
                      "arguments": [
                        {
                          "tag": "DeBruijn",
                          "index": 2
                        }
                      ]
                    },
                    {
                      "tag": "DeBruijn",
                      "index": 1
                    }
                  ]
                },
                {
                  "tag": "Application",
                  "head": {
                    "tag": "ScopeReference",
                    "name": "FunNary._<$>_<76>"
                  },
                  "arguments": [
                    {
                      "tag": "DeBruijn",
                      "index": 4
                    },
                    {
                      "tag": "DeBruijn",
                      "index": 3
                    },
                    {
                      "tag": "Application",
                      "head": {
                        "tag": "ScopeReference",
                        "name": "FunNary._×_.snd<32>"
                      },
                      "arguments": [
                        {
                          "tag": "DeBruijn",
                          "index": 2
                        }
                      ]
                    },
                    {
                      "tag": "DeBruijn",
                      "index": 0
                    }
                  ]
                }
              ]
            }
          }
        ]
      },
      "holes": [
        {
          "ctx": {
            "pretty": "(f : {l : Level} → Set l → Set l) {ls : Levels zero} (as : Sets zero ls)",
            "telescope": [
              {
                "pretty": "(f : {l : Level} → Set l → Set l)",
                "tag": "Pi",
                "name": "l",
                "domain": {
                  "tag": "ScopeReference",
                  "name": "Agda.Primitive.Level<14>"
                },
                "codomain": {
                  "tag": "Pi",
                  "name": "_",
                  "domain": {
                    "tag": "Sort",
                    "sort": "Set @0"
                  },
                  "codomain": {
                    "tag": "Sort",
                    "sort": "Set @0"
                  }
                }
              },
              {
                "pretty": "{ls : Levels zero}",
                "tag": "Application",
                "name": "ls",
                "head": {
                  "tag": "ScopeReference",
                  "name": "FunNary.Levels<44>"
                },
                "arguments": [
                  {
                    "tag": "ScopeReference",
                    "name": "FunNary.ℕ.zero<4>"
                  }
                ]
              },
              {
                "pretty": "(as : Sets zero as)",
                "tag": "Application",
                "name": "as",
                "head": {
                  "tag": "ScopeReference",
                  "name": "FunNary.Sets<62>"
                },
                "arguments": [
                  {
                    "tag": "ScopeReference",
                    "name": "FunNary.ℕ.zero<4>"
                  },
                  {
                    "tag": "DeBruijn",
                    "index": 0
                  }
                ]
              }
            ]
          },
          "goal": {
            "pretty": "Sets zero ls",
            "tag": "Application",
            "head": {
              "tag": "ScopeReference",
              "name": "FunNary.Sets<62>"
            },
            "arguments": [
              {
                "tag": "ScopeReference",
                "name": "FunNary.ℕ.zero<4>"
              },
              {
                "tag": "DeBruijn",
                "index": 1
              }
            ]
          },
          "term": {
            "pretty": "tt",
            "tag": "ScopeReference",
            "name": "FunNary.⊤.tt<42>"
          },
          "premises": [
            "FunNary.⊤.tt<42>"
          ]
        }
      ]
    }
  ],
  "scope-private": [
    {
      "name": "FunNary._×_.snd<32>",
      "type": {
        "pretty": "{a b : Level} {A : Set a} {B : Set b} → A × B → B",
        "tag": "Pi",
        "name": "a",
        "domain": {
          "tag": "ScopeReference",
          "name": "Agda.Primitive.Level<14>"
        },
        "codomain": {
          "tag": "Pi",
          "name": "b",
          "domain": {
            "tag": "ScopeReference",
            "name": "Agda.Primitive.Level<14>"
          },
          "codomain": {
            "tag": "Pi",
            "name": "A",
            "domain": {
              "tag": "Sort",
              "sort": "Set @1"
            },
            "codomain": {
              "tag": "Pi",
              "name": "B",
              "domain": {
                "tag": "Sort",
                "sort": "Set @1"
              },
              "codomain": {
                "tag": "Pi",
                "name": "r",
                "domain": {
                  "tag": "Application",
                  "head": {
                    "tag": "ScopeReference",
                    "name": "FunNary._×_<16>"
                  },
                  "arguments": [
                    {
                      "tag": "DeBruijn",
                      "index": 3
                    },
                    {
                      "tag": "DeBruijn",
                      "index": 2
                    },
                    {
                      "tag": "DeBruijn",
                      "index": 1
                    },
                    {
                      "tag": "DeBruijn",
                      "index": 0
                    }
                  ]
                },
                "codomain": {
                  "tag": "DeBruijn",
                  "index": 0
                }
              }
            }
          }
        }
      },
      "definition": {
        "pretty": "_×_.snd = snd",
        "tag": "Function",
        "clauses": [
          {
            "telescope": [
              {
                "pretty": "{a : Level}",
                "tag": "ScopeReference",
                "name": "Agda.Primitive.Level<14>"
              },
              {
                "pretty": "{b : Level}",
                "tag": "ScopeReference",
                "name": "Agda.Primitive.Level<14>"
              },
              {
                "pretty": "{A : Set @1}",
                "tag": "Sort",
                "name": "A",
                "sort": "Set @1"
              },
              {
                "pretty": "{B : Set @1}",
                "tag": "Sort",
                "name": "B",
                "sort": "Set @1"
              },
              {
                "pretty": "(fst : @1)",
                "tag": "DeBruijn",
                "name": "fst",
                "index": 1
              },
              {
                "pretty": "(snd : @1)",
                "tag": "DeBruijn",
                "name": "snd",
                "index": 1
              }
            ],
            "patterns": [
              {
                "tag": "Application",
                "head": {
                  "tag": "ScopeReference",
                  "name": "FunNary._,_"
                },
                "arguments": [
                  {
                    "tag": "DeBruijn",
                    "index": 1
                  },
                  {
                    "tag": "DeBruijn",
                    "index": 0
                  }
                ]
              }
            ],
            "body": {
              "tag": "DeBruijn",
              "index": 0
            }
          }
        ]
      },
      "holes": []
    },
    {
      "name": "FunNary._×_.fst<30>",
      "type": {
        "pretty": "{a b : Level} {A : Set a} {B : Set b} → A × B → A",
        "tag": "Pi",
        "name": "a",
        "domain": {
          "tag": "ScopeReference",
          "name": "Agda.Primitive.Level<14>"
        },
        "codomain": {
          "tag": "Pi",
          "name": "b",
          "domain": {
            "tag": "ScopeReference",
            "name": "Agda.Primitive.Level<14>"
          },
          "codomain": {
            "tag": "Pi",
            "name": "A",
            "domain": {
              "tag": "Sort",
              "sort": "Set @1"
            },
            "codomain": {
              "tag": "Pi",
              "name": "B",
              "domain": {
                "tag": "Sort",
                "sort": "Set @1"
              },
              "codomain": {
                "tag": "Pi",
                "name": "r",
                "domain": {
                  "tag": "Application",
                  "head": {
                    "tag": "ScopeReference",
                    "name": "FunNary._×_<16>"
                  },
                  "arguments": [
                    {
                      "tag": "DeBruijn",
                      "index": 3
                    },
                    {
                      "tag": "DeBruijn",
                      "index": 2
                    },
                    {
                      "tag": "DeBruijn",
                      "index": 1
                    },
                    {
                      "tag": "DeBruijn",
                      "index": 0
                    }
                  ]
                },
                "codomain": {
                  "tag": "DeBruijn",
                  "index": 1
                }
              }
            }
          }
        }
      },
      "definition": {
        "pretty": "_×_.fst = fst",
        "tag": "Function",
        "clauses": [
          {
            "telescope": [
              {
                "pretty": "{a : Level}",
                "tag": "ScopeReference",
                "name": "Agda.Primitive.Level<14>"
              },
              {
                "pretty": "{b : Level}",
                "tag": "ScopeReference",
                "name": "Agda.Primitive.Level<14>"
              },
              {
                "pretty": "{A : Set @1}",
                "tag": "Sort",
                "name": "A",
                "sort": "Set @1"
              },
              {
                "pretty": "{B : Set @1}",
                "tag": "Sort",
                "name": "B",
                "sort": "Set @1"
              },
              {
                "pretty": "(fst : @1)",
                "tag": "DeBruijn",
                "name": "fst",
                "index": 1
              },
              {
                "pretty": "(snd : @1)",
                "tag": "DeBruijn",
                "name": "snd",
                "index": 1
              }
            ],
            "patterns": [
              {
                "tag": "Application",
                "head": {
                  "tag": "ScopeReference",
                  "name": "FunNary._,_"
                },
                "arguments": [
                  {
                    "tag": "DeBruijn",
                    "index": 1
                  },
                  {
                    "tag": "DeBruijn",
                    "index": 0
                  }
                ]
              }
            ],
            "body": {
              "tag": "DeBruijn",
              "index": 1
            }
          }
        ]
      },
      "holes": []
    }
  ]
}