{
  "name": "Importer",
  "scope-global": [
    {
      "name": "Importee2.n<2>",
      "type": {
        "pretty": "Importee.ℕ",
        "tag": "ScopeReference",
        "name": "Importee.ℕ<10>"
      },
      "definition": {
        "pretty": "<Axiom>",
        "tag": "Postulate"
      }
    },
    {
      "name": "Importee2._~_<4>",
      "type": {
        "pretty": "Importee.Rel₂ Importee.ℕ",
        "tag": "Application",
        "head": {
          "tag": "ScopeReference",
          "name": "Importee.Rel₂<2>"
        },
        "arguments": [
          {
            "tag": "ScopeReference",
            "name": "Importee.ℕ<10>"
          }
        ]
      },
      "definition": {
        "pretty": "<Axiom>",
        "tag": "Postulate"
      }
    }
  ],
  "scope-local": [],
  "scope-private": []
}