{
  "name": "IsTotalPreorder",
  "scope-global": [],
  "scope-local": [
    {
      "name": "IsTotalPreorder.A<2>",
      "type": {
        "pretty": "Set",
        "tag": "Sort",
        "sort": "Set"
      },
      "definition": {
        "pretty": "<Axiom>",
        "tag": "Postulate"
      },
      "holes": []
    },
    {
      "name": "IsTotalPreorder._≈_<4>",
      "type": {
        "pretty": "A → A → Set",
        "tag": "Pi",
        "name": "_",
        "domain": {
          "tag": "ScopeReference",
          "name": "IsTotalPreorder.A<2>"
        },
        "codomain": {
          "tag": "Pi",
          "name": "_",
          "domain": {
            "tag": "ScopeReference",
            "name": "IsTotalPreorder.A<2>"
          },
          "codomain": {
            "tag": "Sort",
            "sort": "Set"
          }
        }
      },
      "definition": {
        "pretty": "<Axiom>",
        "tag": "Postulate"
      },
      "holes": []
    },
    {
      "name": "IsTotalPreorder.Reflexive<6>",
      "type": {
        "pretty": "(A → A → Set) → Set",
        "tag": "Pi",
        "name": "_",
        "domain": {
          "tag": "Pi",
          "name": "_",
          "domain": {
            "tag": "ScopeReference",
            "name": "IsTotalPreorder.A<2>"
          },
          "codomain": {
            "tag": "Pi",
            "name": "_",
            "domain": {
              "tag": "ScopeReference",
              "name": "IsTotalPreorder.A<2>"
            },
            "codomain": {
              "tag": "Sort",
              "sort": "Set"
            }
          }
        },
        "codomain": {
          "tag": "Sort",
          "sort": "Set"
        }
      },
      "definition": {
        "pretty": "Reflexive _∼_ = {x : A} → _∼_ x x",
        "tag": "Function",
        "clauses": [
          {
            "telescope": [
              {
                "pretty": "(_∼_ : A → A → Set)",
                "tag": "Pi",
                "name": "_",
                "domain": {
                  "tag": "ScopeReference",
                  "name": "IsTotalPreorder.A<2>"
                },
                "codomain": {
                  "tag": "Pi",
                  "name": "_",
                  "domain": {
                    "tag": "ScopeReference",
                    "name": "IsTotalPreorder.A<2>"
                  },
                  "codomain": {
                    "tag": "Sort",
                    "sort": "Set"
                  }
                }
              }
            ],
            "patterns": [
              {
                "tag": "DeBruijn",
                "index": 0
              }
            ],
            "body": {
              "tag": "Pi",
              "name": "x",
              "domain": {
                "tag": "ScopeReference",
                "name": "IsTotalPreorder.A<2>"
              },
              "codomain": {
                "tag": "Application",
                "head": {
                  "tag": "DeBruijn",
                  "index": 1
                },
                "arguments": [
                  {
                    "tag": "DeBruijn",
                    "index": 0
                  },
                  {
                    "tag": "DeBruijn",
                    "index": 0
                  }
                ]
              }
            }
          }
        ]
      },
      "holes": [
        {
          "ctx": {
            "pretty": "(_∼_ : A → A → Set)",
            "telescope": [
              {
                "pretty": "(_∼_ : A → A → Set)",
                "tag": "Pi",
                "name": "_",
                "domain": {
                  "tag": "ScopeReference",
                  "name": "IsTotalPreorder.A<2>"
                },
                "codomain": {
                  "tag": "Pi",
                  "name": "_",
                  "domain": {
                    "tag": "ScopeReference",
                    "name": "IsTotalPreorder.A<2>"
                  },
                  "codomain": {
                    "tag": "Sort",
                    "sort": "Set"
                  }
                }
              }
            ]
          },
          "goal": {
            "pretty": "Set",
            "tag": "Sort",
            "sort": "Set"
          },
          "term": {
            "pretty": "{x : A} → x ∼ x",
            "tag": "Pi",
            "name": "x",
            "domain": {
              "tag": "ScopeReference",
              "name": "IsTotalPreorder.A<2>"
            },
            "codomain": {
              "tag": "Application",
              "head": {
                "tag": "DeBruijn",
                "index": 1
              },
              "arguments": [
                {
                  "tag": "DeBruijn",
                  "index": 0
                },
                {
                  "tag": "DeBruijn",
                  "index": 0
                }
              ]
            }
          },
          "premises": [
            "IsTotalPreorder.A<2>"
          ]
        },
        {
          "ctx": {
            "pretty": "(_∼₁_ : A → A → Set)",
            "telescope": [
              {
                "pretty": "(_∼_ : A → A → Set)",
                "tag": "Pi",
                "name": "_",
                "domain": {
                  "tag": "ScopeReference",
                  "name": "IsTotalPreorder.A<2>"
                },
                "codomain": {
                  "tag": "Pi",
                  "name": "_",
                  "domain": {
                    "tag": "ScopeReference",
                    "name": "IsTotalPreorder.A<2>"
                  },
                  "codomain": {
                    "tag": "Sort",
                    "sort": "Set"
                  }
                }
              }
            ]
          },
          "goal": {
            "pretty": "Set",
            "tag": "Sort",
            "sort": "Set"
          },
          "term": {
            "pretty": "A",
            "tag": "ScopeReference",
            "name": "IsTotalPreorder.A<2>"
          },
          "premises": [
            "IsTotalPreorder.A<2>"
          ]
        }
      ]
    },
    {
      "name": "IsTotalPreorder.IsEquivalence<12>",
      "type": {
        "pretty": "Set",
        "tag": "Sort",
        "sort": "Set"
      },
      "definition": {
        "pretty": "{(refl : Reflexive _≈_)}",
        "tag": "Record",
        "telescope": [],
        "fields": [
          {
            "tag": "Application",
            "head": {
              "tag": "ScopeReference",
              "name": "IsTotalPreorder.Reflexive<6>"
            },
            "arguments": [
              {
                "tag": "ScopeReference",
                "name": "IsTotalPreorder._≈_<4>"
              }
            ]
          }
        ]
      },
      "holes": []
    },
    {
      "name": "IsTotalPreorder.IsPreorder<20>",
      "type": {
        "pretty": "(_∼_ : A → A → Set) → Set",
        "tag": "Pi",
        "name": "_∼_",
        "domain": {
          "tag": "Pi",
          "name": "_",
          "domain": {
            "tag": "ScopeReference",
            "name": "IsTotalPreorder.A<2>"
          },
          "codomain": {
            "tag": "Pi",
            "name": "_",
            "domain": {
              "tag": "ScopeReference",
              "name": "IsTotalPreorder.A<2>"
            },
            "codomain": {
              "tag": "Sort",
              "sort": "Set"
            }
          }
        },
        "codomain": {
          "tag": "Sort",
          "sort": "Set"
        }
      },
      "definition": {
        "pretty": "{_∼_ : A → A → Set} |- {(isEquivalence : IsEquivalence) ; (reflexive : {x y : A} → x ≈ y → @3 x y)}",
        "tag": "Record",
        "telescope": [
          {
            "pretty": "{_∼_ : A → A → Set}",
            "tag": "Pi",
            "name": "_",
            "domain": {
              "tag": "ScopeReference",
              "name": "IsTotalPreorder.A<2>"
            },
            "codomain": {
              "tag": "Pi",
              "name": "_",
              "domain": {
                "tag": "ScopeReference",
                "name": "IsTotalPreorder.A<2>"
              },
              "codomain": {
                "tag": "Sort",
                "sort": "Set"
              }
            }
          }
        ],
        "fields": [
          {
            "tag": "ScopeReference",
            "name": "IsTotalPreorder.IsEquivalence<12>"
          },
          {
            "tag": "Pi",
            "name": "x",
            "domain": {
              "tag": "ScopeReference",
              "name": "IsTotalPreorder.A<2>"
            },
            "codomain": {
              "tag": "Pi",
              "name": "y",
              "domain": {
                "tag": "ScopeReference",
                "name": "IsTotalPreorder.A<2>"
              },
              "codomain": {
                "tag": "Pi",
                "name": "_",
                "domain": {
                  "tag": "Application",
                  "head": {
                    "tag": "ScopeReference",
                    "name": "IsTotalPreorder._≈_<4>"
                  },
                  "arguments": [
                    {
                      "tag": "DeBruijn",
                      "index": 1
                    },
                    {
                      "tag": "DeBruijn",
                      "index": 0
                    }
                  ]
                },
                "codomain": {
                  "tag": "Application",
                  "head": {
                    "tag": "DeBruijn",
                    "index": 3
                  },
                  "arguments": [
                    {
                      "tag": "DeBruijn",
                      "index": 1
                    },
                    {
                      "tag": "DeBruijn",
                      "index": 0
                    }
                  ]
                }
              }
            }
          }
        ]
      },
      "holes": []
    },
    {
      "name": "IsTotalPreorder.IsTotalPreorder<48>",
      "type": {
        "pretty": "(_≲_ : A → A → Set) → Set",
        "tag": "Pi",
        "name": "_≲_",
        "domain": {
          "tag": "Pi",
          "name": "_",
          "domain": {
            "tag": "ScopeReference",
            "name": "IsTotalPreorder.A<2>"
          },
          "codomain": {
            "tag": "Pi",
            "name": "_",
            "domain": {
              "tag": "ScopeReference",
              "name": "IsTotalPreorder.A<2>"
            },
            "codomain": {
              "tag": "Sort",
              "sort": "Set"
            }
          }
        },
        "codomain": {
          "tag": "Sort",
          "sort": "Set"
        }
      },
      "definition": {
        "pretty": "{_≲_ : A → A → Set} |- {(isPreorder : IsPreorder @0)}",
        "tag": "Record",
        "telescope": [
          {
            "pretty": "{_≲_ : A → A → Set}",
            "tag": "Pi",
            "name": "_",
            "domain": {
              "tag": "ScopeReference",
              "name": "IsTotalPreorder.A<2>"
            },
            "codomain": {
              "tag": "Pi",
              "name": "_",
              "domain": {
                "tag": "ScopeReference",
                "name": "IsTotalPreorder.A<2>"
              },
              "codomain": {
                "tag": "Sort",
                "sort": "Set"
              }
            }
          }
        ],
        "fields": [
          {
            "tag": "Application",
            "head": {
              "tag": "ScopeReference",
              "name": "IsTotalPreorder.IsPreorder<20>"
            },
            "arguments": [
              {
                "tag": "DeBruijn",
                "index": 0
              }
            ]
          }
        ]
      },
      "holes": []
    }
  ],
  "scope-private": [
    {
      "name": "IsTotalPreorder.IsTotalPreorder.isPreorder<54>",
      "type": {
        "pretty": "{_≲_ : A → A → Set} → IsTotalPreorder _≲_ → IsPreorder _≲_",
        "tag": "Pi",
        "name": "_≲_",
        "domain": {
          "tag": "Pi",
          "name": "_",
          "domain": {
            "tag": "ScopeReference",
            "name": "IsTotalPreorder.A<2>"
          },
          "codomain": {
            "tag": "Pi",
            "name": "_",
            "domain": {
              "tag": "ScopeReference",
              "name": "IsTotalPreorder.A<2>"
            },
            "codomain": {
              "tag": "Sort",
              "sort": "Set"
            }
          }
        },
        "codomain": {
          "tag": "Pi",
          "name": "r",
          "domain": {
            "tag": "Application",
            "head": {
              "tag": "ScopeReference",
              "name": "IsTotalPreorder.IsTotalPreorder<48>"
            },
            "arguments": [
              {
                "tag": "DeBruijn",
                "index": 0
              }
            ]
          },
          "codomain": {
            "tag": "Application",
            "head": {
              "tag": "ScopeReference",
              "name": "IsTotalPreorder.IsPreorder<20>"
            },
            "arguments": [
              {
                "tag": "DeBruijn",
                "index": 0
              }
            ]
          }
        }
      },
      "definition": {
        "pretty": "IsTotalPreorder.isPreorder = isPreorder",
        "tag": "Function",
        "clauses": [
          {
            "telescope": [
              {
                "pretty": "{_≲_ : A → A → Set}",
                "tag": "Pi",
                "name": "_",
                "domain": {
                  "tag": "ScopeReference",
                  "name": "IsTotalPreorder.A<2>"
                },
                "codomain": {
                  "tag": "Pi",
                  "name": "_",
                  "domain": {
                    "tag": "ScopeReference",
                    "name": "IsTotalPreorder.A<2>"
                  },
                  "codomain": {
                    "tag": "Sort",
                    "sort": "Set"
                  }
                }
              },
              {
                "pretty": "(isPreorder : IsPreorder @0)",
                "tag": "Application",
                "name": "isPreorder",
                "head": {
                  "tag": "ScopeReference",
                  "name": "IsTotalPreorder.IsPreorder<20>"
                },
                "arguments": [
                  {
                    "tag": "DeBruijn",
                    "index": 0
                  }
                ]
              }
            ],
            "patterns": [
              {
                "tag": "Application",
                "head": {
                  "tag": "ScopeReference",
                  "name": "IsTotalPreorder.IsTotalPreorder.constructor"
                },
                "arguments": [
                  {
                    "tag": "DeBruijn",
                    "index": 0
                  }
                ]
              }
            ],
            "body": {
              "tag": "DeBruijn",
              "index": 0
            }
          }
        ]
      },
      "holes": []
    },
    {
      "name": "IsTotalPreorder.IsTotalPreorder._.isEquivalence<58>",
      "type": {
        "pretty": "{_≲_ : A → A → Set} (r : IsTotalPreorder _≲_) → IsEquivalence",
        "tag": "Pi",
        "name": "_≲_",
        "domain": {
          "tag": "Pi",
          "name": "_",
          "domain": {
            "tag": "ScopeReference",
            "name": "IsTotalPreorder.A<2>"
          },
          "codomain": {
            "tag": "Pi",
            "name": "_",
            "domain": {
              "tag": "ScopeReference",
              "name": "IsTotalPreorder.A<2>"
            },
            "codomain": {
              "tag": "Sort",
              "sort": "Set"
            }
          }
        },
        "codomain": {
          "tag": "Pi",
          "name": "r",
          "domain": {
            "tag": "Application",
            "head": {
              "tag": "ScopeReference",
              "name": "IsTotalPreorder.IsTotalPreorder<48>"
            },
            "arguments": [
              {
                "tag": "DeBruijn",
                "index": 0
              }
            ]
          },
          "codomain": {
            "tag": "ScopeReference",
            "name": "IsTotalPreorder.IsEquivalence<12>"
          }
        }
      },
      "definition": {
        "pretty": "IsTotalPreorder.isEquivalence = IsPreorder.isEquivalence (IsTotalPreorder.isPreorder r)",
        "tag": "Function",
        "clauses": [
          {
            "telescope": [
              {
                "pretty": "{_≲_ : A → A → Set}",
                "tag": "Pi",
                "name": "_",
                "domain": {
                  "tag": "ScopeReference",
                  "name": "IsTotalPreorder.A<2>"
                },
                "codomain": {
                  "tag": "Pi",
                  "name": "_",
                  "domain": {
                    "tag": "ScopeReference",
                    "name": "IsTotalPreorder.A<2>"
                  },
                  "codomain": {
                    "tag": "Sort",
                    "sort": "Set"
                  }
                }
              },
              {
                "pretty": "(r : IsTotalPreorder @0)",
                "tag": "Application",
                "name": "r",
                "head": {
                  "tag": "ScopeReference",
                  "name": "IsTotalPreorder.IsTotalPreorder<48>"
                },
                "arguments": [
                  {
                    "tag": "DeBruijn",
                    "index": 0
                  }
                ]
              }
            ],
            "patterns": [
              {
                "tag": "DeBruijn",
                "index": 0
              }
            ],
            "body": {
              "tag": "Application",
              "head": {
                "tag": "ScopeReference",
                "name": "IsTotalPreorder.IsPreorder.isEquivalence<32>"
              },
              "arguments": [
                {
                  "tag": "Application",
                  "head": {
                    "tag": "ScopeReference",
                    "name": "IsTotalPreorder.IsTotalPreorder.isPreorder<54>"
                  },
                  "arguments": [
                    {
                      "tag": "DeBruijn",
                      "index": 0
                    }
                  ]
                }
              ]
            }
          }
        ]
      },
      "holes": []
    },
    {
      "name": "IsTotalPreorder.IsTotalPreorder._.refl<60>",
      "type": {
        "pretty": "{_≲_ : A → A → Set} (r : IsTotalPreorder _≲_) → Reflexive _≲_",
        "tag": "Pi",
        "name": "_≲_",
        "domain": {
          "tag": "Pi",
          "name": "_",
          "domain": {
            "tag": "ScopeReference",
            "name": "IsTotalPreorder.A<2>"
          },
          "codomain": {
            "tag": "Pi",
            "name": "_",
            "domain": {
              "tag": "ScopeReference",
              "name": "IsTotalPreorder.A<2>"
            },
            "codomain": {
              "tag": "Sort",
              "sort": "Set"
            }
          }
        },
        "codomain": {
          "tag": "Pi",
          "name": "r",
          "domain": {
            "tag": "Application",
            "head": {
              "tag": "ScopeReference",
              "name": "IsTotalPreorder.IsTotalPreorder<48>"
            },
            "arguments": [
              {
                "tag": "DeBruijn",
                "index": 0
              }
            ]
          },
          "codomain": {
            "tag": "Application",
            "head": {
              "tag": "ScopeReference",
              "name": "IsTotalPreorder.Reflexive<6>"
            },
            "arguments": [
              {
                "tag": "DeBruijn",
                "index": 1
              }
            ]
          }
        }
      },
      "definition": {
        "pretty": "IsTotalPreorder.refl = IsTotalPreorder.refl r",
        "tag": "Function",
        "clauses": [
          {
            "telescope": [
              {
                "pretty": "{_≲_ : A → A → Set}",
                "tag": "Pi",
                "name": "_",
                "domain": {
                  "tag": "ScopeReference",
                  "name": "IsTotalPreorder.A<2>"
                },
                "codomain": {
                  "tag": "Pi",
                  "name": "_",
                  "domain": {
                    "tag": "ScopeReference",
                    "name": "IsTotalPreorder.A<2>"
                  },
                  "codomain": {
                    "tag": "Sort",
                    "sort": "Set"
                  }
                }
              },
              {
                "pretty": "(r : IsTotalPreorder @0)",
                "tag": "Application",
                "name": "r",
                "head": {
                  "tag": "ScopeReference",
                  "name": "IsTotalPreorder.IsTotalPreorder<48>"
                },
                "arguments": [
                  {
                    "tag": "DeBruijn",
                    "index": 0
                  }
                ]
              }
            ],
            "patterns": [
              {
                "tag": "DeBruijn",
                "index": 1
              },
              {
                "tag": "DeBruijn",
                "index": 0
              }
            ],
            "body": {
              "tag": "Application",
              "head": {
                "tag": "ScopeReference",
                "name": "IsTotalPreorder.IsPreorder.refl<44>"
              },
              "arguments": [
                {
                  "tag": "DeBruijn",
                  "index": 1
                },
                {
                  "tag": "Application",
                  "head": {
                    "tag": "ScopeReference",
                    "name": "IsTotalPreorder.IsTotalPreorder.isPreorder<54>"
                  },
                  "arguments": [
                    {
                      "tag": "DeBruijn",
                      "index": 0
                    }
                  ]
                }
              ]
            }
          }
        ]
      },
      "holes": []
    },
    {
      "name": "IsTotalPreorder.IsTotalPreorder.constructor<347>",
      "type": {
        "pretty": "{_≲_ : A → A → Set} (isPreorder : IsPreorder _≲_) → IsTotalPreorder _≲_",
        "tag": "Pi",
        "name": "_≲_",
        "domain": {
          "tag": "Pi",
          "name": "_",
          "domain": {
            "tag": "ScopeReference",
            "name": "IsTotalPreorder.A<2>"
          },
          "codomain": {
            "tag": "Pi",
            "name": "_",
            "domain": {
              "tag": "ScopeReference",
              "name": "IsTotalPreorder.A<2>"
            },
            "codomain": {
              "tag": "Sort",
              "sort": "Set"
            }
          }
        },
        "codomain": {
          "tag": "Pi",
          "name": "isPreorder",
          "domain": {
            "tag": "Application",
            "head": {
              "tag": "ScopeReference",
              "name": "IsTotalPreorder.IsPreorder<20>"
            },
            "arguments": [
              {
                "tag": "DeBruijn",
                "index": 0
              }
            ]
          },
          "codomain": {
            "tag": "Application",
            "head": {
              "tag": "ScopeReference",
              "name": "IsTotalPreorder.IsTotalPreorder<48>"
            },
            "arguments": [
              {
                "tag": "DeBruijn",
                "index": 1
              }
            ]
          }
        }
      },
      "definition": {
        "pretty": "IsTotalPreorder@0",
        "tag": "Constructor",
        "reference": "IsTotalPreorder.IsTotalPreorder",
        "variant": 0
      },
      "holes": []
    },
    {
      "name": "IsTotalPreorder.IsTotalPreorder._.reflexive<62>",
      "type": {
        "pretty": "{_≲_ : A → A → Set} (r : IsTotalPreorder _≲_) {x y : A} → x ≈ y → x ≲ y",
        "tag": "Pi",
        "name": "_≲_",
        "domain": {
          "tag": "Pi",
          "name": "_",
          "domain": {
            "tag": "ScopeReference",
            "name": "IsTotalPreorder.A<2>"
          },
          "codomain": {
            "tag": "Pi",
            "name": "_",
            "domain": {
              "tag": "ScopeReference",
              "name": "IsTotalPreorder.A<2>"
            },
            "codomain": {
              "tag": "Sort",
              "sort": "Set"
            }
          }
        },
        "codomain": {
          "tag": "Pi",
          "name": "r",
          "domain": {
            "tag": "Application",
            "head": {
              "tag": "ScopeReference",
              "name": "IsTotalPreorder.IsTotalPreorder<48>"
            },
            "arguments": [
              {
                "tag": "DeBruijn",
                "index": 0
              }
            ]
          },
          "codomain": {
            "tag": "Pi",
            "name": "x",
            "domain": {
              "tag": "ScopeReference",
              "name": "IsTotalPreorder.A<2>"
            },
            "codomain": {
              "tag": "Pi",
              "name": "y",
              "domain": {
                "tag": "ScopeReference",
                "name": "IsTotalPreorder.A<2>"
              },
              "codomain": {
                "tag": "Pi",
                "name": "_",
                "domain": {
                  "tag": "Application",
                  "head": {
                    "tag": "ScopeReference",
                    "name": "IsTotalPreorder._≈_<4>"
                  },
                  "arguments": [
                    {
                      "tag": "DeBruijn",
                      "index": 1
                    },
                    {
                      "tag": "DeBruijn",
                      "index": 0
                    }
                  ]
                },
                "codomain": {
                  "tag": "Application",
                  "head": {
                    "tag": "DeBruijn",
                    "index": 3
                  },
                  "arguments": [
                    {
                      "tag": "DeBruijn",
                      "index": 1
                    },
                    {
                      "tag": "DeBruijn",
                      "index": 0
                    }
                  ]
                }
              }
            }
          }
        }
      },
      "definition": {
        "pretty": "IsTotalPreorder.reflexive = IsPreorder.reflexive (IsTotalPreorder.isPreorder r)",
        "tag": "Function",
        "clauses": [
          {
            "telescope": [
              {
                "pretty": "{_≲_ : A → A → Set}",
                "tag": "Pi",
                "name": "_",
                "domain": {
                  "tag": "ScopeReference",
                  "name": "IsTotalPreorder.A<2>"
                },
                "codomain": {
                  "tag": "Pi",
                  "name": "_",
                  "domain": {
                    "tag": "ScopeReference",
                    "name": "IsTotalPreorder.A<2>"
                  },
                  "codomain": {
                    "tag": "Sort",
                    "sort": "Set"
                  }
                }
              },
              {
                "pretty": "(r : IsTotalPreorder @0)",
                "tag": "Application",
                "name": "r",
                "head": {
                  "tag": "ScopeReference",
                  "name": "IsTotalPreorder.IsTotalPreorder<48>"
                },
                "arguments": [
                  {
                    "tag": "DeBruijn",
                    "index": 0
                  }
                ]
              }
            ],
            "patterns": [
              {
                "tag": "DeBruijn",
                "index": 0
              }
            ],
            "body": {
              "tag": "Application",
              "head": {
                "tag": "ScopeReference",
                "name": "IsTotalPreorder.IsPreorder.reflexive<38>"
              },
              "arguments": [
                {
                  "tag": "Application",
                  "head": {
                    "tag": "ScopeReference",
                    "name": "IsTotalPreorder.IsTotalPreorder.isPreorder<54>"
                  },
                  "arguments": [
                    {
                      "tag": "DeBruijn",
                      "index": 0
                    }
                  ]
                }
              ]
            }
          }
        ]
      },
      "holes": []
    },
    {
      "name": "IsTotalPreorder.IsPreorder.isEquivalence<32>",
      "type": {
        "pretty": "{_∼_ : A → A → Set} → IsPreorder _∼_ → IsEquivalence",
        "tag": "Pi",
        "name": "_∼_",
        "domain": {
          "tag": "Pi",
          "name": "_",
          "domain": {
            "tag": "ScopeReference",
            "name": "IsTotalPreorder.A<2>"
          },
          "codomain": {
            "tag": "Pi",
            "name": "_",
            "domain": {
              "tag": "ScopeReference",
              "name": "IsTotalPreorder.A<2>"
            },
            "codomain": {
              "tag": "Sort",
              "sort": "Set"
            }
          }
        },
        "codomain": {
          "tag": "Pi",
          "name": "r",
          "domain": {
            "tag": "Application",
            "head": {
              "tag": "ScopeReference",
              "name": "IsTotalPreorder.IsPreorder<20>"
            },
            "arguments": [
              {
                "tag": "DeBruijn",
                "index": 0
              }
            ]
          },
          "codomain": {
            "tag": "ScopeReference",
            "name": "IsTotalPreorder.IsEquivalence<12>"
          }
        }
      },
      "definition": {
        "pretty": "IsPreorder.isEquivalence = isEquivalence",
        "tag": "Function",
        "clauses": [
          {
            "telescope": [
              {
                "pretty": "{_∼_ : A → A → Set}",
                "tag": "Pi",
                "name": "_",
                "domain": {
                  "tag": "ScopeReference",
                  "name": "IsTotalPreorder.A<2>"
                },
                "codomain": {
                  "tag": "Pi",
                  "name": "_",
                  "domain": {
                    "tag": "ScopeReference",
                    "name": "IsTotalPreorder.A<2>"
                  },
                  "codomain": {
                    "tag": "Sort",
                    "sort": "Set"
                  }
                }
              },
              {
                "pretty": "(isEquivalence : IsEquivalence)",
                "tag": "ScopeReference",
                "name": "IsTotalPreorder.IsEquivalence<12>"
              },
              {
                "pretty": "(reflexive : {x y : A} → x ≈ y → @3 x y)",
                "tag": "Pi",
                "name": "x",
                "domain": {
                  "tag": "ScopeReference",
                  "name": "IsTotalPreorder.A<2>"
                },
                "codomain": {
                  "tag": "Pi",
                  "name": "y",
                  "domain": {
                    "tag": "ScopeReference",
                    "name": "IsTotalPreorder.A<2>"
                  },
                  "codomain": {
                    "tag": "Pi",
                    "name": "_",
                    "domain": {
                      "tag": "Application",
                      "head": {
                        "tag": "ScopeReference",
                        "name": "IsTotalPreorder._≈_<4>"
                      },
                      "arguments": [
                        {
                          "tag": "DeBruijn",
                          "index": 1
                        },
                        {
                          "tag": "DeBruijn",
                          "index": 0
                        }
                      ]
                    },
                    "codomain": {
                      "tag": "Application",
                      "head": {
                        "tag": "DeBruijn",
                        "index": 3
                      },
                      "arguments": [
                        {
                          "tag": "DeBruijn",
                          "index": 1
                        },
                        {
                          "tag": "DeBruijn",
                          "index": 0
                        }
                      ]
                    }
                  }
                }
              }
            ],
            "patterns": [
              {
                "tag": "Application",
                "head": {
                  "tag": "ScopeReference",
                  "name": "IsTotalPreorder.IsPreorder.constructor"
                },
                "arguments": [
                  {
                    "tag": "DeBruijn",
                    "index": 1
                  },
                  {
                    "tag": "DeBruijn",
                    "index": 0
                  }
                ]
              }
            ],
            "body": {
              "tag": "DeBruijn",
              "index": 1
            }
          }
        ]
      },
      "holes": []
    },
    {
      "name": "IsTotalPreorder.IsTotalPreorder._.Eq.refl<66>",
      "type": {
        "pretty": "{_≲_ : A → A → Set} (r : IsTotalPreorder _≲_) → Reflexive _≈_",
        "tag": "Pi",
        "name": "_≲_",
        "domain": {
          "tag": "Pi",
          "name": "_",
          "domain": {
            "tag": "ScopeReference",
            "name": "IsTotalPreorder.A<2>"
          },
          "codomain": {
            "tag": "Pi",
            "name": "_",
            "domain": {
              "tag": "ScopeReference",
              "name": "IsTotalPreorder.A<2>"
            },
            "codomain": {
              "tag": "Sort",
              "sort": "Set"
            }
          }
        },
        "codomain": {
          "tag": "Pi",
          "name": "r",
          "domain": {
            "tag": "Application",
            "head": {
              "tag": "ScopeReference",
              "name": "IsTotalPreorder.IsTotalPreorder<48>"
            },
            "arguments": [
              {
                "tag": "DeBruijn",
                "index": 0
              }
            ]
          },
          "codomain": {
            "tag": "Application",
            "head": {
              "tag": "ScopeReference",
              "name": "IsTotalPreorder.Reflexive<6>"
            },
            "arguments": [
              {
                "tag": "ScopeReference",
                "name": "IsTotalPreorder._≈_<4>"
              }
            ]
          }
        }
      },
      "definition": {
        "pretty": "IsTotalPreorder.Eq.refl = IsPreorder.Eq.refl (IsTotalPreorder.isPreorder r)",
        "tag": "Function",
        "clauses": [
          {
            "telescope": [
              {
                "pretty": "{_≲_ : A → A → Set}",
                "tag": "Pi",
                "name": "_",
                "domain": {
                  "tag": "ScopeReference",
                  "name": "IsTotalPreorder.A<2>"
                },
                "codomain": {
                  "tag": "Pi",
                  "name": "_",
                  "domain": {
                    "tag": "ScopeReference",
                    "name": "IsTotalPreorder.A<2>"
                  },
                  "codomain": {
                    "tag": "Sort",
                    "sort": "Set"
                  }
                }
              },
              {
                "pretty": "(r : IsTotalPreorder @0)",
                "tag": "Application",
                "name": "r",
                "head": {
                  "tag": "ScopeReference",
                  "name": "IsTotalPreorder.IsTotalPreorder<48>"
                },
                "arguments": [
                  {
                    "tag": "DeBruijn",
                    "index": 0
                  }
                ]
              }
            ],
            "patterns": [
              {
                "tag": "DeBruijn",
                "index": 0
              }
            ],
            "body": {
              "tag": "Application",
              "head": {
                "tag": "ScopeReference",
                "name": "IsTotalPreorder.IsPreorder.Eq.refl<42>"
              },
              "arguments": [
                {
                  "tag": "Application",
                  "head": {
                    "tag": "ScopeReference",
                    "name": "IsTotalPreorder.IsTotalPreorder.isPreorder<54>"
                  },
                  "arguments": [
                    {
                      "tag": "DeBruijn",
                      "index": 0
                    }
                  ]
                }
              ]
            }
          }
        ]
      },
      "holes": []
    },
    {
      "name": "IsTotalPreorder.IsEquivalence.constructor<35>",
      "type": {
        "pretty": "(refl : Reflexive _≈_) → IsEquivalence",
        "tag": "Pi",
        "name": "refl",
        "domain": {
          "tag": "Application",
          "head": {
            "tag": "ScopeReference",
            "name": "IsTotalPreorder.Reflexive<6>"
          },
          "arguments": [
            {
              "tag": "ScopeReference",
              "name": "IsTotalPreorder._≈_<4>"
            }
          ]
        },
        "codomain": {
          "tag": "ScopeReference",
          "name": "IsTotalPreorder.IsEquivalence<12>"
        }
      },
      "definition": {
        "pretty": "IsEquivalence@0",
        "tag": "Constructor",
        "reference": "IsTotalPreorder.IsEquivalence",
        "variant": 0
      },
      "holes": []
    },
    {
      "name": "IsTotalPreorder.IsPreorder.reflexive<38>",
      "type": {
        "pretty": "{_∼_ : A → A → Set} → IsPreorder _∼_ → {x y : A} → x ≈ y → x ∼ y",
        "tag": "Pi",
        "name": "_∼_",
        "domain": {
          "tag": "Pi",
          "name": "_",
          "domain": {
            "tag": "ScopeReference",
            "name": "IsTotalPreorder.A<2>"
          },
          "codomain": {
            "tag": "Pi",
            "name": "_",
            "domain": {
              "tag": "ScopeReference",
              "name": "IsTotalPreorder.A<2>"
            },
            "codomain": {
              "tag": "Sort",
              "sort": "Set"
            }
          }
        },
        "codomain": {
          "tag": "Pi",
          "name": "r",
          "domain": {
            "tag": "Application",
            "head": {
              "tag": "ScopeReference",
              "name": "IsTotalPreorder.IsPreorder<20>"
            },
            "arguments": [
              {
                "tag": "DeBruijn",
                "index": 0
              }
            ]
          },
          "codomain": {
            "tag": "Pi",
            "name": "x",
            "domain": {
              "tag": "ScopeReference",
              "name": "IsTotalPreorder.A<2>"
            },
            "codomain": {
              "tag": "Pi",
              "name": "y",
              "domain": {
                "tag": "ScopeReference",
                "name": "IsTotalPreorder.A<2>"
              },
              "codomain": {
                "tag": "Pi",
                "name": "_",
                "domain": {
                  "tag": "Application",
                  "head": {
                    "tag": "ScopeReference",
                    "name": "IsTotalPreorder._≈_<4>"
                  },
                  "arguments": [
                    {
                      "tag": "DeBruijn",
                      "index": 1
                    },
                    {
                      "tag": "DeBruijn",
                      "index": 0
                    }
                  ]
                },
                "codomain": {
                  "tag": "Application",
                  "head": {
                    "tag": "DeBruijn",
                    "index": 2
                  },
                  "arguments": [
                    {
                      "tag": "DeBruijn",
                      "index": 1
                    },
                    {
                      "tag": "DeBruijn",
                      "index": 0
                    }
                  ]
                }
              }
            }
          }
        }
      },
      "definition": {
        "pretty": "IsPreorder.reflexive = reflexive",
        "tag": "Function",
        "clauses": [
          {
            "telescope": [
              {
                "pretty": "{_∼_ : A → A → Set}",
                "tag": "Pi",
                "name": "_",
                "domain": {
                  "tag": "ScopeReference",
                  "name": "IsTotalPreorder.A<2>"
                },
                "codomain": {
                  "tag": "Pi",
                  "name": "_",
                  "domain": {
                    "tag": "ScopeReference",
                    "name": "IsTotalPreorder.A<2>"
                  },
                  "codomain": {
                    "tag": "Sort",
                    "sort": "Set"
                  }
                }
              },
              {
                "pretty": "(isEquivalence : IsEquivalence)",
                "tag": "ScopeReference",
                "name": "IsTotalPreorder.IsEquivalence<12>"
              },
              {
                "pretty": "(reflexive : {x y : A} → x ≈ y → @3 x y)",
                "tag": "Pi",
                "name": "x",
                "domain": {
                  "tag": "ScopeReference",
                  "name": "IsTotalPreorder.A<2>"
                },
                "codomain": {
                  "tag": "Pi",
                  "name": "y",
                  "domain": {
                    "tag": "ScopeReference",
                    "name": "IsTotalPreorder.A<2>"
                  },
                  "codomain": {
                    "tag": "Pi",
                    "name": "_",
                    "domain": {
                      "tag": "Application",
                      "head": {
                        "tag": "ScopeReference",
                        "name": "IsTotalPreorder._≈_<4>"
                      },
                      "arguments": [
                        {
                          "tag": "DeBruijn",
                          "index": 1
                        },
                        {
                          "tag": "DeBruijn",
                          "index": 0
                        }
                      ]
                    },
                    "codomain": {
                      "tag": "Application",
                      "head": {
                        "tag": "DeBruijn",
                        "index": 3
                      },
                      "arguments": [
                        {
                          "tag": "DeBruijn",
                          "index": 1
                        },
                        {
                          "tag": "DeBruijn",
                          "index": 0
                        }
                      ]
                    }
                  }
                }
              }
            ],
            "patterns": [
              {
                "tag": "Application",
                "head": {
                  "tag": "ScopeReference",
                  "name": "IsTotalPreorder.IsPreorder.constructor"
                },
                "arguments": [
                  {
                    "tag": "DeBruijn",
                    "index": 1
                  },
                  {
                    "tag": "DeBruijn",
                    "index": 0
                  }
                ]
              }
            ],
            "body": {
              "tag": "DeBruijn",
              "index": 0
            }
          }
        ]
      },
      "holes": []
    },
    {
      "name": "IsTotalPreorder.IsPreorder.constructor<135>",
      "type": {
        "pretty": "{_∼_ : A → A → Set} (isEquivalence : IsEquivalence) (reflexive : {x y : A} → x ≈ y → x ∼ y) → IsPreorder _∼_",
        "tag": "Pi",
        "name": "_∼_",
        "domain": {
          "tag": "Pi",
          "name": "_",
          "domain": {
            "tag": "ScopeReference",
            "name": "IsTotalPreorder.A<2>"
          },
          "codomain": {
            "tag": "Pi",
            "name": "_",
            "domain": {
              "tag": "ScopeReference",
              "name": "IsTotalPreorder.A<2>"
            },
            "codomain": {
              "tag": "Sort",
              "sort": "Set"
            }
          }
        },
        "codomain": {
          "tag": "Pi",
          "name": "isEquivalence",
          "domain": {
            "tag": "ScopeReference",
            "name": "IsTotalPreorder.IsEquivalence<12>"
          },
          "codomain": {
            "tag": "Pi",
            "name": "reflexive",
            "domain": {
              "tag": "Pi",
              "name": "x",
              "domain": {
                "tag": "ScopeReference",
                "name": "IsTotalPreorder.A<2>"
              },
              "codomain": {
                "tag": "Pi",
                "name": "y",
                "domain": {
                  "tag": "ScopeReference",
                  "name": "IsTotalPreorder.A<2>"
                },
                "codomain": {
                  "tag": "Pi",
                  "name": "_",
                  "domain": {
                    "tag": "Application",
                    "head": {
                      "tag": "ScopeReference",
                      "name": "IsTotalPreorder._≈_<4>"
                    },
                    "arguments": [
                      {
                        "tag": "DeBruijn",
                        "index": 1
                      },
                      {
                        "tag": "DeBruijn",
                        "index": 0
                      }
                    ]
                  },
                  "codomain": {
                    "tag": "Application",
                    "head": {
                      "tag": "DeBruijn",
                      "index": 3
                    },
                    "arguments": [
                      {
                        "tag": "DeBruijn",
                        "index": 1
                      },
                      {
                        "tag": "DeBruijn",
                        "index": 0
                      }
                    ]
                  }
                }
              }
            },
            "codomain": {
              "tag": "Application",
              "head": {
                "tag": "ScopeReference",
                "name": "IsTotalPreorder.IsPreorder<20>"
              },
              "arguments": [
                {
                  "tag": "DeBruijn",
                  "index": 2
                }
              ]
            }
          }
        }
      },
      "definition": {
        "pretty": "IsPreorder@0",
        "tag": "Constructor",
        "reference": "IsTotalPreorder.IsPreorder",
        "variant": 0
      },
      "holes": []
    },
    {
      "name": "IsTotalPreorder.IsPreorder.Eq.refl<42>",
      "type": {
        "pretty": "{_∼_ : A → A → Set} (r : IsPreorder _∼_) → Reflexive _≈_",
        "tag": "Pi",
        "name": "_∼_",
        "domain": {
          "tag": "Pi",
          "name": "_",
          "domain": {
            "tag": "ScopeReference",
            "name": "IsTotalPreorder.A<2>"
          },
          "codomain": {
            "tag": "Pi",
            "name": "_",
            "domain": {
              "tag": "ScopeReference",
              "name": "IsTotalPreorder.A<2>"
            },
            "codomain": {
              "tag": "Sort",
              "sort": "Set"
            }
          }
        },
        "codomain": {
          "tag": "Pi",
          "name": "r",
          "domain": {
            "tag": "Application",
            "head": {
              "tag": "ScopeReference",
              "name": "IsTotalPreorder.IsPreorder<20>"
            },
            "arguments": [
              {
                "tag": "DeBruijn",
                "index": 0
              }
            ]
          },
          "codomain": {
            "tag": "Application",
            "head": {
              "tag": "ScopeReference",
              "name": "IsTotalPreorder.Reflexive<6>"
            },
            "arguments": [
              {
                "tag": "ScopeReference",
                "name": "IsTotalPreorder._≈_<4>"
              }
            ]
          }
        }
      },
      "definition": {
        "pretty": "IsPreorder.Eq.refl = IsEquivalence.refl (IsPreorder.isEquivalence r)",
        "tag": "Function",
        "clauses": [
          {
            "telescope": [
              {
                "pretty": "{_∼_ : A → A → Set}",
                "tag": "Pi",
                "name": "_",
                "domain": {
                  "tag": "ScopeReference",
                  "name": "IsTotalPreorder.A<2>"
                },
                "codomain": {
                  "tag": "Pi",
                  "name": "_",
                  "domain": {
                    "tag": "ScopeReference",
                    "name": "IsTotalPreorder.A<2>"
                  },
                  "codomain": {
                    "tag": "Sort",
                    "sort": "Set"
                  }
                }
              },
              {
                "pretty": "(r : IsPreorder @0)",
                "tag": "Application",
                "name": "r",
                "head": {
                  "tag": "ScopeReference",
                  "name": "IsTotalPreorder.IsPreorder<20>"
                },
                "arguments": [
                  {
                    "tag": "DeBruijn",
                    "index": 0
                  }
                ]
              }
            ],
            "patterns": [
              {
                "tag": "DeBruijn",
                "index": 0
              }
            ],
            "body": {
              "tag": "Application",
              "head": {
                "tag": "ScopeReference",
                "name": "IsTotalPreorder.IsEquivalence.refl<16>"
              },
              "arguments": [
                {
                  "tag": "Application",
                  "head": {
                    "tag": "ScopeReference",
                    "name": "IsTotalPreorder.IsPreorder.isEquivalence<32>"
                  },
                  "arguments": [
                    {
                      "tag": "DeBruijn",
                      "index": 0
                    }
                  ]
                }
              ]
            }
          }
        ]
      },
      "holes": []
    },
    {
      "name": "IsTotalPreorder.IsPreorder.refl<44>",
      "type": {
        "pretty": "{_∼_ : A → A → Set} (r : IsPreorder _∼_) → Reflexive _∼_",
        "tag": "Pi",
        "name": "_∼_",
        "domain": {
          "tag": "Pi",
          "name": "_",
          "domain": {
            "tag": "ScopeReference",
            "name": "IsTotalPreorder.A<2>"
          },
          "codomain": {
            "tag": "Pi",
            "name": "_",
            "domain": {
              "tag": "ScopeReference",
              "name": "IsTotalPreorder.A<2>"
            },
            "codomain": {
              "tag": "Sort",
              "sort": "Set"
            }
          }
        },
        "codomain": {
          "tag": "Pi",
          "name": "r",
          "domain": {
            "tag": "Application",
            "head": {
              "tag": "ScopeReference",
              "name": "IsTotalPreorder.IsPreorder<20>"
            },
            "arguments": [
              {
                "tag": "DeBruijn",
                "index": 0
              }
            ]
          },
          "codomain": {
            "tag": "Application",
            "head": {
              "tag": "ScopeReference",
              "name": "IsTotalPreorder.Reflexive<6>"
            },
            "arguments": [
              {
                "tag": "DeBruijn",
                "index": 1
              }
            ]
          }
        }
      },
      "definition": {
        "pretty": "IsPreorder.refl = IsPreorder.reflexive r (IsEquivalence.refl (IsPreorder.isEquivalence r))",
        "tag": "Function",
        "clauses": [
          {
            "telescope": [
              {
                "pretty": "{_∼_ : A → A → Set}",
                "tag": "Pi",
                "name": "_",
                "domain": {
                  "tag": "ScopeReference",
                  "name": "IsTotalPreorder.A<2>"
                },
                "codomain": {
                  "tag": "Pi",
                  "name": "_",
                  "domain": {
                    "tag": "ScopeReference",
                    "name": "IsTotalPreorder.A<2>"
                  },
                  "codomain": {
                    "tag": "Sort",
                    "sort": "Set"
                  }
                }
              },
              {
                "pretty": "(r : IsPreorder @0)",
                "tag": "Application",
                "name": "r",
                "head": {
                  "tag": "ScopeReference",
                  "name": "IsTotalPreorder.IsPreorder<20>"
                },
                "arguments": [
                  {
                    "tag": "DeBruijn",
                    "index": 0
                  }
                ]
              },
              {
                "pretty": "{x : A}",
                "tag": "ScopeReference",
                "name": "IsTotalPreorder.A<2>"
              }
            ],
            "patterns": [
              {
                "tag": "DeBruijn",
                "index": 2
              },
              {
                "tag": "DeBruijn",
                "index": 1
              },
              {
                "tag": "DeBruijn",
                "index": 0
              }
            ],
            "body": {
              "tag": "Application",
              "head": {
                "tag": "ScopeReference",
                "name": "IsTotalPreorder.IsPreorder.reflexive<38>"
              },
              "arguments": [
                {
                  "tag": "DeBruijn",
                  "index": 1
                },
                {
                  "tag": "DeBruijn",
                  "index": 0
                },
                {
                  "tag": "DeBruijn",
                  "index": 0
                },
                {
                  "tag": "Application",
                  "head": {
                    "tag": "ScopeReference",
                    "name": "IsTotalPreorder.IsEquivalence.refl<16>"
                  },
                  "arguments": [
                    {
                      "tag": "Application",
                      "head": {
                        "tag": "ScopeReference",
                        "name": "IsTotalPreorder.IsPreorder.isEquivalence<32>"
                      },
                      "arguments": [
                        {
                          "tag": "DeBruijn",
                          "index": 1
                        }
                      ]
                    },
                    {
                      "tag": "DeBruijn",
                      "index": 0
                    }
                  ]
                }
              ]
            }
          }
        ]
      },
      "holes": []
    },
    {
      "name": "IsTotalPreorder.IsEquivalence.refl<16>",
      "type": {
        "pretty": "IsEquivalence → Reflexive _≈_",
        "tag": "Pi",
        "name": "r",
        "domain": {
          "tag": "ScopeReference",
          "name": "IsTotalPreorder.IsEquivalence<12>"
        },
        "codomain": {
          "tag": "Application",
          "head": {
            "tag": "ScopeReference",
            "name": "IsTotalPreorder.Reflexive<6>"
          },
          "arguments": [
            {
              "tag": "ScopeReference",
              "name": "IsTotalPreorder._≈_<4>"
            }
          ]
        }
      },
      "definition": {
        "pretty": "IsEquivalence.refl = refl",
        "tag": "Function",
        "clauses": [
          {
            "telescope": [
              {
                "pretty": "(refl : Reflexive _≈_)",
                "tag": "Application",
                "name": "refl",
                "head": {
                  "tag": "ScopeReference",
                  "name": "IsTotalPreorder.Reflexive<6>"
                },
                "arguments": [
                  {
                    "tag": "ScopeReference",
                    "name": "IsTotalPreorder._≈_<4>"
                  }
                ]
              }
            ],
            "patterns": [
              {
                "tag": "Application",
                "head": {
                  "tag": "ScopeReference",
                  "name": "IsTotalPreorder.IsEquivalence.constructor"
                },
                "arguments": [
                  {
                    "tag": "DeBruijn",
                    "index": 0
                  }
                ]
              }
            ],
            "body": {
              "tag": "DeBruijn",
              "index": 0
            }
          }
        ]
      },
      "holes": []
    }
  ]
}