{
  "name": "Level",
  "scope-global": [
    {
      "name": "Agda.Primitive.Setω<8>",
      "type": {
        "pretty": "Setω₁",
        "tag": "Sort",
        "sort": "Setω1"
      },
      "definition": {
        "pretty": "<PrimitiveSort>",
        "tag": "Primitive"
      }
    },
    {
      "name": "Agda.Primitive.Level<14>",
      "type": {
        "pretty": "Set",
        "tag": "Sort",
        "sort": "Set"
      },
      "definition": {
        "pretty": "<Axiom>",
        "tag": "Postulate"
      }
    },
    {
      "name": "Agda.Primitive.lzero<16>",
      "type": {
        "pretty": "Level",
        "tag": "ScopeReference",
        "name": "Agda.Primitive.Level<14>"
      },
      "definition": {
        "pretty": "<Primitive>",
        "tag": "Primitive"
      }
    },
    {
      "name": "Agda.Primitive.lsuc<20>",
      "type": {
        "pretty": "Level → Level",
        "tag": "Pi",
        "name": "ℓ",
        "domain": {
          "tag": "ScopeReference",
          "name": "Agda.Primitive.Level<14>"
        },
        "codomain": {
          "tag": "ScopeReference",
          "name": "Agda.Primitive.Level<14>"
        }
      },
      "definition": {
        "pretty": "<Primitive>",
        "tag": "Primitive"
      }
    },
    {
      "name": "Agda.Primitive._⊔_<26>",
      "type": {
        "pretty": "Level → Level → Level",
        "tag": "Pi",
        "name": "ℓ₁",
        "domain": {
          "tag": "ScopeReference",
          "name": "Agda.Primitive.Level<14>"
        },
        "codomain": {
          "tag": "Pi",
          "name": "ℓ₂",
          "domain": {
            "tag": "ScopeReference",
            "name": "Agda.Primitive.Level<14>"
          },
          "codomain": {
            "tag": "ScopeReference",
            "name": "Agda.Primitive.Level<14>"
          }
        }
      },
      "definition": {
        "pretty": "<Primitive>",
        "tag": "Primitive"
      }
    }
  ],
  "scope-local": [
    {
      "name": "Level.Lift<8>",
      "type": {
        "pretty": "{a : Level} (ℓ : Level) (A : Set a) → Set (a ⊔ ℓ)",
        "tag": "Pi",
        "name": "a",
        "domain": {
          "tag": "ScopeReference",
          "name": "Agda.Primitive.Level<14>"
        },
        "codomain": {
          "tag": "Pi",
          "name": "ℓ",
          "domain": {
            "tag": "ScopeReference",
            "name": "Agda.Primitive.Level<14>"
          },
          "codomain": {
            "tag": "Pi",
            "name": "A",
            "domain": {
              "tag": "Sort",
              "sort": "Set @1"
            },
            "codomain": {
              "tag": "Sort",
              "sort": "Set (lub @2 @1)"
            }
          }
        }
      },
      "definition": {
        "pretty": "{a : Level} {ℓ : Level} {A : Set a} |- {(lower : @0)}",
        "tag": "Record",
        "telescope": [
          {
            "pretty": "{a : Level}",
            "tag": "ScopeReference",
            "name": "Agda.Primitive.Level<14>"
          },
          {
            "pretty": "{ℓ : Level}",
            "tag": "ScopeReference",
            "name": "Agda.Primitive.Level<14>"
          },
          {
            "pretty": "{A : Set @1}",
            "tag": "Sort",
            "name": "A",
            "sort": "Set @1"
          }
        ],
        "fields": [
          {
            "tag": "DeBruijn",
            "index": 0
          }
        ]
      },
      "holes": []
    },
    {
      "name": "Level.Lift.lower<18>",
      "type": {
        "pretty": "{a ℓ : Level} {A : Set a} → Lift ℓ A → A",
        "tag": "Pi",
        "name": "a",
        "domain": {
          "tag": "ScopeReference",
          "name": "Agda.Primitive.Level<14>"
        },
        "codomain": {
          "tag": "Pi",
          "name": "ℓ",
          "domain": {
            "tag": "ScopeReference",
            "name": "Agda.Primitive.Level<14>"
          },
          "codomain": {
            "tag": "Pi",
            "name": "A",
            "domain": {
              "tag": "Sort",
              "sort": "Set @1"
            },
            "codomain": {
              "tag": "Pi",
              "name": "r",
              "domain": {
                "tag": "Application",
                "head": {
                  "tag": "ScopeReference",
                  "name": "Level.Lift<8>"
                },
                "arguments": [
                  {
                    "tag": "DeBruijn",
                    "index": 2
                  },
                  {
                    "tag": "DeBruijn",
                    "index": 1
                  },
                  {
                    "tag": "DeBruijn",
                    "index": 0
                  }
                ]
              },
              "codomain": {
                "tag": "DeBruijn",
                "index": 0
              }
            }
          }
        }
      },
      "definition": {
        "pretty": "lower = lower₁",
        "tag": "Function",
        "clauses": [
          {
            "telescope": [
              {
                "pretty": "{a : Level}",
                "tag": "ScopeReference",
                "name": "Agda.Primitive.Level<14>"
              },
              {
                "pretty": "{ℓ : Level}",
                "tag": "ScopeReference",
                "name": "Agda.Primitive.Level<14>"
              },
              {
                "pretty": "{A : Set @1}",
                "tag": "Sort",
                "name": "A",
                "sort": "Set @1"
              },
              {
                "pretty": "(lower : @0)",
                "tag": "DeBruijn",
                "name": "lower",
                "index": 0
              }
            ],
            "patterns": [
              {
                "tag": "Application",
                "head": {
                  "tag": "ScopeReference",
                  "name": "Level.lift"
                },
                "arguments": [
                  {
                    "tag": "DeBruijn",
                    "index": 0
                  }
                ]
              }
            ],
            "body": {
              "tag": "DeBruijn",
              "index": 0
            }
          }
        ]
      },
      "holes": []
    },
    {
      "name": "Level.lift<20>",
      "type": {
        "pretty": "{a ℓ : Level} {A : Set a} (lower₁ : A) → Lift ℓ A",
        "tag": "Pi",
        "name": "a",
        "domain": {
          "tag": "ScopeReference",
          "name": "Agda.Primitive.Level<14>"
        },
        "codomain": {
          "tag": "Pi",
          "name": "ℓ",
          "domain": {
            "tag": "ScopeReference",
            "name": "Agda.Primitive.Level<14>"
          },
          "codomain": {
            "tag": "Pi",
            "name": "A",
            "domain": {
              "tag": "Sort",
              "sort": "Set @1"
            },
            "codomain": {
              "tag": "Pi",
              "name": "lower",
              "domain": {
                "tag": "DeBruijn",
                "index": 0
              },
              "codomain": {
                "tag": "Application",
                "head": {
                  "tag": "ScopeReference",
                  "name": "Level.Lift<8>"
                },
                "arguments": [
                  {
                    "tag": "DeBruijn",
                    "index": 3
                  },
                  {
                    "tag": "DeBruijn",
                    "index": 2
                  },
                  {
                    "tag": "DeBruijn",
                    "index": 1
                  }
                ]
              }
            }
          }
        }
      },
      "definition": {
        "pretty": "Lift@0",
        "tag": "Constructor",
        "reference": "Level.Lift",
        "variant": 0
      },
      "holes": []
    },
    {
      "name": "Level.0ℓ<22>",
      "type": {
        "pretty": "Level",
        "tag": "ScopeReference",
        "name": "Agda.Primitive.Level<14>"
      },
      "definition": {
        "pretty": "0ℓ = zero",
        "tag": "Function",
        "clauses": [
          {
            "telescope": [],
            "patterns": [],
            "body": {
              "tag": "ScopeReference",
              "name": "Agda.Primitive.lzero<16>"
            }
          }
        ]
      },
      "holes": [
        {
          "ctx": {
            "pretty": "",
            "telescope": []
          },
          "goal": {
            "pretty": "Level",
            "tag": "ScopeReference",
            "name": "Agda.Primitive.Level<14>"
          },
          "term": {
            "pretty": "zero",
            "tag": "ScopeReference",
            "name": "Agda.Primitive.lzero<16>"
          },
          "premises": [
            "Agda.Primitive.lzero<16>"
          ]
        }
      ]
    },
    {
      "name": "Level.levelOfType<26>",
      "type": {
        "pretty": "{a : Level} → Set a → Level",
        "tag": "Pi",
        "name": "a",
        "domain": {
          "tag": "ScopeReference",
          "name": "Agda.Primitive.Level<14>"
        },
        "codomain": {
          "tag": "Pi",
          "name": "_",
          "domain": {
            "tag": "Sort",
            "sort": "Set @0"
          },
          "codomain": {
            "tag": "ScopeReference",
            "name": "Agda.Primitive.Level<14>"
          }
        }
      },
      "definition": {
        "pretty": "levelOfType {a} _ = a",
        "tag": "Function",
        "clauses": [
          {
            "telescope": [
              {
                "pretty": "{a : Level}",
                "tag": "ScopeReference",
                "name": "Agda.Primitive.Level<14>"
              },
              {
                "pretty": "(x : Set @0)",
                "tag": "Sort",
                "name": "x",
                "sort": "Set @0"
              }
            ],
            "patterns": [
              {
                "tag": "DeBruijn",
                "index": 1
              },
              {
                "tag": "DeBruijn",
                "index": 0
              }
            ],
            "body": {
              "tag": "DeBruijn",
              "index": 1
            }
          }
        ]
      },
      "holes": []
    },
    {
      "name": "Level.levelOfTerm<34>",
      "type": {
        "pretty": "{a : Level} {A : Set a} → A → Level",
        "tag": "Pi",
        "name": "a",
        "domain": {
          "tag": "ScopeReference",
          "name": "Agda.Primitive.Level<14>"
        },
        "codomain": {
          "tag": "Pi",
          "name": "A",
          "domain": {
            "tag": "Sort",
            "sort": "Set @0"
          },
          "codomain": {
            "tag": "Pi",
            "name": "_",
            "domain": {
              "tag": "DeBruijn",
              "index": 0
            },
            "codomain": {
              "tag": "ScopeReference",
              "name": "Agda.Primitive.Level<14>"
            }
          }
        }
      },
      "definition": {
        "pretty": "levelOfTerm {a} _ = a",
        "tag": "Function",
        "clauses": [
          {
            "telescope": [
              {
                "pretty": "{a : Level}",
                "tag": "ScopeReference",
                "name": "Agda.Primitive.Level<14>"
              },
              {
                "pretty": "{A : Set @0}",
                "tag": "Sort",
                "name": "A",
                "sort": "Set @0"
              },
              {
                "pretty": "(x : @0)",
                "tag": "DeBruijn",
                "name": "x",
                "index": 0
              }
            ],
            "patterns": [
              {
                "tag": "DeBruijn",
                "index": 2
              },
              {
                "tag": "DeBruijn",
                "index": 1
              },
              {
                "tag": "DeBruijn",
                "index": 0
              }
            ],
            "body": {
              "tag": "DeBruijn",
              "index": 2
            }
          }
        ]
      },
      "holes": []
    }
  ],
  "scope-private": []
}