{
  "name": "MkSetoid",
  "scope-global": [],
  "scope-local": [
    {
      "name": "MkSetoid.Setoid<2>",
      "type": {
        "pretty": "Set₁",
        "tag": "Sort",
        "sort": "Set1"
      },
      "definition": {
        "pretty": "{(Carrier : Set) ; (_≈_ : @0 → @0 → Set)}",
        "tag": "Record",
        "telescope": [],
        "fields": [
          {
            "tag": "Sort",
            "sort": "Set"
          },
          {
            "tag": "Pi",
            "name": "_",
            "domain": {
              "tag": "DeBruijn",
              "index": 0
            },
            "codomain": {
              "tag": "Pi",
              "name": "_",
              "domain": {
                "tag": "DeBruijn",
                "index": 0
              },
              "codomain": {
                "tag": "Sort",
                "sort": "Set"
              }
            }
          }
        ]
      },
      "holes": []
    }
  ],
  "scope-private": [
    {
      "name": "MkSetoid.Setoid._≈_<10>",
      "type": {
        "pretty": "(r : Setoid) → Setoid.Carrier r → Setoid.Carrier r → Set",
        "tag": "Pi",
        "name": "r",
        "domain": {
          "tag": "ScopeReference",
          "name": "MkSetoid.Setoid<2>"
        },
        "codomain": {
          "tag": "Pi",
          "name": "_",
          "domain": {
            "tag": "Application",
            "head": {
              "tag": "ScopeReference",
              "name": "MkSetoid.Setoid.Carrier<8>"
            },
            "arguments": [
              {
                "tag": "DeBruijn",
                "index": 0
              }
            ]
          },
          "codomain": {
            "tag": "Pi",
            "name": "_",
            "domain": {
              "tag": "Application",
              "head": {
                "tag": "ScopeReference",
                "name": "MkSetoid.Setoid.Carrier<8>"
              },
              "arguments": [
                {
                  "tag": "DeBruijn",
                  "index": 0
                }
              ]
            },
            "codomain": {
              "tag": "Sort",
              "sort": "Set"
            }
          }
        }
      },
      "definition": {
        "pretty": "Setoid._≈_ = _≈_",
        "tag": "Function",
        "clauses": [
          {
            "telescope": [
              {
                "pretty": "(Carrier : Set)",
                "tag": "Sort",
                "name": "Carrier",
                "sort": "Set"
              },
              {
                "pretty": "(_≈_ : @0 → @0 → Set)",
                "tag": "Pi",
                "name": "_",
                "domain": {
                  "tag": "DeBruijn",
                  "index": 0
                },
                "codomain": {
                  "tag": "Pi",
                  "name": "_",
                  "domain": {
                    "tag": "DeBruijn",
                    "index": 0
                  },
                  "codomain": {
                    "tag": "Sort",
                    "sort": "Set"
                  }
                }
              }
            ],
            "patterns": [
              {
                "tag": "Application",
                "head": {
                  "tag": "ScopeReference",
                  "name": "MkSetoid.Setoid.constructor"
                },
                "arguments": [
                  {
                    "tag": "DeBruijn",
                    "index": 1
                  },
                  {
                    "tag": "DeBruijn",
                    "index": 0
                  }
                ]
              }
            ],
            "body": {
              "tag": "DeBruijn",
              "index": 0
            }
          }
        ]
      },
      "holes": []
    },
    {
      "name": "MkSetoid.Setoid.Carrier<8>",
      "type": {
        "pretty": "Setoid → Set",
        "tag": "Pi",
        "name": "r",
        "domain": {
          "tag": "ScopeReference",
          "name": "MkSetoid.Setoid<2>"
        },
        "codomain": {
          "tag": "Sort",
          "sort": "Set"
        }
      },
      "definition": {
        "pretty": "Setoid.Carrier = Carrier",
        "tag": "Function",
        "clauses": [
          {
            "telescope": [
              {
                "pretty": "(Carrier : Set)",
                "tag": "Sort",
                "name": "Carrier",
                "sort": "Set"
              },
              {
                "pretty": "(_≈_ : @0 → @0 → Set)",
                "tag": "Pi",
                "name": "_",
                "domain": {
                  "tag": "DeBruijn",
                  "index": 0
                },
                "codomain": {
                  "tag": "Pi",
                  "name": "_",
                  "domain": {
                    "tag": "DeBruijn",
                    "index": 0
                  },
                  "codomain": {
                    "tag": "Sort",
                    "sort": "Set"
                  }
                }
              }
            ],
            "patterns": [
              {
                "tag": "Application",
                "head": {
                  "tag": "ScopeReference",
                  "name": "MkSetoid.Setoid.constructor"
                },
                "arguments": [
                  {
                    "tag": "DeBruijn",
                    "index": 1
                  },
                  {
                    "tag": "DeBruijn",
                    "index": 0
                  }
                ]
              }
            ],
            "body": {
              "tag": "DeBruijn",
              "index": 1
            }
          }
        ]
      },
      "holes": []
    },
    {
      "name": "MkSetoid.Setoid.constructor<5>",
      "type": {
        "pretty": "(Carrier : Set) (_≈_ : Carrier → Carrier → Set) → Setoid",
        "tag": "Pi",
        "name": "Carrier",
        "domain": {
          "tag": "Sort",
          "sort": "Set"
        },
        "codomain": {
          "tag": "Pi",
          "name": "_≈_",
          "domain": {
            "tag": "Pi",
            "name": "_",
            "domain": {
              "tag": "DeBruijn",
              "index": 0
            },
            "codomain": {
              "tag": "Pi",
              "name": "_",
              "domain": {
                "tag": "DeBruijn",
                "index": 0
              },
              "codomain": {
                "tag": "Sort",
                "sort": "Set"
              }
            }
          },
          "codomain": {
            "tag": "ScopeReference",
            "name": "MkSetoid.Setoid<2>"
          }
        }
      },
      "definition": {
        "pretty": "Setoid@0",
        "tag": "Constructor",
        "reference": "MkSetoid.Setoid",
        "variant": 0
      },
      "holes": []
    }
  ]
}