{
  "name": "OpenModule",
  "scope-global": [
    {
      "name": "Importee.Rel₂<2>",
      "type": {
        "pretty": "Set → Set₁",
        "tag": "Pi",
        "name": "_",
        "domain": {
          "tag": "Sort",
          "sort": "Set"
        },
        "codomain": {
          "tag": "Sort",
          "sort": "Set1"
        }
      },
      "definition": {
        "pretty": "Rel₂ A = A → A → Set",
        "tag": "Function",
        "clauses": [
          {
            "telescope": [
              {
                "pretty": "(A : Set)",
                "tag": "Sort",
                "name": "A",
                "sort": "Set"
              }
            ],
            "patterns": [
              {
                "tag": "DeBruijn",
                "index": 0
              }
            ],
            "body": {
              "tag": "Pi",
              "name": "_",
              "domain": {
                "tag": "DeBruijn",
                "index": 0
              },
              "codomain": {
                "tag": "Pi",
                "name": "_",
                "domain": {
                  "tag": "DeBruijn",
                  "index": 0
                },
                "codomain": {
                  "tag": "Sort",
                  "sort": "Set"
                }
              }
            }
          }
        ]
      }
    },
    {
      "name": "Importee.Op₂<6>",
      "type": {
        "pretty": "Set → Set",
        "tag": "Pi",
        "name": "_",
        "domain": {
          "tag": "Sort",
          "sort": "Set"
        },
        "codomain": {
          "tag": "Sort",
          "sort": "Set"
        }
      },
      "definition": {
        "pretty": "Op₂ A = A → A → A",
        "tag": "Function",
        "clauses": [
          {
            "telescope": [
              {
                "pretty": "(A : Set)",
                "tag": "Sort",
                "name": "A",
                "sort": "Set"
              }
            ],
            "patterns": [
              {
                "tag": "DeBruijn",
                "index": 0
              }
            ],
            "body": {
              "tag": "Pi",
              "name": "_",
              "domain": {
                "tag": "DeBruijn",
                "index": 0
              },
              "codomain": {
                "tag": "Pi",
                "name": "_",
                "domain": {
                  "tag": "DeBruijn",
                  "index": 0
                },
                "codomain": {
                  "tag": "DeBruijn",
                  "index": 0
                }
              }
            }
          }
        ]
      }
    },
    {
      "name": "Importee.ℕ<10>",
      "type": {
        "pretty": "Set",
        "tag": "Sort",
        "sort": "Set"
      },
      "definition": {
        "pretty": "<Axiom>",
        "tag": "Postulate"
      }
    },
    {
      "name": "Importee.𝟘<12>",
      "type": {
        "pretty": "ℕ",
        "tag": "ScopeReference",
        "name": "Importee.ℕ<10>"
      },
      "definition": {
        "pretty": "<Axiom>",
        "tag": "Postulate"
      }
    },
    {
      "name": "Importee.𝟙<14>",
      "type": {
        "pretty": "ℕ",
        "tag": "ScopeReference",
        "name": "Importee.ℕ<10>"
      },
      "definition": {
        "pretty": "<Axiom>",
        "tag": "Postulate"
      }
    },
    {
      "name": "Importee.𝟚<16>",
      "type": {
        "pretty": "ℕ",
        "tag": "ScopeReference",
        "name": "Importee.ℕ<10>"
      },
      "definition": {
        "pretty": "<Axiom>",
        "tag": "Postulate"
      }
    },
    {
      "name": "Importee.𝟛<18>",
      "type": {
        "pretty": "ℕ",
        "tag": "ScopeReference",
        "name": "Importee.ℕ<10>"
      },
      "definition": {
        "pretty": "<Axiom>",
        "tag": "Postulate"
      }
    },
    {
      "name": "Importee._≡_<20>",
      "type": {
        "pretty": "Rel₂ ℕ",
        "tag": "Application",
        "head": {
          "tag": "ScopeReference",
          "name": "Importee.Rel₂<2>"
        },
        "arguments": [
          {
            "tag": "ScopeReference",
            "name": "Importee.ℕ<10>"
          }
        ]
      },
      "definition": {
        "pretty": "<Axiom>",
        "tag": "Postulate"
      }
    },
    {
      "name": "Importee._+_<22>",
      "type": {
        "pretty": "Op₂ ℕ",
        "tag": "Application",
        "head": {
          "tag": "ScopeReference",
          "name": "Importee.Op₂<6>"
        },
        "arguments": [
          {
            "tag": "ScopeReference",
            "name": "Importee.ℕ<10>"
          }
        ]
      },
      "definition": {
        "pretty": "<Axiom>",
        "tag": "Postulate"
      }
    },
    {
      "name": "Importee._*_<24>",
      "type": {
        "pretty": "Op₂ ℕ",
        "tag": "Application",
        "head": {
          "tag": "ScopeReference",
          "name": "Importee.Op₂<6>"
        },
        "arguments": [
          {
            "tag": "ScopeReference",
            "name": "Importee.ℕ<10>"
          }
        ]
      },
      "definition": {
        "pretty": "<Axiom>",
        "tag": "Postulate"
      }
    },
    {
      "name": "Importee._/_<26>",
      "type": {
        "pretty": "Op₂ ℕ",
        "tag": "Application",
        "head": {
          "tag": "ScopeReference",
          "name": "Importee.Op₂<6>"
        },
        "arguments": [
          {
            "tag": "ScopeReference",
            "name": "Importee.ℕ<10>"
          }
        ]
      },
      "definition": {
        "pretty": "<Axiom>",
        "tag": "Postulate"
      }
    },
    {
      "name": "Importee._-_<28>",
      "type": {
        "pretty": "Op₂ ℕ",
        "tag": "Application",
        "head": {
          "tag": "ScopeReference",
          "name": "Importee.Op₂<6>"
        },
        "arguments": [
          {
            "tag": "ScopeReference",
            "name": "Importee.ℕ<10>"
          }
        ]
      },
      "definition": {
        "pretty": "<Axiom>",
        "tag": "Postulate"
      }
    },
    {
      "name": "Importee.+-comm<34>",
      "type": {
        "pretty": "{x y : ℕ} → (x + y) ≡ (y + x)",
        "tag": "Pi",
        "name": "x",
        "domain": {
          "tag": "ScopeReference",
          "name": "Importee.ℕ<10>"
        },
        "codomain": {
          "tag": "Pi",
          "name": "y",
          "domain": {
            "tag": "ScopeReference",
            "name": "Importee.ℕ<10>"
          },
          "codomain": {
            "tag": "Application",
            "head": {
              "tag": "ScopeReference",
              "name": "Importee._≡_<20>"
            },
            "arguments": [
              {
                "tag": "Application",
                "head": {
                  "tag": "ScopeReference",
                  "name": "Importee._+_<22>"
                },
                "arguments": [
                  {
                    "tag": "DeBruijn",
                    "index": 1
                  },
                  {
                    "tag": "DeBruijn",
                    "index": 0
                  }
                ]
              },
              {
                "tag": "Application",
                "head": {
                  "tag": "ScopeReference",
                  "name": "Importee._+_<22>"
                },
                "arguments": [
                  {
                    "tag": "DeBruijn",
                    "index": 0
                  },
                  {
                    "tag": "DeBruijn",
                    "index": 1
                  }
                ]
              }
            ]
          }
        }
      },
      "definition": {
        "pretty": "<Axiom>",
        "tag": "Postulate"
      }
    },
    {
      "name": "Importee.+-assoc<42>",
      "type": {
        "pretty": "{x y z : ℕ} → (x + (y + z)) ≡ ((x + y) + z)",
        "tag": "Pi",
        "name": "x",
        "domain": {
          "tag": "ScopeReference",
          "name": "Importee.ℕ<10>"
        },
        "codomain": {
          "tag": "Pi",
          "name": "y",
          "domain": {
            "tag": "ScopeReference",
            "name": "Importee.ℕ<10>"
          },
          "codomain": {
            "tag": "Pi",
            "name": "z",
            "domain": {
              "tag": "ScopeReference",
              "name": "Importee.ℕ<10>"
            },
            "codomain": {
              "tag": "Application",
              "head": {
                "tag": "ScopeReference",
                "name": "Importee._≡_<20>"
              },
              "arguments": [
                {
                  "tag": "Application",
                  "head": {
                    "tag": "ScopeReference",
                    "name": "Importee._+_<22>"
                  },
                  "arguments": [
                    {
                      "tag": "DeBruijn",
                      "index": 2
                    },
                    {
                      "tag": "Application",
                      "head": {
                        "tag": "ScopeReference",
                        "name": "Importee._+_<22>"
                      },
                      "arguments": [
                        {
                          "tag": "DeBruijn",
                          "index": 1
                        },
                        {
                          "tag": "DeBruijn",
                          "index": 0
                        }
                      ]
                    }
                  ]
                },
                {
                  "tag": "Application",
                  "head": {
                    "tag": "ScopeReference",
                    "name": "Importee._+_<22>"
                  },
                  "arguments": [
                    {
                      "tag": "Application",
                      "head": {
                        "tag": "ScopeReference",
                        "name": "Importee._+_<22>"
                      },
                      "arguments": [
                        {
                          "tag": "DeBruijn",
                          "index": 2
                        },
                        {
                          "tag": "DeBruijn",
                          "index": 1
                        }
                      ]
                    },
                    {
                      "tag": "DeBruijn",
                      "index": 0
                    }
                  ]
                }
              ]
            }
          }
        }
      },
      "definition": {
        "pretty": "<Axiom>",
        "tag": "Postulate"
      }
    },
    {
      "name": "Importee.example<44>",
      "type": {
        "pretty": "(𝟙 + 𝟙) ≡ 𝟚",
        "tag": "Application",
        "head": {
          "tag": "ScopeReference",
          "name": "Importee._≡_<20>"
        },
        "arguments": [
          {
            "tag": "Application",
            "head": {
              "tag": "ScopeReference",
              "name": "Importee._+_<22>"
            },
            "arguments": [
              {
                "tag": "ScopeReference",
                "name": "Importee.𝟙<14>"
              },
              {
                "tag": "ScopeReference",
                "name": "Importee.𝟙<14>"
              }
            ]
          },
          {
            "tag": "ScopeReference",
            "name": "Importee.𝟚<16>"
          }
        ]
      },
      "definition": {
        "pretty": "<Axiom>",
        "tag": "Postulate"
      }
    },
    {
      "name": "Importee._+nasty<50>",
      "type": {
        "pretty": "ℕ → ℕ",
        "tag": "Pi",
        "name": "_",
        "domain": {
          "tag": "ScopeReference",
          "name": "Importee.ℕ<10>"
        },
        "codomain": {
          "tag": "ScopeReference",
          "name": "Importee.ℕ<10>"
        }
      },
      "definition": {
        "pretty": "x +nasty = x +nasty | 𝟘",
        "tag": "Function",
        "clauses": [
          {
            "telescope": [
              {
                "pretty": "(x : ℕ)",
                "tag": "ScopeReference",
                "name": "Importee.ℕ<10>"
              }
            ],
            "patterns": [
              {
                "tag": "DeBruijn",
                "index": 0
              }
            ],
            "body": {
              "tag": "Application",
              "head": {
                "tag": "ScopeReference",
                "name": "Importee.with-54<56>"
              },
              "arguments": [
                {
                  "tag": "ScopeReference",
                  "name": "Importee.𝟘<12>"
                },
                {
                  "tag": "DeBruijn",
                  "index": 0
                }
              ]
            }
          }
        ]
      }
    },
    {
      "name": "Importee._+nasty'<60>",
      "type": {
        "pretty": "ℕ → ℕ",
        "tag": "Pi",
        "name": "_",
        "domain": {
          "tag": "ScopeReference",
          "name": "Importee.ℕ<10>"
        },
        "codomain": {
          "tag": "ScopeReference",
          "name": "Importee.ℕ<10>"
        }
      },
      "definition": {
        "pretty": "_+nasty' = λ { x → x + 𝟘 }",
        "tag": "Function",
        "clauses": [
          {
            "telescope": [],
            "patterns": [],
            "body": {
              "tag": "ScopeReference",
              "name": "Importee..extendedlambda0<62>"
            }
          }
        ]
      }
    },
    {
      "name": "Importee._+2<66>",
      "type": {
        "pretty": "ℕ → ℕ",
        "tag": "Pi",
        "name": "_",
        "domain": {
          "tag": "ScopeReference",
          "name": "Importee.ℕ<10>"
        },
        "codomain": {
          "tag": "ScopeReference",
          "name": "Importee.ℕ<10>"
        }
      },
      "definition": {
        "pretty": "x +2 = (x Importee._.+n) x",
        "tag": "Function",
        "clauses": [
          {
            "telescope": [
              {
                "pretty": "(x : ℕ)",
                "tag": "ScopeReference",
                "name": "Importee.ℕ<10>"
              }
            ],
            "patterns": [
              {
                "tag": "DeBruijn",
                "index": 0
              }
            ],
            "body": {
              "tag": "Application",
              "head": {
                "tag": "ScopeReference",
                "name": "Importee._._+n<76>"
              },
              "arguments": [
                {
                  "tag": "DeBruijn",
                  "index": 0
                },
                {
                  "tag": "DeBruijn",
                  "index": 0
                }
              ]
            }
          }
        ]
      }
    }
  ],
  "scope-local": [
    {
      "name": "OpenModule.A<14>",
      "type": {
        "pretty": "Set",
        "tag": "Sort",
        "sort": "Set"
      },
      "definition": {
        "pretty": "<Axiom>",
        "tag": "Postulate"
      },
      "holes": []
    },
    {
      "name": "OpenModule._.P<18>",
      "type": {
        "pretty": "A → Set",
        "tag": "Pi",
        "name": "_",
        "domain": {
          "tag": "ScopeReference",
          "name": "OpenModule.A<14>"
        },
        "codomain": {
          "tag": "Sort",
          "sort": "Set"
        }
      },
      "definition": {
        "pretty": "P = P",
        "tag": "Function",
        "clauses": [
          {
            "telescope": [],
            "patterns": [],
            "body": {
              "tag": "Application",
              "head": {
                "tag": "ScopeReference",
                "name": "OpenModule.M.P<6>"
              },
              "arguments": [
                {
                  "tag": "ScopeReference",
                  "name": "OpenModule.A<14>"
                }
              ]
            }
          }
        ]
      },
      "holes": [
        {
          "ctx": {
            "pretty": "",
            "telescope": []
          },
          "goal": {
            "pretty": "Set",
            "tag": "Sort",
            "sort": "Set"
          },
          "term": {
            "pretty": "A",
            "tag": "ScopeReference",
            "name": "OpenModule.A<14>"
          },
          "premises": [
            "OpenModule.A<14>"
          ]
        }
      ]
    },
    {
      "name": "OpenModule._.f<20>",
      "type": {
        "pretty": "(x : A) → P x → P x",
        "tag": "Pi",
        "name": "x",
        "domain": {
          "tag": "ScopeReference",
          "name": "OpenModule.A<14>"
        },
        "codomain": {
          "tag": "Pi",
          "name": "_",
          "domain": {
            "tag": "Application",
            "head": {
              "tag": "ScopeReference",
              "name": "OpenModule.M.P<6>"
            },
            "arguments": [
              {
                "tag": "ScopeReference",
                "name": "OpenModule.A<14>"
              },
              {
                "tag": "DeBruijn",
                "index": 0
              }
            ]
          },
          "codomain": {
            "tag": "Application",
            "head": {
              "tag": "ScopeReference",
              "name": "OpenModule.M.P<6>"
            },
            "arguments": [
              {
                "tag": "ScopeReference",
                "name": "OpenModule.A<14>"
              },
              {
                "tag": "DeBruijn",
                "index": 0
              }
            ]
          }
        }
      },
      "definition": {
        "pretty": "f = M.f _ _",
        "tag": "Function",
        "clauses": [
          {
            "telescope": [],
            "patterns": [],
            "body": {
              "tag": "ScopeReference",
              "name": "OpenModule.M.f<10>"
            }
          }
        ]
      },
      "holes": []
    }
  ],
  "scope-private": [
    {
      "name": "OpenModule.M.P<6>",
      "type": {
        "pretty": "(A₁ : Set) → A₁ → Set",
        "tag": "Pi",
        "name": "A",
        "domain": {
          "tag": "Sort",
          "sort": "Set"
        },
        "codomain": {
          "tag": "Pi",
          "name": "_",
          "domain": {
            "tag": "DeBruijn",
            "index": 0
          },
          "codomain": {
            "tag": "Sort",
            "sort": "Set"
          }
        }
      },
      "definition": {
        "pretty": "<Axiom>",
        "tag": "Postulate"
      },
      "holes": []
    },
    {
      "name": "OpenModule.M.f<10>",
      "type": {
        "pretty": "(A₁ : Set) (x : A₁) → M.P A₁ x → M.P A₁ x",
        "tag": "Pi",
        "name": "A",
        "domain": {
          "tag": "Sort",
          "sort": "Set"
        },
        "codomain": {
          "tag": "Pi",
          "name": "x",
          "domain": {
            "tag": "DeBruijn",
            "index": 0
          },
          "codomain": {
            "tag": "Pi",
            "name": "_",
            "domain": {
              "tag": "Application",
              "head": {
                "tag": "ScopeReference",
                "name": "OpenModule.M.P<6>"
              },
              "arguments": [
                {
                  "tag": "DeBruijn",
                  "index": 1
                },
                {
                  "tag": "DeBruijn",
                  "index": 0
                }
              ]
            },
            "codomain": {
              "tag": "Application",
              "head": {
                "tag": "ScopeReference",
                "name": "OpenModule.M.P<6>"
              },
              "arguments": [
                {
                  "tag": "DeBruijn",
                  "index": 1
                },
                {
                  "tag": "DeBruijn",
                  "index": 0
                }
              ]
            }
          }
        }
      },
      "definition": {
        "pretty": "M.f = p",
        "tag": "Function",
        "clauses": [
          {
            "telescope": [
              {
                "pretty": "(A : Set)",
                "tag": "Sort",
                "name": "A",
                "sort": "Set"
              },
              {
                "pretty": "(x : @0)",
                "tag": "DeBruijn",
                "name": "x",
                "index": 0
              },
              {
                "pretty": "(p : M.P @1 @0)",
                "tag": "Application",
                "name": "p",
                "head": {
                  "tag": "ScopeReference",
                  "name": "OpenModule.M.P<6>"
                },
                "arguments": [
                  {
                    "tag": "DeBruijn",
                    "index": 1
                  },
                  {
                    "tag": "DeBruijn",
                    "index": 0
                  }
                ]
              }
            ],
            "patterns": [
              {
                "tag": "DeBruijn",
                "index": 0
              }
            ],
            "body": {
              "tag": "DeBruijn",
              "index": 0
            }
          }
        ]
      },
      "holes": []
    }
  ]
}