{
  "name": "ReasoningSetoid",
  "scope-global": [],
  "scope-local": [
    {
      "name": "ReasoningSetoid.Y<2>",
      "type": {
        "pretty": "Set",
        "tag": "Sort",
        "sort": "Set"
      },
      "definition": {
        "pretty": "<Axiom>",
        "tag": "Postulate"
      },
      "holes": []
    },
    {
      "name": "ReasoningSetoid.y<4>",
      "type": {
        "pretty": "Y",
        "tag": "ScopeReference",
        "name": "ReasoningSetoid.Y<2>"
      },
      "definition": {
        "pretty": "<Axiom>",
        "tag": "Postulate"
      },
      "holes": []
    },
    {
      "name": "ReasoningSetoid._.X<18>",
      "type": {
        "pretty": "Set",
        "tag": "Sort",
        "sort": "Set"
      },
      "definition": {
        "pretty": "(c1 : X) | (c2 : X → X)",
        "tag": "ADT",
        "variants": [
          {
            "tag": "Application",
            "head": {
              "tag": "ScopeReference",
              "name": "ReasoningSetoid.M.X<10>"
            },
            "arguments": [
              {
                "tag": "ScopeReference",
                "name": "ReasoningSetoid.y<4>"
              }
            ]
          },
          {
            "tag": "Pi",
            "name": "_",
            "domain": {
              "tag": "Application",
              "head": {
                "tag": "ScopeReference",
                "name": "ReasoningSetoid.M.X<10>"
              },
              "arguments": [
                {
                  "tag": "ScopeReference",
                  "name": "ReasoningSetoid.y<4>"
                }
              ]
            },
            "codomain": {
              "tag": "Application",
              "head": {
                "tag": "ScopeReference",
                "name": "ReasoningSetoid.M.X<10>"
              },
              "arguments": [
                {
                  "tag": "ScopeReference",
                  "name": "ReasoningSetoid.y<4>"
                }
              ]
            }
          }
        ]
      },
      "holes": []
    },
    {
      "name": "ReasoningSetoid._.c1<20>",
      "type": {
        "pretty": "X",
        "tag": "Application",
        "head": {
          "tag": "ScopeReference",
          "name": "ReasoningSetoid.M.X<10>"
        },
        "arguments": [
          {
            "tag": "ScopeReference",
            "name": "ReasoningSetoid.y<4>"
          }
        ]
      },
      "definition": {
        "pretty": "X@0",
        "tag": "Constructor",
        "reference": "ReasoningSetoid._.X",
        "variant": 0
      },
      "holes": []
    },
    {
      "name": "ReasoningSetoid._.c2<22>",
      "type": {
        "pretty": "X → X",
        "tag": "Pi",
        "name": "_",
        "domain": {
          "tag": "Application",
          "head": {
            "tag": "ScopeReference",
            "name": "ReasoningSetoid.M.X<10>"
          },
          "arguments": [
            {
              "tag": "ScopeReference",
              "name": "ReasoningSetoid.y<4>"
            }
          ]
        },
        "codomain": {
          "tag": "Application",
          "head": {
            "tag": "ScopeReference",
            "name": "ReasoningSetoid.M.X<10>"
          },
          "arguments": [
            {
              "tag": "ScopeReference",
              "name": "ReasoningSetoid.y<4>"
            }
          ]
        }
      },
      "definition": {
        "pretty": "X@1",
        "tag": "Constructor",
        "reference": "ReasoningSetoid._.X",
        "variant": 1
      },
      "holes": []
    }
  ],
  "scope-private": [
    {
      "name": "ReasoningSetoid.M.X.c1<12>",
      "type": {
        "pretty": "{y = y₁ : Y} → M.X y₁",
        "tag": "Pi",
        "name": "y",
        "domain": {
          "tag": "ScopeReference",
          "name": "ReasoningSetoid.Y<2>"
        },
        "codomain": {
          "tag": "Application",
          "head": {
            "tag": "ScopeReference",
            "name": "ReasoningSetoid.M.X<10>"
          },
          "arguments": [
            {
              "tag": "DeBruijn",
              "index": 0
            }
          ]
        }
      },
      "definition": {
        "pretty": "M.X@0",
        "tag": "Constructor",
        "reference": "ReasoningSetoid.M.X",
        "variant": 0
      },
      "holes": []
    },
    {
      "name": "ReasoningSetoid._.X.c1<26>",
      "type": {
        "pretty": "X",
        "tag": "Application",
        "head": {
          "tag": "ScopeReference",
          "name": "ReasoningSetoid.M.X<10>"
        },
        "arguments": [
          {
            "tag": "ScopeReference",
            "name": "ReasoningSetoid.y<4>"
          }
        ]
      },
      "definition": {
        "pretty": "X@0",
        "tag": "Constructor",
        "reference": "ReasoningSetoid._.X",
        "variant": 0
      },
      "holes": []
    },
    {
      "name": "ReasoningSetoid.M.X.c2<14>",
      "type": {
        "pretty": "{y = y₁ : Y} → M.X y₁ → M.X y₁",
        "tag": "Pi",
        "name": "y",
        "domain": {
          "tag": "ScopeReference",
          "name": "ReasoningSetoid.Y<2>"
        },
        "codomain": {
          "tag": "Pi",
          "name": "_",
          "domain": {
            "tag": "Application",
            "head": {
              "tag": "ScopeReference",
              "name": "ReasoningSetoid.M.X<10>"
            },
            "arguments": [
              {
                "tag": "DeBruijn",
                "index": 0
              }
            ]
          },
          "codomain": {
            "tag": "Application",
            "head": {
              "tag": "ScopeReference",
              "name": "ReasoningSetoid.M.X<10>"
            },
            "arguments": [
              {
                "tag": "DeBruijn",
                "index": 0
              }
            ]
          }
        }
      },
      "definition": {
        "pretty": "M.X@1",
        "tag": "Constructor",
        "reference": "ReasoningSetoid.M.X",
        "variant": 1
      },
      "holes": []
    },
    {
      "name": "ReasoningSetoid._.X.c2<28>",
      "type": {
        "pretty": "X → X",
        "tag": "Pi",
        "name": "_",
        "domain": {
          "tag": "Application",
          "head": {
            "tag": "ScopeReference",
            "name": "ReasoningSetoid.M.X<10>"
          },
          "arguments": [
            {
              "tag": "ScopeReference",
              "name": "ReasoningSetoid.y<4>"
            }
          ]
        },
        "codomain": {
          "tag": "Application",
          "head": {
            "tag": "ScopeReference",
            "name": "ReasoningSetoid.M.X<10>"
          },
          "arguments": [
            {
              "tag": "ScopeReference",
              "name": "ReasoningSetoid.y<4>"
            }
          ]
        }
      },
      "definition": {
        "pretty": "X@1",
        "tag": "Constructor",
        "reference": "ReasoningSetoid._.X",
        "variant": 1
      },
      "holes": []
    },
    {
      "name": "ReasoningSetoid.M.X<10>",
      "type": {
        "pretty": "(y₁ : Y) → Set",
        "tag": "Pi",
        "name": "y",
        "domain": {
          "tag": "ScopeReference",
          "name": "ReasoningSetoid.Y<2>"
        },
        "codomain": {
          "tag": "Sort",
          "sort": "Set"
        }
      },
      "definition": {
        "pretty": "(c1 : {y = y₁ : Y} → M.X y₁) | (c2 : {y = y₁ : Y} → M.X y₁ → M.X y₁)",
        "tag": "ADT",
        "variants": [
          {
            "tag": "Pi",
            "name": "y",
            "domain": {
              "tag": "ScopeReference",
              "name": "ReasoningSetoid.Y<2>"
            },
            "codomain": {
              "tag": "Application",
              "head": {
                "tag": "ScopeReference",
                "name": "ReasoningSetoid.M.X<10>"
              },
              "arguments": [
                {
                  "tag": "DeBruijn",
                  "index": 0
                }
              ]
            }
          },
          {
            "tag": "Pi",
            "name": "y",
            "domain": {
              "tag": "ScopeReference",
              "name": "ReasoningSetoid.Y<2>"
            },
            "codomain": {
              "tag": "Pi",
              "name": "_",
              "domain": {
                "tag": "Application",
                "head": {
                  "tag": "ScopeReference",
                  "name": "ReasoningSetoid.M.X<10>"
                },
                "arguments": [
                  {
                    "tag": "DeBruijn",
                    "index": 0
                  }
                ]
              },
              "codomain": {
                "tag": "Application",
                "head": {
                  "tag": "ScopeReference",
                  "name": "ReasoningSetoid.M.X<10>"
                },
                "arguments": [
                  {
                    "tag": "DeBruijn",
                    "index": 0
                  }
                ]
              }
            }
          }
        ]
      },
      "holes": []
    }
  ]
}