{
  "name": "Reduction",
  "scope-global": [
    {
      "name": "Agda.Builtin.Equality._≡_<12>",
      "type": {
        "pretty": "{a = a₁ : Agda.Primitive.Level} {A = A₁ : Set a₁} → A₁ → A₁ → Set a₁",
        "tag": "Pi",
        "name": "a",
        "domain": {
          "tag": "ScopeReference",
          "name": "Agda.Primitive.Level<14>"
        },
        "codomain": {
          "tag": "Pi",
          "name": "A",
          "domain": {
            "tag": "Sort",
            "sort": "Set @0"
          },
          "codomain": {
            "tag": "Pi",
            "name": "x",
            "domain": {
              "tag": "DeBruijn",
              "index": 0
            },
            "codomain": {
              "tag": "Pi",
              "name": "_",
              "domain": {
                "tag": "DeBruijn",
                "index": 0
              },
              "codomain": {
                "tag": "Sort",
                "sort": "Set @1"
              }
            }
          }
        }
      },
      "definition": {
        "pretty": "(refl : {a = a₁ : Agda.Primitive.Level} {A = A₁ : Set a₁} {x : A₁} → x ≡ x)",
        "tag": "ADT",
        "variants": [
          {
            "tag": "Pi",
            "name": "a",
            "domain": {
              "tag": "ScopeReference",
              "name": "Agda.Primitive.Level<14>"
            },
            "codomain": {
              "tag": "Pi",
              "name": "A",
              "domain": {
                "tag": "Sort",
                "sort": "Set @0"
              },
              "codomain": {
                "tag": "Pi",
                "name": "x",
                "domain": {
                  "tag": "DeBruijn",
                  "index": 0
                },
                "codomain": {
                  "tag": "Application",
                  "head": {
                    "tag": "ScopeReference",
                    "name": "Agda.Builtin.Equality._≡_<12>"
                  },
                  "arguments": [
                    {
                      "tag": "DeBruijn",
                      "index": 2
                    },
                    {
                      "tag": "DeBruijn",
                      "index": 1
                    },
                    {
                      "tag": "DeBruijn",
                      "index": 0
                    },
                    {
                      "tag": "DeBruijn",
                      "index": 0
                    }
                  ]
                }
              }
            }
          }
        ]
      }
    },
    {
      "name": "Agda.Builtin.Equality._≡_.refl<20>",
      "type": {
        "pretty": "{a = a₁ : Agda.Primitive.Level} {A = A₁ : Set a₁} {x : A₁} → x ≡ x",
        "tag": "Pi",
        "name": "a",
        "domain": {
          "tag": "ScopeReference",
          "name": "Agda.Primitive.Level<14>"
        },
        "codomain": {
          "tag": "Pi",
          "name": "A",
          "domain": {
            "tag": "Sort",
            "sort": "Set @0"
          },
          "codomain": {
            "tag": "Pi",
            "name": "x",
            "domain": {
              "tag": "DeBruijn",
              "index": 0
            },
            "codomain": {
              "tag": "Application",
              "head": {
                "tag": "ScopeReference",
                "name": "Agda.Builtin.Equality._≡_<12>"
              },
              "arguments": [
                {
                  "tag": "DeBruijn",
                  "index": 2
                },
                {
                  "tag": "DeBruijn",
                  "index": 1
                },
                {
                  "tag": "DeBruijn",
                  "index": 0
                },
                {
                  "tag": "DeBruijn",
                  "index": 0
                }
              ]
            }
          }
        }
      },
      "definition": {
        "pretty": "_≡_@0",
        "tag": "Constructor",
        "reference": "Agda.Builtin.Equality._≡_",
        "variant": 0
      }
    }
  ],
  "scope-local": [
    {
      "name": "Reduction.A#<2>",
      "type": {
        "pretty": "Set",
        "tag": "Sort",
        "sort": "Set"
      },
      "definition": {
        "pretty": "(a# : A#)",
        "tag": "ADT",
        "variants": [
          {
            "tag": "ScopeReference",
            "name": "Reduction.A#<2>"
          }
        ]
      },
      "holes": []
    },
    {
      "name": "Reduction.A#.a#<4>",
      "type": {
        "pretty": "A#",
        "tag": "ScopeReference",
        "name": "Reduction.A#<2>"
      },
      "definition": {
        "pretty": "A#@0",
        "tag": "Constructor",
        "reference": "Reduction.A#",
        "variant": 0
      },
      "holes": []
    },
    {
      "name": "Reduction.A<6>",
      "type": {
        "pretty": "Set",
        "tag": "Sort",
        "sort": "Set"
      },
      "definition": {
        "pretty": "A = A#",
        "tag": "Function",
        "clauses": [
          {
            "telescope": [],
            "patterns": [],
            "body": {
              "tag": "ScopeReference",
              "name": "Reduction.A#<2>"
            }
          }
        ]
      },
      "holes": [
        {
          "ctx": {
            "pretty": "",
            "telescope": []
          },
          "goal": {
            "pretty": "Set",
            "tag": "Sort",
            "sort": "Set"
          },
          "term": {
            "pretty": "A#",
            "tag": "ScopeReference",
            "name": "Reduction.A#<2>"
          },
          "premises": [
            "Reduction.A#<2>"
          ]
        }
      ]
    },
    {
      "name": "Reduction.a<8>",
      "type": {
        "pretty": "A",
        "tag": "ScopeReference",
        "name": "Reduction.A<6>"
      },
      "definition": {
        "pretty": "a = a#",
        "tag": "Function",
        "clauses": [
          {
            "telescope": [],
            "patterns": [],
            "body": {
              "tag": "ScopeReference",
              "name": "Reduction.A#.a#<4>"
            }
          }
        ]
      },
      "holes": [
        {
          "ctx": {
            "pretty": "",
            "telescope": []
          },
          "goal": {
            "pretty": "A",
            "tag": "ScopeReference",
            "name": "Reduction.A<6>"
          },
          "term": {
            "pretty": "a#",
            "tag": "ScopeReference",
            "name": "Reduction.A#.a#<4>"
          },
          "premises": [
            "Reduction.A#.a#<4>"
          ]
        }
      ]
    },
    {
      "name": "Reduction.f<10>",
      "type": {
        "pretty": "A → A",
        "tag": "Pi",
        "name": "_",
        "domain": {
          "tag": "ScopeReference",
          "name": "Reduction.A<6>"
        },
        "codomain": {
          "tag": "ScopeReference",
          "name": "Reduction.A<6>"
        }
      },
      "definition": {
        "pretty": "f a# = a",
        "tag": "Function",
        "clauses": [
          {
            "telescope": [],
            "patterns": [
              {
                "tag": "ScopeReference",
                "name": "Reduction.A#.a#"
              }
            ],
            "body": {
              "tag": "ScopeReference",
              "name": "Reduction.a<8>"
            }
          }
        ]
      },
      "holes": [
        {
          "ctx": {
            "pretty": "",
            "telescope": []
          },
          "goal": {
            "pretty": "A",
            "tag": "ScopeReference",
            "name": "Reduction.A<6>"
          },
          "term": {
            "pretty": "a",
            "tag": "ScopeReference",
            "name": "Reduction.a<8>"
          },
          "premises": [
            "Reduction.a<8>"
          ]
        }
      ]
    },
    {
      "name": "Reduction.eq<12>",
      "type": {
        "pretty": "f a ≡ f a",
        "tag": "Application",
        "head": {
          "tag": "ScopeReference",
          "name": "Agda.Builtin.Equality._≡_<12>"
        },
        "arguments": [
          {
            "tag": "Level",
            "level": "lzero"
          },
          {
            "tag": "ScopeReference",
            "name": "Reduction.A#<2>"
          },
          {
            "tag": "Application",
            "head": {
              "tag": "ScopeReference",
              "name": "Reduction.f<10>"
            },
            "arguments": [
              {
                "tag": "ScopeReference",
                "name": "Reduction.a<8>"
              }
            ]
          },
          {
            "tag": "Application",
            "head": {
              "tag": "ScopeReference",
              "name": "Reduction.f<10>"
            },
            "arguments": [
              {
                "tag": "ScopeReference",
                "name": "Reduction.a<8>"
              }
            ]
          }
        ]
      },
      "definition": {
        "pretty": "eq = refl",
        "tag": "Function",
        "clauses": [
          {
            "telescope": [],
            "patterns": [],
            "body": {
              "tag": "ScopeReference",
              "name": "Agda.Builtin.Equality._≡_.refl<20>"
            }
          }
        ]
      },
      "holes": [
        {
          "ctx": {
            "pretty": "",
            "telescope": []
          },
          "goal": {
            "pretty": "f a ≡ f a",
            "tag": "Application",
            "head": {
              "tag": "ScopeReference",
              "name": "Agda.Builtin.Equality._≡_<12>"
            },
            "arguments": [
              {
                "tag": "Level",
                "level": "lzero"
              },
              {
                "tag": "ScopeReference",
                "name": "Reduction.A#<2>"
              },
              {
                "tag": "Application",
                "head": {
                  "tag": "ScopeReference",
                  "name": "Reduction.f<10>"
                },
                "arguments": [
                  {
                    "tag": "ScopeReference",
                    "name": "Reduction.a<8>"
                  }
                ]
              },
              {
                "tag": "Application",
                "head": {
                  "tag": "ScopeReference",
                  "name": "Reduction.f<10>"
                },
                "arguments": [
                  {
                    "tag": "ScopeReference",
                    "name": "Reduction.a<8>"
                  }
                ]
              }
            ]
          },
          "term": {
            "pretty": "refl",
            "tag": "ScopeReference",
            "name": "Agda.Builtin.Equality._≡_.refl<20>"
          },
          "premises": [
            "Agda.Builtin.Equality._≡_.refl<20>"
          ]
        }
      ]
    },
    {
      "name": "Reduction.Nat<14>",
      "type": {
        "pretty": "Set",
        "tag": "Sort",
        "sort": "Set"
      },
      "definition": {
        "pretty": "(zero : Nat) | (suc : Nat → Nat)",
        "tag": "ADT",
        "variants": [
          {
            "tag": "ScopeReference",
            "name": "Reduction.Nat<14>"
          },
          {
            "tag": "Pi",
            "name": "_",
            "domain": {
              "tag": "ScopeReference",
              "name": "Reduction.Nat<14>"
            },
            "codomain": {
              "tag": "ScopeReference",
              "name": "Reduction.Nat<14>"
            }
          }
        ]
      },
      "holes": []
    },
    {
      "name": "Reduction.Nat.zero<16>",
      "type": {
        "pretty": "Nat",
        "tag": "ScopeReference",
        "name": "Reduction.Nat<14>"
      },
      "definition": {
        "pretty": "Nat@0",
        "tag": "Constructor",
        "reference": "Reduction.Nat",
        "variant": 0
      },
      "holes": []
    },
    {
      "name": "Reduction.Nat.suc<18>",
      "type": {
        "pretty": "Nat → Nat",
        "tag": "Pi",
        "name": "_",
        "domain": {
          "tag": "ScopeReference",
          "name": "Reduction.Nat<14>"
        },
        "codomain": {
          "tag": "ScopeReference",
          "name": "Reduction.Nat<14>"
        }
      },
      "definition": {
        "pretty": "Nat@1",
        "tag": "Constructor",
        "reference": "Reduction.Nat",
        "variant": 1
      },
      "holes": []
    },
    {
      "name": "Reduction.one<20>",
      "type": {
        "pretty": "Nat",
        "tag": "ScopeReference",
        "name": "Reduction.Nat<14>"
      },
      "definition": {
        "pretty": "one = suc zero",
        "tag": "Function",
        "clauses": [
          {
            "telescope": [],
            "patterns": [],
            "body": {
              "tag": "Application",
              "head": {
                "tag": "ScopeReference",
                "name": "Reduction.Nat.suc<18>"
              },
              "arguments": [
                {
                  "tag": "ScopeReference",
                  "name": "Reduction.Nat.zero<16>"
                }
              ]
            }
          }
        ]
      },
      "holes": [
        {
          "ctx": {
            "pretty": "",
            "telescope": []
          },
          "goal": {
            "pretty": "Nat",
            "tag": "ScopeReference",
            "name": "Reduction.Nat<14>"
          },
          "term": {
            "pretty": "suc zero",
            "tag": "Application",
            "head": {
              "tag": "ScopeReference",
              "name": "Reduction.Nat.suc<18>"
            },
            "arguments": [
              {
                "tag": "ScopeReference",
                "name": "Reduction.Nat.zero<16>"
              }
            ]
          },
          "premises": [
            "Reduction.Nat.suc<18>",
            "Reduction.Nat.zero<16>"
          ]
        },
        {
          "ctx": {
            "pretty": "",
            "telescope": []
          },
          "goal": {
            "pretty": "Nat",
            "tag": "ScopeReference",
            "name": "Reduction.Nat<14>"
          },
          "term": {
            "pretty": "zero",
            "tag": "ScopeReference",
            "name": "Reduction.Nat.zero<16>"
          },
          "premises": [
            "Reduction.Nat.zero<16>"
          ]
        }
      ]
    },
    {
      "name": "Reduction.two<22>",
      "type": {
        "pretty": "Nat",
        "tag": "ScopeReference",
        "name": "Reduction.Nat<14>"
      },
      "definition": {
        "pretty": "two = suc one",
        "tag": "Function",
        "clauses": [
          {
            "telescope": [],
            "patterns": [],
            "body": {
              "tag": "Application",
              "head": {
                "tag": "ScopeReference",
                "name": "Reduction.Nat.suc<18>"
              },
              "arguments": [
                {
                  "tag": "ScopeReference",
                  "name": "Reduction.one<20>"
                }
              ]
            }
          }
        ]
      },
      "holes": [
        {
          "ctx": {
            "pretty": "",
            "telescope": []
          },
          "goal": {
            "pretty": "Nat",
            "tag": "ScopeReference",
            "name": "Reduction.Nat<14>"
          },
          "term": {
            "pretty": "suc one",
            "tag": "Application",
            "head": {
              "tag": "ScopeReference",
              "name": "Reduction.Nat.suc<18>"
            },
            "arguments": [
              {
                "tag": "ScopeReference",
                "name": "Reduction.one<20>"
              }
            ]
          },
          "premises": [
            "Reduction.Nat.suc<18>",
            "Reduction.one<20>"
          ]
        },
        {
          "ctx": {
            "pretty": "",
            "telescope": []
          },
          "goal": {
            "pretty": "Nat",
            "tag": "ScopeReference",
            "name": "Reduction.Nat<14>"
          },
          "term": {
            "pretty": "one",
            "tag": "ScopeReference",
            "name": "Reduction.one<20>"
          },
          "premises": [
            "Reduction.one<20>"
          ]
        }
      ]
    },
    {
      "name": "Reduction.three<24>",
      "type": {
        "pretty": "Nat",
        "tag": "ScopeReference",
        "name": "Reduction.Nat<14>"
      },
      "definition": {
        "pretty": "three = suc two",
        "tag": "Function",
        "clauses": [
          {
            "telescope": [],
            "patterns": [],
            "body": {
              "tag": "Application",
              "head": {
                "tag": "ScopeReference",
                "name": "Reduction.Nat.suc<18>"
              },
              "arguments": [
                {
                  "tag": "ScopeReference",
                  "name": "Reduction.two<22>"
                }
              ]
            }
          }
        ]
      },
      "holes": [
        {
          "ctx": {
            "pretty": "",
            "telescope": []
          },
          "goal": {
            "pretty": "Nat",
            "tag": "ScopeReference",
            "name": "Reduction.Nat<14>"
          },
          "term": {
            "pretty": "suc two",
            "tag": "Application",
            "head": {
              "tag": "ScopeReference",
              "name": "Reduction.Nat.suc<18>"
            },
            "arguments": [
              {
                "tag": "ScopeReference",
                "name": "Reduction.two<22>"
              }
            ]
          },
          "premises": [
            "Reduction.Nat.suc<18>",
            "Reduction.two<22>"
          ]
        },
        {
          "ctx": {
            "pretty": "",
            "telescope": []
          },
          "goal": {
            "pretty": "Nat",
            "tag": "ScopeReference",
            "name": "Reduction.Nat<14>"
          },
          "term": {
            "pretty": "two",
            "tag": "ScopeReference",
            "name": "Reduction.two<22>"
          },
          "premises": [
            "Reduction.two<22>"
          ]
        }
      ]
    },
    {
      "name": "Reduction.twice<26>",
      "type": {
        "pretty": "Nat → Nat",
        "tag": "Pi",
        "name": "_",
        "domain": {
          "tag": "ScopeReference",
          "name": "Reduction.Nat<14>"
        },
        "codomain": {
          "tag": "ScopeReference",
          "name": "Reduction.Nat<14>"
        }
      },
      "definition": {
        "pretty": "twice zero = zero | twice (suc n) = suc (suc (twice n))",
        "tag": "Function",
        "clauses": [
          {
            "telescope": [],
            "patterns": [
              {
                "tag": "ScopeReference",
                "name": "Reduction.Nat.zero"
              }
            ],
            "body": {
              "tag": "ScopeReference",
              "name": "Reduction.Nat.zero<16>"
            }
          },
          {
            "telescope": [
              {
                "pretty": "(n : Nat)",
                "tag": "ScopeReference",
                "name": "Reduction.Nat<14>"
              }
            ],
            "patterns": [
              {
                "tag": "Application",
                "head": {
                  "tag": "ScopeReference",
                  "name": "Reduction.Nat.suc"
                },
                "arguments": [
                  {
                    "tag": "DeBruijn",
                    "index": 0
                  }
                ]
              }
            ],
            "body": {
              "tag": "Application",
              "head": {
                "tag": "ScopeReference",
                "name": "Reduction.Nat.suc<18>"
              },
              "arguments": [
                {
                  "tag": "Application",
                  "head": {
                    "tag": "ScopeReference",
                    "name": "Reduction.Nat.suc<18>"
                  },
                  "arguments": [
                    {
                      "tag": "Application",
                      "head": {
                        "tag": "ScopeReference",
                        "name": "Reduction.twice<26>"
                      },
                      "arguments": [
                        {
                          "tag": "DeBruijn",
                          "index": 0
                        }
                      ]
                    }
                  ]
                }
              ]
            }
          }
        ]
      },
      "holes": [
        {
          "ctx": {
            "pretty": "",
            "telescope": []
          },
          "goal": {
            "pretty": "Nat",
            "tag": "ScopeReference",
            "name": "Reduction.Nat<14>"
          },
          "term": {
            "pretty": "zero",
            "tag": "ScopeReference",
            "name": "Reduction.Nat.zero<16>"
          },
          "premises": [
            "Reduction.Nat.zero<16>"
          ]
        },
        {
          "ctx": {
            "pretty": "(n : Nat)",
            "telescope": [
              {
                "pretty": "(n : Nat)",
                "tag": "ScopeReference",
                "name": "Reduction.Nat<14>"
              }
            ]
          },
          "goal": {
            "pretty": "Nat",
            "tag": "ScopeReference",
            "name": "Reduction.Nat<14>"
          },
          "term": {
            "pretty": "suc (suc (twice n))",
            "tag": "Application",
            "head": {
              "tag": "ScopeReference",
              "name": "Reduction.Nat.suc<18>"
            },
            "arguments": [
              {
                "tag": "Application",
                "head": {
                  "tag": "ScopeReference",
                  "name": "Reduction.Nat.suc<18>"
                },
                "arguments": [
                  {
                    "tag": "Application",
                    "head": {
                      "tag": "ScopeReference",
                      "name": "Reduction.twice<26>"
                    },
                    "arguments": [
                      {
                        "tag": "DeBruijn",
                        "index": 0
                      }
                    ]
                  }
                ]
              }
            ]
          },
          "premises": [
            "Reduction.Nat.suc<18>",
            "Reduction.twice<26>"
          ]
        },
        {
          "ctx": {
            "pretty": "(n₁ : Nat)",
            "telescope": [
              {
                "pretty": "(n : Nat)",
                "tag": "ScopeReference",
                "name": "Reduction.Nat<14>"
              }
            ]
          },
          "goal": {
            "pretty": "Nat",
            "tag": "ScopeReference",
            "name": "Reduction.Nat<14>"
          },
          "term": {
            "pretty": "suc (twice n)",
            "tag": "Application",
            "head": {
              "tag": "ScopeReference",
              "name": "Reduction.Nat.suc<18>"
            },
            "arguments": [
              {
                "tag": "Application",
                "head": {
                  "tag": "ScopeReference",
                  "name": "Reduction.twice<26>"
                },
                "arguments": [
                  {
                    "tag": "DeBruijn",
                    "index": 0
                  }
                ]
              }
            ]
          },
          "premises": [
            "Reduction.Nat.suc<18>",
            "Reduction.twice<26>"
          ]
        },
        {
          "ctx": {
            "pretty": "(n₁ : Nat)",
            "telescope": [
              {
                "pretty": "(n : Nat)",
                "tag": "ScopeReference",
                "name": "Reduction.Nat<14>"
              }
            ]
          },
          "goal": {
            "pretty": "Nat",
            "tag": "ScopeReference",
            "name": "Reduction.Nat<14>"
          },
          "term": {
            "pretty": "twice n",
            "tag": "Application",
            "head": {
              "tag": "ScopeReference",
              "name": "Reduction.twice<26>"
            },
            "arguments": [
              {
                "tag": "DeBruijn",
                "index": 0
              }
            ]
          },
          "premises": [
            "Reduction.twice<26>"
          ]
        }
      ]
    },
    {
      "name": "Reduction.pow2<30>",
      "type": {
        "pretty": "Nat → Nat",
        "tag": "Pi",
        "name": "_",
        "domain": {
          "tag": "ScopeReference",
          "name": "Reduction.Nat<14>"
        },
        "codomain": {
          "tag": "ScopeReference",
          "name": "Reduction.Nat<14>"
        }
      },
      "definition": {
        "pretty": "pow2 zero = suc zero | pow2 (suc n) = twice (pow2 n)",
        "tag": "Function",
        "clauses": [
          {
            "telescope": [],
            "patterns": [
              {
                "tag": "ScopeReference",
                "name": "Reduction.Nat.zero"
              }
            ],
            "body": {
              "tag": "Application",
              "head": {
                "tag": "ScopeReference",
                "name": "Reduction.Nat.suc<18>"
              },
              "arguments": [
                {
                  "tag": "ScopeReference",
                  "name": "Reduction.Nat.zero<16>"
                }
              ]
            }
          },
          {
            "telescope": [
              {
                "pretty": "(n : Nat)",
                "tag": "ScopeReference",
                "name": "Reduction.Nat<14>"
              }
            ],
            "patterns": [
              {
                "tag": "Application",
                "head": {
                  "tag": "ScopeReference",
                  "name": "Reduction.Nat.suc"
                },
                "arguments": [
                  {
                    "tag": "DeBruijn",
                    "index": 0
                  }
                ]
              }
            ],
            "body": {
              "tag": "Application",
              "head": {
                "tag": "ScopeReference",
                "name": "Reduction.twice<26>"
              },
              "arguments": [
                {
                  "tag": "Application",
                  "head": {
                    "tag": "ScopeReference",
                    "name": "Reduction.pow2<30>"
                  },
                  "arguments": [
                    {
                      "tag": "DeBruijn",
                      "index": 0
                    }
                  ]
                }
              ]
            }
          }
        ]
      },
      "holes": [
        {
          "ctx": {
            "pretty": "",
            "telescope": []
          },
          "goal": {
            "pretty": "Nat",
            "tag": "ScopeReference",
            "name": "Reduction.Nat<14>"
          },
          "term": {
            "pretty": "suc zero",
            "tag": "Application",
            "head": {
              "tag": "ScopeReference",
              "name": "Reduction.Nat.suc<18>"
            },
            "arguments": [
              {
                "tag": "ScopeReference",
                "name": "Reduction.Nat.zero<16>"
              }
            ]
          },
          "premises": [
            "Reduction.Nat.suc<18>",
            "Reduction.Nat.zero<16>"
          ]
        },
        {
          "ctx": {
            "pretty": "",
            "telescope": []
          },
          "goal": {
            "pretty": "Nat",
            "tag": "ScopeReference",
            "name": "Reduction.Nat<14>"
          },
          "term": {
            "pretty": "zero",
            "tag": "ScopeReference",
            "name": "Reduction.Nat.zero<16>"
          },
          "premises": [
            "Reduction.Nat.zero<16>"
          ]
        },
        {
          "ctx": {
            "pretty": "(n : Nat)",
            "telescope": [
              {
                "pretty": "(n : Nat)",
                "tag": "ScopeReference",
                "name": "Reduction.Nat<14>"
              }
            ]
          },
          "goal": {
            "pretty": "Nat",
            "tag": "ScopeReference",
            "name": "Reduction.Nat<14>"
          },
          "term": {
            "pretty": "twice (pow2 n)",
            "tag": "Application",
            "head": {
              "tag": "ScopeReference",
              "name": "Reduction.twice<26>"
            },
            "arguments": [
              {
                "tag": "Application",
                "head": {
                  "tag": "ScopeReference",
                  "name": "Reduction.pow2<30>"
                },
                "arguments": [
                  {
                    "tag": "DeBruijn",
                    "index": 0
                  }
                ]
              }
            ]
          },
          "premises": [
            "Reduction.twice<26>",
            "Reduction.pow2<30>"
          ]
        },
        {
          "ctx": {
            "pretty": "(n₁ : Nat)",
            "telescope": [
              {
                "pretty": "(n : Nat)",
                "tag": "ScopeReference",
                "name": "Reduction.Nat<14>"
              }
            ]
          },
          "goal": {
            "pretty": "Nat",
            "tag": "ScopeReference",
            "name": "Reduction.Nat<14>"
          },
          "term": {
            "pretty": "pow2 n",
            "tag": "Application",
            "head": {
              "tag": "ScopeReference",
              "name": "Reduction.pow2<30>"
            },
            "arguments": [
              {
                "tag": "DeBruijn",
                "index": 0
              }
            ]
          },
          "premises": [
            "Reduction.pow2<30>"
          ]
        }
      ]
    },
    {
      "name": "Reduction.consume<34>",
      "type": {
        "pretty": "Nat → Nat",
        "tag": "Pi",
        "name": "_",
        "domain": {
          "tag": "ScopeReference",
          "name": "Reduction.Nat<14>"
        },
        "codomain": {
          "tag": "ScopeReference",
          "name": "Reduction.Nat<14>"
        }
      },
      "definition": {
        "pretty": "consume zero = zero | consume (suc n) = consume n",
        "tag": "Function",
        "clauses": [
          {
            "telescope": [],
            "patterns": [
              {
                "tag": "ScopeReference",
                "name": "Reduction.Nat.zero"
              }
            ],
            "body": {
              "tag": "ScopeReference",
              "name": "Reduction.Nat.zero<16>"
            }
          },
          {
            "telescope": [
              {
                "pretty": "(n : Nat)",
                "tag": "ScopeReference",
                "name": "Reduction.Nat<14>"
              }
            ],
            "patterns": [
              {
                "tag": "Application",
                "head": {
                  "tag": "ScopeReference",
                  "name": "Reduction.Nat.suc"
                },
                "arguments": [
                  {
                    "tag": "DeBruijn",
                    "index": 0
                  }
                ]
              }
            ],
            "body": {
              "tag": "Application",
              "head": {
                "tag": "ScopeReference",
                "name": "Reduction.consume<34>"
              },
              "arguments": [
                {
                  "tag": "DeBruijn",
                  "index": 0
                }
              ]
            }
          }
        ]
      },
      "holes": [
        {
          "ctx": {
            "pretty": "",
            "telescope": []
          },
          "goal": {
            "pretty": "Nat",
            "tag": "ScopeReference",
            "name": "Reduction.Nat<14>"
          },
          "term": {
            "pretty": "zero",
            "tag": "ScopeReference",
            "name": "Reduction.Nat.zero<16>"
          },
          "premises": [
            "Reduction.Nat.zero<16>"
          ]
        },
        {
          "ctx": {
            "pretty": "(n : Nat)",
            "telescope": [
              {
                "pretty": "(n : Nat)",
                "tag": "ScopeReference",
                "name": "Reduction.Nat<14>"
              }
            ]
          },
          "goal": {
            "pretty": "Nat",
            "tag": "ScopeReference",
            "name": "Reduction.Nat<14>"
          },
          "term": {
            "pretty": "consume n",
            "tag": "Application",
            "head": {
              "tag": "ScopeReference",
              "name": "Reduction.consume<34>"
            },
            "arguments": [
              {
                "tag": "DeBruijn",
                "index": 0
              }
            ]
          },
          "premises": [
            "Reduction.consume<34>"
          ]
        }
      ]
    },
    {
      "name": "Reduction.test2<38>",
      "type": {
        "pretty": "Nat",
        "tag": "ScopeReference",
        "name": "Reduction.Nat<14>"
      },
      "definition": {
        "pretty": "test2 = consume (pow2 (twice (twice (twice three))))",
        "tag": "Function",
        "clauses": [
          {
            "telescope": [],
            "patterns": [],
            "body": {
              "tag": "Application",
              "head": {
                "tag": "ScopeReference",
                "name": "Reduction.consume<34>"
              },
              "arguments": [
                {
                  "tag": "Application",
                  "head": {
                    "tag": "ScopeReference",
                    "name": "Reduction.pow2<30>"
                  },
                  "arguments": [
                    {
                      "tag": "Application",
                      "head": {
                        "tag": "ScopeReference",
                        "name": "Reduction.twice<26>"
                      },
                      "arguments": [
                        {
                          "tag": "Application",
                          "head": {
                            "tag": "ScopeReference",
                            "name": "Reduction.twice<26>"
                          },
                          "arguments": [
                            {
                              "tag": "Application",
                              "head": {
                                "tag": "ScopeReference",
                                "name": "Reduction.twice<26>"
                              },
                              "arguments": [
                                {
                                  "tag": "ScopeReference",
                                  "name": "Reduction.three<24>"
                                }
                              ]
                            }
                          ]
                        }
                      ]
                    }
                  ]
                }
              ]
            }
          }
        ]
      },
      "holes": [
        {
          "ctx": {
            "pretty": "",
            "telescope": []
          },
          "goal": {
            "pretty": "Nat",
            "tag": "ScopeReference",
            "name": "Reduction.Nat<14>"
          },
          "term": {
            "pretty": "consume (pow2 (twice (twice (twice three))))",
            "tag": "Application",
            "head": {
              "tag": "ScopeReference",
              "name": "Reduction.consume<34>"
            },
            "arguments": [
              {
                "tag": "Application",
                "head": {
                  "tag": "ScopeReference",
                  "name": "Reduction.pow2<30>"
                },
                "arguments": [
                  {
                    "tag": "Application",
                    "head": {
                      "tag": "ScopeReference",
                      "name": "Reduction.twice<26>"
                    },
                    "arguments": [
                      {
                        "tag": "Application",
                        "head": {
                          "tag": "ScopeReference",
                          "name": "Reduction.twice<26>"
                        },
                        "arguments": [
                          {
                            "tag": "Application",
                            "head": {
                              "tag": "ScopeReference",
                              "name": "Reduction.twice<26>"
                            },
                            "arguments": [
                              {
                                "tag": "ScopeReference",
                                "name": "Reduction.three<24>"
                              }
                            ]
                          }
                        ]
                      }
                    ]
                  }
                ]
              }
            ]
          },
          "premises": [
            "Reduction.consume<34>",
            "Reduction.pow2<30>",
            "Reduction.twice<26>",
            "Reduction.three<24>"
          ]
        },
        {
          "ctx": {
            "pretty": "",
            "telescope": []
          },
          "goal": {
            "pretty": "Nat",
            "tag": "ScopeReference",
            "name": "Reduction.Nat<14>"
          },
          "term": {
            "pretty": "pow2 (twice (twice (twice three)))",
            "tag": "Application",
            "head": {
              "tag": "ScopeReference",
              "name": "Reduction.pow2<30>"
            },
            "arguments": [
              {
                "tag": "Application",
                "head": {
                  "tag": "ScopeReference",
                  "name": "Reduction.twice<26>"
                },
                "arguments": [
                  {
                    "tag": "Application",
                    "head": {
                      "tag": "ScopeReference",
                      "name": "Reduction.twice<26>"
                    },
                    "arguments": [
                      {
                        "tag": "Application",
                        "head": {
                          "tag": "ScopeReference",
                          "name": "Reduction.twice<26>"
                        },
                        "arguments": [
                          {
                            "tag": "ScopeReference",
                            "name": "Reduction.three<24>"
                          }
                        ]
                      }
                    ]
                  }
                ]
              }
            ]
          },
          "premises": [
            "Reduction.pow2<30>",
            "Reduction.twice<26>",
            "Reduction.three<24>"
          ]
        },
        {
          "ctx": {
            "pretty": "",
            "telescope": []
          },
          "goal": {
            "pretty": "Nat",
            "tag": "ScopeReference",
            "name": "Reduction.Nat<14>"
          },
          "term": {
            "pretty": "twice (twice (twice three))",
            "tag": "Application",
            "head": {
              "tag": "ScopeReference",
              "name": "Reduction.twice<26>"
            },
            "arguments": [
              {
                "tag": "Application",
                "head": {
                  "tag": "ScopeReference",
                  "name": "Reduction.twice<26>"
                },
                "arguments": [
                  {
                    "tag": "Application",
                    "head": {
                      "tag": "ScopeReference",
                      "name": "Reduction.twice<26>"
                    },
                    "arguments": [
                      {
                        "tag": "ScopeReference",
                        "name": "Reduction.three<24>"
                      }
                    ]
                  }
                ]
              }
            ]
          },
          "premises": [
            "Reduction.twice<26>",
            "Reduction.three<24>"
          ]
        },
        {
          "ctx": {
            "pretty": "",
            "telescope": []
          },
          "goal": {
            "pretty": "Nat",
            "tag": "ScopeReference",
            "name": "Reduction.Nat<14>"
          },
          "term": {
            "pretty": "twice (twice three)",
            "tag": "Application",
            "head": {
              "tag": "ScopeReference",
              "name": "Reduction.twice<26>"
            },
            "arguments": [
              {
                "tag": "Application",
                "head": {
                  "tag": "ScopeReference",
                  "name": "Reduction.twice<26>"
                },
                "arguments": [
                  {
                    "tag": "ScopeReference",
                    "name": "Reduction.three<24>"
                  }
                ]
              }
            ]
          },
          "premises": [
            "Reduction.twice<26>",
            "Reduction.three<24>"
          ]
        },
        {
          "ctx": {
            "pretty": "",
            "telescope": []
          },
          "goal": {
            "pretty": "Nat",
            "tag": "ScopeReference",
            "name": "Reduction.Nat<14>"
          },
          "term": {
            "pretty": "twice three",
            "tag": "Application",
            "head": {
              "tag": "ScopeReference",
              "name": "Reduction.twice<26>"
            },
            "arguments": [
              {
                "tag": "ScopeReference",
                "name": "Reduction.three<24>"
              }
            ]
          },
          "premises": [
            "Reduction.twice<26>",
            "Reduction.three<24>"
          ]
        },
        {
          "ctx": {
            "pretty": "",
            "telescope": []
          },
          "goal": {
            "pretty": "Nat",
            "tag": "ScopeReference",
            "name": "Reduction.Nat<14>"
          },
          "term": {
            "pretty": "three",
            "tag": "ScopeReference",
            "name": "Reduction.three<24>"
          },
          "premises": [
            "Reduction.three<24>"
          ]
        }
      ]
    }
  ],
  "scope-private": []
}