{
  "name": "TotalPreorder",
  "scope-global": [],
  "scope-local": [
    {
      "name": "TotalPreorder.A<2>",
      "type": {
        "pretty": "Set",
        "tag": "Sort",
        "sort": "Set"
      },
      "definition": {
        "pretty": "<Axiom>",
        "tag": "Postulate"
      },
      "holes": []
    },
    {
      "name": "TotalPreorder.a0<4>",
      "type": {
        "pretty": "A",
        "tag": "ScopeReference",
        "name": "TotalPreorder.A<2>"
      },
      "definition": {
        "pretty": "<Axiom>",
        "tag": "Postulate"
      },
      "holes": []
    },
    {
      "name": "TotalPreorder.X<6>",
      "type": {
        "pretty": "Set",
        "tag": "Sort",
        "sort": "Set"
      },
      "definition": {
        "pretty": "{(a : A)}",
        "tag": "Record",
        "telescope": [],
        "fields": [
          {
            "tag": "ScopeReference",
            "name": "TotalPreorder.A<2>"
          }
        ]
      },
      "holes": []
    },
    {
      "name": "TotalPreorder.Y<14>",
      "type": {
        "pretty": "(a : A) → Set",
        "tag": "Pi",
        "name": "a",
        "domain": {
          "tag": "ScopeReference",
          "name": "TotalPreorder.A<2>"
        },
        "codomain": {
          "tag": "Sort",
          "sort": "Set"
        }
      },
      "definition": {
        "pretty": "{a : A} |- {(x : X)}",
        "tag": "Record",
        "telescope": [
          {
            "pretty": "{a : A}",
            "tag": "ScopeReference",
            "name": "TotalPreorder.A<2>"
          }
        ],
        "fields": [
          {
            "tag": "ScopeReference",
            "name": "TotalPreorder.X<6>"
          }
        ]
      },
      "holes": []
    },
    {
      "name": "TotalPreorder.Z<26>",
      "type": {
        "pretty": "Set",
        "tag": "Sort",
        "sort": "Set"
      },
      "definition": {
        "pretty": "{(y : Y a0)}",
        "tag": "Record",
        "telescope": [],
        "fields": [
          {
            "tag": "Application",
            "head": {
              "tag": "ScopeReference",
              "name": "TotalPreorder.Y<14>"
            },
            "arguments": [
              {
                "tag": "ScopeReference",
                "name": "TotalPreorder.a0<4>"
              }
            ]
          }
        ]
      },
      "holes": []
    }
  ],
  "scope-private": [
    {
      "name": "TotalPreorder.Z.constructor<99>",
      "type": {
        "pretty": "(y : Y a0) → Z",
        "tag": "Pi",
        "name": "y",
        "domain": {
          "tag": "Application",
          "head": {
            "tag": "ScopeReference",
            "name": "TotalPreorder.Y<14>"
          },
          "arguments": [
            {
              "tag": "ScopeReference",
              "name": "TotalPreorder.a0<4>"
            }
          ]
        },
        "codomain": {
          "tag": "ScopeReference",
          "name": "TotalPreorder.Z<26>"
        }
      },
      "definition": {
        "pretty": "Z@0",
        "tag": "Constructor",
        "reference": "TotalPreorder.Z",
        "variant": 0
      },
      "holes": []
    },
    {
      "name": "TotalPreorder.Y.constructor<35>",
      "type": {
        "pretty": "{a : A} (x : X) → Y a",
        "tag": "Pi",
        "name": "a",
        "domain": {
          "tag": "ScopeReference",
          "name": "TotalPreorder.A<2>"
        },
        "codomain": {
          "tag": "Pi",
          "name": "x",
          "domain": {
            "tag": "ScopeReference",
            "name": "TotalPreorder.X<6>"
          },
          "codomain": {
            "tag": "Application",
            "head": {
              "tag": "ScopeReference",
              "name": "TotalPreorder.Y<14>"
            },
            "arguments": [
              {
                "tag": "DeBruijn",
                "index": 1
              }
            ]
          }
        }
      },
      "definition": {
        "pretty": "Y@0",
        "tag": "Constructor",
        "reference": "TotalPreorder.Y",
        "variant": 0
      },
      "holes": []
    },
    {
      "name": "TotalPreorder.Z._.x<36>",
      "type": {
        "pretty": "(r : Z) → X",
        "tag": "Pi",
        "name": "r",
        "domain": {
          "tag": "ScopeReference",
          "name": "TotalPreorder.Z<26>"
        },
        "codomain": {
          "tag": "ScopeReference",
          "name": "TotalPreorder.X<6>"
        }
      },
      "definition": {
        "pretty": "Z.x = Z.x r",
        "tag": "Function",
        "clauses": [
          {
            "telescope": [
              {
                "pretty": "(r : Z)",
                "tag": "ScopeReference",
                "name": "TotalPreorder.Z<26>"
              }
            ],
            "patterns": [
              {
                "tag": "DeBruijn",
                "index": 0
              }
            ],
            "body": {
              "tag": "Application",
              "head": {
                "tag": "ScopeReference",
                "name": "TotalPreorder.Y.x<20>"
              },
              "arguments": [
                {
                  "tag": "Application",
                  "head": {
                    "tag": "ScopeReference",
                    "name": "TotalPreorder.Z.y<30>"
                  },
                  "arguments": [
                    {
                      "tag": "DeBruijn",
                      "index": 0
                    }
                  ]
                }
              ]
            }
          }
        ]
      },
      "holes": []
    },
    {
      "name": "TotalPreorder.Y._.a<24>",
      "type": {
        "pretty": "{a : A} (r : Y a) → A",
        "tag": "Pi",
        "name": "a",
        "domain": {
          "tag": "ScopeReference",
          "name": "TotalPreorder.A<2>"
        },
        "codomain": {
          "tag": "Pi",
          "name": "r",
          "domain": {
            "tag": "Application",
            "head": {
              "tag": "ScopeReference",
              "name": "TotalPreorder.Y<14>"
            },
            "arguments": [
              {
                "tag": "DeBruijn",
                "index": 0
              }
            ]
          },
          "codomain": {
            "tag": "ScopeReference",
            "name": "TotalPreorder.A<2>"
          }
        }
      },
      "definition": {
        "pretty": "Y.a = X.a (Y.x r)",
        "tag": "Function",
        "clauses": [
          {
            "telescope": [
              {
                "pretty": "{a : A}",
                "tag": "ScopeReference",
                "name": "TotalPreorder.A<2>"
              },
              {
                "pretty": "(r : Y @0)",
                "tag": "Application",
                "name": "r",
                "head": {
                  "tag": "ScopeReference",
                  "name": "TotalPreorder.Y<14>"
                },
                "arguments": [
                  {
                    "tag": "DeBruijn",
                    "index": 0
                  }
                ]
              }
            ],
            "patterns": [
              {
                "tag": "DeBruijn",
                "index": 0
              }
            ],
            "body": {
              "tag": "Application",
              "head": {
                "tag": "ScopeReference",
                "name": "TotalPreorder.X.a<10>"
              },
              "arguments": [
                {
                  "tag": "Application",
                  "head": {
                    "tag": "ScopeReference",
                    "name": "TotalPreorder.Y.x<20>"
                  },
                  "arguments": [
                    {
                      "tag": "DeBruijn",
                      "index": 0
                    }
                  ]
                }
              ]
            }
          }
        ]
      },
      "holes": []
    },
    {
      "name": "TotalPreorder.X.a<10>",
      "type": {
        "pretty": "X → A",
        "tag": "Pi",
        "name": "r",
        "domain": {
          "tag": "ScopeReference",
          "name": "TotalPreorder.X<6>"
        },
        "codomain": {
          "tag": "ScopeReference",
          "name": "TotalPreorder.A<2>"
        }
      },
      "definition": {
        "pretty": "X.a = a",
        "tag": "Function",
        "clauses": [
          {
            "telescope": [
              {
                "pretty": "(a : A)",
                "tag": "ScopeReference",
                "name": "TotalPreorder.A<2>"
              }
            ],
            "patterns": [
              {
                "tag": "Application",
                "head": {
                  "tag": "ScopeReference",
                  "name": "TotalPreorder.X.constructor"
                },
                "arguments": [
                  {
                    "tag": "DeBruijn",
                    "index": 0
                  }
                ]
              }
            ],
            "body": {
              "tag": "DeBruijn",
              "index": 0
            }
          }
        ]
      },
      "holes": []
    },
    {
      "name": "TotalPreorder.Z.y<30>",
      "type": {
        "pretty": "Z → Y a0",
        "tag": "Pi",
        "name": "r",
        "domain": {
          "tag": "ScopeReference",
          "name": "TotalPreorder.Z<26>"
        },
        "codomain": {
          "tag": "Application",
          "head": {
            "tag": "ScopeReference",
            "name": "TotalPreorder.Y<14>"
          },
          "arguments": [
            {
              "tag": "ScopeReference",
              "name": "TotalPreorder.a0<4>"
            }
          ]
        }
      },
      "definition": {
        "pretty": "Z.y = y",
        "tag": "Function",
        "clauses": [
          {
            "telescope": [
              {
                "pretty": "(y : Y a0)",
                "tag": "Application",
                "name": "y",
                "head": {
                  "tag": "ScopeReference",
                  "name": "TotalPreorder.Y<14>"
                },
                "arguments": [
                  {
                    "tag": "ScopeReference",
                    "name": "TotalPreorder.a0<4>"
                  }
                ]
              }
            ],
            "patterns": [
              {
                "tag": "Application",
                "head": {
                  "tag": "ScopeReference",
                  "name": "TotalPreorder.Z.constructor"
                },
                "arguments": [
                  {
                    "tag": "DeBruijn",
                    "index": 0
                  }
                ]
              }
            ],
            "body": {
              "tag": "DeBruijn",
              "index": 0
            }
          }
        ]
      },
      "holes": []
    },
    {
      "name": "TotalPreorder.Z._.a<34>",
      "type": {
        "pretty": "(r : Z) → A",
        "tag": "Pi",
        "name": "r",
        "domain": {
          "tag": "ScopeReference",
          "name": "TotalPreorder.Z<26>"
        },
        "codomain": {
          "tag": "ScopeReference",
          "name": "TotalPreorder.A<2>"
        }
      },
      "definition": {
        "pretty": "Z.a = Z.a r",
        "tag": "Function",
        "clauses": [
          {
            "telescope": [
              {
                "pretty": "(r : Z)",
                "tag": "ScopeReference",
                "name": "TotalPreorder.Z<26>"
              }
            ],
            "patterns": [
              {
                "tag": "DeBruijn",
                "index": 0
              }
            ],
            "body": {
              "tag": "Application",
              "head": {
                "tag": "ScopeReference",
                "name": "TotalPreorder.Y._.a<24>"
              },
              "arguments": [
                {
                  "tag": "Application",
                  "head": {
                    "tag": "ScopeReference",
                    "name": "TotalPreorder.Z.y<30>"
                  },
                  "arguments": [
                    {
                      "tag": "DeBruijn",
                      "index": 0
                    }
                  ]
                }
              ]
            }
          }
        ]
      },
      "holes": []
    },
    {
      "name": "TotalPreorder.Y.x<20>",
      "type": {
        "pretty": "{a : A} → Y a → X",
        "tag": "Pi",
        "name": "a",
        "domain": {
          "tag": "ScopeReference",
          "name": "TotalPreorder.A<2>"
        },
        "codomain": {
          "tag": "Pi",
          "name": "r",
          "domain": {
            "tag": "Application",
            "head": {
              "tag": "ScopeReference",
              "name": "TotalPreorder.Y<14>"
            },
            "arguments": [
              {
                "tag": "DeBruijn",
                "index": 0
              }
            ]
          },
          "codomain": {
            "tag": "ScopeReference",
            "name": "TotalPreorder.X<6>"
          }
        }
      },
      "definition": {
        "pretty": "Y.x = x",
        "tag": "Function",
        "clauses": [
          {
            "telescope": [
              {
                "pretty": "{a : A}",
                "tag": "ScopeReference",
                "name": "TotalPreorder.A<2>"
              },
              {
                "pretty": "(x : X)",
                "tag": "ScopeReference",
                "name": "TotalPreorder.X<6>"
              }
            ],
            "patterns": [
              {
                "tag": "Application",
                "head": {
                  "tag": "ScopeReference",
                  "name": "TotalPreorder.Y.constructor"
                },
                "arguments": [
                  {
                    "tag": "DeBruijn",
                    "index": 0
                  }
                ]
              }
            ],
            "body": {
              "tag": "DeBruijn",
              "index": 0
            }
          }
        ]
      },
      "holes": []
    },
    {
      "name": "TotalPreorder.X.constructor<1>",
      "type": {
        "pretty": "(a : A) → X",
        "tag": "Pi",
        "name": "a",
        "domain": {
          "tag": "ScopeReference",
          "name": "TotalPreorder.A<2>"
        },
        "codomain": {
          "tag": "ScopeReference",
          "name": "TotalPreorder.X<6>"
        }
      },
      "definition": {
        "pretty": "X@0",
        "tag": "Constructor",
        "reference": "TotalPreorder.X",
        "variant": 0
      },
      "holes": []
    }
  ]
}