{
  "name": "With",
  "scope-global": [],
  "scope-local": [
    {
      "name": "With.P<2>",
      "type": {
        "pretty": "Set",
        "tag": "Sort",
        "sort": "Set"
      },
      "definition": {
        "pretty": "<Axiom>",
        "tag": "Postulate"
      },
      "holes": []
    },
    {
      "name": "With.Manifest-Σ<8>",
      "type": {
        "pretty": "(A : Set) (_ : A → P) → Set",
        "tag": "Pi",
        "name": "A",
        "domain": {
          "tag": "Sort",
          "sort": "Set"
        },
        "codomain": {
          "tag": "Pi",
          "name": "_",
          "domain": {
            "tag": "Pi",
            "name": "_",
            "domain": {
              "tag": "DeBruijn",
              "index": 0
            },
            "codomain": {
              "tag": "ScopeReference",
              "name": "With.P<2>"
            }
          },
          "codomain": {
            "tag": "Sort",
            "sort": "Set"
          }
        }
      },
      "definition": {
        "pretty": "{A : Set} {_ : A → P} |- {(proj₁ : @1)}",
        "tag": "Record",
        "telescope": [
          {
            "pretty": "{A : Set}",
            "tag": "Sort",
            "name": "A",
            "sort": "Set"
          },
          {
            "pretty": "{_ : @0 → P}",
            "tag": "Pi",
            "name": "_",
            "domain": {
              "tag": "DeBruijn",
              "index": 0
            },
            "codomain": {
              "tag": "ScopeReference",
              "name": "With.P<2>"
            }
          }
        ],
        "fields": [
          {
            "tag": "DeBruijn",
            "index": 1
          }
        ]
      },
      "holes": []
    },
    {
      "name": "With._,<18>",
      "type": {
        "pretty": "{A : Set} {_ = z : A → P} (proj₁ : A) → Manifest-Σ A z",
        "tag": "Pi",
        "name": "A",
        "domain": {
          "tag": "Sort",
          "sort": "Set"
        },
        "codomain": {
          "tag": "Pi",
          "name": "_",
          "domain": {
            "tag": "Pi",
            "name": "_",
            "domain": {
              "tag": "DeBruijn",
              "index": 0
            },
            "codomain": {
              "tag": "ScopeReference",
              "name": "With.P<2>"
            }
          },
          "codomain": {
            "tag": "Pi",
            "name": "proj₁",
            "domain": {
              "tag": "DeBruijn",
              "index": 1
            },
            "codomain": {
              "tag": "Application",
              "head": {
                "tag": "ScopeReference",
                "name": "With.Manifest-Σ<8>"
              },
              "arguments": [
                {
                  "tag": "DeBruijn",
                  "index": 2
                },
                {
                  "tag": "DeBruijn",
                  "index": 1
                }
              ]
            }
          }
        }
      },
      "definition": {
        "pretty": "Manifest-Σ@0",
        "tag": "Constructor",
        "reference": "With.Manifest-Σ",
        "variant": 0
      },
      "holes": []
    },
    {
      "name": "With.Sig<20>",
      "type": {
        "pretty": "Set₁",
        "tag": "Sort",
        "sort": "Set1"
      },
      "definition": {
        "pretty": "{(s : Sig) ; (f : Record @0 → P)}",
        "tag": "Record",
        "telescope": [],
        "fields": [
          {
            "tag": "ScopeReference",
            "name": "With.Sig<20>"
          },
          {
            "tag": "Pi",
            "name": "_",
            "domain": {
              "tag": "Application",
              "head": {
                "tag": "ScopeReference",
                "name": "With.Record<24>"
              },
              "arguments": [
                {
                  "tag": "DeBruijn",
                  "index": 0
                }
              ]
            },
            "codomain": {
              "tag": "ScopeReference",
              "name": "With.P<2>"
            }
          }
        ]
      },
      "holes": []
    },
    {
      "name": "With.Record<24>",
      "type": {
        "pretty": "(s : Sig) → Set",
        "tag": "Pi",
        "name": "s",
        "domain": {
          "tag": "ScopeReference",
          "name": "With.Sig<20>"
        },
        "codomain": {
          "tag": "Sort",
          "sort": "Set"
        }
      },
      "definition": {
        "pretty": "{s : Sig} |- {(fun : Manifest-Σ (Record (@0 .Sig.s)) (@0 .Sig.f))}",
        "tag": "Record",
        "telescope": [
          {
            "pretty": "{s : Sig}",
            "tag": "ScopeReference",
            "name": "With.Sig<20>"
          }
        ],
        "fields": [
          {
            "tag": "Application",
            "head": {
              "tag": "ScopeReference",
              "name": "With.Manifest-Σ<8>"
            },
            "arguments": [
              {
                "tag": "Application",
                "head": {
                  "tag": "ScopeReference",
                  "name": "With.Record<24>"
                },
                "arguments": [
                  {
                    "tag": "Application",
                    "head": {
                      "tag": "ScopeReference",
                      "name": "With.Sig.s<30>"
                    },
                    "arguments": [
                      {
                        "tag": "DeBruijn",
                        "index": 0
                      }
                    ]
                  }
                ]
              },
              {
                "tag": "Application",
                "head": {
                  "tag": "ScopeReference",
                  "name": "With.Sig.f<32>"
                },
                "arguments": [
                  {
                    "tag": "DeBruijn",
                    "index": 0
                  }
                ]
              }
            ]
          }
        ]
      },
      "holes": []
    },
    {
      "name": "With._≔_<34>",
      "type": {
        "pretty": "(s : Sig) (f : Record s → P) → Sig",
        "tag": "Pi",
        "name": "s",
        "domain": {
          "tag": "ScopeReference",
          "name": "With.Sig<20>"
        },
        "codomain": {
          "tag": "Pi",
          "name": "f",
          "domain": {
            "tag": "Pi",
            "name": "_",
            "domain": {
              "tag": "Application",
              "head": {
                "tag": "ScopeReference",
                "name": "With.Record<24>"
              },
              "arguments": [
                {
                  "tag": "DeBruijn",
                  "index": 0
                }
              ]
            },
            "codomain": {
              "tag": "ScopeReference",
              "name": "With.P<2>"
            }
          },
          "codomain": {
            "tag": "ScopeReference",
            "name": "With.Sig<20>"
          }
        }
      },
      "definition": {
        "pretty": "Sig@0",
        "tag": "Constructor",
        "reference": "With.Sig",
        "variant": 0
      },
      "holes": []
    },
    {
      "name": "With.rec<42>",
      "type": {
        "pretty": "{s : Sig} (fun : Manifest-Σ (Record (s .Sig.s)) (s .Sig.f)) → Record s",
        "tag": "Pi",
        "name": "s",
        "domain": {
          "tag": "ScopeReference",
          "name": "With.Sig<20>"
        },
        "codomain": {
          "tag": "Pi",
          "name": "fun",
          "domain": {
            "tag": "Application",
            "head": {
              "tag": "ScopeReference",
              "name": "With.Manifest-Σ<8>"
            },
            "arguments": [
              {
                "tag": "Application",
                "head": {
                  "tag": "ScopeReference",
                  "name": "With.Record<24>"
                },
                "arguments": [
                  {
                    "tag": "Application",
                    "head": {
                      "tag": "ScopeReference",
                      "name": "With.Sig.s<30>"
                    },
                    "arguments": [
                      {
                        "tag": "DeBruijn",
                        "index": 0
                      }
                    ]
                  }
                ]
              },
              {
                "tag": "Application",
                "head": {
                  "tag": "ScopeReference",
                  "name": "With.Sig.f<32>"
                },
                "arguments": [
                  {
                    "tag": "DeBruijn",
                    "index": 0
                  }
                ]
              }
            ]
          },
          "codomain": {
            "tag": "Application",
            "head": {
              "tag": "ScopeReference",
              "name": "With.Record<24>"
            },
            "arguments": [
              {
                "tag": "DeBruijn",
                "index": 1
              }
            ]
          }
        }
      },
      "definition": {
        "pretty": "Record@0",
        "tag": "Constructor",
        "reference": "With.Record",
        "variant": 0
      },
      "holes": []
    },
    {
      "name": "With.$_≔_<46>",
      "type": {
        "pretty": "(s : Sig) → (Record (s .Sig.s) → P) → Sig",
        "tag": "Pi",
        "name": "s",
        "domain": {
          "tag": "ScopeReference",
          "name": "With.Sig<20>"
        },
        "codomain": {
          "tag": "Pi",
          "name": "_",
          "domain": {
            "tag": "Pi",
            "name": "_",
            "domain": {
              "tag": "Application",
              "head": {
                "tag": "ScopeReference",
                "name": "With.Record<24>"
              },
              "arguments": [
                {
                  "tag": "Application",
                  "head": {
                    "tag": "ScopeReference",
                    "name": "With.Sig.s<30>"
                  },
                  "arguments": [
                    {
                      "tag": "DeBruijn",
                      "index": 0
                    }
                  ]
                }
              ]
            },
            "codomain": {
              "tag": "ScopeReference",
              "name": "With.P<2>"
            }
          },
          "codomain": {
            "tag": "ScopeReference",
            "name": "With.Sig<20>"
          }
        }
      },
      "definition": {
        "pretty": "$ s ≔ _ ≔ f = s ≔ f",
        "tag": "Function",
        "clauses": [
          {
            "telescope": [
              {
                "pretty": "(s : Sig)",
                "tag": "ScopeReference",
                "name": "With.Sig<20>"
              },
              {
                "pretty": "(f : Record @0 → P)",
                "tag": "Pi",
                "name": "_",
                "domain": {
                  "tag": "Application",
                  "head": {
                    "tag": "ScopeReference",
                    "name": "With.Record<24>"
                  },
                  "arguments": [
                    {
                      "tag": "DeBruijn",
                      "index": 0
                    }
                  ]
                },
                "codomain": {
                  "tag": "ScopeReference",
                  "name": "With.P<2>"
                }
              },
              {
                "pretty": "(f : Record @1 → P)",
                "tag": "Pi",
                "name": "_",
                "domain": {
                  "tag": "Application",
                  "head": {
                    "tag": "ScopeReference",
                    "name": "With.Record<24>"
                  },
                  "arguments": [
                    {
                      "tag": "DeBruijn",
                      "index": 1
                    }
                  ]
                },
                "codomain": {
                  "tag": "ScopeReference",
                  "name": "With.P<2>"
                }
              }
            ],
            "patterns": [
              {
                "tag": "Application",
                "head": {
                  "tag": "ScopeReference",
                  "name": "With._≔_"
                },
                "arguments": [
                  {
                    "tag": "DeBruijn",
                    "index": 2
                  },
                  {
                    "tag": "DeBruijn",
                    "index": 1
                  }
                ]
              },
              {
                "tag": "DeBruijn",
                "index": 0
              }
            ],
            "body": {
              "tag": "Application",
              "head": {
                "tag": "ScopeReference",
                "name": "With._≔_<34>"
              },
              "arguments": [
                {
                  "tag": "DeBruijn",
                  "index": 2
                },
                {
                  "tag": "DeBruijn",
                  "index": 0
                }
              ]
            }
          }
        ]
      },
      "holes": [
        {
          "ctx": {
            "pretty": "(s : Sig) (f : Record s → P) (f₁ : Record s → P)",
            "telescope": [
              {
                "pretty": "(s : Sig)",
                "tag": "ScopeReference",
                "name": "With.Sig<20>"
              },
              {
                "pretty": "(f : Record f → P)",
                "tag": "Pi",
                "name": "_",
                "domain": {
                  "tag": "Application",
                  "head": {
                    "tag": "ScopeReference",
                    "name": "With.Record<24>"
                  },
                  "arguments": [
                    {
                      "tag": "DeBruijn",
                      "index": 0
                    }
                  ]
                },
                "codomain": {
                  "tag": "ScopeReference",
                  "name": "With.P<2>"
                }
              },
              {
                "pretty": "(f : Record f₁ → P)",
                "tag": "Pi",
                "name": "_",
                "domain": {
                  "tag": "Application",
                  "head": {
                    "tag": "ScopeReference",
                    "name": "With.Record<24>"
                  },
                  "arguments": [
                    {
                      "tag": "DeBruijn",
                      "index": 1
                    }
                  ]
                },
                "codomain": {
                  "tag": "ScopeReference",
                  "name": "With.P<2>"
                }
              }
            ]
          },
          "goal": {
            "pretty": "Sig",
            "tag": "ScopeReference",
            "name": "With.Sig<20>"
          },
          "term": {
            "pretty": "s ≔ f",
            "tag": "Application",
            "head": {
              "tag": "ScopeReference",
              "name": "With._≔_<34>"
            },
            "arguments": [
              {
                "tag": "DeBruijn",
                "index": 2
              },
              {
                "tag": "DeBruijn",
                "index": 0
              }
            ]
          },
          "premises": [
            "With._≔_<34>"
          ]
        }
      ]
    },
    {
      "name": "With.FAIL<52>",
      "type": {
        "pretty": "{s : Sig} {f : Record (s .Sig.s) → P} → Record ($ s ≔ f) → Record s",
        "tag": "Pi",
        "name": "s",
        "domain": {
          "tag": "ScopeReference",
          "name": "With.Sig<20>"
        },
        "codomain": {
          "tag": "Pi",
          "name": "f",
          "domain": {
            "tag": "Pi",
            "name": "_",
            "domain": {
              "tag": "Application",
              "head": {
                "tag": "ScopeReference",
                "name": "With.Record<24>"
              },
              "arguments": [
                {
                  "tag": "Application",
                  "head": {
                    "tag": "ScopeReference",
                    "name": "With.Sig.s<30>"
                  },
                  "arguments": [
                    {
                      "tag": "DeBruijn",
                      "index": 0
                    }
                  ]
                }
              ]
            },
            "codomain": {
              "tag": "ScopeReference",
              "name": "With.P<2>"
            }
          },
          "codomain": {
            "tag": "Pi",
            "name": "_",
            "domain": {
              "tag": "Application",
              "head": {
                "tag": "ScopeReference",
                "name": "With.Record<24>"
              },
              "arguments": [
                {
                  "tag": "Application",
                  "head": {
                    "tag": "ScopeReference",
                    "name": "With.$_≔_<46>"
                  },
                  "arguments": [
                    {
                      "tag": "DeBruijn",
                      "index": 1
                    },
                    {
                      "tag": "DeBruijn",
                      "index": 0
                    }
                  ]
                }
              ]
            },
            "codomain": {
              "tag": "Application",
              "head": {
                "tag": "ScopeReference",
                "name": "With.Record<24>"
              },
              "arguments": [
                {
                  "tag": "DeBruijn",
                  "index": 1
                }
              ]
            }
          }
        }
      },
      "definition": {
        "pretty": "FAIL (rec r) = FAIL (rec r) | r",
        "tag": "Function",
        "clauses": [
          {
            "telescope": [
              {
                "pretty": "{s : Sig}",
                "tag": "ScopeReference",
                "name": "With.Sig<20>"
              },
              {
                "pretty": "{f : Record (@0 .Sig.s) → P}",
                "tag": "Pi",
                "name": "_",
                "domain": {
                  "tag": "Application",
                  "head": {
                    "tag": "ScopeReference",
                    "name": "With.Record<24>"
                  },
                  "arguments": [
                    {
                      "tag": "Application",
                      "head": {
                        "tag": "ScopeReference",
                        "name": "With.Sig.s<30>"
                      },
                      "arguments": [
                        {
                          "tag": "DeBruijn",
                          "index": 0
                        }
                      ]
                    }
                  ]
                },
                "codomain": {
                  "tag": "ScopeReference",
                  "name": "With.P<2>"
                }
              },
              {
                "pretty": "(r : Manifest-Σ (Record (($ @1 ≔ @0) .Sig.s)) (($ @1 ≔ @0) .Sig.f))",
                "tag": "Application",
                "name": "r",
                "head": {
                  "tag": "ScopeReference",
                  "name": "With.Manifest-Σ<8>"
                },
                "arguments": [
                  {
                    "tag": "Application",
                    "head": {
                      "tag": "ScopeReference",
                      "name": "With.Record<24>"
                    },
                    "arguments": [
                      {
                        "tag": "Application",
                        "head": {
                          "tag": "ScopeReference",
                          "name": "With.Sig.s<30>"
                        },
                        "arguments": [
                          {
                            "tag": "Application",
                            "head": {
                              "tag": "ScopeReference",
                              "name": "With.$_≔_<46>"
                            },
                            "arguments": [
                              {
                                "tag": "DeBruijn",
                                "index": 1
                              },
                              {
                                "tag": "DeBruijn",
                                "index": 0
                              }
                            ]
                          }
                        ]
                      }
                    ]
                  },
                  {
                    "tag": "Application",
                    "head": {
                      "tag": "ScopeReference",
                      "name": "With.Sig.f<32>"
                    },
                    "arguments": [
                      {
                        "tag": "Application",
                        "head": {
                          "tag": "ScopeReference",
                          "name": "With.$_≔_<46>"
                        },
                        "arguments": [
                          {
                            "tag": "DeBruijn",
                            "index": 1
                          },
                          {
                            "tag": "DeBruijn",
                            "index": 0
                          }
                        ]
                      }
                    ]
                  }
                ]
              }
            ],
            "patterns": [
              {
                "tag": "DeBruijn",
                "index": 2
              },
              {
                "tag": "DeBruijn",
                "index": 1
              },
              {
                "tag": "Application",
                "head": {
                  "tag": "ScopeReference",
                  "name": "With.rec"
                },
                "arguments": [
                  {
                    "tag": "DeBruijn",
                    "index": 0
                  }
                ]
              }
            ],
            "body": {
              "tag": "Application",
              "head": {
                "tag": "ScopeReference",
                "name": "With.with-60<62>"
              },
              "arguments": [
                {
                  "tag": "DeBruijn",
                  "index": 2
                },
                {
                  "tag": "DeBruijn",
                  "index": 1
                },
                {
                  "tag": "DeBruijn",
                  "index": 0
                },
                {
                  "tag": "DeBruijn",
                  "index": 0
                }
              ]
            }
          }
        ]
      },
      "holes": []
    }
  ],
  "scope-private": [
    {
      "name": "With.Sig.f<32>",
      "type": {
        "pretty": "(r : Sig) → Record (Sig.s r) → P",
        "tag": "Pi",
        "name": "r",
        "domain": {
          "tag": "ScopeReference",
          "name": "With.Sig<20>"
        },
        "codomain": {
          "tag": "Pi",
          "name": "_",
          "domain": {
            "tag": "Application",
            "head": {
              "tag": "ScopeReference",
              "name": "With.Record<24>"
            },
            "arguments": [
              {
                "tag": "Application",
                "head": {
                  "tag": "ScopeReference",
                  "name": "With.Sig.s<30>"
                },
                "arguments": [
                  {
                    "tag": "DeBruijn",
                    "index": 0
                  }
                ]
              }
            ]
          },
          "codomain": {
            "tag": "ScopeReference",
            "name": "With.P<2>"
          }
        }
      },
      "definition": {
        "pretty": "Sig.f = f",
        "tag": "Function",
        "clauses": [
          {
            "telescope": [
              {
                "pretty": "(s : Sig)",
                "tag": "ScopeReference",
                "name": "With.Sig<20>"
              },
              {
                "pretty": "(f : Record @0 → P)",
                "tag": "Pi",
                "name": "_",
                "domain": {
                  "tag": "Application",
                  "head": {
                    "tag": "ScopeReference",
                    "name": "With.Record<24>"
                  },
                  "arguments": [
                    {
                      "tag": "DeBruijn",
                      "index": 0
                    }
                  ]
                },
                "codomain": {
                  "tag": "ScopeReference",
                  "name": "With.P<2>"
                }
              }
            ],
            "patterns": [
              {
                "tag": "Application",
                "head": {
                  "tag": "ScopeReference",
                  "name": "With._≔_"
                },
                "arguments": [
                  {
                    "tag": "DeBruijn",
                    "index": 1
                  },
                  {
                    "tag": "DeBruijn",
                    "index": 0
                  }
                ]
              }
            ],
            "body": {
              "tag": "DeBruijn",
              "index": 0
            }
          }
        ]
      },
      "holes": []
    },
    {
      "name": "With.Record.fun<40>",
      "type": {
        "pretty": "{s : Sig} → Record s → Manifest-Σ (Record (s .Sig.s)) (s .Sig.f)",
        "tag": "Pi",
        "name": "s",
        "domain": {
          "tag": "ScopeReference",
          "name": "With.Sig<20>"
        },
        "codomain": {
          "tag": "Pi",
          "name": "r",
          "domain": {
            "tag": "Application",
            "head": {
              "tag": "ScopeReference",
              "name": "With.Record<24>"
            },
            "arguments": [
              {
                "tag": "DeBruijn",
                "index": 0
              }
            ]
          },
          "codomain": {
            "tag": "Application",
            "head": {
              "tag": "ScopeReference",
              "name": "With.Manifest-Σ<8>"
            },
            "arguments": [
              {
                "tag": "Application",
                "head": {
                  "tag": "ScopeReference",
                  "name": "With.Record<24>"
                },
                "arguments": [
                  {
                    "tag": "Application",
                    "head": {
                      "tag": "ScopeReference",
                      "name": "With.Sig.s<30>"
                    },
                    "arguments": [
                      {
                        "tag": "DeBruijn",
                        "index": 0
                      }
                    ]
                  }
                ]
              },
              {
                "tag": "Application",
                "head": {
                  "tag": "ScopeReference",
                  "name": "With.Sig.f<32>"
                },
                "arguments": [
                  {
                    "tag": "DeBruijn",
                    "index": 0
                  }
                ]
              }
            ]
          }
        }
      },
      "definition": {
        "pretty": "Record.fun = fun",
        "tag": "Function",
        "clauses": [
          {
            "telescope": [
              {
                "pretty": "{s : Sig}",
                "tag": "ScopeReference",
                "name": "With.Sig<20>"
              },
              {
                "pretty": "(fun : Manifest-Σ (Record (@0 .Sig.s)) (@0 .Sig.f))",
                "tag": "Application",
                "name": "fun",
                "head": {
                  "tag": "ScopeReference",
                  "name": "With.Manifest-Σ<8>"
                },
                "arguments": [
                  {
                    "tag": "Application",
                    "head": {
                      "tag": "ScopeReference",
                      "name": "With.Record<24>"
                    },
                    "arguments": [
                      {
                        "tag": "Application",
                        "head": {
                          "tag": "ScopeReference",
                          "name": "With.Sig.s<30>"
                        },
                        "arguments": [
                          {
                            "tag": "DeBruijn",
                            "index": 0
                          }
                        ]
                      }
                    ]
                  },
                  {
                    "tag": "Application",
                    "head": {
                      "tag": "ScopeReference",
                      "name": "With.Sig.f<32>"
                    },
                    "arguments": [
                      {
                        "tag": "DeBruijn",
                        "index": 0
                      }
                    ]
                  }
                ]
              }
            ],
            "patterns": [
              {
                "tag": "Application",
                "head": {
                  "tag": "ScopeReference",
                  "name": "With.rec"
                },
                "arguments": [
                  {
                    "tag": "DeBruijn",
                    "index": 0
                  }
                ]
              }
            ],
            "body": {
              "tag": "DeBruijn",
              "index": 0
            }
          }
        ]
      },
      "holes": []
    },
    {
      "name": "With.Manifest-Σ.proj₁<16>",
      "type": {
        "pretty": "{A : Set} {_ = z : A → P} → Manifest-Σ A z → A",
        "tag": "Pi",
        "name": "A",
        "domain": {
          "tag": "Sort",
          "sort": "Set"
        },
        "codomain": {
          "tag": "Pi",
          "name": "_",
          "domain": {
            "tag": "Pi",
            "name": "_",
            "domain": {
              "tag": "DeBruijn",
              "index": 0
            },
            "codomain": {
              "tag": "ScopeReference",
              "name": "With.P<2>"
            }
          },
          "codomain": {
            "tag": "Pi",
            "name": "r",
            "domain": {
              "tag": "Application",
              "head": {
                "tag": "ScopeReference",
                "name": "With.Manifest-Σ<8>"
              },
              "arguments": [
                {
                  "tag": "DeBruijn",
                  "index": 1
                },
                {
                  "tag": "DeBruijn",
                  "index": 0
                }
              ]
            },
            "codomain": {
              "tag": "DeBruijn",
              "index": 1
            }
          }
        }
      },
      "definition": {
        "pretty": "Manifest-Σ.proj₁ = proj₁",
        "tag": "Function",
        "clauses": [
          {
            "telescope": [
              {
                "pretty": "{A : Set}",
                "tag": "Sort",
                "name": "A",
                "sort": "Set"
              },
              {
                "pretty": "{_ : @0 → P}",
                "tag": "Pi",
                "name": "_",
                "domain": {
                  "tag": "DeBruijn",
                  "index": 0
                },
                "codomain": {
                  "tag": "ScopeReference",
                  "name": "With.P<2>"
                }
              },
              {
                "pretty": "(proj₁ : @1)",
                "tag": "DeBruijn",
                "name": "proj₁",
                "index": 1
              }
            ],
            "patterns": [
              {
                "tag": "Application",
                "head": {
                  "tag": "ScopeReference",
                  "name": "With._,"
                },
                "arguments": [
                  {
                    "tag": "DeBruijn",
                    "index": 0
                  }
                ]
              }
            ],
            "body": {
              "tag": "DeBruijn",
              "index": 0
            }
          }
        ]
      },
      "holes": []
    },
    {
      "name": "With.with-60<62>",
      "type": {
        "pretty": "{s : Sig} {f : Record (s .Sig.s) → P} (r : Manifest-Σ (Record (($ s ≔ f) .Sig.s)) (($ s ≔ f) .Sig.f)) → Manifest-Σ (Record (Sig.s s)) f → Record s",
        "tag": "Pi",
        "name": "s",
        "domain": {
          "tag": "ScopeReference",
          "name": "With.Sig<20>"
        },
        "codomain": {
          "tag": "Pi",
          "name": "f",
          "domain": {
            "tag": "Pi",
            "name": "_",
            "domain": {
              "tag": "Application",
              "head": {
                "tag": "ScopeReference",
                "name": "With.Record<24>"
              },
              "arguments": [
                {
                  "tag": "Application",
                  "head": {
                    "tag": "ScopeReference",
                    "name": "With.Sig.s<30>"
                  },
                  "arguments": [
                    {
                      "tag": "DeBruijn",
                      "index": 0
                    }
                  ]
                }
              ]
            },
            "codomain": {
              "tag": "ScopeReference",
              "name": "With.P<2>"
            }
          },
          "codomain": {
            "tag": "Pi",
            "name": "r",
            "domain": {
              "tag": "Application",
              "head": {
                "tag": "ScopeReference",
                "name": "With.Manifest-Σ<8>"
              },
              "arguments": [
                {
                  "tag": "Application",
                  "head": {
                    "tag": "ScopeReference",
                    "name": "With.Record<24>"
                  },
                  "arguments": [
                    {
                      "tag": "Application",
                      "head": {
                        "tag": "ScopeReference",
                        "name": "With.Sig.s<30>"
                      },
                      "arguments": [
                        {
                          "tag": "Application",
                          "head": {
                            "tag": "ScopeReference",
                            "name": "With.$_≔_<46>"
                          },
                          "arguments": [
                            {
                              "tag": "DeBruijn",
                              "index": 1
                            },
                            {
                              "tag": "DeBruijn",
                              "index": 0
                            }
                          ]
                        }
                      ]
                    }
                  ]
                },
                {
                  "tag": "Application",
                  "head": {
                    "tag": "ScopeReference",
                    "name": "With.Sig.f<32>"
                  },
                  "arguments": [
                    {
                      "tag": "Application",
                      "head": {
                        "tag": "ScopeReference",
                        "name": "With.$_≔_<46>"
                      },
                      "arguments": [
                        {
                          "tag": "DeBruijn",
                          "index": 1
                        },
                        {
                          "tag": "DeBruijn",
                          "index": 0
                        }
                      ]
                    }
                  ]
                }
              ]
            },
            "codomain": {
              "tag": "Pi",
              "name": "w",
              "domain": {
                "tag": "Application",
                "head": {
                  "tag": "ScopeReference",
                  "name": "With.Manifest-Σ<8>"
                },
                "arguments": [
                  {
                    "tag": "Application",
                    "head": {
                      "tag": "ScopeReference",
                      "name": "With.Record<24>"
                    },
                    "arguments": [
                      {
                        "tag": "Application",
                        "head": {
                          "tag": "ScopeReference",
                          "name": "With.Sig.s<30>"
                        },
                        "arguments": [
                          {
                            "tag": "DeBruijn",
                            "index": 2
                          }
                        ]
                      }
                    ]
                  },
                  {
                    "tag": "DeBruijn",
                    "index": 1
                  }
                ]
              },
              "codomain": {
                "tag": "Application",
                "head": {
                  "tag": "ScopeReference",
                  "name": "With.Record<24>"
                },
                "arguments": [
                  {
                    "tag": "DeBruijn",
                    "index": 2
                  }
                ]
              }
            }
          }
        }
      },
      "definition": {
        "pretty": "... | r′ = rec r′",
        "tag": "Function",
        "clauses": [
          {
            "telescope": [
              {
                "pretty": "{s : Sig}",
                "tag": "ScopeReference",
                "name": "With.Sig<20>"
              },
              {
                "pretty": "{f : Record (@0 .Sig.s) → P}",
                "tag": "Pi",
                "name": "_",
                "domain": {
                  "tag": "Application",
                  "head": {
                    "tag": "ScopeReference",
                    "name": "With.Record<24>"
                  },
                  "arguments": [
                    {
                      "tag": "Application",
                      "head": {
                        "tag": "ScopeReference",
                        "name": "With.Sig.s<30>"
                      },
                      "arguments": [
                        {
                          "tag": "DeBruijn",
                          "index": 0
                        }
                      ]
                    }
                  ]
                },
                "codomain": {
                  "tag": "ScopeReference",
                  "name": "With.P<2>"
                }
              },
              {
                "pretty": "(r : Manifest-Σ (Record (($ @1 ≔ @0) .Sig.s)) (($ @1 ≔ @0) .Sig.f))",
                "tag": "Application",
                "name": "r",
                "head": {
                  "tag": "ScopeReference",
                  "name": "With.Manifest-Σ<8>"
                },
                "arguments": [
                  {
                    "tag": "Application",
                    "head": {
                      "tag": "ScopeReference",
                      "name": "With.Record<24>"
                    },
                    "arguments": [
                      {
                        "tag": "Application",
                        "head": {
                          "tag": "ScopeReference",
                          "name": "With.Sig.s<30>"
                        },
                        "arguments": [
                          {
                            "tag": "Application",
                            "head": {
                              "tag": "ScopeReference",
                              "name": "With.$_≔_<46>"
                            },
                            "arguments": [
                              {
                                "tag": "DeBruijn",
                                "index": 1
                              },
                              {
                                "tag": "DeBruijn",
                                "index": 0
                              }
                            ]
                          }
                        ]
                      }
                    ]
                  },
                  {
                    "tag": "Application",
                    "head": {
                      "tag": "ScopeReference",
                      "name": "With.Sig.f<32>"
                    },
                    "arguments": [
                      {
                        "tag": "Application",
                        "head": {
                          "tag": "ScopeReference",
                          "name": "With.$_≔_<46>"
                        },
                        "arguments": [
                          {
                            "tag": "DeBruijn",
                            "index": 1
                          },
                          {
                            "tag": "DeBruijn",
                            "index": 0
                          }
                        ]
                      }
                    ]
                  }
                ]
              },
              {
                "pretty": "(r′ : Manifest-Σ (Record (Sig.s @2)) @1)",
                "tag": "Application",
                "name": "r′",
                "head": {
                  "tag": "ScopeReference",
                  "name": "With.Manifest-Σ<8>"
                },
                "arguments": [
                  {
                    "tag": "Application",
                    "head": {
                      "tag": "ScopeReference",
                      "name": "With.Record<24>"
                    },
                    "arguments": [
                      {
                        "tag": "Application",
                        "head": {
                          "tag": "ScopeReference",
                          "name": "With.Sig.s<30>"
                        },
                        "arguments": [
                          {
                            "tag": "DeBruijn",
                            "index": 2
                          }
                        ]
                      }
                    ]
                  },
                  {
                    "tag": "DeBruijn",
                    "index": 1
                  }
                ]
              }
            ],
            "patterns": [
              {
                "tag": "DeBruijn",
                "index": 3
              },
              {
                "tag": "DeBruijn",
                "index": 2
              },
              {
                "tag": "DeBruijn",
                "index": 1
              },
              {
                "tag": "DeBruijn",
                "index": 0
              }
            ],
            "body": {
              "tag": "Application",
              "head": {
                "tag": "ScopeReference",
                "name": "With.rec<42>"
              },
              "arguments": [
                {
                  "tag": "DeBruijn",
                  "index": 0
                }
              ]
            }
          }
        ]
      },
      "holes": []
    },
    {
      "name": "With.Sig.s<30>",
      "type": {
        "pretty": "Sig → Sig",
        "tag": "Pi",
        "name": "r",
        "domain": {
          "tag": "ScopeReference",
          "name": "With.Sig<20>"
        },
        "codomain": {
          "tag": "ScopeReference",
          "name": "With.Sig<20>"
        }
      },
      "definition": {
        "pretty": "Sig.s = s",
        "tag": "Function",
        "clauses": [
          {
            "telescope": [
              {
                "pretty": "(s : Sig)",
                "tag": "ScopeReference",
                "name": "With.Sig<20>"
              },
              {
                "pretty": "(f : Record @0 → P)",
                "tag": "Pi",
                "name": "_",
                "domain": {
                  "tag": "Application",
                  "head": {
                    "tag": "ScopeReference",
                    "name": "With.Record<24>"
                  },
                  "arguments": [
                    {
                      "tag": "DeBruijn",
                      "index": 0
                    }
                  ]
                },
                "codomain": {
                  "tag": "ScopeReference",
                  "name": "With.P<2>"
                }
              }
            ],
            "patterns": [
              {
                "tag": "Application",
                "head": {
                  "tag": "ScopeReference",
                  "name": "With._≔_"
                },
                "arguments": [
                  {
                    "tag": "DeBruijn",
                    "index": 1
                  },
                  {
                    "tag": "DeBruijn",
                    "index": 0
                  }
                ]
              }
            ],
            "body": {
              "tag": "DeBruijn",
              "index": 1
            }
          }
        ]
      },
      "holes": []
    }
  ]
}