{
  "name": "WithOld",
  "scope-global": [],
  "scope-local": [
    {
      "name": "WithOld.P<2>",
      "type": {
        "pretty": "Set",
        "tag": "Sort",
        "sort": "Set"
      },
      "definition": {
        "pretty": "<Axiom>",
        "tag": "Postulate"
      },
      "holes": []
    },
    {
      "name": "WithOld.Manifest-Σ<8>",
      "type": {
        "pretty": "(A : Set) (_ : A → P) → Set",
        "tag": "Pi",
        "name": "A",
        "domain": {
          "tag": "Sort",
          "sort": "Set"
        },
        "codomain": {
          "tag": "Pi",
          "name": "_",
          "domain": {
            "tag": "Pi",
            "name": "_",
            "domain": {
              "tag": "DeBruijn",
              "index": 0
            },
            "codomain": {
              "tag": "ScopeReference",
              "name": "WithOld.P<2>"
            }
          },
          "codomain": {
            "tag": "Sort",
            "sort": "Set"
          }
        }
      },
      "definition": {
        "pretty": "{A : Set} {_ : A → P} |- {(proj₁ : @1)}",
        "tag": "Record",
        "telescope": [
          {
            "pretty": "{A : Set}",
            "tag": "Sort",
            "name": "A",
            "sort": "Set"
          },
          {
            "pretty": "{_ : @0 → P}",
            "tag": "Pi",
            "name": "_",
            "domain": {
              "tag": "DeBruijn",
              "index": 0
            },
            "codomain": {
              "tag": "ScopeReference",
              "name": "WithOld.P<2>"
            }
          }
        ],
        "fields": [
          {
            "tag": "DeBruijn",
            "index": 1
          }
        ]
      },
      "holes": []
    },
    {
      "name": "WithOld._,<18>",
      "type": {
        "pretty": "{A : Set} {_ = z : A → P} (proj₁ : A) → Manifest-Σ A z",
        "tag": "Pi",
        "name": "A",
        "domain": {
          "tag": "Sort",
          "sort": "Set"
        },
        "codomain": {
          "tag": "Pi",
          "name": "_",
          "domain": {
            "tag": "Pi",
            "name": "_",
            "domain": {
              "tag": "DeBruijn",
              "index": 0
            },
            "codomain": {
              "tag": "ScopeReference",
              "name": "WithOld.P<2>"
            }
          },
          "codomain": {
            "tag": "Pi",
            "name": "proj₁",
            "domain": {
              "tag": "DeBruijn",
              "index": 1
            },
            "codomain": {
              "tag": "Application",
              "head": {
                "tag": "ScopeReference",
                "name": "WithOld.Manifest-Σ<8>"
              },
              "arguments": [
                {
                  "tag": "DeBruijn",
                  "index": 2
                },
                {
                  "tag": "DeBruijn",
                  "index": 1
                }
              ]
            }
          }
        }
      },
      "definition": {
        "pretty": "Manifest-Σ@0",
        "tag": "Constructor",
        "reference": "WithOld.Manifest-Σ",
        "variant": 0
      },
      "holes": []
    },
    {
      "name": "WithOld.Signature<20>",
      "type": {
        "pretty": "Set₁",
        "tag": "Sort",
        "sort": "Set1"
      },
      "definition": {
        "pretty": "(_≔_ : (Sig : Signature) → (Record Sig → P) → Signature)",
        "tag": "ADT",
        "variants": [
          {
            "tag": "Pi",
            "name": "Sig",
            "domain": {
              "tag": "ScopeReference",
              "name": "WithOld.Signature<20>"
            },
            "codomain": {
              "tag": "Pi",
              "name": "_",
              "domain": {
                "tag": "Pi",
                "name": "_",
                "domain": {
                  "tag": "Application",
                  "head": {
                    "tag": "ScopeReference",
                    "name": "WithOld.Record<26>"
                  },
                  "arguments": [
                    {
                      "tag": "DeBruijn",
                      "index": 0
                    }
                  ]
                },
                "codomain": {
                  "tag": "ScopeReference",
                  "name": "WithOld.P<2>"
                }
              },
              "codomain": {
                "tag": "ScopeReference",
                "name": "WithOld.Signature<20>"
              }
            }
          }
        ]
      },
      "holes": []
    },
    {
      "name": "WithOld.↓_<22>",
      "type": {
        "pretty": "Signature → Signature",
        "tag": "Pi",
        "name": "_",
        "domain": {
          "tag": "ScopeReference",
          "name": "WithOld.Signature<20>"
        },
        "codomain": {
          "tag": "ScopeReference",
          "name": "WithOld.Signature<20>"
        }
      },
      "definition": {
        "pretty": "↓ (Sig ≔ _) = Sig",
        "tag": "Function",
        "clauses": [
          {
            "telescope": [
              {
                "pretty": "(Sig : Signature)",
                "tag": "ScopeReference",
                "name": "WithOld.Signature<20>"
              },
              {
                "pretty": "(x : Record @0 → P)",
                "tag": "Pi",
                "name": "_",
                "domain": {
                  "tag": "Application",
                  "head": {
                    "tag": "ScopeReference",
                    "name": "WithOld.Record<26>"
                  },
                  "arguments": [
                    {
                      "tag": "DeBruijn",
                      "index": 0
                    }
                  ]
                },
                "codomain": {
                  "tag": "ScopeReference",
                  "name": "WithOld.P<2>"
                }
              }
            ],
            "patterns": [
              {
                "tag": "Application",
                "head": {
                  "tag": "ScopeReference",
                  "name": "WithOld.Signature._≔_"
                },
                "arguments": [
                  {
                    "tag": "DeBruijn",
                    "index": 1
                  },
                  {
                    "tag": "DeBruijn",
                    "index": 0
                  }
                ]
              }
            ],
            "body": {
              "tag": "DeBruijn",
              "index": 1
            }
          }
        ]
      },
      "holes": []
    },
    {
      "name": "WithOld.Record<26>",
      "type": {
        "pretty": "(Sig : Signature) → Set",
        "tag": "Pi",
        "name": "Sig",
        "domain": {
          "tag": "ScopeReference",
          "name": "WithOld.Signature<20>"
        },
        "codomain": {
          "tag": "Sort",
          "sort": "Set"
        }
      },
      "definition": {
        "pretty": "{Sig : Signature} |- {(fun : Record-fun @0)}",
        "tag": "Record",
        "telescope": [
          {
            "pretty": "{Sig : Signature}",
            "tag": "ScopeReference",
            "name": "WithOld.Signature<20>"
          }
        ],
        "fields": [
          {
            "tag": "Application",
            "head": {
              "tag": "ScopeReference",
              "name": "WithOld.Record-fun<28>"
            },
            "arguments": [
              {
                "tag": "DeBruijn",
                "index": 0
              }
            ]
          }
        ]
      },
      "holes": []
    },
    {
      "name": "WithOld.Record-fun<28>",
      "type": {
        "pretty": "Signature → Set",
        "tag": "Pi",
        "name": "_",
        "domain": {
          "tag": "ScopeReference",
          "name": "WithOld.Signature<20>"
        },
        "codomain": {
          "tag": "Sort",
          "sort": "Set"
        }
      },
      "definition": {
        "pretty": "Record-fun (Sig ≔ f) = Manifest-Σ (Record Sig) f",
        "tag": "Function",
        "clauses": [
          {
            "telescope": [
              {
                "pretty": "(Sig : Signature)",
                "tag": "ScopeReference",
                "name": "WithOld.Signature<20>"
              },
              {
                "pretty": "(f : Record @0 → P)",
                "tag": "Pi",
                "name": "_",
                "domain": {
                  "tag": "Application",
                  "head": {
                    "tag": "ScopeReference",
                    "name": "WithOld.Record<26>"
                  },
                  "arguments": [
                    {
                      "tag": "DeBruijn",
                      "index": 0
                    }
                  ]
                },
                "codomain": {
                  "tag": "ScopeReference",
                  "name": "WithOld.P<2>"
                }
              }
            ],
            "patterns": [
              {
                "tag": "Application",
                "head": {
                  "tag": "ScopeReference",
                  "name": "WithOld.Signature._≔_"
                },
                "arguments": [
                  {
                    "tag": "DeBruijn",
                    "index": 1
                  },
                  {
                    "tag": "DeBruijn",
                    "index": 0
                  }
                ]
              }
            ],
            "body": {
              "tag": "Application",
              "head": {
                "tag": "ScopeReference",
                "name": "WithOld.Manifest-Σ<8>"
              },
              "arguments": [
                {
                  "tag": "Application",
                  "head": {
                    "tag": "ScopeReference",
                    "name": "WithOld.Record<26>"
                  },
                  "arguments": [
                    {
                      "tag": "DeBruijn",
                      "index": 1
                    }
                  ]
                },
                {
                  "tag": "DeBruijn",
                  "index": 0
                }
              ]
            }
          }
        ]
      },
      "holes": [
        {
          "ctx": {
            "pretty": "(Sig : Signature) (f : Record Sig → P)",
            "telescope": [
              {
                "pretty": "(Sig : Signature)",
                "tag": "ScopeReference",
                "name": "WithOld.Signature<20>"
              },
              {
                "pretty": "(f : Record f → P)",
                "tag": "Pi",
                "name": "_",
                "domain": {
                  "tag": "Application",
                  "head": {
                    "tag": "ScopeReference",
                    "name": "WithOld.Record<26>"
                  },
                  "arguments": [
                    {
                      "tag": "DeBruijn",
                      "index": 0
                    }
                  ]
                },
                "codomain": {
                  "tag": "ScopeReference",
                  "name": "WithOld.P<2>"
                }
              }
            ]
          },
          "goal": {
            "pretty": "Set",
            "tag": "Sort",
            "sort": "Set"
          },
          "term": {
            "pretty": "Manifest-Σ (Record Sig) f",
            "tag": "Application",
            "head": {
              "tag": "ScopeReference",
              "name": "WithOld.Manifest-Σ<8>"
            },
            "arguments": [
              {
                "tag": "Application",
                "head": {
                  "tag": "ScopeReference",
                  "name": "WithOld.Record<26>"
                },
                "arguments": [
                  {
                    "tag": "DeBruijn",
                    "index": 1
                  }
                ]
              },
              {
                "tag": "DeBruijn",
                "index": 0
              }
            ]
          },
          "premises": [
            "WithOld.Manifest-Σ<8>",
            "WithOld.Record<26>"
          ]
        },
        {
          "ctx": {
            "pretty": "(Sig₁ : Signature) (f₁ : Record Sig₁ → P)",
            "telescope": [
              {
                "pretty": "(Sig : Signature)",
                "tag": "ScopeReference",
                "name": "WithOld.Signature<20>"
              },
              {
                "pretty": "(f : Record f → P)",
                "tag": "Pi",
                "name": "_",
                "domain": {
                  "tag": "Application",
                  "head": {
                    "tag": "ScopeReference",
                    "name": "WithOld.Record<26>"
                  },
                  "arguments": [
                    {
                      "tag": "DeBruijn",
                      "index": 0
                    }
                  ]
                },
                "codomain": {
                  "tag": "ScopeReference",
                  "name": "WithOld.P<2>"
                }
              }
            ]
          },
          "goal": {
            "pretty": "Set",
            "tag": "Sort",
            "sort": "Set"
          },
          "term": {
            "pretty": "Record Sig",
            "tag": "Application",
            "head": {
              "tag": "ScopeReference",
              "name": "WithOld.Record<26>"
            },
            "arguments": [
              {
                "tag": "DeBruijn",
                "index": 1
              }
            ]
          },
          "premises": [
            "WithOld.Record<26>"
          ]
        }
      ]
    },
    {
      "name": "WithOld.Signature._≔_<32>",
      "type": {
        "pretty": "(Sig : Signature) → (Record Sig → P) → Signature",
        "tag": "Pi",
        "name": "Sig",
        "domain": {
          "tag": "ScopeReference",
          "name": "WithOld.Signature<20>"
        },
        "codomain": {
          "tag": "Pi",
          "name": "_",
          "domain": {
            "tag": "Pi",
            "name": "_",
            "domain": {
              "tag": "Application",
              "head": {
                "tag": "ScopeReference",
                "name": "WithOld.Record<26>"
              },
              "arguments": [
                {
                  "tag": "DeBruijn",
                  "index": 0
                }
              ]
            },
            "codomain": {
              "tag": "ScopeReference",
              "name": "WithOld.P<2>"
            }
          },
          "codomain": {
            "tag": "ScopeReference",
            "name": "WithOld.Signature<20>"
          }
        }
      },
      "definition": {
        "pretty": "Signature@0",
        "tag": "Constructor",
        "reference": "WithOld.Signature",
        "variant": 0
      },
      "holes": []
    },
    {
      "name": "WithOld.rec<42>",
      "type": {
        "pretty": "{Sig : Signature} (fun : Record-fun Sig) → Record Sig",
        "tag": "Pi",
        "name": "Sig",
        "domain": {
          "tag": "ScopeReference",
          "name": "WithOld.Signature<20>"
        },
        "codomain": {
          "tag": "Pi",
          "name": "fun",
          "domain": {
            "tag": "Application",
            "head": {
              "tag": "ScopeReference",
              "name": "WithOld.Record-fun<28>"
            },
            "arguments": [
              {
                "tag": "DeBruijn",
                "index": 0
              }
            ]
          },
          "codomain": {
            "tag": "Application",
            "head": {
              "tag": "ScopeReference",
              "name": "WithOld.Record<26>"
            },
            "arguments": [
              {
                "tag": "DeBruijn",
                "index": 1
              }
            ]
          }
        }
      },
      "definition": {
        "pretty": "Record@0",
        "tag": "Constructor",
        "reference": "WithOld.Record",
        "variant": 0
      },
      "holes": []
    },
    {
      "name": "WithOld.$_≔_<50>",
      "type": {
        "pretty": "(Sig : Signature) → (Record (↓ Sig) → P) → Signature",
        "tag": "Pi",
        "name": "Sig",
        "domain": {
          "tag": "ScopeReference",
          "name": "WithOld.Signature<20>"
        },
        "codomain": {
          "tag": "Pi",
          "name": "_",
          "domain": {
            "tag": "Pi",
            "name": "_",
            "domain": {
              "tag": "Application",
              "head": {
                "tag": "ScopeReference",
                "name": "WithOld.Record<26>"
              },
              "arguments": [
                {
                  "tag": "Application",
                  "head": {
                    "tag": "ScopeReference",
                    "name": "WithOld.↓_<22>"
                  },
                  "arguments": [
                    {
                      "tag": "DeBruijn",
                      "index": 0
                    }
                  ]
                }
              ]
            },
            "codomain": {
              "tag": "ScopeReference",
              "name": "WithOld.P<2>"
            }
          },
          "codomain": {
            "tag": "ScopeReference",
            "name": "WithOld.Signature<20>"
          }
        }
      },
      "definition": {
        "pretty": "$ Sig ≔ _ ≔ a = Sig ≔ a",
        "tag": "Function",
        "clauses": [
          {
            "telescope": [
              {
                "pretty": "(Sig : Signature)",
                "tag": "ScopeReference",
                "name": "WithOld.Signature<20>"
              },
              {
                "pretty": "(x : Record @0 → P)",
                "tag": "Pi",
                "name": "_",
                "domain": {
                  "tag": "Application",
                  "head": {
                    "tag": "ScopeReference",
                    "name": "WithOld.Record<26>"
                  },
                  "arguments": [
                    {
                      "tag": "DeBruijn",
                      "index": 0
                    }
                  ]
                },
                "codomain": {
                  "tag": "ScopeReference",
                  "name": "WithOld.P<2>"
                }
              },
              {
                "pretty": "(a : Record (↓ (@1 ≔ @0)) → P)",
                "tag": "Pi",
                "name": "_",
                "domain": {
                  "tag": "Application",
                  "head": {
                    "tag": "ScopeReference",
                    "name": "WithOld.Record<26>"
                  },
                  "arguments": [
                    {
                      "tag": "Application",
                      "head": {
                        "tag": "ScopeReference",
                        "name": "WithOld.↓_<22>"
                      },
                      "arguments": [
                        {
                          "tag": "Application",
                          "head": {
                            "tag": "ScopeReference",
                            "name": "WithOld.Signature._≔_<32>"
                          },
                          "arguments": [
                            {
                              "tag": "DeBruijn",
                              "index": 1
                            },
                            {
                              "tag": "DeBruijn",
                              "index": 0
                            }
                          ]
                        }
                      ]
                    }
                  ]
                },
                "codomain": {
                  "tag": "ScopeReference",
                  "name": "WithOld.P<2>"
                }
              }
            ],
            "patterns": [
              {
                "tag": "Application",
                "head": {
                  "tag": "ScopeReference",
                  "name": "WithOld.Signature._≔_"
                },
                "arguments": [
                  {
                    "tag": "DeBruijn",
                    "index": 2
                  },
                  {
                    "tag": "DeBruijn",
                    "index": 1
                  }
                ]
              },
              {
                "tag": "DeBruijn",
                "index": 0
              }
            ],
            "body": {
              "tag": "Application",
              "head": {
                "tag": "ScopeReference",
                "name": "WithOld.Signature._≔_<32>"
              },
              "arguments": [
                {
                  "tag": "DeBruijn",
                  "index": 2
                },
                {
                  "tag": "DeBruijn",
                  "index": 0
                }
              ]
            }
          }
        ]
      },
      "holes": [
        {
          "ctx": {
            "pretty": "(Sig : Signature) (x : Record Sig → P) (a : Record (↓ (Sig ≔ x)) → P)",
            "telescope": [
              {
                "pretty": "(Sig : Signature)",
                "tag": "ScopeReference",
                "name": "WithOld.Signature<20>"
              },
              {
                "pretty": "(x : Record a → P)",
                "tag": "Pi",
                "name": "_",
                "domain": {
                  "tag": "Application",
                  "head": {
                    "tag": "ScopeReference",
                    "name": "WithOld.Record<26>"
                  },
                  "arguments": [
                    {
                      "tag": "DeBruijn",
                      "index": 0
                    }
                  ]
                },
                "codomain": {
                  "tag": "ScopeReference",
                  "name": "WithOld.P<2>"
                }
              },
              {
                "pretty": "(a : Record (↓ (x ≔ a)) → P)",
                "tag": "Pi",
                "name": "_",
                "domain": {
                  "tag": "Application",
                  "head": {
                    "tag": "ScopeReference",
                    "name": "WithOld.Record<26>"
                  },
                  "arguments": [
                    {
                      "tag": "Application",
                      "head": {
                        "tag": "ScopeReference",
                        "name": "WithOld.↓_<22>"
                      },
                      "arguments": [
                        {
                          "tag": "Application",
                          "head": {
                            "tag": "ScopeReference",
                            "name": "WithOld.Signature._≔_<32>"
                          },
                          "arguments": [
                            {
                              "tag": "DeBruijn",
                              "index": 1
                            },
                            {
                              "tag": "DeBruijn",
                              "index": 0
                            }
                          ]
                        }
                      ]
                    }
                  ]
                },
                "codomain": {
                  "tag": "ScopeReference",
                  "name": "WithOld.P<2>"
                }
              }
            ]
          },
          "goal": {
            "pretty": "Signature",
            "tag": "ScopeReference",
            "name": "WithOld.Signature<20>"
          },
          "term": {
            "pretty": "Sig ≔ a",
            "tag": "Application",
            "head": {
              "tag": "ScopeReference",
              "name": "WithOld.Signature._≔_<32>"
            },
            "arguments": [
              {
                "tag": "DeBruijn",
                "index": 2
              },
              {
                "tag": "DeBruijn",
                "index": 0
              }
            ]
          },
          "premises": [
            "WithOld.Signature._≔_<32>"
          ]
        }
      ]
    },
    {
      "name": "WithOld.↓<56>",
      "type": {
        "pretty": "{Sig : Signature} {a : Record (↓ Sig) → P} → Record ($ Sig ≔ a) → Record Sig",
        "tag": "Pi",
        "name": "Sig",
        "domain": {
          "tag": "ScopeReference",
          "name": "WithOld.Signature<20>"
        },
        "codomain": {
          "tag": "Pi",
          "name": "a",
          "domain": {
            "tag": "Pi",
            "name": "_",
            "domain": {
              "tag": "Application",
              "head": {
                "tag": "ScopeReference",
                "name": "WithOld.Record<26>"
              },
              "arguments": [
                {
                  "tag": "Application",
                  "head": {
                    "tag": "ScopeReference",
                    "name": "WithOld.↓_<22>"
                  },
                  "arguments": [
                    {
                      "tag": "DeBruijn",
                      "index": 0
                    }
                  ]
                }
              ]
            },
            "codomain": {
              "tag": "ScopeReference",
              "name": "WithOld.P<2>"
            }
          },
          "codomain": {
            "tag": "Pi",
            "name": "_",
            "domain": {
              "tag": "Application",
              "head": {
                "tag": "ScopeReference",
                "name": "WithOld.Record<26>"
              },
              "arguments": [
                {
                  "tag": "Application",
                  "head": {
                    "tag": "ScopeReference",
                    "name": "WithOld.$_≔_<50>"
                  },
                  "arguments": [
                    {
                      "tag": "DeBruijn",
                      "index": 1
                    },
                    {
                      "tag": "DeBruijn",
                      "index": 0
                    }
                  ]
                }
              ]
            },
            "codomain": {
              "tag": "Application",
              "head": {
                "tag": "ScopeReference",
                "name": "WithOld.Record<26>"
              },
              "arguments": [
                {
                  "tag": "DeBruijn",
                  "index": 1
                }
              ]
            }
          }
        }
      },
      "definition": {
        "pretty": "↓ {Sig = _ ≔ _} (rec r) = ↓ (rec r) | r",
        "tag": "Function",
        "clauses": [
          {
            "telescope": [
              {
                "pretty": "(Sig : Signature)",
                "tag": "ScopeReference",
                "name": "WithOld.Signature<20>"
              },
              {
                "pretty": "(x : Record @0 → P)",
                "tag": "Pi",
                "name": "_",
                "domain": {
                  "tag": "Application",
                  "head": {
                    "tag": "ScopeReference",
                    "name": "WithOld.Record<26>"
                  },
                  "arguments": [
                    {
                      "tag": "DeBruijn",
                      "index": 0
                    }
                  ]
                },
                "codomain": {
                  "tag": "ScopeReference",
                  "name": "WithOld.P<2>"
                }
              },
              {
                "pretty": "{a : Record (↓ (@1 ≔ @0)) → P}",
                "tag": "Pi",
                "name": "_",
                "domain": {
                  "tag": "Application",
                  "head": {
                    "tag": "ScopeReference",
                    "name": "WithOld.Record<26>"
                  },
                  "arguments": [
                    {
                      "tag": "Application",
                      "head": {
                        "tag": "ScopeReference",
                        "name": "WithOld.↓_<22>"
                      },
                      "arguments": [
                        {
                          "tag": "Application",
                          "head": {
                            "tag": "ScopeReference",
                            "name": "WithOld.Signature._≔_<32>"
                          },
                          "arguments": [
                            {
                              "tag": "DeBruijn",
                              "index": 1
                            },
                            {
                              "tag": "DeBruijn",
                              "index": 0
                            }
                          ]
                        }
                      ]
                    }
                  ]
                },
                "codomain": {
                  "tag": "ScopeReference",
                  "name": "WithOld.P<2>"
                }
              },
              {
                "pretty": "(r : Record-fun ($ @2 ≔ @1 ≔ @0))",
                "tag": "Application",
                "name": "r",
                "head": {
                  "tag": "ScopeReference",
                  "name": "WithOld.Record-fun<28>"
                },
                "arguments": [
                  {
                    "tag": "Application",
                    "head": {
                      "tag": "ScopeReference",
                      "name": "WithOld.$_≔_<50>"
                    },
                    "arguments": [
                      {
                        "tag": "Application",
                        "head": {
                          "tag": "ScopeReference",
                          "name": "WithOld.Signature._≔_<32>"
                        },
                        "arguments": [
                          {
                            "tag": "DeBruijn",
                            "index": 2
                          },
                          {
                            "tag": "DeBruijn",
                            "index": 1
                          }
                        ]
                      },
                      {
                        "tag": "DeBruijn",
                        "index": 0
                      }
                    ]
                  }
                ]
              }
            ],
            "patterns": [
              {
                "tag": "Application",
                "head": {
                  "tag": "ScopeReference",
                  "name": "WithOld.Signature._≔_"
                },
                "arguments": [
                  {
                    "tag": "DeBruijn",
                    "index": 3
                  },
                  {
                    "tag": "DeBruijn",
                    "index": 2
                  }
                ]
              },
              {
                "tag": "DeBruijn",
                "index": 1
              },
              {
                "tag": "Application",
                "head": {
                  "tag": "ScopeReference",
                  "name": "WithOld.rec"
                },
                "arguments": [
                  {
                    "tag": "DeBruijn",
                    "index": 0
                  }
                ]
              }
            ],
            "body": {
              "tag": "Application",
              "head": {
                "tag": "ScopeReference",
                "name": "WithOld.with-64<66>"
              },
              "arguments": [
                {
                  "tag": "DeBruijn",
                  "index": 3
                },
                {
                  "tag": "DeBruijn",
                  "index": 2
                },
                {
                  "tag": "DeBruijn",
                  "index": 1
                },
                {
                  "tag": "DeBruijn",
                  "index": 0
                },
                {
                  "tag": "DeBruijn",
                  "index": 0
                }
              ]
            }
          }
        ]
      },
      "holes": []
    }
  ],
  "scope-private": [
    {
      "name": "WithOld.Record.fun<40>",
      "type": {
        "pretty": "{Sig : Signature} → Record Sig → Record-fun Sig",
        "tag": "Pi",
        "name": "Sig",
        "domain": {
          "tag": "ScopeReference",
          "name": "WithOld.Signature<20>"
        },
        "codomain": {
          "tag": "Pi",
          "name": "r",
          "domain": {
            "tag": "Application",
            "head": {
              "tag": "ScopeReference",
              "name": "WithOld.Record<26>"
            },
            "arguments": [
              {
                "tag": "DeBruijn",
                "index": 0
              }
            ]
          },
          "codomain": {
            "tag": "Application",
            "head": {
              "tag": "ScopeReference",
              "name": "WithOld.Record-fun<28>"
            },
            "arguments": [
              {
                "tag": "DeBruijn",
                "index": 0
              }
            ]
          }
        }
      },
      "definition": {
        "pretty": "Record.fun = fun",
        "tag": "Function",
        "clauses": [
          {
            "telescope": [
              {
                "pretty": "{Sig : Signature}",
                "tag": "ScopeReference",
                "name": "WithOld.Signature<20>"
              },
              {
                "pretty": "(fun : Record-fun @0)",
                "tag": "Application",
                "name": "fun",
                "head": {
                  "tag": "ScopeReference",
                  "name": "WithOld.Record-fun<28>"
                },
                "arguments": [
                  {
                    "tag": "DeBruijn",
                    "index": 0
                  }
                ]
              }
            ],
            "patterns": [
              {
                "tag": "Application",
                "head": {
                  "tag": "ScopeReference",
                  "name": "WithOld.rec"
                },
                "arguments": [
                  {
                    "tag": "DeBruijn",
                    "index": 0
                  }
                ]
              }
            ],
            "body": {
              "tag": "DeBruijn",
              "index": 0
            }
          }
        ]
      },
      "holes": []
    },
    {
      "name": "WithOld.Manifest-Σ.proj₁<16>",
      "type": {
        "pretty": "{A : Set} {_ = z : A → P} → Manifest-Σ A z → A",
        "tag": "Pi",
        "name": "A",
        "domain": {
          "tag": "Sort",
          "sort": "Set"
        },
        "codomain": {
          "tag": "Pi",
          "name": "_",
          "domain": {
            "tag": "Pi",
            "name": "_",
            "domain": {
              "tag": "DeBruijn",
              "index": 0
            },
            "codomain": {
              "tag": "ScopeReference",
              "name": "WithOld.P<2>"
            }
          },
          "codomain": {
            "tag": "Pi",
            "name": "r",
            "domain": {
              "tag": "Application",
              "head": {
                "tag": "ScopeReference",
                "name": "WithOld.Manifest-Σ<8>"
              },
              "arguments": [
                {
                  "tag": "DeBruijn",
                  "index": 1
                },
                {
                  "tag": "DeBruijn",
                  "index": 0
                }
              ]
            },
            "codomain": {
              "tag": "DeBruijn",
              "index": 1
            }
          }
        }
      },
      "definition": {
        "pretty": "Manifest-Σ.proj₁ = proj₁",
        "tag": "Function",
        "clauses": [
          {
            "telescope": [
              {
                "pretty": "{A : Set}",
                "tag": "Sort",
                "name": "A",
                "sort": "Set"
              },
              {
                "pretty": "{_ : @0 → P}",
                "tag": "Pi",
                "name": "_",
                "domain": {
                  "tag": "DeBruijn",
                  "index": 0
                },
                "codomain": {
                  "tag": "ScopeReference",
                  "name": "WithOld.P<2>"
                }
              },
              {
                "pretty": "(proj₁ : @1)",
                "tag": "DeBruijn",
                "name": "proj₁",
                "index": 1
              }
            ],
            "patterns": [
              {
                "tag": "Application",
                "head": {
                  "tag": "ScopeReference",
                  "name": "WithOld._,"
                },
                "arguments": [
                  {
                    "tag": "DeBruijn",
                    "index": 0
                  }
                ]
              }
            ],
            "body": {
              "tag": "DeBruijn",
              "index": 0
            }
          }
        ]
      },
      "holes": []
    },
    {
      "name": "WithOld.with-64<66>",
      "type": {
        "pretty": "(Sig : Signature) (x : Record Sig → P) {a : Record (↓ (Sig ≔ x)) → P} (r : Record-fun ($ Sig ≔ x ≔ a)) → Manifest-Σ (Record Sig) a → Record (Sig ≔ x)",
        "tag": "Pi",
        "name": "Sig",
        "domain": {
          "tag": "ScopeReference",
          "name": "WithOld.Signature<20>"
        },
        "codomain": {
          "tag": "Pi",
          "name": "x",
          "domain": {
            "tag": "Pi",
            "name": "_",
            "domain": {
              "tag": "Application",
              "head": {
                "tag": "ScopeReference",
                "name": "WithOld.Record<26>"
              },
              "arguments": [
                {
                  "tag": "DeBruijn",
                  "index": 0
                }
              ]
            },
            "codomain": {
              "tag": "ScopeReference",
              "name": "WithOld.P<2>"
            }
          },
          "codomain": {
            "tag": "Pi",
            "name": "a",
            "domain": {
              "tag": "Pi",
              "name": "_",
              "domain": {
                "tag": "Application",
                "head": {
                  "tag": "ScopeReference",
                  "name": "WithOld.Record<26>"
                },
                "arguments": [
                  {
                    "tag": "Application",
                    "head": {
                      "tag": "ScopeReference",
                      "name": "WithOld.↓_<22>"
                    },
                    "arguments": [
                      {
                        "tag": "Application",
                        "head": {
                          "tag": "ScopeReference",
                          "name": "WithOld.Signature._≔_<32>"
                        },
                        "arguments": [
                          {
                            "tag": "DeBruijn",
                            "index": 1
                          },
                          {
                            "tag": "DeBruijn",
                            "index": 0
                          }
                        ]
                      }
                    ]
                  }
                ]
              },
              "codomain": {
                "tag": "ScopeReference",
                "name": "WithOld.P<2>"
              }
            },
            "codomain": {
              "tag": "Pi",
              "name": "r",
              "domain": {
                "tag": "Application",
                "head": {
                  "tag": "ScopeReference",
                  "name": "WithOld.Record-fun<28>"
                },
                "arguments": [
                  {
                    "tag": "Application",
                    "head": {
                      "tag": "ScopeReference",
                      "name": "WithOld.$_≔_<50>"
                    },
                    "arguments": [
                      {
                        "tag": "Application",
                        "head": {
                          "tag": "ScopeReference",
                          "name": "WithOld.Signature._≔_<32>"
                        },
                        "arguments": [
                          {
                            "tag": "DeBruijn",
                            "index": 2
                          },
                          {
                            "tag": "DeBruijn",
                            "index": 1
                          }
                        ]
                      },
                      {
                        "tag": "DeBruijn",
                        "index": 0
                      }
                    ]
                  }
                ]
              },
              "codomain": {
                "tag": "Pi",
                "name": "w",
                "domain": {
                  "tag": "Application",
                  "head": {
                    "tag": "ScopeReference",
                    "name": "WithOld.Manifest-Σ<8>"
                  },
                  "arguments": [
                    {
                      "tag": "Application",
                      "head": {
                        "tag": "ScopeReference",
                        "name": "WithOld.Record<26>"
                      },
                      "arguments": [
                        {
                          "tag": "DeBruijn",
                          "index": 3
                        }
                      ]
                    },
                    {
                      "tag": "DeBruijn",
                      "index": 1
                    }
                  ]
                },
                "codomain": {
                  "tag": "Application",
                  "head": {
                    "tag": "ScopeReference",
                    "name": "WithOld.Record<26>"
                  },
                  "arguments": [
                    {
                      "tag": "Application",
                      "head": {
                        "tag": "ScopeReference",
                        "name": "WithOld.Signature._≔_<32>"
                      },
                      "arguments": [
                        {
                          "tag": "DeBruijn",
                          "index": 3
                        },
                        {
                          "tag": "DeBruijn",
                          "index": 2
                        }
                      ]
                    }
                  ]
                }
              }
            }
          }
        }
      },
      "definition": {
        "pretty": "... | r = rec r",
        "tag": "Function",
        "clauses": [
          {
            "telescope": [
              {
                "pretty": "(Sig : Signature)",
                "tag": "ScopeReference",
                "name": "WithOld.Signature<20>"
              },
              {
                "pretty": "(x : Record @0 → P)",
                "tag": "Pi",
                "name": "_",
                "domain": {
                  "tag": "Application",
                  "head": {
                    "tag": "ScopeReference",
                    "name": "WithOld.Record<26>"
                  },
                  "arguments": [
                    {
                      "tag": "DeBruijn",
                      "index": 0
                    }
                  ]
                },
                "codomain": {
                  "tag": "ScopeReference",
                  "name": "WithOld.P<2>"
                }
              },
              {
                "pretty": "{a : Record (↓ (@1 ≔ @0)) → P}",
                "tag": "Pi",
                "name": "_",
                "domain": {
                  "tag": "Application",
                  "head": {
                    "tag": "ScopeReference",
                    "name": "WithOld.Record<26>"
                  },
                  "arguments": [
                    {
                      "tag": "Application",
                      "head": {
                        "tag": "ScopeReference",
                        "name": "WithOld.↓_<22>"
                      },
                      "arguments": [
                        {
                          "tag": "Application",
                          "head": {
                            "tag": "ScopeReference",
                            "name": "WithOld.Signature._≔_<32>"
                          },
                          "arguments": [
                            {
                              "tag": "DeBruijn",
                              "index": 1
                            },
                            {
                              "tag": "DeBruijn",
                              "index": 0
                            }
                          ]
                        }
                      ]
                    }
                  ]
                },
                "codomain": {
                  "tag": "ScopeReference",
                  "name": "WithOld.P<2>"
                }
              },
              {
                "pretty": "(r : Record-fun ($ @2 ≔ @1 ≔ @0))",
                "tag": "Application",
                "name": "r",
                "head": {
                  "tag": "ScopeReference",
                  "name": "WithOld.Record-fun<28>"
                },
                "arguments": [
                  {
                    "tag": "Application",
                    "head": {
                      "tag": "ScopeReference",
                      "name": "WithOld.$_≔_<50>"
                    },
                    "arguments": [
                      {
                        "tag": "Application",
                        "head": {
                          "tag": "ScopeReference",
                          "name": "WithOld.Signature._≔_<32>"
                        },
                        "arguments": [
                          {
                            "tag": "DeBruijn",
                            "index": 2
                          },
                          {
                            "tag": "DeBruijn",
                            "index": 1
                          }
                        ]
                      },
                      {
                        "tag": "DeBruijn",
                        "index": 0
                      }
                    ]
                  }
                ]
              },
              {
                "pretty": "(r : Manifest-Σ (Record @3) @1)",
                "tag": "Application",
                "name": "r",
                "head": {
                  "tag": "ScopeReference",
                  "name": "WithOld.Manifest-Σ<8>"
                },
                "arguments": [
                  {
                    "tag": "Application",
                    "head": {
                      "tag": "ScopeReference",
                      "name": "WithOld.Record<26>"
                    },
                    "arguments": [
                      {
                        "tag": "DeBruijn",
                        "index": 3
                      }
                    ]
                  },
                  {
                    "tag": "DeBruijn",
                    "index": 1
                  }
                ]
              }
            ],
            "patterns": [
              {
                "tag": "DeBruijn",
                "index": 4
              },
              {
                "tag": "DeBruijn",
                "index": 3
              },
              {
                "tag": "DeBruijn",
                "index": 2
              },
              {
                "tag": "DeBruijn",
                "index": 1
              },
              {
                "tag": "DeBruijn",
                "index": 0
              }
            ],
            "body": {
              "tag": "Application",
              "head": {
                "tag": "ScopeReference",
                "name": "WithOld.rec<42>"
              },
              "arguments": [
                {
                  "tag": "DeBruijn",
                  "index": 0
                }
              ]
            }
          }
        ]
      },
      "holes": []
    }
  ]
}