{"scope":{"item":[{"item":{"pretty":"{A : Type} ⦃ _ = z : DecEq A ⦄ → Indexable Set' A","thing":{"normalised":{"contents":[{"item":{"contents":"Set","tag":"Sort"},"name":"A"},{"contents":[{"item":{"contents":[{"Left":"Prelude.DecEq.Core.DecEq"},[{"contents":"lzero","tag":"Level"},{"contents":[{"Right":0},[]],"tag":"App"}]],"tag":"App"},"name":"_"},{"contents":[{"Left":"Prelude.Indexable.Indexable"},[{"contents":"lzero","tag":"Level"},{"contents":"lzero","tag":"Level"},{"contents":[{"Left":"Prelude.Sets.AsUniqueLists.Core.Set'"},[{"contents":[{"Right":1},[]],"tag":"App"},{"contents":[{"Right":0},[]],"tag":"App"}]],"tag":"App"},{"contents":[{"Right":1},[]],"tag":"App"},{"contents":"lzero","tag":"Level"}]],"tag":"App"}],"tag":"Pi"}],"tag":"Pi"},"original":{"contents":[{"item":{"contents":"Set","tag":"Sort"},"name":"A"},{"contents":[{"item":{"contents":[{"Left":"Prelude.DecEq.Core.DecEq"},[{"contents":"lzero","tag":"Level"},{"contents":[{"Right":0},[]],"tag":"App"}]],"tag":"App"},"name":"_"},{"contents":[{"Left":"Prelude.Indexable.Indexable"},[{"contents":"lzero","tag":"Level"},{"contents":"lzero","tag":"Level"},{"contents":[{"Left":"Prelude.Sets.AsUniqueLists.Core.Set'"},[{"contents":[{"Right":1},[]],"tag":"App"},{"contents":[{"Right":0},[]],"tag":"App"}]],"tag":"App"},{"contents":[{"Right":1},[]],"tag":"App"},{"contents":"lzero","tag":"Level"}]],"tag":"App"}],"tag":"Pi"}],"tag":"Pi"},"reduced":{"contents":[{"item":{"contents":"Set","tag":"Sort"},"name":"A"},{"contents":[{"item":{"contents":[{"Left":"Prelude.DecEq.Core.DecEq"},[{"contents":"lzero","tag":"Level"},{"contents":[{"Right":0},[]],"tag":"App"}]],"tag":"App"},"name":"_"},{"contents":[{"Left":"Prelude.Indexable.Indexable"},[{"contents":"lzero","tag":"Level"},{"contents":"lzero","tag":"Level"},{"contents":[{"Left":"Prelude.Sets.AsUniqueLists.Core.Set'"},[{"contents":[{"Right":1},[]],"tag":"App"},{"contents":[{"Right":0},[]],"tag":"App"}]],"tag":"App"},{"contents":[{"Right":1},[]],"tag":"App"},{"contents":"lzero","tag":"Level"}]],"tag":"App"}],"tag":"Pi"}],"tag":"Pi"},"simplified":{"contents":[{"item":{"contents":"Set","tag":"Sort"},"name":"A"},{"contents":[{"item":{"contents":[{"Left":"Prelude.DecEq.Core.DecEq"},[{"contents":"lzero","tag":"Level"},{"contents":[{"Right":0},[]],"tag":"App"}]],"tag":"App"},"name":"_"},{"contents":[{"Left":"Prelude.Indexable.Indexable"},[{"contents":"lzero","tag":"Level"},{"contents":"lzero","tag":"Level"},{"contents":[{"Left":"Prelude.Sets.AsUniqueLists.Core.Set'"},[{"contents":[{"Right":1},[]],"tag":"App"},{"contents":[{"Right":0},[]],"tag":"App"}]],"tag":"App"},{"contents":[{"Right":1},[]],"tag":"App"},{"contents":"lzero","tag":"Level"}]],"tag":"App"}],"tag":"Pi"}],"tag":"Pi"}}},"name":"Prelude.Sets.AsUniqueLists.Indexed._.Indexable-Set"},{"item":{"pretty":"{A : Type} ⦃ _ = z : DecEq A ⦄ → Pred Set' Lvl.zero","thing":{"normalised":{"contents":[{"item":{"contents":"Set","tag":"Sort"},"name":"A"},{"contents":[{"item":{"contents":[{"Left":"Prelude.DecEq.Core.DecEq"},[{"contents":"lzero","tag":"Level"},{"contents":[{"Right":0},[]],"tag":"App"}]],"tag":"App"},"name":"_"},{"contents":[{"item":{"contents":[{"Left":"Prelude.Sets.AsUniqueLists.Core.Set'"},[{"contents":[{"Right":1},[]],"tag":"App"},{"contents":[{"Right":0},[]],"tag":"App"}]],"tag":"App"},"name":"_"},{"contents":"Set","tag":"Sort"}],"tag":"Pi"}],"tag":"Pi"}],"tag":"Pi"},"original":{"contents":[{"item":{"contents":"Set","tag":"Sort"},"name":"A"},{"contents":[{"item":{"contents":[{"Left":"Prelude.DecEq.Core.DecEq"},[{"contents":"lzero","tag":"Level"},{"contents":[{"Right":0},[]],"tag":"App"}]],"tag":"App"},"name":"_"},{"contents":[{"Left":"Relation.Unary.Pred"},[{"contents":"lzero","tag":"Level"},{"contents":[{"Left":"Prelude.Sets.AsUniqueLists.Core.Set'"},[{"contents":[{"Right":1},[]],"tag":"App"},{"contents":[{"Right":0},[]],"tag":"App"}]],"tag":"App"},{"contents":"lzero","tag":"Level"}]],"tag":"App"}],"tag":"Pi"}],"tag":"Pi"},"reduced":{"contents":[{"item":{"contents":"Set","tag":"Sort"},"name":"A"},{"contents":[{"item":{"contents":[{"Left":"Prelude.DecEq.Core.DecEq"},[{"contents":"lzero","tag":"Level"},{"contents":[{"Right":0},[]],"tag":"App"}]],"tag":"App"},"name":"_"},{"contents":[{"Left":"Relation.Unary.Pred"},[{"contents":"lzero","tag":"Level"},{"contents":[{"Left":"Prelude.Sets.AsUniqueLists.Core.Set'"},[{"contents":[{"Right":1},[]],"tag":"App"},{"contents":[{"Right":0},[]],"tag":"App"}]],"tag":"App"},{"contents":"lzero","tag":"Level"}]],"tag":"App"}],"tag":"Pi"}],"tag":"Pi"},"simplified":{"contents":[{"item":{"contents":"Set","tag":"Sort"},"name":"A"},{"contents":[{"item":{"contents":[{"Left":"Prelude.DecEq.Core.DecEq"},[{"contents":"lzero","tag":"Level"},{"contents":[{"Right":0},[]],"tag":"App"}]],"tag":"App"},"name":"_"},{"contents":[{"Left":"Relation.Unary.Pred"},[{"contents":"lzero","tag":"Level"},{"contents":[{"Left":"Prelude.Sets.AsUniqueLists.Core.Set'"},[{"contents":[{"Right":1},[]],"tag":"App"},{"contents":[{"Right":0},[]],"tag":"App"}]],"tag":"App"},{"contents":"lzero","tag":"Level"}]],"tag":"App"}],"tag":"Pi"}],"tag":"Pi"}}},"name":"Prelude.Sets.AsUniqueLists.Indexed._.Indexˢ"},{"item":{"pretty":"{A : Type} ⦃ _ = z : DecEq A ⦄ {xs : List A} →\nIndexable.Ix (λ { .Ix → Index ; ._‼_ → Prelude.Lists.Indexed._‼_ })\nxs →\nIndexˢ (FromList.fromList FromList-Set xs)","thing":{"normalised":{"contents":[{"item":{"contents":"Set","tag":"Sort"},"name":"A"},{"contents":[{"item":{"contents":[{"Left":"Prelude.DecEq.Core.DecEq"},[{"contents":"lzero","tag":"Level"},{"contents":[{"Right":0},[]],"tag":"App"}]],"tag":"App"},"name":"_"},{"contents":[{"item":{"contents":[{"Left":"Agda.Builtin.List.List"},[{"contents":"lzero","tag":"Level"},{"contents":[{"Right":1},[]],"tag":"App"}]],"tag":"App"},"name":"xs"},{"contents":[{"item":{"contents":[{"Left":"Data.Fin.Base.Fin"},[{"contents":[{"Left":"Data.List.Base.foldr"},[{"contents":"lzero","tag":"Level"},{"contents":[{"Right":2},[]],"tag":"App"},{"contents":"lzero","tag":"Level"},{"contents":[{"Left":"Agda.Builtin.Nat.Nat"},[]],"tag":"App"},{"contents":{"item":{"contents":[{"Left":"Agda.Builtin.Nat.Nat.suc"},[]],"tag":"App"},"name":"_"},"tag":"Lam"},{"contents":"0","tag":"Lit"},{"contents":[{"Right":0},[]],"tag":"App"}]],"tag":"App"}]],"tag":"App"},"name":"_"},{"contents":[{"Left":"Data.Fin.Base.Fin"},[{"contents":[{"Left":"Data.List.Base.foldr"},[{"contents":"lzero","tag":"Level"},{"contents":[{"Right":2},[]],"tag":"App"},{"contents":"lzero","tag":"Level"},{"contents":[{"Left":"Agda.Builtin.Nat.Nat"},[]],"tag":"App"},{"contents":{"item":{"contents":[{"Left":"Agda.Builtin.Nat.Nat.suc"},[]],"tag":"App"},"name":"_"},"tag":"Lam"},{"contents":"0","tag":"Lit"},{"contents":[{"Left":"Prelude.Lists.Dec.nub"},[{"contents":"lzero","tag":"Level"},{"contents":[{"Right":2},[]],"tag":"App"},{"contents":[{"Right":1},[]],"tag":"App"},{"contents":[{"Right":0},[]],"tag":"App"}]],"tag":"App"}]],"tag":"App"}]],"tag":"App"}],"tag":"Pi"}],"tag":"Pi"}],"tag":"Pi"}],"tag":"Pi"},"original":{"contents":[{"item":{"contents":"Set","tag":"Sort"},"name":"A"},{"contents":[{"item":{"contents":[{"Left":"Prelude.DecEq.Core.DecEq"},[{"contents":"lzero","tag":"Level"},{"contents":[{"Right":0},[]],"tag":"App"}]],"tag":"App"},"name":"_"},{"contents":[{"item":{"contents":[{"Left":"Agda.Builtin.List.List"},[{"contents":"lzero","tag":"Level"},{"contents":[{"Right":1},[]],"tag":"App"}]],"tag":"App"},"name":"xs"},{"contents":[{"item":{"contents":[{"Left":"Prelude.Indexable..extendedlambda0"},[{"contents":"lzero","tag":"Level"},{"contents":[{"Right":2},[]],"tag":"App"},{"contents":[{"Left":"Prelude.Indexable.Indexable.Ix"},[]],"tag":"App"},{"contents":[{"Right":0},[]],"tag":"App"}]],"tag":"App"},"name":"_"},{"contents":[{"Left":"Prelude.Sets.AsUniqueLists.Indexed._.Indexˢ"},[{"contents":[{"Right":2},[]],"tag":"App"},{"contents":[{"Right":1},[]],"tag":"App"},{"contents":[{"Left":"Prelude.Sets.AsUniqueLists.Core.FromList-Set"},[{"contents":[{"Right":2},[]],"tag":"App"},{"contents":[{"Right":1},[]],"tag":"App"},{"contents":[{"Left":"Prelude.FromList.FromList.fromList"},[]],"tag":"App"},{"contents":[{"Right":0},[]],"tag":"App"}]],"tag":"App"}]],"tag":"App"}],"tag":"Pi"}],"tag":"Pi"}],"tag":"Pi"}],"tag":"Pi"},"reduced":{"contents":[{"item":{"contents":"Set","tag":"Sort"},"name":"A"},{"contents":[{"item":{"contents":[{"Left":"Prelude.DecEq.Core.DecEq"},[{"contents":"lzero","tag":"Level"},{"contents":[{"Right":0},[]],"tag":"App"}]],"tag":"App"},"name":"_"},{"contents":[{"item":{"contents":[{"Left":"Agda.Builtin.List.List"},[{"contents":"lzero","tag":"Level"},{"contents":[{"Right":1},[]],"tag":"App"}]],"tag":"App"},"name":"xs"},{"contents":[{"item":{"contents":[{"Left":"Prelude.Indexable..extendedlambda0"},[{"contents":"lzero","tag":"Level"},{"contents":[{"Right":2},[]],"tag":"App"},{"contents":[{"Left":"Prelude.Indexable.Indexable.Ix"},[]],"tag":"App"},{"contents":[{"Right":0},[]],"tag":"App"}]],"tag":"App"},"name":"_"},{"contents":[{"Left":"Prelude.Sets.AsUniqueLists.Indexed._.Indexˢ"},[{"contents":[{"Right":2},[]],"tag":"App"},{"contents":[{"Right":1},[]],"tag":"App"},{"contents":[{"Left":"Prelude.Sets.AsUniqueLists.Core.FromList-Set"},[{"contents":[{"Right":2},[]],"tag":"App"},{"contents":[{"Right":1},[]],"tag":"App"},{"contents":[{"Left":"Prelude.FromList.FromList.fromList"},[]],"tag":"App"},{"contents":[{"Right":0},[]],"tag":"App"}]],"tag":"App"}]],"tag":"App"}],"tag":"Pi"}],"tag":"Pi"}],"tag":"Pi"}],"tag":"Pi"},"simplified":{"contents":[{"item":{"contents":"Set","tag":"Sort"},"name":"A"},{"contents":[{"item":{"contents":[{"Left":"Prelude.DecEq.Core.DecEq"},[{"contents":"lzero","tag":"Level"},{"contents":[{"Right":0},[]],"tag":"App"}]],"tag":"App"},"name":"_"},{"contents":[{"item":{"contents":[{"Left":"Agda.Builtin.List.List"},[{"contents":"lzero","tag":"Level"},{"contents":[{"Right":1},[]],"tag":"App"}]],"tag":"App"},"name":"xs"},{"contents":[{"item":{"contents":[{"Left":"Prelude.Lists.Indexed.Index"},[{"contents":"lzero","tag":"Level"},{"contents":[{"Right":2},[]],"tag":"App"},{"contents":[{"Right":0},[]],"tag":"App"}]],"tag":"App"},"name":"_"},{"contents":[{"Left":"Prelude.Sets.AsUniqueLists.Indexed._.Indexˢ"},[{"contents":[{"Right":2},[]],"tag":"App"},{"contents":[{"Right":1},[]],"tag":"App"},{"contents":[{"Left":"Prelude.Sets.AsUniqueLists.Core._⊣_"},[{"contents":[{"Left":"Prelude.Lists.Dec.nub"},[{"contents":"lzero","tag":"Level"},{"contents":[{"Right":2},[]],"tag":"App"},{"contents":[{"Right":1},[]],"tag":"App"},{"contents":[{"Right":0},[]],"tag":"App"}]],"tag":"App"},{"contents":[{"Left":"Prelude.Irrelevance.List.Unique.Unique⇒·Unique"},[{"contents":"lzero","tag":"Level"},{"contents":[{"Right":2},[]],"tag":"App"},{"contents":[{"Left":"Prelude.Lists.Dec.nub"},[{"contents":"lzero","tag":"Level"},{"contents":[{"Right":2},[]],"tag":"App"},{"contents":[{"Right":1},[]],"tag":"App"},{"contents":[{"Right":0},[]],"tag":"App"}]],"tag":"App"},{"contents":[{"Left":"Prelude.Lists.Dec.Unique-nub"},[{"contents":"lzero","tag":"Level"},{"contents":[{"Right":2},[]],"tag":"App"},{"contents":[{"Right":1},[]],"tag":"App"},{"contents":[{"Right":0},[]],"tag":"App"}]],"tag":"App"}]],"tag":"App"}]],"tag":"App"}]],"tag":"App"}],"tag":"Pi"}],"tag":"Pi"}],"tag":"Pi"}],"tag":"Pi"}}},"name":"Prelude.Sets.AsUniqueLists.Indexed._.‼-from⁺"},{"item":{"pretty":"{A : Type} ⦃ _ = z : DecEq A ⦄ {xs : List A} →\nIndexˢ (FromList.fromList FromList-Set xs) →\nIndexable.Ix (λ { .Ix → Index ; ._‼_ → Prelude.Lists.Indexed._‼_ })\nxs","thing":{"normalised":{"contents":[{"item":{"contents":"Set","tag":"Sort"},"name":"A"},{"contents":[{"item":{"contents":[{"Left":"Prelude.DecEq.Core.DecEq"},[{"contents":"lzero","tag":"Level"},{"contents":[{"Right":0},[]],"tag":"App"}]],"tag":"App"},"name":"_"},{"contents":[{"item":{"contents":[{"Left":"Agda.Builtin.List.List"},[{"contents":"lzero","tag":"Level"},{"contents":[{"Right":1},[]],"tag":"App"}]],"tag":"App"},"name":"xs"},{"contents":[{"item":{"contents":[{"Left":"Data.Fin.Base.Fin"},[{"contents":[{"Left":"Data.List.Base.foldr"},[{"contents":"lzero","tag":"Level"},{"contents":[{"Right":2},[]],"tag":"App"},{"contents":"lzero","tag":"Level"},{"contents":[{"Left":"Agda.Builtin.Nat.Nat"},[]],"tag":"App"},{"contents":{"item":{"contents":[{"Left":"Agda.Builtin.Nat.Nat.suc"},[]],"tag":"App"},"name":"_"},"tag":"Lam"},{"contents":"0","tag":"Lit"},{"contents":[{"Left":"Prelude.Lists.Dec.nub"},[{"contents":"lzero","tag":"Level"},{"contents":[{"Right":2},[]],"tag":"App"},{"contents":[{"Right":1},[]],"tag":"App"},{"contents":[{"Right":0},[]],"tag":"App"}]],"tag":"App"}]],"tag":"App"}]],"tag":"App"},"name":"_"},{"contents":[{"Left":"Data.Fin.Base.Fin"},[{"contents":[{"Left":"Data.List.Base.foldr"},[{"contents":"lzero","tag":"Level"},{"contents":[{"Right":2},[]],"tag":"App"},{"contents":"lzero","tag":"Level"},{"contents":[{"Left":"Agda.Builtin.Nat.Nat"},[]],"tag":"App"},{"contents":{"item":{"contents":[{"Left":"Agda.Builtin.Nat.Nat.suc"},[]],"tag":"App"},"name":"_"},"tag":"Lam"},{"contents":"0","tag":"Lit"},{"contents":[{"Right":0},[]],"tag":"App"}]],"tag":"App"}]],"tag":"App"}],"tag":"Pi"}],"tag":"Pi"}],"tag":"Pi"}],"tag":"Pi"},"original":{"contents":[{"item":{"contents":"Set","tag":"Sort"},"name":"A"},{"contents":[{"item":{"contents":[{"Left":"Prelude.DecEq.Core.DecEq"},[{"contents":"lzero","tag":"Level"},{"contents":[{"Right":0},[]],"tag":"App"}]],"tag":"App"},"name":"_"},{"contents":[{"item":{"contents":[{"Left":"Agda.Builtin.List.List"},[{"contents":"lzero","tag":"Level"},{"contents":[{"Right":1},[]],"tag":"App"}]],"tag":"App"},"name":"xs"},{"contents":[{"item":{"contents":[{"Left":"Prelude.Sets.AsUniqueLists.Indexed._.Indexˢ"},[{"contents":[{"Right":2},[]],"tag":"App"},{"contents":[{"Right":1},[]],"tag":"App"},{"contents":[{"Left":"Prelude.Sets.AsUniqueLists.Core.FromList-Set"},[{"contents":[{"Right":2},[]],"tag":"App"},{"contents":[{"Right":1},[]],"tag":"App"},{"contents":[{"Left":"Prelude.FromList.FromList.fromList"},[]],"tag":"App"},{"contents":[{"Right":0},[]],"tag":"App"}]],"tag":"App"}]],"tag":"App"},"name":"_"},{"contents":[{"Left":"Prelude.Indexable..extendedlambda0"},[{"contents":"lzero","tag":"Level"},{"contents":[{"Right":2},[]],"tag":"App"},{"contents":[{"Left":"Prelude.Indexable.Indexable.Ix"},[]],"tag":"App"},{"contents":[{"Right":0},[]],"tag":"App"}]],"tag":"App"}],"tag":"Pi"}],"tag":"Pi"}],"tag":"Pi"}],"tag":"Pi"},"reduced":{"contents":[{"item":{"contents":"Set","tag":"Sort"},"name":"A"},{"contents":[{"item":{"contents":[{"Left":"Prelude.DecEq.Core.DecEq"},[{"contents":"lzero","tag":"Level"},{"contents":[{"Right":0},[]],"tag":"App"}]],"tag":"App"},"name":"_"},{"contents":[{"item":{"contents":[{"Left":"Agda.Builtin.List.List"},[{"contents":"lzero","tag":"Level"},{"contents":[{"Right":1},[]],"tag":"App"}]],"tag":"App"},"name":"xs"},{"contents":[{"item":{"contents":[{"Left":"Prelude.Sets.AsUniqueLists.Indexed._.Indexˢ"},[{"contents":[{"Right":2},[]],"tag":"App"},{"contents":[{"Right":1},[]],"tag":"App"},{"contents":[{"Left":"Prelude.Sets.AsUniqueLists.Core.FromList-Set"},[{"contents":[{"Right":2},[]],"tag":"App"},{"contents":[{"Right":1},[]],"tag":"App"},{"contents":[{"Left":"Prelude.FromList.FromList.fromList"},[]],"tag":"App"},{"contents":[{"Right":0},[]],"tag":"App"}]],"tag":"App"}]],"tag":"App"},"name":"_"},{"contents":[{"Left":"Prelude.Indexable..extendedlambda0"},[{"contents":"lzero","tag":"Level"},{"contents":[{"Right":2},[]],"tag":"App"},{"contents":[{"Left":"Prelude.Indexable.Indexable.Ix"},[]],"tag":"App"},{"contents":[{"Right":0},[]],"tag":"App"}]],"tag":"App"}],"tag":"Pi"}],"tag":"Pi"}],"tag":"Pi"}],"tag":"Pi"},"simplified":{"contents":[{"item":{"contents":"Set","tag":"Sort"},"name":"A"},{"contents":[{"item":{"contents":[{"Left":"Prelude.DecEq.Core.DecEq"},[{"contents":"lzero","tag":"Level"},{"contents":[{"Right":0},[]],"tag":"App"}]],"tag":"App"},"name":"_"},{"contents":[{"item":{"contents":[{"Left":"Agda.Builtin.List.List"},[{"contents":"lzero","tag":"Level"},{"contents":[{"Right":1},[]],"tag":"App"}]],"tag":"App"},"name":"xs"},{"contents":[{"item":{"contents":[{"Left":"Prelude.Sets.AsUniqueLists.Indexed._.Indexˢ"},[{"contents":[{"Right":2},[]],"tag":"App"},{"contents":[{"Right":1},[]],"tag":"App"},{"contents":[{"Left":"Prelude.Sets.AsUniqueLists.Core._⊣_"},[{"contents":[{"Left":"Prelude.Lists.Dec.nub"},[{"contents":"lzero","tag":"Level"},{"contents":[{"Right":2},[]],"tag":"App"},{"contents":[{"Right":1},[]],"tag":"App"},{"contents":[{"Right":0},[]],"tag":"App"}]],"tag":"App"},{"contents":[{"Left":"Prelude.Irrelevance.List.Unique.Unique⇒·Unique"},[{"contents":"lzero","tag":"Level"},{"contents":[{"Right":2},[]],"tag":"App"},{"contents":[{"Left":"Prelude.Lists.Dec.nub"},[{"contents":"lzero","tag":"Level"},{"contents":[{"Right":2},[]],"tag":"App"},{"contents":[{"Right":1},[]],"tag":"App"},{"contents":[{"Right":0},[]],"tag":"App"}]],"tag":"App"},{"contents":[{"Left":"Prelude.Lists.Dec.Unique-nub"},[{"contents":"lzero","tag":"Level"},{"contents":[{"Right":2},[]],"tag":"App"},{"contents":[{"Right":1},[]],"tag":"App"},{"contents":[{"Right":0},[]],"tag":"App"}]],"tag":"App"}]],"tag":"App"}]],"tag":"App"}]],"tag":"App"},"name":"_"},{"contents":[{"Left":"Prelude.Lists.Indexed.Index"},[{"contents":"lzero","tag":"Level"},{"contents":[{"Right":2},[]],"tag":"App"},{"contents":[{"Right":0},[]],"tag":"App"}]],"tag":"App"}],"tag":"Pi"}],"tag":"Pi"}],"tag":"Pi"}],"tag":"Pi"}}},"name":"Prelude.Sets.AsUniqueLists.Indexed._.‼-from⁻"},{"item":{"pretty":"{A : Type} ⦃ _ = z : DecEq A ⦄ {xs : Set'} →\nIndexable.Ix\n(λ { .Ix s → Fin (Measurable.∣ Measurable-Set ∣ s)\n   ; (Prelude.Sets.AsUniqueLists.Indexed..extendedlambda0 ‼ s) i\n       → ((λ { .Ix → Index ; ._‼_ → Prelude.Lists.Indexed._‼_ })\n          Indexable.‼ ToList.toList ToList-Set s)\n         i\n   })\nxs →\nIndexable.Ix (λ { .Ix → Index ; ._‼_ → Prelude.Lists.Indexed._‼_ })\n(ToList.toList ToList-Set xs)","thing":{"normalised":{"contents":[{"item":{"contents":"Set","tag":"Sort"},"name":"A"},{"contents":[{"item":{"contents":[{"Left":"Prelude.DecEq.Core.DecEq"},[{"contents":"lzero","tag":"Level"},{"contents":[{"Right":0},[]],"tag":"App"}]],"tag":"App"},"name":"_"},{"contents":[{"item":{"contents":[{"Left":"Prelude.Sets.AsUniqueLists.Core.Set'"},[{"contents":[{"Right":1},[]],"tag":"App"},{"contents":[{"Right":0},[]],"tag":"App"}]],"tag":"App"},"name":"xs"},{"contents":[{"item":{"contents":[{"Left":"Data.Fin.Base.Fin"},[{"contents":[{"Left":"Data.List.Base.foldr"},[{"contents":"lzero","tag":"Level"},{"contents":[{"Right":2},[]],"tag":"App"},{"contents":"lzero","tag":"Level"},{"contents":[{"Left":"Agda.Builtin.Nat.Nat"},[]],"tag":"App"},{"contents":{"item":{"contents":[{"Left":"Agda.Builtin.Nat.Nat.suc"},[]],"tag":"App"},"name":"_"},"tag":"Lam"},{"contents":"0","tag":"Lit"},{"contents":[{"Right":0},[{"contents":[{"Left":"Prelude.Sets.AsUniqueLists.Core.Set'.list"},[]],"tag":"App"}]],"tag":"App"}]],"tag":"App"}]],"tag":"App"},"name":"_"},{"contents":[{"Left":"Data.Fin.Base.Fin"},[{"contents":[{"Left":"Data.List.Base.foldr"},[{"contents":"lzero","tag":"Level"},{"contents":[{"Right":2},[]],"tag":"App"},{"contents":"lzero","tag":"Level"},{"contents":[{"Left":"Agda.Builtin.Nat.Nat"},[]],"tag":"App"},{"contents":{"item":{"contents":[{"Left":"Agda.Builtin.Nat.Nat.suc"},[]],"tag":"App"},"name":"_"},"tag":"Lam"},{"contents":"0","tag":"Lit"},{"contents":[{"Right":0},[{"contents":[{"Left":"Prelude.Sets.AsUniqueLists.Core.Set'.list"},[]],"tag":"App"}]],"tag":"App"}]],"tag":"App"}]],"tag":"App"}],"tag":"Pi"}],"tag":"Pi"}],"tag":"Pi"}],"tag":"Pi"},"original":{"contents":[{"item":{"contents":"Set","tag":"Sort"},"name":"A"},{"contents":[{"item":{"contents":[{"Left":"Prelude.DecEq.Core.DecEq"},[{"contents":"lzero","tag":"Level"},{"contents":[{"Right":0},[]],"tag":"App"}]],"tag":"App"},"name":"_"},{"contents":[{"item":{"contents":[{"Left":"Prelude.Sets.AsUniqueLists.Core.Set'"},[{"contents":[{"Right":1},[]],"tag":"App"},{"contents":[{"Right":0},[]],"tag":"App"}]],"tag":"App"},"name":"xs"},{"contents":[{"item":{"contents":[{"Left":"Prelude.Sets.AsUniqueLists.Indexed._..extendedlambda0"},[{"contents":[{"Right":2},[]],"tag":"App"},{"contents":[{"Right":1},[]],"tag":"App"},{"contents":[{"Left":"Prelude.Indexable.Indexable.Ix"},[]],"tag":"App"},{"contents":[{"Right":0},[]],"tag":"App"}]],"tag":"App"},"name":"_"},{"contents":[{"Left":"Prelude.Indexable..extendedlambda0"},[{"contents":"lzero","tag":"Level"},{"contents":[{"Right":2},[]],"tag":"App"},{"contents":[{"Left":"Prelude.Indexable.Indexable.Ix"},[]],"tag":"App"},{"contents":[{"Left":"Prelude.Sets.AsUniqueLists.Core.ToList-Set"},[{"contents":[{"Right":2},[]],"tag":"App"},{"contents":[{"Right":1},[]],"tag":"App"},{"contents":[{"Left":"Prelude.ToList.ToList.toList"},[]],"tag":"App"},{"contents":[{"Right":0},[]],"tag":"App"}]],"tag":"App"}]],"tag":"App"}],"tag":"Pi"}],"tag":"Pi"}],"tag":"Pi"}],"tag":"Pi"},"reduced":{"contents":[{"item":{"contents":"Set","tag":"Sort"},"name":"A"},{"contents":[{"item":{"contents":[{"Left":"Prelude.DecEq.Core.DecEq"},[{"contents":"lzero","tag":"Level"},{"contents":[{"Right":0},[]],"tag":"App"}]],"tag":"App"},"name":"_"},{"contents":[{"item":{"contents":[{"Left":"Prelude.Sets.AsUniqueLists.Core.Set'"},[{"contents":[{"Right":1},[]],"tag":"App"},{"contents":[{"Right":0},[]],"tag":"App"}]],"tag":"App"},"name":"xs"},{"contents":[{"item":{"contents":[{"Left":"Prelude.Sets.AsUniqueLists.Indexed._..extendedlambda0"},[{"contents":[{"Right":2},[]],"tag":"App"},{"contents":[{"Right":1},[]],"tag":"App"},{"contents":[{"Left":"Prelude.Indexable.Indexable.Ix"},[]],"tag":"App"},{"contents":[{"Right":0},[]],"tag":"App"}]],"tag":"App"},"name":"_"},{"contents":[{"Left":"Prelude.Indexable..extendedlambda0"},[{"contents":"lzero","tag":"Level"},{"contents":[{"Right":2},[]],"tag":"App"},{"contents":[{"Left":"Prelude.Indexable.Indexable.Ix"},[]],"tag":"App"},{"contents":[{"Left":"Prelude.Sets.AsUniqueLists.Core.ToList-Set"},[{"contents":[{"Right":2},[]],"tag":"App"},{"contents":[{"Right":1},[]],"tag":"App"},{"contents":[{"Left":"Prelude.ToList.ToList.toList"},[]],"tag":"App"},{"contents":[{"Right":0},[]],"tag":"App"}]],"tag":"App"}]],"tag":"App"}],"tag":"Pi"}],"tag":"Pi"}],"tag":"Pi"}],"tag":"Pi"},"simplified":{"contents":[{"item":{"contents":"Set","tag":"Sort"},"name":"A"},{"contents":[{"item":{"contents":[{"Left":"Prelude.DecEq.Core.DecEq"},[{"contents":"lzero","tag":"Level"},{"contents":[{"Right":0},[]],"tag":"App"}]],"tag":"App"},"name":"_"},{"contents":[{"item":{"contents":[{"Left":"Prelude.Sets.AsUniqueLists.Core.Set'"},[{"contents":[{"Right":1},[]],"tag":"App"},{"contents":[{"Right":0},[]],"tag":"App"}]],"tag":"App"},"name":"xs"},{"contents":[{"item":{"contents":[{"Left":"Data.Fin.Base.Fin"},[{"contents":[{"Left":"Data.List.Base.length"},[{"contents":"lzero","tag":"Level"},{"contents":[{"Right":2},[]],"tag":"App"},{"contents":[{"Right":0},[{"contents":[{"Left":"Prelude.Sets.AsUniqueLists.Core.Set'.list"},[]],"tag":"App"}]],"tag":"App"}]],"tag":"App"}]],"tag":"App"},"name":"_"},{"contents":[{"Left":"Prelude.Lists.Indexed.Index"},[{"contents":"lzero","tag":"Level"},{"contents":[{"Right":2},[]],"tag":"App"},{"contents":[{"Right":0},[{"contents":[{"Left":"Prelude.Sets.AsUniqueLists.Core.Set'.list"},[]],"tag":"App"}]],"tag":"App"}]],"tag":"App"}],"tag":"Pi"}],"tag":"Pi"}],"tag":"Pi"}],"tag":"Pi"}}},"name":"Prelude.Sets.AsUniqueLists.Indexed._.‼-to⁺"},{"item":{"pretty":"{A : Type} ⦃ _ = z : DecEq A ⦄ {xs : Set'} →\nIndexable.Ix (λ { .Ix → Index ; ._‼_ → Prelude.Lists.Indexed._‼_ })\n(ToList.toList ToList-Set xs) →\nIndexable.Ix\n(λ { .Ix s → Fin (Measurable.∣ Measurable-Set ∣ s)\n   ; (Prelude.Sets.AsUniqueLists.Indexed..extendedlambda0 ‼ s) i\n       → ((λ { .Ix → Index ; ._‼_ → Prelude.Lists.Indexed._‼_ })\n          Indexable.‼ ToList.toList ToList-Set s)\n         i\n   })\nxs","thing":{"normalised":{"contents":[{"item":{"contents":"Set","tag":"Sort"},"name":"A"},{"contents":[{"item":{"contents":[{"Left":"Prelude.DecEq.Core.DecEq"},[{"contents":"lzero","tag":"Level"},{"contents":[{"Right":0},[]],"tag":"App"}]],"tag":"App"},"name":"_"},{"contents":[{"item":{"contents":[{"Left":"Prelude.Sets.AsUniqueLists.Core.Set'"},[{"contents":[{"Right":1},[]],"tag":"App"},{"contents":[{"Right":0},[]],"tag":"App"}]],"tag":"App"},"name":"xs"},{"contents":[{"item":{"contents":[{"Left":"Data.Fin.Base.Fin"},[{"contents":[{"Left":"Data.List.Base.foldr"},[{"contents":"lzero","tag":"Level"},{"contents":[{"Right":2},[]],"tag":"App"},{"contents":"lzero","tag":"Level"},{"contents":[{"Left":"Agda.Builtin.Nat.Nat"},[]],"tag":"App"},{"contents":{"item":{"contents":[{"Left":"Agda.Builtin.Nat.Nat.suc"},[]],"tag":"App"},"name":"_"},"tag":"Lam"},{"contents":"0","tag":"Lit"},{"contents":[{"Right":0},[{"contents":[{"Left":"Prelude.Sets.AsUniqueLists.Core.Set'.list"},[]],"tag":"App"}]],"tag":"App"}]],"tag":"App"}]],"tag":"App"},"name":"_"},{"contents":[{"Left":"Data.Fin.Base.Fin"},[{"contents":[{"Left":"Data.List.Base.foldr"},[{"contents":"lzero","tag":"Level"},{"contents":[{"Right":2},[]],"tag":"App"},{"contents":"lzero","tag":"Level"},{"contents":[{"Left":"Agda.Builtin.Nat.Nat"},[]],"tag":"App"},{"contents":{"item":{"contents":[{"Left":"Agda.Builtin.Nat.Nat.suc"},[]],"tag":"App"},"name":"_"},"tag":"Lam"},{"contents":"0","tag":"Lit"},{"contents":[{"Right":0},[{"contents":[{"Left":"Prelude.Sets.AsUniqueLists.Core.Set'.list"},[]],"tag":"App"}]],"tag":"App"}]],"tag":"App"}]],"tag":"App"}],"tag":"Pi"}],"tag":"Pi"}],"tag":"Pi"}],"tag":"Pi"},"original":{"contents":[{"item":{"contents":"Set","tag":"Sort"},"name":"A"},{"contents":[{"item":{"contents":[{"Left":"Prelude.DecEq.Core.DecEq"},[{"contents":"lzero","tag":"Level"},{"contents":[{"Right":0},[]],"tag":"App"}]],"tag":"App"},"name":"_"},{"contents":[{"item":{"contents":[{"Left":"Prelude.Sets.AsUniqueLists.Core.Set'"},[{"contents":[{"Right":1},[]],"tag":"App"},{"contents":[{"Right":0},[]],"tag":"App"}]],"tag":"App"},"name":"xs"},{"contents":[{"item":{"contents":[{"Left":"Prelude.Indexable..extendedlambda0"},[{"contents":"lzero","tag":"Level"},{"contents":[{"Right":2},[]],"tag":"App"},{"contents":[{"Left":"Prelude.Indexable.Indexable.Ix"},[]],"tag":"App"},{"contents":[{"Left":"Prelude.Sets.AsUniqueLists.Core.ToList-Set"},[{"contents":[{"Right":2},[]],"tag":"App"},{"contents":[{"Right":1},[]],"tag":"App"},{"contents":[{"Left":"Prelude.ToList.ToList.toList"},[]],"tag":"App"},{"contents":[{"Right":0},[]],"tag":"App"}]],"tag":"App"}]],"tag":"App"},"name":"_"},{"contents":[{"Left":"Prelude.Sets.AsUniqueLists.Indexed._..extendedlambda0"},[{"contents":[{"Right":2},[]],"tag":"App"},{"contents":[{"Right":1},[]],"tag":"App"},{"contents":[{"Left":"Prelude.Indexable.Indexable.Ix"},[]],"tag":"App"},{"contents":[{"Right":0},[]],"tag":"App"}]],"tag":"App"}],"tag":"Pi"}],"tag":"Pi"}],"tag":"Pi"}],"tag":"Pi"},"reduced":{"contents":[{"item":{"contents":"Set","tag":"Sort"},"name":"A"},{"contents":[{"item":{"contents":[{"Left":"Prelude.DecEq.Core.DecEq"},[{"contents":"lzero","tag":"Level"},{"contents":[{"Right":0},[]],"tag":"App"}]],"tag":"App"},"name":"_"},{"contents":[{"item":{"contents":[{"Left":"Prelude.Sets.AsUniqueLists.Core.Set'"},[{"contents":[{"Right":1},[]],"tag":"App"},{"contents":[{"Right":0},[]],"tag":"App"}]],"tag":"App"},"name":"xs"},{"contents":[{"item":{"contents":[{"Left":"Prelude.Indexable..extendedlambda0"},[{"contents":"lzero","tag":"Level"},{"contents":[{"Right":2},[]],"tag":"App"},{"contents":[{"Left":"Prelude.Indexable.Indexable.Ix"},[]],"tag":"App"},{"contents":[{"Left":"Prelude.Sets.AsUniqueLists.Core.ToList-Set"},[{"contents":[{"Right":2},[]],"tag":"App"},{"contents":[{"Right":1},[]],"tag":"App"},{"contents":[{"Left":"Prelude.ToList.ToList.toList"},[]],"tag":"App"},{"contents":[{"Right":0},[]],"tag":"App"}]],"tag":"App"}]],"tag":"App"},"name":"_"},{"contents":[{"Left":"Prelude.Sets.AsUniqueLists.Indexed._..extendedlambda0"},[{"contents":[{"Right":2},[]],"tag":"App"},{"contents":[{"Right":1},[]],"tag":"App"},{"contents":[{"Left":"Prelude.Indexable.Indexable.Ix"},[]],"tag":"App"},{"contents":[{"Right":0},[]],"tag":"App"}]],"tag":"App"}],"tag":"Pi"}],"tag":"Pi"}],"tag":"Pi"}],"tag":"Pi"},"simplified":{"contents":[{"item":{"contents":"Set","tag":"Sort"},"name":"A"},{"contents":[{"item":{"contents":[{"Left":"Prelude.DecEq.Core.DecEq"},[{"contents":"lzero","tag":"Level"},{"contents":[{"Right":0},[]],"tag":"App"}]],"tag":"App"},"name":"_"},{"contents":[{"item":{"contents":[{"Left":"Prelude.Sets.AsUniqueLists.Core.Set'"},[{"contents":[{"Right":1},[]],"tag":"App"},{"contents":[{"Right":0},[]],"tag":"App"}]],"tag":"App"},"name":"xs"},{"contents":[{"item":{"contents":[{"Left":"Prelude.Lists.Indexed.Index"},[{"contents":"lzero","tag":"Level"},{"contents":[{"Right":2},[]],"tag":"App"},{"contents":[{"Right":0},[{"contents":[{"Left":"Prelude.Sets.AsUniqueLists.Core.Set'.list"},[]],"tag":"App"}]],"tag":"App"}]],"tag":"App"},"name":"_"},{"contents":[{"Left":"Data.Fin.Base.Fin"},[{"contents":[{"Left":"Data.List.Base.length"},[{"contents":"lzero","tag":"Level"},{"contents":[{"Right":2},[]],"tag":"App"},{"contents":[{"Right":0},[{"contents":[{"Left":"Prelude.Sets.AsUniqueLists.Core.Set'.list"},[]],"tag":"App"}]],"tag":"App"}]],"tag":"App"}]],"tag":"App"}],"tag":"Pi"}],"tag":"Pi"}],"tag":"Pi"}],"tag":"Pi"}}},"name":"Prelude.Sets.AsUniqueLists.Indexed._.‼-to⁻"},{"item":{"pretty":"{A : Type} ⦃ _ = z : DecEq A ⦄ {B : Type} ⦃ _ : DecEq B ⦄\n(xs : Set')\n(f\n : A →\n   Indexable.Ix\n   (λ { .Ix s → Fin (Measurable.∣ Measurable-Set ∣ s)\n      ; (Prelude.Sets.AsUniqueLists.Indexed..extendedlambda0 ‼ s) i\n          → ((λ { .Ix → Index ; ._‼_ → Prelude.Lists.Indexed._‼_ })\n             Indexable.‼ ToList.toList ToList-Set s)\n            i\n      })\n   xs →\n   B) →\nList B","thing":{"normalised":{"contents":[{"item":{"contents":"Set","tag":"Sort"},"name":"A"},{"contents":[{"item":{"contents":[{"Left":"Prelude.DecEq.Core.DecEq"},[{"contents":"lzero","tag":"Level"},{"contents":[{"Right":0},[]],"tag":"App"}]],"tag":"App"},"name":"_"},{"contents":[{"item":{"contents":"Set","tag":"Sort"},"name":"B"},{"contents":[{"item":{"contents":[{"Left":"Prelude.DecEq.Core.DecEq"},[{"contents":"lzero","tag":"Level"},{"contents":[{"Right":0},[]],"tag":"App"}]],"tag":"App"},"name":"_"},{"contents":[{"item":{"contents":[{"Left":"Prelude.Sets.AsUniqueLists.Core.Set'"},[{"contents":[{"Right":3},[]],"tag":"App"},{"contents":[{"Right":2},[]],"tag":"App"}]],"tag":"App"},"name":"xs"},{"contents":[{"item":{"contents":[{"item":{"contents":[{"Right":4},[]],"tag":"App"},"name":"_"},{"contents":[{"item":{"contents":[{"Left":"Data.Fin.Base.Fin"},[{"contents":[{"Left":"Data.List.Base.foldr"},[{"contents":"lzero","tag":"Level"},{"contents":[{"Right":4},[]],"tag":"App"},{"contents":"lzero","tag":"Level"},{"contents":[{"Left":"Agda.Builtin.Nat.Nat"},[]],"tag":"App"},{"contents":{"item":{"contents":[{"Left":"Agda.Builtin.Nat.Nat.suc"},[]],"tag":"App"},"name":"_"},"tag":"Lam"},{"contents":"0","tag":"Lit"},{"contents":[{"Right":0},[{"contents":[{"Left":"Prelude.Sets.AsUniqueLists.Core.Set'.list"},[]],"tag":"App"}]],"tag":"App"}]],"tag":"App"}]],"tag":"App"},"name":"_"},{"contents":[{"Right":2},[]],"tag":"App"}],"tag":"Pi"}],"tag":"Pi"},"name":"f"},{"contents":[{"Left":"Agda.Builtin.List.List"},[{"contents":"lzero","tag":"Level"},{"contents":[{"Right":3},[]],"tag":"App"}]],"tag":"App"}],"tag":"Pi"}],"tag":"Pi"}],"tag":"Pi"}],"tag":"Pi"}],"tag":"Pi"}],"tag":"Pi"},"original":{"contents":[{"item":{"contents":"Set","tag":"Sort"},"name":"A"},{"contents":[{"item":{"contents":[{"Left":"Prelude.DecEq.Core.DecEq"},[{"contents":"lzero","tag":"Level"},{"contents":[{"Right":0},[]],"tag":"App"}]],"tag":"App"},"name":"_"},{"contents":[{"item":{"contents":"Set","tag":"Sort"},"name":"B"},{"contents":[{"item":{"contents":[{"Left":"Prelude.DecEq.Core.DecEq"},[{"contents":"lzero","tag":"Level"},{"contents":[{"Right":0},[]],"tag":"App"}]],"tag":"App"},"name":"_"},{"contents":[{"item":{"contents":[{"Left":"Prelude.Sets.AsUniqueLists.Core.Set'"},[{"contents":[{"Right":3},[]],"tag":"App"},{"contents":[{"Right":2},[]],"tag":"App"}]],"tag":"App"},"name":"xs"},{"contents":[{"item":{"contents":[{"item":{"contents":[{"Right":4},[]],"tag":"App"},"name":"_"},{"contents":[{"item":{"contents":[{"Left":"Prelude.Sets.AsUniqueLists.Indexed._..extendedlambda0"},[{"contents":[{"Right":4},[]],"tag":"App"},{"contents":[{"Right":3},[]],"tag":"App"},{"contents":[{"Left":"Prelude.Indexable.Indexable.Ix"},[]],"tag":"App"},{"contents":[{"Right":0},[]],"tag":"App"}]],"tag":"App"},"name":"_"},{"contents":[{"Right":2},[]],"tag":"App"}],"tag":"Pi"}],"tag":"Pi"},"name":"f"},{"contents":[{"Left":"Agda.Builtin.List.List"},[{"contents":"lzero","tag":"Level"},{"contents":[{"Right":3},[]],"tag":"App"}]],"tag":"App"}],"tag":"Pi"}],"tag":"Pi"}],"tag":"Pi"}],"tag":"Pi"}],"tag":"Pi"}],"tag":"Pi"},"reduced":{"contents":[{"item":{"contents":"Set","tag":"Sort"},"name":"A"},{"contents":[{"item":{"contents":[{"Left":"Prelude.DecEq.Core.DecEq"},[{"contents":"lzero","tag":"Level"},{"contents":[{"Right":0},[]],"tag":"App"}]],"tag":"App"},"name":"_"},{"contents":[{"item":{"contents":"Set","tag":"Sort"},"name":"B"},{"contents":[{"item":{"contents":[{"Left":"Prelude.DecEq.Core.DecEq"},[{"contents":"lzero","tag":"Level"},{"contents":[{"Right":0},[]],"tag":"App"}]],"tag":"App"},"name":"_"},{"contents":[{"item":{"contents":[{"Left":"Prelude.Sets.AsUniqueLists.Core.Set'"},[{"contents":[{"Right":3},[]],"tag":"App"},{"contents":[{"Right":2},[]],"tag":"App"}]],"tag":"App"},"name":"xs"},{"contents":[{"item":{"contents":[{"item":{"contents":[{"Right":4},[]],"tag":"App"},"name":"_"},{"contents":[{"item":{"contents":[{"Left":"Prelude.Sets.AsUniqueLists.Indexed._..extendedlambda0"},[{"contents":[{"Right":4},[]],"tag":"App"},{"contents":[{"Right":3},[]],"tag":"App"},{"contents":[{"Left":"Prelude.Indexable.Indexable.Ix"},[]],"tag":"App"},{"contents":[{"Right":0},[]],"tag":"App"}]],"tag":"App"},"name":"_"},{"contents":[{"Right":2},[]],"tag":"App"}],"tag":"Pi"}],"tag":"Pi"},"name":"f"},{"contents":[{"Left":"Agda.Builtin.List.List"},[{"contents":"lzero","tag":"Level"},{"contents":[{"Right":3},[]],"tag":"App"}]],"tag":"App"}],"tag":"Pi"}],"tag":"Pi"}],"tag":"Pi"}],"tag":"Pi"}],"tag":"Pi"}],"tag":"Pi"},"simplified":{"contents":[{"item":{"contents":"Set","tag":"Sort"},"name":"A"},{"contents":[{"item":{"contents":[{"Left":"Prelude.DecEq.Core.DecEq"},[{"contents":"lzero","tag":"Level"},{"contents":[{"Right":0},[]],"tag":"App"}]],"tag":"App"},"name":"_"},{"contents":[{"item":{"contents":"Set","tag":"Sort"},"name":"B"},{"contents":[{"item":{"contents":[{"Left":"Prelude.DecEq.Core.DecEq"},[{"contents":"lzero","tag":"Level"},{"contents":[{"Right":0},[]],"tag":"App"}]],"tag":"App"},"name":"_"},{"contents":[{"item":{"contents":[{"Left":"Prelude.Sets.AsUniqueLists.Core.Set'"},[{"contents":[{"Right":3},[]],"tag":"App"},{"contents":[{"Right":2},[]],"tag":"App"}]],"tag":"App"},"name":"xs"},{"contents":[{"item":{"contents":[{"item":{"contents":[{"Right":4},[]],"tag":"App"},"name":"_"},{"contents":[{"item":{"contents":[{"Left":"Data.Fin.Base.Fin"},[{"contents":[{"Left":"Data.List.Base.length"},[{"contents":"lzero","tag":"Level"},{"contents":[{"Right":4},[]],"tag":"App"},{"contents":[{"Right":0},[{"contents":[{"Left":"Prelude.Sets.AsUniqueLists.Core.Set'.list"},[]],"tag":"App"}]],"tag":"App"}]],"tag":"App"}]],"tag":"App"},"name":"_"},{"contents":[{"Right":2},[]],"tag":"App"}],"tag":"Pi"}],"tag":"Pi"},"name":"f"},{"contents":[{"Left":"Agda.Builtin.List.List"},[{"contents":"lzero","tag":"Level"},{"contents":[{"Right":3},[]],"tag":"App"}]],"tag":"App"}],"tag":"Pi"}],"tag":"Pi"}],"tag":"Pi"}],"tag":"Pi"}],"tag":"Pi"}],"tag":"Pi"}}},"name":"Prelude.Sets.AsUniqueLists.Indexed._._.mapWithIxˢ"},{"item":{"pretty":"{A : Type} ⦃ _ = z : DecEq A ⦄ {xs : Set'} {B : Type}\n⦃ _ = z₁ : DecEq B ⦄ (f : A → B) →\nIndexable.Ix\n(λ { .Ix s → Fin (Measurable.∣ Measurable-Set ∣ s)\n   ; (Prelude.Sets.AsUniqueLists.Indexed..extendedlambda0 ‼ s) i\n       → ((λ { .Ix → Index ; ._‼_ → Prelude.Lists.Indexed._‼_ })\n          Indexable.‼ ToList.toList ToList-Set s)\n         i\n   })\nxs →\nIndexable.Ix\n(λ { .Ix s → Fin (Measurable.∣ Measurable-Set ∣ s)\n   ; (Prelude.Sets.AsUniqueLists.Indexed..extendedlambda0 ‼ s) i\n       → ((λ { .Ix → Index ; ._‼_ → Prelude.Lists.Indexed._‼_ })\n          Indexable.‼ ToList.toList ToList-Set s)\n         i\n   })\n(mapˢ f xs)","thing":{"normalised":{"contents":[{"item":{"contents":"Set","tag":"Sort"},"name":"A"},{"contents":[{"item":{"contents":[{"Left":"Prelude.DecEq.Core.DecEq"},[{"contents":"lzero","tag":"Level"},{"contents":[{"Right":0},[]],"tag":"App"}]],"tag":"App"},"name":"_"},{"contents":[{"item":{"contents":[{"Left":"Prelude.Sets.AsUniqueLists.Core.Set'"},[{"contents":[{"Right":1},[]],"tag":"App"},{"contents":[{"Right":0},[]],"tag":"App"}]],"tag":"App"},"name":"xs"},{"contents":[{"item":{"contents":"Set","tag":"Sort"},"name":"B"},{"contents":[{"item":{"contents":[{"Left":"Prelude.DecEq.Core.DecEq"},[{"contents":"lzero","tag":"Level"},{"contents":[{"Right":0},[]],"tag":"App"}]],"tag":"App"},"name":"_"},{"contents":[{"item":{"contents":[{"item":{"contents":[{"Right":4},[]],"tag":"App"},"name":"_"},{"contents":[{"Right":1},[]],"tag":"App"}],"tag":"Pi"},"name":"f"},{"contents":[{"item":{"contents":[{"Left":"Data.Fin.Base.Fin"},[{"contents":[{"Left":"Data.List.Base.foldr"},[{"contents":"lzero","tag":"Level"},{"contents":[{"Right":5},[]],"tag":"App"},{"contents":"lzero","tag":"Level"},{"contents":[{"Left":"Agda.Builtin.Nat.Nat"},[]],"tag":"App"},{"contents":{"item":{"contents":[{"Left":"Agda.Builtin.Nat.Nat.suc"},[]],"tag":"App"},"name":"_"},"tag":"Lam"},{"contents":"0","tag":"Lit"},{"contents":[{"Right":3},[{"contents":[{"Left":"Prelude.Sets.AsUniqueLists.Core.Set'.list"},[]],"tag":"App"}]],"tag":"App"}]],"tag":"App"}]],"tag":"App"},"name":"_"},{"contents":[{"Left":"Data.Fin.Base.Fin"},[{"contents":[{"Left":"Data.List.Base.foldr"},[{"contents":"lzero","tag":"Level"},{"contents":[{"Right":2},[]],"tag":"App"},{"contents":"lzero","tag":"Level"},{"contents":[{"Left":"Agda.Builtin.Nat.Nat"},[]],"tag":"App"},{"contents":{"item":{"contents":[{"Left":"Agda.Builtin.Nat.Nat.suc"},[]],"tag":"App"},"name":"_"},"tag":"Lam"},{"contents":"0","tag":"Lit"},{"contents":[{"Left":"Prelude.Lists.Dec.nub"},[{"contents":"lzero","tag":"Level"},{"contents":[{"Right":2},[]],"tag":"App"},{"contents":[{"Right":1},[]],"tag":"App"},{"contents":[{"Left":"Data.List.Base.map"},[{"contents":"lzero","tag":"Level"},{"contents":[{"Right":5},[]],"tag":"App"},{"contents":"lzero","tag":"Level"},{"contents":[{"Right":2},[]],"tag":"App"},{"contents":[{"Right":0},[]],"tag":"App"},{"contents":[{"Right":3},[{"contents":[{"Left":"Prelude.Sets.AsUniqueLists.Core.Set'.list"},[]],"tag":"App"}]],"tag":"App"}]],"tag":"App"}]],"tag":"App"}]],"tag":"App"}]],"tag":"App"}],"tag":"Pi"}],"tag":"Pi"}],"tag":"Pi"}],"tag":"Pi"}],"tag":"Pi"}],"tag":"Pi"}],"tag":"Pi"},"original":{"contents":[{"item":{"contents":"Set","tag":"Sort"},"name":"A"},{"contents":[{"item":{"contents":[{"Left":"Prelude.DecEq.Core.DecEq"},[{"contents":"lzero","tag":"Level"},{"contents":[{"Right":0},[]],"tag":"App"}]],"tag":"App"},"name":"_"},{"contents":[{"item":{"contents":[{"Left":"Prelude.Sets.AsUniqueLists.Core.Set'"},[{"contents":[{"Right":1},[]],"tag":"App"},{"contents":[{"Right":0},[]],"tag":"App"}]],"tag":"App"},"name":"xs"},{"contents":[{"item":{"contents":"Set","tag":"Sort"},"name":"B"},{"contents":[{"item":{"contents":[{"Left":"Prelude.DecEq.Core.DecEq"},[{"contents":"lzero","tag":"Level"},{"contents":[{"Right":0},[]],"tag":"App"}]],"tag":"App"},"name":"_"},{"contents":[{"item":{"contents":[{"item":{"contents":[{"Right":4},[]],"tag":"App"},"name":"_"},{"contents":[{"Right":1},[]],"tag":"App"}],"tag":"Pi"},"name":"f"},{"contents":[{"item":{"contents":[{"Left":"Prelude.Sets.AsUniqueLists.Indexed._..extendedlambda0"},[{"contents":[{"Right":5},[]],"tag":"App"},{"contents":[{"Right":4},[]],"tag":"App"},{"contents":[{"Left":"Prelude.Indexable.Indexable.Ix"},[]],"tag":"App"},{"contents":[{"Right":3},[]],"tag":"App"}]],"tag":"App"},"name":"_"},{"contents":[{"Left":"Prelude.Sets.AsUniqueLists.Indexed._..extendedlambda0"},[{"contents":[{"Right":2},[]],"tag":"App"},{"contents":[{"Right":1},[]],"tag":"App"},{"contents":[{"Left":"Prelude.Indexable.Indexable.Ix"},[]],"tag":"App"},{"contents":[{"Left":"Prelude.Sets.AsUniqueLists.Extra._._.mapˢ"},[{"contents":[{"Right":5},[]],"tag":"App"},{"contents":[{"Right":4},[]],"tag":"App"},{"contents":[{"Right":2},[]],"tag":"App"},{"contents":[{"Right":1},[]],"tag":"App"},{"contents":[{"Right":0},[]],"tag":"App"},{"contents":[{"Right":3},[]],"tag":"App"}]],"tag":"App"}]],"tag":"App"}],"tag":"Pi"}],"tag":"Pi"}],"tag":"Pi"}],"tag":"Pi"}],"tag":"Pi"}],"tag":"Pi"}],"tag":"Pi"},"reduced":{"contents":[{"item":{"contents":"Set","tag":"Sort"},"name":"A"},{"contents":[{"item":{"contents":[{"Left":"Prelude.DecEq.Core.DecEq"},[{"contents":"lzero","tag":"Level"},{"contents":[{"Right":0},[]],"tag":"App"}]],"tag":"App"},"name":"_"},{"contents":[{"item":{"contents":[{"Left":"Prelude.Sets.AsUniqueLists.Core.Set'"},[{"contents":[{"Right":1},[]],"tag":"App"},{"contents":[{"Right":0},[]],"tag":"App"}]],"tag":"App"},"name":"xs"},{"contents":[{"item":{"contents":"Set","tag":"Sort"},"name":"B"},{"contents":[{"item":{"contents":[{"Left":"Prelude.DecEq.Core.DecEq"},[{"contents":"lzero","tag":"Level"},{"contents":[{"Right":0},[]],"tag":"App"}]],"tag":"App"},"name":"_"},{"contents":[{"item":{"contents":[{"item":{"contents":[{"Right":4},[]],"tag":"App"},"name":"_"},{"contents":[{"Right":1},[]],"tag":"App"}],"tag":"Pi"},"name":"f"},{"contents":[{"item":{"contents":[{"Left":"Prelude.Sets.AsUniqueLists.Indexed._..extendedlambda0"},[{"contents":[{"Right":5},[]],"tag":"App"},{"contents":[{"Right":4},[]],"tag":"App"},{"contents":[{"Left":"Prelude.Indexable.Indexable.Ix"},[]],"tag":"App"},{"contents":[{"Right":3},[]],"tag":"App"}]],"tag":"App"},"name":"_"},{"contents":[{"Left":"Prelude.Sets.AsUniqueLists.Indexed._..extendedlambda0"},[{"contents":[{"Right":2},[]],"tag":"App"},{"contents":[{"Right":1},[]],"tag":"App"},{"contents":[{"Left":"Prelude.Indexable.Indexable.Ix"},[]],"tag":"App"},{"contents":[{"Left":"Prelude.Sets.AsUniqueLists.Extra._._.mapˢ"},[{"contents":[{"Right":5},[]],"tag":"App"},{"contents":[{"Right":4},[]],"tag":"App"},{"contents":[{"Right":2},[]],"tag":"App"},{"contents":[{"Right":1},[]],"tag":"App"},{"contents":[{"Right":0},[]],"tag":"App"},{"contents":[{"Right":3},[]],"tag":"App"}]],"tag":"App"}]],"tag":"App"}],"tag":"Pi"}],"tag":"Pi"}],"tag":"Pi"}],"tag":"Pi"}],"tag":"Pi"}],"tag":"Pi"}],"tag":"Pi"},"simplified":{"contents":[{"item":{"contents":"Set","tag":"Sort"},"name":"A"},{"contents":[{"item":{"contents":[{"Left":"Prelude.DecEq.Core.DecEq"},[{"contents":"lzero","tag":"Level"},{"contents":[{"Right":0},[]],"tag":"App"}]],"tag":"App"},"name":"_"},{"contents":[{"item":{"contents":[{"Left":"Prelude.Sets.AsUniqueLists.Core.Set'"},[{"contents":[{"Right":1},[]],"tag":"App"},{"contents":[{"Right":0},[]],"tag":"App"}]],"tag":"App"},"name":"xs"},{"contents":[{"item":{"contents":"Set","tag":"Sort"},"name":"B"},{"contents":[{"item":{"contents":[{"Left":"Prelude.DecEq.Core.DecEq"},[{"contents":"lzero","tag":"Level"},{"contents":[{"Right":0},[]],"tag":"App"}]],"tag":"App"},"name":"_"},{"contents":[{"item":{"contents":[{"item":{"contents":[{"Right":4},[]],"tag":"App"},"name":"_"},{"contents":[{"Right":1},[]],"tag":"App"}],"tag":"Pi"},"name":"f"},{"contents":[{"item":{"contents":[{"Left":"Data.Fin.Base.Fin"},[{"contents":[{"Left":"Data.List.Base.length"},[{"contents":"lzero","tag":"Level"},{"contents":[{"Right":5},[]],"tag":"App"},{"contents":[{"Right":3},[{"contents":[{"Left":"Prelude.Sets.AsUniqueLists.Core.Set'.list"},[]],"tag":"App"}]],"tag":"App"}]],"tag":"App"}]],"tag":"App"},"name":"_"},{"contents":[{"Left":"Data.Fin.Base.Fin"},[{"contents":[{"Left":"Data.List.Base.length"},[{"contents":"lzero","tag":"Level"},{"contents":[{"Right":2},[]],"tag":"App"},{"contents":[{"Left":"Prelude.Sets.AsUniqueLists.Extra._._.mapˢ"},[{"contents":[{"Right":5},[]],"tag":"App"},{"contents":[{"Right":4},[]],"tag":"App"},{"contents":[{"Right":2},[]],"tag":"App"},{"contents":[{"Right":1},[]],"tag":"App"},{"contents":[{"Right":0},[]],"tag":"App"},{"contents":[{"Right":3},[]],"tag":"App"},{"contents":[{"Left":"Prelude.Sets.AsUniqueLists.Core.Set'.list"},[]],"tag":"App"}]],"tag":"App"}]],"tag":"App"}]],"tag":"App"}],"tag":"Pi"}],"tag":"Pi"}],"tag":"Pi"}],"tag":"Pi"}],"tag":"Pi"}],"tag":"Pi"}],"tag":"Pi"}}},"name":"Prelude.Sets.AsUniqueLists.Indexed._._.‼-mapˢ"},{"item":{"pretty":"{A : Type} ⦃ _ = z : DecEq A ⦄ {xs : Set'} {B : Type}\n⦃ _ = z₁ : DecEq B ⦄ (f : {x : A} → x ∈ˢ xs → B) →\nIndexable.Ix\n(λ { .Ix s → Fin (Measurable.∣ Measurable-Set ∣ s)\n   ; (Prelude.Sets.AsUniqueLists.Indexed..extendedlambda0 ‼ s) i\n       → ((λ { .Ix → Index ; ._‼_ → Prelude.Lists.Indexed._‼_ })\n          Indexable.‼ ToList.toList ToList-Set s)\n         i\n   })\nxs →\nIndexable.Ix\n(λ { .Ix s → Fin (Measurable.∣ Measurable-Set ∣ s)\n   ; (Prelude.Sets.AsUniqueLists.Indexed..extendedlambda0 ‼ s) i\n       → ((λ { .Ix → Index ; ._‼_ → Prelude.Lists.Indexed._‼_ })\n          Indexable.‼ ToList.toList ToList-Set s)\n         i\n   })\n(mapWith∈ˢ xs f)","thing":{"normalised":{"contents":[{"item":{"contents":"Set","tag":"Sort"},"name":"A"},{"contents":[{"item":{"contents":[{"Left":"Prelude.DecEq.Core.DecEq"},[{"contents":"lzero","tag":"Level"},{"contents":[{"Right":0},[]],"tag":"App"}]],"tag":"App"},"name":"_"},{"contents":[{"item":{"contents":[{"Left":"Prelude.Sets.AsUniqueLists.Core.Set'"},[{"contents":[{"Right":1},[]],"tag":"App"},{"contents":[{"Right":0},[]],"tag":"App"}]],"tag":"App"},"name":"xs"},{"contents":[{"item":{"contents":"Set","tag":"Sort"},"name":"B"},{"contents":[{"item":{"contents":[{"Left":"Prelude.DecEq.Core.DecEq"},[{"contents":"lzero","tag":"Level"},{"contents":[{"Right":0},[]],"tag":"App"}]],"tag":"App"},"name":"_"},{"contents":[{"item":{"contents":[{"item":{"contents":[{"Right":4},[]],"tag":"App"},"name":"x"},{"contents":[{"item":{"contents":[{"Left":"Data.List.Relation.Unary.Any.Any"},[{"contents":"lzero","tag":"Level"},{"contents":"lzero","tag":"Level"},{"contents":[{"Right":5},[]],"tag":"App"},{"contents":[{"Left":"Agda.Builtin.Equality._≡_"},[{"contents":"lzero","tag":"Level"},{"contents":[{"Right":5},[]],"tag":"App"},{"contents":[{"Right":0},[]],"tag":"App"}]],"tag":"App"},{"contents":[{"Right":3},[{"contents":[{"Left":"Prelude.Sets.AsUniqueLists.Core.Set'.list"},[]],"tag":"App"}]],"tag":"App"}]],"tag":"App"},"name":"_"},{"contents":[{"Right":2},[]],"tag":"App"}],"tag":"Pi"}],"tag":"Pi"},"name":"f"},{"contents":[{"item":{"contents":[{"Left":"Data.Fin.Base.Fin"},[{"contents":[{"Left":"Data.List.Base.foldr"},[{"contents":"lzero","tag":"Level"},{"contents":[{"Right":5},[]],"tag":"App"},{"contents":"lzero","tag":"Level"},{"contents":[{"Left":"Agda.Builtin.Nat.Nat"},[]],"tag":"App"},{"contents":{"item":{"contents":[{"Left":"Agda.Builtin.Nat.Nat.suc"},[]],"tag":"App"},"name":"_"},"tag":"Lam"},{"contents":"0","tag":"Lit"},{"contents":[{"Right":3},[{"contents":[{"Left":"Prelude.Sets.AsUniqueLists.Core.Set'.list"},[]],"tag":"App"}]],"tag":"App"}]],"tag":"App"}]],"tag":"App"},"name":"_"},{"contents":[{"Left":"Data.Fin.Base.Fin"},[{"contents":[{"Left":"Data.List.Base.foldr"},[{"contents":"lzero","tag":"Level"},{"contents":[{"Right":2},[]],"tag":"App"},{"contents":"lzero","tag":"Level"},{"contents":[{"Left":"Agda.Builtin.Nat.Nat"},[]],"tag":"App"},{"contents":{"item":{"contents":[{"Left":"Agda.Builtin.Nat.Nat.suc"},[]],"tag":"App"},"name":"_"},"tag":"Lam"},{"contents":"0","tag":"Lit"},{"contents":[{"Left":"Prelude.Lists.Dec.nub"},[{"contents":"lzero","tag":"Level"},{"contents":[{"Right":2},[]],"tag":"App"},{"contents":[{"Right":1},[]],"tag":"App"},{"contents":[{"Left":"Data.List.Membership.Setoid.mapWith∈"},[{"contents":"lzero","tag":"Level"},{"contents":"lzero","tag":"Level"},{"contents":[{"Left":"Relation.Binary.PropositionalEquality.Properties.setoid"},[{"contents":"lzero","tag":"Level"},{"contents":[{"Right":5},[]],"tag":"App"}]],"tag":"App"},{"contents":"lzero","tag":"Level"},{"contents":[{"Right":2},[]],"tag":"App"},{"contents":[{"Right":3},[{"contents":[{"Left":"Prelude.Sets.AsUniqueLists.Core.Set'.list"},[]],"tag":"App"}]],"tag":"App"},{"contents":{"item":{"contents":{"item":{"contents":[{"Right":2},[{"contents":[{"Right":1},[]],"tag":"App"},{"contents":[{"Left":"Prelude.Lists.Dec.∈-nub⁻"},[{"contents":"lzero","tag":"Level"},{"contents":[{"Right":7},[]],"tag":"App"},{"contents":[{"Right":6},[]],"tag":"App"},{"contents":[{"Right":1},[]],"tag":"App"},{"contents":[{"Right":5},[{"contents":[{"Left":"Prelude.Sets.AsUniqueLists.Core.Set'.list"},[]],"tag":"App"}]],"tag":"App"},{"contents":[{"Left":"Prelude.Lists.Dec.∈-nub⁺"},[{"contents":"lzero","tag":"Level"},{"contents":[{"Right":7},[]],"tag":"App"},{"contents":[{"Right":6},[]],"tag":"App"},{"contents":[{"Right":1},[]],"tag":"App"},{"contents":[{"Right":5},[{"contents":[{"Left":"Prelude.Sets.AsUniqueLists.Core.Set'.list"},[]],"tag":"App"}]],"tag":"App"},{"contents":[{"Right":0},[]],"tag":"App"}]],"tag":"App"}]],"tag":"App"}]],"tag":"App"},"name":"x"},"tag":"Lam"},"name":"x"},"tag":"Lam"}]],"tag":"App"}]],"tag":"App"}]],"tag":"App"}]],"tag":"App"}],"tag":"Pi"}],"tag":"Pi"}],"tag":"Pi"}],"tag":"Pi"}],"tag":"Pi"}],"tag":"Pi"}],"tag":"Pi"},"original":{"contents":[{"item":{"contents":"Set","tag":"Sort"},"name":"A"},{"contents":[{"item":{"contents":[{"Left":"Prelude.DecEq.Core.DecEq"},[{"contents":"lzero","tag":"Level"},{"contents":[{"Right":0},[]],"tag":"App"}]],"tag":"App"},"name":"_"},{"contents":[{"item":{"contents":[{"Left":"Prelude.Sets.AsUniqueLists.Core.Set'"},[{"contents":[{"Right":1},[]],"tag":"App"},{"contents":[{"Right":0},[]],"tag":"App"}]],"tag":"App"},"name":"xs"},{"contents":[{"item":{"contents":"Set","tag":"Sort"},"name":"B"},{"contents":[{"item":{"contents":[{"Left":"Prelude.DecEq.Core.DecEq"},[{"contents":"lzero","tag":"Level"},{"contents":[{"Right":0},[]],"tag":"App"}]],"tag":"App"},"name":"_"},{"contents":[{"item":{"contents":[{"item":{"contents":[{"Right":4},[]],"tag":"App"},"name":"x"},{"contents":[{"item":{"contents":[{"Left":"Prelude.Sets.AsUniqueLists.Core._∈ˢ_"},[{"contents":[{"Right":5},[]],"tag":"App"},{"contents":[{"Right":4},[]],"tag":"App"},{"contents":[{"Right":0},[]],"tag":"App"},{"contents":[{"Right":3},[]],"tag":"App"}]],"tag":"App"},"name":"_"},{"contents":[{"Right":2},[]],"tag":"App"}],"tag":"Pi"}],"tag":"Pi"},"name":"f"},{"contents":[{"item":{"contents":[{"Left":"Prelude.Sets.AsUniqueLists.Indexed._..extendedlambda0"},[{"contents":[{"Right":5},[]],"tag":"App"},{"contents":[{"Right":4},[]],"tag":"App"},{"contents":[{"Left":"Prelude.Indexable.Indexable.Ix"},[]],"tag":"App"},{"contents":[{"Right":3},[]],"tag":"App"}]],"tag":"App"},"name":"_"},{"contents":[{"Left":"Prelude.Sets.AsUniqueLists.Indexed._..extendedlambda0"},[{"contents":[{"Right":2},[]],"tag":"App"},{"contents":[{"Right":1},[]],"tag":"App"},{"contents":[{"Left":"Prelude.Indexable.Indexable.Ix"},[]],"tag":"App"},{"contents":[{"Left":"Prelude.Sets.AsUniqueLists.Extra._._.mapWith∈ˢ"},[{"contents":[{"Right":5},[]],"tag":"App"},{"contents":[{"Right":4},[]],"tag":"App"},{"contents":[{"Right":2},[]],"tag":"App"},{"contents":[{"Right":1},[]],"tag":"App"},{"contents":[{"Right":3},[]],"tag":"App"},{"contents":[{"Right":0},[]],"tag":"App"}]],"tag":"App"}]],"tag":"App"}],"tag":"Pi"}],"tag":"Pi"}],"tag":"Pi"}],"tag":"Pi"}],"tag":"Pi"}],"tag":"Pi"}],"tag":"Pi"},"reduced":{"contents":[{"item":{"contents":"Set","tag":"Sort"},"name":"A"},{"contents":[{"item":{"contents":[{"Left":"Prelude.DecEq.Core.DecEq"},[{"contents":"lzero","tag":"Level"},{"contents":[{"Right":0},[]],"tag":"App"}]],"tag":"App"},"name":"_"},{"contents":[{"item":{"contents":[{"Left":"Prelude.Sets.AsUniqueLists.Core.Set'"},[{"contents":[{"Right":1},[]],"tag":"App"},{"contents":[{"Right":0},[]],"tag":"App"}]],"tag":"App"},"name":"xs"},{"contents":[{"item":{"contents":"Set","tag":"Sort"},"name":"B"},{"contents":[{"item":{"contents":[{"Left":"Prelude.DecEq.Core.DecEq"},[{"contents":"lzero","tag":"Level"},{"contents":[{"Right":0},[]],"tag":"App"}]],"tag":"App"},"name":"_"},{"contents":[{"item":{"contents":[{"item":{"contents":[{"Right":4},[]],"tag":"App"},"name":"x"},{"contents":[{"item":{"contents":[{"Left":"Prelude.Sets.AsUniqueLists.Core._∈ˢ_"},[{"contents":[{"Right":5},[]],"tag":"App"},{"contents":[{"Right":4},[]],"tag":"App"},{"contents":[{"Right":0},[]],"tag":"App"},{"contents":[{"Right":3},[]],"tag":"App"}]],"tag":"App"},"name":"_"},{"contents":[{"Right":2},[]],"tag":"App"}],"tag":"Pi"}],"tag":"Pi"},"name":"f"},{"contents":[{"item":{"contents":[{"Left":"Prelude.Sets.AsUniqueLists.Indexed._..extendedlambda0"},[{"contents":[{"Right":5},[]],"tag":"App"},{"contents":[{"Right":4},[]],"tag":"App"},{"contents":[{"Left":"Prelude.Indexable.Indexable.Ix"},[]],"tag":"App"},{"contents":[{"Right":3},[]],"tag":"App"}]],"tag":"App"},"name":"_"},{"contents":[{"Left":"Prelude.Sets.AsUniqueLists.Indexed._..extendedlambda0"},[{"contents":[{"Right":2},[]],"tag":"App"},{"contents":[{"Right":1},[]],"tag":"App"},{"contents":[{"Left":"Prelude.Indexable.Indexable.Ix"},[]],"tag":"App"},{"contents":[{"Left":"Prelude.Sets.AsUniqueLists.Extra._._.mapWith∈ˢ"},[{"contents":[{"Right":5},[]],"tag":"App"},{"contents":[{"Right":4},[]],"tag":"App"},{"contents":[{"Right":2},[]],"tag":"App"},{"contents":[{"Right":1},[]],"tag":"App"},{"contents":[{"Right":3},[]],"tag":"App"},{"contents":[{"Right":0},[]],"tag":"App"}]],"tag":"App"}]],"tag":"App"}],"tag":"Pi"}],"tag":"Pi"}],"tag":"Pi"}],"tag":"Pi"}],"tag":"Pi"}],"tag":"Pi"}],"tag":"Pi"},"simplified":{"contents":[{"item":{"contents":"Set","tag":"Sort"},"name":"A"},{"contents":[{"item":{"contents":[{"Left":"Prelude.DecEq.Core.DecEq"},[{"contents":"lzero","tag":"Level"},{"contents":[{"Right":0},[]],"tag":"App"}]],"tag":"App"},"name":"_"},{"contents":[{"item":{"contents":[{"Left":"Prelude.Sets.AsUniqueLists.Core.Set'"},[{"contents":[{"Right":1},[]],"tag":"App"},{"contents":[{"Right":0},[]],"tag":"App"}]],"tag":"App"},"name":"xs"},{"contents":[{"item":{"contents":"Set","tag":"Sort"},"name":"B"},{"contents":[{"item":{"contents":[{"Left":"Prelude.DecEq.Core.DecEq"},[{"contents":"lzero","tag":"Level"},{"contents":[{"Right":0},[]],"tag":"App"}]],"tag":"App"},"name":"_"},{"contents":[{"item":{"contents":[{"item":{"contents":[{"Right":4},[]],"tag":"App"},"name":"x"},{"contents":[{"item":{"contents":[{"Left":"Prelude.Sets.AsUniqueLists.Core._∈ˢ_"},[{"contents":[{"Right":5},[]],"tag":"App"},{"contents":[{"Right":4},[]],"tag":"App"},{"contents":[{"Right":0},[]],"tag":"App"},{"contents":[{"Right":3},[]],"tag":"App"}]],"tag":"App"},"name":"_"},{"contents":[{"Right":2},[]],"tag":"App"}],"tag":"Pi"}],"tag":"Pi"},"name":"f"},{"contents":[{"item":{"contents":[{"Left":"Data.Fin.Base.Fin"},[{"contents":[{"Left":"Data.List.Base.length"},[{"contents":"lzero","tag":"Level"},{"contents":[{"Right":5},[]],"tag":"App"},{"contents":[{"Right":3},[{"contents":[{"Left":"Prelude.Sets.AsUniqueLists.Core.Set'.list"},[]],"tag":"App"}]],"tag":"App"}]],"tag":"App"}]],"tag":"App"},"name":"_"},{"contents":[{"Left":"Data.Fin.Base.Fin"},[{"contents":[{"Left":"Data.List.Base.length"},[{"contents":"lzero","tag":"Level"},{"contents":[{"Right":2},[]],"tag":"App"},{"contents":[{"Left":"Prelude.Sets.AsUniqueLists.Extra._._.mapWith∈ˢ"},[{"contents":[{"Right":5},[]],"tag":"App"},{"contents":[{"Right":4},[]],"tag":"App"},{"contents":[{"Right":2},[]],"tag":"App"},{"contents":[{"Right":1},[]],"tag":"App"},{"contents":[{"Right":3},[]],"tag":"App"},{"contents":[{"Right":0},[]],"tag":"App"},{"contents":[{"Left":"Prelude.Sets.AsUniqueLists.Core.Set'.list"},[]],"tag":"App"}]],"tag":"App"}]],"tag":"App"}]],"tag":"App"}],"tag":"Pi"}],"tag":"Pi"}],"tag":"Pi"}],"tag":"Pi"}],"tag":"Pi"}],"tag":"Pi"}],"tag":"Pi"}}},"name":"Prelude.Sets.AsUniqueLists.Indexed._._.‼-mapWith∈ˢ"},{"item":{"pretty":"{A : Type} ⦃ _ = z : DecEq A ⦄ {xs : Set'} {B : Type}\n⦃ _ : DecEq B ⦄ (xs₁ : List A)\n(f\n : A →\n   Indexable.Ix (λ { .Ix → Index ; ._‼_ → Prelude.Lists.Indexed._‼_ })\n   xs₁ →\n   B) →\nIndexable.Ix (λ { .Ix → Index ; ._‼_ → Prelude.Lists.Indexed._‼_ })\nxs₁ →\nIndexable.Ix (λ { .Ix → Index ; ._‼_ → Prelude.Lists.Indexed._‼_ })\n(mapWithIx xs₁ f)","thing":{"normalised":{"contents":[{"item":{"contents":"Set","tag":"Sort"},"name":"A"},{"contents":[{"item":{"contents":[{"Left":"Prelude.DecEq.Core.DecEq"},[{"contents":"lzero","tag":"Level"},{"contents":[{"Right":0},[]],"tag":"App"}]],"tag":"App"},"name":"_"},{"contents":[{"item":{"contents":[{"Left":"Prelude.Sets.AsUniqueLists.Core.Set'"},[{"contents":[{"Right":1},[]],"tag":"App"},{"contents":[{"Right":0},[]],"tag":"App"}]],"tag":"App"},"name":"xs"},{"contents":[{"item":{"contents":"Set","tag":"Sort"},"name":"B"},{"contents":[{"item":{"contents":[{"Left":"Prelude.DecEq.Core.DecEq"},[{"contents":"lzero","tag":"Level"},{"contents":[{"Right":0},[]],"tag":"App"}]],"tag":"App"},"name":"_"},{"contents":[{"item":{"contents":[{"Left":"Agda.Builtin.List.List"},[{"contents":"lzero","tag":"Level"},{"contents":[{"Right":4},[]],"tag":"App"}]],"tag":"App"},"name":"xs"},{"contents":[{"item":{"contents":[{"item":{"contents":[{"Right":5},[]],"tag":"App"},"name":"_"},{"contents":[{"item":{"contents":[{"Left":"Data.Fin.Base.Fin"},[{"contents":[{"Left":"Data.List.Base.foldr"},[{"contents":"lzero","tag":"Level"},{"contents":[{"Right":5},[]],"tag":"App"},{"contents":"lzero","tag":"Level"},{"contents":[{"Left":"Agda.Builtin.Nat.Nat"},[]],"tag":"App"},{"contents":{"item":{"contents":[{"Left":"Agda.Builtin.Nat.Nat.suc"},[]],"tag":"App"},"name":"_"},"tag":"Lam"},{"contents":"0","tag":"Lit"},{"contents":[{"Right":0},[]],"tag":"App"}]],"tag":"App"}]],"tag":"App"},"name":"_"},{"contents":[{"Right":2},[]],"tag":"App"}],"tag":"Pi"}],"tag":"Pi"},"name":"f"},{"contents":[{"item":{"contents":[{"Left":"Data.Fin.Base.Fin"},[{"contents":[{"Left":"Data.List.Base.foldr"},[{"contents":"lzero","tag":"Level"},{"contents":[{"Right":6},[]],"tag":"App"},{"contents":"lzero","tag":"Level"},{"contents":[{"Left":"Agda.Builtin.Nat.Nat"},[]],"tag":"App"},{"contents":{"item":{"contents":[{"Left":"Agda.Builtin.Nat.Nat.suc"},[]],"tag":"App"},"name":"_"},"tag":"Lam"},{"contents":"0","tag":"Lit"},{"contents":[{"Right":1},[]],"tag":"App"}]],"tag":"App"}]],"tag":"App"},"name":"_"},{"contents":[{"Left":"Data.Fin.Base.Fin"},[{"contents":[{"Left":"Data.List.Base.foldr"},[{"contents":"lzero","tag":"Level"},{"contents":[{"Right":3},[]],"tag":"App"},{"contents":"lzero","tag":"Level"},{"contents":[{"Left":"Agda.Builtin.Nat.Nat"},[]],"tag":"App"},{"contents":{"item":{"contents":[{"Left":"Agda.Builtin.Nat.Nat.suc"},[]],"tag":"App"},"name":"_"},"tag":"Lam"},{"contents":"0","tag":"Lit"},{"contents":[{"Left":"Data.List.Base.map"},[{"contents":"lzero","tag":"Level"},{"contents":[{"Left":"Agda.Builtin.Sigma.Σ"},[{"contents":"lzero","tag":"Level"},{"contents":"lzero","tag":"Level"},{"contents":[{"Left":"Data.Fin.Base.Fin"},[{"contents":[{"Left":"Data.List.Base.foldr"},[{"contents":"lzero","tag":"Level"},{"contents":[{"Right":6},[]],"tag":"App"},{"contents":"lzero","tag":"Level"},{"contents":[{"Left":"Agda.Builtin.Nat.Nat"},[]],"tag":"App"},{"contents":{"item":{"contents":[{"Left":"Agda.Builtin.Nat.Nat.suc"},[]],"tag":"App"},"name":"_"},"tag":"Lam"},{"contents":"0","tag":"Lit"},{"contents":[{"Right":1},[]],"tag":"App"}]],"tag":"App"}]],"tag":"App"},{"contents":{"item":{"contents":[{"Right":7},[]],"tag":"App"},"name":"v"},"tag":"Lam"}]],"tag":"App"},{"contents":"lzero","tag":"Level"},{"contents":[{"Right":3},[]],"tag":"App"},{"contents":[{"Left":"Data.Product.uncurry"},[{"contents":"lzero","tag":"Level"},{"contents":"lzero","tag":"Level"},{"contents":"lzero","tag":"Level"},{"contents":[{"Left":"Data.Fin.Base.Fin"},[{"contents":[{"Left":"Data.List.Base.foldr"},[{"contents":"lzero","tag":"Level"},{"contents":[{"Right":6},[]],"tag":"App"},{"contents":"lzero","tag":"Level"},{"contents":[{"Left":"Agda.Builtin.Nat.Nat"},[]],"tag":"App"},{"contents":{"item":{"contents":[{"Left":"Agda.Builtin.Nat.Nat.suc"},[]],"tag":"App"},"name":"_"},"tag":"Lam"},{"contents":"0","tag":"Lit"},{"contents":[{"Right":1},[]],"tag":"App"}]],"tag":"App"}]],"tag":"App"},{"contents":{"item":{"contents":[{"Right":7},[]],"tag":"App"},"name":"v"},"tag":"Lam"},{"contents":{"item":{"contents":[{"Right":4},[]],"tag":"App"},"name":"_"},"tag":"Lam"},{"contents":{"item":{"contents":{"item":{"contents":[{"Right":2},[{"contents":[{"Right":0},[]],"tag":"App"},{"contents":[{"Right":1},[]],"tag":"App"}]],"tag":"App"},"name":"x"},"tag":"Lam"},"name":"y"},"tag":"Lam"}]],"tag":"App"},{"contents":[{"Left":"Data.List.Base.zipWith"},[{"contents":"lzero","tag":"Level"},{"contents":[{"Left":"Data.Fin.Base.Fin"},[{"contents":[{"Left":"Data.List.Base.foldr"},[{"contents":"lzero","tag":"Level"},{"contents":[{"Right":6},[]],"tag":"App"},{"contents":"lzero","tag":"Level"},{"contents":[{"Left":"Agda.Builtin.Nat.Nat"},[]],"tag":"App"},{"contents":{"item":{"contents":[{"Left":"Agda.Builtin.Nat.Nat.suc"},[]],"tag":"App"},"name":"_"},"tag":"Lam"},{"contents":"0","tag":"Lit"},{"contents":[{"Right":1},[]],"tag":"App"}]],"tag":"App"}]],"tag":"App"},{"contents":"lzero","tag":"Level"},{"contents":[{"Right":6},[]],"tag":"App"},{"contents":"lzero","tag":"Level"},{"contents":[{"Left":"Agda.Builtin.Sigma.Σ"},[{"contents":"lzero","tag":"Level"},{"contents":"lzero","tag":"Level"},{"contents":[{"Left":"Data.Fin.Base.Fin"},[{"contents":[{"Left":"Data.List.Base.foldr"},[{"contents":"lzero","tag":"Level"},{"contents":[{"Right":6},[]],"tag":"App"},{"contents":"lzero","tag":"Level"},{"contents":[{"Left":"Agda.Builtin.Nat.Nat"},[]],"tag":"App"},{"contents":{"item":{"contents":[{"Left":"Agda.Builtin.Nat.Nat.suc"},[]],"tag":"App"},"name":"_"},"tag":"Lam"},{"contents":"0","tag":"Lit"},{"contents":[{"Right":1},[]],"tag":"App"}]],"tag":"App"}]],"tag":"App"},{"contents":{"item":{"contents":[{"Right":7},[]],"tag":"App"},"name":"x"},"tag":"Lam"}]],"tag":"App"},{"contents":[{"Left":"Agda.Builtin.Sigma._,_"},[]],"tag":"App"},{"contents":[{"Left":"Data.List.Base.tabulate"},[{"contents":"lzero","tag":"Level"},{"contents":[{"Left":"Data.Fin.Base.Fin"},[{"contents":[{"Left":"Data.List.Base.foldr"},[{"contents":"lzero","tag":"Level"},{"contents":[{"Right":6},[]],"tag":"App"},{"contents":"lzero","tag":"Level"},{"contents":[{"Left":"Agda.Builtin.Nat.Nat"},[]],"tag":"App"},{"contents":{"item":{"contents":[{"Left":"Agda.Builtin.Nat.Nat.suc"},[]],"tag":"App"},"name":"_"},"tag":"Lam"},{"contents":"0","tag":"Lit"},{"contents":[{"Right":1},[]],"tag":"App"}]],"tag":"App"}]],"tag":"App"},{"contents":[{"Left":"Data.List.Base.foldr"},[{"contents":"lzero","tag":"Level"},{"contents":[{"Right":6},[]],"tag":"App"},{"contents":"lzero","tag":"Level"},{"contents":[{"Left":"Agda.Builtin.Nat.Nat"},[]],"tag":"App"},{"contents":{"item":{"contents":[{"Left":"Agda.Builtin.Nat.Nat.suc"},[]],"tag":"App"},"name":"_"},"tag":"Lam"},{"contents":"0","tag":"Lit"},{"contents":[{"Right":1},[]],"tag":"App"}]],"tag":"App"},{"contents":{"item":{"contents":[{"Right":0},[]],"tag":"App"},"name":"x"},"tag":"Lam"}]],"tag":"App"},{"contents":[{"Right":1},[]],"tag":"App"}]],"tag":"App"}]],"tag":"App"}]],"tag":"App"}]],"tag":"App"}],"tag":"Pi"}],"tag":"Pi"}],"tag":"Pi"}],"tag":"Pi"}],"tag":"Pi"}],"tag":"Pi"}],"tag":"Pi"}],"tag":"Pi"},"original":{"contents":[{"item":{"contents":"Set","tag":"Sort"},"name":"A"},{"contents":[{"item":{"contents":[{"Left":"Prelude.DecEq.Core.DecEq"},[{"contents":"lzero","tag":"Level"},{"contents":[{"Right":0},[]],"tag":"App"}]],"tag":"App"},"name":"_"},{"contents":[{"item":{"contents":[{"Left":"Prelude.Sets.AsUniqueLists.Core.Set'"},[{"contents":[{"Right":1},[]],"tag":"App"},{"contents":[{"Right":0},[]],"tag":"App"}]],"tag":"App"},"name":"xs"},{"contents":[{"item":{"contents":"Set","tag":"Sort"},"name":"B"},{"contents":[{"item":{"contents":[{"Left":"Prelude.DecEq.Core.DecEq"},[{"contents":"lzero","tag":"Level"},{"contents":[{"Right":0},[]],"tag":"App"}]],"tag":"App"},"name":"_"},{"contents":[{"item":{"contents":[{"Left":"Agda.Builtin.List.List"},[{"contents":"lzero","tag":"Level"},{"contents":[{"Right":4},[]],"tag":"App"}]],"tag":"App"},"name":"xs"},{"contents":[{"item":{"contents":[{"item":{"contents":[{"Right":5},[]],"tag":"App"},"name":"_"},{"contents":[{"item":{"contents":[{"Left":"Prelude.Indexable..extendedlambda0"},[{"contents":"lzero","tag":"Level"},{"contents":[{"Right":5},[]],"tag":"App"},{"contents":[{"Left":"Prelude.Indexable.Indexable.Ix"},[]],"tag":"App"},{"contents":[{"Right":0},[]],"tag":"App"}]],"tag":"App"},"name":"_"},{"contents":[{"Right":2},[]],"tag":"App"}],"tag":"Pi"}],"tag":"Pi"},"name":"f"},{"contents":[{"item":{"contents":[{"Left":"Prelude.Indexable..extendedlambda0"},[{"contents":"lzero","tag":"Level"},{"contents":[{"Right":6},[]],"tag":"App"},{"contents":[{"Left":"Prelude.Indexable.Indexable.Ix"},[]],"tag":"App"},{"contents":[{"Right":1},[]],"tag":"App"}]],"tag":"App"},"name":"_"},{"contents":[{"Left":"Prelude.Indexable..extendedlambda0"},[{"contents":"lzero","tag":"Level"},{"contents":[{"Right":3},[]],"tag":"App"},{"contents":[{"Left":"Prelude.Indexable.Indexable.Ix"},[]],"tag":"App"},{"contents":[{"Left":"Prelude.Lists.Indexed._.mapWithIx"},[{"contents":[{"Right":6},[]],"tag":"App"},{"contents":[{"Right":3},[]],"tag":"App"},{"contents":[{"Right":1},[]],"tag":"App"},{"contents":[{"Right":0},[]],"tag":"App"}]],"tag":"App"}]],"tag":"App"}],"tag":"Pi"}],"tag":"Pi"}],"tag":"Pi"}],"tag":"Pi"}],"tag":"Pi"}],"tag":"Pi"}],"tag":"Pi"}],"tag":"Pi"},"reduced":{"contents":[{"item":{"contents":"Set","tag":"Sort"},"name":"A"},{"contents":[{"item":{"contents":[{"Left":"Prelude.DecEq.Core.DecEq"},[{"contents":"lzero","tag":"Level"},{"contents":[{"Right":0},[]],"tag":"App"}]],"tag":"App"},"name":"_"},{"contents":[{"item":{"contents":[{"Left":"Prelude.Sets.AsUniqueLists.Core.Set'"},[{"contents":[{"Right":1},[]],"tag":"App"},{"contents":[{"Right":0},[]],"tag":"App"}]],"tag":"App"},"name":"xs"},{"contents":[{"item":{"contents":"Set","tag":"Sort"},"name":"B"},{"contents":[{"item":{"contents":[{"Left":"Prelude.DecEq.Core.DecEq"},[{"contents":"lzero","tag":"Level"},{"contents":[{"Right":0},[]],"tag":"App"}]],"tag":"App"},"name":"_"},{"contents":[{"item":{"contents":[{"Left":"Agda.Builtin.List.List"},[{"contents":"lzero","tag":"Level"},{"contents":[{"Right":4},[]],"tag":"App"}]],"tag":"App"},"name":"xs"},{"contents":[{"item":{"contents":[{"item":{"contents":[{"Right":5},[]],"tag":"App"},"name":"_"},{"contents":[{"item":{"contents":[{"Left":"Prelude.Indexable..extendedlambda0"},[{"contents":"lzero","tag":"Level"},{"contents":[{"Right":5},[]],"tag":"App"},{"contents":[{"Left":"Prelude.Indexable.Indexable.Ix"},[]],"tag":"App"},{"contents":[{"Right":0},[]],"tag":"App"}]],"tag":"App"},"name":"_"},{"contents":[{"Right":2},[]],"tag":"App"}],"tag":"Pi"}],"tag":"Pi"},"name":"f"},{"contents":[{"item":{"contents":[{"Left":"Prelude.Indexable..extendedlambda0"},[{"contents":"lzero","tag":"Level"},{"contents":[{"Right":6},[]],"tag":"App"},{"contents":[{"Left":"Prelude.Indexable.Indexable.Ix"},[]],"tag":"App"},{"contents":[{"Right":1},[]],"tag":"App"}]],"tag":"App"},"name":"_"},{"contents":[{"Left":"Prelude.Indexable..extendedlambda0"},[{"contents":"lzero","tag":"Level"},{"contents":[{"Right":3},[]],"tag":"App"},{"contents":[{"Left":"Prelude.Indexable.Indexable.Ix"},[]],"tag":"App"},{"contents":[{"Left":"Prelude.Lists.Indexed._.mapWithIx"},[{"contents":[{"Right":6},[]],"tag":"App"},{"contents":[{"Right":3},[]],"tag":"App"},{"contents":[{"Right":1},[]],"tag":"App"},{"contents":[{"Right":0},[]],"tag":"App"}]],"tag":"App"}]],"tag":"App"}],"tag":"Pi"}],"tag":"Pi"}],"tag":"Pi"}],"tag":"Pi"}],"tag":"Pi"}],"tag":"Pi"}],"tag":"Pi"}],"tag":"Pi"},"simplified":{"contents":[{"item":{"contents":"Set","tag":"Sort"},"name":"A"},{"contents":[{"item":{"contents":[{"Left":"Prelude.DecEq.Core.DecEq"},[{"contents":"lzero","tag":"Level"},{"contents":[{"Right":0},[]],"tag":"App"}]],"tag":"App"},"name":"_"},{"contents":[{"item":{"contents":[{"Left":"Prelude.Sets.AsUniqueLists.Core.Set'"},[{"contents":[{"Right":1},[]],"tag":"App"},{"contents":[{"Right":0},[]],"tag":"App"}]],"tag":"App"},"name":"xs"},{"contents":[{"item":{"contents":"Set","tag":"Sort"},"name":"B"},{"contents":[{"item":{"contents":[{"Left":"Prelude.DecEq.Core.DecEq"},[{"contents":"lzero","tag":"Level"},{"contents":[{"Right":0},[]],"tag":"App"}]],"tag":"App"},"name":"_"},{"contents":[{"item":{"contents":[{"Left":"Agda.Builtin.List.List"},[{"contents":"lzero","tag":"Level"},{"contents":[{"Right":4},[]],"tag":"App"}]],"tag":"App"},"name":"xs"},{"contents":[{"item":{"contents":[{"item":{"contents":[{"Right":5},[]],"tag":"App"},"name":"_"},{"contents":[{"item":{"contents":[{"Left":"Prelude.Lists.Indexed.Index"},[{"contents":"lzero","tag":"Level"},{"contents":[{"Right":5},[]],"tag":"App"},{"contents":[{"Right":0},[]],"tag":"App"}]],"tag":"App"},"name":"_"},{"contents":[{"Right":2},[]],"tag":"App"}],"tag":"Pi"}],"tag":"Pi"},"name":"f"},{"contents":[{"item":{"contents":[{"Left":"Prelude.Lists.Indexed.Index"},[{"contents":"lzero","tag":"Level"},{"contents":[{"Right":6},[]],"tag":"App"},{"contents":[{"Right":1},[]],"tag":"App"}]],"tag":"App"},"name":"_"},{"contents":[{"Left":"Prelude.Lists.Indexed.Index"},[{"contents":"lzero","tag":"Level"},{"contents":[{"Right":3},[]],"tag":"App"},{"contents":[{"Left":"Prelude.Lists.Indexed._.mapWithIx"},[{"contents":[{"Right":6},[]],"tag":"App"},{"contents":[{"Right":3},[]],"tag":"App"},{"contents":[{"Right":1},[]],"tag":"App"},{"contents":[{"Right":0},[]],"tag":"App"}]],"tag":"App"}]],"tag":"App"}],"tag":"Pi"}],"tag":"Pi"}],"tag":"Pi"}],"tag":"Pi"}],"tag":"Pi"}],"tag":"Pi"}],"tag":"Pi"}],"tag":"Pi"}}},"name":"Prelude.Sets.AsUniqueLists.Indexed._._.‼-mapWithIx"}],"name":"Prelude.Sets.AsUniqueLists.Indexed"},"samples":[]}