{"scope":{"item":[{"item":{"pretty":"(newGoal : Type → TC Hole)\n(_:=_∋_ : THole → Type → TermCtx → TC ⊤) →\nSet","thing":{"normalised":{"contents":[{"item":{"contents":[{"item":{"contents":[{"Left":"Agda.Builtin.Reflection.Term"},[]],"tag":"App"},"name":"_"},{"contents":[{"Left":"Agda.Builtin.Reflection.TC"},[{"contents":"lzero","tag":"Level"},{"contents":[{"Left":"Agda.Builtin.Reflection.Term"},[]],"tag":"App"}]],"tag":"App"}],"tag":"Pi"},"name":"newGoal"},{"contents":[{"item":{"contents":[{"item":{"contents":[{"Left":"Agda.Builtin.Sigma.Σ"},[{"contents":"lzero","tag":"Level"},{"contents":"lzero","tag":"Level"},{"contents":[{"Left":"Agda.Builtin.Reflection.Term"},[]],"tag":"App"},{"contents":{"item":{"contents":[{"Left":"Agda.Builtin.Reflection.Term"},[]],"tag":"App"},"name":"x"},"tag":"Lam"}]],"tag":"App"},"name":"_"},{"contents":[{"item":{"contents":[{"Left":"Agda.Builtin.Reflection.Term"},[]],"tag":"App"},"name":"_"},{"contents":[{"item":{"contents":[{"item":{"contents":[{"Left":"Agda.Builtin.Reflection.Term"},[]],"tag":"App"},"name":"_"},{"contents":[{"Left":"Agda.Builtin.Reflection.Term"},[]],"tag":"App"}],"tag":"Pi"},"name":"_"},{"contents":[{"Left":"Agda.Builtin.Reflection.TC"},[{"contents":"lzero","tag":"Level"},{"contents":[{"Left":"Agda.Builtin.Unit.⊤"},[]],"tag":"App"}]],"tag":"App"}],"tag":"Pi"}],"tag":"Pi"}],"tag":"Pi"},"name":"_:=_∋_"},{"contents":"Set","tag":"Sort"}],"tag":"Pi"}],"tag":"Pi"},"original":{"contents":[{"item":{"contents":[{"item":{"contents":[{"Left":"Agda.Builtin.Reflection.Type"},[]],"tag":"App"},"name":"_"},{"contents":[{"Left":"Agda.Builtin.Reflection.TC"},[{"contents":"lzero","tag":"Level"},{"contents":[{"Left":"Prelude.Generics.Core.Hole"},[]],"tag":"App"}]],"tag":"App"}],"tag":"Pi"},"name":"newGoal"},{"contents":[{"item":{"contents":[{"item":{"contents":[{"Left":"Prelude.Generics.Core.THole"},[]],"tag":"App"},"name":"_"},{"contents":[{"item":{"contents":[{"Left":"Agda.Builtin.Reflection.Type"},[]],"tag":"App"},"name":"_"},{"contents":[{"item":{"contents":[{"Left":"Prelude.Solvers.Base.TermCtx"},[]],"tag":"App"},"name":"_"},{"contents":[{"Left":"Agda.Builtin.Reflection.TC"},[{"contents":"lzero","tag":"Level"},{"contents":[{"Left":"Agda.Builtin.Unit.⊤"},[]],"tag":"App"}]],"tag":"App"}],"tag":"Pi"}],"tag":"Pi"}],"tag":"Pi"},"name":"_:=_∋_"},{"contents":"Set","tag":"Sort"}],"tag":"Pi"}],"tag":"Pi"},"reduced":{"contents":[{"item":{"contents":[{"item":{"contents":[{"Left":"Agda.Builtin.Reflection.Type"},[]],"tag":"App"},"name":"_"},{"contents":[{"Left":"Agda.Builtin.Reflection.TC"},[{"contents":"lzero","tag":"Level"},{"contents":[{"Left":"Prelude.Generics.Core.Hole"},[]],"tag":"App"}]],"tag":"App"}],"tag":"Pi"},"name":"newGoal"},{"contents":[{"item":{"contents":[{"item":{"contents":[{"Left":"Prelude.Generics.Core.THole"},[]],"tag":"App"},"name":"_"},{"contents":[{"item":{"contents":[{"Left":"Agda.Builtin.Reflection.Type"},[]],"tag":"App"},"name":"_"},{"contents":[{"item":{"contents":[{"Left":"Prelude.Solvers.Base.TermCtx"},[]],"tag":"App"},"name":"_"},{"contents":[{"Left":"Agda.Builtin.Reflection.TC"},[{"contents":"lzero","tag":"Level"},{"contents":[{"Left":"Agda.Builtin.Unit.⊤"},[]],"tag":"App"}]],"tag":"App"}],"tag":"Pi"}],"tag":"Pi"}],"tag":"Pi"},"name":"_:=_∋_"},{"contents":"Set","tag":"Sort"}],"tag":"Pi"}],"tag":"Pi"},"simplified":{"contents":[{"item":{"contents":[{"item":{"contents":[{"Left":"Agda.Builtin.Reflection.Type"},[]],"tag":"App"},"name":"_"},{"contents":[{"Left":"Agda.Builtin.Reflection.TC"},[{"contents":"lzero","tag":"Level"},{"contents":[{"Left":"Prelude.Generics.Core.Hole"},[]],"tag":"App"}]],"tag":"App"}],"tag":"Pi"},"name":"newGoal"},{"contents":[{"item":{"contents":[{"item":{"contents":[{"Left":"Prelude.Generics.Core.THole"},[]],"tag":"App"},"name":"_"},{"contents":[{"item":{"contents":[{"Left":"Agda.Builtin.Reflection.Type"},[]],"tag":"App"},"name":"_"},{"contents":[{"item":{"contents":[{"Left":"Prelude.Solvers.Base.TermCtx"},[]],"tag":"App"},"name":"_"},{"contents":[{"Left":"Agda.Builtin.Reflection.TC"},[{"contents":"lzero","tag":"Level"},{"contents":[{"Left":"Agda.Builtin.Unit.⊤"},[]],"tag":"App"}]],"tag":"App"}],"tag":"Pi"}],"tag":"Pi"}],"tag":"Pi"},"name":"_:=_∋_"},{"contents":"Set","tag":"Sort"}],"tag":"Pi"}],"tag":"Pi"}}},"name":"Prelude.Solvers.Any.ViewAny"},{"item":{"pretty":"{newGoal : Type → TC Hole}\n{_:=_∋_ : THole → Type → TermCtx → TC ⊤} →\nTerm × Term → ViewAny newGoal _:=_∋_","thing":{"normalised":{"contents":[{"item":{"contents":[{"item":{"contents":[{"Left":"Agda.Builtin.Reflection.Term"},[]],"tag":"App"},"name":"_"},{"contents":[{"Left":"Agda.Builtin.Reflection.TC"},[{"contents":"lzero","tag":"Level"},{"contents":[{"Left":"Agda.Builtin.Reflection.Term"},[]],"tag":"App"}]],"tag":"App"}],"tag":"Pi"},"name":"newGoal"},{"contents":[{"item":{"contents":[{"item":{"contents":[{"Left":"Agda.Builtin.Sigma.Σ"},[{"contents":"lzero","tag":"Level"},{"contents":"lzero","tag":"Level"},{"contents":[{"Left":"Agda.Builtin.Reflection.Term"},[]],"tag":"App"},{"contents":{"item":{"contents":[{"Left":"Agda.Builtin.Reflection.Term"},[]],"tag":"App"},"name":"x"},"tag":"Lam"}]],"tag":"App"},"name":"_"},{"contents":[{"item":{"contents":[{"Left":"Agda.Builtin.Reflection.Term"},[]],"tag":"App"},"name":"_"},{"contents":[{"item":{"contents":[{"item":{"contents":[{"Left":"Agda.Builtin.Reflection.Term"},[]],"tag":"App"},"name":"_"},{"contents":[{"Left":"Agda.Builtin.Reflection.Term"},[]],"tag":"App"}],"tag":"Pi"},"name":"_"},{"contents":[{"Left":"Agda.Builtin.Reflection.TC"},[{"contents":"lzero","tag":"Level"},{"contents":[{"Left":"Agda.Builtin.Unit.⊤"},[]],"tag":"App"}]],"tag":"App"}],"tag":"Pi"}],"tag":"Pi"}],"tag":"Pi"},"name":"_:=_∋_"},{"contents":[{"item":{"contents":[{"Left":"Agda.Builtin.Sigma.Σ"},[{"contents":"lzero","tag":"Level"},{"contents":"lzero","tag":"Level"},{"contents":[{"Left":"Agda.Builtin.Reflection.Term"},[]],"tag":"App"},{"contents":{"item":{"contents":[{"Left":"Agda.Builtin.Reflection.Term"},[]],"tag":"App"},"name":"x"},"tag":"Lam"}]],"tag":"App"},"name":"_"},{"contents":[{"Left":"Prelude.Solvers.Any.ViewAny"},[{"contents":[{"Right":1},[]],"tag":"App"},{"contents":[{"Right":0},[]],"tag":"App"}]],"tag":"App"}],"tag":"Pi"}],"tag":"Pi"}],"tag":"Pi"},"original":{"contents":[{"item":{"contents":[{"item":{"contents":[{"Left":"Agda.Builtin.Reflection.Type"},[]],"tag":"App"},"name":"_"},{"contents":[{"Left":"Agda.Builtin.Reflection.TC"},[{"contents":"lzero","tag":"Level"},{"contents":[{"Left":"Prelude.Generics.Core.Hole"},[]],"tag":"App"}]],"tag":"App"}],"tag":"Pi"},"name":"newGoal"},{"contents":[{"item":{"contents":[{"item":{"contents":[{"Left":"Prelude.Generics.Core.THole"},[]],"tag":"App"},"name":"_"},{"contents":[{"item":{"contents":[{"Left":"Agda.Builtin.Reflection.Type"},[]],"tag":"App"},"name":"_"},{"contents":[{"item":{"contents":[{"Left":"Prelude.Solvers.Base.TermCtx"},[]],"tag":"App"},"name":"_"},{"contents":[{"Left":"Agda.Builtin.Reflection.TC"},[{"contents":"lzero","tag":"Level"},{"contents":[{"Left":"Agda.Builtin.Unit.⊤"},[]],"tag":"App"}]],"tag":"App"}],"tag":"Pi"}],"tag":"Pi"}],"tag":"Pi"},"name":"_:=_∋_"},{"contents":[{"item":{"contents":[{"Left":"Data.Product._×_"},[{"contents":"lzero","tag":"Level"},{"contents":"lzero","tag":"Level"},{"contents":[{"Left":"Agda.Builtin.Reflection.Term"},[]],"tag":"App"},{"contents":[{"Left":"Agda.Builtin.Reflection.Term"},[]],"tag":"App"}]],"tag":"App"},"name":"_"},{"contents":[{"Left":"Prelude.Solvers.Any.ViewAny"},[{"contents":[{"Right":1},[]],"tag":"App"},{"contents":[{"Right":0},[]],"tag":"App"}]],"tag":"App"}],"tag":"Pi"}],"tag":"Pi"}],"tag":"Pi"},"reduced":{"contents":[{"item":{"contents":[{"item":{"contents":[{"Left":"Agda.Builtin.Reflection.Type"},[]],"tag":"App"},"name":"_"},{"contents":[{"Left":"Agda.Builtin.Reflection.TC"},[{"contents":"lzero","tag":"Level"},{"contents":[{"Left":"Prelude.Generics.Core.Hole"},[]],"tag":"App"}]],"tag":"App"}],"tag":"Pi"},"name":"newGoal"},{"contents":[{"item":{"contents":[{"item":{"contents":[{"Left":"Prelude.Generics.Core.THole"},[]],"tag":"App"},"name":"_"},{"contents":[{"item":{"contents":[{"Left":"Agda.Builtin.Reflection.Type"},[]],"tag":"App"},"name":"_"},{"contents":[{"item":{"contents":[{"Left":"Prelude.Solvers.Base.TermCtx"},[]],"tag":"App"},"name":"_"},{"contents":[{"Left":"Agda.Builtin.Reflection.TC"},[{"contents":"lzero","tag":"Level"},{"contents":[{"Left":"Agda.Builtin.Unit.⊤"},[]],"tag":"App"}]],"tag":"App"}],"tag":"Pi"}],"tag":"Pi"}],"tag":"Pi"},"name":"_:=_∋_"},{"contents":[{"item":{"contents":[{"Left":"Data.Product._×_"},[{"contents":"lzero","tag":"Level"},{"contents":"lzero","tag":"Level"},{"contents":[{"Left":"Agda.Builtin.Reflection.Term"},[]],"tag":"App"},{"contents":[{"Left":"Agda.Builtin.Reflection.Term"},[]],"tag":"App"}]],"tag":"App"},"name":"_"},{"contents":[{"Left":"Prelude.Solvers.Any.ViewAny"},[{"contents":[{"Right":1},[]],"tag":"App"},{"contents":[{"Right":0},[]],"tag":"App"}]],"tag":"App"}],"tag":"Pi"}],"tag":"Pi"}],"tag":"Pi"},"simplified":{"contents":[{"item":{"contents":[{"item":{"contents":[{"Left":"Agda.Builtin.Reflection.Type"},[]],"tag":"App"},"name":"_"},{"contents":[{"Left":"Agda.Builtin.Reflection.TC"},[{"contents":"lzero","tag":"Level"},{"contents":[{"Left":"Prelude.Generics.Core.Hole"},[]],"tag":"App"}]],"tag":"App"}],"tag":"Pi"},"name":"newGoal"},{"contents":[{"item":{"contents":[{"item":{"contents":[{"Left":"Prelude.Generics.Core.THole"},[]],"tag":"App"},"name":"_"},{"contents":[{"item":{"contents":[{"Left":"Agda.Builtin.Reflection.Type"},[]],"tag":"App"},"name":"_"},{"contents":[{"item":{"contents":[{"Left":"Prelude.Solvers.Base.TermCtx"},[]],"tag":"App"},"name":"_"},{"contents":[{"Left":"Agda.Builtin.Reflection.TC"},[{"contents":"lzero","tag":"Level"},{"contents":[{"Left":"Agda.Builtin.Unit.⊤"},[]],"tag":"App"}]],"tag":"App"}],"tag":"Pi"}],"tag":"Pi"}],"tag":"Pi"},"name":"_:=_∋_"},{"contents":[{"item":{"contents":[{"Left":"Data.Product._×_"},[{"contents":"lzero","tag":"Level"},{"contents":"lzero","tag":"Level"},{"contents":[{"Left":"Agda.Builtin.Reflection.Term"},[]],"tag":"App"},{"contents":[{"Left":"Agda.Builtin.Reflection.Term"},[]],"tag":"App"}]],"tag":"App"},"name":"_"},{"contents":[{"Left":"Prelude.Solvers.Any.ViewAny"},[{"contents":[{"Right":1},[]],"tag":"App"},{"contents":[{"Right":0},[]],"tag":"App"}]],"tag":"App"}],"tag":"Pi"}],"tag":"Pi"}],"tag":"Pi"}}},"name":"Prelude.Solvers.Any.ViewAny.Any⦅_⦆"},{"item":{"pretty":"(newGoal : Type → TC Hole)\n(_:=_∋_ : THole → Type → TermCtx → TC ⊤) →\nTerm → Maybe (ViewAny newGoal _:=_∋_)","thing":{"normalised":{"contents":[{"item":{"contents":[{"item":{"contents":[{"Left":"Agda.Builtin.Reflection.Term"},[]],"tag":"App"},"name":"_"},{"contents":[{"Left":"Agda.Builtin.Reflection.TC"},[{"contents":"lzero","tag":"Level"},{"contents":[{"Left":"Agda.Builtin.Reflection.Term"},[]],"tag":"App"}]],"tag":"App"}],"tag":"Pi"},"name":"newGoal"},{"contents":[{"item":{"contents":[{"item":{"contents":[{"Left":"Agda.Builtin.Sigma.Σ"},[{"contents":"lzero","tag":"Level"},{"contents":"lzero","tag":"Level"},{"contents":[{"Left":"Agda.Builtin.Reflection.Term"},[]],"tag":"App"},{"contents":{"item":{"contents":[{"Left":"Agda.Builtin.Reflection.Term"},[]],"tag":"App"},"name":"x"},"tag":"Lam"}]],"tag":"App"},"name":"_"},{"contents":[{"item":{"contents":[{"Left":"Agda.Builtin.Reflection.Term"},[]],"tag":"App"},"name":"_"},{"contents":[{"item":{"contents":[{"item":{"contents":[{"Left":"Agda.Builtin.Reflection.Term"},[]],"tag":"App"},"name":"_"},{"contents":[{"Left":"Agda.Builtin.Reflection.Term"},[]],"tag":"App"}],"tag":"Pi"},"name":"_"},{"contents":[{"Left":"Agda.Builtin.Reflection.TC"},[{"contents":"lzero","tag":"Level"},{"contents":[{"Left":"Agda.Builtin.Unit.⊤"},[]],"tag":"App"}]],"tag":"App"}],"tag":"Pi"}],"tag":"Pi"}],"tag":"Pi"},"name":"_:=_∋_"},{"contents":[{"item":{"contents":[{"Left":"Agda.Builtin.Reflection.Term"},[]],"tag":"App"},"name":"_"},{"contents":[{"Left":"Agda.Builtin.Maybe.Maybe"},[{"contents":"lzero","tag":"Level"},{"contents":[{"Left":"Prelude.Solvers.Any.ViewAny"},[{"contents":[{"Right":1},[]],"tag":"App"},{"contents":[{"Right":0},[]],"tag":"App"}]],"tag":"App"}]],"tag":"App"}],"tag":"Pi"}],"tag":"Pi"}],"tag":"Pi"},"original":{"contents":[{"item":{"contents":[{"item":{"contents":[{"Left":"Agda.Builtin.Reflection.Type"},[]],"tag":"App"},"name":"_"},{"contents":[{"Left":"Agda.Builtin.Reflection.TC"},[{"contents":"lzero","tag":"Level"},{"contents":[{"Left":"Prelude.Generics.Core.Hole"},[]],"tag":"App"}]],"tag":"App"}],"tag":"Pi"},"name":"newGoal"},{"contents":[{"item":{"contents":[{"item":{"contents":[{"Left":"Prelude.Generics.Core.THole"},[]],"tag":"App"},"name":"_"},{"contents":[{"item":{"contents":[{"Left":"Agda.Builtin.Reflection.Type"},[]],"tag":"App"},"name":"_"},{"contents":[{"item":{"contents":[{"Left":"Prelude.Solvers.Base.TermCtx"},[]],"tag":"App"},"name":"_"},{"contents":[{"Left":"Agda.Builtin.Reflection.TC"},[{"contents":"lzero","tag":"Level"},{"contents":[{"Left":"Agda.Builtin.Unit.⊤"},[]],"tag":"App"}]],"tag":"App"}],"tag":"Pi"}],"tag":"Pi"}],"tag":"Pi"},"name":"_:=_∋_"},{"contents":[{"item":{"contents":[{"Left":"Agda.Builtin.Reflection.Term"},[]],"tag":"App"},"name":"_"},{"contents":[{"Left":"Agda.Builtin.Maybe.Maybe"},[{"contents":"lzero","tag":"Level"},{"contents":[{"Left":"Prelude.Solvers.Any.ViewAny"},[{"contents":[{"Right":1},[]],"tag":"App"},{"contents":[{"Right":0},[]],"tag":"App"}]],"tag":"App"}]],"tag":"App"}],"tag":"Pi"}],"tag":"Pi"}],"tag":"Pi"},"reduced":{"contents":[{"item":{"contents":[{"item":{"contents":[{"Left":"Agda.Builtin.Reflection.Type"},[]],"tag":"App"},"name":"_"},{"contents":[{"Left":"Agda.Builtin.Reflection.TC"},[{"contents":"lzero","tag":"Level"},{"contents":[{"Left":"Prelude.Generics.Core.Hole"},[]],"tag":"App"}]],"tag":"App"}],"tag":"Pi"},"name":"newGoal"},{"contents":[{"item":{"contents":[{"item":{"contents":[{"Left":"Prelude.Generics.Core.THole"},[]],"tag":"App"},"name":"_"},{"contents":[{"item":{"contents":[{"Left":"Agda.Builtin.Reflection.Type"},[]],"tag":"App"},"name":"_"},{"contents":[{"item":{"contents":[{"Left":"Prelude.Solvers.Base.TermCtx"},[]],"tag":"App"},"name":"_"},{"contents":[{"Left":"Agda.Builtin.Reflection.TC"},[{"contents":"lzero","tag":"Level"},{"contents":[{"Left":"Agda.Builtin.Unit.⊤"},[]],"tag":"App"}]],"tag":"App"}],"tag":"Pi"}],"tag":"Pi"}],"tag":"Pi"},"name":"_:=_∋_"},{"contents":[{"item":{"contents":[{"Left":"Agda.Builtin.Reflection.Term"},[]],"tag":"App"},"name":"_"},{"contents":[{"Left":"Agda.Builtin.Maybe.Maybe"},[{"contents":"lzero","tag":"Level"},{"contents":[{"Left":"Prelude.Solvers.Any.ViewAny"},[{"contents":[{"Right":1},[]],"tag":"App"},{"contents":[{"Right":0},[]],"tag":"App"}]],"tag":"App"}]],"tag":"App"}],"tag":"Pi"}],"tag":"Pi"}],"tag":"Pi"},"simplified":{"contents":[{"item":{"contents":[{"item":{"contents":[{"Left":"Agda.Builtin.Reflection.Type"},[]],"tag":"App"},"name":"_"},{"contents":[{"Left":"Agda.Builtin.Reflection.TC"},[{"contents":"lzero","tag":"Level"},{"contents":[{"Left":"Prelude.Generics.Core.Hole"},[]],"tag":"App"}]],"tag":"App"}],"tag":"Pi"},"name":"newGoal"},{"contents":[{"item":{"contents":[{"item":{"contents":[{"Left":"Prelude.Generics.Core.THole"},[]],"tag":"App"},"name":"_"},{"contents":[{"item":{"contents":[{"Left":"Agda.Builtin.Reflection.Type"},[]],"tag":"App"},"name":"_"},{"contents":[{"item":{"contents":[{"Left":"Prelude.Solvers.Base.TermCtx"},[]],"tag":"App"},"name":"_"},{"contents":[{"Left":"Agda.Builtin.Reflection.TC"},[{"contents":"lzero","tag":"Level"},{"contents":[{"Left":"Agda.Builtin.Unit.⊤"},[]],"tag":"App"}]],"tag":"App"}],"tag":"Pi"}],"tag":"Pi"}],"tag":"Pi"},"name":"_:=_∋_"},{"contents":[{"item":{"contents":[{"Left":"Agda.Builtin.Reflection.Term"},[]],"tag":"App"},"name":"_"},{"contents":[{"Left":"Agda.Builtin.Maybe.Maybe"},[{"contents":"lzero","tag":"Level"},{"contents":[{"Left":"Prelude.Solvers.Any.ViewAny"},[{"contents":[{"Right":1},[]],"tag":"App"},{"contents":[{"Right":0},[]],"tag":"App"}]],"tag":"App"}]],"tag":"App"}],"tag":"Pi"}],"tag":"Pi"}],"tag":"Pi"}}},"name":"Prelude.Solvers.Any.viewAny"},{"item":{"pretty":"(newGoal : Type → TC Hole)\n(_:=_∋_ : THole → Type → TermCtx → TC ⊤) →\nSet","thing":{"normalised":{"contents":[{"item":{"contents":[{"item":{"contents":[{"Left":"Agda.Builtin.Reflection.Term"},[]],"tag":"App"},"name":"_"},{"contents":[{"Left":"Agda.Builtin.Reflection.TC"},[{"contents":"lzero","tag":"Level"},{"contents":[{"Left":"Agda.Builtin.Reflection.Term"},[]],"tag":"App"}]],"tag":"App"}],"tag":"Pi"},"name":"newGoal"},{"contents":[{"item":{"contents":[{"item":{"contents":[{"Left":"Agda.Builtin.Sigma.Σ"},[{"contents":"lzero","tag":"Level"},{"contents":"lzero","tag":"Level"},{"contents":[{"Left":"Agda.Builtin.Reflection.Term"},[]],"tag":"App"},{"contents":{"item":{"contents":[{"Left":"Agda.Builtin.Reflection.Term"},[]],"tag":"App"},"name":"x"},"tag":"Lam"}]],"tag":"App"},"name":"_"},{"contents":[{"item":{"contents":[{"Left":"Agda.Builtin.Reflection.Term"},[]],"tag":"App"},"name":"_"},{"contents":[{"item":{"contents":[{"item":{"contents":[{"Left":"Agda.Builtin.Reflection.Term"},[]],"tag":"App"},"name":"_"},{"contents":[{"Left":"Agda.Builtin.Reflection.Term"},[]],"tag":"App"}],"tag":"Pi"},"name":"_"},{"contents":[{"Left":"Agda.Builtin.Reflection.TC"},[{"contents":"lzero","tag":"Level"},{"contents":[{"Left":"Agda.Builtin.Unit.⊤"},[]],"tag":"App"}]],"tag":"App"}],"tag":"Pi"}],"tag":"Pi"}],"tag":"Pi"},"name":"_:=_∋_"},{"contents":"Set","tag":"Sort"}],"tag":"Pi"}],"tag":"Pi"},"original":{"contents":[{"item":{"contents":[{"item":{"contents":[{"Left":"Agda.Builtin.Reflection.Type"},[]],"tag":"App"},"name":"_"},{"contents":[{"Left":"Agda.Builtin.Reflection.TC"},[{"contents":"lzero","tag":"Level"},{"contents":[{"Left":"Prelude.Generics.Core.Hole"},[]],"tag":"App"}]],"tag":"App"}],"tag":"Pi"},"name":"newGoal"},{"contents":[{"item":{"contents":[{"item":{"contents":[{"Left":"Prelude.Generics.Core.THole"},[]],"tag":"App"},"name":"_"},{"contents":[{"item":{"contents":[{"Left":"Agda.Builtin.Reflection.Type"},[]],"tag":"App"},"name":"_"},{"contents":[{"item":{"contents":[{"Left":"Prelude.Solvers.Base.TermCtx"},[]],"tag":"App"},"name":"_"},{"contents":[{"Left":"Agda.Builtin.Reflection.TC"},[{"contents":"lzero","tag":"Level"},{"contents":[{"Left":"Agda.Builtin.Unit.⊤"},[]],"tag":"App"}]],"tag":"App"}],"tag":"Pi"}],"tag":"Pi"}],"tag":"Pi"},"name":"_:=_∋_"},{"contents":"Set","tag":"Sort"}],"tag":"Pi"}],"tag":"Pi"},"reduced":{"contents":[{"item":{"contents":[{"item":{"contents":[{"Left":"Agda.Builtin.Reflection.Type"},[]],"tag":"App"},"name":"_"},{"contents":[{"Left":"Agda.Builtin.Reflection.TC"},[{"contents":"lzero","tag":"Level"},{"contents":[{"Left":"Prelude.Generics.Core.Hole"},[]],"tag":"App"}]],"tag":"App"}],"tag":"Pi"},"name":"newGoal"},{"contents":[{"item":{"contents":[{"item":{"contents":[{"Left":"Prelude.Generics.Core.THole"},[]],"tag":"App"},"name":"_"},{"contents":[{"item":{"contents":[{"Left":"Agda.Builtin.Reflection.Type"},[]],"tag":"App"},"name":"_"},{"contents":[{"item":{"contents":[{"Left":"Prelude.Solvers.Base.TermCtx"},[]],"tag":"App"},"name":"_"},{"contents":[{"Left":"Agda.Builtin.Reflection.TC"},[{"contents":"lzero","tag":"Level"},{"contents":[{"Left":"Agda.Builtin.Unit.⊤"},[]],"tag":"App"}]],"tag":"App"}],"tag":"Pi"}],"tag":"Pi"}],"tag":"Pi"},"name":"_:=_∋_"},{"contents":"Set","tag":"Sort"}],"tag":"Pi"}],"tag":"Pi"},"simplified":{"contents":[{"item":{"contents":[{"item":{"contents":[{"Left":"Agda.Builtin.Reflection.Type"},[]],"tag":"App"},"name":"_"},{"contents":[{"Left":"Agda.Builtin.Reflection.TC"},[{"contents":"lzero","tag":"Level"},{"contents":[{"Left":"Prelude.Generics.Core.Hole"},[]],"tag":"App"}]],"tag":"App"}],"tag":"Pi"},"name":"newGoal"},{"contents":[{"item":{"contents":[{"item":{"contents":[{"Left":"Prelude.Generics.Core.THole"},[]],"tag":"App"},"name":"_"},{"contents":[{"item":{"contents":[{"Left":"Agda.Builtin.Reflection.Type"},[]],"tag":"App"},"name":"_"},{"contents":[{"item":{"contents":[{"Left":"Prelude.Solvers.Base.TermCtx"},[]],"tag":"App"},"name":"_"},{"contents":[{"Left":"Agda.Builtin.Reflection.TC"},[{"contents":"lzero","tag":"Level"},{"contents":[{"Left":"Agda.Builtin.Unit.⊤"},[]],"tag":"App"}]],"tag":"App"}],"tag":"Pi"}],"tag":"Pi"}],"tag":"Pi"},"name":"_:=_∋_"},{"contents":"Set","tag":"Sort"}],"tag":"Pi"}],"tag":"Pi"}}},"name":"Prelude.Solvers.Any.ViewList"},{"item":{"pretty":"{newGoal : Type → TC Hole}\n{_:=_∋_ : THole → Type → TermCtx → TC ⊤} →\nTerm → Term → ViewList newGoal _:=_∋_","thing":{"normalised":{"contents":[{"item":{"contents":[{"item":{"contents":[{"Left":"Agda.Builtin.Reflection.Term"},[]],"tag":"App"},"name":"_"},{"contents":[{"Left":"Agda.Builtin.Reflection.TC"},[{"contents":"lzero","tag":"Level"},{"contents":[{"Left":"Agda.Builtin.Reflection.Term"},[]],"tag":"App"}]],"tag":"App"}],"tag":"Pi"},"name":"newGoal"},{"contents":[{"item":{"contents":[{"item":{"contents":[{"Left":"Agda.Builtin.Sigma.Σ"},[{"contents":"lzero","tag":"Level"},{"contents":"lzero","tag":"Level"},{"contents":[{"Left":"Agda.Builtin.Reflection.Term"},[]],"tag":"App"},{"contents":{"item":{"contents":[{"Left":"Agda.Builtin.Reflection.Term"},[]],"tag":"App"},"name":"x"},"tag":"Lam"}]],"tag":"App"},"name":"_"},{"contents":[{"item":{"contents":[{"Left":"Agda.Builtin.Reflection.Term"},[]],"tag":"App"},"name":"_"},{"contents":[{"item":{"contents":[{"item":{"contents":[{"Left":"Agda.Builtin.Reflection.Term"},[]],"tag":"App"},"name":"_"},{"contents":[{"Left":"Agda.Builtin.Reflection.Term"},[]],"tag":"App"}],"tag":"Pi"},"name":"_"},{"contents":[{"Left":"Agda.Builtin.Reflection.TC"},[{"contents":"lzero","tag":"Level"},{"contents":[{"Left":"Agda.Builtin.Unit.⊤"},[]],"tag":"App"}]],"tag":"App"}],"tag":"Pi"}],"tag":"Pi"}],"tag":"Pi"},"name":"_:=_∋_"},{"contents":[{"item":{"contents":[{"Left":"Agda.Builtin.Reflection.Term"},[]],"tag":"App"},"name":"_"},{"contents":[{"item":{"contents":[{"Left":"Agda.Builtin.Reflection.Term"},[]],"tag":"App"},"name":"_"},{"contents":[{"Left":"Prelude.Solvers.Any.ViewList"},[{"contents":[{"Right":1},[]],"tag":"App"},{"contents":[{"Right":0},[]],"tag":"App"}]],"tag":"App"}],"tag":"Pi"}],"tag":"Pi"}],"tag":"Pi"}],"tag":"Pi"},"original":{"contents":[{"item":{"contents":[{"item":{"contents":[{"Left":"Agda.Builtin.Reflection.Type"},[]],"tag":"App"},"name":"_"},{"contents":[{"Left":"Agda.Builtin.Reflection.TC"},[{"contents":"lzero","tag":"Level"},{"contents":[{"Left":"Prelude.Generics.Core.Hole"},[]],"tag":"App"}]],"tag":"App"}],"tag":"Pi"},"name":"newGoal"},{"contents":[{"item":{"contents":[{"item":{"contents":[{"Left":"Prelude.Generics.Core.THole"},[]],"tag":"App"},"name":"_"},{"contents":[{"item":{"contents":[{"Left":"Agda.Builtin.Reflection.Type"},[]],"tag":"App"},"name":"_"},{"contents":[{"item":{"contents":[{"Left":"Prelude.Solvers.Base.TermCtx"},[]],"tag":"App"},"name":"_"},{"contents":[{"Left":"Agda.Builtin.Reflection.TC"},[{"contents":"lzero","tag":"Level"},{"contents":[{"Left":"Agda.Builtin.Unit.⊤"},[]],"tag":"App"}]],"tag":"App"}],"tag":"Pi"}],"tag":"Pi"}],"tag":"Pi"},"name":"_:=_∋_"},{"contents":[{"item":{"contents":[{"Left":"Agda.Builtin.Reflection.Term"},[]],"tag":"App"},"name":"_"},{"contents":[{"item":{"contents":[{"Left":"Agda.Builtin.Reflection.Term"},[]],"tag":"App"},"name":"_"},{"contents":[{"Left":"Prelude.Solvers.Any.ViewList"},[{"contents":[{"Right":1},[]],"tag":"App"},{"contents":[{"Right":0},[]],"tag":"App"}]],"tag":"App"}],"tag":"Pi"}],"tag":"Pi"}],"tag":"Pi"}],"tag":"Pi"},"reduced":{"contents":[{"item":{"contents":[{"item":{"contents":[{"Left":"Agda.Builtin.Reflection.Type"},[]],"tag":"App"},"name":"_"},{"contents":[{"Left":"Agda.Builtin.Reflection.TC"},[{"contents":"lzero","tag":"Level"},{"contents":[{"Left":"Prelude.Generics.Core.Hole"},[]],"tag":"App"}]],"tag":"App"}],"tag":"Pi"},"name":"newGoal"},{"contents":[{"item":{"contents":[{"item":{"contents":[{"Left":"Prelude.Generics.Core.THole"},[]],"tag":"App"},"name":"_"},{"contents":[{"item":{"contents":[{"Left":"Agda.Builtin.Reflection.Type"},[]],"tag":"App"},"name":"_"},{"contents":[{"item":{"contents":[{"Left":"Prelude.Solvers.Base.TermCtx"},[]],"tag":"App"},"name":"_"},{"contents":[{"Left":"Agda.Builtin.Reflection.TC"},[{"contents":"lzero","tag":"Level"},{"contents":[{"Left":"Agda.Builtin.Unit.⊤"},[]],"tag":"App"}]],"tag":"App"}],"tag":"Pi"}],"tag":"Pi"}],"tag":"Pi"},"name":"_:=_∋_"},{"contents":[{"item":{"contents":[{"Left":"Agda.Builtin.Reflection.Term"},[]],"tag":"App"},"name":"_"},{"contents":[{"item":{"contents":[{"Left":"Agda.Builtin.Reflection.Term"},[]],"tag":"App"},"name":"_"},{"contents":[{"Left":"Prelude.Solvers.Any.ViewList"},[{"contents":[{"Right":1},[]],"tag":"App"},{"contents":[{"Right":0},[]],"tag":"App"}]],"tag":"App"}],"tag":"Pi"}],"tag":"Pi"}],"tag":"Pi"}],"tag":"Pi"},"simplified":{"contents":[{"item":{"contents":[{"item":{"contents":[{"Left":"Agda.Builtin.Reflection.Type"},[]],"tag":"App"},"name":"_"},{"contents":[{"Left":"Agda.Builtin.Reflection.TC"},[{"contents":"lzero","tag":"Level"},{"contents":[{"Left":"Prelude.Generics.Core.Hole"},[]],"tag":"App"}]],"tag":"App"}],"tag":"Pi"},"name":"newGoal"},{"contents":[{"item":{"contents":[{"item":{"contents":[{"Left":"Prelude.Generics.Core.THole"},[]],"tag":"App"},"name":"_"},{"contents":[{"item":{"contents":[{"Left":"Agda.Builtin.Reflection.Type"},[]],"tag":"App"},"name":"_"},{"contents":[{"item":{"contents":[{"Left":"Prelude.Solvers.Base.TermCtx"},[]],"tag":"App"},"name":"_"},{"contents":[{"Left":"Agda.Builtin.Reflection.TC"},[{"contents":"lzero","tag":"Level"},{"contents":[{"Left":"Agda.Builtin.Unit.⊤"},[]],"tag":"App"}]],"tag":"App"}],"tag":"Pi"}],"tag":"Pi"}],"tag":"Pi"},"name":"_:=_∋_"},{"contents":[{"item":{"contents":[{"Left":"Agda.Builtin.Reflection.Term"},[]],"tag":"App"},"name":"_"},{"contents":[{"item":{"contents":[{"Left":"Agda.Builtin.Reflection.Term"},[]],"tag":"App"},"name":"_"},{"contents":[{"Left":"Prelude.Solvers.Any.ViewList"},[{"contents":[{"Right":1},[]],"tag":"App"},{"contents":[{"Right":0},[]],"tag":"App"}]],"tag":"App"}],"tag":"Pi"}],"tag":"Pi"}],"tag":"Pi"}],"tag":"Pi"}}},"name":"Prelude.Solvers.Any.ViewList.∷⦅_,_⦆"},{"item":{"pretty":"{newGoal : Type → TC Hole}\n{_:=_∋_ : THole → Type → TermCtx → TC ⊤} →\nTerm → Term → ViewList newGoal _:=_∋_","thing":{"normalised":{"contents":[{"item":{"contents":[{"item":{"contents":[{"Left":"Agda.Builtin.Reflection.Term"},[]],"tag":"App"},"name":"_"},{"contents":[{"Left":"Agda.Builtin.Reflection.TC"},[{"contents":"lzero","tag":"Level"},{"contents":[{"Left":"Agda.Builtin.Reflection.Term"},[]],"tag":"App"}]],"tag":"App"}],"tag":"Pi"},"name":"newGoal"},{"contents":[{"item":{"contents":[{"item":{"contents":[{"Left":"Agda.Builtin.Sigma.Σ"},[{"contents":"lzero","tag":"Level"},{"contents":"lzero","tag":"Level"},{"contents":[{"Left":"Agda.Builtin.Reflection.Term"},[]],"tag":"App"},{"contents":{"item":{"contents":[{"Left":"Agda.Builtin.Reflection.Term"},[]],"tag":"App"},"name":"x"},"tag":"Lam"}]],"tag":"App"},"name":"_"},{"contents":[{"item":{"contents":[{"Left":"Agda.Builtin.Reflection.Term"},[]],"tag":"App"},"name":"_"},{"contents":[{"item":{"contents":[{"item":{"contents":[{"Left":"Agda.Builtin.Reflection.Term"},[]],"tag":"App"},"name":"_"},{"contents":[{"Left":"Agda.Builtin.Reflection.Term"},[]],"tag":"App"}],"tag":"Pi"},"name":"_"},{"contents":[{"Left":"Agda.Builtin.Reflection.TC"},[{"contents":"lzero","tag":"Level"},{"contents":[{"Left":"Agda.Builtin.Unit.⊤"},[]],"tag":"App"}]],"tag":"App"}],"tag":"Pi"}],"tag":"Pi"}],"tag":"Pi"},"name":"_:=_∋_"},{"contents":[{"item":{"contents":[{"Left":"Agda.Builtin.Reflection.Term"},[]],"tag":"App"},"name":"_"},{"contents":[{"item":{"contents":[{"Left":"Agda.Builtin.Reflection.Term"},[]],"tag":"App"},"name":"_"},{"contents":[{"Left":"Prelude.Solvers.Any.ViewList"},[{"contents":[{"Right":1},[]],"tag":"App"},{"contents":[{"Right":0},[]],"tag":"App"}]],"tag":"App"}],"tag":"Pi"}],"tag":"Pi"}],"tag":"Pi"}],"tag":"Pi"},"original":{"contents":[{"item":{"contents":[{"item":{"contents":[{"Left":"Agda.Builtin.Reflection.Type"},[]],"tag":"App"},"name":"_"},{"contents":[{"Left":"Agda.Builtin.Reflection.TC"},[{"contents":"lzero","tag":"Level"},{"contents":[{"Left":"Prelude.Generics.Core.Hole"},[]],"tag":"App"}]],"tag":"App"}],"tag":"Pi"},"name":"newGoal"},{"contents":[{"item":{"contents":[{"item":{"contents":[{"Left":"Prelude.Generics.Core.THole"},[]],"tag":"App"},"name":"_"},{"contents":[{"item":{"contents":[{"Left":"Agda.Builtin.Reflection.Type"},[]],"tag":"App"},"name":"_"},{"contents":[{"item":{"contents":[{"Left":"Prelude.Solvers.Base.TermCtx"},[]],"tag":"App"},"name":"_"},{"contents":[{"Left":"Agda.Builtin.Reflection.TC"},[{"contents":"lzero","tag":"Level"},{"contents":[{"Left":"Agda.Builtin.Unit.⊤"},[]],"tag":"App"}]],"tag":"App"}],"tag":"Pi"}],"tag":"Pi"}],"tag":"Pi"},"name":"_:=_∋_"},{"contents":[{"item":{"contents":[{"Left":"Agda.Builtin.Reflection.Term"},[]],"tag":"App"},"name":"_"},{"contents":[{"item":{"contents":[{"Left":"Agda.Builtin.Reflection.Term"},[]],"tag":"App"},"name":"_"},{"contents":[{"Left":"Prelude.Solvers.Any.ViewList"},[{"contents":[{"Right":1},[]],"tag":"App"},{"contents":[{"Right":0},[]],"tag":"App"}]],"tag":"App"}],"tag":"Pi"}],"tag":"Pi"}],"tag":"Pi"}],"tag":"Pi"},"reduced":{"contents":[{"item":{"contents":[{"item":{"contents":[{"Left":"Agda.Builtin.Reflection.Type"},[]],"tag":"App"},"name":"_"},{"contents":[{"Left":"Agda.Builtin.Reflection.TC"},[{"contents":"lzero","tag":"Level"},{"contents":[{"Left":"Prelude.Generics.Core.Hole"},[]],"tag":"App"}]],"tag":"App"}],"tag":"Pi"},"name":"newGoal"},{"contents":[{"item":{"contents":[{"item":{"contents":[{"Left":"Prelude.Generics.Core.THole"},[]],"tag":"App"},"name":"_"},{"contents":[{"item":{"contents":[{"Left":"Agda.Builtin.Reflection.Type"},[]],"tag":"App"},"name":"_"},{"contents":[{"item":{"contents":[{"Left":"Prelude.Solvers.Base.TermCtx"},[]],"tag":"App"},"name":"_"},{"contents":[{"Left":"Agda.Builtin.Reflection.TC"},[{"contents":"lzero","tag":"Level"},{"contents":[{"Left":"Agda.Builtin.Unit.⊤"},[]],"tag":"App"}]],"tag":"App"}],"tag":"Pi"}],"tag":"Pi"}],"tag":"Pi"},"name":"_:=_∋_"},{"contents":[{"item":{"contents":[{"Left":"Agda.Builtin.Reflection.Term"},[]],"tag":"App"},"name":"_"},{"contents":[{"item":{"contents":[{"Left":"Agda.Builtin.Reflection.Term"},[]],"tag":"App"},"name":"_"},{"contents":[{"Left":"Prelude.Solvers.Any.ViewList"},[{"contents":[{"Right":1},[]],"tag":"App"},{"contents":[{"Right":0},[]],"tag":"App"}]],"tag":"App"}],"tag":"Pi"}],"tag":"Pi"}],"tag":"Pi"}],"tag":"Pi"},"simplified":{"contents":[{"item":{"contents":[{"item":{"contents":[{"Left":"Agda.Builtin.Reflection.Type"},[]],"tag":"App"},"name":"_"},{"contents":[{"Left":"Agda.Builtin.Reflection.TC"},[{"contents":"lzero","tag":"Level"},{"contents":[{"Left":"Prelude.Generics.Core.Hole"},[]],"tag":"App"}]],"tag":"App"}],"tag":"Pi"},"name":"newGoal"},{"contents":[{"item":{"contents":[{"item":{"contents":[{"Left":"Prelude.Generics.Core.THole"},[]],"tag":"App"},"name":"_"},{"contents":[{"item":{"contents":[{"Left":"Agda.Builtin.Reflection.Type"},[]],"tag":"App"},"name":"_"},{"contents":[{"item":{"contents":[{"Left":"Prelude.Solvers.Base.TermCtx"},[]],"tag":"App"},"name":"_"},{"contents":[{"Left":"Agda.Builtin.Reflection.TC"},[{"contents":"lzero","tag":"Level"},{"contents":[{"Left":"Agda.Builtin.Unit.⊤"},[]],"tag":"App"}]],"tag":"App"}],"tag":"Pi"}],"tag":"Pi"}],"tag":"Pi"},"name":"_:=_∋_"},{"contents":[{"item":{"contents":[{"Left":"Agda.Builtin.Reflection.Term"},[]],"tag":"App"},"name":"_"},{"contents":[{"item":{"contents":[{"Left":"Agda.Builtin.Reflection.Term"},[]],"tag":"App"},"name":"_"},{"contents":[{"Left":"Prelude.Solvers.Any.ViewList"},[{"contents":[{"Right":1},[]],"tag":"App"},{"contents":[{"Right":0},[]],"tag":"App"}]],"tag":"App"}],"tag":"Pi"}],"tag":"Pi"}],"tag":"Pi"}],"tag":"Pi"}}},"name":"Prelude.Solvers.Any.ViewList.++⦅_,_⦆"},{"item":{"pretty":"(newGoal : Type → TC Hole)\n(_:=_∋_ : THole → Type → TermCtx → TC ⊤) →\nTerm → Maybe (ViewList newGoal _:=_∋_)","thing":{"normalised":{"contents":[{"item":{"contents":[{"item":{"contents":[{"Left":"Agda.Builtin.Reflection.Term"},[]],"tag":"App"},"name":"_"},{"contents":[{"Left":"Agda.Builtin.Reflection.TC"},[{"contents":"lzero","tag":"Level"},{"contents":[{"Left":"Agda.Builtin.Reflection.Term"},[]],"tag":"App"}]],"tag":"App"}],"tag":"Pi"},"name":"newGoal"},{"contents":[{"item":{"contents":[{"item":{"contents":[{"Left":"Agda.Builtin.Sigma.Σ"},[{"contents":"lzero","tag":"Level"},{"contents":"lzero","tag":"Level"},{"contents":[{"Left":"Agda.Builtin.Reflection.Term"},[]],"tag":"App"},{"contents":{"item":{"contents":[{"Left":"Agda.Builtin.Reflection.Term"},[]],"tag":"App"},"name":"x"},"tag":"Lam"}]],"tag":"App"},"name":"_"},{"contents":[{"item":{"contents":[{"Left":"Agda.Builtin.Reflection.Term"},[]],"tag":"App"},"name":"_"},{"contents":[{"item":{"contents":[{"item":{"contents":[{"Left":"Agda.Builtin.Reflection.Term"},[]],"tag":"App"},"name":"_"},{"contents":[{"Left":"Agda.Builtin.Reflection.Term"},[]],"tag":"App"}],"tag":"Pi"},"name":"_"},{"contents":[{"Left":"Agda.Builtin.Reflection.TC"},[{"contents":"lzero","tag":"Level"},{"contents":[{"Left":"Agda.Builtin.Unit.⊤"},[]],"tag":"App"}]],"tag":"App"}],"tag":"Pi"}],"tag":"Pi"}],"tag":"Pi"},"name":"_:=_∋_"},{"contents":[{"item":{"contents":[{"Left":"Agda.Builtin.Reflection.Term"},[]],"tag":"App"},"name":"_"},{"contents":[{"Left":"Agda.Builtin.Maybe.Maybe"},[{"contents":"lzero","tag":"Level"},{"contents":[{"Left":"Prelude.Solvers.Any.ViewList"},[{"contents":[{"Right":1},[]],"tag":"App"},{"contents":[{"Right":0},[]],"tag":"App"}]],"tag":"App"}]],"tag":"App"}],"tag":"Pi"}],"tag":"Pi"}],"tag":"Pi"},"original":{"contents":[{"item":{"contents":[{"item":{"contents":[{"Left":"Agda.Builtin.Reflection.Type"},[]],"tag":"App"},"name":"_"},{"contents":[{"Left":"Agda.Builtin.Reflection.TC"},[{"contents":"lzero","tag":"Level"},{"contents":[{"Left":"Prelude.Generics.Core.Hole"},[]],"tag":"App"}]],"tag":"App"}],"tag":"Pi"},"name":"newGoal"},{"contents":[{"item":{"contents":[{"item":{"contents":[{"Left":"Prelude.Generics.Core.THole"},[]],"tag":"App"},"name":"_"},{"contents":[{"item":{"contents":[{"Left":"Agda.Builtin.Reflection.Type"},[]],"tag":"App"},"name":"_"},{"contents":[{"item":{"contents":[{"Left":"Prelude.Solvers.Base.TermCtx"},[]],"tag":"App"},"name":"_"},{"contents":[{"Left":"Agda.Builtin.Reflection.TC"},[{"contents":"lzero","tag":"Level"},{"contents":[{"Left":"Agda.Builtin.Unit.⊤"},[]],"tag":"App"}]],"tag":"App"}],"tag":"Pi"}],"tag":"Pi"}],"tag":"Pi"},"name":"_:=_∋_"},{"contents":[{"item":{"contents":[{"Left":"Agda.Builtin.Reflection.Term"},[]],"tag":"App"},"name":"_"},{"contents":[{"Left":"Agda.Builtin.Maybe.Maybe"},[{"contents":"lzero","tag":"Level"},{"contents":[{"Left":"Prelude.Solvers.Any.ViewList"},[{"contents":[{"Right":1},[]],"tag":"App"},{"contents":[{"Right":0},[]],"tag":"App"}]],"tag":"App"}]],"tag":"App"}],"tag":"Pi"}],"tag":"Pi"}],"tag":"Pi"},"reduced":{"contents":[{"item":{"contents":[{"item":{"contents":[{"Left":"Agda.Builtin.Reflection.Type"},[]],"tag":"App"},"name":"_"},{"contents":[{"Left":"Agda.Builtin.Reflection.TC"},[{"contents":"lzero","tag":"Level"},{"contents":[{"Left":"Prelude.Generics.Core.Hole"},[]],"tag":"App"}]],"tag":"App"}],"tag":"Pi"},"name":"newGoal"},{"contents":[{"item":{"contents":[{"item":{"contents":[{"Left":"Prelude.Generics.Core.THole"},[]],"tag":"App"},"name":"_"},{"contents":[{"item":{"contents":[{"Left":"Agda.Builtin.Reflection.Type"},[]],"tag":"App"},"name":"_"},{"contents":[{"item":{"contents":[{"Left":"Prelude.Solvers.Base.TermCtx"},[]],"tag":"App"},"name":"_"},{"contents":[{"Left":"Agda.Builtin.Reflection.TC"},[{"contents":"lzero","tag":"Level"},{"contents":[{"Left":"Agda.Builtin.Unit.⊤"},[]],"tag":"App"}]],"tag":"App"}],"tag":"Pi"}],"tag":"Pi"}],"tag":"Pi"},"name":"_:=_∋_"},{"contents":[{"item":{"contents":[{"Left":"Agda.Builtin.Reflection.Term"},[]],"tag":"App"},"name":"_"},{"contents":[{"Left":"Agda.Builtin.Maybe.Maybe"},[{"contents":"lzero","tag":"Level"},{"contents":[{"Left":"Prelude.Solvers.Any.ViewList"},[{"contents":[{"Right":1},[]],"tag":"App"},{"contents":[{"Right":0},[]],"tag":"App"}]],"tag":"App"}]],"tag":"App"}],"tag":"Pi"}],"tag":"Pi"}],"tag":"Pi"},"simplified":{"contents":[{"item":{"contents":[{"item":{"contents":[{"Left":"Agda.Builtin.Reflection.Type"},[]],"tag":"App"},"name":"_"},{"contents":[{"Left":"Agda.Builtin.Reflection.TC"},[{"contents":"lzero","tag":"Level"},{"contents":[{"Left":"Prelude.Generics.Core.Hole"},[]],"tag":"App"}]],"tag":"App"}],"tag":"Pi"},"name":"newGoal"},{"contents":[{"item":{"contents":[{"item":{"contents":[{"Left":"Prelude.Generics.Core.THole"},[]],"tag":"App"},"name":"_"},{"contents":[{"item":{"contents":[{"Left":"Agda.Builtin.Reflection.Type"},[]],"tag":"App"},"name":"_"},{"contents":[{"item":{"contents":[{"Left":"Prelude.Solvers.Base.TermCtx"},[]],"tag":"App"},"name":"_"},{"contents":[{"Left":"Agda.Builtin.Reflection.TC"},[{"contents":"lzero","tag":"Level"},{"contents":[{"Left":"Agda.Builtin.Unit.⊤"},[]],"tag":"App"}]],"tag":"App"}],"tag":"Pi"}],"tag":"Pi"}],"tag":"Pi"},"name":"_:=_∋_"},{"contents":[{"item":{"contents":[{"Left":"Agda.Builtin.Reflection.Term"},[]],"tag":"App"},"name":"_"},{"contents":[{"Left":"Agda.Builtin.Maybe.Maybe"},[{"contents":"lzero","tag":"Level"},{"contents":[{"Left":"Prelude.Solvers.Any.ViewList"},[{"contents":[{"Right":1},[]],"tag":"App"},{"contents":[{"Right":0},[]],"tag":"App"}]],"tag":"App"}]],"tag":"App"}],"tag":"Pi"}],"tag":"Pi"}],"tag":"Pi"}}},"name":"Prelude.Solvers.Any.viewList"},{"item":{"pretty":"(newGoal : Type → TC Hole)\n(_:=_∋_ : THole → Type → TermCtx → TC ⊤) →\nTHole → ViewAny newGoal _:=_∋_ → TC ⊤","thing":{"normalised":{"contents":[{"item":{"contents":[{"item":{"contents":[{"Left":"Agda.Builtin.Reflection.Term"},[]],"tag":"App"},"name":"_"},{"contents":[{"Left":"Agda.Builtin.Reflection.TC"},[{"contents":"lzero","tag":"Level"},{"contents":[{"Left":"Agda.Builtin.Reflection.Term"},[]],"tag":"App"}]],"tag":"App"}],"tag":"Pi"},"name":"newGoal"},{"contents":[{"item":{"contents":[{"item":{"contents":[{"Left":"Agda.Builtin.Sigma.Σ"},[{"contents":"lzero","tag":"Level"},{"contents":"lzero","tag":"Level"},{"contents":[{"Left":"Agda.Builtin.Reflection.Term"},[]],"tag":"App"},{"contents":{"item":{"contents":[{"Left":"Agda.Builtin.Reflection.Term"},[]],"tag":"App"},"name":"x"},"tag":"Lam"}]],"tag":"App"},"name":"_"},{"contents":[{"item":{"contents":[{"Left":"Agda.Builtin.Reflection.Term"},[]],"tag":"App"},"name":"_"},{"contents":[{"item":{"contents":[{"item":{"contents":[{"Left":"Agda.Builtin.Reflection.Term"},[]],"tag":"App"},"name":"_"},{"contents":[{"Left":"Agda.Builtin.Reflection.Term"},[]],"tag":"App"}],"tag":"Pi"},"name":"_"},{"contents":[{"Left":"Agda.Builtin.Reflection.TC"},[{"contents":"lzero","tag":"Level"},{"contents":[{"Left":"Agda.Builtin.Unit.⊤"},[]],"tag":"App"}]],"tag":"App"}],"tag":"Pi"}],"tag":"Pi"}],"tag":"Pi"},"name":"_:=_∋_"},{"contents":[{"item":{"contents":[{"Left":"Agda.Builtin.Sigma.Σ"},[{"contents":"lzero","tag":"Level"},{"contents":"lzero","tag":"Level"},{"contents":[{"Left":"Agda.Builtin.Reflection.Term"},[]],"tag":"App"},{"contents":{"item":{"contents":[{"Left":"Agda.Builtin.Reflection.Term"},[]],"tag":"App"},"name":"x"},"tag":"Lam"}]],"tag":"App"},"name":"_"},{"contents":[{"item":{"contents":[{"Left":"Prelude.Solvers.Any.ViewAny"},[{"contents":[{"Right":1},[]],"tag":"App"},{"contents":[{"Right":0},[]],"tag":"App"}]],"tag":"App"},"name":"_"},{"contents":[{"Left":"Agda.Builtin.Reflection.TC"},[{"contents":"lzero","tag":"Level"},{"contents":[{"Left":"Agda.Builtin.Unit.⊤"},[]],"tag":"App"}]],"tag":"App"}],"tag":"Pi"}],"tag":"Pi"}],"tag":"Pi"}],"tag":"Pi"},"original":{"contents":[{"item":{"contents":[{"item":{"contents":[{"Left":"Agda.Builtin.Reflection.Type"},[]],"tag":"App"},"name":"_"},{"contents":[{"Left":"Agda.Builtin.Reflection.TC"},[{"contents":"lzero","tag":"Level"},{"contents":[{"Left":"Prelude.Generics.Core.Hole"},[]],"tag":"App"}]],"tag":"App"}],"tag":"Pi"},"name":"newGoal"},{"contents":[{"item":{"contents":[{"item":{"contents":[{"Left":"Prelude.Generics.Core.THole"},[]],"tag":"App"},"name":"_"},{"contents":[{"item":{"contents":[{"Left":"Agda.Builtin.Reflection.Type"},[]],"tag":"App"},"name":"_"},{"contents":[{"item":{"contents":[{"Left":"Prelude.Solvers.Base.TermCtx"},[]],"tag":"App"},"name":"_"},{"contents":[{"Left":"Agda.Builtin.Reflection.TC"},[{"contents":"lzero","tag":"Level"},{"contents":[{"Left":"Agda.Builtin.Unit.⊤"},[]],"tag":"App"}]],"tag":"App"}],"tag":"Pi"}],"tag":"Pi"}],"tag":"Pi"},"name":"_:=_∋_"},{"contents":[{"item":{"contents":[{"Left":"Prelude.Generics.Core.THole"},[]],"tag":"App"},"name":"_"},{"contents":[{"item":{"contents":[{"Left":"Prelude.Solvers.Any.ViewAny"},[{"contents":[{"Right":1},[]],"tag":"App"},{"contents":[{"Right":0},[]],"tag":"App"}]],"tag":"App"},"name":"_"},{"contents":[{"Left":"Agda.Builtin.Reflection.TC"},[{"contents":"lzero","tag":"Level"},{"contents":[{"Left":"Agda.Builtin.Unit.⊤"},[]],"tag":"App"}]],"tag":"App"}],"tag":"Pi"}],"tag":"Pi"}],"tag":"Pi"}],"tag":"Pi"},"reduced":{"contents":[{"item":{"contents":[{"item":{"contents":[{"Left":"Agda.Builtin.Reflection.Type"},[]],"tag":"App"},"name":"_"},{"contents":[{"Left":"Agda.Builtin.Reflection.TC"},[{"contents":"lzero","tag":"Level"},{"contents":[{"Left":"Prelude.Generics.Core.Hole"},[]],"tag":"App"}]],"tag":"App"}],"tag":"Pi"},"name":"newGoal"},{"contents":[{"item":{"contents":[{"item":{"contents":[{"Left":"Prelude.Generics.Core.THole"},[]],"tag":"App"},"name":"_"},{"contents":[{"item":{"contents":[{"Left":"Agda.Builtin.Reflection.Type"},[]],"tag":"App"},"name":"_"},{"contents":[{"item":{"contents":[{"Left":"Prelude.Solvers.Base.TermCtx"},[]],"tag":"App"},"name":"_"},{"contents":[{"Left":"Agda.Builtin.Reflection.TC"},[{"contents":"lzero","tag":"Level"},{"contents":[{"Left":"Agda.Builtin.Unit.⊤"},[]],"tag":"App"}]],"tag":"App"}],"tag":"Pi"}],"tag":"Pi"}],"tag":"Pi"},"name":"_:=_∋_"},{"contents":[{"item":{"contents":[{"Left":"Prelude.Generics.Core.THole"},[]],"tag":"App"},"name":"_"},{"contents":[{"item":{"contents":[{"Left":"Prelude.Solvers.Any.ViewAny"},[{"contents":[{"Right":1},[]],"tag":"App"},{"contents":[{"Right":0},[]],"tag":"App"}]],"tag":"App"},"name":"_"},{"contents":[{"Left":"Agda.Builtin.Reflection.TC"},[{"contents":"lzero","tag":"Level"},{"contents":[{"Left":"Agda.Builtin.Unit.⊤"},[]],"tag":"App"}]],"tag":"App"}],"tag":"Pi"}],"tag":"Pi"}],"tag":"Pi"}],"tag":"Pi"},"simplified":{"contents":[{"item":{"contents":[{"item":{"contents":[{"Left":"Agda.Builtin.Reflection.Type"},[]],"tag":"App"},"name":"_"},{"contents":[{"Left":"Agda.Builtin.Reflection.TC"},[{"contents":"lzero","tag":"Level"},{"contents":[{"Left":"Prelude.Generics.Core.Hole"},[]],"tag":"App"}]],"tag":"App"}],"tag":"Pi"},"name":"newGoal"},{"contents":[{"item":{"contents":[{"item":{"contents":[{"Left":"Prelude.Generics.Core.THole"},[]],"tag":"App"},"name":"_"},{"contents":[{"item":{"contents":[{"Left":"Agda.Builtin.Reflection.Type"},[]],"tag":"App"},"name":"_"},{"contents":[{"item":{"contents":[{"Left":"Prelude.Solvers.Base.TermCtx"},[]],"tag":"App"},"name":"_"},{"contents":[{"Left":"Agda.Builtin.Reflection.TC"},[{"contents":"lzero","tag":"Level"},{"contents":[{"Left":"Agda.Builtin.Unit.⊤"},[]],"tag":"App"}]],"tag":"App"}],"tag":"Pi"}],"tag":"Pi"}],"tag":"Pi"},"name":"_:=_∋_"},{"contents":[{"item":{"contents":[{"Left":"Prelude.Generics.Core.THole"},[]],"tag":"App"},"name":"_"},{"contents":[{"item":{"contents":[{"Left":"Prelude.Solvers.Any.ViewAny"},[{"contents":[{"Right":1},[]],"tag":"App"},{"contents":[{"Right":0},[]],"tag":"App"}]],"tag":"App"},"name":"_"},{"contents":[{"Left":"Agda.Builtin.Reflection.TC"},[{"contents":"lzero","tag":"Level"},{"contents":[{"Left":"Agda.Builtin.Unit.⊤"},[]],"tag":"App"}]],"tag":"App"}],"tag":"Pi"}],"tag":"Pi"}],"tag":"Pi"}],"tag":"Pi"}}},"name":"Prelude.Solvers.Any.solveAny"},{"item":{"pretty":"(newGoal : Type → TC Hole)\n(_:=_∋_ : THole → Type → TermCtx → TC ⊤) →\nSolver","thing":{"normalised":{"contents":[{"item":{"contents":[{"item":{"contents":[{"Left":"Agda.Builtin.Reflection.Term"},[]],"tag":"App"},"name":"_"},{"contents":[{"Left":"Agda.Builtin.Reflection.TC"},[{"contents":"lzero","tag":"Level"},{"contents":[{"Left":"Agda.Builtin.Reflection.Term"},[]],"tag":"App"}]],"tag":"App"}],"tag":"Pi"},"name":"newGoal"},{"contents":[{"item":{"contents":[{"item":{"contents":[{"Left":"Agda.Builtin.Sigma.Σ"},[{"contents":"lzero","tag":"Level"},{"contents":"lzero","tag":"Level"},{"contents":[{"Left":"Agda.Builtin.Reflection.Term"},[]],"tag":"App"},{"contents":{"item":{"contents":[{"Left":"Agda.Builtin.Reflection.Term"},[]],"tag":"App"},"name":"x"},"tag":"Lam"}]],"tag":"App"},"name":"_"},{"contents":[{"item":{"contents":[{"Left":"Agda.Builtin.Reflection.Term"},[]],"tag":"App"},"name":"_"},{"contents":[{"item":{"contents":[{"item":{"contents":[{"Left":"Agda.Builtin.Reflection.Term"},[]],"tag":"App"},"name":"_"},{"contents":[{"Left":"Agda.Builtin.Reflection.Term"},[]],"tag":"App"}],"tag":"Pi"},"name":"_"},{"contents":[{"Left":"Agda.Builtin.Reflection.TC"},[{"contents":"lzero","tag":"Level"},{"contents":[{"Left":"Agda.Builtin.Unit.⊤"},[]],"tag":"App"}]],"tag":"App"}],"tag":"Pi"}],"tag":"Pi"}],"tag":"Pi"},"name":"_:=_∋_"},{"contents":[{"Left":"Prelude.Solvers.Base.Solver"},[]],"tag":"App"}],"tag":"Pi"}],"tag":"Pi"},"original":{"contents":[{"item":{"contents":[{"item":{"contents":[{"Left":"Agda.Builtin.Reflection.Type"},[]],"tag":"App"},"name":"_"},{"contents":[{"Left":"Agda.Builtin.Reflection.TC"},[{"contents":"lzero","tag":"Level"},{"contents":[{"Left":"Prelude.Generics.Core.Hole"},[]],"tag":"App"}]],"tag":"App"}],"tag":"Pi"},"name":"newGoal"},{"contents":[{"item":{"contents":[{"item":{"contents":[{"Left":"Prelude.Generics.Core.THole"},[]],"tag":"App"},"name":"_"},{"contents":[{"item":{"contents":[{"Left":"Agda.Builtin.Reflection.Type"},[]],"tag":"App"},"name":"_"},{"contents":[{"item":{"contents":[{"Left":"Prelude.Solvers.Base.TermCtx"},[]],"tag":"App"},"name":"_"},{"contents":[{"Left":"Agda.Builtin.Reflection.TC"},[{"contents":"lzero","tag":"Level"},{"contents":[{"Left":"Agda.Builtin.Unit.⊤"},[]],"tag":"App"}]],"tag":"App"}],"tag":"Pi"}],"tag":"Pi"}],"tag":"Pi"},"name":"_:=_∋_"},{"contents":[{"Left":"Prelude.Solvers.Base.Solver"},[]],"tag":"App"}],"tag":"Pi"}],"tag":"Pi"},"reduced":{"contents":[{"item":{"contents":[{"item":{"contents":[{"Left":"Agda.Builtin.Reflection.Type"},[]],"tag":"App"},"name":"_"},{"contents":[{"Left":"Agda.Builtin.Reflection.TC"},[{"contents":"lzero","tag":"Level"},{"contents":[{"Left":"Prelude.Generics.Core.Hole"},[]],"tag":"App"}]],"tag":"App"}],"tag":"Pi"},"name":"newGoal"},{"contents":[{"item":{"contents":[{"item":{"contents":[{"Left":"Prelude.Generics.Core.THole"},[]],"tag":"App"},"name":"_"},{"contents":[{"item":{"contents":[{"Left":"Agda.Builtin.Reflection.Type"},[]],"tag":"App"},"name":"_"},{"contents":[{"item":{"contents":[{"Left":"Prelude.Solvers.Base.TermCtx"},[]],"tag":"App"},"name":"_"},{"contents":[{"Left":"Agda.Builtin.Reflection.TC"},[{"contents":"lzero","tag":"Level"},{"contents":[{"Left":"Agda.Builtin.Unit.⊤"},[]],"tag":"App"}]],"tag":"App"}],"tag":"Pi"}],"tag":"Pi"}],"tag":"Pi"},"name":"_:=_∋_"},{"contents":[{"Left":"Prelude.Solvers.Base.Solver"},[]],"tag":"App"}],"tag":"Pi"}],"tag":"Pi"},"simplified":{"contents":[{"item":{"contents":[{"item":{"contents":[{"Left":"Agda.Builtin.Reflection.Type"},[]],"tag":"App"},"name":"_"},{"contents":[{"Left":"Agda.Builtin.Reflection.TC"},[{"contents":"lzero","tag":"Level"},{"contents":[{"Left":"Prelude.Generics.Core.Hole"},[]],"tag":"App"}]],"tag":"App"}],"tag":"Pi"},"name":"newGoal"},{"contents":[{"item":{"contents":[{"item":{"contents":[{"Left":"Prelude.Generics.Core.THole"},[]],"tag":"App"},"name":"_"},{"contents":[{"item":{"contents":[{"Left":"Agda.Builtin.Reflection.Type"},[]],"tag":"App"},"name":"_"},{"contents":[{"item":{"contents":[{"Left":"Prelude.Solvers.Base.TermCtx"},[]],"tag":"App"},"name":"_"},{"contents":[{"Left":"Agda.Builtin.Reflection.TC"},[{"contents":"lzero","tag":"Level"},{"contents":[{"Left":"Agda.Builtin.Unit.⊤"},[]],"tag":"App"}]],"tag":"App"}],"tag":"Pi"}],"tag":"Pi"}],"tag":"Pi"},"name":"_:=_∋_"},{"contents":[{"Left":"Prelude.Solvers.Base.Solver"},[]],"tag":"App"}],"tag":"Pi"}],"tag":"Pi"}}},"name":"Prelude.Solvers.Any.Solver-Any"}],"name":"Prelude.Solvers.Any"},"samples":[{"ctx":{"pretty":"(newGoal : Type → TC Hole) (_:=_∋_ : THole → Type → TermCtx → TC ⊤)\n(args₁ : List (Arg Term)) (x : Term) (xs : Term)","thing":[{"item":{"contents":[{"item":{"contents":[{"Left":"Agda.Builtin.Reflection.Type"},[]],"tag":"App"},"name":"_"},{"contents":[{"Left":"Agda.Builtin.Reflection.TC"},[{"contents":"lzero","tag":"Level"},{"contents":[{"Left":"Prelude.Generics.Core.Hole"},[]],"tag":"App"}]],"tag":"App"}],"tag":"Pi"},"name":"newGoal"},{"item":{"contents":[{"item":{"contents":[{"Left":"Prelude.Generics.Core.THole"},[]],"tag":"App"},"name":"_"},{"contents":[{"item":{"contents":[{"Left":"Agda.Builtin.Reflection.Type"},[]],"tag":"App"},"name":"_"},{"contents":[{"item":{"contents":[{"Left":"Prelude.Solvers.Base.TermCtx"},[]],"tag":"App"},"name":"_"},{"contents":[{"Left":"Agda.Builtin.Reflection.TC"},[{"contents":"lzero","tag":"Level"},{"contents":[{"Left":"Agda.Builtin.Unit.⊤"},[]],"tag":"App"}]],"tag":"App"}],"tag":"Pi"}],"tag":"Pi"}],"tag":"Pi"},"name":"_:=_∋_"},{"item":{"contents":[{"Left":"Agda.Builtin.List.List"},[{"contents":"lzero","tag":"Level"},{"contents":[{"Left":"Agda.Builtin.Reflection.Arg"},[{"contents":"lzero","tag":"Level"},{"contents":[{"Left":"Agda.Builtin.Reflection.Term"},[]],"tag":"App"}]],"tag":"App"}]],"tag":"App"},"name":"args"},{"item":{"contents":[{"Left":"Agda.Builtin.Reflection.Term"},[]],"tag":"App"},"name":"x"},{"item":{"contents":[{"Left":"Agda.Builtin.Reflection.Term"},[]],"tag":"App"},"name":"xs"}]},"goal":{"pretty":"ViewList newGoal _:=_∋_","thing":{"normalised":{"contents":[{"Left":"Prelude.Solvers.Any.ViewList"},[{"contents":[{"Right":4},[]],"tag":"App"},{"contents":[{"Right":3},[]],"tag":"App"}]],"tag":"App"},"original":{"contents":[{"Left":"Prelude.Solvers.Any.ViewList"},[{"contents":[{"Right":4},[]],"tag":"App"},{"contents":[{"Right":3},[]],"tag":"App"}]],"tag":"App"},"reduced":{"contents":[{"Left":"Prelude.Solvers.Any.ViewList"},[{"contents":[{"Right":4},[]],"tag":"App"},{"contents":[{"Right":3},[]],"tag":"App"}]],"tag":"App"},"simplified":{"contents":[{"Left":"Prelude.Solvers.Any.ViewList"},[{"contents":[{"Right":4},[]],"tag":"App"},{"contents":[{"Right":3},[]],"tag":"App"}]],"tag":"App"}}},"term":{"pretty":"∷⦅ x , xs ⦆","thing":{"normalised":{"contents":[{"Left":"Prelude.Solvers.Any.ViewList.∷⦅_,_⦆"},[{"contents":[{"Right":1},[]],"tag":"App"},{"contents":[{"Right":0},[]],"tag":"App"}]],"tag":"App"},"original":{"contents":[{"Left":"Prelude.Solvers.Any.ViewList.∷⦅_,_⦆"},[{"contents":[{"Right":1},[]],"tag":"App"},{"contents":[{"Right":0},[]],"tag":"App"}]],"tag":"App"},"reduced":{"contents":[{"Left":"Prelude.Solvers.Any.ViewList.∷⦅_,_⦆"},[{"contents":[{"Right":1},[]],"tag":"App"},{"contents":[{"Right":0},[]],"tag":"App"}]],"tag":"App"},"simplified":{"contents":[{"Left":"Prelude.Solvers.Any.ViewList.∷⦅_,_⦆"},[{"contents":[{"Right":1},[]],"tag":"App"},{"contents":[{"Right":0},[]],"tag":"App"}]],"tag":"App"}}},"namesUsed":["Prelude.Solvers.Any.ViewList.∷⦅_,_⦆"]},{"ctx":{"pretty":"(newGoal : Type → TC Hole) (_:=_∋_ : THole → Type → TermCtx → TC ⊤)\n(args₁ : List (Arg Term)) (xs : Term) (ys : Term)","thing":[{"item":{"contents":[{"item":{"contents":[{"Left":"Agda.Builtin.Reflection.Type"},[]],"tag":"App"},"name":"_"},{"contents":[{"Left":"Agda.Builtin.Reflection.TC"},[{"contents":"lzero","tag":"Level"},{"contents":[{"Left":"Prelude.Generics.Core.Hole"},[]],"tag":"App"}]],"tag":"App"}],"tag":"Pi"},"name":"newGoal"},{"item":{"contents":[{"item":{"contents":[{"Left":"Prelude.Generics.Core.THole"},[]],"tag":"App"},"name":"_"},{"contents":[{"item":{"contents":[{"Left":"Agda.Builtin.Reflection.Type"},[]],"tag":"App"},"name":"_"},{"contents":[{"item":{"contents":[{"Left":"Prelude.Solvers.Base.TermCtx"},[]],"tag":"App"},"name":"_"},{"contents":[{"Left":"Agda.Builtin.Reflection.TC"},[{"contents":"lzero","tag":"Level"},{"contents":[{"Left":"Agda.Builtin.Unit.⊤"},[]],"tag":"App"}]],"tag":"App"}],"tag":"Pi"}],"tag":"Pi"}],"tag":"Pi"},"name":"_:=_∋_"},{"item":{"contents":[{"Left":"Agda.Builtin.List.List"},[{"contents":"lzero","tag":"Level"},{"contents":[{"Left":"Agda.Builtin.Reflection.Arg"},[{"contents":"lzero","tag":"Level"},{"contents":[{"Left":"Agda.Builtin.Reflection.Term"},[]],"tag":"App"}]],"tag":"App"}]],"tag":"App"},"name":"args"},{"item":{"contents":[{"Left":"Agda.Builtin.Reflection.Term"},[]],"tag":"App"},"name":"xs"},{"item":{"contents":[{"Left":"Agda.Builtin.Reflection.Term"},[]],"tag":"App"},"name":"ys"}]},"goal":{"pretty":"ViewList newGoal _:=_∋_","thing":{"normalised":{"contents":[{"Left":"Prelude.Solvers.Any.ViewList"},[{"contents":[{"Right":4},[]],"tag":"App"},{"contents":[{"Right":3},[]],"tag":"App"}]],"tag":"App"},"original":{"contents":[{"Left":"Prelude.Solvers.Any.ViewList"},[{"contents":[{"Right":4},[]],"tag":"App"},{"contents":[{"Right":3},[]],"tag":"App"}]],"tag":"App"},"reduced":{"contents":[{"Left":"Prelude.Solvers.Any.ViewList"},[{"contents":[{"Right":4},[]],"tag":"App"},{"contents":[{"Right":3},[]],"tag":"App"}]],"tag":"App"},"simplified":{"contents":[{"Left":"Prelude.Solvers.Any.ViewList"},[{"contents":[{"Right":4},[]],"tag":"App"},{"contents":[{"Right":3},[]],"tag":"App"}]],"tag":"App"}}},"term":{"pretty":"++⦅ xs , ys ⦆","thing":{"normalised":{"contents":[{"Left":"Prelude.Solvers.Any.ViewList.++⦅_,_⦆"},[{"contents":[{"Right":1},[]],"tag":"App"},{"contents":[{"Right":0},[]],"tag":"App"}]],"tag":"App"},"original":{"contents":[{"Left":"Prelude.Solvers.Any.ViewList.++⦅_,_⦆"},[{"contents":[{"Right":1},[]],"tag":"App"},{"contents":[{"Right":0},[]],"tag":"App"}]],"tag":"App"},"reduced":{"contents":[{"Left":"Prelude.Solvers.Any.ViewList.++⦅_,_⦆"},[{"contents":[{"Right":1},[]],"tag":"App"},{"contents":[{"Right":0},[]],"tag":"App"}]],"tag":"App"},"simplified":{"contents":[{"Left":"Prelude.Solvers.Any.ViewList.++⦅_,_⦆"},[{"contents":[{"Right":1},[]],"tag":"App"},{"contents":[{"Right":0},[]],"tag":"App"}]],"tag":"App"}}},"namesUsed":["Prelude.Solvers.Any.ViewList.++⦅_,_⦆"]},{"ctx":{"pretty":"(newGoal : Type → TC Hole) (_:=_∋_ : THole → Type → TermCtx → TC ⊤)\n(hole : Hole) (ty : Type) (P : Term) (xs : Term) (xs₁ : Term)","thing":[{"item":{"contents":[{"item":{"contents":[{"Left":"Agda.Builtin.Reflection.Type"},[]],"tag":"App"},"name":"_"},{"contents":[{"Left":"Agda.Builtin.Reflection.TC"},[{"contents":"lzero","tag":"Level"},{"contents":[{"Left":"Prelude.Generics.Core.Hole"},[]],"tag":"App"}]],"tag":"App"}],"tag":"Pi"},"name":"newGoal"},{"item":{"contents":[{"item":{"contents":[{"Left":"Prelude.Generics.Core.THole"},[]],"tag":"App"},"name":"_"},{"contents":[{"item":{"contents":[{"Left":"Agda.Builtin.Reflection.Type"},[]],"tag":"App"},"name":"_"},{"contents":[{"item":{"contents":[{"Left":"Prelude.Solvers.Base.TermCtx"},[]],"tag":"App"},"name":"_"},{"contents":[{"Left":"Agda.Builtin.Reflection.TC"},[{"contents":"lzero","tag":"Level"},{"contents":[{"Left":"Agda.Builtin.Unit.⊤"},[]],"tag":"App"}]],"tag":"App"}],"tag":"Pi"}],"tag":"Pi"}],"tag":"Pi"},"name":"_:=_∋_"},{"item":{"contents":[{"Left":"Prelude.Generics.Core.Hole"},[]],"tag":"App"},"name":"hole"},{"item":{"contents":[{"Left":"Agda.Builtin.Reflection.Type"},[]],"tag":"App"},"name":"ty"},{"item":{"contents":[{"Left":"Agda.Builtin.Reflection.Term"},[]],"tag":"App"},"name":"P"},{"item":{"contents":[{"Left":"Agda.Builtin.Reflection.Term"},[]],"tag":"App"},"name":"xs"},{"item":{"contents":[{"Left":"Agda.Builtin.Reflection.Term"},[]],"tag":"App"},"name":"xs"}]},"goal":{"pretty":"Maybe (ViewList newGoal _:=_∋_)","thing":{"normalised":{"contents":[{"Left":"Agda.Builtin.Maybe.Maybe"},[{"contents":"lzero","tag":"Level"},{"contents":[{"Left":"Prelude.Solvers.Any.ViewList"},[{"contents":[{"Right":6},[]],"tag":"App"},{"contents":[{"Right":5},[]],"tag":"App"}]],"tag":"App"}]],"tag":"App"},"original":{"contents":[{"Left":"Agda.Builtin.Maybe.Maybe"},[{"contents":"lzero","tag":"Level"},{"contents":[{"Left":"Prelude.Solvers.Any.ViewList"},[{"contents":[{"Right":6},[]],"tag":"App"},{"contents":[{"Right":5},[]],"tag":"App"}]],"tag":"App"}]],"tag":"App"},"reduced":{"contents":[{"Left":"Agda.Builtin.Maybe.Maybe"},[{"contents":"lzero","tag":"Level"},{"contents":[{"Left":"Prelude.Solvers.Any.ViewList"},[{"contents":[{"Right":6},[]],"tag":"App"},{"contents":[{"Right":5},[]],"tag":"App"}]],"tag":"App"}]],"tag":"App"},"simplified":{"contents":[{"Left":"Agda.Builtin.Maybe.Maybe"},[{"contents":"lzero","tag":"Level"},{"contents":[{"Left":"Prelude.Solvers.Any.ViewList"},[{"contents":[{"Right":6},[]],"tag":"App"},{"contents":[{"Right":5},[]],"tag":"App"}]],"tag":"App"}]],"tag":"App"}}},"term":{"pretty":"viewList newGoal _:=_∋_ xs","thing":{"normalised":{"contents":[{"Left":"Prelude.Solvers.Any..extendedlambda2"},[{"contents":[{"Right":6},[]],"tag":"App"},{"contents":[{"Right":5},[]],"tag":"App"},{"contents":[{"Right":0},[]],"tag":"App"}]],"tag":"App"},"original":{"contents":[{"Left":"Prelude.Solvers.Any.viewList"},[{"contents":[{"Right":6},[]],"tag":"App"},{"contents":[{"Right":5},[]],"tag":"App"},{"contents":[{"Right":0},[]],"tag":"App"}]],"tag":"App"},"reduced":{"contents":[{"Left":"Prelude.Solvers.Any..extendedlambda2"},[{"contents":[{"Right":6},[]],"tag":"App"},{"contents":[{"Right":5},[]],"tag":"App"},{"contents":[{"Right":0},[]],"tag":"App"}]],"tag":"App"},"simplified":{"contents":[{"Left":"Prelude.Solvers.Any.viewList"},[{"contents":[{"Right":6},[]],"tag":"App"},{"contents":[{"Right":5},[]],"tag":"App"},{"contents":[{"Right":0},[]],"tag":"App"}]],"tag":"App"}}},"namesUsed":["Prelude.Solvers.Any.viewList"]},{"ctx":{"pretty":"(newGoal : Type → TC Hole) (_:=_∋_ : THole → Type → TermCtx → TC ⊤)","thing":[{"item":{"contents":[{"item":{"contents":[{"Left":"Agda.Builtin.Reflection.Type"},[]],"tag":"App"},"name":"_"},{"contents":[{"Left":"Agda.Builtin.Reflection.TC"},[{"contents":"lzero","tag":"Level"},{"contents":[{"Left":"Prelude.Generics.Core.Hole"},[]],"tag":"App"}]],"tag":"App"}],"tag":"Pi"},"name":"newGoal"},{"item":{"contents":[{"item":{"contents":[{"Left":"Prelude.Generics.Core.THole"},[]],"tag":"App"},"name":"_"},{"contents":[{"item":{"contents":[{"Left":"Agda.Builtin.Reflection.Type"},[]],"tag":"App"},"name":"_"},{"contents":[{"item":{"contents":[{"Left":"Prelude.Solvers.Base.TermCtx"},[]],"tag":"App"},"name":"_"},{"contents":[{"Left":"Agda.Builtin.Reflection.TC"},[{"contents":"lzero","tag":"Level"},{"contents":[{"Left":"Agda.Builtin.Unit.⊤"},[]],"tag":"App"}]],"tag":"App"}],"tag":"Pi"}],"tag":"Pi"}],"tag":"Pi"},"name":"_:=_∋_"}]},"goal":{"pretty":"Set","thing":{"normalised":{"contents":"Set","tag":"Sort"},"original":{"contents":"Set","tag":"Sort"},"reduced":{"contents":"Set","tag":"Sort"},"simplified":{"contents":"Set","tag":"Sort"}}},"term":{"pretty":"ViewAny newGoal _:=_∋_","thing":{"normalised":{"contents":[{"Left":"Prelude.Solvers.Any.ViewAny"},[{"contents":[{"Right":1},[]],"tag":"App"},{"contents":[{"Right":0},[]],"tag":"App"}]],"tag":"App"},"original":{"contents":[{"Left":"Prelude.Solvers.Any.ViewAny"},[{"contents":[{"Right":1},[]],"tag":"App"},{"contents":[{"Right":0},[]],"tag":"App"}]],"tag":"App"},"reduced":{"contents":[{"Left":"Prelude.Solvers.Any.ViewAny"},[{"contents":[{"Right":1},[]],"tag":"App"},{"contents":[{"Right":0},[]],"tag":"App"}]],"tag":"App"},"simplified":{"contents":[{"Left":"Prelude.Solvers.Any.ViewAny"},[{"contents":[{"Right":1},[]],"tag":"App"},{"contents":[{"Right":0},[]],"tag":"App"}]],"tag":"App"}}},"namesUsed":["Prelude.Solvers.Any.ViewAny"]},{"ctx":{"pretty":"(newGoal : Type → TC Hole) (_:=_∋_ : THole → Type → TermCtx → TC ⊤)","thing":[{"item":{"contents":[{"item":{"contents":[{"Left":"Agda.Builtin.Reflection.Type"},[]],"tag":"App"},"name":"_"},{"contents":[{"Left":"Agda.Builtin.Reflection.TC"},[{"contents":"lzero","tag":"Level"},{"contents":[{"Left":"Prelude.Generics.Core.Hole"},[]],"tag":"App"}]],"tag":"App"}],"tag":"Pi"},"name":"newGoal"},{"item":{"contents":[{"item":{"contents":[{"Left":"Prelude.Generics.Core.THole"},[]],"tag":"App"},"name":"_"},{"contents":[{"item":{"contents":[{"Left":"Agda.Builtin.Reflection.Type"},[]],"tag":"App"},"name":"_"},{"contents":[{"item":{"contents":[{"Left":"Prelude.Solvers.Base.TermCtx"},[]],"tag":"App"},"name":"_"},{"contents":[{"Left":"Agda.Builtin.Reflection.TC"},[{"contents":"lzero","tag":"Level"},{"contents":[{"Left":"Agda.Builtin.Unit.⊤"},[]],"tag":"App"}]],"tag":"App"}],"tag":"Pi"}],"tag":"Pi"}],"tag":"Pi"},"name":"_:=_∋_"}]},"goal":{"pretty":"Term →\nMaybe\n(View\n (λ { .View → ViewAny newGoal _:=_∋_\n    ; .view → viewAny newGoal _:=_∋_\n    ; .solveView → solveAny newGoal _:=_∋_\n    }))","thing":{"normalised":{"contents":[{"item":{"contents":[{"Left":"Agda.Builtin.Reflection.Term"},[]],"tag":"App"},"name":"_"},{"contents":[{"Left":"Agda.Builtin.Maybe.Maybe"},[{"contents":"lzero","tag":"Level"},{"contents":[{"Left":"Prelude.Solvers.Any.ViewAny"},[{"contents":[{"Right":1},[]],"tag":"App"},{"contents":[{"Right":0},[]],"tag":"App"}]],"tag":"App"}]],"tag":"App"}],"tag":"Pi"},"original":{"contents":[{"item":{"contents":[{"Left":"Agda.Builtin.Reflection.Term"},[]],"tag":"App"},"name":"_"},{"contents":[{"Left":"Agda.Builtin.Maybe.Maybe"},[{"contents":"lzero","tag":"Level"},{"contents":[{"Left":"Prelude.Solvers.Any..extendedlambda5"},[{"contents":[{"Right":1},[]],"tag":"App"},{"contents":[{"Right":0},[]],"tag":"App"},{"contents":[{"Left":"Prelude.Solvers.Base.Solver.View"},[]],"tag":"App"}]],"tag":"App"}]],"tag":"App"}],"tag":"Pi"},"reduced":{"contents":[{"item":{"contents":[{"Left":"Agda.Builtin.Reflection.Term"},[]],"tag":"App"},"name":"_"},{"contents":[{"Left":"Agda.Builtin.Maybe.Maybe"},[{"contents":"lzero","tag":"Level"},{"contents":[{"Left":"Prelude.Solvers.Any..extendedlambda5"},[{"contents":[{"Right":1},[]],"tag":"App"},{"contents":[{"Right":0},[]],"tag":"App"},{"contents":[{"Left":"Prelude.Solvers.Base.Solver.View"},[]],"tag":"App"}]],"tag":"App"}]],"tag":"App"}],"tag":"Pi"},"simplified":{"contents":[{"item":{"contents":[{"Left":"Agda.Builtin.Reflection.Term"},[]],"tag":"App"},"name":"_"},{"contents":[{"Left":"Agda.Builtin.Maybe.Maybe"},[{"contents":"lzero","tag":"Level"},{"contents":[{"Left":"Prelude.Solvers.Any.ViewAny"},[{"contents":[{"Right":1},[]],"tag":"App"},{"contents":[{"Right":0},[]],"tag":"App"}]],"tag":"App"}]],"tag":"App"}],"tag":"Pi"}}},"term":{"pretty":"viewAny newGoal _:=_∋_","thing":{"normalised":{"contents":[{"Left":"Prelude.Solvers.Any..extendedlambda0"},[{"contents":[{"Right":1},[]],"tag":"App"},{"contents":[{"Right":0},[]],"tag":"App"}]],"tag":"App"},"original":{"contents":[{"Left":"Prelude.Solvers.Any.viewAny"},[{"contents":[{"Right":1},[]],"tag":"App"},{"contents":[{"Right":0},[]],"tag":"App"}]],"tag":"App"},"reduced":{"contents":[{"Left":"Prelude.Solvers.Any..extendedlambda0"},[{"contents":[{"Right":1},[]],"tag":"App"},{"contents":[{"Right":0},[]],"tag":"App"}]],"tag":"App"},"simplified":{"contents":[{"Left":"Prelude.Solvers.Any.viewAny"},[{"contents":[{"Right":1},[]],"tag":"App"},{"contents":[{"Right":0},[]],"tag":"App"}]],"tag":"App"}}},"namesUsed":["Prelude.Solvers.Any.viewAny"]},{"ctx":{"pretty":"(newGoal : Type → TC Hole) (_:=_∋_ : THole → Type → TermCtx → TC ⊤)","thing":[{"item":{"contents":[{"item":{"contents":[{"Left":"Agda.Builtin.Reflection.Type"},[]],"tag":"App"},"name":"_"},{"contents":[{"Left":"Agda.Builtin.Reflection.TC"},[{"contents":"lzero","tag":"Level"},{"contents":[{"Left":"Prelude.Generics.Core.Hole"},[]],"tag":"App"}]],"tag":"App"}],"tag":"Pi"},"name":"newGoal"},{"item":{"contents":[{"item":{"contents":[{"Left":"Prelude.Generics.Core.THole"},[]],"tag":"App"},"name":"_"},{"contents":[{"item":{"contents":[{"Left":"Agda.Builtin.Reflection.Type"},[]],"tag":"App"},"name":"_"},{"contents":[{"item":{"contents":[{"Left":"Prelude.Solvers.Base.TermCtx"},[]],"tag":"App"},"name":"_"},{"contents":[{"Left":"Agda.Builtin.Reflection.TC"},[{"contents":"lzero","tag":"Level"},{"contents":[{"Left":"Agda.Builtin.Unit.⊤"},[]],"tag":"App"}]],"tag":"App"}],"tag":"Pi"}],"tag":"Pi"}],"tag":"Pi"},"name":"_:=_∋_"}]},"goal":{"pretty":"THole →\nView\n(λ { .View → ViewAny newGoal _:=_∋_\n   ; .view → viewAny newGoal _:=_∋_\n   ; .solveView → solveAny newGoal _:=_∋_\n   }) →\nTC ⊤","thing":{"normalised":{"contents":[{"item":{"contents":[{"Left":"Agda.Builtin.Sigma.Σ"},[{"contents":"lzero","tag":"Level"},{"contents":"lzero","tag":"Level"},{"contents":[{"Left":"Agda.Builtin.Reflection.Term"},[]],"tag":"App"},{"contents":{"item":{"contents":[{"Left":"Agda.Builtin.Reflection.Term"},[]],"tag":"App"},"name":"x"},"tag":"Lam"}]],"tag":"App"},"name":"_"},{"contents":[{"item":{"contents":[{"Left":"Prelude.Solvers.Any.ViewAny"},[{"contents":[{"Right":1},[]],"tag":"App"},{"contents":[{"Right":0},[]],"tag":"App"}]],"tag":"App"},"name":"_"},{"contents":[{"Left":"Agda.Builtin.Reflection.TC"},[{"contents":"lzero","tag":"Level"},{"contents":[{"Left":"Agda.Builtin.Unit.⊤"},[]],"tag":"App"}]],"tag":"App"}],"tag":"Pi"}],"tag":"Pi"},"original":{"contents":[{"item":{"contents":[{"Left":"Prelude.Generics.Core.THole"},[]],"tag":"App"},"name":"_"},{"contents":[{"item":{"contents":[{"Left":"Prelude.Solvers.Any..extendedlambda5"},[{"contents":[{"Right":1},[]],"tag":"App"},{"contents":[{"Right":0},[]],"tag":"App"},{"contents":[{"Left":"Prelude.Solvers.Base.Solver.View"},[]],"tag":"App"}]],"tag":"App"},"name":"_"},{"contents":[{"Left":"Agda.Builtin.Reflection.TC"},[{"contents":"lzero","tag":"Level"},{"contents":[{"Left":"Agda.Builtin.Unit.⊤"},[]],"tag":"App"}]],"tag":"App"}],"tag":"Pi"}],"tag":"Pi"},"reduced":{"contents":[{"item":{"contents":[{"Left":"Prelude.Generics.Core.THole"},[]],"tag":"App"},"name":"_"},{"contents":[{"item":{"contents":[{"Left":"Prelude.Solvers.Any..extendedlambda5"},[{"contents":[{"Right":1},[]],"tag":"App"},{"contents":[{"Right":0},[]],"tag":"App"},{"contents":[{"Left":"Prelude.Solvers.Base.Solver.View"},[]],"tag":"App"}]],"tag":"App"},"name":"_"},{"contents":[{"Left":"Agda.Builtin.Reflection.TC"},[{"contents":"lzero","tag":"Level"},{"contents":[{"Left":"Agda.Builtin.Unit.⊤"},[]],"tag":"App"}]],"tag":"App"}],"tag":"Pi"}],"tag":"Pi"},"simplified":{"contents":[{"item":{"contents":[{"Left":"Prelude.Generics.Core.THole"},[]],"tag":"App"},"name":"_"},{"contents":[{"item":{"contents":[{"Left":"Prelude.Solvers.Any.ViewAny"},[{"contents":[{"Right":1},[]],"tag":"App"},{"contents":[{"Right":0},[]],"tag":"App"}]],"tag":"App"},"name":"_"},{"contents":[{"Left":"Agda.Builtin.Reflection.TC"},[{"contents":"lzero","tag":"Level"},{"contents":[{"Left":"Agda.Builtin.Unit.⊤"},[]],"tag":"App"}]],"tag":"App"}],"tag":"Pi"}],"tag":"Pi"}}},"term":{"pretty":"solveAny newGoal _:=_∋_","thing":{"normalised":{"contents":[{"Left":"Prelude.Solvers.Any.solveAny"},[{"contents":[{"Right":1},[]],"tag":"App"},{"contents":[{"Right":0},[]],"tag":"App"}]],"tag":"App"},"original":{"contents":[{"Left":"Prelude.Solvers.Any.solveAny"},[{"contents":[{"Right":1},[]],"tag":"App"},{"contents":[{"Right":0},[]],"tag":"App"}]],"tag":"App"},"reduced":{"contents":[{"Left":"Prelude.Solvers.Any.solveAny"},[{"contents":[{"Right":1},[]],"tag":"App"},{"contents":[{"Right":0},[]],"tag":"App"}]],"tag":"App"},"simplified":{"contents":[{"Left":"Prelude.Solvers.Any.solveAny"},[{"contents":[{"Right":1},[]],"tag":"App"},{"contents":[{"Right":0},[]],"tag":"App"}]],"tag":"App"}}},"namesUsed":["Prelude.Solvers.Any.solveAny"]}]}