{"scope":{"item":[{"item":{"pretty":"Set","thing":{"normalised":null,"original":{"contents":"Set","tag":"Sort"},"reduced":null,"simplified":null}},"name":"DecStrictPartialOrder.A"},{"item":{"pretty":"A","thing":{"normalised":null,"original":{"contents":[{"Left":"DecStrictPartialOrder.A"},[]],"tag":"App"},"reduced":null,"simplified":null}},"name":"DecStrictPartialOrder.a0"},{"item":{"pretty":"Set","thing":{"normalised":null,"original":{"contents":"Set","tag":"Sort"},"reduced":null,"simplified":null}},"name":"DecStrictPartialOrder.X"},{"item":{"pretty":"(a : A) → Set","thing":{"normalised":null,"original":{"contents":[{"item":{"contents":[{"Left":"DecStrictPartialOrder.A"},[]],"tag":"App"},"name":"a"},{"contents":"Set","tag":"Sort"}],"tag":"Pi"},"reduced":null,"simplified":null}},"name":"DecStrictPartialOrder.Y"},{"item":{"pretty":"Set","thing":{"normalised":null,"original":{"contents":"Set","tag":"Sort"},"reduced":null,"simplified":null}},"name":"DecStrictPartialOrder.Z"}],"name":"DecStrictPartialOrder"},"samples":[]}