{"scope":{"item":[{"item":{"pretty":"Set","thing":{"normalised":null,"original":{"contents":"Set","tag":"Sort"},"reduced":null,"simplified":null}},"name":"EqReasoning.B"},{"item":{"pretty":"B → Set","thing":{"normalised":null,"original":{"contents":[{"item":{"contents":[{"Left":"EqReasoning.B"},[]],"tag":"App"},"name":"_"},{"contents":"Set","tag":"Sort"}],"tag":"Pi"},"reduced":null,"simplified":null}},"name":"EqReasoning._.P"},{"item":{"pretty":"(x : B) → P x → P x","thing":{"normalised":null,"original":{"contents":[{"item":{"contents":[{"Left":"EqReasoning.B"},[]],"tag":"App"},"name":"x"},{"contents":[{"item":{"contents":[{"Left":"EqReasoning.EqReasoning0.P"},[{"contents":[{"Left":"EqReasoning.B"},[]],"tag":"App"},{"contents":[{"Right":0},[]],"tag":"App"}]],"tag":"App"},"name":"_"},{"contents":[{"Left":"EqReasoning.EqReasoning0.P"},[{"contents":[{"Left":"EqReasoning.B"},[]],"tag":"App"},{"contents":[{"Right":0},[]],"tag":"App"}]],"tag":"App"}],"tag":"Pi"}],"tag":"Pi"},"reduced":null,"simplified":null}},"name":"EqReasoning._.id"},{"item":{"pretty":"Set","thing":{"normalised":null,"original":{"contents":"Set","tag":"Sort"},"reduced":null,"simplified":null}},"name":"EqReasoning.C"},{"item":{"pretty":"C → Set","thing":{"normalised":null,"original":{"contents":[{"item":{"contents":[{"Left":"EqReasoning.C"},[]],"tag":"App"},"name":"_"},{"contents":"Set","tag":"Sort"}],"tag":"Pi"},"reduced":null,"simplified":null}},"name":"EqReasoning._.P"},{"item":{"pretty":"(x : C) → P′ x → P′ x","thing":{"normalised":null,"original":{"contents":[{"item":{"contents":[{"Left":"EqReasoning.C"},[]],"tag":"App"},"name":"x"},{"contents":[{"item":{"contents":[{"Left":"EqReasoning.EqReasoning0.P"},[{"contents":[{"Left":"EqReasoning.C"},[]],"tag":"App"},{"contents":[{"Right":0},[]],"tag":"App"}]],"tag":"App"},"name":"_"},{"contents":[{"Left":"EqReasoning.EqReasoning0.P"},[{"contents":[{"Left":"EqReasoning.C"},[]],"tag":"App"},{"contents":[{"Right":0},[]],"tag":"App"}]],"tag":"App"}],"tag":"Pi"}],"tag":"Pi"},"reduced":null,"simplified":null}},"name":"EqReasoning._.id"}],"name":"EqReasoning"},"samples":[{"ctx":{"pretty":"","thing":[]},"goal":{"pretty":"Set","thing":{"normalised":null,"original":{"contents":"Set","tag":"Sort"},"reduced":null,"simplified":null}},"term":{"pretty":"B","thing":{"normalised":null,"original":{"contents":[{"Left":"EqReasoning.B"},[]],"tag":"App"},"reduced":null,"simplified":null}},"namesUsed":["EqReasoning.B"]},{"ctx":{"pretty":"","thing":[]},"goal":{"pretty":"Set","thing":{"normalised":null,"original":{"contents":"Set","tag":"Sort"},"reduced":null,"simplified":null}},"term":{"pretty":"C","thing":{"normalised":null,"original":{"contents":[{"Left":"EqReasoning.C"},[]],"tag":"App"},"reduced":null,"simplified":null}},"namesUsed":["EqReasoning.C"]}]}