{"scope":{"item":[{"item":{"pretty":"(_∼_ : Set → Set → Set) → Set → Set → Set","thing":{"normalised":null,"original":{"contents":[{"item":{"contents":[{"item":{"contents":"Set","tag":"Sort"},"name":"_"},{"contents":[{"item":{"contents":"Set","tag":"Sort"},"name":"_"},{"contents":"Set","tag":"Sort"}],"tag":"Pi"}],"tag":"Pi"},"name":"_∼_"},{"contents":[{"item":{"contents":"Set","tag":"Sort"},"name":"x"},{"contents":[{"item":{"contents":"Set","tag":"Sort"},"name":"y"},{"contents":"Set","tag":"Sort"}],"tag":"Pi"}],"tag":"Pi"}],"tag":"Pi"},"reduced":null,"simplified":null}},"name":"EqReasoning0._IsRelatedTo_"},{"item":{"pretty":"{_∼_ : Set → Set → Set} {x y : Set} → x ∼ y → (_∼_ IsRelatedTo x) y","thing":{"normalised":null,"original":{"contents":[{"item":{"contents":[{"item":{"contents":"Set","tag":"Sort"},"name":"_"},{"contents":[{"item":{"contents":"Set","tag":"Sort"},"name":"_"},{"contents":"Set","tag":"Sort"}],"tag":"Pi"}],"tag":"Pi"},"name":"_∼_"},{"contents":[{"item":{"contents":"Set","tag":"Sort"},"name":"x"},{"contents":[{"item":{"contents":"Set","tag":"Sort"},"name":"y"},{"contents":[{"item":{"contents":[{"Right":2},[{"contents":[{"Right":1},[]],"tag":"App"},{"contents":[{"Right":0},[]],"tag":"App"}]],"tag":"App"},"name":"x∼y"},{"contents":[{"Left":"EqReasoning0._IsRelatedTo_"},[{"contents":[{"Right":2},[]],"tag":"App"},{"contents":[{"Right":1},[]],"tag":"App"},{"contents":[{"Right":0},[]],"tag":"App"}]],"tag":"App"}],"tag":"Pi"}],"tag":"Pi"}],"tag":"Pi"}],"tag":"Pi"},"reduced":null,"simplified":null}},"name":"EqReasoning0._IsRelatedTo_.relTo"},{"item":{"pretty":"(_∼_ : Set → Set → Set) (x : Set) {y : Set} →\n(_∼_ IsRelatedTo x) y → (_∼_ IsRelatedTo x) y","thing":{"normalised":null,"original":{"contents":[{"item":{"contents":[{"item":{"contents":"Set","tag":"Sort"},"name":"_"},{"contents":[{"item":{"contents":"Set","tag":"Sort"},"name":"_"},{"contents":"Set","tag":"Sort"}],"tag":"Pi"}],"tag":"Pi"},"name":"_∼_"},{"contents":[{"item":{"contents":"Set","tag":"Sort"},"name":"x"},{"contents":[{"item":{"contents":"Set","tag":"Sort"},"name":"y"},{"contents":[{"item":{"contents":[{"Left":"EqReasoning0._IsRelatedTo_"},[{"contents":[{"Right":2},[]],"tag":"App"},{"contents":[{"Right":1},[]],"tag":"App"},{"contents":[{"Right":0},[]],"tag":"App"}]],"tag":"App"},"name":"_"},{"contents":[{"Left":"EqReasoning0._IsRelatedTo_"},[{"contents":[{"Right":2},[]],"tag":"App"},{"contents":[{"Right":1},[]],"tag":"App"},{"contents":[{"Right":0},[]],"tag":"App"}]],"tag":"App"}],"tag":"Pi"}],"tag":"Pi"}],"tag":"Pi"}],"tag":"Pi"},"reduced":null,"simplified":null}},"name":"EqReasoning0._≡⟨⟩_"}],"name":"EqReasoning0"},"samples":[]}