{"scope":{"item":[{"item":{"pretty":"Set","thing":{"normalised":null,"original":{"contents":"Set","tag":"Sort"},"reduced":null,"simplified":null}},"name":"First.A"},{"item":{"pretty":"{A : Set} → A → A","thing":{"normalised":null,"original":{"contents":[{"item":{"contents":"Set","tag":"Sort"},"name":"A"},{"contents":[{"item":{"contents":[{"Right":0},[]],"tag":"App"},"name":"_"},{"contents":[{"Right":0},[]],"tag":"App"}],"tag":"Pi"}],"tag":"Pi"},"reduced":null,"simplified":null}},"name":"First.id"},{"item":{"pretty":"Set","thing":{"normalised":null,"original":{"contents":"Set","tag":"Sort"},"reduced":null,"simplified":null}},"name":"First.Bool"},{"item":{"pretty":"Bool","thing":{"normalised":null,"original":{"contents":[{"Left":"First.Bool"},[]],"tag":"App"},"reduced":null,"simplified":null}},"name":"First.Bool.true"},{"item":{"pretty":"Bool","thing":{"normalised":null,"original":{"contents":[{"Left":"First.Bool"},[]],"tag":"App"},"reduced":null,"simplified":null}},"name":"First.Bool.false"},{"item":{"pretty":"Bool → Bool","thing":{"normalised":null,"original":{"contents":[{"item":{"contents":[{"Left":"First.Bool"},[]],"tag":"App"},"name":"_"},{"contents":[{"Left":"First.Bool"},[]],"tag":"App"}],"tag":"Pi"},"reduced":null,"simplified":null}},"name":"First.not"},{"item":{"pretty":"{A : Set} → Bool → A → A → A","thing":{"normalised":null,"original":{"contents":[{"item":{"contents":"Set","tag":"Sort"},"name":"A"},{"contents":[{"item":{"contents":[{"Left":"First.Bool"},[]],"tag":"App"},"name":"_"},{"contents":[{"item":{"contents":[{"Right":0},[]],"tag":"App"},"name":"_"},{"contents":[{"item":{"contents":[{"Right":0},[]],"tag":"App"},"name":"_"},{"contents":[{"Right":0},[]],"tag":"App"}],"tag":"Pi"}],"tag":"Pi"}],"tag":"Pi"}],"tag":"Pi"},"reduced":null,"simplified":null}},"name":"First.ite"},{"item":{"pretty":"{A : Set} → Bool → A → A → A","thing":{"normalised":null,"original":{"contents":[{"item":{"contents":"Set","tag":"Sort"},"name":"A"},{"contents":[{"item":{"contents":[{"Left":"First.Bool"},[]],"tag":"App"},"name":"_"},{"contents":[{"item":{"contents":[{"Right":0},[]],"tag":"App"},"name":"_"},{"contents":[{"item":{"contents":[{"Right":0},[]],"tag":"App"},"name":"_"},{"contents":[{"Right":0},[]],"tag":"App"}],"tag":"Pi"}],"tag":"Pi"}],"tag":"Pi"}],"tag":"Pi"},"reduced":null,"simplified":null}},"name":"First.ite2"},{"item":{"pretty":"{A : Set} → Bool → A → A → A","thing":{"normalised":null,"original":{"contents":[{"item":{"contents":"Set","tag":"Sort"},"name":"A"},{"contents":[{"item":{"contents":[{"Left":"First.Bool"},[]],"tag":"App"},"name":"_"},{"contents":[{"item":{"contents":[{"Right":0},[]],"tag":"App"},"name":"_"},{"contents":[{"item":{"contents":[{"Right":0},[]],"tag":"App"},"name":"_"},{"contents":[{"Right":0},[]],"tag":"App"}],"tag":"Pi"}],"tag":"Pi"}],"tag":"Pi"}],"tag":"Pi"},"reduced":null,"simplified":null}},"name":"First._.ite3"},{"item":{"pretty":"{A : Set} (b : Bool) → A → A → A","thing":{"normalised":null,"original":{"contents":[{"item":{"contents":"Set","tag":"Sort"},"name":"A"},{"contents":[{"item":{"contents":[{"Left":"First.Bool"},[]],"tag":"App"},"name":"b"},{"contents":[{"item":{"contents":[{"Right":1},[]],"tag":"App"},"name":"_"},{"contents":[{"item":{"contents":[{"Right":1},[]],"tag":"App"},"name":"_"},{"contents":[{"Right":1},[]],"tag":"App"}],"tag":"Pi"}],"tag":"Pi"}],"tag":"Pi"}],"tag":"Pi"},"reduced":null,"simplified":null}},"name":"First._.ite4"},{"item":{"pretty":"Bool","thing":{"normalised":null,"original":{"contents":[{"Left":"First.Bool"},[]],"tag":"App"},"reduced":null,"simplified":null}},"name":"First.loop"},{"item":{"pretty":"Bool","thing":{"normalised":null,"original":{"contents":[{"Left":"First.Bool"},[]],"tag":"App"},"reduced":null,"simplified":null}},"name":"First.test1"},{"item":{"pretty":"Set","thing":{"normalised":null,"original":{"contents":"Set","tag":"Sort"},"reduced":null,"simplified":null}},"name":"First.Nat"},{"item":{"pretty":"Nat","thing":{"normalised":null,"original":{"contents":[{"Left":"First.Nat"},[]],"tag":"App"},"reduced":null,"simplified":null}},"name":"First.Nat.zero"},{"item":{"pretty":"Nat → Nat","thing":{"normalised":null,"original":{"contents":[{"item":{"contents":[{"Left":"First.Nat"},[]],"tag":"App"},"name":"_"},{"contents":[{"Left":"First.Nat"},[]],"tag":"App"}],"tag":"Pi"},"reduced":null,"simplified":null}},"name":"First.Nat.suc"},{"item":{"pretty":"Nat","thing":{"normalised":null,"original":{"contents":[{"Left":"First.Nat"},[]],"tag":"App"},"reduced":null,"simplified":null}},"name":"First.one"},{"item":{"pretty":"Nat","thing":{"normalised":null,"original":{"contents":[{"Left":"First.Nat"},[]],"tag":"App"},"reduced":null,"simplified":null}},"name":"First.two"},{"item":{"pretty":"Nat","thing":{"normalised":null,"original":{"contents":[{"Left":"First.Nat"},[]],"tag":"App"},"reduced":null,"simplified":null}},"name":"First.three"},{"item":{"pretty":"Nat → Nat","thing":{"normalised":null,"original":{"contents":[{"item":{"contents":[{"Left":"First.Nat"},[]],"tag":"App"},"name":"_"},{"contents":[{"Left":"First.Nat"},[]],"tag":"App"}],"tag":"Pi"},"reduced":null,"simplified":null}},"name":"First.pred"},{"item":{"pretty":"Nat → Nat → Nat","thing":{"normalised":null,"original":{"contents":[{"item":{"contents":[{"Left":"First.Nat"},[]],"tag":"App"},"name":"_"},{"contents":[{"item":{"contents":[{"Left":"First.Nat"},[]],"tag":"App"},"name":"_"},{"contents":[{"Left":"First.Nat"},[]],"tag":"App"}],"tag":"Pi"}],"tag":"Pi"},"reduced":null,"simplified":null}},"name":"First._+_"},{"item":{"pretty":"Nat → Nat","thing":{"normalised":null,"original":{"contents":[{"item":{"contents":[{"Left":"First.Nat"},[]],"tag":"App"},"name":"_"},{"contents":[{"Left":"First.Nat"},[]],"tag":"App"}],"tag":"Pi"},"reduced":null,"simplified":null}},"name":"First.twice"},{"item":{"pretty":"Nat → Nat","thing":{"normalised":null,"original":{"contents":[{"item":{"contents":[{"Left":"First.Nat"},[]],"tag":"App"},"name":"_"},{"contents":[{"Left":"First.Nat"},[]],"tag":"App"}],"tag":"Pi"},"reduced":null,"simplified":null}},"name":"First.pow2"},{"item":{"pretty":"Nat → Nat","thing":{"normalised":null,"original":{"contents":[{"item":{"contents":[{"Left":"First.Nat"},[]],"tag":"App"},"name":"_"},{"contents":[{"Left":"First.Nat"},[]],"tag":"App"}],"tag":"Pi"},"reduced":null,"simplified":null}},"name":"First.consume"},{"item":{"pretty":"Nat","thing":{"normalised":null,"original":{"contents":[{"Left":"First.Nat"},[]],"tag":"App"},"reduced":null,"simplified":null}},"name":"First.test2"},{"item":{"pretty":"@0 Set → @0 Nat → Set","thing":{"normalised":null,"original":{"contents":[{"item":{"contents":"Set","tag":"Sort"},"name":"A"},{"contents":[{"item":{"contents":[{"Left":"First.Nat"},[]],"tag":"App"},"name":"_"},{"contents":"Set","tag":"Sort"}],"tag":"Pi"}],"tag":"Pi"},"reduced":null,"simplified":null}},"name":"First.Vec"},{"item":{"pretty":"{@0 A : Set} → Vec A zero","thing":{"normalised":null,"original":{"contents":[{"item":{"contents":"Set","tag":"Sort"},"name":"A"},{"contents":[{"Left":"First.Vec"},[{"contents":[{"Right":0},[]],"tag":"App"},{"contents":[{"Left":"First.Nat.zero"},[]],"tag":"App"}]],"tag":"App"}],"tag":"Pi"},"reduced":null,"simplified":null}},"name":"First.Vec.nil"},{"item":{"pretty":"{@0 A : Set} {@0 n : Nat} → A → Vec A n → Vec A (suc n)","thing":{"normalised":null,"original":{"contents":[{"item":{"contents":"Set","tag":"Sort"},"name":"A"},{"contents":[{"item":{"contents":[{"Left":"First.Nat"},[]],"tag":"App"},"name":"n"},{"contents":[{"item":{"contents":[{"Right":1},[]],"tag":"App"},"name":"_"},{"contents":[{"item":{"contents":[{"Left":"First.Vec"},[{"contents":[{"Right":1},[]],"tag":"App"},{"contents":[{"Right":0},[]],"tag":"App"}]],"tag":"App"},"name":"_"},{"contents":[{"Left":"First.Vec"},[{"contents":[{"Right":1},[]],"tag":"App"},{"contents":[{"Left":"First.Nat.suc"},[{"contents":[{"Right":0},[]],"tag":"App"}]],"tag":"App"}]],"tag":"App"}],"tag":"Pi"}],"tag":"Pi"}],"tag":"Pi"}],"tag":"Pi"},"reduced":null,"simplified":null}},"name":"First.Vec.con"},{"item":{"pretty":"{@0 A : Set} {@0 n : Nat} → Vec A (suc n) → A","thing":{"normalised":null,"original":{"contents":[{"item":{"contents":"Set","tag":"Sort"},"name":"A"},{"contents":[{"item":{"contents":[{"Left":"First.Nat"},[]],"tag":"App"},"name":"n"},{"contents":[{"item":{"contents":[{"Left":"First.Vec"},[{"contents":[{"Right":1},[]],"tag":"App"},{"contents":[{"Left":"First.Nat.suc"},[{"contents":[{"Right":0},[]],"tag":"App"}]],"tag":"App"}]],"tag":"App"},"name":"_"},{"contents":[{"Right":1},[]],"tag":"App"}],"tag":"Pi"}],"tag":"Pi"}],"tag":"Pi"},"reduced":null,"simplified":null}},"name":"First.head"},{"item":{"pretty":"{@0 A : Set} {@0 n : Nat} → Vec A (suc n) → Vec A n","thing":{"normalised":null,"original":{"contents":[{"item":{"contents":"Set","tag":"Sort"},"name":"A"},{"contents":[{"item":{"contents":[{"Left":"First.Nat"},[]],"tag":"App"},"name":"n"},{"contents":[{"item":{"contents":[{"Left":"First.Vec"},[{"contents":[{"Right":1},[]],"tag":"App"},{"contents":[{"Left":"First.Nat.suc"},[{"contents":[{"Right":0},[]],"tag":"App"}]],"tag":"App"}]],"tag":"App"},"name":"_"},{"contents":[{"Left":"First.Vec"},[{"contents":[{"Right":1},[]],"tag":"App"},{"contents":[{"Right":0},[]],"tag":"App"}]],"tag":"App"}],"tag":"Pi"}],"tag":"Pi"}],"tag":"Pi"},"reduced":null,"simplified":null}},"name":"First.tail"},{"item":{"pretty":"{@0 A B : Set} {@0 n : Nat} → (A → B) → Vec A n → Vec B n","thing":{"normalised":null,"original":{"contents":[{"item":{"contents":"Set","tag":"Sort"},"name":"A"},{"contents":[{"item":{"contents":"Set","tag":"Sort"},"name":"B"},{"contents":[{"item":{"contents":[{"Left":"First.Nat"},[]],"tag":"App"},"name":"n"},{"contents":[{"item":{"contents":[{"item":{"contents":[{"Right":2},[]],"tag":"App"},"name":"_"},{"contents":[{"Right":1},[]],"tag":"App"}],"tag":"Pi"},"name":"_"},{"contents":[{"item":{"contents":[{"Left":"First.Vec"},[{"contents":[{"Right":2},[]],"tag":"App"},{"contents":[{"Right":0},[]],"tag":"App"}]],"tag":"App"},"name":"_"},{"contents":[{"Left":"First.Vec"},[{"contents":[{"Right":1},[]],"tag":"App"},{"contents":[{"Right":0},[]],"tag":"App"}]],"tag":"App"}],"tag":"Pi"}],"tag":"Pi"}],"tag":"Pi"}],"tag":"Pi"}],"tag":"Pi"},"reduced":null,"simplified":null}},"name":"First.map"},{"item":{"pretty":"Nat","thing":{"normalised":null,"original":{"contents":[{"Left":"First.Nat"},[]],"tag":"App"},"reduced":null,"simplified":null}},"name":"First.test3"},{"item":{"pretty":"Nat","thing":{"normalised":null,"original":{"contents":[{"Left":"First.Nat"},[]],"tag":"App"},"reduced":null,"simplified":null}},"name":"First.123'#|H\\x65llo"},{"item":{"pretty":"Nat","thing":{"normalised":null,"original":{"contents":[{"Left":"First.Nat"},[]],"tag":"App"},"reduced":null,"simplified":null}},"name":"First.test4"},{"item":{"pretty":"Nat","thing":{"normalised":null,"original":{"contents":[{"Left":"First.Nat"},[]],"tag":"App"},"reduced":null,"simplified":null}},"name":"First.fun"}],"name":"First"},"samples":[{"ctx":{"pretty":"","thing":[]},"goal":{"pretty":"Bool","thing":{"normalised":null,"original":{"contents":[{"Left":"First.Bool"},[]],"tag":"App"},"reduced":null,"simplified":null}},"term":{"pretty":"false","thing":{"normalised":null,"original":{"contents":[{"Left":"First.Bool.false"},[]],"tag":"App"},"reduced":null,"simplified":null}},"namesUsed":["First.Bool.false"]},{"ctx":{"pretty":"","thing":[]},"goal":{"pretty":"Bool","thing":{"normalised":null,"original":{"contents":[{"Left":"First.Bool"},[]],"tag":"App"},"reduced":null,"simplified":null}},"term":{"pretty":"true","thing":{"normalised":null,"original":{"contents":[{"Left":"First.Bool.true"},[]],"tag":"App"},"reduced":null,"simplified":null}},"namesUsed":["First.Bool.true"]},{"ctx":{"pretty":"{A : Set} (x : A) (y : A)","thing":[{"item":{"contents":"Set","tag":"Sort"},"name":"A"},{"item":{"contents":[{"Right":0},[]],"tag":"App"},"name":"x"},{"item":{"contents":[{"Right":1},[]],"tag":"App"},"name":"y"}]},"goal":{"pretty":"A","thing":{"normalised":null,"original":{"contents":[{"Right":2},[]],"tag":"App"},"reduced":null,"simplified":null}},"term":{"pretty":"id x","thing":{"normalised":{"contents":[{"Right":1},[]],"tag":"App"},"original":{"contents":[{"Left":"First.id"},[{"contents":[{"Right":2},[]],"tag":"App"},{"contents":[{"Right":1},[]],"tag":"App"}]],"tag":"App"},"reduced":{"contents":[{"Right":1},[]],"tag":"App"},"simplified":null}},"namesUsed":["First.id"]},{"ctx":{"pretty":"{A : Set} (x : A) (y : A)","thing":[{"item":{"contents":"Set","tag":"Sort"},"name":"A"},{"item":{"contents":[{"Right":0},[]],"tag":"App"},"name":"x"},{"item":{"contents":[{"Right":1},[]],"tag":"App"},"name":"y"}]},"goal":{"pretty":"A","thing":{"normalised":null,"original":{"contents":[{"Right":2},[]],"tag":"App"},"reduced":null,"simplified":null}},"term":{"pretty":"id y","thing":{"normalised":{"contents":[{"Right":0},[]],"tag":"App"},"original":{"contents":[{"Left":"First.id"},[{"contents":[{"Right":2},[]],"tag":"App"},{"contents":[{"Right":0},[]],"tag":"App"}]],"tag":"App"},"reduced":{"contents":[{"Right":0},[]],"tag":"App"},"simplified":null}},"namesUsed":["First.id"]},{"ctx":{"pretty":"","thing":[]},"goal":{"pretty":"Bool","thing":{"normalised":null,"original":{"contents":[{"Left":"First.Bool"},[]],"tag":"App"},"reduced":null,"simplified":null}},"term":{"pretty":"loop","thing":{"normalised":null,"original":{"contents":[{"Left":"First.loop"},[]],"tag":"App"},"reduced":null,"simplified":null}},"namesUsed":["First.loop"]},{"ctx":{"pretty":"","thing":[]},"goal":{"pretty":"Bool","thing":{"normalised":null,"original":{"contents":[{"Left":"First.Bool"},[]],"tag":"App"},"reduced":null,"simplified":null}},"term":{"pretty":"ite false loop true","thing":{"normalised":{"contents":[{"Left":"First.Bool.true"},[]],"tag":"App"},"original":{"contents":[{"Left":"First.ite"},[{"contents":[{"Left":"First.Bool"},[]],"tag":"App"},{"contents":[{"Left":"First.Bool.false"},[]],"tag":"App"},{"contents":[{"Left":"First.loop"},[]],"tag":"App"},{"contents":[{"Left":"First.Bool.true"},[]],"tag":"App"}]],"tag":"App"},"reduced":{"contents":[{"Left":"First.Bool.true"},[]],"tag":"App"},"simplified":{"contents":[{"Left":"First.id"},[{"contents":[{"Left":"First.Bool"},[]],"tag":"App"},{"contents":[{"Left":"First.Bool.true"},[]],"tag":"App"}]],"tag":"App"}}},"namesUsed":["First.ite","First.Bool","First.Bool.false","First.loop","First.Bool.true"]},{"ctx":{"pretty":"","thing":[]},"goal":{"pretty":"Set","thing":{"normalised":null,"original":{"contents":"Set","tag":"Sort"},"reduced":null,"simplified":null}},"term":{"pretty":"Bool","thing":{"normalised":null,"original":{"contents":[{"Left":"First.Bool"},[]],"tag":"App"},"reduced":null,"simplified":null}},"namesUsed":["First.Bool"]},{"ctx":{"pretty":"","thing":[]},"goal":{"pretty":"Bool","thing":{"normalised":null,"original":{"contents":[{"Left":"First.Bool"},[]],"tag":"App"},"reduced":null,"simplified":null}},"term":{"pretty":"false","thing":{"normalised":null,"original":{"contents":[{"Left":"First.Bool.false"},[]],"tag":"App"},"reduced":null,"simplified":null}},"namesUsed":["First.Bool.false"]},{"ctx":{"pretty":"","thing":[]},"goal":{"pretty":"Bool","thing":{"normalised":null,"original":{"contents":[{"Left":"First.Bool"},[]],"tag":"App"},"reduced":null,"simplified":null}},"term":{"pretty":"loop","thing":{"normalised":null,"original":{"contents":[{"Left":"First.loop"},[]],"tag":"App"},"reduced":null,"simplified":null}},"namesUsed":["First.loop"]},{"ctx":{"pretty":"","thing":[]},"goal":{"pretty":"Bool","thing":{"normalised":null,"original":{"contents":[{"Left":"First.Bool"},[]],"tag":"App"},"reduced":null,"simplified":null}},"term":{"pretty":"true","thing":{"normalised":null,"original":{"contents":[{"Left":"First.Bool.true"},[]],"tag":"App"},"reduced":null,"simplified":null}},"namesUsed":["First.Bool.true"]},{"ctx":{"pretty":"","thing":[]},"goal":{"pretty":"Nat","thing":{"normalised":null,"original":{"contents":[{"Left":"First.Nat"},[]],"tag":"App"},"reduced":null,"simplified":null}},"term":{"pretty":"suc zero","thing":{"normalised":null,"original":{"contents":[{"Left":"First.Nat.suc"},[{"contents":[{"Left":"First.Nat.zero"},[]],"tag":"App"}]],"tag":"App"},"reduced":null,"simplified":null}},"namesUsed":["First.Nat.suc","First.Nat.zero"]},{"ctx":{"pretty":"","thing":[]},"goal":{"pretty":"Nat","thing":{"normalised":null,"original":{"contents":[{"Left":"First.Nat"},[]],"tag":"App"},"reduced":null,"simplified":null}},"term":{"pretty":"zero","thing":{"normalised":null,"original":{"contents":[{"Left":"First.Nat.zero"},[]],"tag":"App"},"reduced":null,"simplified":null}},"namesUsed":["First.Nat.zero"]},{"ctx":{"pretty":"","thing":[]},"goal":{"pretty":"Nat","thing":{"normalised":null,"original":{"contents":[{"Left":"First.Nat"},[]],"tag":"App"},"reduced":null,"simplified":null}},"term":{"pretty":"suc one","thing":{"normalised":{"contents":[{"Left":"First.Nat.suc"},[{"contents":[{"Left":"First.Nat.suc"},[{"contents":[{"Left":"First.Nat.zero"},[]],"tag":"App"}]],"tag":"App"}]],"tag":"App"},"original":{"contents":[{"Left":"First.Nat.suc"},[{"contents":[{"Left":"First.one"},[]],"tag":"App"}]],"tag":"App"},"reduced":null,"simplified":null}},"namesUsed":["First.Nat.suc","First.one"]},{"ctx":{"pretty":"","thing":[]},"goal":{"pretty":"Nat","thing":{"normalised":null,"original":{"contents":[{"Left":"First.Nat"},[]],"tag":"App"},"reduced":null,"simplified":null}},"term":{"pretty":"one","thing":{"normalised":{"contents":[{"Left":"First.Nat.suc"},[{"contents":[{"Left":"First.Nat.zero"},[]],"tag":"App"}]],"tag":"App"},"original":{"contents":[{"Left":"First.one"},[]],"tag":"App"},"reduced":{"contents":[{"Left":"First.Nat.suc"},[{"contents":[{"Left":"First.Nat.zero"},[]],"tag":"App"}]],"tag":"App"},"simplified":null}},"namesUsed":["First.one"]},{"ctx":{"pretty":"","thing":[]},"goal":{"pretty":"Nat","thing":{"normalised":null,"original":{"contents":[{"Left":"First.Nat"},[]],"tag":"App"},"reduced":null,"simplified":null}},"term":{"pretty":"suc two","thing":{"normalised":{"contents":[{"Left":"First.Nat.suc"},[{"contents":[{"Left":"First.Nat.suc"},[{"contents":[{"Left":"First.Nat.suc"},[{"contents":[{"Left":"First.Nat.zero"},[]],"tag":"App"}]],"tag":"App"}]],"tag":"App"}]],"tag":"App"},"original":{"contents":[{"Left":"First.Nat.suc"},[{"contents":[{"Left":"First.two"},[]],"tag":"App"}]],"tag":"App"},"reduced":null,"simplified":null}},"namesUsed":["First.Nat.suc","First.two"]},{"ctx":{"pretty":"","thing":[]},"goal":{"pretty":"Nat","thing":{"normalised":null,"original":{"contents":[{"Left":"First.Nat"},[]],"tag":"App"},"reduced":null,"simplified":null}},"term":{"pretty":"two","thing":{"normalised":{"contents":[{"Left":"First.Nat.suc"},[{"contents":[{"Left":"First.Nat.suc"},[{"contents":[{"Left":"First.Nat.zero"},[]],"tag":"App"}]],"tag":"App"}]],"tag":"App"},"original":{"contents":[{"Left":"First.two"},[]],"tag":"App"},"reduced":{"contents":[{"Left":"First.Nat.suc"},[{"contents":[{"Left":"First.one"},[]],"tag":"App"}]],"tag":"App"},"simplified":null}},"namesUsed":["First.two"]},{"ctx":{"pretty":"","thing":[]},"goal":{"pretty":"Nat","thing":{"normalised":null,"original":{"contents":[{"Left":"First.Nat"},[]],"tag":"App"},"reduced":null,"simplified":null}},"term":{"pretty":"zero","thing":{"normalised":null,"original":{"contents":[{"Left":"First.Nat.zero"},[]],"tag":"App"},"reduced":null,"simplified":null}},"namesUsed":["First.Nat.zero"]},{"ctx":{"pretty":"(m : Nat) (n : Nat)","thing":[{"item":{"contents":[{"Left":"First.Nat"},[]],"tag":"App"},"name":"m"},{"item":{"contents":[{"Left":"First.Nat"},[]],"tag":"App"},"name":"n"}]},"goal":{"pretty":"Nat","thing":{"normalised":null,"original":{"contents":[{"Left":"First.Nat"},[]],"tag":"App"},"reduced":null,"simplified":null}},"term":{"pretty":"suc (m + n)","thing":{"normalised":null,"original":{"contents":[{"Left":"First.Nat.suc"},[{"contents":[{"Left":"First._+_"},[{"contents":[{"Right":1},[]],"tag":"App"},{"contents":[{"Right":0},[]],"tag":"App"}]],"tag":"App"}]],"tag":"App"},"reduced":null,"simplified":null}},"namesUsed":["First.Nat.suc","First._+_"]},{"ctx":{"pretty":"(m₁ : Nat) (n₁ : Nat)","thing":[{"item":{"contents":[{"Left":"First.Nat"},[]],"tag":"App"},"name":"m"},{"item":{"contents":[{"Left":"First.Nat"},[]],"tag":"App"},"name":"n"}]},"goal":{"pretty":"Nat","thing":{"normalised":null,"original":{"contents":[{"Left":"First.Nat"},[]],"tag":"App"},"reduced":null,"simplified":null}},"term":{"pretty":"m + n","thing":{"normalised":null,"original":{"contents":[{"Left":"First._+_"},[{"contents":[{"Right":1},[]],"tag":"App"},{"contents":[{"Right":0},[]],"tag":"App"}]],"tag":"App"},"reduced":null,"simplified":null}},"namesUsed":["First._+_"]},{"ctx":{"pretty":"","thing":[]},"goal":{"pretty":"Nat","thing":{"normalised":null,"original":{"contents":[{"Left":"First.Nat"},[]],"tag":"App"},"reduced":null,"simplified":null}},"term":{"pretty":"zero","thing":{"normalised":null,"original":{"contents":[{"Left":"First.Nat.zero"},[]],"tag":"App"},"reduced":null,"simplified":null}},"namesUsed":["First.Nat.zero"]},{"ctx":{"pretty":"(n : Nat)","thing":[{"item":{"contents":[{"Left":"First.Nat"},[]],"tag":"App"},"name":"n"}]},"goal":{"pretty":"Nat","thing":{"normalised":null,"original":{"contents":[{"Left":"First.Nat"},[]],"tag":"App"},"reduced":null,"simplified":null}},"term":{"pretty":"suc (suc (twice n))","thing":{"normalised":null,"original":{"contents":[{"Left":"First.Nat.suc"},[{"contents":[{"Left":"First.Nat.suc"},[{"contents":[{"Left":"First.twice"},[{"contents":[{"Right":0},[]],"tag":"App"}]],"tag":"App"}]],"tag":"App"}]],"tag":"App"},"reduced":null,"simplified":null}},"namesUsed":["First.Nat.suc","First.Nat.suc","First.twice"]},{"ctx":{"pretty":"(n₁ : Nat)","thing":[{"item":{"contents":[{"Left":"First.Nat"},[]],"tag":"App"},"name":"n"}]},"goal":{"pretty":"Nat","thing":{"normalised":null,"original":{"contents":[{"Left":"First.Nat"},[]],"tag":"App"},"reduced":null,"simplified":null}},"term":{"pretty":"suc (twice n)","thing":{"normalised":null,"original":{"contents":[{"Left":"First.Nat.suc"},[{"contents":[{"Left":"First.twice"},[{"contents":[{"Right":0},[]],"tag":"App"}]],"tag":"App"}]],"tag":"App"},"reduced":null,"simplified":null}},"namesUsed":["First.Nat.suc","First.twice"]},{"ctx":{"pretty":"(n₁ : Nat)","thing":[{"item":{"contents":[{"Left":"First.Nat"},[]],"tag":"App"},"name":"n"}]},"goal":{"pretty":"Nat","thing":{"normalised":null,"original":{"contents":[{"Left":"First.Nat"},[]],"tag":"App"},"reduced":null,"simplified":null}},"term":{"pretty":"twice n","thing":{"normalised":null,"original":{"contents":[{"Left":"First.twice"},[{"contents":[{"Right":0},[]],"tag":"App"}]],"tag":"App"},"reduced":null,"simplified":null}},"namesUsed":["First.twice"]},{"ctx":{"pretty":"","thing":[]},"goal":{"pretty":"Nat","thing":{"normalised":null,"original":{"contents":[{"Left":"First.Nat"},[]],"tag":"App"},"reduced":null,"simplified":null}},"term":{"pretty":"suc zero","thing":{"normalised":null,"original":{"contents":[{"Left":"First.Nat.suc"},[{"contents":[{"Left":"First.Nat.zero"},[]],"tag":"App"}]],"tag":"App"},"reduced":null,"simplified":null}},"namesUsed":["First.Nat.suc","First.Nat.zero"]},{"ctx":{"pretty":"","thing":[]},"goal":{"pretty":"Nat","thing":{"normalised":null,"original":{"contents":[{"Left":"First.Nat"},[]],"tag":"App"},"reduced":null,"simplified":null}},"term":{"pretty":"zero","thing":{"normalised":null,"original":{"contents":[{"Left":"First.Nat.zero"},[]],"tag":"App"},"reduced":null,"simplified":null}},"namesUsed":["First.Nat.zero"]},{"ctx":{"pretty":"(n : Nat)","thing":[{"item":{"contents":[{"Left":"First.Nat"},[]],"tag":"App"},"name":"n"}]},"goal":{"pretty":"Nat","thing":{"normalised":null,"original":{"contents":[{"Left":"First.Nat"},[]],"tag":"App"},"reduced":null,"simplified":null}},"term":{"pretty":"twice (pow2 n)","thing":{"normalised":null,"original":{"contents":[{"Left":"First.twice"},[{"contents":[{"Left":"First.pow2"},[{"contents":[{"Right":0},[]],"tag":"App"}]],"tag":"App"}]],"tag":"App"},"reduced":null,"simplified":null}},"namesUsed":["First.twice","First.pow2"]},{"ctx":{"pretty":"(n₁ : Nat)","thing":[{"item":{"contents":[{"Left":"First.Nat"},[]],"tag":"App"},"name":"n"}]},"goal":{"pretty":"Nat","thing":{"normalised":null,"original":{"contents":[{"Left":"First.Nat"},[]],"tag":"App"},"reduced":null,"simplified":null}},"term":{"pretty":"pow2 n","thing":{"normalised":null,"original":{"contents":[{"Left":"First.pow2"},[{"contents":[{"Right":0},[]],"tag":"App"}]],"tag":"App"},"reduced":null,"simplified":null}},"namesUsed":["First.pow2"]},{"ctx":{"pretty":"","thing":[]},"goal":{"pretty":"Nat","thing":{"normalised":null,"original":{"contents":[{"Left":"First.Nat"},[]],"tag":"App"},"reduced":null,"simplified":null}},"term":{"pretty":"zero","thing":{"normalised":null,"original":{"contents":[{"Left":"First.Nat.zero"},[]],"tag":"App"},"reduced":null,"simplified":null}},"namesUsed":["First.Nat.zero"]},{"ctx":{"pretty":"(n : Nat)","thing":[{"item":{"contents":[{"Left":"First.Nat"},[]],"tag":"App"},"name":"n"}]},"goal":{"pretty":"Nat","thing":{"normalised":null,"original":{"contents":[{"Left":"First.Nat"},[]],"tag":"App"},"reduced":null,"simplified":null}},"term":{"pretty":"consume n","thing":{"normalised":null,"original":{"contents":[{"Left":"First.consume"},[{"contents":[{"Right":0},[]],"tag":"App"}]],"tag":"App"},"reduced":null,"simplified":null}},"namesUsed":["First.consume"]},{"ctx":{"pretty":"","thing":[]},"goal":{"pretty":"Nat","thing":{"normalised":null,"original":{"contents":[{"Left":"First.Nat"},[]],"tag":"App"},"reduced":null,"simplified":null}},"term":{"pretty":"consume (pow2 (twice (twice (twice three))))","thing":{"normalised":null,"original":{"contents":[{"Left":"First.consume"},[{"contents":[{"Left":"First.pow2"},[{"contents":[{"Left":"First.twice"},[{"contents":[{"Left":"First.twice"},[{"contents":[{"Left":"First.twice"},[{"contents":[{"Left":"First.three"},[]],"tag":"App"}]],"tag":"App"}]],"tag":"App"}]],"tag":"App"}]],"tag":"App"}]],"tag":"App"},"reduced":null,"simplified":null}},"namesUsed":["First.consume","First.pow2","First.twice","First.twice","First.twice","First.three"]},{"ctx":{"pretty":"","thing":[]},"goal":{"pretty":"Nat","thing":{"normalised":null,"original":{"contents":[{"Left":"First.Nat"},[]],"tag":"App"},"reduced":null,"simplified":null}},"term":{"pretty":"pow2 (twice (twice (twice three)))","thing":{"normalised":null,"original":{"contents":[{"Left":"First.pow2"},[{"contents":[{"Left":"First.twice"},[{"contents":[{"Left":"First.twice"},[{"contents":[{"Left":"First.twice"},[{"contents":[{"Left":"First.three"},[]],"tag":"App"}]],"tag":"App"}]],"tag":"App"}]],"tag":"App"}]],"tag":"App"},"reduced":{"contents":[{"Left":"First.Nat.suc"},[{"contents":[{"Left":"First.Nat.suc"},[{"contents":[{"Left":"First.twice"},[{"contents":[{"Left":"First.Nat.suc"},[{"contents":[{"Left":"First.twice"},[{"contents":[{"Left":"First.Nat.suc"},[{"contents":[{"Left":"First.twice"},[{"contents":[{"Left":"First.Nat.suc"},[{"contents":[{"Left":"First.twice"},[{"contents":[{"Left":"First.Nat.suc"},[{"contents":[{"Left":"First.twice"},[{"contents":[{"Left":"First.Nat.suc"},[{"contents":[{"Left":"First.twice"},[{"contents":[{"Left":"First.Nat.suc"},[{"contents":[{"Left":"First.twice"},[{"contents":[{"Left":"First.Nat.suc"},[{"contents":[{"Left":"First.twice"},[{"contents":[{"Left":"First.Nat.suc"},[{"contents":[{"Left":"First.twice"},[{"contents":[{"Left":"First.Nat.suc"},[{"contents":[{"Left":"First.twice"},[{"contents":[{"Left":"First.Nat.suc"},[{"contents":[{"Left":"First.twice"},[{"contents":[{"Left":"First.Nat.suc"},[{"contents":[{"Left":"First.twice"},[{"contents":[{"Left":"First.Nat.suc"},[{"contents":[{"Left":"First.twice"},[{"contents":[{"Left":"First.Nat.suc"},[{"contents":[{"Left":"First.twice"},[{"contents":[{"Left":"First.Nat.suc"},[{"contents":[{"Left":"First.twice"},[{"contents":[{"Left":"First.Nat.suc"},[{"contents":[{"Left":"First.twice"},[{"contents":[{"Left":"First.Nat.suc"},[{"contents":[{"Left":"First.twice"},[{"contents":[{"Left":"First.Nat.suc"},[{"contents":[{"Left":"First.twice"},[{"contents":[{"Left":"First.Nat.suc"},[{"contents":[{"Left":"First.twice"},[{"contents":[{"Left":"First.Nat.suc"},[{"contents":[{"Left":"First.twice"},[{"contents":[{"Left":"First.Nat.suc"},[{"contents":[{"Left":"First.twice"},[{"contents":[{"Left":"First.Nat.suc"},[{"contents":[{"Left":"First.twice"},[{"contents":[{"Left":"First.Nat.suc"},[{"contents":[{"Left":"First.twice"},[{"contents":[{"Left":"First.Nat.suc"},[{"contents":[{"Left":"First.twice"},[{"contents":[{"Left":"First.Nat.zero"},[]],"tag":"App"}]],"tag":"App"}]],"tag":"App"}]],"tag":"App"}]],"tag":"App"}]],"tag":"App"}]],"tag":"App"}]],"tag":"App"}]],"tag":"App"}]],"tag":"App"}]],"tag":"App"}]],"tag":"App"}]],"tag":"App"}]],"tag":"App"}]],"tag":"App"}]],"tag":"App"}]],"tag":"App"}]],"tag":"App"}]],"tag":"App"}]],"tag":"App"}]],"tag":"App"}]],"tag":"App"}]],"tag":"App"}]],"tag":"App"}]],"tag":"App"}]],"tag":"App"}]],"tag":"App"}]],"tag":"App"}]],"tag":"App"}]],"tag":"App"}]],"tag":"App"}]],"tag":"App"}]],"tag":"App"}]],"tag":"App"}]],"tag":"App"}]],"tag":"App"}]],"tag":"App"}]],"tag":"App"}]],"tag":"App"}]],"tag":"App"}]],"tag":"App"}]],"tag":"App"}]],"tag":"App"}]],"tag":"App"}]],"tag":"App"}]],"tag":"App"}]],"tag":"App"}]],"tag":"App"}]],"tag":"App"}]],"tag":"App"},"simplified":null}},"namesUsed":["First.pow2","First.twice","First.twice","First.twice","First.three"]},{"ctx":{"pretty":"","thing":[]},"goal":{"pretty":"Nat","thing":{"normalised":null,"original":{"contents":[{"Left":"First.Nat"},[]],"tag":"App"},"reduced":null,"simplified":null}},"term":{"pretty":"twice (twice (twice three))","thing":{"normalised":{"contents":[{"Left":"First.Nat.suc"},[{"contents":[{"Left":"First.Nat.suc"},[{"contents":[{"Left":"First.Nat.suc"},[{"contents":[{"Left":"First.Nat.suc"},[{"contents":[{"Left":"First.Nat.suc"},[{"contents":[{"Left":"First.Nat.suc"},[{"contents":[{"Left":"First.Nat.suc"},[{"contents":[{"Left":"First.Nat.suc"},[{"contents":[{"Left":"First.Nat.suc"},[{"contents":[{"Left":"First.Nat.suc"},[{"contents":[{"Left":"First.Nat.suc"},[{"contents":[{"Left":"First.Nat.suc"},[{"contents":[{"Left":"First.Nat.suc"},[{"contents":[{"Left":"First.Nat.suc"},[{"contents":[{"Left":"First.Nat.suc"},[{"contents":[{"Left":"First.Nat.suc"},[{"contents":[{"Left":"First.Nat.suc"},[{"contents":[{"Left":"First.Nat.suc"},[{"contents":[{"Left":"First.Nat.suc"},[{"contents":[{"Left":"First.Nat.suc"},[{"contents":[{"Left":"First.Nat.suc"},[{"contents":[{"Left":"First.Nat.suc"},[{"contents":[{"Left":"First.Nat.suc"},[{"contents":[{"Left":"First.Nat.suc"},[{"contents":[{"Left":"First.Nat.zero"},[]],"tag":"App"}]],"tag":"App"}]],"tag":"App"}]],"tag":"App"}]],"tag":"App"}]],"tag":"App"}]],"tag":"App"}]],"tag":"App"}]],"tag":"App"}]],"tag":"App"}]],"tag":"App"}]],"tag":"App"}]],"tag":"App"}]],"tag":"App"}]],"tag":"App"}]],"tag":"App"}]],"tag":"App"}]],"tag":"App"}]],"tag":"App"}]],"tag":"App"}]],"tag":"App"}]],"tag":"App"}]],"tag":"App"}]],"tag":"App"}]],"tag":"App"},"original":{"contents":[{"Left":"First.twice"},[{"contents":[{"Left":"First.twice"},[{"contents":[{"Left":"First.twice"},[{"contents":[{"Left":"First.three"},[]],"tag":"App"}]],"tag":"App"}]],"tag":"App"}]],"tag":"App"},"reduced":{"contents":[{"Left":"First.Nat.suc"},[{"contents":[{"Left":"First.Nat.suc"},[{"contents":[{"Left":"First.twice"},[{"contents":[{"Left":"First.Nat.suc"},[{"contents":[{"Left":"First.twice"},[{"contents":[{"Left":"First.Nat.suc"},[{"contents":[{"Left":"First.twice"},[{"contents":[{"Left":"First.two"},[]],"tag":"App"}]],"tag":"App"}]],"tag":"App"}]],"tag":"App"}]],"tag":"App"}]],"tag":"App"}]],"tag":"App"}]],"tag":"App"},"simplified":{"contents":[{"Left":"First.Nat.suc"},[{"contents":[{"Left":"First.Nat.suc"},[{"contents":[{"Left":"First.Nat.suc"},[{"contents":[{"Left":"First.Nat.suc"},[{"contents":[{"Left":"First.Nat.suc"},[{"contents":[{"Left":"First.Nat.suc"},[{"contents":[{"Left":"First.Nat.suc"},[{"contents":[{"Left":"First.Nat.suc"},[{"contents":[{"Left":"First.Nat.suc"},[{"contents":[{"Left":"First.Nat.suc"},[{"contents":[{"Left":"First.Nat.suc"},[{"contents":[{"Left":"First.Nat.suc"},[{"contents":[{"Left":"First.Nat.suc"},[{"contents":[{"Left":"First.Nat.suc"},[{"contents":[{"Left":"First.Nat.suc"},[{"contents":[{"Left":"First.Nat.suc"},[{"contents":[{"Left":"First.Nat.suc"},[{"contents":[{"Left":"First.Nat.suc"},[{"contents":[{"Left":"First.Nat.suc"},[{"contents":[{"Left":"First.Nat.suc"},[{"contents":[{"Left":"First.Nat.suc"},[{"contents":[{"Left":"First.Nat.suc"},[{"contents":[{"Left":"First.Nat.suc"},[{"contents":[{"Left":"First.Nat.suc"},[{"contents":[{"Left":"First.Nat.zero"},[]],"tag":"App"}]],"tag":"App"}]],"tag":"App"}]],"tag":"App"}]],"tag":"App"}]],"tag":"App"}]],"tag":"App"}]],"tag":"App"}]],"tag":"App"}]],"tag":"App"}]],"tag":"App"}]],"tag":"App"}]],"tag":"App"}]],"tag":"App"}]],"tag":"App"}]],"tag":"App"}]],"tag":"App"}]],"tag":"App"}]],"tag":"App"}]],"tag":"App"}]],"tag":"App"}]],"tag":"App"}]],"tag":"App"}]],"tag":"App"}]],"tag":"App"}}},"namesUsed":["First.twice","First.twice","First.twice","First.three"]},{"ctx":{"pretty":"","thing":[]},"goal":{"pretty":"Nat","thing":{"normalised":null,"original":{"contents":[{"Left":"First.Nat"},[]],"tag":"App"},"reduced":null,"simplified":null}},"term":{"pretty":"twice (twice three)","thing":{"normalised":{"contents":[{"Left":"First.Nat.suc"},[{"contents":[{"Left":"First.Nat.suc"},[{"contents":[{"Left":"First.Nat.suc"},[{"contents":[{"Left":"First.Nat.suc"},[{"contents":[{"Left":"First.Nat.suc"},[{"contents":[{"Left":"First.Nat.suc"},[{"contents":[{"Left":"First.Nat.suc"},[{"contents":[{"Left":"First.Nat.suc"},[{"contents":[{"Left":"First.Nat.suc"},[{"contents":[{"Left":"First.Nat.suc"},[{"contents":[{"Left":"First.Nat.suc"},[{"contents":[{"Left":"First.Nat.suc"},[{"contents":[{"Left":"First.Nat.zero"},[]],"tag":"App"}]],"tag":"App"}]],"tag":"App"}]],"tag":"App"}]],"tag":"App"}]],"tag":"App"}]],"tag":"App"}]],"tag":"App"}]],"tag":"App"}]],"tag":"App"}]],"tag":"App"}]],"tag":"App"}]],"tag":"App"},"original":{"contents":[{"Left":"First.twice"},[{"contents":[{"Left":"First.twice"},[{"contents":[{"Left":"First.three"},[]],"tag":"App"}]],"tag":"App"}]],"tag":"App"},"reduced":{"contents":[{"Left":"First.Nat.suc"},[{"contents":[{"Left":"First.Nat.suc"},[{"contents":[{"Left":"First.twice"},[{"contents":[{"Left":"First.Nat.suc"},[{"contents":[{"Left":"First.twice"},[{"contents":[{"Left":"First.two"},[]],"tag":"App"}]],"tag":"App"}]],"tag":"App"}]],"tag":"App"}]],"tag":"App"}]],"tag":"App"},"simplified":{"contents":[{"Left":"First.Nat.suc"},[{"contents":[{"Left":"First.Nat.suc"},[{"contents":[{"Left":"First.Nat.suc"},[{"contents":[{"Left":"First.Nat.suc"},[{"contents":[{"Left":"First.Nat.suc"},[{"contents":[{"Left":"First.Nat.suc"},[{"contents":[{"Left":"First.Nat.suc"},[{"contents":[{"Left":"First.Nat.suc"},[{"contents":[{"Left":"First.Nat.suc"},[{"contents":[{"Left":"First.Nat.suc"},[{"contents":[{"Left":"First.Nat.suc"},[{"contents":[{"Left":"First.Nat.suc"},[{"contents":[{"Left":"First.Nat.zero"},[]],"tag":"App"}]],"tag":"App"}]],"tag":"App"}]],"tag":"App"}]],"tag":"App"}]],"tag":"App"}]],"tag":"App"}]],"tag":"App"}]],"tag":"App"}]],"tag":"App"}]],"tag":"App"}]],"tag":"App"}]],"tag":"App"}}},"namesUsed":["First.twice","First.twice","First.three"]},{"ctx":{"pretty":"","thing":[]},"goal":{"pretty":"Nat","thing":{"normalised":null,"original":{"contents":[{"Left":"First.Nat"},[]],"tag":"App"},"reduced":null,"simplified":null}},"term":{"pretty":"twice three","thing":{"normalised":{"contents":[{"Left":"First.Nat.suc"},[{"contents":[{"Left":"First.Nat.suc"},[{"contents":[{"Left":"First.Nat.suc"},[{"contents":[{"Left":"First.Nat.suc"},[{"contents":[{"Left":"First.Nat.suc"},[{"contents":[{"Left":"First.Nat.suc"},[{"contents":[{"Left":"First.Nat.zero"},[]],"tag":"App"}]],"tag":"App"}]],"tag":"App"}]],"tag":"App"}]],"tag":"App"}]],"tag":"App"}]],"tag":"App"},"original":{"contents":[{"Left":"First.twice"},[{"contents":[{"Left":"First.three"},[]],"tag":"App"}]],"tag":"App"},"reduced":{"contents":[{"Left":"First.Nat.suc"},[{"contents":[{"Left":"First.Nat.suc"},[{"contents":[{"Left":"First.twice"},[{"contents":[{"Left":"First.two"},[]],"tag":"App"}]],"tag":"App"}]],"tag":"App"}]],"tag":"App"},"simplified":{"contents":[{"Left":"First.Nat.suc"},[{"contents":[{"Left":"First.Nat.suc"},[{"contents":[{"Left":"First.Nat.suc"},[{"contents":[{"Left":"First.Nat.suc"},[{"contents":[{"Left":"First.Nat.suc"},[{"contents":[{"Left":"First.Nat.suc"},[{"contents":[{"Left":"First.Nat.zero"},[]],"tag":"App"}]],"tag":"App"}]],"tag":"App"}]],"tag":"App"}]],"tag":"App"}]],"tag":"App"}]],"tag":"App"}}},"namesUsed":["First.twice","First.three"]},{"ctx":{"pretty":"","thing":[]},"goal":{"pretty":"Nat","thing":{"normalised":null,"original":{"contents":[{"Left":"First.Nat"},[]],"tag":"App"},"reduced":null,"simplified":null}},"term":{"pretty":"three","thing":{"normalised":{"contents":[{"Left":"First.Nat.suc"},[{"contents":[{"Left":"First.Nat.suc"},[{"contents":[{"Left":"First.Nat.suc"},[{"contents":[{"Left":"First.Nat.zero"},[]],"tag":"App"}]],"tag":"App"}]],"tag":"App"}]],"tag":"App"},"original":{"contents":[{"Left":"First.three"},[]],"tag":"App"},"reduced":{"contents":[{"Left":"First.Nat.suc"},[{"contents":[{"Left":"First.two"},[]],"tag":"App"}]],"tag":"App"},"simplified":null}},"namesUsed":["First.three"]},{"ctx":{"pretty":"{@0 A : Set} {@0 B : Set} (f : A → B)","thing":[{"item":{"contents":"Set","tag":"Sort"},"name":"A"},{"item":{"contents":"Set","tag":"Sort"},"name":"B"},{"item":{"contents":[{"item":{"contents":[{"Right":1},[]],"tag":"App"},"name":"_"},{"contents":[{"Right":0},[]],"tag":"App"}],"tag":"Pi"},"name":"f"}]},"goal":{"pretty":"Vec B zero","thing":{"normalised":null,"original":{"contents":[{"Left":"First.Vec"},[{"contents":[{"Right":1},[]],"tag":"App"},{"contents":[{"Left":"First.Nat.zero"},[]],"tag":"App"}]],"tag":"App"},"reduced":null,"simplified":null}},"term":{"pretty":"nil","thing":{"normalised":null,"original":{"contents":[{"Left":"First.Vec.nil"},[]],"tag":"App"},"reduced":null,"simplified":null}},"namesUsed":["First.Vec.nil"]},{"ctx":{"pretty":"{@0 A : Set} {@0 B : Set} (f : A → B) {@0 n : Nat} (x : A)\n(xs : Vec A n)","thing":[{"item":{"contents":"Set","tag":"Sort"},"name":"A"},{"item":{"contents":"Set","tag":"Sort"},"name":"B"},{"item":{"contents":[{"item":{"contents":[{"Right":1},[]],"tag":"App"},"name":"_"},{"contents":[{"Right":0},[]],"tag":"App"}],"tag":"Pi"},"name":"f"},{"item":{"contents":[{"Left":"First.Nat"},[]],"tag":"App"},"name":"n"},{"item":{"contents":[{"Right":3},[]],"tag":"App"},"name":"x"},{"item":{"contents":[{"Left":"First.Vec"},[{"contents":[{"Right":4},[]],"tag":"App"},{"contents":[{"Right":1},[]],"tag":"App"}]],"tag":"App"},"name":"xs"}]},"goal":{"pretty":"Vec B (suc n)","thing":{"normalised":null,"original":{"contents":[{"Left":"First.Vec"},[{"contents":[{"Right":4},[]],"tag":"App"},{"contents":[{"Left":"First.Nat.suc"},[{"contents":[{"Right":2},[]],"tag":"App"}]],"tag":"App"}]],"tag":"App"},"reduced":null,"simplified":null}},"term":{"pretty":"con (f x) (map f xs)","thing":{"normalised":null,"original":{"contents":[{"Left":"First.Vec.con"},[{"contents":[{"Right":2},[]],"tag":"App"},{"contents":[{"Right":3},[{"contents":[{"Right":1},[]],"tag":"App"}]],"tag":"App"},{"contents":[{"Left":"First.map"},[{"contents":[{"Right":5},[]],"tag":"App"},{"contents":[{"Right":4},[]],"tag":"App"},{"contents":[{"Right":2},[]],"tag":"App"},{"contents":[{"Right":3},[]],"tag":"App"},{"contents":[{"Right":0},[]],"tag":"App"}]],"tag":"App"}]],"tag":"App"},"reduced":null,"simplified":null}},"namesUsed":["First.Vec.con","First.map"]},{"ctx":{"pretty":"{@0 A : Set} {@0 B = B₁ : Set} (f₁ : A → B₁) {@0 n = n₁ : Nat}\n(x₁ : A) (xs₁ : Vec A n₁)","thing":[{"item":{"contents":"Set","tag":"Sort"},"name":"A"},{"item":{"contents":"Set","tag":"Sort"},"name":"B"},{"item":{"contents":[{"item":{"contents":[{"Right":1},[]],"tag":"App"},"name":"_"},{"contents":[{"Right":0},[]],"tag":"App"}],"tag":"Pi"},"name":"f"},{"item":{"contents":[{"Left":"First.Nat"},[]],"tag":"App"},"name":"n"},{"item":{"contents":[{"Right":3},[]],"tag":"App"},"name":"x"},{"item":{"contents":[{"Left":"First.Vec"},[{"contents":[{"Right":4},[]],"tag":"App"},{"contents":[{"Right":1},[]],"tag":"App"}]],"tag":"App"},"name":"xs"}]},"goal":{"pretty":"Vec B n","thing":{"normalised":null,"original":{"contents":[{"Left":"First.Vec"},[{"contents":[{"Right":4},[]],"tag":"App"},{"contents":[{"Right":2},[]],"tag":"App"}]],"tag":"App"},"reduced":null,"simplified":null}},"term":{"pretty":"map f xs","thing":{"normalised":null,"original":{"contents":[{"Left":"First.map"},[{"contents":[{"Right":5},[]],"tag":"App"},{"contents":[{"Right":4},[]],"tag":"App"},{"contents":[{"Right":2},[]],"tag":"App"},{"contents":[{"Right":3},[]],"tag":"App"},{"contents":[{"Right":0},[]],"tag":"App"}]],"tag":"App"},"reduced":null,"simplified":null}},"namesUsed":["First.map"]},{"ctx":{"pretty":"","thing":[]},"goal":{"pretty":"Nat","thing":{"normalised":null,"original":{"contents":[{"Left":"First.Nat"},[]],"tag":"App"},"reduced":null,"simplified":null}},"term":{"pretty":"head\n(tail\n (map suc (con zero (con (suc zero) (con (suc (suc zero)) nil)))))","thing":{"normalised":{"contents":[{"Left":"First.Nat.suc"},[{"contents":[{"Left":"First.Nat.suc"},[{"contents":[{"Left":"First.Nat.zero"},[]],"tag":"App"}]],"tag":"App"}]],"tag":"App"},"original":{"contents":[{"Left":"First.head"},[{"contents":[{"Left":"First.Nat"},[]],"tag":"App"},{"contents":[{"Left":"First.Nat.suc"},[{"contents":[{"Left":"First.Nat.zero"},[]],"tag":"App"}]],"tag":"App"},{"contents":[{"Left":"First.tail"},[{"contents":[{"Left":"First.Nat"},[]],"tag":"App"},{"contents":[{"Left":"First.Nat.suc"},[{"contents":[{"Left":"First.Nat.suc"},[{"contents":[{"Left":"First.Nat.zero"},[]],"tag":"App"}]],"tag":"App"}]],"tag":"App"},{"contents":[{"Left":"First.map"},[{"contents":[{"Left":"First.Nat"},[]],"tag":"App"},{"contents":[{"Left":"First.Nat"},[]],"tag":"App"},{"contents":[{"Left":"First.Nat.suc"},[{"contents":[{"Left":"First.Nat.suc"},[{"contents":[{"Left":"First.Nat.suc"},[{"contents":[{"Left":"First.Nat.zero"},[]],"tag":"App"}]],"tag":"App"}]],"tag":"App"}]],"tag":"App"},{"contents":[{"Left":"First.Nat.suc"},[]],"tag":"App"},{"contents":[{"Left":"First.Vec.con"},[{"contents":[{"Left":"First.Nat.suc"},[{"contents":[{"Left":"First.Nat.suc"},[{"contents":[{"Left":"First.Nat.zero"},[]],"tag":"App"}]],"tag":"App"}]],"tag":"App"},{"contents":[{"Left":"First.Nat.zero"},[]],"tag":"App"},{"contents":[{"Left":"First.Vec.con"},[{"contents":[{"Left":"First.Nat.suc"},[{"contents":[{"Left":"First.Nat.zero"},[]],"tag":"App"}]],"tag":"App"},{"contents":[{"Left":"First.Nat.suc"},[{"contents":[{"Left":"First.Nat.zero"},[]],"tag":"App"}]],"tag":"App"},{"contents":[{"Left":"First.Vec.con"},[{"contents":[{"Left":"First.Nat.zero"},[]],"tag":"App"},{"contents":[{"Left":"First.Nat.suc"},[{"contents":[{"Left":"First.Nat.suc"},[{"contents":[{"Left":"First.Nat.zero"},[]],"tag":"App"}]],"tag":"App"}]],"tag":"App"},{"contents":[{"Left":"First.Vec.nil"},[]],"tag":"App"}]],"tag":"App"}]],"tag":"App"}]],"tag":"App"}]],"tag":"App"}]],"tag":"App"}]],"tag":"App"},"reduced":{"contents":[{"Left":"First.Nat.suc"},[{"contents":[{"Left":"First.Nat.suc"},[{"contents":[{"Left":"First.Nat.zero"},[]],"tag":"App"}]],"tag":"App"}]],"tag":"App"},"simplified":{"contents":[{"Left":"First.Nat.suc"},[{"contents":[{"Left":"First.Nat.suc"},[{"contents":[{"Left":"First.Nat.zero"},[]],"tag":"App"}]],"tag":"App"}]],"tag":"App"}}},"namesUsed":["First.head","First.Nat","First.Nat.suc","First.Nat.zero","First.tail","First.Nat","First.Nat.suc","First.Nat.suc","First.Nat.zero","First.map","First.Nat","First.Nat","First.Nat.suc","First.Nat.suc","First.Nat.suc","First.Nat.zero","First.Nat.suc","First.Vec.con","First.Nat.suc","First.Nat.suc","First.Nat.zero","First.Nat.zero","First.Vec.con","First.Nat.suc","First.Nat.zero","First.Nat.suc","First.Nat.zero","First.Vec.con","First.Nat.zero","First.Nat.suc","First.Nat.suc","First.Nat.zero","First.Vec.nil"]},{"ctx":{"pretty":"","thing":[]},"goal":{"pretty":"Set","thing":{"normalised":null,"original":{"contents":"Set","tag":"Sort"},"reduced":null,"simplified":null}},"term":{"pretty":"Nat","thing":{"normalised":null,"original":{"contents":[{"Left":"First.Nat"},[]],"tag":"App"},"reduced":null,"simplified":null}},"namesUsed":["First.Nat"]},{"ctx":{"pretty":"","thing":[]},"goal":{"pretty":"Nat","thing":{"normalised":null,"original":{"contents":[{"Left":"First.Nat"},[]],"tag":"App"},"reduced":null,"simplified":null}},"term":{"pretty":"suc zero","thing":{"normalised":null,"original":{"contents":[{"Left":"First.Nat.suc"},[{"contents":[{"Left":"First.Nat.zero"},[]],"tag":"App"}]],"tag":"App"},"reduced":null,"simplified":null}},"namesUsed":["First.Nat.suc","First.Nat.zero"]},{"ctx":{"pretty":"","thing":[]},"goal":{"pretty":"Nat","thing":{"normalised":null,"original":{"contents":[{"Left":"First.Nat"},[]],"tag":"App"},"reduced":null,"simplified":null}},"term":{"pretty":"zero","thing":{"normalised":null,"original":{"contents":[{"Left":"First.Nat.zero"},[]],"tag":"App"},"reduced":null,"simplified":null}},"namesUsed":["First.Nat.zero"]},{"ctx":{"pretty":"","thing":[]},"goal":{"pretty":"Vec Nat (suc (suc zero))","thing":{"normalised":null,"original":{"contents":[{"Left":"First.Vec"},[{"contents":[{"Left":"First.Nat"},[]],"tag":"App"},{"contents":[{"Left":"First.Nat.suc"},[{"contents":[{"Left":"First.Nat.suc"},[{"contents":[{"Left":"First.Nat.zero"},[]],"tag":"App"}]],"tag":"App"}]],"tag":"App"}]],"tag":"App"},"reduced":null,"simplified":null}},"term":{"pretty":"tail\n(map suc (con zero (con (suc zero) (con (suc (suc zero)) nil))))","thing":{"normalised":{"contents":[{"Left":"First.Vec.con"},[{"contents":[{"Left":"First.Nat.suc"},[{"contents":[{"Left":"First.Nat.zero"},[]],"tag":"App"}]],"tag":"App"},{"contents":[{"Left":"First.Nat.suc"},[{"contents":[{"Left":"First.Nat.suc"},[{"contents":[{"Left":"First.Nat.zero"},[]],"tag":"App"}]],"tag":"App"}]],"tag":"App"},{"contents":[{"Left":"First.Vec.con"},[{"contents":[{"Left":"First.Nat.zero"},[]],"tag":"App"},{"contents":[{"Left":"First.Nat.suc"},[{"contents":[{"Left":"First.Nat.suc"},[{"contents":[{"Left":"First.Nat.suc"},[{"contents":[{"Left":"First.Nat.zero"},[]],"tag":"App"}]],"tag":"App"}]],"tag":"App"}]],"tag":"App"},{"contents":[{"Left":"First.Vec.nil"},[]],"tag":"App"}]],"tag":"App"}]],"tag":"App"},"original":{"contents":[{"Left":"First.tail"},[{"contents":[{"Left":"First.Nat"},[]],"tag":"App"},{"contents":[{"Left":"First.Nat.suc"},[{"contents":[{"Left":"First.Nat.suc"},[{"contents":[{"Left":"First.Nat.zero"},[]],"tag":"App"}]],"tag":"App"}]],"tag":"App"},{"contents":[{"Left":"First.map"},[{"contents":[{"Left":"First.Nat"},[]],"tag":"App"},{"contents":[{"Left":"First.Nat"},[]],"tag":"App"},{"contents":[{"Left":"First.Nat.suc"},[{"contents":[{"Left":"First.Nat.suc"},[{"contents":[{"Left":"First.Nat.suc"},[{"contents":[{"Left":"First.Nat.zero"},[]],"tag":"App"}]],"tag":"App"}]],"tag":"App"}]],"tag":"App"},{"contents":[{"Left":"First.Nat.suc"},[]],"tag":"App"},{"contents":[{"Left":"First.Vec.con"},[{"contents":[{"Left":"First.Nat.suc"},[{"contents":[{"Left":"First.Nat.suc"},[{"contents":[{"Left":"First.Nat.zero"},[]],"tag":"App"}]],"tag":"App"}]],"tag":"App"},{"contents":[{"Left":"First.Nat.zero"},[]],"tag":"App"},{"contents":[{"Left":"First.Vec.con"},[{"contents":[{"Left":"First.Nat.suc"},[{"contents":[{"Left":"First.Nat.zero"},[]],"tag":"App"}]],"tag":"App"},{"contents":[{"Left":"First.Nat.suc"},[{"contents":[{"Left":"First.Nat.zero"},[]],"tag":"App"}]],"tag":"App"},{"contents":[{"Left":"First.Vec.con"},[{"contents":[{"Left":"First.Nat.zero"},[]],"tag":"App"},{"contents":[{"Left":"First.Nat.suc"},[{"contents":[{"Left":"First.Nat.suc"},[{"contents":[{"Left":"First.Nat.zero"},[]],"tag":"App"}]],"tag":"App"}]],"tag":"App"},{"contents":[{"Left":"First.Vec.nil"},[]],"tag":"App"}]],"tag":"App"}]],"tag":"App"}]],"tag":"App"}]],"tag":"App"}]],"tag":"App"},"reduced":{"contents":[{"Left":"First.Vec.con"},[{"contents":[{"Left":"First.Nat.suc"},[{"contents":[{"Left":"First.Nat.zero"},[]],"tag":"App"}]],"tag":"App"},{"contents":[{"Left":"First.Nat.suc"},[{"contents":[{"Left":"First.Nat.suc"},[{"contents":[{"Left":"First.Nat.zero"},[]],"tag":"App"}]],"tag":"App"}]],"tag":"App"},{"contents":[{"Left":"First.map"},[{"contents":[{"Left":"First.Nat"},[]],"tag":"App"},{"contents":[{"Left":"First.Nat"},[]],"tag":"App"},{"contents":[{"Left":"First.Nat.suc"},[{"contents":[{"Left":"First.Nat.zero"},[]],"tag":"App"}]],"tag":"App"},{"contents":[{"Left":"First.Nat.suc"},[]],"tag":"App"},{"contents":[{"Left":"First.Vec.con"},[{"contents":[{"Left":"First.Nat.zero"},[]],"tag":"App"},{"contents":[{"Left":"First.Nat.suc"},[{"contents":[{"Left":"First.Nat.suc"},[{"contents":[{"Left":"First.Nat.zero"},[]],"tag":"App"}]],"tag":"App"}]],"tag":"App"},{"contents":[{"Left":"First.Vec.nil"},[]],"tag":"App"}]],"tag":"App"}]],"tag":"App"}]],"tag":"App"},"simplified":{"contents":[{"Left":"First.Vec.con"},[{"contents":[{"Left":"First.Nat.suc"},[{"contents":[{"Left":"First.Nat.zero"},[]],"tag":"App"}]],"tag":"App"},{"contents":[{"Left":"First.Nat.suc"},[{"contents":[{"Left":"First.Nat.suc"},[{"contents":[{"Left":"First.Nat.zero"},[]],"tag":"App"}]],"tag":"App"}]],"tag":"App"},{"contents":[{"Left":"First.Vec.con"},[{"contents":[{"Left":"First.Nat.zero"},[]],"tag":"App"},{"contents":[{"Left":"First.Nat.suc"},[{"contents":[{"Left":"First.Nat.suc"},[{"contents":[{"Left":"First.Nat.suc"},[{"contents":[{"Left":"First.Nat.zero"},[]],"tag":"App"}]],"tag":"App"}]],"tag":"App"}]],"tag":"App"},{"contents":[{"Left":"First.Vec.nil"},[]],"tag":"App"}]],"tag":"App"}]],"tag":"App"}}},"namesUsed":["First.tail","First.Nat","First.Nat.suc","First.Nat.suc","First.Nat.zero","First.map","First.Nat","First.Nat","First.Nat.suc","First.Nat.suc","First.Nat.suc","First.Nat.zero","First.Nat.suc","First.Vec.con","First.Nat.suc","First.Nat.suc","First.Nat.zero","First.Nat.zero","First.Vec.con","First.Nat.suc","First.Nat.zero","First.Nat.suc","First.Nat.zero","First.Vec.con","First.Nat.zero","First.Nat.suc","First.Nat.suc","First.Nat.zero","First.Vec.nil"]},{"ctx":{"pretty":"","thing":[]},"goal":{"pretty":"Set","thing":{"normalised":null,"original":{"contents":"Set","tag":"Sort"},"reduced":null,"simplified":null}},"term":{"pretty":"Nat","thing":{"normalised":null,"original":{"contents":[{"Left":"First.Nat"},[]],"tag":"App"},"reduced":null,"simplified":null}},"namesUsed":["First.Nat"]},{"ctx":{"pretty":"","thing":[]},"goal":{"pretty":"Nat","thing":{"normalised":null,"original":{"contents":[{"Left":"First.Nat"},[]],"tag":"App"},"reduced":null,"simplified":null}},"term":{"pretty":"suc (suc zero)","thing":{"normalised":null,"original":{"contents":[{"Left":"First.Nat.suc"},[{"contents":[{"Left":"First.Nat.suc"},[{"contents":[{"Left":"First.Nat.zero"},[]],"tag":"App"}]],"tag":"App"}]],"tag":"App"},"reduced":null,"simplified":null}},"namesUsed":["First.Nat.suc","First.Nat.suc","First.Nat.zero"]},{"ctx":{"pretty":"","thing":[]},"goal":{"pretty":"Nat","thing":{"normalised":null,"original":{"contents":[{"Left":"First.Nat"},[]],"tag":"App"},"reduced":null,"simplified":null}},"term":{"pretty":"suc zero","thing":{"normalised":null,"original":{"contents":[{"Left":"First.Nat.suc"},[{"contents":[{"Left":"First.Nat.zero"},[]],"tag":"App"}]],"tag":"App"},"reduced":null,"simplified":null}},"namesUsed":["First.Nat.suc","First.Nat.zero"]},{"ctx":{"pretty":"","thing":[]},"goal":{"pretty":"Nat","thing":{"normalised":null,"original":{"contents":[{"Left":"First.Nat"},[]],"tag":"App"},"reduced":null,"simplified":null}},"term":{"pretty":"zero","thing":{"normalised":null,"original":{"contents":[{"Left":"First.Nat.zero"},[]],"tag":"App"},"reduced":null,"simplified":null}},"namesUsed":["First.Nat.zero"]},{"ctx":{"pretty":"","thing":[]},"goal":{"pretty":"Vec Nat (suc (suc (suc zero)))","thing":{"normalised":null,"original":{"contents":[{"Left":"First.Vec"},[{"contents":[{"Left":"First.Nat"},[]],"tag":"App"},{"contents":[{"Left":"First.Nat.suc"},[{"contents":[{"Left":"First.Nat.suc"},[{"contents":[{"Left":"First.Nat.suc"},[{"contents":[{"Left":"First.Nat.zero"},[]],"tag":"App"}]],"tag":"App"}]],"tag":"App"}]],"tag":"App"}]],"tag":"App"},"reduced":null,"simplified":null}},"term":{"pretty":"map suc (con zero (con (suc zero) (con (suc (suc zero)) nil)))","thing":{"normalised":{"contents":[{"Left":"First.Vec.con"},[{"contents":[{"Left":"First.Nat.suc"},[{"contents":[{"Left":"First.Nat.suc"},[{"contents":[{"Left":"First.Nat.zero"},[]],"tag":"App"}]],"tag":"App"}]],"tag":"App"},{"contents":[{"Left":"First.Nat.suc"},[{"contents":[{"Left":"First.Nat.zero"},[]],"tag":"App"}]],"tag":"App"},{"contents":[{"Left":"First.Vec.con"},[{"contents":[{"Left":"First.Nat.suc"},[{"contents":[{"Left":"First.Nat.zero"},[]],"tag":"App"}]],"tag":"App"},{"contents":[{"Left":"First.Nat.suc"},[{"contents":[{"Left":"First.Nat.suc"},[{"contents":[{"Left":"First.Nat.zero"},[]],"tag":"App"}]],"tag":"App"}]],"tag":"App"},{"contents":[{"Left":"First.Vec.con"},[{"contents":[{"Left":"First.Nat.zero"},[]],"tag":"App"},{"contents":[{"Left":"First.Nat.suc"},[{"contents":[{"Left":"First.Nat.suc"},[{"contents":[{"Left":"First.Nat.suc"},[{"contents":[{"Left":"First.Nat.zero"},[]],"tag":"App"}]],"tag":"App"}]],"tag":"App"}]],"tag":"App"},{"contents":[{"Left":"First.Vec.nil"},[]],"tag":"App"}]],"tag":"App"}]],"tag":"App"}]],"tag":"App"},"original":{"contents":[{"Left":"First.map"},[{"contents":[{"Left":"First.Nat"},[]],"tag":"App"},{"contents":[{"Left":"First.Nat"},[]],"tag":"App"},{"contents":[{"Left":"First.Nat.suc"},[{"contents":[{"Left":"First.Nat.suc"},[{"contents":[{"Left":"First.Nat.suc"},[{"contents":[{"Left":"First.Nat.zero"},[]],"tag":"App"}]],"tag":"App"}]],"tag":"App"}]],"tag":"App"},{"contents":[{"Left":"First.Nat.suc"},[]],"tag":"App"},{"contents":[{"Left":"First.Vec.con"},[{"contents":[{"Left":"First.Nat.suc"},[{"contents":[{"Left":"First.Nat.suc"},[{"contents":[{"Left":"First.Nat.zero"},[]],"tag":"App"}]],"tag":"App"}]],"tag":"App"},{"contents":[{"Left":"First.Nat.zero"},[]],"tag":"App"},{"contents":[{"Left":"First.Vec.con"},[{"contents":[{"Left":"First.Nat.suc"},[{"contents":[{"Left":"First.Nat.zero"},[]],"tag":"App"}]],"tag":"App"},{"contents":[{"Left":"First.Nat.suc"},[{"contents":[{"Left":"First.Nat.zero"},[]],"tag":"App"}]],"tag":"App"},{"contents":[{"Left":"First.Vec.con"},[{"contents":[{"Left":"First.Nat.zero"},[]],"tag":"App"},{"contents":[{"Left":"First.Nat.suc"},[{"contents":[{"Left":"First.Nat.suc"},[{"contents":[{"Left":"First.Nat.zero"},[]],"tag":"App"}]],"tag":"App"}]],"tag":"App"},{"contents":[{"Left":"First.Vec.nil"},[]],"tag":"App"}]],"tag":"App"}]],"tag":"App"}]],"tag":"App"}]],"tag":"App"},"reduced":{"contents":[{"Left":"First.Vec.con"},[{"contents":[{"Left":"First.Nat.suc"},[{"contents":[{"Left":"First.Nat.suc"},[{"contents":[{"Left":"First.Nat.zero"},[]],"tag":"App"}]],"tag":"App"}]],"tag":"App"},{"contents":[{"Left":"First.Nat.suc"},[{"contents":[{"Left":"First.Nat.zero"},[]],"tag":"App"}]],"tag":"App"},{"contents":[{"Left":"First.map"},[{"contents":[{"Left":"First.Nat"},[]],"tag":"App"},{"contents":[{"Left":"First.Nat"},[]],"tag":"App"},{"contents":[{"Left":"First.Nat.suc"},[{"contents":[{"Left":"First.Nat.suc"},[{"contents":[{"Left":"First.Nat.zero"},[]],"tag":"App"}]],"tag":"App"}]],"tag":"App"},{"contents":[{"Left":"First.Nat.suc"},[]],"tag":"App"},{"contents":[{"Left":"First.Vec.con"},[{"contents":[{"Left":"First.Nat.suc"},[{"contents":[{"Left":"First.Nat.zero"},[]],"tag":"App"}]],"tag":"App"},{"contents":[{"Left":"First.Nat.suc"},[{"contents":[{"Left":"First.Nat.zero"},[]],"tag":"App"}]],"tag":"App"},{"contents":[{"Left":"First.Vec.con"},[{"contents":[{"Left":"First.Nat.zero"},[]],"tag":"App"},{"contents":[{"Left":"First.Nat.suc"},[{"contents":[{"Left":"First.Nat.suc"},[{"contents":[{"Left":"First.Nat.zero"},[]],"tag":"App"}]],"tag":"App"}]],"tag":"App"},{"contents":[{"Left":"First.Vec.nil"},[]],"tag":"App"}]],"tag":"App"}]],"tag":"App"}]],"tag":"App"}]],"tag":"App"},"simplified":{"contents":[{"Left":"First.Vec.con"},[{"contents":[{"Left":"First.Nat.suc"},[{"contents":[{"Left":"First.Nat.suc"},[{"contents":[{"Left":"First.Nat.zero"},[]],"tag":"App"}]],"tag":"App"}]],"tag":"App"},{"contents":[{"Left":"First.Nat.suc"},[{"contents":[{"Left":"First.Nat.zero"},[]],"tag":"App"}]],"tag":"App"},{"contents":[{"Left":"First.Vec.con"},[{"contents":[{"Left":"First.Nat.suc"},[{"contents":[{"Left":"First.Nat.zero"},[]],"tag":"App"}]],"tag":"App"},{"contents":[{"Left":"First.Nat.suc"},[{"contents":[{"Left":"First.Nat.suc"},[{"contents":[{"Left":"First.Nat.zero"},[]],"tag":"App"}]],"tag":"App"}]],"tag":"App"},{"contents":[{"Left":"First.Vec.con"},[{"contents":[{"Left":"First.Nat.zero"},[]],"tag":"App"},{"contents":[{"Left":"First.Nat.suc"},[{"contents":[{"Left":"First.Nat.suc"},[{"contents":[{"Left":"First.Nat.suc"},[{"contents":[{"Left":"First.Nat.zero"},[]],"tag":"App"}]],"tag":"App"}]],"tag":"App"}]],"tag":"App"},{"contents":[{"Left":"First.Vec.nil"},[]],"tag":"App"}]],"tag":"App"}]],"tag":"App"}]],"tag":"App"}}},"namesUsed":["First.map","First.Nat","First.Nat","First.Nat.suc","First.Nat.suc","First.Nat.suc","First.Nat.zero","First.Nat.suc","First.Vec.con","First.Nat.suc","First.Nat.suc","First.Nat.zero","First.Nat.zero","First.Vec.con","First.Nat.suc","First.Nat.zero","First.Nat.suc","First.Nat.zero","First.Vec.con","First.Nat.zero","First.Nat.suc","First.Nat.suc","First.Nat.zero","First.Vec.nil"]},{"ctx":{"pretty":"","thing":[]},"goal":{"pretty":"Set","thing":{"normalised":null,"original":{"contents":"Set","tag":"Sort"},"reduced":null,"simplified":null}},"term":{"pretty":"Nat","thing":{"normalised":null,"original":{"contents":[{"Left":"First.Nat"},[]],"tag":"App"},"reduced":null,"simplified":null}},"namesUsed":["First.Nat"]},{"ctx":{"pretty":"","thing":[]},"goal":{"pretty":"Set","thing":{"normalised":null,"original":{"contents":"Set","tag":"Sort"},"reduced":null,"simplified":null}},"term":{"pretty":"Nat","thing":{"normalised":null,"original":{"contents":[{"Left":"First.Nat"},[]],"tag":"App"},"reduced":null,"simplified":null}},"namesUsed":["First.Nat"]},{"ctx":{"pretty":"","thing":[]},"goal":{"pretty":"Nat","thing":{"normalised":null,"original":{"contents":[{"Left":"First.Nat"},[]],"tag":"App"},"reduced":null,"simplified":null}},"term":{"pretty":"suc (suc (suc zero))","thing":{"normalised":null,"original":{"contents":[{"Left":"First.Nat.suc"},[{"contents":[{"Left":"First.Nat.suc"},[{"contents":[{"Left":"First.Nat.suc"},[{"contents":[{"Left":"First.Nat.zero"},[]],"tag":"App"}]],"tag":"App"}]],"tag":"App"}]],"tag":"App"},"reduced":null,"simplified":null}},"namesUsed":["First.Nat.suc","First.Nat.suc","First.Nat.suc","First.Nat.zero"]},{"ctx":{"pretty":"","thing":[]},"goal":{"pretty":"Nat","thing":{"normalised":null,"original":{"contents":[{"Left":"First.Nat"},[]],"tag":"App"},"reduced":null,"simplified":null}},"term":{"pretty":"suc (suc zero)","thing":{"normalised":null,"original":{"contents":[{"Left":"First.Nat.suc"},[{"contents":[{"Left":"First.Nat.suc"},[{"contents":[{"Left":"First.Nat.zero"},[]],"tag":"App"}]],"tag":"App"}]],"tag":"App"},"reduced":null,"simplified":null}},"namesUsed":["First.Nat.suc","First.Nat.suc","First.Nat.zero"]},{"ctx":{"pretty":"","thing":[]},"goal":{"pretty":"Nat","thing":{"normalised":null,"original":{"contents":[{"Left":"First.Nat"},[]],"tag":"App"},"reduced":null,"simplified":null}},"term":{"pretty":"suc zero","thing":{"normalised":null,"original":{"contents":[{"Left":"First.Nat.suc"},[{"contents":[{"Left":"First.Nat.zero"},[]],"tag":"App"}]],"tag":"App"},"reduced":null,"simplified":null}},"namesUsed":["First.Nat.suc","First.Nat.zero"]},{"ctx":{"pretty":"","thing":[]},"goal":{"pretty":"Nat","thing":{"normalised":null,"original":{"contents":[{"Left":"First.Nat"},[]],"tag":"App"},"reduced":null,"simplified":null}},"term":{"pretty":"zero","thing":{"normalised":null,"original":{"contents":[{"Left":"First.Nat.zero"},[]],"tag":"App"},"reduced":null,"simplified":null}},"namesUsed":["First.Nat.zero"]},{"ctx":{"pretty":"","thing":[]},"goal":{"pretty":"Nat → Nat","thing":{"normalised":null,"original":{"contents":[{"item":{"contents":[{"Left":"First.Nat"},[]],"tag":"App"},"name":"_"},{"contents":[{"Left":"First.Nat"},[]],"tag":"App"}],"tag":"Pi"},"reduced":null,"simplified":null}},"term":{"pretty":"suc","thing":{"normalised":null,"original":{"contents":[{"Left":"First.Nat.suc"},[]],"tag":"App"},"reduced":null,"simplified":null}},"namesUsed":["First.Nat.suc"]},{"ctx":{"pretty":"","thing":[]},"goal":{"pretty":"Vec Nat (suc (suc (suc zero)))","thing":{"normalised":null,"original":{"contents":[{"Left":"First.Vec"},[{"contents":[{"Left":"First.Nat"},[]],"tag":"App"},{"contents":[{"Left":"First.Nat.suc"},[{"contents":[{"Left":"First.Nat.suc"},[{"contents":[{"Left":"First.Nat.suc"},[{"contents":[{"Left":"First.Nat.zero"},[]],"tag":"App"}]],"tag":"App"}]],"tag":"App"}]],"tag":"App"}]],"tag":"App"},"reduced":null,"simplified":null}},"term":{"pretty":"con zero (con (suc zero) (con (suc (suc zero)) nil))","thing":{"normalised":null,"original":{"contents":[{"Left":"First.Vec.con"},[{"contents":[{"Left":"First.Nat.suc"},[{"contents":[{"Left":"First.Nat.suc"},[{"contents":[{"Left":"First.Nat.zero"},[]],"tag":"App"}]],"tag":"App"}]],"tag":"App"},{"contents":[{"Left":"First.Nat.zero"},[]],"tag":"App"},{"contents":[{"Left":"First.Vec.con"},[{"contents":[{"Left":"First.Nat.suc"},[{"contents":[{"Left":"First.Nat.zero"},[]],"tag":"App"}]],"tag":"App"},{"contents":[{"Left":"First.Nat.suc"},[{"contents":[{"Left":"First.Nat.zero"},[]],"tag":"App"}]],"tag":"App"},{"contents":[{"Left":"First.Vec.con"},[{"contents":[{"Left":"First.Nat.zero"},[]],"tag":"App"},{"contents":[{"Left":"First.Nat.suc"},[{"contents":[{"Left":"First.Nat.suc"},[{"contents":[{"Left":"First.Nat.zero"},[]],"tag":"App"}]],"tag":"App"}]],"tag":"App"},{"contents":[{"Left":"First.Vec.nil"},[]],"tag":"App"}]],"tag":"App"}]],"tag":"App"}]],"tag":"App"},"reduced":null,"simplified":null}},"namesUsed":["First.Vec.con","First.Nat.suc","First.Nat.suc","First.Nat.zero","First.Nat.zero","First.Vec.con","First.Nat.suc","First.Nat.zero","First.Nat.suc","First.Nat.zero","First.Vec.con","First.Nat.zero","First.Nat.suc","First.Nat.suc","First.Nat.zero","First.Vec.nil"]},{"ctx":{"pretty":"","thing":[]},"goal":{"pretty":"Nat","thing":{"normalised":null,"original":{"contents":[{"Left":"First.Nat"},[]],"tag":"App"},"reduced":null,"simplified":null}},"term":{"pretty":"suc (suc zero)","thing":{"normalised":null,"original":{"contents":[{"Left":"First.Nat.suc"},[{"contents":[{"Left":"First.Nat.suc"},[{"contents":[{"Left":"First.Nat.zero"},[]],"tag":"App"}]],"tag":"App"}]],"tag":"App"},"reduced":null,"simplified":null}},"namesUsed":["First.Nat.suc","First.Nat.suc","First.Nat.zero"]},{"ctx":{"pretty":"","thing":[]},"goal":{"pretty":"Nat","thing":{"normalised":null,"original":{"contents":[{"Left":"First.Nat"},[]],"tag":"App"},"reduced":null,"simplified":null}},"term":{"pretty":"suc zero","thing":{"normalised":null,"original":{"contents":[{"Left":"First.Nat.suc"},[{"contents":[{"Left":"First.Nat.zero"},[]],"tag":"App"}]],"tag":"App"},"reduced":null,"simplified":null}},"namesUsed":["First.Nat.suc","First.Nat.zero"]},{"ctx":{"pretty":"","thing":[]},"goal":{"pretty":"Nat","thing":{"normalised":null,"original":{"contents":[{"Left":"First.Nat"},[]],"tag":"App"},"reduced":null,"simplified":null}},"term":{"pretty":"zero","thing":{"normalised":null,"original":{"contents":[{"Left":"First.Nat.zero"},[]],"tag":"App"},"reduced":null,"simplified":null}},"namesUsed":["First.Nat.zero"]},{"ctx":{"pretty":"","thing":[]},"goal":{"pretty":"Nat","thing":{"normalised":null,"original":{"contents":[{"Left":"First.Nat"},[]],"tag":"App"},"reduced":null,"simplified":null}},"term":{"pretty":"zero","thing":{"normalised":null,"original":{"contents":[{"Left":"First.Nat.zero"},[]],"tag":"App"},"reduced":null,"simplified":null}},"namesUsed":["First.Nat.zero"]},{"ctx":{"pretty":"","thing":[]},"goal":{"pretty":"Vec Nat (suc (suc zero))","thing":{"normalised":null,"original":{"contents":[{"Left":"First.Vec"},[{"contents":[{"Left":"First.Nat"},[]],"tag":"App"},{"contents":[{"Left":"First.Nat.suc"},[{"contents":[{"Left":"First.Nat.suc"},[{"contents":[{"Left":"First.Nat.zero"},[]],"tag":"App"}]],"tag":"App"}]],"tag":"App"}]],"tag":"App"},"reduced":null,"simplified":null}},"term":{"pretty":"con (suc zero) (con (suc (suc zero)) nil)","thing":{"normalised":null,"original":{"contents":[{"Left":"First.Vec.con"},[{"contents":[{"Left":"First.Nat.suc"},[{"contents":[{"Left":"First.Nat.zero"},[]],"tag":"App"}]],"tag":"App"},{"contents":[{"Left":"First.Nat.suc"},[{"contents":[{"Left":"First.Nat.zero"},[]],"tag":"App"}]],"tag":"App"},{"contents":[{"Left":"First.Vec.con"},[{"contents":[{"Left":"First.Nat.zero"},[]],"tag":"App"},{"contents":[{"Left":"First.Nat.suc"},[{"contents":[{"Left":"First.Nat.suc"},[{"contents":[{"Left":"First.Nat.zero"},[]],"tag":"App"}]],"tag":"App"}]],"tag":"App"},{"contents":[{"Left":"First.Vec.nil"},[]],"tag":"App"}]],"tag":"App"}]],"tag":"App"},"reduced":null,"simplified":null}},"namesUsed":["First.Vec.con","First.Nat.suc","First.Nat.zero","First.Nat.suc","First.Nat.zero","First.Vec.con","First.Nat.zero","First.Nat.suc","First.Nat.suc","First.Nat.zero","First.Vec.nil"]},{"ctx":{"pretty":"","thing":[]},"goal":{"pretty":"Nat","thing":{"normalised":null,"original":{"contents":[{"Left":"First.Nat"},[]],"tag":"App"},"reduced":null,"simplified":null}},"term":{"pretty":"suc zero","thing":{"normalised":null,"original":{"contents":[{"Left":"First.Nat.suc"},[{"contents":[{"Left":"First.Nat.zero"},[]],"tag":"App"}]],"tag":"App"},"reduced":null,"simplified":null}},"namesUsed":["First.Nat.suc","First.Nat.zero"]},{"ctx":{"pretty":"","thing":[]},"goal":{"pretty":"Nat","thing":{"normalised":null,"original":{"contents":[{"Left":"First.Nat"},[]],"tag":"App"},"reduced":null,"simplified":null}},"term":{"pretty":"zero","thing":{"normalised":null,"original":{"contents":[{"Left":"First.Nat.zero"},[]],"tag":"App"},"reduced":null,"simplified":null}},"namesUsed":["First.Nat.zero"]},{"ctx":{"pretty":"","thing":[]},"goal":{"pretty":"Nat","thing":{"normalised":null,"original":{"contents":[{"Left":"First.Nat"},[]],"tag":"App"},"reduced":null,"simplified":null}},"term":{"pretty":"suc zero","thing":{"normalised":null,"original":{"contents":[{"Left":"First.Nat.suc"},[{"contents":[{"Left":"First.Nat.zero"},[]],"tag":"App"}]],"tag":"App"},"reduced":null,"simplified":null}},"namesUsed":["First.Nat.suc","First.Nat.zero"]},{"ctx":{"pretty":"","thing":[]},"goal":{"pretty":"Nat","thing":{"normalised":null,"original":{"contents":[{"Left":"First.Nat"},[]],"tag":"App"},"reduced":null,"simplified":null}},"term":{"pretty":"zero","thing":{"normalised":null,"original":{"contents":[{"Left":"First.Nat.zero"},[]],"tag":"App"},"reduced":null,"simplified":null}},"namesUsed":["First.Nat.zero"]},{"ctx":{"pretty":"","thing":[]},"goal":{"pretty":"Vec Nat (suc zero)","thing":{"normalised":null,"original":{"contents":[{"Left":"First.Vec"},[{"contents":[{"Left":"First.Nat"},[]],"tag":"App"},{"contents":[{"Left":"First.Nat.suc"},[{"contents":[{"Left":"First.Nat.zero"},[]],"tag":"App"}]],"tag":"App"}]],"tag":"App"},"reduced":null,"simplified":null}},"term":{"pretty":"con (suc (suc zero)) nil","thing":{"normalised":null,"original":{"contents":[{"Left":"First.Vec.con"},[{"contents":[{"Left":"First.Nat.zero"},[]],"tag":"App"},{"contents":[{"Left":"First.Nat.suc"},[{"contents":[{"Left":"First.Nat.suc"},[{"contents":[{"Left":"First.Nat.zero"},[]],"tag":"App"}]],"tag":"App"}]],"tag":"App"},{"contents":[{"Left":"First.Vec.nil"},[]],"tag":"App"}]],"tag":"App"},"reduced":null,"simplified":null}},"namesUsed":["First.Vec.con","First.Nat.zero","First.Nat.suc","First.Nat.suc","First.Nat.zero","First.Vec.nil"]},{"ctx":{"pretty":"","thing":[]},"goal":{"pretty":"Nat","thing":{"normalised":null,"original":{"contents":[{"Left":"First.Nat"},[]],"tag":"App"},"reduced":null,"simplified":null}},"term":{"pretty":"zero","thing":{"normalised":null,"original":{"contents":[{"Left":"First.Nat.zero"},[]],"tag":"App"},"reduced":null,"simplified":null}},"namesUsed":["First.Nat.zero"]},{"ctx":{"pretty":"","thing":[]},"goal":{"pretty":"Nat","thing":{"normalised":null,"original":{"contents":[{"Left":"First.Nat"},[]],"tag":"App"},"reduced":null,"simplified":null}},"term":{"pretty":"suc (suc zero)","thing":{"normalised":null,"original":{"contents":[{"Left":"First.Nat.suc"},[{"contents":[{"Left":"First.Nat.suc"},[{"contents":[{"Left":"First.Nat.zero"},[]],"tag":"App"}]],"tag":"App"}]],"tag":"App"},"reduced":null,"simplified":null}},"namesUsed":["First.Nat.suc","First.Nat.suc","First.Nat.zero"]},{"ctx":{"pretty":"","thing":[]},"goal":{"pretty":"Nat","thing":{"normalised":null,"original":{"contents":[{"Left":"First.Nat"},[]],"tag":"App"},"reduced":null,"simplified":null}},"term":{"pretty":"suc zero","thing":{"normalised":null,"original":{"contents":[{"Left":"First.Nat.suc"},[{"contents":[{"Left":"First.Nat.zero"},[]],"tag":"App"}]],"tag":"App"},"reduced":null,"simplified":null}},"namesUsed":["First.Nat.suc","First.Nat.zero"]},{"ctx":{"pretty":"","thing":[]},"goal":{"pretty":"Nat","thing":{"normalised":null,"original":{"contents":[{"Left":"First.Nat"},[]],"tag":"App"},"reduced":null,"simplified":null}},"term":{"pretty":"zero","thing":{"normalised":null,"original":{"contents":[{"Left":"First.Nat.zero"},[]],"tag":"App"},"reduced":null,"simplified":null}},"namesUsed":["First.Nat.zero"]},{"ctx":{"pretty":"","thing":[]},"goal":{"pretty":"Vec Nat zero","thing":{"normalised":null,"original":{"contents":[{"Left":"First.Vec"},[{"contents":[{"Left":"First.Nat"},[]],"tag":"App"},{"contents":[{"Left":"First.Nat.zero"},[]],"tag":"App"}]],"tag":"App"},"reduced":null,"simplified":null}},"term":{"pretty":"nil","thing":{"normalised":null,"original":{"contents":[{"Left":"First.Vec.nil"},[]],"tag":"App"},"reduced":null,"simplified":null}},"namesUsed":["First.Vec.nil"]},{"ctx":{"pretty":"","thing":[]},"goal":{"pretty":"Nat","thing":{"normalised":null,"original":{"contents":[{"Left":"First.Nat"},[]],"tag":"App"},"reduced":null,"simplified":null}},"term":{"pretty":"zero","thing":{"normalised":null,"original":{"contents":[{"Left":"First.Nat.zero"},[]],"tag":"App"},"reduced":null,"simplified":null}},"namesUsed":["First.Nat.zero"]},{"ctx":{"pretty":"","thing":[]},"goal":{"pretty":"Nat","thing":{"normalised":null,"original":{"contents":[{"Left":"First.Nat"},[]],"tag":"App"},"reduced":null,"simplified":null}},"term":{"pretty":"123'#|H\\x65llo","thing":{"normalised":{"contents":[{"Left":"First.Nat.zero"},[]],"tag":"App"},"original":{"contents":[{"Left":"First.123'#|H\\x65llo"},[]],"tag":"App"},"reduced":{"contents":[{"Left":"First.Nat.zero"},[]],"tag":"App"},"simplified":null}},"namesUsed":["First.123'#|H\\x65llo"]},{"ctx":{"pretty":"(n : Nat)","thing":[{"item":{"contents":[{"Left":"First.Nat"},[]],"tag":"App"},"name":"n"}]},"goal":{"pretty":"Nat","thing":{"normalised":null,"original":{"contents":[{"Left":"First.Nat"},[]],"tag":"App"},"reduced":null,"simplified":null}},"term":{"pretty":"suc n","thing":{"normalised":null,"original":{"contents":[{"Left":"First.Nat.suc"},[{"contents":[{"Right":0},[]],"tag":"App"}]],"tag":"App"},"reduced":null,"simplified":null}},"namesUsed":["First.Nat.suc"]},{"ctx":{"pretty":"","thing":[]},"goal":{"pretty":"Nat","thing":{"normalised":null,"original":{"contents":[{"Left":"First.Nat"},[]],"tag":"App"},"reduced":null,"simplified":null}},"term":{"pretty":"suc (suc zero)","thing":{"normalised":null,"original":{"contents":[{"Left":"First.Nat.suc"},[{"contents":[{"Left":"First.Nat.suc"},[{"contents":[{"Left":"First.Nat.zero"},[]],"tag":"App"}]],"tag":"App"}]],"tag":"App"},"reduced":null,"simplified":null}},"namesUsed":["First.Nat.suc","First.Nat.suc","First.Nat.zero"]},{"ctx":{"pretty":"","thing":[]},"goal":{"pretty":"Nat","thing":{"normalised":null,"original":{"contents":[{"Left":"First.Nat"},[]],"tag":"App"},"reduced":null,"simplified":null}},"term":{"pretty":"suc zero","thing":{"normalised":null,"original":{"contents":[{"Left":"First.Nat.suc"},[{"contents":[{"Left":"First.Nat.zero"},[]],"tag":"App"}]],"tag":"App"},"reduced":null,"simplified":null}},"namesUsed":["First.Nat.suc","First.Nat.zero"]},{"ctx":{"pretty":"","thing":[]},"goal":{"pretty":"Nat","thing":{"normalised":null,"original":{"contents":[{"Left":"First.Nat"},[]],"tag":"App"},"reduced":null,"simplified":null}},"term":{"pretty":"zero","thing":{"normalised":null,"original":{"contents":[{"Left":"First.Nat.zero"},[]],"tag":"App"},"reduced":null,"simplified":null}},"namesUsed":["First.Nat.zero"]},{"ctx":{"pretty":"","thing":[]},"goal":{"pretty":"Nat","thing":{"normalised":null,"original":{"contents":[{"Left":"First.Nat"},[]],"tag":"App"},"reduced":null,"simplified":null}},"term":{"pretty":"suc (suc zero)","thing":{"normalised":null,"original":{"contents":[{"Left":"First.Nat.suc"},[{"contents":[{"Left":"First.Nat.suc"},[{"contents":[{"Left":"First.Nat.zero"},[]],"tag":"App"}]],"tag":"App"}]],"tag":"App"},"reduced":null,"simplified":null}},"namesUsed":["First.Nat.suc","First.Nat.suc","First.Nat.zero"]},{"ctx":{"pretty":"","thing":[]},"goal":{"pretty":"Nat","thing":{"normalised":null,"original":{"contents":[{"Left":"First.Nat"},[]],"tag":"App"},"reduced":null,"simplified":null}},"term":{"pretty":"suc zero","thing":{"normalised":null,"original":{"contents":[{"Left":"First.Nat.suc"},[{"contents":[{"Left":"First.Nat.zero"},[]],"tag":"App"}]],"tag":"App"},"reduced":null,"simplified":null}},"namesUsed":["First.Nat.suc","First.Nat.zero"]},{"ctx":{"pretty":"","thing":[]},"goal":{"pretty":"Nat","thing":{"normalised":null,"original":{"contents":[{"Left":"First.Nat"},[]],"tag":"App"},"reduced":null,"simplified":null}},"term":{"pretty":"zero","thing":{"normalised":null,"original":{"contents":[{"Left":"First.Nat.zero"},[]],"tag":"App"},"reduced":null,"simplified":null}},"namesUsed":["First.Nat.zero"]},{"ctx":{"pretty":"","thing":[]},"goal":{"pretty":"Nat","thing":{"normalised":null,"original":{"contents":[{"Left":"First.Nat"},[]],"tag":"App"},"reduced":null,"simplified":null}},"term":{"pretty":"suc (suc zero)","thing":{"normalised":null,"original":{"contents":[{"Left":"First.Nat.suc"},[{"contents":[{"Left":"First.Nat.suc"},[{"contents":[{"Left":"First.Nat.zero"},[]],"tag":"App"}]],"tag":"App"}]],"tag":"App"},"reduced":null,"simplified":null}},"namesUsed":["First.Nat.suc","First.Nat.suc","First.Nat.zero"]},{"ctx":{"pretty":"","thing":[]},"goal":{"pretty":"Nat","thing":{"normalised":null,"original":{"contents":[{"Left":"First.Nat"},[]],"tag":"App"},"reduced":null,"simplified":null}},"term":{"pretty":"suc zero","thing":{"normalised":null,"original":{"contents":[{"Left":"First.Nat.suc"},[{"contents":[{"Left":"First.Nat.zero"},[]],"tag":"App"}]],"tag":"App"},"reduced":null,"simplified":null}},"namesUsed":["First.Nat.suc","First.Nat.zero"]},{"ctx":{"pretty":"","thing":[]},"goal":{"pretty":"Nat","thing":{"normalised":null,"original":{"contents":[{"Left":"First.Nat"},[]],"tag":"App"},"reduced":null,"simplified":null}},"term":{"pretty":"zero","thing":{"normalised":null,"original":{"contents":[{"Left":"First.Nat.zero"},[]],"tag":"App"},"reduced":null,"simplified":null}},"namesUsed":["First.Nat.zero"]},{"ctx":{"pretty":"","thing":[]},"goal":{"pretty":"Nat","thing":{"normalised":null,"original":{"contents":[{"Left":"First.Nat"},[]],"tag":"App"},"reduced":null,"simplified":null}},"term":{"pretty":"suc (suc zero)","thing":{"normalised":null,"original":{"contents":[{"Left":"First.Nat.suc"},[{"contents":[{"Left":"First.Nat.suc"},[{"contents":[{"Left":"First.Nat.zero"},[]],"tag":"App"}]],"tag":"App"}]],"tag":"App"},"reduced":null,"simplified":null}},"namesUsed":["First.Nat.suc","First.Nat.suc","First.Nat.zero"]},{"ctx":{"pretty":"","thing":[]},"goal":{"pretty":"Nat","thing":{"normalised":null,"original":{"contents":[{"Left":"First.Nat"},[]],"tag":"App"},"reduced":null,"simplified":null}},"term":{"pretty":"suc zero","thing":{"normalised":null,"original":{"contents":[{"Left":"First.Nat.suc"},[{"contents":[{"Left":"First.Nat.zero"},[]],"tag":"App"}]],"tag":"App"},"reduced":null,"simplified":null}},"namesUsed":["First.Nat.suc","First.Nat.zero"]},{"ctx":{"pretty":"","thing":[]},"goal":{"pretty":"Nat","thing":{"normalised":null,"original":{"contents":[{"Left":"First.Nat"},[]],"tag":"App"},"reduced":null,"simplified":null}},"term":{"pretty":"zero","thing":{"normalised":null,"original":{"contents":[{"Left":"First.Nat.zero"},[]],"tag":"App"},"reduced":null,"simplified":null}},"namesUsed":["First.Nat.zero"]}]}