{"scope":{"item":[{"item":{"pretty":"Importee.ℕ","thing":{"normalised":null,"original":{"contents":[{"Left":"Importee.ℕ"},[]],"tag":"App"},"reduced":null,"simplified":null}},"name":"Importee2.n"},{"item":{"pretty":"Importee.Rel₂ Importee.ℕ","thing":{"normalised":{"contents":[{"item":{"contents":[{"Left":"Importee.ℕ"},[]],"tag":"App"},"name":"_"},{"contents":[{"item":{"contents":[{"Left":"Importee.ℕ"},[]],"tag":"App"},"name":"_"},{"contents":"Set","tag":"Sort"}],"tag":"Pi"}],"tag":"Pi"},"original":{"contents":[{"Left":"Importee.Rel₂"},[{"contents":[{"Left":"Importee.ℕ"},[]],"tag":"App"}]],"tag":"App"},"reduced":{"contents":[{"item":{"contents":[{"Left":"Importee.ℕ"},[]],"tag":"App"},"name":"_"},{"contents":[{"item":{"contents":[{"Left":"Importee.ℕ"},[]],"tag":"App"},"name":"_"},{"contents":"Set","tag":"Sort"}],"tag":"Pi"}],"tag":"Pi"},"simplified":null}},"name":"Importee2._~_"}],"name":"Importer"},"samples":[]}