{"scope":{"item":[{"item":{"pretty":"Set → Set₁","thing":{"normalised":null,"original":{"contents":[{"item":{"contents":"Set","tag":"Sort"},"name":"_"},{"contents":"Set1","tag":"Sort"}],"tag":"Pi"},"reduced":null,"simplified":null}},"name":"Importee.Rel₂"},{"item":{"pretty":"ℕ","thing":{"normalised":null,"original":{"contents":[{"Left":"Importee.ℕ"},[]],"tag":"App"},"reduced":null,"simplified":null}},"name":"Importee2.n"},{"item":{"pretty":"Rel₂ ℕ","thing":{"normalised":{"contents":[{"item":{"contents":[{"Left":"Importee.ℕ"},[]],"tag":"App"},"name":"_"},{"contents":[{"item":{"contents":[{"Left":"Importee.ℕ"},[]],"tag":"App"},"name":"_"},{"contents":"Set","tag":"Sort"}],"tag":"Pi"}],"tag":"Pi"},"original":{"contents":[{"Left":"Importee.Rel₂"},[{"contents":[{"Left":"Importee.ℕ"},[]],"tag":"App"}]],"tag":"App"},"reduced":{"contents":[{"item":{"contents":[{"Left":"Importee.ℕ"},[]],"tag":"App"},"name":"_"},{"contents":[{"item":{"contents":[{"Left":"Importee.ℕ"},[]],"tag":"App"},"name":"_"},{"contents":"Set","tag":"Sort"}],"tag":"Pi"}],"tag":"Pi"},"simplified":null}},"name":"Importee2._~_"},{"item":{"pretty":"Set → Set","thing":{"normalised":null,"original":{"contents":[{"item":{"contents":"Set","tag":"Sort"},"name":"_"},{"contents":"Set","tag":"Sort"}],"tag":"Pi"},"reduced":null,"simplified":null}},"name":"Importee.Op₂"},{"item":{"pretty":"Set","thing":{"normalised":null,"original":{"contents":"Set","tag":"Sort"},"reduced":null,"simplified":null}},"name":"Importee.ℕ"},{"item":{"pretty":"ℕ","thing":{"normalised":null,"original":{"contents":[{"Left":"Importee.ℕ"},[]],"tag":"App"},"reduced":null,"simplified":null}},"name":"Importee.𝟘"},{"item":{"pretty":"ℕ","thing":{"normalised":null,"original":{"contents":[{"Left":"Importee.ℕ"},[]],"tag":"App"},"reduced":null,"simplified":null}},"name":"Importee.𝟙"},{"item":{"pretty":"ℕ","thing":{"normalised":null,"original":{"contents":[{"Left":"Importee.ℕ"},[]],"tag":"App"},"reduced":null,"simplified":null}},"name":"Importee.𝟚"},{"item":{"pretty":"ℕ","thing":{"normalised":null,"original":{"contents":[{"Left":"Importee.ℕ"},[]],"tag":"App"},"reduced":null,"simplified":null}},"name":"Importee.𝟛"},{"item":{"pretty":"Rel₂ ℕ","thing":{"normalised":{"contents":[{"item":{"contents":[{"Left":"Importee.ℕ"},[]],"tag":"App"},"name":"_"},{"contents":[{"item":{"contents":[{"Left":"Importee.ℕ"},[]],"tag":"App"},"name":"_"},{"contents":"Set","tag":"Sort"}],"tag":"Pi"}],"tag":"Pi"},"original":{"contents":[{"Left":"Importee.Rel₂"},[{"contents":[{"Left":"Importee.ℕ"},[]],"tag":"App"}]],"tag":"App"},"reduced":{"contents":[{"item":{"contents":[{"Left":"Importee.ℕ"},[]],"tag":"App"},"name":"_"},{"contents":[{"item":{"contents":[{"Left":"Importee.ℕ"},[]],"tag":"App"},"name":"_"},{"contents":"Set","tag":"Sort"}],"tag":"Pi"}],"tag":"Pi"},"simplified":null}},"name":"Importee._≡_"},{"item":{"pretty":"Op₂ ℕ","thing":{"normalised":{"contents":[{"item":{"contents":[{"Left":"Importee.ℕ"},[]],"tag":"App"},"name":"_"},{"contents":[{"item":{"contents":[{"Left":"Importee.ℕ"},[]],"tag":"App"},"name":"_"},{"contents":[{"Left":"Importee.ℕ"},[]],"tag":"App"}],"tag":"Pi"}],"tag":"Pi"},"original":{"contents":[{"Left":"Importee.Op₂"},[{"contents":[{"Left":"Importee.ℕ"},[]],"tag":"App"}]],"tag":"App"},"reduced":{"contents":[{"item":{"contents":[{"Left":"Importee.ℕ"},[]],"tag":"App"},"name":"_"},{"contents":[{"item":{"contents":[{"Left":"Importee.ℕ"},[]],"tag":"App"},"name":"_"},{"contents":[{"Left":"Importee.ℕ"},[]],"tag":"App"}],"tag":"Pi"}],"tag":"Pi"},"simplified":null}},"name":"Importee._+_"},{"item":{"pretty":"Op₂ ℕ","thing":{"normalised":{"contents":[{"item":{"contents":[{"Left":"Importee.ℕ"},[]],"tag":"App"},"name":"_"},{"contents":[{"item":{"contents":[{"Left":"Importee.ℕ"},[]],"tag":"App"},"name":"_"},{"contents":[{"Left":"Importee.ℕ"},[]],"tag":"App"}],"tag":"Pi"}],"tag":"Pi"},"original":{"contents":[{"Left":"Importee.Op₂"},[{"contents":[{"Left":"Importee.ℕ"},[]],"tag":"App"}]],"tag":"App"},"reduced":{"contents":[{"item":{"contents":[{"Left":"Importee.ℕ"},[]],"tag":"App"},"name":"_"},{"contents":[{"item":{"contents":[{"Left":"Importee.ℕ"},[]],"tag":"App"},"name":"_"},{"contents":[{"Left":"Importee.ℕ"},[]],"tag":"App"}],"tag":"Pi"}],"tag":"Pi"},"simplified":null}},"name":"Importee._*_"},{"item":{"pretty":"Op₂ ℕ","thing":{"normalised":{"contents":[{"item":{"contents":[{"Left":"Importee.ℕ"},[]],"tag":"App"},"name":"_"},{"contents":[{"item":{"contents":[{"Left":"Importee.ℕ"},[]],"tag":"App"},"name":"_"},{"contents":[{"Left":"Importee.ℕ"},[]],"tag":"App"}],"tag":"Pi"}],"tag":"Pi"},"original":{"contents":[{"Left":"Importee.Op₂"},[{"contents":[{"Left":"Importee.ℕ"},[]],"tag":"App"}]],"tag":"App"},"reduced":{"contents":[{"item":{"contents":[{"Left":"Importee.ℕ"},[]],"tag":"App"},"name":"_"},{"contents":[{"item":{"contents":[{"Left":"Importee.ℕ"},[]],"tag":"App"},"name":"_"},{"contents":[{"Left":"Importee.ℕ"},[]],"tag":"App"}],"tag":"Pi"}],"tag":"Pi"},"simplified":null}},"name":"Importee._/_"},{"item":{"pretty":"Op₂ ℕ","thing":{"normalised":{"contents":[{"item":{"contents":[{"Left":"Importee.ℕ"},[]],"tag":"App"},"name":"_"},{"contents":[{"item":{"contents":[{"Left":"Importee.ℕ"},[]],"tag":"App"},"name":"_"},{"contents":[{"Left":"Importee.ℕ"},[]],"tag":"App"}],"tag":"Pi"}],"tag":"Pi"},"original":{"contents":[{"Left":"Importee.Op₂"},[{"contents":[{"Left":"Importee.ℕ"},[]],"tag":"App"}]],"tag":"App"},"reduced":{"contents":[{"item":{"contents":[{"Left":"Importee.ℕ"},[]],"tag":"App"},"name":"_"},{"contents":[{"item":{"contents":[{"Left":"Importee.ℕ"},[]],"tag":"App"},"name":"_"},{"contents":[{"Left":"Importee.ℕ"},[]],"tag":"App"}],"tag":"Pi"}],"tag":"Pi"},"simplified":null}},"name":"Importee._-_"},{"item":{"pretty":"{x y : ℕ} → (x + y) ≡ (y + x)","thing":{"normalised":null,"original":{"contents":[{"item":{"contents":[{"Left":"Importee.ℕ"},[]],"tag":"App"},"name":"x"},{"contents":[{"item":{"contents":[{"Left":"Importee.ℕ"},[]],"tag":"App"},"name":"y"},{"contents":[{"Left":"Importee._≡_"},[{"contents":[{"Left":"Importee._+_"},[{"contents":[{"Right":1},[]],"tag":"App"},{"contents":[{"Right":0},[]],"tag":"App"}]],"tag":"App"},{"contents":[{"Left":"Importee._+_"},[{"contents":[{"Right":0},[]],"tag":"App"},{"contents":[{"Right":1},[]],"tag":"App"}]],"tag":"App"}]],"tag":"App"}],"tag":"Pi"}],"tag":"Pi"},"reduced":null,"simplified":null}},"name":"Importee.+-comm"},{"item":{"pretty":"{x y z : ℕ} → (x + (y + z)) ≡ ((x + y) + z)","thing":{"normalised":null,"original":{"contents":[{"item":{"contents":[{"Left":"Importee.ℕ"},[]],"tag":"App"},"name":"x"},{"contents":[{"item":{"contents":[{"Left":"Importee.ℕ"},[]],"tag":"App"},"name":"y"},{"contents":[{"item":{"contents":[{"Left":"Importee.ℕ"},[]],"tag":"App"},"name":"z"},{"contents":[{"Left":"Importee._≡_"},[{"contents":[{"Left":"Importee._+_"},[{"contents":[{"Right":2},[]],"tag":"App"},{"contents":[{"Left":"Importee._+_"},[{"contents":[{"Right":1},[]],"tag":"App"},{"contents":[{"Right":0},[]],"tag":"App"}]],"tag":"App"}]],"tag":"App"},{"contents":[{"Left":"Importee._+_"},[{"contents":[{"Left":"Importee._+_"},[{"contents":[{"Right":2},[]],"tag":"App"},{"contents":[{"Right":1},[]],"tag":"App"}]],"tag":"App"},{"contents":[{"Right":0},[]],"tag":"App"}]],"tag":"App"}]],"tag":"App"}],"tag":"Pi"}],"tag":"Pi"}],"tag":"Pi"},"reduced":null,"simplified":null}},"name":"Importee.+-assoc"},{"item":{"pretty":"(𝟙 + 𝟙) ≡ 𝟚","thing":{"normalised":null,"original":{"contents":[{"Left":"Importee._≡_"},[{"contents":[{"Left":"Importee._+_"},[{"contents":[{"Left":"Importee.𝟙"},[]],"tag":"App"},{"contents":[{"Left":"Importee.𝟙"},[]],"tag":"App"}]],"tag":"App"},{"contents":[{"Left":"Importee.𝟚"},[]],"tag":"App"}]],"tag":"App"},"reduced":null,"simplified":null}},"name":"Importee.example"},{"item":{"pretty":"ℕ → ℕ","thing":{"normalised":null,"original":{"contents":[{"item":{"contents":[{"Left":"Importee.ℕ"},[]],"tag":"App"},"name":"_"},{"contents":[{"Left":"Importee.ℕ"},[]],"tag":"App"}],"tag":"Pi"},"reduced":null,"simplified":null}},"name":"Importee._+nasty"},{"item":{"pretty":"ℕ → ℕ","thing":{"normalised":null,"original":{"contents":[{"item":{"contents":[{"Left":"Importee.ℕ"},[]],"tag":"App"},"name":"_"},{"contents":[{"Left":"Importee.ℕ"},[]],"tag":"App"}],"tag":"Pi"},"reduced":null,"simplified":null}},"name":"Importee._+nasty'"},{"item":{"pretty":"ℕ → ℕ","thing":{"normalised":null,"original":{"contents":[{"item":{"contents":[{"Left":"Importee.ℕ"},[]],"tag":"App"},"name":"_"},{"contents":[{"Left":"Importee.ℕ"},[]],"tag":"App"}],"tag":"Pi"},"reduced":null,"simplified":null}},"name":"Importee._+2"}],"name":"Importee2"},"samples":[]}