{"scope":{"item":[{"item":{"pretty":"Set","thing":{"normalised":null,"original":{"contents":"Set","tag":"Sort"},"reduced":null,"simplified":null}},"name":"IsTotalPreorder.A"},{"item":{"pretty":"A → A → Set","thing":{"normalised":null,"original":{"contents":[{"item":{"contents":[{"Left":"IsTotalPreorder.A"},[]],"tag":"App"},"name":"_"},{"contents":[{"item":{"contents":[{"Left":"IsTotalPreorder.A"},[]],"tag":"App"},"name":"_"},{"contents":"Set","tag":"Sort"}],"tag":"Pi"}],"tag":"Pi"},"reduced":null,"simplified":null}},"name":"IsTotalPreorder._≈_"},{"item":{"pretty":"(A → A → Set) → Set","thing":{"normalised":null,"original":{"contents":[{"item":{"contents":[{"item":{"contents":[{"Left":"IsTotalPreorder.A"},[]],"tag":"App"},"name":"_"},{"contents":[{"item":{"contents":[{"Left":"IsTotalPreorder.A"},[]],"tag":"App"},"name":"_"},{"contents":"Set","tag":"Sort"}],"tag":"Pi"}],"tag":"Pi"},"name":"_"},{"contents":"Set","tag":"Sort"}],"tag":"Pi"},"reduced":null,"simplified":null}},"name":"IsTotalPreorder.Reflexive"},{"item":{"pretty":"Set","thing":{"normalised":null,"original":{"contents":"Set","tag":"Sort"},"reduced":null,"simplified":null}},"name":"IsTotalPreorder.IsEquivalence"},{"item":{"pretty":"(_∼_ : A → A → Set) → Set","thing":{"normalised":null,"original":{"contents":[{"item":{"contents":[{"item":{"contents":[{"Left":"IsTotalPreorder.A"},[]],"tag":"App"},"name":"_"},{"contents":[{"item":{"contents":[{"Left":"IsTotalPreorder.A"},[]],"tag":"App"},"name":"_"},{"contents":"Set","tag":"Sort"}],"tag":"Pi"}],"tag":"Pi"},"name":"_∼_"},{"contents":"Set","tag":"Sort"}],"tag":"Pi"},"reduced":null,"simplified":null}},"name":"IsTotalPreorder.IsPreorder"},{"item":{"pretty":"(_≲_ : A → A → Set) → Set","thing":{"normalised":null,"original":{"contents":[{"item":{"contents":[{"item":{"contents":[{"Left":"IsTotalPreorder.A"},[]],"tag":"App"},"name":"_"},{"contents":[{"item":{"contents":[{"Left":"IsTotalPreorder.A"},[]],"tag":"App"},"name":"_"},{"contents":"Set","tag":"Sort"}],"tag":"Pi"}],"tag":"Pi"},"name":"_≲_"},{"contents":"Set","tag":"Sort"}],"tag":"Pi"},"reduced":null,"simplified":null}},"name":"IsTotalPreorder.IsTotalPreorder"}],"name":"IsTotalPreorder"},"samples":[{"ctx":{"pretty":"(_∼_ : A → A → Set)","thing":[{"item":{"contents":[{"item":{"contents":[{"Left":"IsTotalPreorder.A"},[]],"tag":"App"},"name":"_"},{"contents":[{"item":{"contents":[{"Left":"IsTotalPreorder.A"},[]],"tag":"App"},"name":"_"},{"contents":"Set","tag":"Sort"}],"tag":"Pi"}],"tag":"Pi"},"name":"_∼_"}]},"goal":{"pretty":"Set","thing":{"normalised":null,"original":{"contents":"Set","tag":"Sort"},"reduced":null,"simplified":null}},"term":{"pretty":"{x : A} → x ∼ x","thing":{"normalised":null,"original":{"contents":[{"item":{"contents":[{"Left":"IsTotalPreorder.A"},[]],"tag":"App"},"name":"x"},{"contents":[{"Right":1},[{"contents":[{"Right":0},[]],"tag":"App"},{"contents":[{"Right":0},[]],"tag":"App"}]],"tag":"App"}],"tag":"Pi"},"reduced":null,"simplified":null}},"namesUsed":["IsTotalPreorder.A"]},{"ctx":{"pretty":"(_∼₁_ : A → A → Set)","thing":[{"item":{"contents":[{"item":{"contents":[{"Left":"IsTotalPreorder.A"},[]],"tag":"App"},"name":"_"},{"contents":[{"item":{"contents":[{"Left":"IsTotalPreorder.A"},[]],"tag":"App"},"name":"_"},{"contents":"Set","tag":"Sort"}],"tag":"Pi"}],"tag":"Pi"},"name":"_∼_"}]},"goal":{"pretty":"Set","thing":{"normalised":null,"original":{"contents":"Set","tag":"Sort"},"reduced":null,"simplified":null}},"term":{"pretty":"A","thing":{"normalised":null,"original":{"contents":[{"Left":"IsTotalPreorder.A"},[]],"tag":"App"},"reduced":null,"simplified":null}},"namesUsed":["IsTotalPreorder.A"]}]}