{"scope":{"item":[{"item":{"pretty":"Set","thing":{"normalised":null,"original":{"contents":"Set","tag":"Sort"},"reduced":null,"simplified":null}},"name":"TotalPreorder.A"},{"item":{"pretty":"A","thing":{"normalised":null,"original":{"contents":[{"Left":"TotalPreorder.A"},[]],"tag":"App"},"reduced":null,"simplified":null}},"name":"TotalPreorder.a0"},{"item":{"pretty":"Set","thing":{"normalised":null,"original":{"contents":"Set","tag":"Sort"},"reduced":null,"simplified":null}},"name":"TotalPreorder.X"},{"item":{"pretty":"(a : A) → Set","thing":{"normalised":null,"original":{"contents":[{"item":{"contents":[{"Left":"TotalPreorder.A"},[]],"tag":"App"},"name":"a"},{"contents":"Set","tag":"Sort"}],"tag":"Pi"},"reduced":null,"simplified":null}},"name":"TotalPreorder.Y"},{"item":{"pretty":"Set","thing":{"normalised":null,"original":{"contents":"Set","tag":"Sort"},"reduced":null,"simplified":null}},"name":"TotalPreorder.Z"}],"name":"TotalPreorder"},"samples":[]}