{"scope":{"item":[{"item":{"pretty":"Set","thing":{"normalised":null,"original":{"contents":"Set","tag":"Sort"},"reduced":null,"simplified":null}},"name":"WithOld.P"},{"item":{"pretty":"(A : Set) (_ : A → P) → Set","thing":{"normalised":null,"original":{"contents":[{"item":{"contents":"Set","tag":"Sort"},"name":"A"},{"contents":[{"item":{"contents":[{"item":{"contents":[{"Right":0},[]],"tag":"App"},"name":"_"},{"contents":[{"Left":"WithOld.P"},[]],"tag":"App"}],"tag":"Pi"},"name":"_"},{"contents":"Set","tag":"Sort"}],"tag":"Pi"}],"tag":"Pi"},"reduced":null,"simplified":null}},"name":"WithOld.Manifest-Σ"},{"item":{"pretty":"{A : Set} {_ = z : A → P} (proj₁ : A) → Manifest-Σ A z","thing":{"normalised":null,"original":{"contents":[{"item":{"contents":"Set","tag":"Sort"},"name":"A"},{"contents":[{"item":{"contents":[{"item":{"contents":[{"Right":0},[]],"tag":"App"},"name":"_"},{"contents":[{"Left":"WithOld.P"},[]],"tag":"App"}],"tag":"Pi"},"name":"_"},{"contents":[{"item":{"contents":[{"Right":1},[]],"tag":"App"},"name":"proj₁"},{"contents":[{"Left":"WithOld.Manifest-Σ"},[{"contents":[{"Right":2},[]],"tag":"App"},{"contents":[{"Right":1},[]],"tag":"App"}]],"tag":"App"}],"tag":"Pi"}],"tag":"Pi"}],"tag":"Pi"},"reduced":null,"simplified":null}},"name":"WithOld._,"},{"item":{"pretty":"Set₁","thing":{"normalised":null,"original":{"contents":"Set1","tag":"Sort"},"reduced":null,"simplified":null}},"name":"WithOld.Signature"},{"item":{"pretty":"Signature → Signature","thing":{"normalised":null,"original":{"contents":[{"item":{"contents":[{"Left":"WithOld.Signature"},[]],"tag":"App"},"name":"_"},{"contents":[{"Left":"WithOld.Signature"},[]],"tag":"App"}],"tag":"Pi"},"reduced":null,"simplified":null}},"name":"WithOld.↓_"},{"item":{"pretty":"(Sig : Signature) → Set","thing":{"normalised":null,"original":{"contents":[{"item":{"contents":[{"Left":"WithOld.Signature"},[]],"tag":"App"},"name":"Sig"},{"contents":"Set","tag":"Sort"}],"tag":"Pi"},"reduced":null,"simplified":null}},"name":"WithOld.Record"},{"item":{"pretty":"Signature → Set","thing":{"normalised":null,"original":{"contents":[{"item":{"contents":[{"Left":"WithOld.Signature"},[]],"tag":"App"},"name":"_"},{"contents":"Set","tag":"Sort"}],"tag":"Pi"},"reduced":null,"simplified":null}},"name":"WithOld.Record-fun"},{"item":{"pretty":"(Sig : Signature) → (Record Sig → P) → Signature","thing":{"normalised":null,"original":{"contents":[{"item":{"contents":[{"Left":"WithOld.Signature"},[]],"tag":"App"},"name":"Sig"},{"contents":[{"item":{"contents":[{"item":{"contents":[{"Left":"WithOld.Record"},[{"contents":[{"Right":0},[]],"tag":"App"}]],"tag":"App"},"name":"_"},{"contents":[{"Left":"WithOld.P"},[]],"tag":"App"}],"tag":"Pi"},"name":"_"},{"contents":[{"Left":"WithOld.Signature"},[]],"tag":"App"}],"tag":"Pi"}],"tag":"Pi"},"reduced":null,"simplified":null}},"name":"WithOld.Signature._≔_"},{"item":{"pretty":"{Sig : Signature} (fun : Record-fun Sig) → Record Sig","thing":{"normalised":null,"original":{"contents":[{"item":{"contents":[{"Left":"WithOld.Signature"},[]],"tag":"App"},"name":"Sig"},{"contents":[{"item":{"contents":[{"Left":"WithOld.Record-fun"},[{"contents":[{"Right":0},[]],"tag":"App"}]],"tag":"App"},"name":"fun"},{"contents":[{"Left":"WithOld.Record"},[{"contents":[{"Right":1},[]],"tag":"App"}]],"tag":"App"}],"tag":"Pi"}],"tag":"Pi"},"reduced":null,"simplified":null}},"name":"WithOld.rec"},{"item":{"pretty":"(Sig : Signature) → (Record (↓ Sig) → P) → Signature","thing":{"normalised":null,"original":{"contents":[{"item":{"contents":[{"Left":"WithOld.Signature"},[]],"tag":"App"},"name":"Sig"},{"contents":[{"item":{"contents":[{"item":{"contents":[{"Left":"WithOld.Record"},[{"contents":[{"Left":"WithOld.↓_"},[{"contents":[{"Right":0},[]],"tag":"App"}]],"tag":"App"}]],"tag":"App"},"name":"_"},{"contents":[{"Left":"WithOld.P"},[]],"tag":"App"}],"tag":"Pi"},"name":"_"},{"contents":[{"Left":"WithOld.Signature"},[]],"tag":"App"}],"tag":"Pi"}],"tag":"Pi"},"reduced":null,"simplified":null}},"name":"WithOld.$_≔_"},{"item":{"pretty":"{Sig : Signature} {a : Record (↓ Sig) → P} →\nRecord ($ Sig ≔ a) → Record Sig","thing":{"normalised":null,"original":{"contents":[{"item":{"contents":[{"Left":"WithOld.Signature"},[]],"tag":"App"},"name":"Sig"},{"contents":[{"item":{"contents":[{"item":{"contents":[{"Left":"WithOld.Record"},[{"contents":[{"Left":"WithOld.↓_"},[{"contents":[{"Right":0},[]],"tag":"App"}]],"tag":"App"}]],"tag":"App"},"name":"_"},{"contents":[{"Left":"WithOld.P"},[]],"tag":"App"}],"tag":"Pi"},"name":"a"},{"contents":[{"item":{"contents":[{"Left":"WithOld.Record"},[{"contents":[{"Left":"WithOld.$_≔_"},[{"contents":[{"Right":1},[]],"tag":"App"},{"contents":[{"Right":0},[]],"tag":"App"}]],"tag":"App"}]],"tag":"App"},"name":"_"},{"contents":[{"Left":"WithOld.Record"},[{"contents":[{"Right":1},[]],"tag":"App"}]],"tag":"App"}],"tag":"Pi"}],"tag":"Pi"}],"tag":"Pi"},"reduced":null,"simplified":null}},"name":"WithOld.↓"}],"name":"WithOld"},"samples":[{"ctx":{"pretty":"(Sig : Signature) (f : Record Sig → P)","thing":[{"item":{"contents":[{"Left":"WithOld.Signature"},[]],"tag":"App"},"name":"Sig"},{"item":{"contents":[{"item":{"contents":[{"Left":"WithOld.Record"},[{"contents":[{"Right":0},[]],"tag":"App"}]],"tag":"App"},"name":"_"},{"contents":[{"Left":"WithOld.P"},[]],"tag":"App"}],"tag":"Pi"},"name":"f"}]},"goal":{"pretty":"Set","thing":{"normalised":null,"original":{"contents":"Set","tag":"Sort"},"reduced":null,"simplified":null}},"term":{"pretty":"Manifest-Σ (Record Sig) f","thing":{"normalised":null,"original":{"contents":[{"Left":"WithOld.Manifest-Σ"},[{"contents":[{"Left":"WithOld.Record"},[{"contents":[{"Right":1},[]],"tag":"App"}]],"tag":"App"},{"contents":[{"Right":0},[]],"tag":"App"}]],"tag":"App"},"reduced":null,"simplified":null}},"namesUsed":["WithOld.Manifest-Σ","WithOld.Record"]},{"ctx":{"pretty":"(Sig₁ : Signature) (f₁ : Record Sig₁ → P)","thing":[{"item":{"contents":[{"Left":"WithOld.Signature"},[]],"tag":"App"},"name":"Sig"},{"item":{"contents":[{"item":{"contents":[{"Left":"WithOld.Record"},[{"contents":[{"Right":0},[]],"tag":"App"}]],"tag":"App"},"name":"_"},{"contents":[{"Left":"WithOld.P"},[]],"tag":"App"}],"tag":"Pi"},"name":"f"}]},"goal":{"pretty":"Set","thing":{"normalised":null,"original":{"contents":"Set","tag":"Sort"},"reduced":null,"simplified":null}},"term":{"pretty":"Record Sig","thing":{"normalised":null,"original":{"contents":[{"Left":"WithOld.Record"},[{"contents":[{"Right":1},[]],"tag":"App"}]],"tag":"App"},"reduced":null,"simplified":null}},"namesUsed":["WithOld.Record"]},{"ctx":{"pretty":"(Sig : Signature) (x : Record Sig → P)\n(a : Record (↓ (Sig ≔ x)) → P)","thing":[{"item":{"contents":[{"Left":"WithOld.Signature"},[]],"tag":"App"},"name":"Sig"},{"item":{"contents":[{"item":{"contents":[{"Left":"WithOld.Record"},[{"contents":[{"Right":0},[]],"tag":"App"}]],"tag":"App"},"name":"_"},{"contents":[{"Left":"WithOld.P"},[]],"tag":"App"}],"tag":"Pi"},"name":"x"},{"item":{"contents":[{"item":{"contents":[{"Left":"WithOld.Record"},[{"contents":[{"Left":"WithOld.↓_"},[{"contents":[{"Left":"WithOld.Signature._≔_"},[{"contents":[{"Right":1},[]],"tag":"App"},{"contents":[{"Right":0},[]],"tag":"App"}]],"tag":"App"}]],"tag":"App"}]],"tag":"App"},"name":"_"},{"contents":[{"Left":"WithOld.P"},[]],"tag":"App"}],"tag":"Pi"},"name":"a"}]},"goal":{"pretty":"Signature","thing":{"normalised":null,"original":{"contents":[{"Left":"WithOld.Signature"},[]],"tag":"App"},"reduced":null,"simplified":null}},"term":{"pretty":"Sig ≔ a","thing":{"normalised":null,"original":{"contents":[{"Left":"WithOld.Signature._≔_"},[{"contents":[{"Right":2},[]],"tag":"App"},{"contents":[{"Right":0},[]],"tag":"App"}]],"tag":"App"},"reduced":null,"simplified":null}},"namesUsed":["WithOld.Signature._≔_"]}]}