{"scope":{"item":[{"item":{"pretty":"(K V : Type) (σ : Level) → Type (lsuc σ)","thing":{"normalised":null,"original":{"contents":[{"item":{"contents":"Set","tag":"Sort"},"name":"K"},{"contents":[{"item":{"contents":"Set","tag":"Sort"},"name":"V"},{"contents":[{"item":{"contents":[{"Left":"Agda.Primitive.Level"},[]],"tag":"App"},"name":"σ"},{"contents":"Set (lsuc @0)","tag":"Sort"}],"tag":"Pi"}],"tag":"Pi"}],"tag":"Pi"},"reduced":null,"simplified":null}},"name":"Prelude.Maps.Abstract.Interface.Mapᴵ"},{"item":{"pretty":"{K V : Type} {σ : Level} (Map : Type σ) (∅ : Map) (_∪_ : Op₂ Map)\n(_⁉_ : Map → K → Maybe V) (_∈ᵈ_ : K → Map → Type)\n(Apart-Map : Map //^⦅ 0ℓ ⦆ Map)\n(⁉⇒∈ᵈ : (s : Map) {k : K} → Is-just (s ⁉ k) → k ∈ᵈ s)\n(∈ᵈ⇒⁉ : (s : Map) {k : K} → k ∈ᵈ s → Is-just (s ⁉ k))\n(↦-∪⁺ˡ\n : (s₁ s₂ : Map) {k : K} {v : V} →\n   (s₁ ⁉ k) ≡ just v → ((s₁ ∪ s₂) ⁉ k) ≡ just v)\n(↦-∪⁺ʳ\n : (s₁ s₂ : Map) {k : K} → ¬ (k ∈ᵈ s₁) → (s₂ ⁉ k) ≡ ((s₁ ∪ s₂) ⁉ k))\n(♯-comm : Symmetric (Rel₀ Map ∋ _//_._♯_ Apart-Map))\n(∪-comm\n : (s₁ s₂ : Map) →\n   (Apart-Map _//_.♯ s₁) s₂ →\n   ((λ { .relℓ → Lvl.zero\n       ; (Prelude.Maps.Abstract.Interface..extendedlambda0 ≈ m) m′\n           → (k : K) → (m ⁉ k) ≡ (m′ ⁉ k)\n       })\n    ISetoid.≈ (s₁ ∪ s₂))\n   (s₂ ∪ s₁))\n(♯-cong\n : (s₁ s₂ s₃ : Map) →\n   (Rel₀ Map ∋\n    ISetoid._≈_\n    (λ { .relℓ → Lvl.zero\n       ; (Prelude.Maps.Abstract.Interface..extendedlambda0 ≈ m) m′\n           → (k : K) → (m ⁉ k) ≡ (m′ ⁉ k)\n       }))\n   s₁ s₂ →\n   (Apart-Map _//_.♯ s₁) s₃ → (Apart-Map _//_.♯ s₂) s₃)\n(∪-cong\n : (s₁ s₂ s₃ : Map) →\n   ((λ { .relℓ → Lvl.zero\n       ; (Prelude.Maps.Abstract.Interface..extendedlambda0 ≈ m) m′\n           → (k : K) → (m ⁉ k) ≡ (m′ ⁉ k)\n       })\n    ISetoid.≈ s₁)\n   s₂ →\n   ((λ { .relℓ → Lvl.zero\n       ; (Prelude.Maps.Abstract.Interface..extendedlambda0 ≈ m) m′\n           → (k : K) → (m ⁉ k) ≡ (m′ ⁉ k)\n       })\n    ISetoid.≈ (s₁ ∪ s₃))\n   (s₂ ∪ s₃))\n(∈ᵈ-cong\n : (k : K) (s₁ s₂ : Map) →\n   ((λ { .relℓ → Lvl.zero\n       ; (Prelude.Maps.Abstract.Interface..extendedlambda0 ≈ m) m′\n           → (k₁ : K) → (m ⁉ k₁) ≡ (m′ ⁉ k₁)\n       })\n    ISetoid.≈ s₁)\n   s₂ →\n   k ∈ᵈ s₁ → k ∈ᵈ s₂)\n(∈ᵈ-∪⁻\n : (k : K) (s₁ s₂ : Map) → k ∈ᵈ (s₁ ∪ s₂) → (k ∈ᵈ s₁) ⊎ (k ∈ᵈ s₂))\n(∈ᵈ-∪⁺\n : (k : K) (s₁ s₂ : Map) → (k ∈ᵈ s₁) ⊎ (k ∈ᵈ s₂) → k ∈ᵈ (s₁ ∪ s₂))\n(∪-chooseₗ\n : (s₁ s₂ : Map) →\n   (Apart-Map _//_.♯ s₁) s₂ →\n   {k : K} → ¬ (k ∈ᵈ s₂) → ((s₁ ∪ s₂) ⁉ k) ≡ (s₁ ⁉ k))\n(∪-chooseᵣ\n : (s₁ s₂ : Map) →\n   (Apart-Map _//_.♯ s₁) s₂ →\n   {k : K} → k ∈ᵈ s₂ → ((s₁ ∪ s₂) ⁉ k) ≡ (s₂ ⁉ k))\n(♯-∪⁻ʳ\n : (s₁ s₂ s₃ : Map) →\n   (Apart-Map _//_.♯ s₁) (s₂ ∪ s₃) →\n   (Apart-Map _//_.♯ s₁) s₂ × (Apart-Map _//_.♯ s₁) s₃)\n(♯-∪⁻ˡ\n : (s₁ s₂ s₃ : Map) →\n   (Apart-Map _//_.♯ (s₁ ∪ s₂)) s₃ →\n   (Apart-Map _//_.♯ s₁) s₃ × (Apart-Map _//_.♯ s₂) s₃)\n(♯-∪⁺ˡ\n : (s₁ s₂ s₃ : Map) →\n   (Apart-Map _//_.♯ s₁) s₃ × (Apart-Map _//_.♯ s₂) s₃ →\n   (Apart-Map _//_.♯ (s₁ ∪ s₂)) s₃)\n(♯-∪⁺ʳ\n : (s₁ s₂ s₃ : Map) →\n   (Apart-Map _//_.♯ s₁) s₂ × (Apart-Map _//_.♯ s₁) s₃ →\n   (Apart-Map _//_.♯ s₁) (s₂ ∪ s₃))\n(∪-assocʳ\n : (s₁ s₂ s₃ : Map) →\n   ((λ { .relℓ → Lvl.zero\n       ; (Prelude.Maps.Abstract.Interface..extendedlambda0 ≈ m) m′\n           → (k : K) → (m ⁉ k) ≡ (m′ ⁉ k)\n       })\n    ISetoid.≈ (s₁ ∪ (s₂ ∪ s₃)))\n   ((s₁ ∪ s₂) ∪ s₃))\n(∪≡-assocʳ\n : (s₁ s₂ s₃ s : Map) →\n   (Apart-Map _//_.♯ s₂) s₃ →\n   (Apart-Map _//_.♯ s₁) (s₂ ∪ s₃) ×\n   ((λ { .relℓ → Lvl.zero\n       ; (Prelude.Maps.Abstract.Interface..extendedlambda0 ≈ m) m′\n           → (k : K) → (m ⁉ k) ≡ (m′ ⁉ k)\n       })\n    ISetoid.≈ (s₁ ∪ (s₂ ∪ s₃)))\n   s →\n   (Apart-Map _//_.♯ (s₁ ∪ s₂)) s₃ ×\n   ((λ { .relℓ → Lvl.zero\n       ; (Prelude.Maps.Abstract.Interface..extendedlambda0 ≈ m) m′\n           → (k : K) → (m ⁉ k) ≡ (m′ ⁉ k)\n       })\n    ISetoid.≈ ((s₁ ∪ s₂) ∪ s₃))\n   s) →\nMapᴵ K V σ","thing":{"normalised":{"contents":[{"item":{"contents":"Set","tag":"Sort"},"name":"K"},{"contents":[{"item":{"contents":"Set","tag":"Sort"},"name":"V"},{"contents":[{"item":{"contents":[{"Left":"Agda.Primitive.Level"},[]],"tag":"App"},"name":"σ"},{"contents":[{"item":{"contents":"Set @0","tag":"Sort"},"name":"Map"},{"contents":[{"item":{"contents":[{"Right":0},[]],"tag":"App"},"name":"∅"},{"contents":[{"item":{"contents":[{"item":{"contents":[{"Right":1},[]],"tag":"App"},"name":"_"},{"contents":[{"item":{"contents":[{"Right":1},[]],"tag":"App"},"name":"_"},{"contents":[{"Right":1},[]],"tag":"App"}],"tag":"Pi"}],"tag":"Pi"},"name":"_∪_"},{"contents":[{"item":{"contents":[{"item":{"contents":[{"Right":2},[]],"tag":"App"},"name":"_"},{"contents":[{"item":{"contents":[{"Right":5},[]],"tag":"App"},"name":"_"},{"contents":[{"Left":"Agda.Builtin.Maybe.Maybe"},[{"contents":"lzero","tag":"Level"},{"contents":[{"Right":4},[]],"tag":"App"}]],"tag":"App"}],"tag":"Pi"}],"tag":"Pi"},"name":"_⁉_"},{"contents":[{"item":{"contents":[{"item":{"contents":[{"Right":6},[]],"tag":"App"},"name":"_"},{"contents":[{"item":{"contents":[{"Right":3},[]],"tag":"App"},"name":"_"},{"contents":"Set","tag":"Sort"}],"tag":"Pi"}],"tag":"Pi"},"name":"_∈ᵈ_"},{"contents":[{"item":{"contents":[{"Left":"Prelude.Apartness._//_"},[{"contents":[{"Right":5},[]],"tag":"App"},{"contents":[{"Right":5},[]],"tag":"App"},{"contents":[{"Right":4},[]],"tag":"App"},{"contents":[{"Right":4},[]],"tag":"App"},{"contents":"lzero","tag":"Level"}]],"tag":"App"},"name":"Apart-Map"},{"contents":[{"item":{"contents":[{"item":{"contents":[{"Right":5},[]],"tag":"App"},"name":"s"},{"contents":[{"item":{"contents":[{"Right":9},[]],"tag":"App"},"name":"k"},{"contents":[{"item":{"contents":[{"Left":"Data.Maybe.Relation.Unary.Any.Any"},[{"contents":"lzero","tag":"Level"},{"contents":"lzero","tag":"Level"},{"contents":[{"Right":9},[]],"tag":"App"},{"contents":{"item":{"contents":[{"Left":"Agda.Builtin.Unit.⊤"},[]],"tag":"App"},"name":"_"},"tag":"Lam"},{"contents":[{"Right":4},[{"contents":[{"Right":1},[]],"tag":"App"},{"contents":[{"Right":0},[]],"tag":"App"}]],"tag":"App"}]],"tag":"App"},"name":"_"},{"contents":[{"Right":3},[{"contents":[{"Right":0},[]],"tag":"App"},{"contents":[{"Right":1},[]],"tag":"App"}]],"tag":"App"}],"tag":"Pi"}],"tag":"Pi"}],"tag":"Pi"},"name":"⁉⇒∈ᵈ"},{"contents":[{"item":{"contents":[{"item":{"contents":[{"Right":6},[]],"tag":"App"},"name":"s"},{"contents":[{"item":{"contents":[{"Right":10},[]],"tag":"App"},"name":"k"},{"contents":[{"item":{"contents":[{"Right":4},[{"contents":[{"Right":0},[]],"tag":"App"},{"contents":[{"Right":1},[]],"tag":"App"}]],"tag":"App"},"name":"_"},{"contents":[{"Left":"Data.Maybe.Relation.Unary.Any.Any"},[{"contents":"lzero","tag":"Level"},{"contents":"lzero","tag":"Level"},{"contents":[{"Right":10},[]],"tag":"App"},{"contents":{"item":{"contents":[{"Left":"Agda.Builtin.Unit.⊤"},[]],"tag":"App"},"name":"_"},"tag":"Lam"},{"contents":[{"Right":5},[{"contents":[{"Right":1},[]],"tag":"App"},{"contents":[{"Right":0},[]],"tag":"App"}]],"tag":"App"}]],"tag":"App"}],"tag":"Pi"}],"tag":"Pi"}],"tag":"Pi"},"name":"∈ᵈ⇒⁉"},{"contents":[{"item":{"contents":[{"item":{"contents":[{"Right":7},[]],"tag":"App"},"name":"s₁"},{"contents":[{"item":{"contents":[{"Right":8},[]],"tag":"App"},"name":"s₂"},{"contents":[{"item":{"contents":[{"Right":12},[]],"tag":"App"},"name":"k"},{"contents":[{"item":{"contents":[{"Right":12},[]],"tag":"App"},"name":"v"},{"contents":[{"item":{"contents":[{"Left":"Agda.Builtin.Equality._≡_"},[{"contents":"lzero","tag":"Level"},{"contents":[{"Left":"Agda.Builtin.Maybe.Maybe"},[{"contents":"lzero","tag":"Level"},{"contents":[{"Right":13},[]],"tag":"App"}]],"tag":"App"},{"contents":[{"Right":8},[{"contents":[{"Right":3},[]],"tag":"App"},{"contents":[{"Right":1},[]],"tag":"App"}]],"tag":"App"},{"contents":[{"Left":"Agda.Builtin.Maybe.Maybe.just"},[{"contents":[{"Right":0},[]],"tag":"App"}]],"tag":"App"}]],"tag":"App"},"name":"_"},{"contents":[{"Left":"Agda.Builtin.Equality._≡_"},[{"contents":"lzero","tag":"Level"},{"contents":[{"Left":"Agda.Builtin.Maybe.Maybe"},[{"contents":"lzero","tag":"Level"},{"contents":[{"Right":13},[]],"tag":"App"}]],"tag":"App"},{"contents":[{"Right":8},[{"contents":[{"Right":9},[{"contents":[{"Right":3},[]],"tag":"App"},{"contents":[{"Right":2},[]],"tag":"App"}]],"tag":"App"},{"contents":[{"Right":1},[]],"tag":"App"}]],"tag":"App"},{"contents":[{"Left":"Agda.Builtin.Maybe.Maybe.just"},[{"contents":[{"Right":0},[]],"tag":"App"}]],"tag":"App"}]],"tag":"App"}],"tag":"Pi"}],"tag":"Pi"}],"tag":"Pi"}],"tag":"Pi"}],"tag":"Pi"},"name":"↦-∪⁺ˡ"},{"contents":[{"item":{"contents":[{"item":{"contents":[{"Right":8},[]],"tag":"App"},"name":"s₁"},{"contents":[{"item":{"contents":[{"Right":9},[]],"tag":"App"},"name":"s₂"},{"contents":[{"item":{"contents":[{"Right":13},[]],"tag":"App"},"name":"k"},{"contents":[{"item":{"contents":[{"item":{"contents":[{"Right":7},[{"contents":[{"Right":0},[]],"tag":"App"},{"contents":[{"Right":2},[]],"tag":"App"}]],"tag":"App"},"name":"_"},{"contents":[{"Left":"Data.Empty.⊥"},[]],"tag":"App"}],"tag":"Pi"},"name":"_"},{"contents":[{"Left":"Agda.Builtin.Equality._≡_"},[{"contents":"lzero","tag":"Level"},{"contents":[{"Left":"Agda.Builtin.Maybe.Maybe"},[{"contents":"lzero","tag":"Level"},{"contents":[{"Right":13},[]],"tag":"App"}]],"tag":"App"},{"contents":[{"Right":8},[{"contents":[{"Right":1},[]],"tag":"App"},{"contents":[{"Right":0},[]],"tag":"App"}]],"tag":"App"},{"contents":[{"Right":8},[{"contents":[{"Right":9},[{"contents":[{"Right":2},[]],"tag":"App"},{"contents":[{"Right":1},[]],"tag":"App"}]],"tag":"App"},{"contents":[{"Right":0},[]],"tag":"App"}]],"tag":"App"}]],"tag":"App"}],"tag":"Pi"}],"tag":"Pi"}],"tag":"Pi"}],"tag":"Pi"},"name":"↦-∪⁺ʳ"},{"contents":[{"item":{"contents":[{"item":{"contents":[{"Right":9},[]],"tag":"App"},"name":"x"},{"contents":[{"item":{"contents":[{"Right":10},[]],"tag":"App"},"name":"y"},{"contents":[{"item":{"contents":[{"Right":6},[{"contents":[{"Left":"Prelude.Apartness._//_._♯_"},[]],"tag":"App"},{"contents":[{"Right":1},[]],"tag":"App"},{"contents":[{"Right":0},[]],"tag":"App"}]],"tag":"App"},"name":"_"},{"contents":[{"Right":6},[{"contents":[{"Left":"Prelude.Apartness._//_._♯_"},[]],"tag":"App"},{"contents":[{"Right":0},[]],"tag":"App"},{"contents":[{"Right":1},[]],"tag":"App"}]],"tag":"App"}],"tag":"Pi"}],"tag":"Pi"}],"tag":"Pi"},"name":"♯-comm"},{"contents":[{"item":{"contents":[{"item":{"contents":[{"Right":10},[]],"tag":"App"},"name":"s₁"},{"contents":[{"item":{"contents":[{"Right":11},[]],"tag":"App"},"name":"s₂"},{"contents":[{"item":{"contents":[{"Right":7},[{"contents":[{"Left":"Prelude.Apartness._//_._♯_"},[]],"tag":"App"},{"contents":[{"Right":1},[]],"tag":"App"},{"contents":[{"Right":0},[]],"tag":"App"}]],"tag":"App"},"name":"_"},{"contents":[{"item":{"contents":[{"Right":15},[]],"tag":"App"},"name":"k"},{"contents":[{"Left":"Agda.Builtin.Equality._≡_"},[{"contents":"lzero","tag":"Level"},{"contents":[{"Left":"Agda.Builtin.Maybe.Maybe"},[{"contents":"lzero","tag":"Level"},{"contents":[{"Right":15},[]],"tag":"App"}]],"tag":"App"},{"contents":[{"Right":10},[{"contents":[{"Right":11},[{"contents":[{"Right":2},[]],"tag":"App"},{"contents":[{"Right":1},[]],"tag":"App"}]],"tag":"App"},{"contents":[{"Right":0},[]],"tag":"App"}]],"tag":"App"},{"contents":[{"Right":10},[{"contents":[{"Right":11},[{"contents":[{"Right":1},[]],"tag":"App"},{"contents":[{"Right":2},[]],"tag":"App"}]],"tag":"App"},{"contents":[{"Right":0},[]],"tag":"App"}]],"tag":"App"}]],"tag":"App"}],"tag":"Pi"}],"tag":"Pi"}],"tag":"Pi"}],"tag":"Pi"},"name":"∪-comm"},{"contents":[{"item":{"contents":[{"item":{"contents":[{"Right":11},[]],"tag":"App"},"name":"s₁"},{"contents":[{"item":{"contents":[{"Right":12},[]],"tag":"App"},"name":"s₂"},{"contents":[{"item":{"contents":[{"Right":13},[]],"tag":"App"},"name":"s₃"},{"contents":[{"item":{"contents":[{"item":{"contents":[{"Right":17},[]],"tag":"App"},"name":"k"},{"contents":[{"Left":"Agda.Builtin.Equality._≡_"},[{"contents":"lzero","tag":"Level"},{"contents":[{"Left":"Agda.Builtin.Maybe.Maybe"},[{"contents":"lzero","tag":"Level"},{"contents":[{"Right":17},[]],"tag":"App"}]],"tag":"App"},{"contents":[{"Right":12},[{"contents":[{"Right":3},[]],"tag":"App"},{"contents":[{"Right":0},[]],"tag":"App"}]],"tag":"App"},{"contents":[{"Right":12},[{"contents":[{"Right":2},[]],"tag":"App"},{"contents":[{"Right":0},[]],"tag":"App"}]],"tag":"App"}]],"tag":"App"}],"tag":"Pi"},"name":"_"},{"contents":[{"item":{"contents":[{"Right":9},[{"contents":[{"Left":"Prelude.Apartness._//_._♯_"},[]],"tag":"App"},{"contents":[{"Right":2},[]],"tag":"App"},{"contents":[{"Right":0},[]],"tag":"App"}]],"tag":"App"},"name":"_"},{"contents":[{"Right":9},[{"contents":[{"Left":"Prelude.Apartness._//_._♯_"},[]],"tag":"App"},{"contents":[{"Right":1},[]],"tag":"App"},{"contents":[{"Right":0},[]],"tag":"App"}]],"tag":"App"}],"tag":"Pi"}],"tag":"Pi"}],"tag":"Pi"}],"tag":"Pi"}],"tag":"Pi"},"name":"♯-cong"},{"contents":[{"item":{"contents":[{"item":{"contents":[{"Right":12},[]],"tag":"App"},"name":"s₁"},{"contents":[{"item":{"contents":[{"Right":13},[]],"tag":"App"},"name":"s₂"},{"contents":[{"item":{"contents":[{"Right":14},[]],"tag":"App"},"name":"s₃"},{"contents":[{"item":{"contents":[{"item":{"contents":[{"Right":18},[]],"tag":"App"},"name":"k"},{"contents":[{"Left":"Agda.Builtin.Equality._≡_"},[{"contents":"lzero","tag":"Level"},{"contents":[{"Left":"Agda.Builtin.Maybe.Maybe"},[{"contents":"lzero","tag":"Level"},{"contents":[{"Right":18},[]],"tag":"App"}]],"tag":"App"},{"contents":[{"Right":13},[{"contents":[{"Right":3},[]],"tag":"App"},{"contents":[{"Right":0},[]],"tag":"App"}]],"tag":"App"},{"contents":[{"Right":13},[{"contents":[{"Right":2},[]],"tag":"App"},{"contents":[{"Right":0},[]],"tag":"App"}]],"tag":"App"}]],"tag":"App"}],"tag":"Pi"},"name":"_"},{"contents":[{"item":{"contents":[{"Right":18},[]],"tag":"App"},"name":"k"},{"contents":[{"Left":"Agda.Builtin.Equality._≡_"},[{"contents":"lzero","tag":"Level"},{"contents":[{"Left":"Agda.Builtin.Maybe.Maybe"},[{"contents":"lzero","tag":"Level"},{"contents":[{"Right":18},[]],"tag":"App"}]],"tag":"App"},{"contents":[{"Right":13},[{"contents":[{"Right":14},[{"contents":[{"Right":3},[]],"tag":"App"},{"contents":[{"Right":1},[]],"tag":"App"}]],"tag":"App"},{"contents":[{"Right":0},[]],"tag":"App"}]],"tag":"App"},{"contents":[{"Right":13},[{"contents":[{"Right":14},[{"contents":[{"Right":2},[]],"tag":"App"},{"contents":[{"Right":1},[]],"tag":"App"}]],"tag":"App"},{"contents":[{"Right":0},[]],"tag":"App"}]],"tag":"App"}]],"tag":"App"}],"tag":"Pi"}],"tag":"Pi"}],"tag":"Pi"}],"tag":"Pi"}],"tag":"Pi"},"name":"∪-cong"},{"contents":[{"item":{"contents":[{"item":{"contents":[{"Right":16},[]],"tag":"App"},"name":"k"},{"contents":[{"item":{"contents":[{"Right":14},[]],"tag":"App"},"name":"s₁"},{"contents":[{"item":{"contents":[{"Right":15},[]],"tag":"App"},"name":"s₂"},{"contents":[{"item":{"contents":[{"item":{"contents":[{"Right":19},[]],"tag":"App"},"name":"k"},{"contents":[{"Left":"Agda.Builtin.Equality._≡_"},[{"contents":"lzero","tag":"Level"},{"contents":[{"Left":"Agda.Builtin.Maybe.Maybe"},[{"contents":"lzero","tag":"Level"},{"contents":[{"Right":19},[]],"tag":"App"}]],"tag":"App"},{"contents":[{"Right":14},[{"contents":[{"Right":2},[]],"tag":"App"},{"contents":[{"Right":0},[]],"tag":"App"}]],"tag":"App"},{"contents":[{"Right":14},[{"contents":[{"Right":1},[]],"tag":"App"},{"contents":[{"Right":0},[]],"tag":"App"}]],"tag":"App"}]],"tag":"App"}],"tag":"Pi"},"name":"_"},{"contents":[{"item":{"contents":[{"Right":12},[{"contents":[{"Right":2},[]],"tag":"App"},{"contents":[{"Right":1},[]],"tag":"App"}]],"tag":"App"},"name":"_"},{"contents":[{"Right":12},[{"contents":[{"Right":2},[]],"tag":"App"},{"contents":[{"Right":0},[]],"tag":"App"}]],"tag":"App"}],"tag":"Pi"}],"tag":"Pi"}],"tag":"Pi"}],"tag":"Pi"}],"tag":"Pi"},"name":"∈ᵈ-cong"},{"contents":[{"item":{"contents":[{"item":{"contents":[{"Right":17},[]],"tag":"App"},"name":"k"},{"contents":[{"item":{"contents":[{"Right":15},[]],"tag":"App"},"name":"s₁"},{"contents":[{"item":{"contents":[{"Right":16},[]],"tag":"App"},"name":"s₂"},{"contents":[{"item":{"contents":[{"Right":13},[{"contents":[{"Right":2},[]],"tag":"App"},{"contents":[{"Right":15},[{"contents":[{"Right":1},[]],"tag":"App"},{"contents":[{"Right":0},[]],"tag":"App"}]],"tag":"App"}]],"tag":"App"},"name":"_"},{"contents":[{"Left":"Data.Sum.Base._⊎_"},[{"contents":"lzero","tag":"Level"},{"contents":"lzero","tag":"Level"},{"contents":[{"Right":13},[{"contents":[{"Right":2},[]],"tag":"App"},{"contents":[{"Right":1},[]],"tag":"App"}]],"tag":"App"},{"contents":[{"Right":13},[{"contents":[{"Right":2},[]],"tag":"App"},{"contents":[{"Right":0},[]],"tag":"App"}]],"tag":"App"}]],"tag":"App"}],"tag":"Pi"}],"tag":"Pi"}],"tag":"Pi"}],"tag":"Pi"},"name":"∈ᵈ-∪⁻"},{"contents":[{"item":{"contents":[{"item":{"contents":[{"Right":18},[]],"tag":"App"},"name":"k"},{"contents":[{"item":{"contents":[{"Right":16},[]],"tag":"App"},"name":"s₁"},{"contents":[{"item":{"contents":[{"Right":17},[]],"tag":"App"},"name":"s₂"},{"contents":[{"item":{"contents":[{"Left":"Data.Sum.Base._⊎_"},[{"contents":"lzero","tag":"Level"},{"contents":"lzero","tag":"Level"},{"contents":[{"Right":14},[{"contents":[{"Right":2},[]],"tag":"App"},{"contents":[{"Right":1},[]],"tag":"App"}]],"tag":"App"},{"contents":[{"Right":14},[{"contents":[{"Right":2},[]],"tag":"App"},{"contents":[{"Right":0},[]],"tag":"App"}]],"tag":"App"}]],"tag":"App"},"name":"_"},{"contents":[{"Right":14},[{"contents":[{"Right":2},[]],"tag":"App"},{"contents":[{"Right":16},[{"contents":[{"Right":1},[]],"tag":"App"},{"contents":[{"Right":0},[]],"tag":"App"}]],"tag":"App"}]],"tag":"App"}],"tag":"Pi"}],"tag":"Pi"}],"tag":"Pi"}],"tag":"Pi"},"name":"∈ᵈ-∪⁺"},{"contents":[{"item":{"contents":[{"item":{"contents":[{"Right":16},[]],"tag":"App"},"name":"s₁"},{"contents":[{"item":{"contents":[{"Right":17},[]],"tag":"App"},"name":"s₂"},{"contents":[{"item":{"contents":[{"Right":13},[{"contents":[{"Left":"Prelude.Apartness._//_._♯_"},[]],"tag":"App"},{"contents":[{"Right":1},[]],"tag":"App"},{"contents":[{"Right":0},[]],"tag":"App"}]],"tag":"App"},"name":"_"},{"contents":[{"item":{"contents":[{"Right":21},[]],"tag":"App"},"name":"k"},{"contents":[{"item":{"contents":[{"item":{"contents":[{"Right":15},[{"contents":[{"Right":0},[]],"tag":"App"},{"contents":[{"Right":1},[]],"tag":"App"}]],"tag":"App"},"name":"_"},{"contents":[{"Left":"Data.Empty.⊥"},[]],"tag":"App"}],"tag":"Pi"},"name":"_"},{"contents":[{"Left":"Agda.Builtin.Equality._≡_"},[{"contents":"lzero","tag":"Level"},{"contents":[{"Left":"Agda.Builtin.Maybe.Maybe"},[{"contents":"lzero","tag":"Level"},{"contents":[{"Right":21},[]],"tag":"App"}]],"tag":"App"},{"contents":[{"Right":16},[{"contents":[{"Right":17},[{"contents":[{"Right":2},[]],"tag":"App"},{"contents":[{"Right":1},[]],"tag":"App"}]],"tag":"App"},{"contents":[{"Right":0},[]],"tag":"App"}]],"tag":"App"},{"contents":[{"Right":16},[{"contents":[{"Right":2},[]],"tag":"App"},{"contents":[{"Right":0},[]],"tag":"App"}]],"tag":"App"}]],"tag":"App"}],"tag":"Pi"}],"tag":"Pi"}],"tag":"Pi"}],"tag":"Pi"}],"tag":"Pi"},"name":"∪-chooseₗ"},{"contents":[{"item":{"contents":[{"item":{"contents":[{"Right":17},[]],"tag":"App"},"name":"s₁"},{"contents":[{"item":{"contents":[{"Right":18},[]],"tag":"App"},"name":"s₂"},{"contents":[{"item":{"contents":[{"Right":14},[{"contents":[{"Left":"Prelude.Apartness._//_._♯_"},[]],"tag":"App"},{"contents":[{"Right":1},[]],"tag":"App"},{"contents":[{"Right":0},[]],"tag":"App"}]],"tag":"App"},"name":"_"},{"contents":[{"item":{"contents":[{"Right":22},[]],"tag":"App"},"name":"k"},{"contents":[{"item":{"contents":[{"Right":16},[{"contents":[{"Right":0},[]],"tag":"App"},{"contents":[{"Right":1},[]],"tag":"App"}]],"tag":"App"},"name":"_"},{"contents":[{"Left":"Agda.Builtin.Equality._≡_"},[{"contents":"lzero","tag":"Level"},{"contents":[{"Left":"Agda.Builtin.Maybe.Maybe"},[{"contents":"lzero","tag":"Level"},{"contents":[{"Right":22},[]],"tag":"App"}]],"tag":"App"},{"contents":[{"Right":17},[{"contents":[{"Right":18},[{"contents":[{"Right":2},[]],"tag":"App"},{"contents":[{"Right":1},[]],"tag":"App"}]],"tag":"App"},{"contents":[{"Right":0},[]],"tag":"App"}]],"tag":"App"},{"contents":[{"Right":17},[{"contents":[{"Right":1},[]],"tag":"App"},{"contents":[{"Right":0},[]],"tag":"App"}]],"tag":"App"}]],"tag":"App"}],"tag":"Pi"}],"tag":"Pi"}],"tag":"Pi"}],"tag":"Pi"}],"tag":"Pi"},"name":"∪-chooseᵣ"},{"contents":[{"item":{"contents":[{"item":{"contents":[{"Right":18},[]],"tag":"App"},"name":"s₁"},{"contents":[{"item":{"contents":[{"Right":19},[]],"tag":"App"},"name":"s₂"},{"contents":[{"item":{"contents":[{"Right":20},[]],"tag":"App"},"name":"s₃"},{"contents":[{"item":{"contents":[{"Right":16},[{"contents":[{"Left":"Prelude.Apartness._//_._♯_"},[]],"tag":"App"},{"contents":[{"Right":2},[]],"tag":"App"},{"contents":[{"Right":19},[{"contents":[{"Right":1},[]],"tag":"App"},{"contents":[{"Right":0},[]],"tag":"App"}]],"tag":"App"}]],"tag":"App"},"name":"_"},{"contents":[{"Left":"Agda.Builtin.Sigma.Σ"},[{"contents":"lzero","tag":"Level"},{"contents":"lzero","tag":"Level"},{"contents":[{"Right":16},[{"contents":[{"Left":"Prelude.Apartness._//_._♯_"},[]],"tag":"App"},{"contents":[{"Right":2},[]],"tag":"App"},{"contents":[{"Right":1},[]],"tag":"App"}]],"tag":"App"},{"contents":{"item":{"contents":[{"Right":17},[{"contents":[{"Left":"Prelude.Apartness._//_._♯_"},[]],"tag":"App"},{"contents":[{"Right":3},[]],"tag":"App"},{"contents":[{"Right":1},[]],"tag":"App"}]],"tag":"App"},"name":"x"},"tag":"Lam"}]],"tag":"App"}],"tag":"Pi"}],"tag":"Pi"}],"tag":"Pi"}],"tag":"Pi"},"name":"♯-∪⁻ʳ"},{"contents":[{"item":{"contents":[{"item":{"contents":[{"Right":19},[]],"tag":"App"},"name":"s₁"},{"contents":[{"item":{"contents":[{"Right":20},[]],"tag":"App"},"name":"s₂"},{"contents":[{"item":{"contents":[{"Right":21},[]],"tag":"App"},"name":"s₃"},{"contents":[{"item":{"contents":[{"Right":17},[{"contents":[{"Left":"Prelude.Apartness._//_._♯_"},[]],"tag":"App"},{"contents":[{"Right":20},[{"contents":[{"Right":2},[]],"tag":"App"},{"contents":[{"Right":1},[]],"tag":"App"}]],"tag":"App"},{"contents":[{"Right":0},[]],"tag":"App"}]],"tag":"App"},"name":"_"},{"contents":[{"Left":"Agda.Builtin.Sigma.Σ"},[{"contents":"lzero","tag":"Level"},{"contents":"lzero","tag":"Level"},{"contents":[{"Right":17},[{"contents":[{"Left":"Prelude.Apartness._//_._♯_"},[]],"tag":"App"},{"contents":[{"Right":2},[]],"tag":"App"},{"contents":[{"Right":0},[]],"tag":"App"}]],"tag":"App"},{"contents":{"item":{"contents":[{"Right":18},[{"contents":[{"Left":"Prelude.Apartness._//_._♯_"},[]],"tag":"App"},{"contents":[{"Right":2},[]],"tag":"App"},{"contents":[{"Right":1},[]],"tag":"App"}]],"tag":"App"},"name":"x"},"tag":"Lam"}]],"tag":"App"}],"tag":"Pi"}],"tag":"Pi"}],"tag":"Pi"}],"tag":"Pi"},"name":"♯-∪⁻ˡ"},{"contents":[{"item":{"contents":[{"item":{"contents":[{"Right":20},[]],"tag":"App"},"name":"s₁"},{"contents":[{"item":{"contents":[{"Right":21},[]],"tag":"App"},"name":"s₂"},{"contents":[{"item":{"contents":[{"Right":22},[]],"tag":"App"},"name":"s₃"},{"contents":[{"item":{"contents":[{"Left":"Agda.Builtin.Sigma.Σ"},[{"contents":"lzero","tag":"Level"},{"contents":"lzero","tag":"Level"},{"contents":[{"Right":18},[{"contents":[{"Left":"Prelude.Apartness._//_._♯_"},[]],"tag":"App"},{"contents":[{"Right":2},[]],"tag":"App"},{"contents":[{"Right":0},[]],"tag":"App"}]],"tag":"App"},{"contents":{"item":{"contents":[{"Right":19},[{"contents":[{"Left":"Prelude.Apartness._//_._♯_"},[]],"tag":"App"},{"contents":[{"Right":2},[]],"tag":"App"},{"contents":[{"Right":1},[]],"tag":"App"}]],"tag":"App"},"name":"x"},"tag":"Lam"}]],"tag":"App"},"name":"_"},{"contents":[{"Right":18},[{"contents":[{"Left":"Prelude.Apartness._//_._♯_"},[]],"tag":"App"},{"contents":[{"Right":21},[{"contents":[{"Right":2},[]],"tag":"App"},{"contents":[{"Right":1},[]],"tag":"App"}]],"tag":"App"},{"contents":[{"Right":0},[]],"tag":"App"}]],"tag":"App"}],"tag":"Pi"}],"tag":"Pi"}],"tag":"Pi"}],"tag":"Pi"},"name":"♯-∪⁺ˡ"},{"contents":[{"item":{"contents":[{"item":{"contents":[{"Right":21},[]],"tag":"App"},"name":"s₁"},{"contents":[{"item":{"contents":[{"Right":22},[]],"tag":"App"},"name":"s₂"},{"contents":[{"item":{"contents":[{"Right":23},[]],"tag":"App"},"name":"s₃"},{"contents":[{"item":{"contents":[{"Left":"Agda.Builtin.Sigma.Σ"},[{"contents":"lzero","tag":"Level"},{"contents":"lzero","tag":"Level"},{"contents":[{"Right":19},[{"contents":[{"Left":"Prelude.Apartness._//_._♯_"},[]],"tag":"App"},{"contents":[{"Right":2},[]],"tag":"App"},{"contents":[{"Right":1},[]],"tag":"App"}]],"tag":"App"},{"contents":{"item":{"contents":[{"Right":20},[{"contents":[{"Left":"Prelude.Apartness._//_._♯_"},[]],"tag":"App"},{"contents":[{"Right":3},[]],"tag":"App"},{"contents":[{"Right":1},[]],"tag":"App"}]],"tag":"App"},"name":"x"},"tag":"Lam"}]],"tag":"App"},"name":"_"},{"contents":[{"Right":19},[{"contents":[{"Left":"Prelude.Apartness._//_._♯_"},[]],"tag":"App"},{"contents":[{"Right":2},[]],"tag":"App"},{"contents":[{"Right":22},[{"contents":[{"Right":1},[]],"tag":"App"},{"contents":[{"Right":0},[]],"tag":"App"}]],"tag":"App"}]],"tag":"App"}],"tag":"Pi"}],"tag":"Pi"}],"tag":"Pi"}],"tag":"Pi"},"name":"♯-∪⁺ʳ"},{"contents":[{"item":{"contents":[{"item":{"contents":[{"Right":22},[]],"tag":"App"},"name":"s₁"},{"contents":[{"item":{"contents":[{"Right":23},[]],"tag":"App"},"name":"s₂"},{"contents":[{"item":{"contents":[{"Right":24},[]],"tag":"App"},"name":"s₃"},{"contents":[{"item":{"contents":[{"Right":28},[]],"tag":"App"},"name":"k"},{"contents":[{"Left":"Agda.Builtin.Equality._≡_"},[{"contents":"lzero","tag":"Level"},{"contents":[{"Left":"Agda.Builtin.Maybe.Maybe"},[{"contents":"lzero","tag":"Level"},{"contents":[{"Right":28},[]],"tag":"App"}]],"tag":"App"},{"contents":[{"Right":23},[{"contents":[{"Right":24},[{"contents":[{"Right":3},[]],"tag":"App"},{"contents":[{"Right":24},[{"contents":[{"Right":2},[]],"tag":"App"},{"contents":[{"Right":1},[]],"tag":"App"}]],"tag":"App"}]],"tag":"App"},{"contents":[{"Right":0},[]],"tag":"App"}]],"tag":"App"},{"contents":[{"Right":23},[{"contents":[{"Right":24},[{"contents":[{"Right":24},[{"contents":[{"Right":3},[]],"tag":"App"},{"contents":[{"Right":2},[]],"tag":"App"}]],"tag":"App"},{"contents":[{"Right":1},[]],"tag":"App"}]],"tag":"App"},{"contents":[{"Right":0},[]],"tag":"App"}]],"tag":"App"}]],"tag":"App"}],"tag":"Pi"}],"tag":"Pi"}],"tag":"Pi"}],"tag":"Pi"},"name":"∪-assocʳ"},{"contents":[{"item":{"contents":[{"item":{"contents":[{"Right":23},[]],"tag":"App"},"name":"s₁"},{"contents":[{"item":{"contents":[{"Right":24},[]],"tag":"App"},"name":"s₂"},{"contents":[{"item":{"contents":[{"Right":25},[]],"tag":"App"},"name":"s₃"},{"contents":[{"item":{"contents":[{"Right":26},[]],"tag":"App"},"name":"s"},{"contents":[{"item":{"contents":[{"Right":22},[{"contents":[{"Left":"Prelude.Apartness._//_._♯_"},[]],"tag":"App"},{"contents":[{"Right":2},[]],"tag":"App"},{"contents":[{"Right":1},[]],"tag":"App"}]],"tag":"App"},"name":"_"},{"contents":[{"item":{"contents":[{"Left":"Agda.Builtin.Sigma.Σ"},[{"contents":"lzero","tag":"Level"},{"contents":"lzero","tag":"Level"},{"contents":[{"Right":22},[{"contents":[{"Left":"Prelude.Apartness._//_._♯_"},[]],"tag":"App"},{"contents":[{"Right":3},[]],"tag":"App"},{"contents":[{"Right":25},[{"contents":[{"Right":2},[]],"tag":"App"},{"contents":[{"Right":1},[]],"tag":"App"}]],"tag":"App"}]],"tag":"App"},{"contents":{"item":{"contents":[{"item":{"contents":[{"Right":31},[]],"tag":"App"},"name":"k"},{"contents":[{"Left":"Agda.Builtin.Equality._≡_"},[{"contents":"lzero","tag":"Level"},{"contents":[{"Left":"Agda.Builtin.Maybe.Maybe"},[{"contents":"lzero","tag":"Level"},{"contents":[{"Right":31},[]],"tag":"App"}]],"tag":"App"},{"contents":[{"Right":26},[{"contents":[{"Right":27},[{"contents":[{"Right":5},[]],"tag":"App"},{"contents":[{"Right":27},[{"contents":[{"Right":4},[]],"tag":"App"},{"contents":[{"Right":3},[]],"tag":"App"}]],"tag":"App"}]],"tag":"App"},{"contents":[{"Right":0},[]],"tag":"App"}]],"tag":"App"},{"contents":[{"Right":26},[{"contents":[{"Right":2},[]],"tag":"App"},{"contents":[{"Right":0},[]],"tag":"App"}]],"tag":"App"}]],"tag":"App"}],"tag":"Pi"},"name":"x"},"tag":"Lam"}]],"tag":"App"},"name":"_"},{"contents":[{"Left":"Agda.Builtin.Sigma.Σ"},[{"contents":"lzero","tag":"Level"},{"contents":"lzero","tag":"Level"},{"contents":[{"Right":22},[{"contents":[{"Left":"Prelude.Apartness._//_._♯_"},[]],"tag":"App"},{"contents":[{"Right":25},[{"contents":[{"Right":3},[]],"tag":"App"},{"contents":[{"Right":2},[]],"tag":"App"}]],"tag":"App"},{"contents":[{"Right":1},[]],"tag":"App"}]],"tag":"App"},{"contents":{"item":{"contents":[{"item":{"contents":[{"Right":31},[]],"tag":"App"},"name":"k"},{"contents":[{"Left":"Agda.Builtin.Equality._≡_"},[{"contents":"lzero","tag":"Level"},{"contents":[{"Left":"Agda.Builtin.Maybe.Maybe"},[{"contents":"lzero","tag":"Level"},{"contents":[{"Right":31},[]],"tag":"App"}]],"tag":"App"},{"contents":[{"Right":26},[{"contents":[{"Right":27},[{"contents":[{"Right":27},[{"contents":[{"Right":5},[]],"tag":"App"},{"contents":[{"Right":4},[]],"tag":"App"}]],"tag":"App"},{"contents":[{"Right":3},[]],"tag":"App"}]],"tag":"App"},{"contents":[{"Right":0},[]],"tag":"App"}]],"tag":"App"},{"contents":[{"Right":26},[{"contents":[{"Right":2},[]],"tag":"App"},{"contents":[{"Right":0},[]],"tag":"App"}]],"tag":"App"}]],"tag":"App"}],"tag":"Pi"},"name":"x"},"tag":"Lam"}]],"tag":"App"}],"tag":"Pi"}],"tag":"Pi"}],"tag":"Pi"}],"tag":"Pi"}],"tag":"Pi"}],"tag":"Pi"},"name":"∪≡-assocʳ"},{"contents":[{"Left":"Prelude.Maps.Abstract.Interface.Mapᴵ"},[{"contents":[{"Right":27},[]],"tag":"App"},{"contents":[{"Right":26},[]],"tag":"App"},{"contents":[{"Right":25},[]],"tag":"App"}]],"tag":"App"}],"tag":"Pi"}],"tag":"Pi"}],"tag":"Pi"}],"tag":"Pi"}],"tag":"Pi"}],"tag":"Pi"}],"tag":"Pi"}],"tag":"Pi"}],"tag":"Pi"}],"tag":"Pi"}],"tag":"Pi"}],"tag":"Pi"}],"tag":"Pi"}],"tag":"Pi"}],"tag":"Pi"}],"tag":"Pi"}],"tag":"Pi"}],"tag":"Pi"}],"tag":"Pi"}],"tag":"Pi"}],"tag":"Pi"}],"tag":"Pi"}],"tag":"Pi"}],"tag":"Pi"}],"tag":"Pi"}],"tag":"Pi"}],"tag":"Pi"}],"tag":"Pi"},"original":{"contents":[{"item":{"contents":"Set","tag":"Sort"},"name":"K"},{"contents":[{"item":{"contents":"Set","tag":"Sort"},"name":"V"},{"contents":[{"item":{"contents":[{"Left":"Agda.Primitive.Level"},[]],"tag":"App"},"name":"σ"},{"contents":[{"item":{"contents":"Set @0","tag":"Sort"},"name":"Map"},{"contents":[{"item":{"contents":[{"Right":0},[]],"tag":"App"},"name":"∅"},{"contents":[{"item":{"contents":[{"Left":"Algebra.Core.Op₂"},[{"contents":[{"Right":2},[]],"tag":"App"},{"contents":[{"Right":1},[]],"tag":"App"}]],"tag":"App"},"name":"_∪_"},{"contents":[{"item":{"contents":[{"item":{"contents":[{"Right":2},[]],"tag":"App"},"name":"_"},{"contents":[{"item":{"contents":[{"Right":5},[]],"tag":"App"},"name":"_"},{"contents":[{"Left":"Agda.Builtin.Maybe.Maybe"},[{"contents":"lzero","tag":"Level"},{"contents":[{"Right":4},[]],"tag":"App"}]],"tag":"App"}],"tag":"Pi"}],"tag":"Pi"},"name":"_⁉_"},{"contents":[{"item":{"contents":[{"item":{"contents":[{"Right":6},[]],"tag":"App"},"name":"_"},{"contents":[{"item":{"contents":[{"Right":3},[]],"tag":"App"},"name":"_"},{"contents":"Set","tag":"Sort"}],"tag":"Pi"}],"tag":"Pi"},"name":"_∈ᵈ_"},{"contents":[{"item":{"contents":[{"Left":"Prelude.Apartness._//^⦅_⦆_"},[{"contents":[{"Right":5},[]],"tag":"App"},{"contents":[{"Right":5},[]],"tag":"App"},{"contents":[{"Right":4},[]],"tag":"App"},{"contents":[{"Left":"Level.0ℓ"},[]],"tag":"App"},{"contents":[{"Right":4},[]],"tag":"App"}]],"tag":"App"},"name":"Apart-Map"},{"contents":[{"item":{"contents":[{"item":{"contents":[{"Right":5},[]],"tag":"App"},"name":"s"},{"contents":[{"item":{"contents":[{"Right":9},[]],"tag":"App"},"name":"k"},{"contents":[{"item":{"contents":[{"Left":"Data.Maybe.Is-just"},[{"contents":"lzero","tag":"Level"},{"contents":[{"Right":9},[]],"tag":"App"},{"contents":[{"Right":4},[{"contents":[{"Right":1},[]],"tag":"App"},{"contents":[{"Right":0},[]],"tag":"App"}]],"tag":"App"}]],"tag":"App"},"name":"_"},{"contents":[{"Right":3},[{"contents":[{"Right":0},[]],"tag":"App"},{"contents":[{"Right":1},[]],"tag":"App"}]],"tag":"App"}],"tag":"Pi"}],"tag":"Pi"}],"tag":"Pi"},"name":"⁉⇒∈ᵈ"},{"contents":[{"item":{"contents":[{"item":{"contents":[{"Right":6},[]],"tag":"App"},"name":"s"},{"contents":[{"item":{"contents":[{"Right":10},[]],"tag":"App"},"name":"k"},{"contents":[{"item":{"contents":[{"Right":4},[{"contents":[{"Right":0},[]],"tag":"App"},{"contents":[{"Right":1},[]],"tag":"App"}]],"tag":"App"},"name":"_"},{"contents":[{"Left":"Data.Maybe.Is-just"},[{"contents":"lzero","tag":"Level"},{"contents":[{"Right":10},[]],"tag":"App"},{"contents":[{"Right":5},[{"contents":[{"Right":1},[]],"tag":"App"},{"contents":[{"Right":0},[]],"tag":"App"}]],"tag":"App"}]],"tag":"App"}],"tag":"Pi"}],"tag":"Pi"}],"tag":"Pi"},"name":"∈ᵈ⇒⁉"},{"contents":[{"item":{"contents":[{"item":{"contents":[{"Right":7},[]],"tag":"App"},"name":"s₁"},{"contents":[{"item":{"contents":[{"Right":8},[]],"tag":"App"},"name":"s₂"},{"contents":[{"item":{"contents":[{"Right":12},[]],"tag":"App"},"name":"k"},{"contents":[{"item":{"contents":[{"Right":12},[]],"tag":"App"},"name":"v"},{"contents":[{"item":{"contents":[{"Left":"Agda.Builtin.Equality._≡_"},[{"contents":"lzero","tag":"Level"},{"contents":[{"Left":"Agda.Builtin.Maybe.Maybe"},[{"contents":"lzero","tag":"Level"},{"contents":[{"Right":13},[]],"tag":"App"}]],"tag":"App"},{"contents":[{"Right":8},[{"contents":[{"Right":3},[]],"tag":"App"},{"contents":[{"Right":1},[]],"tag":"App"}]],"tag":"App"},{"contents":[{"Left":"Agda.Builtin.Maybe.Maybe.just"},[{"contents":[{"Right":0},[]],"tag":"App"}]],"tag":"App"}]],"tag":"App"},"name":"_"},{"contents":[{"Left":"Agda.Builtin.Equality._≡_"},[{"contents":"lzero","tag":"Level"},{"contents":[{"Left":"Agda.Builtin.Maybe.Maybe"},[{"contents":"lzero","tag":"Level"},{"contents":[{"Right":13},[]],"tag":"App"}]],"tag":"App"},{"contents":[{"Right":8},[{"contents":[{"Right":9},[{"contents":[{"Right":3},[]],"tag":"App"},{"contents":[{"Right":2},[]],"tag":"App"}]],"tag":"App"},{"contents":[{"Right":1},[]],"tag":"App"}]],"tag":"App"},{"contents":[{"Left":"Agda.Builtin.Maybe.Maybe.just"},[{"contents":[{"Right":0},[]],"tag":"App"}]],"tag":"App"}]],"tag":"App"}],"tag":"Pi"}],"tag":"Pi"}],"tag":"Pi"}],"tag":"Pi"}],"tag":"Pi"},"name":"↦-∪⁺ˡ"},{"contents":[{"item":{"contents":[{"item":{"contents":[{"Right":8},[]],"tag":"App"},"name":"s₁"},{"contents":[{"item":{"contents":[{"Right":9},[]],"tag":"App"},"name":"s₂"},{"contents":[{"item":{"contents":[{"Right":13},[]],"tag":"App"},"name":"k"},{"contents":[{"item":{"contents":[{"Left":"Relation.Nullary.¬_"},[{"contents":"lzero","tag":"Level"},{"contents":[{"Right":7},[{"contents":[{"Right":0},[]],"tag":"App"},{"contents":[{"Right":2},[]],"tag":"App"}]],"tag":"App"}]],"tag":"App"},"name":"_"},{"contents":[{"Left":"Agda.Builtin.Equality._≡_"},[{"contents":"lzero","tag":"Level"},{"contents":[{"Left":"Agda.Builtin.Maybe.Maybe"},[{"contents":"lzero","tag":"Level"},{"contents":[{"Right":13},[]],"tag":"App"}]],"tag":"App"},{"contents":[{"Right":8},[{"contents":[{"Right":1},[]],"tag":"App"},{"contents":[{"Right":0},[]],"tag":"App"}]],"tag":"App"},{"contents":[{"Right":8},[{"contents":[{"Right":9},[{"contents":[{"Right":2},[]],"tag":"App"},{"contents":[{"Right":1},[]],"tag":"App"}]],"tag":"App"},{"contents":[{"Right":0},[]],"tag":"App"}]],"tag":"App"}]],"tag":"App"}],"tag":"Pi"}],"tag":"Pi"}],"tag":"Pi"}],"tag":"Pi"},"name":"↦-∪⁺ʳ"},{"contents":[{"item":{"contents":[{"Left":"Relation.Binary.Definitions.Symmetric"},[{"contents":[{"Right":10},[]],"tag":"App"},{"contents":[{"Right":9},[]],"tag":"App"},{"contents":"lzero","tag":"Level"},{"contents":[{"Left":"Function.Base._∋_"},[{"contents":"lub lsuc lzero @10","tag":"Level"},{"contents":[{"Left":"Prelude.Init.Rel₀"},[{"contents":[{"Right":10},[]],"tag":"App"},{"contents":[{"Right":9},[]],"tag":"App"}]],"tag":"App"},{"contents":[{"Right":4},[{"contents":[{"Left":"Prelude.Apartness._//_._♯_"},[]],"tag":"App"}]],"tag":"App"}]],"tag":"App"}]],"tag":"App"},"name":"♯-comm"},{"contents":[{"item":{"contents":[{"item":{"contents":[{"Right":10},[]],"tag":"App"},"name":"s₁"},{"contents":[{"item":{"contents":[{"Right":11},[]],"tag":"App"},"name":"s₂"},{"contents":[{"item":{"contents":[{"Right":7},[{"contents":[{"Left":"Prelude.Apartness._//_._♯_"},[]],"tag":"App"},{"contents":[{"Right":1},[]],"tag":"App"},{"contents":[{"Right":0},[]],"tag":"App"}]],"tag":"App"},"name":"_"},{"contents":[{"Left":"Prelude.Maps.Abstract.Interface..extendedlambda0"},[{"contents":[{"Right":15},[]],"tag":"App"},{"contents":[{"Right":14},[]],"tag":"App"},{"contents":[{"Right":13},[]],"tag":"App"},{"contents":[{"Right":12},[]],"tag":"App"},{"contents":[{"Right":11},[]],"tag":"App"},{"contents":[{"Right":10},[]],"tag":"App"},{"contents":[{"Right":9},[]],"tag":"App"},{"contents":[{"Right":8},[]],"tag":"App"},{"contents":[{"Right":7},[]],"tag":"App"},{"contents":[{"Left":"Prelude.Setoid.Core.ISetoid._≈_"},[]],"tag":"App"},{"contents":[{"Right":10},[{"contents":[{"Right":1},[]],"tag":"App"},{"contents":[{"Right":0},[]],"tag":"App"}]],"tag":"App"},{"contents":[{"Right":10},[{"contents":[{"Right":0},[]],"tag":"App"},{"contents":[{"Right":1},[]],"tag":"App"}]],"tag":"App"}]],"tag":"App"}],"tag":"Pi"}],"tag":"Pi"}],"tag":"Pi"},"name":"∪-comm"},{"contents":[{"item":{"contents":[{"item":{"contents":[{"Right":11},[]],"tag":"App"},"name":"s₁"},{"contents":[{"item":{"contents":[{"Right":12},[]],"tag":"App"},"name":"s₂"},{"contents":[{"item":{"contents":[{"Right":13},[]],"tag":"App"},"name":"s₃"},{"contents":[{"item":{"contents":[{"Left":"Function.Base._∋_"},[{"contents":"lub lsuc lzero @15","tag":"Level"},{"contents":[{"Left":"Prelude.Init.Rel₀"},[{"contents":[{"Right":15},[]],"tag":"App"},{"contents":[{"Right":14},[]],"tag":"App"}]],"tag":"App"},{"contents":[{"Left":"Prelude.Maps.Abstract.Interface..extendedlambda0"},[{"contents":[{"Right":17},[]],"tag":"App"},{"contents":[{"Right":16},[]],"tag":"App"},{"contents":[{"Right":15},[]],"tag":"App"},{"contents":[{"Right":14},[]],"tag":"App"},{"contents":[{"Right":13},[]],"tag":"App"},{"contents":[{"Right":12},[]],"tag":"App"},{"contents":[{"Right":11},[]],"tag":"App"},{"contents":[{"Right":10},[]],"tag":"App"},{"contents":[{"Right":9},[]],"tag":"App"},{"contents":[{"Left":"Prelude.Setoid.Core.ISetoid._≈_"},[]],"tag":"App"}]],"tag":"App"},{"contents":[{"Right":2},[]],"tag":"App"},{"contents":[{"Right":1},[]],"tag":"App"}]],"tag":"App"},"name":"_"},{"contents":[{"item":{"contents":[{"Right":9},[{"contents":[{"Left":"Prelude.Apartness._//_._♯_"},[]],"tag":"App"},{"contents":[{"Right":2},[]],"tag":"App"},{"contents":[{"Right":0},[]],"tag":"App"}]],"tag":"App"},"name":"_"},{"contents":[{"Right":9},[{"contents":[{"Left":"Prelude.Apartness._//_._♯_"},[]],"tag":"App"},{"contents":[{"Right":1},[]],"tag":"App"},{"contents":[{"Right":0},[]],"tag":"App"}]],"tag":"App"}],"tag":"Pi"}],"tag":"Pi"}],"tag":"Pi"}],"tag":"Pi"}],"tag":"Pi"},"name":"♯-cong"},{"contents":[{"item":{"contents":[{"item":{"contents":[{"Right":12},[]],"tag":"App"},"name":"s₁"},{"contents":[{"item":{"contents":[{"Right":13},[]],"tag":"App"},"name":"s₂"},{"contents":[{"item":{"contents":[{"Right":14},[]],"tag":"App"},"name":"s₃"},{"contents":[{"item":{"contents":[{"Left":"Prelude.Maps.Abstract.Interface..extendedlambda0"},[{"contents":[{"Right":18},[]],"tag":"App"},{"contents":[{"Right":17},[]],"tag":"App"},{"contents":[{"Right":16},[]],"tag":"App"},{"contents":[{"Right":15},[]],"tag":"App"},{"contents":[{"Right":14},[]],"tag":"App"},{"contents":[{"Right":13},[]],"tag":"App"},{"contents":[{"Right":12},[]],"tag":"App"},{"contents":[{"Right":11},[]],"tag":"App"},{"contents":[{"Right":10},[]],"tag":"App"},{"contents":[{"Left":"Prelude.Setoid.Core.ISetoid._≈_"},[]],"tag":"App"},{"contents":[{"Right":2},[]],"tag":"App"},{"contents":[{"Right":1},[]],"tag":"App"}]],"tag":"App"},"name":"_"},{"contents":[{"Left":"Prelude.Maps.Abstract.Interface..extendedlambda0"},[{"contents":[{"Right":18},[]],"tag":"App"},{"contents":[{"Right":17},[]],"tag":"App"},{"contents":[{"Right":16},[]],"tag":"App"},{"contents":[{"Right":15},[]],"tag":"App"},{"contents":[{"Right":14},[]],"tag":"App"},{"contents":[{"Right":13},[]],"tag":"App"},{"contents":[{"Right":12},[]],"tag":"App"},{"contents":[{"Right":11},[]],"tag":"App"},{"contents":[{"Right":10},[]],"tag":"App"},{"contents":[{"Left":"Prelude.Setoid.Core.ISetoid._≈_"},[]],"tag":"App"},{"contents":[{"Right":13},[{"contents":[{"Right":2},[]],"tag":"App"},{"contents":[{"Right":0},[]],"tag":"App"}]],"tag":"App"},{"contents":[{"Right":13},[{"contents":[{"Right":1},[]],"tag":"App"},{"contents":[{"Right":0},[]],"tag":"App"}]],"tag":"App"}]],"tag":"App"}],"tag":"Pi"}],"tag":"Pi"}],"tag":"Pi"}],"tag":"Pi"},"name":"∪-cong"},{"contents":[{"item":{"contents":[{"item":{"contents":[{"Right":16},[]],"tag":"App"},"name":"k"},{"contents":[{"item":{"contents":[{"Right":14},[]],"tag":"App"},"name":"s₁"},{"contents":[{"item":{"contents":[{"Right":15},[]],"tag":"App"},"name":"s₂"},{"contents":[{"item":{"contents":[{"Left":"Prelude.Maps.Abstract.Interface..extendedlambda0"},[{"contents":[{"Right":19},[]],"tag":"App"},{"contents":[{"Right":18},[]],"tag":"App"},{"contents":[{"Right":17},[]],"tag":"App"},{"contents":[{"Right":16},[]],"tag":"App"},{"contents":[{"Right":15},[]],"tag":"App"},{"contents":[{"Right":14},[]],"tag":"App"},{"contents":[{"Right":13},[]],"tag":"App"},{"contents":[{"Right":12},[]],"tag":"App"},{"contents":[{"Right":11},[]],"tag":"App"},{"contents":[{"Left":"Prelude.Setoid.Core.ISetoid._≈_"},[]],"tag":"App"},{"contents":[{"Right":1},[]],"tag":"App"},{"contents":[{"Right":0},[]],"tag":"App"}]],"tag":"App"},"name":"_"},{"contents":[{"item":{"contents":[{"Right":12},[{"contents":[{"Right":2},[]],"tag":"App"},{"contents":[{"Right":1},[]],"tag":"App"}]],"tag":"App"},"name":"_"},{"contents":[{"Right":12},[{"contents":[{"Right":2},[]],"tag":"App"},{"contents":[{"Right":0},[]],"tag":"App"}]],"tag":"App"}],"tag":"Pi"}],"tag":"Pi"}],"tag":"Pi"}],"tag":"Pi"}],"tag":"Pi"},"name":"∈ᵈ-cong"},{"contents":[{"item":{"contents":[{"item":{"contents":[{"Right":17},[]],"tag":"App"},"name":"k"},{"contents":[{"item":{"contents":[{"Right":15},[]],"tag":"App"},"name":"s₁"},{"contents":[{"item":{"contents":[{"Right":16},[]],"tag":"App"},"name":"s₂"},{"contents":[{"item":{"contents":[{"Right":13},[{"contents":[{"Right":2},[]],"tag":"App"},{"contents":[{"Right":15},[{"contents":[{"Right":1},[]],"tag":"App"},{"contents":[{"Right":0},[]],"tag":"App"}]],"tag":"App"}]],"tag":"App"},"name":"_"},{"contents":[{"Left":"Data.Sum.Base._⊎_"},[{"contents":"lzero","tag":"Level"},{"contents":"lzero","tag":"Level"},{"contents":[{"Right":13},[{"contents":[{"Right":2},[]],"tag":"App"},{"contents":[{"Right":1},[]],"tag":"App"}]],"tag":"App"},{"contents":[{"Right":13},[{"contents":[{"Right":2},[]],"tag":"App"},{"contents":[{"Right":0},[]],"tag":"App"}]],"tag":"App"}]],"tag":"App"}],"tag":"Pi"}],"tag":"Pi"}],"tag":"Pi"}],"tag":"Pi"},"name":"∈ᵈ-∪⁻"},{"contents":[{"item":{"contents":[{"item":{"contents":[{"Right":18},[]],"tag":"App"},"name":"k"},{"contents":[{"item":{"contents":[{"Right":16},[]],"tag":"App"},"name":"s₁"},{"contents":[{"item":{"contents":[{"Right":17},[]],"tag":"App"},"name":"s₂"},{"contents":[{"item":{"contents":[{"Left":"Data.Sum.Base._⊎_"},[{"contents":"lzero","tag":"Level"},{"contents":"lzero","tag":"Level"},{"contents":[{"Right":14},[{"contents":[{"Right":2},[]],"tag":"App"},{"contents":[{"Right":1},[]],"tag":"App"}]],"tag":"App"},{"contents":[{"Right":14},[{"contents":[{"Right":2},[]],"tag":"App"},{"contents":[{"Right":0},[]],"tag":"App"}]],"tag":"App"}]],"tag":"App"},"name":"_"},{"contents":[{"Right":14},[{"contents":[{"Right":2},[]],"tag":"App"},{"contents":[{"Right":16},[{"contents":[{"Right":1},[]],"tag":"App"},{"contents":[{"Right":0},[]],"tag":"App"}]],"tag":"App"}]],"tag":"App"}],"tag":"Pi"}],"tag":"Pi"}],"tag":"Pi"}],"tag":"Pi"},"name":"∈ᵈ-∪⁺"},{"contents":[{"item":{"contents":[{"item":{"contents":[{"Right":16},[]],"tag":"App"},"name":"s₁"},{"contents":[{"item":{"contents":[{"Right":17},[]],"tag":"App"},"name":"s₂"},{"contents":[{"item":{"contents":[{"Right":13},[{"contents":[{"Left":"Prelude.Apartness._//_._♯_"},[]],"tag":"App"},{"contents":[{"Right":1},[]],"tag":"App"},{"contents":[{"Right":0},[]],"tag":"App"}]],"tag":"App"},"name":"_"},{"contents":[{"item":{"contents":[{"Right":21},[]],"tag":"App"},"name":"k"},{"contents":[{"item":{"contents":[{"Left":"Relation.Nullary.¬_"},[{"contents":"lzero","tag":"Level"},{"contents":[{"Right":15},[{"contents":[{"Right":0},[]],"tag":"App"},{"contents":[{"Right":1},[]],"tag":"App"}]],"tag":"App"}]],"tag":"App"},"name":"_"},{"contents":[{"Left":"Agda.Builtin.Equality._≡_"},[{"contents":"lzero","tag":"Level"},{"contents":[{"Left":"Agda.Builtin.Maybe.Maybe"},[{"contents":"lzero","tag":"Level"},{"contents":[{"Right":21},[]],"tag":"App"}]],"tag":"App"},{"contents":[{"Right":16},[{"contents":[{"Right":17},[{"contents":[{"Right":2},[]],"tag":"App"},{"contents":[{"Right":1},[]],"tag":"App"}]],"tag":"App"},{"contents":[{"Right":0},[]],"tag":"App"}]],"tag":"App"},{"contents":[{"Right":16},[{"contents":[{"Right":2},[]],"tag":"App"},{"contents":[{"Right":0},[]],"tag":"App"}]],"tag":"App"}]],"tag":"App"}],"tag":"Pi"}],"tag":"Pi"}],"tag":"Pi"}],"tag":"Pi"}],"tag":"Pi"},"name":"∪-chooseₗ"},{"contents":[{"item":{"contents":[{"item":{"contents":[{"Right":17},[]],"tag":"App"},"name":"s₁"},{"contents":[{"item":{"contents":[{"Right":18},[]],"tag":"App"},"name":"s₂"},{"contents":[{"item":{"contents":[{"Right":14},[{"contents":[{"Left":"Prelude.Apartness._//_._♯_"},[]],"tag":"App"},{"contents":[{"Right":1},[]],"tag":"App"},{"contents":[{"Right":0},[]],"tag":"App"}]],"tag":"App"},"name":"_"},{"contents":[{"item":{"contents":[{"Right":22},[]],"tag":"App"},"name":"k"},{"contents":[{"item":{"contents":[{"Right":16},[{"contents":[{"Right":0},[]],"tag":"App"},{"contents":[{"Right":1},[]],"tag":"App"}]],"tag":"App"},"name":"_"},{"contents":[{"Left":"Agda.Builtin.Equality._≡_"},[{"contents":"lzero","tag":"Level"},{"contents":[{"Left":"Agda.Builtin.Maybe.Maybe"},[{"contents":"lzero","tag":"Level"},{"contents":[{"Right":22},[]],"tag":"App"}]],"tag":"App"},{"contents":[{"Right":17},[{"contents":[{"Right":18},[{"contents":[{"Right":2},[]],"tag":"App"},{"contents":[{"Right":1},[]],"tag":"App"}]],"tag":"App"},{"contents":[{"Right":0},[]],"tag":"App"}]],"tag":"App"},{"contents":[{"Right":17},[{"contents":[{"Right":1},[]],"tag":"App"},{"contents":[{"Right":0},[]],"tag":"App"}]],"tag":"App"}]],"tag":"App"}],"tag":"Pi"}],"tag":"Pi"}],"tag":"Pi"}],"tag":"Pi"}],"tag":"Pi"},"name":"∪-chooseᵣ"},{"contents":[{"item":{"contents":[{"item":{"contents":[{"Right":18},[]],"tag":"App"},"name":"s₁"},{"contents":[{"item":{"contents":[{"Right":19},[]],"tag":"App"},"name":"s₂"},{"contents":[{"item":{"contents":[{"Right":20},[]],"tag":"App"},"name":"s₃"},{"contents":[{"item":{"contents":[{"Right":16},[{"contents":[{"Left":"Prelude.Apartness._//_._♯_"},[]],"tag":"App"},{"contents":[{"Right":2},[]],"tag":"App"},{"contents":[{"Right":19},[{"contents":[{"Right":1},[]],"tag":"App"},{"contents":[{"Right":0},[]],"tag":"App"}]],"tag":"App"}]],"tag":"App"},"name":"_"},{"contents":[{"Left":"Data.Product._×_"},[{"contents":[{"Left":"Level.0ℓ"},[]],"tag":"App"},{"contents":[{"Left":"Level.0ℓ"},[]],"tag":"App"},{"contents":[{"Right":16},[{"contents":[{"Left":"Prelude.Apartness._//_._♯_"},[]],"tag":"App"},{"contents":[{"Right":2},[]],"tag":"App"},{"contents":[{"Right":1},[]],"tag":"App"}]],"tag":"App"},{"contents":[{"Right":16},[{"contents":[{"Left":"Prelude.Apartness._//_._♯_"},[]],"tag":"App"},{"contents":[{"Right":2},[]],"tag":"App"},{"contents":[{"Right":0},[]],"tag":"App"}]],"tag":"App"}]],"tag":"App"}],"tag":"Pi"}],"tag":"Pi"}],"tag":"Pi"}],"tag":"Pi"},"name":"♯-∪⁻ʳ"},{"contents":[{"item":{"contents":[{"item":{"contents":[{"Right":19},[]],"tag":"App"},"name":"s₁"},{"contents":[{"item":{"contents":[{"Right":20},[]],"tag":"App"},"name":"s₂"},{"contents":[{"item":{"contents":[{"Right":21},[]],"tag":"App"},"name":"s₃"},{"contents":[{"item":{"contents":[{"Right":17},[{"contents":[{"Left":"Prelude.Apartness._//_._♯_"},[]],"tag":"App"},{"contents":[{"Right":20},[{"contents":[{"Right":2},[]],"tag":"App"},{"contents":[{"Right":1},[]],"tag":"App"}]],"tag":"App"},{"contents":[{"Right":0},[]],"tag":"App"}]],"tag":"App"},"name":"_"},{"contents":[{"Left":"Data.Product._×_"},[{"contents":[{"Left":"Level.0ℓ"},[]],"tag":"App"},{"contents":[{"Left":"Level.0ℓ"},[]],"tag":"App"},{"contents":[{"Right":17},[{"contents":[{"Left":"Prelude.Apartness._//_._♯_"},[]],"tag":"App"},{"contents":[{"Right":2},[]],"tag":"App"},{"contents":[{"Right":0},[]],"tag":"App"}]],"tag":"App"},{"contents":[{"Right":17},[{"contents":[{"Left":"Prelude.Apartness._//_._♯_"},[]],"tag":"App"},{"contents":[{"Right":1},[]],"tag":"App"},{"contents":[{"Right":0},[]],"tag":"App"}]],"tag":"App"}]],"tag":"App"}],"tag":"Pi"}],"tag":"Pi"}],"tag":"Pi"}],"tag":"Pi"},"name":"♯-∪⁻ˡ"},{"contents":[{"item":{"contents":[{"item":{"contents":[{"Right":20},[]],"tag":"App"},"name":"s₁"},{"contents":[{"item":{"contents":[{"Right":21},[]],"tag":"App"},"name":"s₂"},{"contents":[{"item":{"contents":[{"Right":22},[]],"tag":"App"},"name":"s₃"},{"contents":[{"item":{"contents":[{"Left":"Data.Product._×_"},[{"contents":[{"Left":"Level.0ℓ"},[]],"tag":"App"},{"contents":[{"Left":"Level.0ℓ"},[]],"tag":"App"},{"contents":[{"Right":18},[{"contents":[{"Left":"Prelude.Apartness._//_._♯_"},[]],"tag":"App"},{"contents":[{"Right":2},[]],"tag":"App"},{"contents":[{"Right":0},[]],"tag":"App"}]],"tag":"App"},{"contents":[{"Right":18},[{"contents":[{"Left":"Prelude.Apartness._//_._♯_"},[]],"tag":"App"},{"contents":[{"Right":1},[]],"tag":"App"},{"contents":[{"Right":0},[]],"tag":"App"}]],"tag":"App"}]],"tag":"App"},"name":"_"},{"contents":[{"Right":18},[{"contents":[{"Left":"Prelude.Apartness._//_._♯_"},[]],"tag":"App"},{"contents":[{"Right":21},[{"contents":[{"Right":2},[]],"tag":"App"},{"contents":[{"Right":1},[]],"tag":"App"}]],"tag":"App"},{"contents":[{"Right":0},[]],"tag":"App"}]],"tag":"App"}],"tag":"Pi"}],"tag":"Pi"}],"tag":"Pi"}],"tag":"Pi"},"name":"♯-∪⁺ˡ"},{"contents":[{"item":{"contents":[{"item":{"contents":[{"Right":21},[]],"tag":"App"},"name":"s₁"},{"contents":[{"item":{"contents":[{"Right":22},[]],"tag":"App"},"name":"s₂"},{"contents":[{"item":{"contents":[{"Right":23},[]],"tag":"App"},"name":"s₃"},{"contents":[{"item":{"contents":[{"Left":"Data.Product._×_"},[{"contents":[{"Left":"Level.0ℓ"},[]],"tag":"App"},{"contents":[{"Left":"Level.0ℓ"},[]],"tag":"App"},{"contents":[{"Right":19},[{"contents":[{"Left":"Prelude.Apartness._//_._♯_"},[]],"tag":"App"},{"contents":[{"Right":2},[]],"tag":"App"},{"contents":[{"Right":1},[]],"tag":"App"}]],"tag":"App"},{"contents":[{"Right":19},[{"contents":[{"Left":"Prelude.Apartness._//_._♯_"},[]],"tag":"App"},{"contents":[{"Right":2},[]],"tag":"App"},{"contents":[{"Right":0},[]],"tag":"App"}]],"tag":"App"}]],"tag":"App"},"name":"_"},{"contents":[{"Right":19},[{"contents":[{"Left":"Prelude.Apartness._//_._♯_"},[]],"tag":"App"},{"contents":[{"Right":2},[]],"tag":"App"},{"contents":[{"Right":22},[{"contents":[{"Right":1},[]],"tag":"App"},{"contents":[{"Right":0},[]],"tag":"App"}]],"tag":"App"}]],"tag":"App"}],"tag":"Pi"}],"tag":"Pi"}],"tag":"Pi"}],"tag":"Pi"},"name":"♯-∪⁺ʳ"},{"contents":[{"item":{"contents":[{"item":{"contents":[{"Right":22},[]],"tag":"App"},"name":"s₁"},{"contents":[{"item":{"contents":[{"Right":23},[]],"tag":"App"},"name":"s₂"},{"contents":[{"item":{"contents":[{"Right":24},[]],"tag":"App"},"name":"s₃"},{"contents":[{"Left":"Prelude.Maps.Abstract.Interface..extendedlambda0"},[{"contents":[{"Right":28},[]],"tag":"App"},{"contents":[{"Right":27},[]],"tag":"App"},{"contents":[{"Right":26},[]],"tag":"App"},{"contents":[{"Right":25},[]],"tag":"App"},{"contents":[{"Right":24},[]],"tag":"App"},{"contents":[{"Right":23},[]],"tag":"App"},{"contents":[{"Right":22},[]],"tag":"App"},{"contents":[{"Right":21},[]],"tag":"App"},{"contents":[{"Right":20},[]],"tag":"App"},{"contents":[{"Left":"Prelude.Setoid.Core.ISetoid._≈_"},[]],"tag":"App"},{"contents":[{"Right":23},[{"contents":[{"Right":2},[]],"tag":"App"},{"contents":[{"Right":23},[{"contents":[{"Right":1},[]],"tag":"App"},{"contents":[{"Right":0},[]],"tag":"App"}]],"tag":"App"}]],"tag":"App"},{"contents":[{"Right":23},[{"contents":[{"Right":23},[{"contents":[{"Right":2},[]],"tag":"App"},{"contents":[{"Right":1},[]],"tag":"App"}]],"tag":"App"},{"contents":[{"Right":0},[]],"tag":"App"}]],"tag":"App"}]],"tag":"App"}],"tag":"Pi"}],"tag":"Pi"}],"tag":"Pi"},"name":"∪-assocʳ"},{"contents":[{"item":{"contents":[{"item":{"contents":[{"Right":23},[]],"tag":"App"},"name":"s₁"},{"contents":[{"item":{"contents":[{"Right":24},[]],"tag":"App"},"name":"s₂"},{"contents":[{"item":{"contents":[{"Right":25},[]],"tag":"App"},"name":"s₃"},{"contents":[{"item":{"contents":[{"Right":26},[]],"tag":"App"},"name":"s"},{"contents":[{"item":{"contents":[{"Right":22},[{"contents":[{"Left":"Prelude.Apartness._//_._♯_"},[]],"tag":"App"},{"contents":[{"Right":2},[]],"tag":"App"},{"contents":[{"Right":1},[]],"tag":"App"}]],"tag":"App"},"name":"_"},{"contents":[{"item":{"contents":[{"Left":"Data.Product._×_"},[{"contents":"lzero","tag":"Level"},{"contents":[{"Left":"Prelude.Maps.Abstract.Interface..extendedlambda0"},[{"contents":[{"Right":30},[]],"tag":"App"},{"contents":[{"Right":29},[]],"tag":"App"},{"contents":[{"Right":28},[]],"tag":"App"},{"contents":[{"Right":27},[]],"tag":"App"},{"contents":[{"Right":26},[]],"tag":"App"},{"contents":[{"Right":25},[]],"tag":"App"},{"contents":[{"Right":24},[]],"tag":"App"},{"contents":[{"Right":23},[]],"tag":"App"},{"contents":[{"Right":22},[]],"tag":"App"},{"contents":[{"Left":"Prelude.Setoid.Core.ISetoid.relℓ"},[]],"tag":"App"}]],"tag":"App"},{"contents":[{"Right":22},[{"contents":[{"Left":"Prelude.Apartness._//_._♯_"},[]],"tag":"App"},{"contents":[{"Right":3},[]],"tag":"App"},{"contents":[{"Right":25},[{"contents":[{"Right":2},[]],"tag":"App"},{"contents":[{"Right":1},[]],"tag":"App"}]],"tag":"App"}]],"tag":"App"},{"contents":[{"Left":"Prelude.Maps.Abstract.Interface..extendedlambda0"},[{"contents":[{"Right":30},[]],"tag":"App"},{"contents":[{"Right":29},[]],"tag":"App"},{"contents":[{"Right":28},[]],"tag":"App"},{"contents":[{"Right":27},[]],"tag":"App"},{"contents":[{"Right":26},[]],"tag":"App"},{"contents":[{"Right":25},[]],"tag":"App"},{"contents":[{"Right":24},[]],"tag":"App"},{"contents":[{"Right":23},[]],"tag":"App"},{"contents":[{"Right":22},[]],"tag":"App"},{"contents":[{"Left":"Prelude.Setoid.Core.ISetoid._≈_"},[]],"tag":"App"},{"contents":[{"Right":25},[{"contents":[{"Right":3},[]],"tag":"App"},{"contents":[{"Right":25},[{"contents":[{"Right":2},[]],"tag":"App"},{"contents":[{"Right":1},[]],"tag":"App"}]],"tag":"App"}]],"tag":"App"},{"contents":[{"Right":0},[]],"tag":"App"}]],"tag":"App"}]],"tag":"App"},"name":"_"},{"contents":[{"Left":"Data.Product._×_"},[{"contents":"lzero","tag":"Level"},{"contents":[{"Left":"Prelude.Maps.Abstract.Interface..extendedlambda0"},[{"contents":[{"Right":30},[]],"tag":"App"},{"contents":[{"Right":29},[]],"tag":"App"},{"contents":[{"Right":28},[]],"tag":"App"},{"contents":[{"Right":27},[]],"tag":"App"},{"contents":[{"Right":26},[]],"tag":"App"},{"contents":[{"Right":25},[]],"tag":"App"},{"contents":[{"Right":24},[]],"tag":"App"},{"contents":[{"Right":23},[]],"tag":"App"},{"contents":[{"Right":22},[]],"tag":"App"},{"contents":[{"Left":"Prelude.Setoid.Core.ISetoid.relℓ"},[]],"tag":"App"}]],"tag":"App"},{"contents":[{"Right":22},[{"contents":[{"Left":"Prelude.Apartness._//_._♯_"},[]],"tag":"App"},{"contents":[{"Right":25},[{"contents":[{"Right":3},[]],"tag":"App"},{"contents":[{"Right":2},[]],"tag":"App"}]],"tag":"App"},{"contents":[{"Right":1},[]],"tag":"App"}]],"tag":"App"},{"contents":[{"Left":"Prelude.Maps.Abstract.Interface..extendedlambda0"},[{"contents":[{"Right":30},[]],"tag":"App"},{"contents":[{"Right":29},[]],"tag":"App"},{"contents":[{"Right":28},[]],"tag":"App"},{"contents":[{"Right":27},[]],"tag":"App"},{"contents":[{"Right":26},[]],"tag":"App"},{"contents":[{"Right":25},[]],"tag":"App"},{"contents":[{"Right":24},[]],"tag":"App"},{"contents":[{"Right":23},[]],"tag":"App"},{"contents":[{"Right":22},[]],"tag":"App"},{"contents":[{"Left":"Prelude.Setoid.Core.ISetoid._≈_"},[]],"tag":"App"},{"contents":[{"Right":25},[{"contents":[{"Right":25},[{"contents":[{"Right":3},[]],"tag":"App"},{"contents":[{"Right":2},[]],"tag":"App"}]],"tag":"App"},{"contents":[{"Right":1},[]],"tag":"App"}]],"tag":"App"},{"contents":[{"Right":0},[]],"tag":"App"}]],"tag":"App"}]],"tag":"App"}],"tag":"Pi"}],"tag":"Pi"}],"tag":"Pi"}],"tag":"Pi"}],"tag":"Pi"}],"tag":"Pi"},"name":"∪≡-assocʳ"},{"contents":[{"Left":"Prelude.Maps.Abstract.Interface.Mapᴵ"},[{"contents":[{"Right":27},[]],"tag":"App"},{"contents":[{"Right":26},[]],"tag":"App"},{"contents":[{"Right":25},[]],"tag":"App"}]],"tag":"App"}],"tag":"Pi"}],"tag":"Pi"}],"tag":"Pi"}],"tag":"Pi"}],"tag":"Pi"}],"tag":"Pi"}],"tag":"Pi"}],"tag":"Pi"}],"tag":"Pi"}],"tag":"Pi"}],"tag":"Pi"}],"tag":"Pi"}],"tag":"Pi"}],"tag":"Pi"}],"tag":"Pi"}],"tag":"Pi"}],"tag":"Pi"}],"tag":"Pi"}],"tag":"Pi"}],"tag":"Pi"}],"tag":"Pi"}],"tag":"Pi"}],"tag":"Pi"}],"tag":"Pi"}],"tag":"Pi"}],"tag":"Pi"}],"tag":"Pi"}],"tag":"Pi"},"reduced":null,"simplified":{"contents":[{"item":{"contents":"Set","tag":"Sort"},"name":"K"},{"contents":[{"item":{"contents":"Set","tag":"Sort"},"name":"V"},{"contents":[{"item":{"contents":[{"Left":"Agda.Primitive.Level"},[]],"tag":"App"},"name":"σ"},{"contents":[{"item":{"contents":"Set @0","tag":"Sort"},"name":"Map"},{"contents":[{"item":{"contents":[{"Right":0},[]],"tag":"App"},"name":"∅"},{"contents":[{"item":{"contents":[{"Left":"Algebra.Core.Op₂"},[{"contents":[{"Right":2},[]],"tag":"App"},{"contents":[{"Right":1},[]],"tag":"App"}]],"tag":"App"},"name":"_∪_"},{"contents":[{"item":{"contents":[{"item":{"contents":[{"Right":2},[]],"tag":"App"},"name":"_"},{"contents":[{"item":{"contents":[{"Right":5},[]],"tag":"App"},"name":"_"},{"contents":[{"Left":"Agda.Builtin.Maybe.Maybe"},[{"contents":"lzero","tag":"Level"},{"contents":[{"Right":4},[]],"tag":"App"}]],"tag":"App"}],"tag":"Pi"}],"tag":"Pi"},"name":"_⁉_"},{"contents":[{"item":{"contents":[{"item":{"contents":[{"Right":6},[]],"tag":"App"},"name":"_"},{"contents":[{"item":{"contents":[{"Right":3},[]],"tag":"App"},"name":"_"},{"contents":"Set","tag":"Sort"}],"tag":"Pi"}],"tag":"Pi"},"name":"_∈ᵈ_"},{"contents":[{"item":{"contents":[{"Left":"Prelude.Apartness._//^⦅_⦆_"},[{"contents":[{"Right":5},[]],"tag":"App"},{"contents":[{"Right":5},[]],"tag":"App"},{"contents":[{"Right":4},[]],"tag":"App"},{"contents":[{"Left":"Level.0ℓ"},[]],"tag":"App"},{"contents":[{"Right":4},[]],"tag":"App"}]],"tag":"App"},"name":"Apart-Map"},{"contents":[{"item":{"contents":[{"item":{"contents":[{"Right":5},[]],"tag":"App"},"name":"s"},{"contents":[{"item":{"contents":[{"Right":9},[]],"tag":"App"},"name":"k"},{"contents":[{"item":{"contents":[{"Left":"Data.Maybe.Is-just"},[{"contents":"lzero","tag":"Level"},{"contents":[{"Right":9},[]],"tag":"App"},{"contents":[{"Right":4},[{"contents":[{"Right":1},[]],"tag":"App"},{"contents":[{"Right":0},[]],"tag":"App"}]],"tag":"App"}]],"tag":"App"},"name":"_"},{"contents":[{"Right":3},[{"contents":[{"Right":0},[]],"tag":"App"},{"contents":[{"Right":1},[]],"tag":"App"}]],"tag":"App"}],"tag":"Pi"}],"tag":"Pi"}],"tag":"Pi"},"name":"⁉⇒∈ᵈ"},{"contents":[{"item":{"contents":[{"item":{"contents":[{"Right":6},[]],"tag":"App"},"name":"s"},{"contents":[{"item":{"contents":[{"Right":10},[]],"tag":"App"},"name":"k"},{"contents":[{"item":{"contents":[{"Right":4},[{"contents":[{"Right":0},[]],"tag":"App"},{"contents":[{"Right":1},[]],"tag":"App"}]],"tag":"App"},"name":"_"},{"contents":[{"Left":"Data.Maybe.Is-just"},[{"contents":"lzero","tag":"Level"},{"contents":[{"Right":10},[]],"tag":"App"},{"contents":[{"Right":5},[{"contents":[{"Right":1},[]],"tag":"App"},{"contents":[{"Right":0},[]],"tag":"App"}]],"tag":"App"}]],"tag":"App"}],"tag":"Pi"}],"tag":"Pi"}],"tag":"Pi"},"name":"∈ᵈ⇒⁉"},{"contents":[{"item":{"contents":[{"item":{"contents":[{"Right":7},[]],"tag":"App"},"name":"s₁"},{"contents":[{"item":{"contents":[{"Right":8},[]],"tag":"App"},"name":"s₂"},{"contents":[{"item":{"contents":[{"Right":12},[]],"tag":"App"},"name":"k"},{"contents":[{"item":{"contents":[{"Right":12},[]],"tag":"App"},"name":"v"},{"contents":[{"item":{"contents":[{"Left":"Agda.Builtin.Equality._≡_"},[{"contents":"lzero","tag":"Level"},{"contents":[{"Left":"Agda.Builtin.Maybe.Maybe"},[{"contents":"lzero","tag":"Level"},{"contents":[{"Right":13},[]],"tag":"App"}]],"tag":"App"},{"contents":[{"Right":8},[{"contents":[{"Right":3},[]],"tag":"App"},{"contents":[{"Right":1},[]],"tag":"App"}]],"tag":"App"},{"contents":[{"Left":"Agda.Builtin.Maybe.Maybe.just"},[{"contents":[{"Right":0},[]],"tag":"App"}]],"tag":"App"}]],"tag":"App"},"name":"_"},{"contents":[{"Left":"Agda.Builtin.Equality._≡_"},[{"contents":"lzero","tag":"Level"},{"contents":[{"Left":"Agda.Builtin.Maybe.Maybe"},[{"contents":"lzero","tag":"Level"},{"contents":[{"Right":13},[]],"tag":"App"}]],"tag":"App"},{"contents":[{"Right":8},[{"contents":[{"Right":9},[{"contents":[{"Right":3},[]],"tag":"App"},{"contents":[{"Right":2},[]],"tag":"App"}]],"tag":"App"},{"contents":[{"Right":1},[]],"tag":"App"}]],"tag":"App"},{"contents":[{"Left":"Agda.Builtin.Maybe.Maybe.just"},[{"contents":[{"Right":0},[]],"tag":"App"}]],"tag":"App"}]],"tag":"App"}],"tag":"Pi"}],"tag":"Pi"}],"tag":"Pi"}],"tag":"Pi"}],"tag":"Pi"},"name":"↦-∪⁺ˡ"},{"contents":[{"item":{"contents":[{"item":{"contents":[{"Right":8},[]],"tag":"App"},"name":"s₁"},{"contents":[{"item":{"contents":[{"Right":9},[]],"tag":"App"},"name":"s₂"},{"contents":[{"item":{"contents":[{"Right":13},[]],"tag":"App"},"name":"k"},{"contents":[{"item":{"contents":[{"Left":"Relation.Nullary.¬_"},[{"contents":"lzero","tag":"Level"},{"contents":[{"Right":7},[{"contents":[{"Right":0},[]],"tag":"App"},{"contents":[{"Right":2},[]],"tag":"App"}]],"tag":"App"}]],"tag":"App"},"name":"_"},{"contents":[{"Left":"Agda.Builtin.Equality._≡_"},[{"contents":"lzero","tag":"Level"},{"contents":[{"Left":"Agda.Builtin.Maybe.Maybe"},[{"contents":"lzero","tag":"Level"},{"contents":[{"Right":13},[]],"tag":"App"}]],"tag":"App"},{"contents":[{"Right":8},[{"contents":[{"Right":1},[]],"tag":"App"},{"contents":[{"Right":0},[]],"tag":"App"}]],"tag":"App"},{"contents":[{"Right":8},[{"contents":[{"Right":9},[{"contents":[{"Right":2},[]],"tag":"App"},{"contents":[{"Right":1},[]],"tag":"App"}]],"tag":"App"},{"contents":[{"Right":0},[]],"tag":"App"}]],"tag":"App"}]],"tag":"App"}],"tag":"Pi"}],"tag":"Pi"}],"tag":"Pi"}],"tag":"Pi"},"name":"↦-∪⁺ʳ"},{"contents":[{"item":{"contents":[{"Left":"Relation.Binary.Definitions.Symmetric"},[{"contents":[{"Right":10},[]],"tag":"App"},{"contents":[{"Right":9},[]],"tag":"App"},{"contents":"lzero","tag":"Level"},{"contents":[{"Left":"Function.Base._∋_"},[{"contents":"lub lsuc lzero @10","tag":"Level"},{"contents":[{"Left":"Prelude.Init.Rel₀"},[{"contents":[{"Right":10},[]],"tag":"App"},{"contents":[{"Right":9},[]],"tag":"App"}]],"tag":"App"},{"contents":[{"Right":4},[{"contents":[{"Left":"Prelude.Apartness._//_._♯_"},[]],"tag":"App"}]],"tag":"App"}]],"tag":"App"}]],"tag":"App"},"name":"♯-comm"},{"contents":[{"item":{"contents":[{"item":{"contents":[{"Right":10},[]],"tag":"App"},"name":"s₁"},{"contents":[{"item":{"contents":[{"Right":11},[]],"tag":"App"},"name":"s₂"},{"contents":[{"item":{"contents":[{"Right":7},[{"contents":[{"Left":"Prelude.Apartness._//_._♯_"},[]],"tag":"App"},{"contents":[{"Right":1},[]],"tag":"App"},{"contents":[{"Right":0},[]],"tag":"App"}]],"tag":"App"},"name":"_"},{"contents":[{"item":{"contents":[{"Right":15},[]],"tag":"App"},"name":"k"},{"contents":[{"Left":"Agda.Builtin.Equality._≡_"},[{"contents":"lzero","tag":"Level"},{"contents":[{"Left":"Agda.Builtin.Maybe.Maybe"},[{"contents":"lzero","tag":"Level"},{"contents":[{"Right":15},[]],"tag":"App"}]],"tag":"App"},{"contents":[{"Right":10},[{"contents":[{"Right":11},[{"contents":[{"Right":2},[]],"tag":"App"},{"contents":[{"Right":1},[]],"tag":"App"}]],"tag":"App"},{"contents":[{"Right":0},[]],"tag":"App"}]],"tag":"App"},{"contents":[{"Right":10},[{"contents":[{"Right":11},[{"contents":[{"Right":1},[]],"tag":"App"},{"contents":[{"Right":2},[]],"tag":"App"}]],"tag":"App"},{"contents":[{"Right":0},[]],"tag":"App"}]],"tag":"App"}]],"tag":"App"}],"tag":"Pi"}],"tag":"Pi"}],"tag":"Pi"}],"tag":"Pi"},"name":"∪-comm"},{"contents":[{"item":{"contents":[{"item":{"contents":[{"Right":11},[]],"tag":"App"},"name":"s₁"},{"contents":[{"item":{"contents":[{"Right":12},[]],"tag":"App"},"name":"s₂"},{"contents":[{"item":{"contents":[{"Right":13},[]],"tag":"App"},"name":"s₃"},{"contents":[{"item":{"contents":[{"Left":"Function.Base._∋_"},[{"contents":"lub lsuc lzero @15","tag":"Level"},{"contents":[{"Left":"Prelude.Init.Rel₀"},[{"contents":[{"Right":15},[]],"tag":"App"},{"contents":[{"Right":14},[]],"tag":"App"}]],"tag":"App"},{"contents":{"item":{"contents":{"item":{"contents":[{"item":{"contents":[{"Right":19},[]],"tag":"App"},"name":"k"},{"contents":[{"Left":"Agda.Builtin.Equality._≡_"},[{"contents":"lzero","tag":"Level"},{"contents":[{"Left":"Agda.Builtin.Maybe.Maybe"},[{"contents":"lzero","tag":"Level"},{"contents":[{"Right":19},[]],"tag":"App"}]],"tag":"App"},{"contents":[{"Right":14},[{"contents":[{"Right":2},[]],"tag":"App"},{"contents":[{"Right":0},[]],"tag":"App"}]],"tag":"App"},{"contents":[{"Right":14},[{"contents":[{"Right":1},[]],"tag":"App"},{"contents":[{"Right":0},[]],"tag":"App"}]],"tag":"App"}]],"tag":"App"}],"tag":"Pi"},"name":"m′"},"tag":"Lam"},"name":"m"},"tag":"Lam"},{"contents":[{"Right":2},[]],"tag":"App"},{"contents":[{"Right":1},[]],"tag":"App"}]],"tag":"App"},"name":"_"},{"contents":[{"item":{"contents":[{"Right":9},[{"contents":[{"Left":"Prelude.Apartness._//_._♯_"},[]],"tag":"App"},{"contents":[{"Right":2},[]],"tag":"App"},{"contents":[{"Right":0},[]],"tag":"App"}]],"tag":"App"},"name":"_"},{"contents":[{"Right":9},[{"contents":[{"Left":"Prelude.Apartness._//_._♯_"},[]],"tag":"App"},{"contents":[{"Right":1},[]],"tag":"App"},{"contents":[{"Right":0},[]],"tag":"App"}]],"tag":"App"}],"tag":"Pi"}],"tag":"Pi"}],"tag":"Pi"}],"tag":"Pi"}],"tag":"Pi"},"name":"♯-cong"},{"contents":[{"item":{"contents":[{"item":{"contents":[{"Right":12},[]],"tag":"App"},"name":"s₁"},{"contents":[{"item":{"contents":[{"Right":13},[]],"tag":"App"},"name":"s₂"},{"contents":[{"item":{"contents":[{"Right":14},[]],"tag":"App"},"name":"s₃"},{"contents":[{"item":{"contents":[{"item":{"contents":[{"Right":18},[]],"tag":"App"},"name":"k"},{"contents":[{"Left":"Agda.Builtin.Equality._≡_"},[{"contents":"lzero","tag":"Level"},{"contents":[{"Left":"Agda.Builtin.Maybe.Maybe"},[{"contents":"lzero","tag":"Level"},{"contents":[{"Right":18},[]],"tag":"App"}]],"tag":"App"},{"contents":[{"Right":13},[{"contents":[{"Right":3},[]],"tag":"App"},{"contents":[{"Right":0},[]],"tag":"App"}]],"tag":"App"},{"contents":[{"Right":13},[{"contents":[{"Right":2},[]],"tag":"App"},{"contents":[{"Right":0},[]],"tag":"App"}]],"tag":"App"}]],"tag":"App"}],"tag":"Pi"},"name":"_"},{"contents":[{"item":{"contents":[{"Right":18},[]],"tag":"App"},"name":"k"},{"contents":[{"Left":"Agda.Builtin.Equality._≡_"},[{"contents":"lzero","tag":"Level"},{"contents":[{"Left":"Agda.Builtin.Maybe.Maybe"},[{"contents":"lzero","tag":"Level"},{"contents":[{"Right":18},[]],"tag":"App"}]],"tag":"App"},{"contents":[{"Right":13},[{"contents":[{"Right":14},[{"contents":[{"Right":3},[]],"tag":"App"},{"contents":[{"Right":1},[]],"tag":"App"}]],"tag":"App"},{"contents":[{"Right":0},[]],"tag":"App"}]],"tag":"App"},{"contents":[{"Right":13},[{"contents":[{"Right":14},[{"contents":[{"Right":2},[]],"tag":"App"},{"contents":[{"Right":1},[]],"tag":"App"}]],"tag":"App"},{"contents":[{"Right":0},[]],"tag":"App"}]],"tag":"App"}]],"tag":"App"}],"tag":"Pi"}],"tag":"Pi"}],"tag":"Pi"}],"tag":"Pi"}],"tag":"Pi"},"name":"∪-cong"},{"contents":[{"item":{"contents":[{"item":{"contents":[{"Right":16},[]],"tag":"App"},"name":"k"},{"contents":[{"item":{"contents":[{"Right":14},[]],"tag":"App"},"name":"s₁"},{"contents":[{"item":{"contents":[{"Right":15},[]],"tag":"App"},"name":"s₂"},{"contents":[{"item":{"contents":[{"item":{"contents":[{"Right":19},[]],"tag":"App"},"name":"k"},{"contents":[{"Left":"Agda.Builtin.Equality._≡_"},[{"contents":"lzero","tag":"Level"},{"contents":[{"Left":"Agda.Builtin.Maybe.Maybe"},[{"contents":"lzero","tag":"Level"},{"contents":[{"Right":19},[]],"tag":"App"}]],"tag":"App"},{"contents":[{"Right":14},[{"contents":[{"Right":2},[]],"tag":"App"},{"contents":[{"Right":0},[]],"tag":"App"}]],"tag":"App"},{"contents":[{"Right":14},[{"contents":[{"Right":1},[]],"tag":"App"},{"contents":[{"Right":0},[]],"tag":"App"}]],"tag":"App"}]],"tag":"App"}],"tag":"Pi"},"name":"_"},{"contents":[{"item":{"contents":[{"Right":12},[{"contents":[{"Right":2},[]],"tag":"App"},{"contents":[{"Right":1},[]],"tag":"App"}]],"tag":"App"},"name":"_"},{"contents":[{"Right":12},[{"contents":[{"Right":2},[]],"tag":"App"},{"contents":[{"Right":0},[]],"tag":"App"}]],"tag":"App"}],"tag":"Pi"}],"tag":"Pi"}],"tag":"Pi"}],"tag":"Pi"}],"tag":"Pi"},"name":"∈ᵈ-cong"},{"contents":[{"item":{"contents":[{"item":{"contents":[{"Right":17},[]],"tag":"App"},"name":"k"},{"contents":[{"item":{"contents":[{"Right":15},[]],"tag":"App"},"name":"s₁"},{"contents":[{"item":{"contents":[{"Right":16},[]],"tag":"App"},"name":"s₂"},{"contents":[{"item":{"contents":[{"Right":13},[{"contents":[{"Right":2},[]],"tag":"App"},{"contents":[{"Right":15},[{"contents":[{"Right":1},[]],"tag":"App"},{"contents":[{"Right":0},[]],"tag":"App"}]],"tag":"App"}]],"tag":"App"},"name":"_"},{"contents":[{"Left":"Data.Sum.Base._⊎_"},[{"contents":"lzero","tag":"Level"},{"contents":"lzero","tag":"Level"},{"contents":[{"Right":13},[{"contents":[{"Right":2},[]],"tag":"App"},{"contents":[{"Right":1},[]],"tag":"App"}]],"tag":"App"},{"contents":[{"Right":13},[{"contents":[{"Right":2},[]],"tag":"App"},{"contents":[{"Right":0},[]],"tag":"App"}]],"tag":"App"}]],"tag":"App"}],"tag":"Pi"}],"tag":"Pi"}],"tag":"Pi"}],"tag":"Pi"},"name":"∈ᵈ-∪⁻"},{"contents":[{"item":{"contents":[{"item":{"contents":[{"Right":18},[]],"tag":"App"},"name":"k"},{"contents":[{"item":{"contents":[{"Right":16},[]],"tag":"App"},"name":"s₁"},{"contents":[{"item":{"contents":[{"Right":17},[]],"tag":"App"},"name":"s₂"},{"contents":[{"item":{"contents":[{"Left":"Data.Sum.Base._⊎_"},[{"contents":"lzero","tag":"Level"},{"contents":"lzero","tag":"Level"},{"contents":[{"Right":14},[{"contents":[{"Right":2},[]],"tag":"App"},{"contents":[{"Right":1},[]],"tag":"App"}]],"tag":"App"},{"contents":[{"Right":14},[{"contents":[{"Right":2},[]],"tag":"App"},{"contents":[{"Right":0},[]],"tag":"App"}]],"tag":"App"}]],"tag":"App"},"name":"_"},{"contents":[{"Right":14},[{"contents":[{"Right":2},[]],"tag":"App"},{"contents":[{"Right":16},[{"contents":[{"Right":1},[]],"tag":"App"},{"contents":[{"Right":0},[]],"tag":"App"}]],"tag":"App"}]],"tag":"App"}],"tag":"Pi"}],"tag":"Pi"}],"tag":"Pi"}],"tag":"Pi"},"name":"∈ᵈ-∪⁺"},{"contents":[{"item":{"contents":[{"item":{"contents":[{"Right":16},[]],"tag":"App"},"name":"s₁"},{"contents":[{"item":{"contents":[{"Right":17},[]],"tag":"App"},"name":"s₂"},{"contents":[{"item":{"contents":[{"Right":13},[{"contents":[{"Left":"Prelude.Apartness._//_._♯_"},[]],"tag":"App"},{"contents":[{"Right":1},[]],"tag":"App"},{"contents":[{"Right":0},[]],"tag":"App"}]],"tag":"App"},"name":"_"},{"contents":[{"item":{"contents":[{"Right":21},[]],"tag":"App"},"name":"k"},{"contents":[{"item":{"contents":[{"Left":"Relation.Nullary.¬_"},[{"contents":"lzero","tag":"Level"},{"contents":[{"Right":15},[{"contents":[{"Right":0},[]],"tag":"App"},{"contents":[{"Right":1},[]],"tag":"App"}]],"tag":"App"}]],"tag":"App"},"name":"_"},{"contents":[{"Left":"Agda.Builtin.Equality._≡_"},[{"contents":"lzero","tag":"Level"},{"contents":[{"Left":"Agda.Builtin.Maybe.Maybe"},[{"contents":"lzero","tag":"Level"},{"contents":[{"Right":21},[]],"tag":"App"}]],"tag":"App"},{"contents":[{"Right":16},[{"contents":[{"Right":17},[{"contents":[{"Right":2},[]],"tag":"App"},{"contents":[{"Right":1},[]],"tag":"App"}]],"tag":"App"},{"contents":[{"Right":0},[]],"tag":"App"}]],"tag":"App"},{"contents":[{"Right":16},[{"contents":[{"Right":2},[]],"tag":"App"},{"contents":[{"Right":0},[]],"tag":"App"}]],"tag":"App"}]],"tag":"App"}],"tag":"Pi"}],"tag":"Pi"}],"tag":"Pi"}],"tag":"Pi"}],"tag":"Pi"},"name":"∪-chooseₗ"},{"contents":[{"item":{"contents":[{"item":{"contents":[{"Right":17},[]],"tag":"App"},"name":"s₁"},{"contents":[{"item":{"contents":[{"Right":18},[]],"tag":"App"},"name":"s₂"},{"contents":[{"item":{"contents":[{"Right":14},[{"contents":[{"Left":"Prelude.Apartness._//_._♯_"},[]],"tag":"App"},{"contents":[{"Right":1},[]],"tag":"App"},{"contents":[{"Right":0},[]],"tag":"App"}]],"tag":"App"},"name":"_"},{"contents":[{"item":{"contents":[{"Right":22},[]],"tag":"App"},"name":"k"},{"contents":[{"item":{"contents":[{"Right":16},[{"contents":[{"Right":0},[]],"tag":"App"},{"contents":[{"Right":1},[]],"tag":"App"}]],"tag":"App"},"name":"_"},{"contents":[{"Left":"Agda.Builtin.Equality._≡_"},[{"contents":"lzero","tag":"Level"},{"contents":[{"Left":"Agda.Builtin.Maybe.Maybe"},[{"contents":"lzero","tag":"Level"},{"contents":[{"Right":22},[]],"tag":"App"}]],"tag":"App"},{"contents":[{"Right":17},[{"contents":[{"Right":18},[{"contents":[{"Right":2},[]],"tag":"App"},{"contents":[{"Right":1},[]],"tag":"App"}]],"tag":"App"},{"contents":[{"Right":0},[]],"tag":"App"}]],"tag":"App"},{"contents":[{"Right":17},[{"contents":[{"Right":1},[]],"tag":"App"},{"contents":[{"Right":0},[]],"tag":"App"}]],"tag":"App"}]],"tag":"App"}],"tag":"Pi"}],"tag":"Pi"}],"tag":"Pi"}],"tag":"Pi"}],"tag":"Pi"},"name":"∪-chooseᵣ"},{"contents":[{"item":{"contents":[{"item":{"contents":[{"Right":18},[]],"tag":"App"},"name":"s₁"},{"contents":[{"item":{"contents":[{"Right":19},[]],"tag":"App"},"name":"s₂"},{"contents":[{"item":{"contents":[{"Right":20},[]],"tag":"App"},"name":"s₃"},{"contents":[{"item":{"contents":[{"Right":16},[{"contents":[{"Left":"Prelude.Apartness._//_._♯_"},[]],"tag":"App"},{"contents":[{"Right":2},[]],"tag":"App"},{"contents":[{"Right":19},[{"contents":[{"Right":1},[]],"tag":"App"},{"contents":[{"Right":0},[]],"tag":"App"}]],"tag":"App"}]],"tag":"App"},"name":"_"},{"contents":[{"Left":"Data.Product._×_"},[{"contents":[{"Left":"Level.0ℓ"},[]],"tag":"App"},{"contents":[{"Left":"Level.0ℓ"},[]],"tag":"App"},{"contents":[{"Right":16},[{"contents":[{"Left":"Prelude.Apartness._//_._♯_"},[]],"tag":"App"},{"contents":[{"Right":2},[]],"tag":"App"},{"contents":[{"Right":1},[]],"tag":"App"}]],"tag":"App"},{"contents":[{"Right":16},[{"contents":[{"Left":"Prelude.Apartness._//_._♯_"},[]],"tag":"App"},{"contents":[{"Right":2},[]],"tag":"App"},{"contents":[{"Right":0},[]],"tag":"App"}]],"tag":"App"}]],"tag":"App"}],"tag":"Pi"}],"tag":"Pi"}],"tag":"Pi"}],"tag":"Pi"},"name":"♯-∪⁻ʳ"},{"contents":[{"item":{"contents":[{"item":{"contents":[{"Right":19},[]],"tag":"App"},"name":"s₁"},{"contents":[{"item":{"contents":[{"Right":20},[]],"tag":"App"},"name":"s₂"},{"contents":[{"item":{"contents":[{"Right":21},[]],"tag":"App"},"name":"s₃"},{"contents":[{"item":{"contents":[{"Right":17},[{"contents":[{"Left":"Prelude.Apartness._//_._♯_"},[]],"tag":"App"},{"contents":[{"Right":20},[{"contents":[{"Right":2},[]],"tag":"App"},{"contents":[{"Right":1},[]],"tag":"App"}]],"tag":"App"},{"contents":[{"Right":0},[]],"tag":"App"}]],"tag":"App"},"name":"_"},{"contents":[{"Left":"Data.Product._×_"},[{"contents":[{"Left":"Level.0ℓ"},[]],"tag":"App"},{"contents":[{"Left":"Level.0ℓ"},[]],"tag":"App"},{"contents":[{"Right":17},[{"contents":[{"Left":"Prelude.Apartness._//_._♯_"},[]],"tag":"App"},{"contents":[{"Right":2},[]],"tag":"App"},{"contents":[{"Right":0},[]],"tag":"App"}]],"tag":"App"},{"contents":[{"Right":17},[{"contents":[{"Left":"Prelude.Apartness._//_._♯_"},[]],"tag":"App"},{"contents":[{"Right":1},[]],"tag":"App"},{"contents":[{"Right":0},[]],"tag":"App"}]],"tag":"App"}]],"tag":"App"}],"tag":"Pi"}],"tag":"Pi"}],"tag":"Pi"}],"tag":"Pi"},"name":"♯-∪⁻ˡ"},{"contents":[{"item":{"contents":[{"item":{"contents":[{"Right":20},[]],"tag":"App"},"name":"s₁"},{"contents":[{"item":{"contents":[{"Right":21},[]],"tag":"App"},"name":"s₂"},{"contents":[{"item":{"contents":[{"Right":22},[]],"tag":"App"},"name":"s₃"},{"contents":[{"item":{"contents":[{"Left":"Data.Product._×_"},[{"contents":[{"Left":"Level.0ℓ"},[]],"tag":"App"},{"contents":[{"Left":"Level.0ℓ"},[]],"tag":"App"},{"contents":[{"Right":18},[{"contents":[{"Left":"Prelude.Apartness._//_._♯_"},[]],"tag":"App"},{"contents":[{"Right":2},[]],"tag":"App"},{"contents":[{"Right":0},[]],"tag":"App"}]],"tag":"App"},{"contents":[{"Right":18},[{"contents":[{"Left":"Prelude.Apartness._//_._♯_"},[]],"tag":"App"},{"contents":[{"Right":1},[]],"tag":"App"},{"contents":[{"Right":0},[]],"tag":"App"}]],"tag":"App"}]],"tag":"App"},"name":"_"},{"contents":[{"Right":18},[{"contents":[{"Left":"Prelude.Apartness._//_._♯_"},[]],"tag":"App"},{"contents":[{"Right":21},[{"contents":[{"Right":2},[]],"tag":"App"},{"contents":[{"Right":1},[]],"tag":"App"}]],"tag":"App"},{"contents":[{"Right":0},[]],"tag":"App"}]],"tag":"App"}],"tag":"Pi"}],"tag":"Pi"}],"tag":"Pi"}],"tag":"Pi"},"name":"♯-∪⁺ˡ"},{"contents":[{"item":{"contents":[{"item":{"contents":[{"Right":21},[]],"tag":"App"},"name":"s₁"},{"contents":[{"item":{"contents":[{"Right":22},[]],"tag":"App"},"name":"s₂"},{"contents":[{"item":{"contents":[{"Right":23},[]],"tag":"App"},"name":"s₃"},{"contents":[{"item":{"contents":[{"Left":"Data.Product._×_"},[{"contents":[{"Left":"Level.0ℓ"},[]],"tag":"App"},{"contents":[{"Left":"Level.0ℓ"},[]],"tag":"App"},{"contents":[{"Right":19},[{"contents":[{"Left":"Prelude.Apartness._//_._♯_"},[]],"tag":"App"},{"contents":[{"Right":2},[]],"tag":"App"},{"contents":[{"Right":1},[]],"tag":"App"}]],"tag":"App"},{"contents":[{"Right":19},[{"contents":[{"Left":"Prelude.Apartness._//_._♯_"},[]],"tag":"App"},{"contents":[{"Right":2},[]],"tag":"App"},{"contents":[{"Right":0},[]],"tag":"App"}]],"tag":"App"}]],"tag":"App"},"name":"_"},{"contents":[{"Right":19},[{"contents":[{"Left":"Prelude.Apartness._//_._♯_"},[]],"tag":"App"},{"contents":[{"Right":2},[]],"tag":"App"},{"contents":[{"Right":22},[{"contents":[{"Right":1},[]],"tag":"App"},{"contents":[{"Right":0},[]],"tag":"App"}]],"tag":"App"}]],"tag":"App"}],"tag":"Pi"}],"tag":"Pi"}],"tag":"Pi"}],"tag":"Pi"},"name":"♯-∪⁺ʳ"},{"contents":[{"item":{"contents":[{"item":{"contents":[{"Right":22},[]],"tag":"App"},"name":"s₁"},{"contents":[{"item":{"contents":[{"Right":23},[]],"tag":"App"},"name":"s₂"},{"contents":[{"item":{"contents":[{"Right":24},[]],"tag":"App"},"name":"s₃"},{"contents":[{"item":{"contents":[{"Right":28},[]],"tag":"App"},"name":"k"},{"contents":[{"Left":"Agda.Builtin.Equality._≡_"},[{"contents":"lzero","tag":"Level"},{"contents":[{"Left":"Agda.Builtin.Maybe.Maybe"},[{"contents":"lzero","tag":"Level"},{"contents":[{"Right":28},[]],"tag":"App"}]],"tag":"App"},{"contents":[{"Right":23},[{"contents":[{"Right":24},[{"contents":[{"Right":3},[]],"tag":"App"},{"contents":[{"Right":24},[{"contents":[{"Right":2},[]],"tag":"App"},{"contents":[{"Right":1},[]],"tag":"App"}]],"tag":"App"}]],"tag":"App"},{"contents":[{"Right":0},[]],"tag":"App"}]],"tag":"App"},{"contents":[{"Right":23},[{"contents":[{"Right":24},[{"contents":[{"Right":24},[{"contents":[{"Right":3},[]],"tag":"App"},{"contents":[{"Right":2},[]],"tag":"App"}]],"tag":"App"},{"contents":[{"Right":1},[]],"tag":"App"}]],"tag":"App"},{"contents":[{"Right":0},[]],"tag":"App"}]],"tag":"App"}]],"tag":"App"}],"tag":"Pi"}],"tag":"Pi"}],"tag":"Pi"}],"tag":"Pi"},"name":"∪-assocʳ"},{"contents":[{"item":{"contents":[{"item":{"contents":[{"Right":23},[]],"tag":"App"},"name":"s₁"},{"contents":[{"item":{"contents":[{"Right":24},[]],"tag":"App"},"name":"s₂"},{"contents":[{"item":{"contents":[{"Right":25},[]],"tag":"App"},"name":"s₃"},{"contents":[{"item":{"contents":[{"Right":26},[]],"tag":"App"},"name":"s"},{"contents":[{"item":{"contents":[{"Right":22},[{"contents":[{"Left":"Prelude.Apartness._//_._♯_"},[]],"tag":"App"},{"contents":[{"Right":2},[]],"tag":"App"},{"contents":[{"Right":1},[]],"tag":"App"}]],"tag":"App"},"name":"_"},{"contents":[{"item":{"contents":[{"Left":"Data.Product._×_"},[{"contents":"lzero","tag":"Level"},{"contents":"lzero","tag":"Level"},{"contents":[{"Right":22},[{"contents":[{"Left":"Prelude.Apartness._//_._♯_"},[]],"tag":"App"},{"contents":[{"Right":3},[]],"tag":"App"},{"contents":[{"Right":25},[{"contents":[{"Right":2},[]],"tag":"App"},{"contents":[{"Right":1},[]],"tag":"App"}]],"tag":"App"}]],"tag":"App"},{"contents":[{"item":{"contents":[{"Right":30},[]],"tag":"App"},"name":"k"},{"contents":[{"Left":"Agda.Builtin.Equality._≡_"},[{"contents":"lzero","tag":"Level"},{"contents":[{"Left":"Agda.Builtin.Maybe.Maybe"},[{"contents":"lzero","tag":"Level"},{"contents":[{"Right":30},[]],"tag":"App"}]],"tag":"App"},{"contents":[{"Right":25},[{"contents":[{"Right":26},[{"contents":[{"Right":4},[]],"tag":"App"},{"contents":[{"Right":26},[{"contents":[{"Right":3},[]],"tag":"App"},{"contents":[{"Right":2},[]],"tag":"App"}]],"tag":"App"}]],"tag":"App"},{"contents":[{"Right":0},[]],"tag":"App"}]],"tag":"App"},{"contents":[{"Right":25},[{"contents":[{"Right":1},[]],"tag":"App"},{"contents":[{"Right":0},[]],"tag":"App"}]],"tag":"App"}]],"tag":"App"}],"tag":"Pi"}]],"tag":"App"},"name":"_"},{"contents":[{"Left":"Data.Product._×_"},[{"contents":"lzero","tag":"Level"},{"contents":"lzero","tag":"Level"},{"contents":[{"Right":22},[{"contents":[{"Left":"Prelude.Apartness._//_._♯_"},[]],"tag":"App"},{"contents":[{"Right":25},[{"contents":[{"Right":3},[]],"tag":"App"},{"contents":[{"Right":2},[]],"tag":"App"}]],"tag":"App"},{"contents":[{"Right":1},[]],"tag":"App"}]],"tag":"App"},{"contents":[{"item":{"contents":[{"Right":30},[]],"tag":"App"},"name":"k"},{"contents":[{"Left":"Agda.Builtin.Equality._≡_"},[{"contents":"lzero","tag":"Level"},{"contents":[{"Left":"Agda.Builtin.Maybe.Maybe"},[{"contents":"lzero","tag":"Level"},{"contents":[{"Right":30},[]],"tag":"App"}]],"tag":"App"},{"contents":[{"Right":25},[{"contents":[{"Right":26},[{"contents":[{"Right":26},[{"contents":[{"Right":4},[]],"tag":"App"},{"contents":[{"Right":3},[]],"tag":"App"}]],"tag":"App"},{"contents":[{"Right":2},[]],"tag":"App"}]],"tag":"App"},{"contents":[{"Right":0},[]],"tag":"App"}]],"tag":"App"},{"contents":[{"Right":25},[{"contents":[{"Right":1},[]],"tag":"App"},{"contents":[{"Right":0},[]],"tag":"App"}]],"tag":"App"}]],"tag":"App"}],"tag":"Pi"}]],"tag":"App"}],"tag":"Pi"}],"tag":"Pi"}],"tag":"Pi"}],"tag":"Pi"}],"tag":"Pi"}],"tag":"Pi"},"name":"∪≡-assocʳ"},{"contents":[{"Left":"Prelude.Maps.Abstract.Interface.Mapᴵ"},[{"contents":[{"Right":27},[]],"tag":"App"},{"contents":[{"Right":26},[]],"tag":"App"},{"contents":[{"Right":25},[]],"tag":"App"}]],"tag":"App"}],"tag":"Pi"}],"tag":"Pi"}],"tag":"Pi"}],"tag":"Pi"}],"tag":"Pi"}],"tag":"Pi"}],"tag":"Pi"}],"tag":"Pi"}],"tag":"Pi"}],"tag":"Pi"}],"tag":"Pi"}],"tag":"Pi"}],"tag":"Pi"}],"tag":"Pi"}],"tag":"Pi"}],"tag":"Pi"}],"tag":"Pi"}],"tag":"Pi"}],"tag":"Pi"}],"tag":"Pi"}],"tag":"Pi"}],"tag":"Pi"}],"tag":"Pi"}],"tag":"Pi"}],"tag":"Pi"}],"tag":"Pi"}],"tag":"Pi"}],"tag":"Pi"}}},"name":"Prelude.Maps.Abstract.Interface.mkMapᴵ"},{"item":{"pretty":"(K V : Type) (σ : Level) → Type (lsuc σ)","thing":{"normalised":null,"original":{"contents":[{"item":{"contents":"Set","tag":"Sort"},"name":"K"},{"contents":[{"item":{"contents":"Set","tag":"Sort"},"name":"V"},{"contents":[{"item":{"contents":[{"Left":"Agda.Primitive.Level"},[]],"tag":"App"},"name":"σ"},{"contents":"Set (lsuc @0)","tag":"Sort"}],"tag":"Pi"}],"tag":"Pi"}],"tag":"Pi"},"reduced":null,"simplified":null}},"name":"Prelude.Maps.Abstract.Interface.FinMapᴵ"}],"name":"Prelude.Maps.Abstract.Interface"},"samples":[]}