{"scope":{"item":[{"item":{"pretty":"{ℓ ℓ′ : Level} {A : Type ℓ} {B : Type ℓ′} ⦃ _ : Ord A ⦄\n⦃ _ : Ord B ⦄ →\nOrd (These A B)","thing":{"normalised":null,"original":{"contents":[{"item":{"contents":[{"Left":"Agda.Primitive.Level"},[]],"tag":"App"},"name":"ℓ"},{"contents":[{"item":{"contents":[{"Left":"Agda.Primitive.Level"},[]],"tag":"App"},"name":"ℓ′"},{"contents":[{"item":{"contents":"Set @1","tag":"Sort"},"name":"A"},{"contents":[{"item":{"contents":"Set @1","tag":"Sort"},"name":"B"},{"contents":[{"item":{"contents":[{"Left":"Prelude.Ord.Core.Ord"},[{"contents":[{"Right":3},[]],"tag":"App"},{"contents":[{"Right":1},[]],"tag":"App"}]],"tag":"App"},"name":"_"},{"contents":[{"item":{"contents":[{"Left":"Prelude.Ord.Core.Ord"},[{"contents":[{"Right":3},[]],"tag":"App"},{"contents":[{"Right":1},[]],"tag":"App"}]],"tag":"App"},"name":"_"},{"contents":[{"Left":"Prelude.Ord.Core.Ord"},[{"contents":"lub @5 @4","tag":"Level"},{"contents":[{"Left":"Data.These.Base.These"},[{"contents":[{"Right":5},[]],"tag":"App"},{"contents":[{"Right":4},[]],"tag":"App"},{"contents":[{"Right":3},[]],"tag":"App"},{"contents":[{"Right":2},[]],"tag":"App"}]],"tag":"App"}]],"tag":"App"}],"tag":"Pi"}],"tag":"Pi"}],"tag":"Pi"}],"tag":"Pi"}],"tag":"Pi"}],"tag":"Pi"},"reduced":null,"simplified":null}},"name":"Prelude.Ord.These._.Ord-These"},{"item":{"pretty":"{ℓ ℓ′ : Level} {A : Type ℓ} {B : Type ℓ′} ⦃ _ = z : Ord A ⦄\n⦃ _ = z₁ : Ord B ⦄ ⦃ _ : DecEq A ⦄ ⦃ _ : DecEq B ⦄ ⦃ _ : DecOrd A ⦄\n⦃ _ : DecOrd B ⦄ →\nDecidable²\n(Ord._<_\n (mkOrd<\n  (λ { (this x) (this y) → ↑ℓ ((z Ord.< x) y)\n     ; (this _) (that _) → ↑ℓ ⊤\n     ; (this _) (these _ _) → ↑ℓ ⊤\n     ; (that _) (this _) → ↑ℓ ⊥\n     ; (that x) (that y) → ↑ℓ ((z₁ Ord.< x) y)\n     ; (that _) (these _ _) → ↑ℓ ⊤\n     ; (these _ _) (this _) → ↑ℓ ⊥\n     ; (these _ _) (that _) → ↑ℓ ⊥\n     ; (these x y) (these x′ y′)\n         → (z Ord.< x) x′ ⊎ x ≡ x′ × (z₁ Ord.< y) y′\n     })))","thing":{"normalised":{"contents":[{"item":{"contents":[{"Left":"Agda.Primitive.Level"},[]],"tag":"App"},"name":"ℓ"},{"contents":[{"item":{"contents":[{"Left":"Agda.Primitive.Level"},[]],"tag":"App"},"name":"ℓ′"},{"contents":[{"item":{"contents":"Set @1","tag":"Sort"},"name":"A"},{"contents":[{"item":{"contents":"Set @1","tag":"Sort"},"name":"B"},{"contents":[{"item":{"contents":[{"Left":"Prelude.Ord.Core.Ord"},[{"contents":[{"Right":3},[]],"tag":"App"},{"contents":[{"Right":1},[]],"tag":"App"}]],"tag":"App"},"name":"_"},{"contents":[{"item":{"contents":[{"Left":"Prelude.Ord.Core.Ord"},[{"contents":[{"Right":3},[]],"tag":"App"},{"contents":[{"Right":1},[]],"tag":"App"}]],"tag":"App"},"name":"_"},{"contents":[{"item":{"contents":[{"Left":"Prelude.DecEq.Core.DecEq"},[{"contents":[{"Right":5},[]],"tag":"App"},{"contents":[{"Right":3},[]],"tag":"App"}]],"tag":"App"},"name":"_"},{"contents":[{"item":{"contents":[{"Left":"Prelude.DecEq.Core.DecEq"},[{"contents":[{"Right":5},[]],"tag":"App"},{"contents":[{"Right":3},[]],"tag":"App"}]],"tag":"App"},"name":"_"},{"contents":[{"item":{"contents":[{"Left":"Prelude.Ord.Dec.DecOrd"},[{"contents":[{"Right":7},[]],"tag":"App"},{"contents":[{"Right":5},[]],"tag":"App"},{"contents":[{"Right":3},[]],"tag":"App"}]],"tag":"App"},"name":"_"},{"contents":[{"item":{"contents":[{"Left":"Prelude.Ord.Dec.DecOrd"},[{"contents":[{"Right":7},[]],"tag":"App"},{"contents":[{"Right":5},[]],"tag":"App"},{"contents":[{"Right":3},[]],"tag":"App"}]],"tag":"App"},"name":"_"},{"contents":[{"item":{"contents":[{"Left":"Data.These.Base.These"},[{"contents":[{"Right":9},[]],"tag":"App"},{"contents":[{"Right":8},[]],"tag":"App"},{"contents":[{"Right":7},[]],"tag":"App"},{"contents":[{"Right":6},[]],"tag":"App"}]],"tag":"App"},"name":"x"},{"contents":[{"item":{"contents":[{"Left":"Data.These.Base.These"},[{"contents":[{"Right":10},[]],"tag":"App"},{"contents":[{"Right":9},[]],"tag":"App"},{"contents":[{"Right":8},[]],"tag":"App"},{"contents":[{"Right":7},[]],"tag":"App"}]],"tag":"App"},"name":"y"},{"contents":[{"Left":"Relation.Nullary.Dec"},[{"contents":"lub @11 @10","tag":"Level"},{"contents":[{"Left":"Prelude.Ord.These._..extendedlambda0"},[{"contents":[{"Right":11},[]],"tag":"App"},{"contents":[{"Right":10},[]],"tag":"App"},{"contents":[{"Right":9},[]],"tag":"App"},{"contents":[{"Right":8},[]],"tag":"App"},{"contents":[{"Right":7},[]],"tag":"App"},{"contents":[{"Right":6},[]],"tag":"App"},{"contents":[{"Right":1},[]],"tag":"App"},{"contents":[{"Right":0},[]],"tag":"App"}]],"tag":"App"}]],"tag":"App"}],"tag":"Pi"}],"tag":"Pi"}],"tag":"Pi"}],"tag":"Pi"}],"tag":"Pi"}],"tag":"Pi"}],"tag":"Pi"}],"tag":"Pi"}],"tag":"Pi"}],"tag":"Pi"}],"tag":"Pi"}],"tag":"Pi"},"original":{"contents":[{"item":{"contents":[{"Left":"Agda.Primitive.Level"},[]],"tag":"App"},"name":"ℓ"},{"contents":[{"item":{"contents":[{"Left":"Agda.Primitive.Level"},[]],"tag":"App"},"name":"ℓ′"},{"contents":[{"item":{"contents":"Set @1","tag":"Sort"},"name":"A"},{"contents":[{"item":{"contents":"Set @1","tag":"Sort"},"name":"B"},{"contents":[{"item":{"contents":[{"Left":"Prelude.Ord.Core.Ord"},[{"contents":[{"Right":3},[]],"tag":"App"},{"contents":[{"Right":1},[]],"tag":"App"}]],"tag":"App"},"name":"_"},{"contents":[{"item":{"contents":[{"Left":"Prelude.Ord.Core.Ord"},[{"contents":[{"Right":3},[]],"tag":"App"},{"contents":[{"Right":1},[]],"tag":"App"}]],"tag":"App"},"name":"_"},{"contents":[{"item":{"contents":[{"Left":"Prelude.DecEq.Core.DecEq"},[{"contents":[{"Right":5},[]],"tag":"App"},{"contents":[{"Right":3},[]],"tag":"App"}]],"tag":"App"},"name":"_"},{"contents":[{"item":{"contents":[{"Left":"Prelude.DecEq.Core.DecEq"},[{"contents":[{"Right":5},[]],"tag":"App"},{"contents":[{"Right":3},[]],"tag":"App"}]],"tag":"App"},"name":"_"},{"contents":[{"item":{"contents":[{"Left":"Prelude.Ord.Dec.DecOrd"},[{"contents":[{"Right":7},[]],"tag":"App"},{"contents":[{"Right":5},[]],"tag":"App"},{"contents":[{"Right":3},[]],"tag":"App"}]],"tag":"App"},"name":"_"},{"contents":[{"item":{"contents":[{"Left":"Prelude.Ord.Dec.DecOrd"},[{"contents":[{"Right":7},[]],"tag":"App"},{"contents":[{"Right":5},[]],"tag":"App"},{"contents":[{"Right":3},[]],"tag":"App"}]],"tag":"App"},"name":"_"},{"contents":[{"Left":"Relation.Binary.Definitions.Decidable"},[{"contents":"lub @9 @8","tag":"Level"},{"contents":[{"Left":"Data.These.Base.These"},[{"contents":[{"Right":9},[]],"tag":"App"},{"contents":[{"Right":8},[]],"tag":"App"},{"contents":[{"Right":7},[]],"tag":"App"},{"contents":[{"Right":6},[]],"tag":"App"}]],"tag":"App"},{"contents":"lub @9 @8","tag":"Level"},{"contents":[{"Left":"Data.These.Base.These"},[{"contents":[{"Right":9},[]],"tag":"App"},{"contents":[{"Right":8},[]],"tag":"App"},{"contents":[{"Right":7},[]],"tag":"App"},{"contents":[{"Right":6},[]],"tag":"App"}]],"tag":"App"},{"contents":"lub @9 @8","tag":"Level"},{"contents":[{"Left":"Prelude.Ord.Core.mkOrd<"},[{"contents":"lub @9 @8","tag":"Level"},{"contents":[{"Left":"Data.These.Base.These"},[{"contents":[{"Right":9},[]],"tag":"App"},{"contents":[{"Right":8},[]],"tag":"App"},{"contents":[{"Right":7},[]],"tag":"App"},{"contents":[{"Right":6},[]],"tag":"App"}]],"tag":"App"},{"contents":[{"Left":"Prelude.Ord.These._..extendedlambda0"},[{"contents":[{"Right":9},[]],"tag":"App"},{"contents":[{"Right":8},[]],"tag":"App"},{"contents":[{"Right":7},[]],"tag":"App"},{"contents":[{"Right":6},[]],"tag":"App"},{"contents":[{"Right":5},[]],"tag":"App"},{"contents":[{"Right":4},[]],"tag":"App"}]],"tag":"App"},{"contents":[{"Left":"Prelude.Ord.Core.Ord._<_"},[]],"tag":"App"}]],"tag":"App"}]],"tag":"App"}],"tag":"Pi"}],"tag":"Pi"}],"tag":"Pi"}],"tag":"Pi"}],"tag":"Pi"}],"tag":"Pi"}],"tag":"Pi"}],"tag":"Pi"}],"tag":"Pi"}],"tag":"Pi"},"reduced":null,"simplified":{"contents":[{"item":{"contents":[{"Left":"Agda.Primitive.Level"},[]],"tag":"App"},"name":"ℓ"},{"contents":[{"item":{"contents":[{"Left":"Agda.Primitive.Level"},[]],"tag":"App"},"name":"ℓ′"},{"contents":[{"item":{"contents":"Set @1","tag":"Sort"},"name":"A"},{"contents":[{"item":{"contents":"Set @1","tag":"Sort"},"name":"B"},{"contents":[{"item":{"contents":[{"Left":"Prelude.Ord.Core.Ord"},[{"contents":[{"Right":3},[]],"tag":"App"},{"contents":[{"Right":1},[]],"tag":"App"}]],"tag":"App"},"name":"_"},{"contents":[{"item":{"contents":[{"Left":"Prelude.Ord.Core.Ord"},[{"contents":[{"Right":3},[]],"tag":"App"},{"contents":[{"Right":1},[]],"tag":"App"}]],"tag":"App"},"name":"_"},{"contents":[{"item":{"contents":[{"Left":"Prelude.DecEq.Core.DecEq"},[{"contents":[{"Right":5},[]],"tag":"App"},{"contents":[{"Right":3},[]],"tag":"App"}]],"tag":"App"},"name":"_"},{"contents":[{"item":{"contents":[{"Left":"Prelude.DecEq.Core.DecEq"},[{"contents":[{"Right":5},[]],"tag":"App"},{"contents":[{"Right":3},[]],"tag":"App"}]],"tag":"App"},"name":"_"},{"contents":[{"item":{"contents":[{"Left":"Prelude.Ord.Dec.DecOrd"},[{"contents":[{"Right":7},[]],"tag":"App"},{"contents":[{"Right":5},[]],"tag":"App"},{"contents":[{"Right":3},[]],"tag":"App"}]],"tag":"App"},"name":"_"},{"contents":[{"item":{"contents":[{"Left":"Prelude.Ord.Dec.DecOrd"},[{"contents":[{"Right":7},[]],"tag":"App"},{"contents":[{"Right":5},[]],"tag":"App"},{"contents":[{"Right":3},[]],"tag":"App"}]],"tag":"App"},"name":"_"},{"contents":[{"Left":"Relation.Binary.Definitions.Decidable"},[{"contents":"lub @9 @8","tag":"Level"},{"contents":[{"Left":"Data.These.Base.These"},[{"contents":[{"Right":9},[]],"tag":"App"},{"contents":[{"Right":8},[]],"tag":"App"},{"contents":[{"Right":7},[]],"tag":"App"},{"contents":[{"Right":6},[]],"tag":"App"}]],"tag":"App"},{"contents":"lub @9 @8","tag":"Level"},{"contents":[{"Left":"Data.These.Base.These"},[{"contents":[{"Right":9},[]],"tag":"App"},{"contents":[{"Right":8},[]],"tag":"App"},{"contents":[{"Right":7},[]],"tag":"App"},{"contents":[{"Right":6},[]],"tag":"App"}]],"tag":"App"},{"contents":"lub @9 @8","tag":"Level"},{"contents":[{"Left":"Prelude.Ord.These._..extendedlambda0"},[{"contents":[{"Right":9},[]],"tag":"App"},{"contents":[{"Right":8},[]],"tag":"App"},{"contents":[{"Right":7},[]],"tag":"App"},{"contents":[{"Right":6},[]],"tag":"App"},{"contents":[{"Right":5},[]],"tag":"App"},{"contents":[{"Right":4},[]],"tag":"App"}]],"tag":"App"}]],"tag":"App"}],"tag":"Pi"}],"tag":"Pi"}],"tag":"Pi"}],"tag":"Pi"}],"tag":"Pi"}],"tag":"Pi"}],"tag":"Pi"}],"tag":"Pi"}],"tag":"Pi"}],"tag":"Pi"}}},"name":"Prelude.Ord.These._._._<?-These_"},{"item":{"pretty":"{ℓ ℓ′ : Level} {A : Type ℓ} {B : Type ℓ′} ⦃ _ = z : Ord A ⦄\n⦃ _ = z₁ : Ord B ⦄ ⦃ _ : DecEq A ⦄ ⦃ _ : DecEq B ⦄ ⦃ _ : DecOrd A ⦄\n⦃ _ : DecOrd B ⦄ →\nOrd._<_\n(mkOrd<\n (λ { (this x) (this y) → ↑ℓ ((z Ord.< x) y)\n    ; (this _) (that _) → ↑ℓ ⊤\n    ; (this _) (these _ _) → ↑ℓ ⊤\n    ; (that _) (this _) → ↑ℓ ⊥\n    ; (that x) (that y) → ↑ℓ ((z₁ Ord.< x) y)\n    ; (that _) (these _ _) → ↑ℓ ⊤\n    ; (these _ _) (this _) → ↑ℓ ⊥\n    ; (these _ _) (that _) → ↑ℓ ⊥\n    ; (these x y) (these x′ y′)\n        → (z Ord.< x) x′ ⊎ x ≡ x′ × (z₁ Ord.< y) y′\n    }))\n⁇²","thing":{"normalised":{"contents":[{"item":{"contents":[{"Left":"Agda.Primitive.Level"},[]],"tag":"App"},"name":"ℓ"},{"contents":[{"item":{"contents":[{"Left":"Agda.Primitive.Level"},[]],"tag":"App"},"name":"ℓ′"},{"contents":[{"item":{"contents":"Set @1","tag":"Sort"},"name":"A"},{"contents":[{"item":{"contents":"Set @1","tag":"Sort"},"name":"B"},{"contents":[{"item":{"contents":[{"Left":"Prelude.Ord.Core.Ord"},[{"contents":[{"Right":3},[]],"tag":"App"},{"contents":[{"Right":1},[]],"tag":"App"}]],"tag":"App"},"name":"_"},{"contents":[{"item":{"contents":[{"Left":"Prelude.Ord.Core.Ord"},[{"contents":[{"Right":3},[]],"tag":"App"},{"contents":[{"Right":1},[]],"tag":"App"}]],"tag":"App"},"name":"_"},{"contents":[{"item":{"contents":[{"Left":"Prelude.DecEq.Core.DecEq"},[{"contents":[{"Right":5},[]],"tag":"App"},{"contents":[{"Right":3},[]],"tag":"App"}]],"tag":"App"},"name":"_"},{"contents":[{"item":{"contents":[{"Left":"Prelude.DecEq.Core.DecEq"},[{"contents":[{"Right":5},[]],"tag":"App"},{"contents":[{"Right":3},[]],"tag":"App"}]],"tag":"App"},"name":"_"},{"contents":[{"item":{"contents":[{"Left":"Prelude.Ord.Dec.DecOrd"},[{"contents":[{"Right":7},[]],"tag":"App"},{"contents":[{"Right":5},[]],"tag":"App"},{"contents":[{"Right":3},[]],"tag":"App"}]],"tag":"App"},"name":"_"},{"contents":[{"item":{"contents":[{"Left":"Prelude.Ord.Dec.DecOrd"},[{"contents":[{"Right":7},[]],"tag":"App"},{"contents":[{"Right":5},[]],"tag":"App"},{"contents":[{"Right":3},[]],"tag":"App"}]],"tag":"App"},"name":"_"},{"contents":[{"item":{"contents":[{"Left":"Data.These.Base.These"},[{"contents":[{"Right":9},[]],"tag":"App"},{"contents":[{"Right":8},[]],"tag":"App"},{"contents":[{"Right":7},[]],"tag":"App"},{"contents":[{"Right":6},[]],"tag":"App"}]],"tag":"App"},"name":"x"},{"contents":[{"item":{"contents":[{"Left":"Data.These.Base.These"},[{"contents":[{"Right":10},[]],"tag":"App"},{"contents":[{"Right":9},[]],"tag":"App"},{"contents":[{"Right":8},[]],"tag":"App"},{"contents":[{"Right":7},[]],"tag":"App"}]],"tag":"App"},"name":"y"},{"contents":[{"Left":"Prelude.Decidable.Core._⁇"},[{"contents":"lub @11 @10","tag":"Level"},{"contents":[{"Left":"Prelude.Ord.These._..extendedlambda0"},[{"contents":[{"Right":11},[]],"tag":"App"},{"contents":[{"Right":10},[]],"tag":"App"},{"contents":[{"Right":9},[]],"tag":"App"},{"contents":[{"Right":8},[]],"tag":"App"},{"contents":[{"Right":7},[]],"tag":"App"},{"contents":[{"Right":6},[]],"tag":"App"},{"contents":[{"Right":1},[]],"tag":"App"},{"contents":[{"Right":0},[]],"tag":"App"}]],"tag":"App"}]],"tag":"App"}],"tag":"Pi"}],"tag":"Pi"}],"tag":"Pi"}],"tag":"Pi"}],"tag":"Pi"}],"tag":"Pi"}],"tag":"Pi"}],"tag":"Pi"}],"tag":"Pi"}],"tag":"Pi"}],"tag":"Pi"}],"tag":"Pi"},"original":{"contents":[{"item":{"contents":[{"Left":"Agda.Primitive.Level"},[]],"tag":"App"},"name":"ℓ"},{"contents":[{"item":{"contents":[{"Left":"Agda.Primitive.Level"},[]],"tag":"App"},"name":"ℓ′"},{"contents":[{"item":{"contents":"Set @1","tag":"Sort"},"name":"A"},{"contents":[{"item":{"contents":"Set @1","tag":"Sort"},"name":"B"},{"contents":[{"item":{"contents":[{"Left":"Prelude.Ord.Core.Ord"},[{"contents":[{"Right":3},[]],"tag":"App"},{"contents":[{"Right":1},[]],"tag":"App"}]],"tag":"App"},"name":"_"},{"contents":[{"item":{"contents":[{"Left":"Prelude.Ord.Core.Ord"},[{"contents":[{"Right":3},[]],"tag":"App"},{"contents":[{"Right":1},[]],"tag":"App"}]],"tag":"App"},"name":"_"},{"contents":[{"item":{"contents":[{"Left":"Prelude.DecEq.Core.DecEq"},[{"contents":[{"Right":5},[]],"tag":"App"},{"contents":[{"Right":3},[]],"tag":"App"}]],"tag":"App"},"name":"_"},{"contents":[{"item":{"contents":[{"Left":"Prelude.DecEq.Core.DecEq"},[{"contents":[{"Right":5},[]],"tag":"App"},{"contents":[{"Right":3},[]],"tag":"App"}]],"tag":"App"},"name":"_"},{"contents":[{"item":{"contents":[{"Left":"Prelude.Ord.Dec.DecOrd"},[{"contents":[{"Right":7},[]],"tag":"App"},{"contents":[{"Right":5},[]],"tag":"App"},{"contents":[{"Right":3},[]],"tag":"App"}]],"tag":"App"},"name":"_"},{"contents":[{"item":{"contents":[{"Left":"Prelude.Ord.Dec.DecOrd"},[{"contents":[{"Right":7},[]],"tag":"App"},{"contents":[{"Right":5},[]],"tag":"App"},{"contents":[{"Right":3},[]],"tag":"App"}]],"tag":"App"},"name":"_"},{"contents":[{"Left":"Prelude.Decidable.Core._⁇²"},[{"contents":"lub @9 @8","tag":"Level"},{"contents":"lub @9 @8","tag":"Level"},{"contents":[{"Left":"Data.These.Base.These"},[{"contents":[{"Right":9},[]],"tag":"App"},{"contents":[{"Right":8},[]],"tag":"App"},{"contents":[{"Right":7},[]],"tag":"App"},{"contents":[{"Right":6},[]],"tag":"App"}]],"tag":"App"},{"contents":[{"Left":"Data.These.Base.These"},[{"contents":[{"Right":9},[]],"tag":"App"},{"contents":[{"Right":8},[]],"tag":"App"},{"contents":[{"Right":7},[]],"tag":"App"},{"contents":[{"Right":6},[]],"tag":"App"}]],"tag":"App"},{"contents":[{"Left":"Prelude.Ord.Core.mkOrd<"},[{"contents":"lub @9 @8","tag":"Level"},{"contents":[{"Left":"Data.These.Base.These"},[{"contents":[{"Right":9},[]],"tag":"App"},{"contents":[{"Right":8},[]],"tag":"App"},{"contents":[{"Right":7},[]],"tag":"App"},{"contents":[{"Right":6},[]],"tag":"App"}]],"tag":"App"},{"contents":[{"Left":"Prelude.Ord.These._..extendedlambda0"},[{"contents":[{"Right":9},[]],"tag":"App"},{"contents":[{"Right":8},[]],"tag":"App"},{"contents":[{"Right":7},[]],"tag":"App"},{"contents":[{"Right":6},[]],"tag":"App"},{"contents":[{"Right":5},[]],"tag":"App"},{"contents":[{"Right":4},[]],"tag":"App"}]],"tag":"App"},{"contents":[{"Left":"Prelude.Ord.Core.Ord._<_"},[]],"tag":"App"}]],"tag":"App"}]],"tag":"App"}],"tag":"Pi"}],"tag":"Pi"}],"tag":"Pi"}],"tag":"Pi"}],"tag":"Pi"}],"tag":"Pi"}],"tag":"Pi"}],"tag":"Pi"}],"tag":"Pi"}],"tag":"Pi"},"reduced":null,"simplified":{"contents":[{"item":{"contents":[{"Left":"Agda.Primitive.Level"},[]],"tag":"App"},"name":"ℓ"},{"contents":[{"item":{"contents":[{"Left":"Agda.Primitive.Level"},[]],"tag":"App"},"name":"ℓ′"},{"contents":[{"item":{"contents":"Set @1","tag":"Sort"},"name":"A"},{"contents":[{"item":{"contents":"Set @1","tag":"Sort"},"name":"B"},{"contents":[{"item":{"contents":[{"Left":"Prelude.Ord.Core.Ord"},[{"contents":[{"Right":3},[]],"tag":"App"},{"contents":[{"Right":1},[]],"tag":"App"}]],"tag":"App"},"name":"_"},{"contents":[{"item":{"contents":[{"Left":"Prelude.Ord.Core.Ord"},[{"contents":[{"Right":3},[]],"tag":"App"},{"contents":[{"Right":1},[]],"tag":"App"}]],"tag":"App"},"name":"_"},{"contents":[{"item":{"contents":[{"Left":"Prelude.DecEq.Core.DecEq"},[{"contents":[{"Right":5},[]],"tag":"App"},{"contents":[{"Right":3},[]],"tag":"App"}]],"tag":"App"},"name":"_"},{"contents":[{"item":{"contents":[{"Left":"Prelude.DecEq.Core.DecEq"},[{"contents":[{"Right":5},[]],"tag":"App"},{"contents":[{"Right":3},[]],"tag":"App"}]],"tag":"App"},"name":"_"},{"contents":[{"item":{"contents":[{"Left":"Prelude.Ord.Dec.DecOrd"},[{"contents":[{"Right":7},[]],"tag":"App"},{"contents":[{"Right":5},[]],"tag":"App"},{"contents":[{"Right":3},[]],"tag":"App"}]],"tag":"App"},"name":"_"},{"contents":[{"item":{"contents":[{"Left":"Prelude.Ord.Dec.DecOrd"},[{"contents":[{"Right":7},[]],"tag":"App"},{"contents":[{"Right":5},[]],"tag":"App"},{"contents":[{"Right":3},[]],"tag":"App"}]],"tag":"App"},"name":"_"},{"contents":[{"Left":"Prelude.Decidable.Core._⁇²"},[{"contents":"lub @9 @8","tag":"Level"},{"contents":"lub @9 @8","tag":"Level"},{"contents":[{"Left":"Data.These.Base.These"},[{"contents":[{"Right":9},[]],"tag":"App"},{"contents":[{"Right":8},[]],"tag":"App"},{"contents":[{"Right":7},[]],"tag":"App"},{"contents":[{"Right":6},[]],"tag":"App"}]],"tag":"App"},{"contents":[{"Left":"Data.These.Base.These"},[{"contents":[{"Right":9},[]],"tag":"App"},{"contents":[{"Right":8},[]],"tag":"App"},{"contents":[{"Right":7},[]],"tag":"App"},{"contents":[{"Right":6},[]],"tag":"App"}]],"tag":"App"},{"contents":[{"Left":"Prelude.Ord.These._..extendedlambda0"},[{"contents":[{"Right":9},[]],"tag":"App"},{"contents":[{"Right":8},[]],"tag":"App"},{"contents":[{"Right":7},[]],"tag":"App"},{"contents":[{"Right":6},[]],"tag":"App"},{"contents":[{"Right":5},[]],"tag":"App"},{"contents":[{"Right":4},[]],"tag":"App"}]],"tag":"App"}]],"tag":"App"}],"tag":"Pi"}],"tag":"Pi"}],"tag":"Pi"}],"tag":"Pi"}],"tag":"Pi"}],"tag":"Pi"}],"tag":"Pi"}],"tag":"Pi"}],"tag":"Pi"}],"tag":"Pi"}}},"name":"Prelude.Ord.These._._.Dec-<These"},{"item":{"pretty":"{ℓ ℓ′ : Level} {A : Type ℓ} {B : Type ℓ′} ⦃ _ = z : Ord A ⦄\n⦃ _ = z₁ : Ord B ⦄ ⦃ _ : DecEq A ⦄ ⦃ _ : DecEq B ⦄ ⦃ _ : DecOrd A ⦄\n⦃ _ : DecOrd B ⦄ →\nDecOrd (These A B)","thing":{"normalised":null,"original":{"contents":[{"item":{"contents":[{"Left":"Agda.Primitive.Level"},[]],"tag":"App"},"name":"ℓ"},{"contents":[{"item":{"contents":[{"Left":"Agda.Primitive.Level"},[]],"tag":"App"},"name":"ℓ′"},{"contents":[{"item":{"contents":"Set @1","tag":"Sort"},"name":"A"},{"contents":[{"item":{"contents":"Set @1","tag":"Sort"},"name":"B"},{"contents":[{"item":{"contents":[{"Left":"Prelude.Ord.Core.Ord"},[{"contents":[{"Right":3},[]],"tag":"App"},{"contents":[{"Right":1},[]],"tag":"App"}]],"tag":"App"},"name":"_"},{"contents":[{"item":{"contents":[{"Left":"Prelude.Ord.Core.Ord"},[{"contents":[{"Right":3},[]],"tag":"App"},{"contents":[{"Right":1},[]],"tag":"App"}]],"tag":"App"},"name":"_"},{"contents":[{"item":{"contents":[{"Left":"Prelude.DecEq.Core.DecEq"},[{"contents":[{"Right":5},[]],"tag":"App"},{"contents":[{"Right":3},[]],"tag":"App"}]],"tag":"App"},"name":"_"},{"contents":[{"item":{"contents":[{"Left":"Prelude.DecEq.Core.DecEq"},[{"contents":[{"Right":5},[]],"tag":"App"},{"contents":[{"Right":3},[]],"tag":"App"}]],"tag":"App"},"name":"_"},{"contents":[{"item":{"contents":[{"Left":"Prelude.Ord.Dec.DecOrd"},[{"contents":[{"Right":7},[]],"tag":"App"},{"contents":[{"Right":5},[]],"tag":"App"},{"contents":[{"Right":3},[]],"tag":"App"}]],"tag":"App"},"name":"_"},{"contents":[{"item":{"contents":[{"Left":"Prelude.Ord.Dec.DecOrd"},[{"contents":[{"Right":7},[]],"tag":"App"},{"contents":[{"Right":5},[]],"tag":"App"},{"contents":[{"Right":3},[]],"tag":"App"}]],"tag":"App"},"name":"_"},{"contents":[{"Left":"Prelude.Ord.Dec.DecOrd"},[{"contents":"lub @9 @8","tag":"Level"},{"contents":[{"Left":"Data.These.Base.These"},[{"contents":[{"Right":9},[]],"tag":"App"},{"contents":[{"Right":8},[]],"tag":"App"},{"contents":[{"Right":7},[]],"tag":"App"},{"contents":[{"Right":6},[]],"tag":"App"}]],"tag":"App"},{"contents":[{"Left":"Prelude.Ord.Core.mkOrd<"},[{"contents":"lub @9 @8","tag":"Level"},{"contents":[{"Left":"Data.These.Base.These"},[{"contents":[{"Right":9},[]],"tag":"App"},{"contents":[{"Right":8},[]],"tag":"App"},{"contents":[{"Right":7},[]],"tag":"App"},{"contents":[{"Right":6},[]],"tag":"App"}]],"tag":"App"},{"contents":[{"Left":"Prelude.Ord.These._..extendedlambda0"},[{"contents":[{"Right":9},[]],"tag":"App"},{"contents":[{"Right":8},[]],"tag":"App"},{"contents":[{"Right":7},[]],"tag":"App"},{"contents":[{"Right":6},[]],"tag":"App"},{"contents":[{"Right":5},[]],"tag":"App"},{"contents":[{"Right":4},[]],"tag":"App"}]],"tag":"App"}]],"tag":"App"}]],"tag":"App"}],"tag":"Pi"}],"tag":"Pi"}],"tag":"Pi"}],"tag":"Pi"}],"tag":"Pi"}],"tag":"Pi"}],"tag":"Pi"}],"tag":"Pi"}],"tag":"Pi"}],"tag":"Pi"},"reduced":null,"simplified":null}},"name":"Prelude.Ord.These._._.DecOrd-These"},{"item":{"pretty":"{ℓ ℓ′ : Level} {A : Type ℓ} {B : Type ℓ′} ⦃ _ = z : Ord A ⦄\n⦃ _ = z₁ : Ord B ⦄ ⦃ _ : OrdLaws A ⦄ ⦃ _ : OrdLaws B ⦄ →\nOrdLaws (These A B)","thing":{"normalised":null,"original":{"contents":[{"item":{"contents":[{"Left":"Agda.Primitive.Level"},[]],"tag":"App"},"name":"ℓ"},{"contents":[{"item":{"contents":[{"Left":"Agda.Primitive.Level"},[]],"tag":"App"},"name":"ℓ′"},{"contents":[{"item":{"contents":"Set @1","tag":"Sort"},"name":"A"},{"contents":[{"item":{"contents":"Set @1","tag":"Sort"},"name":"B"},{"contents":[{"item":{"contents":[{"Left":"Prelude.Ord.Core.Ord"},[{"contents":[{"Right":3},[]],"tag":"App"},{"contents":[{"Right":1},[]],"tag":"App"}]],"tag":"App"},"name":"_"},{"contents":[{"item":{"contents":[{"Left":"Prelude.Ord.Core.Ord"},[{"contents":[{"Right":3},[]],"tag":"App"},{"contents":[{"Right":1},[]],"tag":"App"}]],"tag":"App"},"name":"_"},{"contents":[{"item":{"contents":[{"Left":"Prelude.Ord.Core.OrdLaws"},[{"contents":[{"Right":5},[]],"tag":"App"},{"contents":[{"Right":3},[]],"tag":"App"},{"contents":[{"Right":1},[]],"tag":"App"}]],"tag":"App"},"name":"_"},{"contents":[{"item":{"contents":[{"Left":"Prelude.Ord.Core.OrdLaws"},[{"contents":[{"Right":5},[]],"tag":"App"},{"contents":[{"Right":3},[]],"tag":"App"},{"contents":[{"Right":1},[]],"tag":"App"}]],"tag":"App"},"name":"_"},{"contents":[{"Left":"Prelude.Ord.Core.OrdLaws"},[{"contents":"lub @7 @6","tag":"Level"},{"contents":[{"Left":"Data.These.Base.These"},[{"contents":[{"Right":7},[]],"tag":"App"},{"contents":[{"Right":6},[]],"tag":"App"},{"contents":[{"Right":5},[]],"tag":"App"},{"contents":[{"Right":4},[]],"tag":"App"}]],"tag":"App"},{"contents":[{"Left":"Prelude.Ord.Core.mkOrd<"},[{"contents":"lub @7 @6","tag":"Level"},{"contents":[{"Left":"Data.These.Base.These"},[{"contents":[{"Right":7},[]],"tag":"App"},{"contents":[{"Right":6},[]],"tag":"App"},{"contents":[{"Right":5},[]],"tag":"App"},{"contents":[{"Right":4},[]],"tag":"App"}]],"tag":"App"},{"contents":[{"Left":"Prelude.Ord.These._..extendedlambda0"},[{"contents":[{"Right":7},[]],"tag":"App"},{"contents":[{"Right":6},[]],"tag":"App"},{"contents":[{"Right":5},[]],"tag":"App"},{"contents":[{"Right":4},[]],"tag":"App"},{"contents":[{"Right":3},[]],"tag":"App"},{"contents":[{"Right":2},[]],"tag":"App"}]],"tag":"App"}]],"tag":"App"}]],"tag":"App"}],"tag":"Pi"}],"tag":"Pi"}],"tag":"Pi"}],"tag":"Pi"}],"tag":"Pi"}],"tag":"Pi"}],"tag":"Pi"}],"tag":"Pi"},"reduced":null,"simplified":null}},"name":"Prelude.Ord.These._._.OrdLaws-These"},{"item":{"pretty":"{ℓ ℓ′ : Level} {A : Type ℓ} {B : Type ℓ′} ⦃ _ = z : Ord A ⦄\n⦃ _ = z₁ : Ord B ⦄ ⦃ _ : ·Ord A ⦄ ⦃ _ : ·Ord B ⦄ →\n·Ord (These A B)","thing":{"normalised":null,"original":{"contents":[{"item":{"contents":[{"Left":"Agda.Primitive.Level"},[]],"tag":"App"},"name":"ℓ"},{"contents":[{"item":{"contents":[{"Left":"Agda.Primitive.Level"},[]],"tag":"App"},"name":"ℓ′"},{"contents":[{"item":{"contents":"Set @1","tag":"Sort"},"name":"A"},{"contents":[{"item":{"contents":"Set @1","tag":"Sort"},"name":"B"},{"contents":[{"item":{"contents":[{"Left":"Prelude.Ord.Core.Ord"},[{"contents":[{"Right":3},[]],"tag":"App"},{"contents":[{"Right":1},[]],"tag":"App"}]],"tag":"App"},"name":"_"},{"contents":[{"item":{"contents":[{"Left":"Prelude.Ord.Core.Ord"},[{"contents":[{"Right":3},[]],"tag":"App"},{"contents":[{"Right":1},[]],"tag":"App"}]],"tag":"App"},"name":"_"},{"contents":[{"item":{"contents":[{"Left":"Prelude.Ord.Irrelevant.·Ord"},[{"contents":[{"Right":5},[]],"tag":"App"},{"contents":[{"Right":3},[]],"tag":"App"},{"contents":[{"Right":1},[]],"tag":"App"}]],"tag":"App"},"name":"_"},{"contents":[{"item":{"contents":[{"Left":"Prelude.Ord.Irrelevant.·Ord"},[{"contents":[{"Right":5},[]],"tag":"App"},{"contents":[{"Right":3},[]],"tag":"App"},{"contents":[{"Right":1},[]],"tag":"App"}]],"tag":"App"},"name":"_"},{"contents":[{"Left":"Prelude.Ord.Irrelevant.·Ord"},[{"contents":"lub @7 @6","tag":"Level"},{"contents":[{"Left":"Data.These.Base.These"},[{"contents":[{"Right":7},[]],"tag":"App"},{"contents":[{"Right":6},[]],"tag":"App"},{"contents":[{"Right":5},[]],"tag":"App"},{"contents":[{"Right":4},[]],"tag":"App"}]],"tag":"App"},{"contents":[{"Left":"Prelude.Ord.Core.mkOrd<"},[{"contents":"lub @7 @6","tag":"Level"},{"contents":[{"Left":"Data.These.Base.These"},[{"contents":[{"Right":7},[]],"tag":"App"},{"contents":[{"Right":6},[]],"tag":"App"},{"contents":[{"Right":5},[]],"tag":"App"},{"contents":[{"Right":4},[]],"tag":"App"}]],"tag":"App"},{"contents":[{"Left":"Prelude.Ord.These._..extendedlambda0"},[{"contents":[{"Right":7},[]],"tag":"App"},{"contents":[{"Right":6},[]],"tag":"App"},{"contents":[{"Right":5},[]],"tag":"App"},{"contents":[{"Right":4},[]],"tag":"App"},{"contents":[{"Right":3},[]],"tag":"App"},{"contents":[{"Right":2},[]],"tag":"App"}]],"tag":"App"}]],"tag":"App"}]],"tag":"App"}],"tag":"Pi"}],"tag":"Pi"}],"tag":"Pi"}],"tag":"Pi"}],"tag":"Pi"}],"tag":"Pi"}],"tag":"Pi"}],"tag":"Pi"},"reduced":null,"simplified":null}},"name":"Prelude.Ord.These._._.·Ord-These"},{"item":{"pretty":"{ℓ ℓ′ : Level} {A : Type ℓ} {B : Type ℓ′} ⦃ _ : Ord⁺⁺ A ⦄\n⦃ _ : Ord⁺⁺ B ⦄ ⦃ _ : DecEq A ⦄ ⦃ _ : DecEq B ⦄ →\nOrd⁺⁺ (These A B)","thing":{"normalised":null,"original":{"contents":[{"item":{"contents":[{"Left":"Agda.Primitive.Level"},[]],"tag":"App"},"name":"ℓ"},{"contents":[{"item":{"contents":[{"Left":"Agda.Primitive.Level"},[]],"tag":"App"},"name":"ℓ′"},{"contents":[{"item":{"contents":"Set @1","tag":"Sort"},"name":"A"},{"contents":[{"item":{"contents":"Set @1","tag":"Sort"},"name":"B"},{"contents":[{"item":{"contents":[{"Left":"Prelude.Ord.Irrelevant.Ord⁺⁺"},[{"contents":[{"Right":3},[]],"tag":"App"},{"contents":[{"Right":1},[]],"tag":"App"}]],"tag":"App"},"name":"_"},{"contents":[{"item":{"contents":[{"Left":"Prelude.Ord.Irrelevant.Ord⁺⁺"},[{"contents":[{"Right":3},[]],"tag":"App"},{"contents":[{"Right":1},[]],"tag":"App"}]],"tag":"App"},"name":"_"},{"contents":[{"item":{"contents":[{"Left":"Prelude.DecEq.Core.DecEq"},[{"contents":[{"Right":5},[]],"tag":"App"},{"contents":[{"Right":3},[]],"tag":"App"}]],"tag":"App"},"name":"_"},{"contents":[{"item":{"contents":[{"Left":"Prelude.DecEq.Core.DecEq"},[{"contents":[{"Right":4},[]],"tag":"App"},{"contents":[{"Right":2},[]],"tag":"App"}]],"tag":"App"},"name":"_"},{"contents":[{"Left":"Prelude.Ord.Irrelevant.Ord⁺⁺"},[{"contents":"lub @5 @4","tag":"Level"},{"contents":[{"Left":"Data.These.Base.These"},[{"contents":[{"Right":5},[]],"tag":"App"},{"contents":[{"Right":4},[]],"tag":"App"},{"contents":[{"Right":3},[]],"tag":"App"},{"contents":[{"Right":2},[]],"tag":"App"}]],"tag":"App"}]],"tag":"App"}],"tag":"Pi"}],"tag":"Pi"}],"tag":"Pi"}],"tag":"Pi"}],"tag":"Pi"}],"tag":"Pi"}],"tag":"Pi"}],"tag":"Pi"},"reduced":null,"simplified":null}},"name":"Prelude.Ord.These._.Ord⁺⁺-These"}],"name":"Prelude.Ord.These"},"samples":[{"ctx":{"pretty":"{ℓ : Level} {ℓ′ : Level} {A : Type ℓ} {B : Type ℓ′}\n⦃ _ = x : Ord A ⦄ ⦃ _ = x₁ : Ord B ⦄ ⦃ _ = x₂ : DecEq A ⦄\n⦃ _ = x₃ : DecEq B ⦄ ⦃ _ = x₄ : DecOrd A ⦄ ⦃ _ = x₅ : DecOrd B ⦄\n{x = x₆ : These A B} {y : These A B}","thing":[{"item":{"contents":[{"Left":"Agda.Primitive.Level"},[]],"tag":"App"},"name":"ℓ"},{"item":{"contents":[{"Left":"Agda.Primitive.Level"},[]],"tag":"App"},"name":"ℓ′"},{"item":{"contents":"Set @1","tag":"Sort"},"name":"A"},{"item":{"contents":"Set @1","tag":"Sort"},"name":"B"},{"item":{"contents":[{"Left":"Prelude.Ord.Core.Ord"},[{"contents":[{"Right":3},[]],"tag":"App"},{"contents":[{"Right":1},[]],"tag":"App"}]],"tag":"App"},"name":"x"},{"item":{"contents":[{"Left":"Prelude.Ord.Core.Ord"},[{"contents":[{"Right":3},[]],"tag":"App"},{"contents":[{"Right":1},[]],"tag":"App"}]],"tag":"App"},"name":"x"},{"item":{"contents":[{"Left":"Prelude.DecEq.Core.DecEq"},[{"contents":[{"Right":5},[]],"tag":"App"},{"contents":[{"Right":3},[]],"tag":"App"}]],"tag":"App"},"name":"x"},{"item":{"contents":[{"Left":"Prelude.DecEq.Core.DecEq"},[{"contents":[{"Right":5},[]],"tag":"App"},{"contents":[{"Right":3},[]],"tag":"App"}]],"tag":"App"},"name":"x"},{"item":{"contents":[{"Left":"Prelude.Ord.Dec.DecOrd"},[{"contents":[{"Right":7},[]],"tag":"App"},{"contents":[{"Right":5},[]],"tag":"App"},{"contents":[{"Right":3},[]],"tag":"App"}]],"tag":"App"},"name":"x"},{"item":{"contents":[{"Left":"Prelude.Ord.Dec.DecOrd"},[{"contents":[{"Right":7},[]],"tag":"App"},{"contents":[{"Right":5},[]],"tag":"App"},{"contents":[{"Right":3},[]],"tag":"App"}]],"tag":"App"},"name":"x"},{"item":{"contents":[{"Left":"Data.These.Base.These"},[{"contents":[{"Right":9},[]],"tag":"App"},{"contents":[{"Right":8},[]],"tag":"App"},{"contents":[{"Right":7},[]],"tag":"App"},{"contents":[{"Right":6},[]],"tag":"App"}]],"tag":"App"},"name":"x"},{"item":{"contents":[{"Left":"Data.These.Base.These"},[{"contents":[{"Right":10},[]],"tag":"App"},{"contents":[{"Right":9},[]],"tag":"App"},{"contents":[{"Right":8},[]],"tag":"App"},{"contents":[{"Right":7},[]],"tag":"App"}]],"tag":"App"},"name":"y"}]},"goal":{"pretty":"Dec\n((mkOrd<\n  (λ { (this x) (this y) → ↑ℓ ((x₁ Ord.< x) y)\n     ; (this _) (that _) → ↑ℓ ⊤\n     ; (this _) (these _ _) → ↑ℓ ⊤\n     ; (that _) (this _) → ↑ℓ ⊥\n     ; (that x) (that y) → ↑ℓ ((x₂ Ord.< x) y)\n     ; (that _) (these _ _) → ↑ℓ ⊤\n     ; (these _ _) (this _) → ↑ℓ ⊥\n     ; (these _ _) (that _) → ↑ℓ ⊥\n     ; (these x y) (these x′ y′)\n         → (x₁ Ord.< x) x′ ⊎ x ≡ x′ × (x₂ Ord.< y) y′\n     })\n  Ord.< x)\n y)","thing":{"normalised":{"contents":[{"Left":"Relation.Nullary.Dec"},[{"contents":"lub @11 @10","tag":"Level"},{"contents":[{"Left":"Prelude.Ord.These._..extendedlambda0"},[{"contents":[{"Right":11},[]],"tag":"App"},{"contents":[{"Right":10},[]],"tag":"App"},{"contents":[{"Right":9},[]],"tag":"App"},{"contents":[{"Right":8},[]],"tag":"App"},{"contents":[{"Right":7},[]],"tag":"App"},{"contents":[{"Right":6},[]],"tag":"App"},{"contents":[{"Right":1},[]],"tag":"App"},{"contents":[{"Right":0},[]],"tag":"App"}]],"tag":"App"}]],"tag":"App"},"original":{"contents":[{"Left":"Relation.Nullary.Dec"},[{"contents":"lub @11 @10","tag":"Level"},{"contents":[{"Left":"Prelude.Ord.Core.mkOrd<"},[{"contents":"lub @11 @10","tag":"Level"},{"contents":[{"Left":"Data.These.Base.These"},[{"contents":[{"Right":11},[]],"tag":"App"},{"contents":[{"Right":10},[]],"tag":"App"},{"contents":[{"Right":9},[]],"tag":"App"},{"contents":[{"Right":8},[]],"tag":"App"}]],"tag":"App"},{"contents":[{"Left":"Prelude.Ord.These._..extendedlambda0"},[{"contents":[{"Right":11},[]],"tag":"App"},{"contents":[{"Right":10},[]],"tag":"App"},{"contents":[{"Right":9},[]],"tag":"App"},{"contents":[{"Right":8},[]],"tag":"App"},{"contents":[{"Right":7},[]],"tag":"App"},{"contents":[{"Right":6},[]],"tag":"App"}]],"tag":"App"},{"contents":[{"Left":"Prelude.Ord.Core.Ord._<_"},[]],"tag":"App"},{"contents":[{"Right":1},[]],"tag":"App"},{"contents":[{"Right":0},[]],"tag":"App"}]],"tag":"App"}]],"tag":"App"},"reduced":null,"simplified":{"contents":[{"Left":"Relation.Nullary.Dec"},[{"contents":"lub @11 @10","tag":"Level"},{"contents":[{"Left":"Prelude.Ord.These._..extendedlambda0"},[{"contents":[{"Right":11},[]],"tag":"App"},{"contents":[{"Right":10},[]],"tag":"App"},{"contents":[{"Right":9},[]],"tag":"App"},{"contents":[{"Right":8},[]],"tag":"App"},{"contents":[{"Right":7},[]],"tag":"App"},{"contents":[{"Right":6},[]],"tag":"App"},{"contents":[{"Right":1},[]],"tag":"App"},{"contents":[{"Right":0},[]],"tag":"App"}]],"tag":"App"}]],"tag":"App"}}},"term":{"pretty":"x <?-These y","thing":{"normalised":{"contents":[{"Left":"Prelude.Ord.These._._..extendedlambda1"},[{"contents":[{"Right":11},[]],"tag":"App"},{"contents":[{"Right":10},[]],"tag":"App"},{"contents":[{"Right":9},[]],"tag":"App"},{"contents":[{"Right":8},[]],"tag":"App"},{"contents":[{"Right":7},[]],"tag":"App"},{"contents":[{"Right":6},[]],"tag":"App"},{"contents":[{"Right":5},[]],"tag":"App"},{"contents":[{"Right":4},[]],"tag":"App"},{"contents":[{"Right":3},[]],"tag":"App"},{"contents":[{"Right":2},[]],"tag":"App"},{"contents":[{"Right":1},[]],"tag":"App"},{"contents":[{"Right":0},[]],"tag":"App"}]],"tag":"App"},"original":{"contents":[{"Left":"Prelude.Ord.These._._._<?-These_"},[{"contents":[{"Right":11},[]],"tag":"App"},{"contents":[{"Right":10},[]],"tag":"App"},{"contents":[{"Right":9},[]],"tag":"App"},{"contents":[{"Right":8},[]],"tag":"App"},{"contents":[{"Right":7},[]],"tag":"App"},{"contents":[{"Right":6},[]],"tag":"App"},{"contents":[{"Right":5},[]],"tag":"App"},{"contents":[{"Right":4},[]],"tag":"App"},{"contents":[{"Right":3},[]],"tag":"App"},{"contents":[{"Right":2},[]],"tag":"App"},{"contents":[{"Right":1},[]],"tag":"App"},{"contents":[{"Right":0},[]],"tag":"App"}]],"tag":"App"},"reduced":{"contents":[{"Left":"Prelude.Ord.These._._..extendedlambda1"},[{"contents":[{"Right":11},[]],"tag":"App"},{"contents":[{"Right":10},[]],"tag":"App"},{"contents":[{"Right":9},[]],"tag":"App"},{"contents":[{"Right":8},[]],"tag":"App"},{"contents":[{"Right":7},[]],"tag":"App"},{"contents":[{"Right":6},[]],"tag":"App"},{"contents":[{"Right":5},[]],"tag":"App"},{"contents":[{"Right":4},[]],"tag":"App"},{"contents":[{"Right":3},[]],"tag":"App"},{"contents":[{"Right":2},[]],"tag":"App"},{"contents":[{"Right":1},[]],"tag":"App"},{"contents":[{"Right":0},[]],"tag":"App"}]],"tag":"App"},"simplified":null}},"namesUsed":["Prelude.Ord.These._._._<?-These_"]},{"ctx":{"pretty":"{ℓ : Level} {ℓ′ : Level} {A : Type ℓ} {B : Type ℓ′}\n⦃ _ = x : Ord A ⦄ ⦃ _ = x₁ : Ord B ⦄ ⦃ _ = x₂ : DecEq A ⦄\n⦃ _ = x₃ : DecEq B ⦄ ⦃ _ = x₄ : DecOrd A ⦄ ⦃ _ = x₅ : DecOrd B ⦄\n{x = x₆ : These A B} {y : These A B}","thing":[{"item":{"contents":[{"Left":"Agda.Primitive.Level"},[]],"tag":"App"},"name":"ℓ"},{"item":{"contents":[{"Left":"Agda.Primitive.Level"},[]],"tag":"App"},"name":"ℓ′"},{"item":{"contents":"Set @1","tag":"Sort"},"name":"A"},{"item":{"contents":"Set @1","tag":"Sort"},"name":"B"},{"item":{"contents":[{"Left":"Prelude.Ord.Core.Ord"},[{"contents":[{"Right":3},[]],"tag":"App"},{"contents":[{"Right":1},[]],"tag":"App"}]],"tag":"App"},"name":"x"},{"item":{"contents":[{"Left":"Prelude.Ord.Core.Ord"},[{"contents":[{"Right":3},[]],"tag":"App"},{"contents":[{"Right":1},[]],"tag":"App"}]],"tag":"App"},"name":"x"},{"item":{"contents":[{"Left":"Prelude.DecEq.Core.DecEq"},[{"contents":[{"Right":5},[]],"tag":"App"},{"contents":[{"Right":3},[]],"tag":"App"}]],"tag":"App"},"name":"x"},{"item":{"contents":[{"Left":"Prelude.DecEq.Core.DecEq"},[{"contents":[{"Right":5},[]],"tag":"App"},{"contents":[{"Right":3},[]],"tag":"App"}]],"tag":"App"},"name":"x"},{"item":{"contents":[{"Left":"Prelude.Ord.Dec.DecOrd"},[{"contents":[{"Right":7},[]],"tag":"App"},{"contents":[{"Right":5},[]],"tag":"App"},{"contents":[{"Right":3},[]],"tag":"App"}]],"tag":"App"},"name":"x"},{"item":{"contents":[{"Left":"Prelude.Ord.Dec.DecOrd"},[{"contents":[{"Right":7},[]],"tag":"App"},{"contents":[{"Right":5},[]],"tag":"App"},{"contents":[{"Right":3},[]],"tag":"App"}]],"tag":"App"},"name":"x"},{"item":{"contents":[{"Left":"Data.These.Base.These"},[{"contents":[{"Right":9},[]],"tag":"App"},{"contents":[{"Right":8},[]],"tag":"App"},{"contents":[{"Right":7},[]],"tag":"App"},{"contents":[{"Right":6},[]],"tag":"App"}]],"tag":"App"},"name":"x"},{"item":{"contents":[{"Left":"Data.These.Base.These"},[{"contents":[{"Right":10},[]],"tag":"App"},{"contents":[{"Right":9},[]],"tag":"App"},{"contents":[{"Right":8},[]],"tag":"App"},{"contents":[{"Right":7},[]],"tag":"App"}]],"tag":"App"},"name":"y"}]},"goal":{"pretty":"(λ { (this x) (this y) → ↑ℓ ((x₁ Ord.< x) y)\n   ; (this _) (that _) → ↑ℓ ⊤\n   ; (this _) (these _ _) → ↑ℓ ⊤\n   ; (that _) (this _) → ↑ℓ ⊥\n   ; (that x) (that y) → ↑ℓ ((x₂ Ord.< x) y)\n   ; (that _) (these _ _) → ↑ℓ ⊤\n   ; (these _ _) (this _) → ↑ℓ ⊥\n   ; (these _ _) (that _) → ↑ℓ ⊥\n   ; (these x y) (these x′ y′)\n       → (x₁ Ord.< x) x′ ⊎ x ≡ x′ × (x₂ Ord.< y) y′\n   })\nx y\n⁇","thing":{"normalised":null,"original":{"contents":[{"Left":"Prelude.Decidable.Core._⁇"},[{"contents":"lub @11 @10","tag":"Level"},{"contents":[{"Left":"Prelude.Ord.These._..extendedlambda0"},[{"contents":[{"Right":11},[]],"tag":"App"},{"contents":[{"Right":10},[]],"tag":"App"},{"contents":[{"Right":9},[]],"tag":"App"},{"contents":[{"Right":8},[]],"tag":"App"},{"contents":[{"Right":7},[]],"tag":"App"},{"contents":[{"Right":6},[]],"tag":"App"},{"contents":[{"Right":1},[]],"tag":"App"},{"contents":[{"Right":0},[]],"tag":"App"}]],"tag":"App"}]],"tag":"App"},"reduced":null,"simplified":null}},"term":{"pretty":"Dec-<These","thing":{"normalised":null,"original":{"contents":[{"Left":"Prelude.Ord.These._._.Dec-<These"},[{"contents":[{"Right":11},[]],"tag":"App"},{"contents":[{"Right":10},[]],"tag":"App"},{"contents":[{"Right":9},[]],"tag":"App"},{"contents":[{"Right":8},[]],"tag":"App"},{"contents":[{"Right":7},[]],"tag":"App"},{"contents":[{"Right":6},[]],"tag":"App"},{"contents":[{"Right":5},[]],"tag":"App"},{"contents":[{"Right":4},[]],"tag":"App"},{"contents":[{"Right":3},[]],"tag":"App"},{"contents":[{"Right":2},[]],"tag":"App"},{"contents":[{"Right":1},[]],"tag":"App"},{"contents":[{"Right":0},[]],"tag":"App"}]],"tag":"App"},"reduced":null,"simplified":null}},"namesUsed":["Prelude.Ord.These._._.Dec-<These"]},{"ctx":{"pretty":"{ℓ : Level} {ℓ′ : Level} {A : Type ℓ} {B : Type ℓ′}\n⦃ _ = x : Ord A ⦄ ⦃ _ = x₃ : Ord B ⦄ ⦃ _ = x₄ : DecEq A ⦄\n⦃ _ = x₅ : DecEq B ⦄ ⦃ _ = x₆ : DecOrd A ⦄ ⦃ _ = x₇ : DecOrd B ⦄","thing":[{"item":{"contents":[{"Left":"Agda.Primitive.Level"},[]],"tag":"App"},"name":"ℓ"},{"item":{"contents":[{"Left":"Agda.Primitive.Level"},[]],"tag":"App"},"name":"ℓ′"},{"item":{"contents":"Set @1","tag":"Sort"},"name":"A"},{"item":{"contents":"Set @1","tag":"Sort"},"name":"B"},{"item":{"contents":[{"Left":"Prelude.Ord.Core.Ord"},[{"contents":[{"Right":3},[]],"tag":"App"},{"contents":[{"Right":1},[]],"tag":"App"}]],"tag":"App"},"name":"x"},{"item":{"contents":[{"Left":"Prelude.Ord.Core.Ord"},[{"contents":[{"Right":3},[]],"tag":"App"},{"contents":[{"Right":1},[]],"tag":"App"}]],"tag":"App"},"name":"x"},{"item":{"contents":[{"Left":"Prelude.DecEq.Core.DecEq"},[{"contents":[{"Right":5},[]],"tag":"App"},{"contents":[{"Right":3},[]],"tag":"App"}]],"tag":"App"},"name":"x"},{"item":{"contents":[{"Left":"Prelude.DecEq.Core.DecEq"},[{"contents":[{"Right":5},[]],"tag":"App"},{"contents":[{"Right":3},[]],"tag":"App"}]],"tag":"App"},"name":"x"},{"item":{"contents":[{"Left":"Prelude.Ord.Dec.DecOrd"},[{"contents":[{"Right":7},[]],"tag":"App"},{"contents":[{"Right":5},[]],"tag":"App"},{"contents":[{"Right":3},[]],"tag":"App"}]],"tag":"App"},"name":"x"},{"item":{"contents":[{"Left":"Prelude.Ord.Dec.DecOrd"},[{"contents":[{"Right":7},[]],"tag":"App"},{"contents":[{"Right":5},[]],"tag":"App"},{"contents":[{"Right":3},[]],"tag":"App"}]],"tag":"App"},"name":"x"}]},"goal":{"pretty":"Ord._<_\n(mkOrd<\n (λ { (this x) (this y) → ↑ℓ ((x₁ Ord.< x) y)\n    ; (this _) (that _) → ↑ℓ ⊤\n    ; (this _) (these _ _) → ↑ℓ ⊤\n    ; (that _) (this _) → ↑ℓ ⊥\n    ; (that x) (that y) → ↑ℓ ((x₂ Ord.< x) y)\n    ; (that _) (these _ _) → ↑ℓ ⊤\n    ; (these _ _) (this _) → ↑ℓ ⊥\n    ; (these _ _) (that _) → ↑ℓ ⊥\n    ; (these x y) (these x′ y′)\n        → (x₁ Ord.< x) x′ ⊎ x ≡ x′ × (x₂ Ord.< y) y′\n    }))\n⁇²","thing":{"normalised":{"contents":[{"item":{"contents":[{"Left":"Data.These.Base.These"},[{"contents":[{"Right":9},[]],"tag":"App"},{"contents":[{"Right":8},[]],"tag":"App"},{"contents":[{"Right":7},[]],"tag":"App"},{"contents":[{"Right":6},[]],"tag":"App"}]],"tag":"App"},"name":"x"},{"contents":[{"item":{"contents":[{"Left":"Data.These.Base.These"},[{"contents":[{"Right":10},[]],"tag":"App"},{"contents":[{"Right":9},[]],"tag":"App"},{"contents":[{"Right":8},[]],"tag":"App"},{"contents":[{"Right":7},[]],"tag":"App"}]],"tag":"App"},"name":"y"},{"contents":[{"Left":"Prelude.Decidable.Core._⁇"},[{"contents":"lub @11 @10","tag":"Level"},{"contents":[{"Left":"Prelude.Ord.These._..extendedlambda0"},[{"contents":[{"Right":11},[]],"tag":"App"},{"contents":[{"Right":10},[]],"tag":"App"},{"contents":[{"Right":9},[]],"tag":"App"},{"contents":[{"Right":8},[]],"tag":"App"},{"contents":[{"Right":7},[]],"tag":"App"},{"contents":[{"Right":6},[]],"tag":"App"},{"contents":[{"Right":1},[]],"tag":"App"},{"contents":[{"Right":0},[]],"tag":"App"}]],"tag":"App"}]],"tag":"App"}],"tag":"Pi"}],"tag":"Pi"},"original":{"contents":[{"Left":"Prelude.Decidable.Core._⁇²"},[{"contents":"lub @9 @8","tag":"Level"},{"contents":"lub @9 @8","tag":"Level"},{"contents":[{"Left":"Data.These.Base.These"},[{"contents":[{"Right":9},[]],"tag":"App"},{"contents":[{"Right":8},[]],"tag":"App"},{"contents":[{"Right":7},[]],"tag":"App"},{"contents":[{"Right":6},[]],"tag":"App"}]],"tag":"App"},{"contents":[{"Left":"Data.These.Base.These"},[{"contents":[{"Right":9},[]],"tag":"App"},{"contents":[{"Right":8},[]],"tag":"App"},{"contents":[{"Right":7},[]],"tag":"App"},{"contents":[{"Right":6},[]],"tag":"App"}]],"tag":"App"},{"contents":[{"Left":"Prelude.Ord.Core.mkOrd<"},[{"contents":"lub @9 @8","tag":"Level"},{"contents":[{"Left":"Data.These.Base.These"},[{"contents":[{"Right":9},[]],"tag":"App"},{"contents":[{"Right":8},[]],"tag":"App"},{"contents":[{"Right":7},[]],"tag":"App"},{"contents":[{"Right":6},[]],"tag":"App"}]],"tag":"App"},{"contents":[{"Left":"Prelude.Ord.These._..extendedlambda0"},[{"contents":[{"Right":9},[]],"tag":"App"},{"contents":[{"Right":8},[]],"tag":"App"},{"contents":[{"Right":7},[]],"tag":"App"},{"contents":[{"Right":6},[]],"tag":"App"},{"contents":[{"Right":5},[]],"tag":"App"},{"contents":[{"Right":4},[]],"tag":"App"}]],"tag":"App"},{"contents":[{"Left":"Prelude.Ord.Core.Ord._<_"},[]],"tag":"App"}]],"tag":"App"}]],"tag":"App"},"reduced":{"contents":[{"item":{"contents":[{"Left":"Data.These.Base.These"},[{"contents":[{"Right":9},[]],"tag":"App"},{"contents":[{"Right":8},[]],"tag":"App"},{"contents":[{"Right":7},[]],"tag":"App"},{"contents":[{"Right":6},[]],"tag":"App"}]],"tag":"App"},"name":"x"},{"contents":[{"item":{"contents":[{"Left":"Data.These.Base.These"},[{"contents":[{"Right":10},[]],"tag":"App"},{"contents":[{"Right":9},[]],"tag":"App"},{"contents":[{"Right":8},[]],"tag":"App"},{"contents":[{"Right":7},[]],"tag":"App"}]],"tag":"App"},"name":"y"},{"contents":[{"Left":"Prelude.Decidable.Core._⁇"},[{"contents":"lub @11 @10","tag":"Level"},{"contents":[{"Left":"Prelude.Ord.Core.mkOrd<"},[{"contents":"lub @11 @10","tag":"Level"},{"contents":[{"Left":"Data.These.Base.These"},[{"contents":[{"Right":11},[]],"tag":"App"},{"contents":[{"Right":10},[]],"tag":"App"},{"contents":[{"Right":9},[]],"tag":"App"},{"contents":[{"Right":8},[]],"tag":"App"}]],"tag":"App"},{"contents":[{"Left":"Prelude.Ord.These._..extendedlambda0"},[{"contents":[{"Right":11},[]],"tag":"App"},{"contents":[{"Right":10},[]],"tag":"App"},{"contents":[{"Right":9},[]],"tag":"App"},{"contents":[{"Right":8},[]],"tag":"App"},{"contents":[{"Right":7},[]],"tag":"App"},{"contents":[{"Right":6},[]],"tag":"App"}]],"tag":"App"},{"contents":[{"Left":"Prelude.Ord.Core.Ord._<_"},[]],"tag":"App"},{"contents":[{"Right":1},[]],"tag":"App"},{"contents":[{"Right":0},[]],"tag":"App"}]],"tag":"App"}]],"tag":"App"}],"tag":"Pi"}],"tag":"Pi"},"simplified":{"contents":[{"Left":"Prelude.Decidable.Core._⁇²"},[{"contents":"lub @9 @8","tag":"Level"},{"contents":"lub @9 @8","tag":"Level"},{"contents":[{"Left":"Data.These.Base.These"},[{"contents":[{"Right":9},[]],"tag":"App"},{"contents":[{"Right":8},[]],"tag":"App"},{"contents":[{"Right":7},[]],"tag":"App"},{"contents":[{"Right":6},[]],"tag":"App"}]],"tag":"App"},{"contents":[{"Left":"Data.These.Base.These"},[{"contents":[{"Right":9},[]],"tag":"App"},{"contents":[{"Right":8},[]],"tag":"App"},{"contents":[{"Right":7},[]],"tag":"App"},{"contents":[{"Right":6},[]],"tag":"App"}]],"tag":"App"},{"contents":[{"Left":"Prelude.Ord.These._..extendedlambda0"},[{"contents":[{"Right":9},[]],"tag":"App"},{"contents":[{"Right":8},[]],"tag":"App"},{"contents":[{"Right":7},[]],"tag":"App"},{"contents":[{"Right":6},[]],"tag":"App"},{"contents":[{"Right":5},[]],"tag":"App"},{"contents":[{"Right":4},[]],"tag":"App"}]],"tag":"App"}]],"tag":"App"}}},"term":{"pretty":"Dec-<These","thing":{"normalised":null,"original":{"contents":[{"Left":"Prelude.Ord.These._._.Dec-<These"},[{"contents":[{"Right":9},[]],"tag":"App"},{"contents":[{"Right":8},[]],"tag":"App"},{"contents":[{"Right":7},[]],"tag":"App"},{"contents":[{"Right":6},[]],"tag":"App"},{"contents":[{"Right":5},[]],"tag":"App"},{"contents":[{"Right":4},[]],"tag":"App"},{"contents":[{"Right":3},[]],"tag":"App"},{"contents":[{"Right":2},[]],"tag":"App"},{"contents":[{"Right":1},[]],"tag":"App"},{"contents":[{"Right":0},[]],"tag":"App"}]],"tag":"App"},"reduced":null,"simplified":null}},"namesUsed":["Prelude.Ord.These._._.Dec-<These"]},{"ctx":{"pretty":"{ℓ : Level} {ℓ′ : Level} {A : Type ℓ} {B : Type ℓ′}\n⦃ _ = x : Ord⁺⁺ A ⦄ ⦃ _ = x₁ : Ord⁺⁺ B ⦄ ⦃ x = x₂ : DecEq A ⦄\n⦃ x = x₃ : DecEq B ⦄","thing":[{"item":{"contents":[{"Left":"Agda.Primitive.Level"},[]],"tag":"App"},"name":"ℓ"},{"item":{"contents":[{"Left":"Agda.Primitive.Level"},[]],"tag":"App"},"name":"ℓ′"},{"item":{"contents":"Set @1","tag":"Sort"},"name":"A"},{"item":{"contents":"Set @1","tag":"Sort"},"name":"B"},{"item":{"contents":[{"Left":"Prelude.Ord.Irrelevant.Ord⁺⁺"},[{"contents":[{"Right":3},[]],"tag":"App"},{"contents":[{"Right":1},[]],"tag":"App"}]],"tag":"App"},"name":"x"},{"item":{"contents":[{"Left":"Prelude.Ord.Irrelevant.Ord⁺⁺"},[{"contents":[{"Right":3},[]],"tag":"App"},{"contents":[{"Right":1},[]],"tag":"App"}]],"tag":"App"},"name":"x"},{"item":{"contents":[{"Left":"Prelude.DecEq.Core.DecEq"},[{"contents":[{"Right":5},[]],"tag":"App"},{"contents":[{"Right":3},[]],"tag":"App"}]],"tag":"App"},"name":"x"},{"item":{"contents":[{"Left":"Prelude.DecEq.Core.DecEq"},[{"contents":[{"Right":5},[]],"tag":"App"},{"contents":[{"Right":3},[]],"tag":"App"}]],"tag":"App"},"name":"x"}]},"goal":{"pretty":"OrdLaws (These A B)","thing":{"normalised":null,"original":{"contents":[{"Left":"Prelude.Ord.Core.OrdLaws"},[{"contents":"lub @7 @6","tag":"Level"},{"contents":[{"Left":"Data.These.Base.These"},[{"contents":[{"Right":7},[]],"tag":"App"},{"contents":[{"Right":6},[]],"tag":"App"},{"contents":[{"Right":5},[]],"tag":"App"},{"contents":[{"Right":4},[]],"tag":"App"}]],"tag":"App"},{"contents":[{"Left":"Prelude.Ord.Core.mkOrd<"},[{"contents":"lub @7 @6","tag":"Level"},{"contents":[{"Left":"Data.These.Base.These"},[{"contents":[{"Right":7},[]],"tag":"App"},{"contents":[{"Right":6},[]],"tag":"App"},{"contents":[{"Right":5},[]],"tag":"App"},{"contents":[{"Right":4},[]],"tag":"App"}]],"tag":"App"},{"contents":[{"Left":"Prelude.Ord.These._..extendedlambda0"},[{"contents":[{"Right":7},[]],"tag":"App"},{"contents":[{"Right":6},[]],"tag":"App"},{"contents":[{"Right":5},[]],"tag":"App"},{"contents":[{"Right":4},[]],"tag":"App"},{"contents":[{"Right":3},[{"contents":[{"Left":"Prelude.Ord.Irrelevant.Ord⁺⁺.Ord-A"},[]],"tag":"App"}]],"tag":"App"},{"contents":[{"Right":2},[{"contents":[{"Left":"Prelude.Ord.Irrelevant.Ord⁺⁺.Ord-A"},[]],"tag":"App"}]],"tag":"App"}]],"tag":"App"}]],"tag":"App"}]],"tag":"App"},"reduced":null,"simplified":null}},"term":{"pretty":"OrdLaws-These","thing":{"normalised":null,"original":{"contents":[{"Left":"Prelude.Ord.These._._.OrdLaws-These"},[{"contents":[{"Right":7},[]],"tag":"App"},{"contents":[{"Right":6},[]],"tag":"App"},{"contents":[{"Right":5},[]],"tag":"App"},{"contents":[{"Right":4},[]],"tag":"App"},{"contents":[{"Right":3},[{"contents":[{"Left":"Prelude.Ord.Irrelevant.Ord⁺⁺.Ord-A"},[]],"tag":"App"}]],"tag":"App"},{"contents":[{"Right":2},[{"contents":[{"Left":"Prelude.Ord.Irrelevant.Ord⁺⁺.Ord-A"},[]],"tag":"App"}]],"tag":"App"},{"contents":[{"Right":3},[{"contents":[{"Left":"Prelude.Ord.Irrelevant.Ord⁺⁺.OrdLaws-A"},[]],"tag":"App"}]],"tag":"App"},{"contents":[{"Right":2},[{"contents":[{"Left":"Prelude.Ord.Irrelevant.Ord⁺⁺.OrdLaws-A"},[]],"tag":"App"}]],"tag":"App"}]],"tag":"App"},"reduced":null,"simplified":null}},"namesUsed":["Prelude.Ord.These._._.OrdLaws-These"]},{"ctx":{"pretty":"{ℓ : Level} {ℓ′ : Level} {A = A₁ : Type ℓ} {B = B₁ : Type ℓ′}\n⦃ _ = x : Ord⁺⁺ A₁ ⦄ ⦃ _ = x₁ : Ord⁺⁺ B₁ ⦄ ⦃ x = x₂ : DecEq A₁ ⦄\n⦃ x = x₃ : DecEq B₁ ⦄","thing":[{"item":{"contents":[{"Left":"Agda.Primitive.Level"},[]],"tag":"App"},"name":"ℓ"},{"item":{"contents":[{"Left":"Agda.Primitive.Level"},[]],"tag":"App"},"name":"ℓ′"},{"item":{"contents":"Set @1","tag":"Sort"},"name":"A"},{"item":{"contents":"Set @1","tag":"Sort"},"name":"B"},{"item":{"contents":[{"Left":"Prelude.Ord.Irrelevant.Ord⁺⁺"},[{"contents":[{"Right":3},[]],"tag":"App"},{"contents":[{"Right":1},[]],"tag":"App"}]],"tag":"App"},"name":"x"},{"item":{"contents":[{"Left":"Prelude.Ord.Irrelevant.Ord⁺⁺"},[{"contents":[{"Right":3},[]],"tag":"App"},{"contents":[{"Right":1},[]],"tag":"App"}]],"tag":"App"},"name":"x"},{"item":{"contents":[{"Left":"Prelude.DecEq.Core.DecEq"},[{"contents":[{"Right":5},[]],"tag":"App"},{"contents":[{"Right":3},[]],"tag":"App"}]],"tag":"App"},"name":"x"},{"item":{"contents":[{"Left":"Prelude.DecEq.Core.DecEq"},[{"contents":[{"Right":5},[]],"tag":"App"},{"contents":[{"Right":3},[]],"tag":"App"}]],"tag":"App"},"name":"x"}]},"goal":{"pretty":"DecOrd (These A B)","thing":{"normalised":null,"original":{"contents":[{"Left":"Prelude.Ord.Dec.DecOrd"},[{"contents":"lub @7 @6","tag":"Level"},{"contents":[{"Left":"Data.These.Base.These"},[{"contents":[{"Right":7},[]],"tag":"App"},{"contents":[{"Right":6},[]],"tag":"App"},{"contents":[{"Right":5},[]],"tag":"App"},{"contents":[{"Right":4},[]],"tag":"App"}]],"tag":"App"},{"contents":[{"Left":"Prelude.Ord.Core.mkOrd<"},[{"contents":"lub @7 @6","tag":"Level"},{"contents":[{"Left":"Data.These.Base.These"},[{"contents":[{"Right":7},[]],"tag":"App"},{"contents":[{"Right":6},[]],"tag":"App"},{"contents":[{"Right":5},[]],"tag":"App"},{"contents":[{"Right":4},[]],"tag":"App"}]],"tag":"App"},{"contents":[{"Left":"Prelude.Ord.These._..extendedlambda0"},[{"contents":[{"Right":7},[]],"tag":"App"},{"contents":[{"Right":6},[]],"tag":"App"},{"contents":[{"Right":5},[]],"tag":"App"},{"contents":[{"Right":4},[]],"tag":"App"},{"contents":[{"Right":3},[{"contents":[{"Left":"Prelude.Ord.Irrelevant.Ord⁺⁺.Ord-A"},[]],"tag":"App"}]],"tag":"App"},{"contents":[{"Right":2},[{"contents":[{"Left":"Prelude.Ord.Irrelevant.Ord⁺⁺.Ord-A"},[]],"tag":"App"}]],"tag":"App"}]],"tag":"App"}]],"tag":"App"}]],"tag":"App"},"reduced":null,"simplified":null}},"term":{"pretty":"DecOrd-These","thing":{"normalised":null,"original":{"contents":[{"Left":"Prelude.Ord.These._._.DecOrd-These"},[{"contents":[{"Right":7},[]],"tag":"App"},{"contents":[{"Right":6},[]],"tag":"App"},{"contents":[{"Right":5},[]],"tag":"App"},{"contents":[{"Right":4},[]],"tag":"App"},{"contents":[{"Right":3},[{"contents":[{"Left":"Prelude.Ord.Irrelevant.Ord⁺⁺.Ord-A"},[]],"tag":"App"}]],"tag":"App"},{"contents":[{"Right":2},[{"contents":[{"Left":"Prelude.Ord.Irrelevant.Ord⁺⁺.Ord-A"},[]],"tag":"App"}]],"tag":"App"},{"contents":[{"Right":1},[]],"tag":"App"},{"contents":[{"Right":0},[]],"tag":"App"},{"contents":[{"Right":3},[{"contents":[{"Left":"Prelude.Ord.Irrelevant.Ord⁺⁺.DecOrd-A"},[]],"tag":"App"}]],"tag":"App"},{"contents":[{"Right":2},[{"contents":[{"Left":"Prelude.Ord.Irrelevant.Ord⁺⁺.DecOrd-A"},[]],"tag":"App"}]],"tag":"App"}]],"tag":"App"},"reduced":null,"simplified":null}},"namesUsed":["Prelude.Ord.These._._.DecOrd-These"]},{"ctx":{"pretty":"{ℓ : Level} {ℓ′ : Level} {A = A₁ : Type ℓ} {B = B₁ : Type ℓ′}\n⦃ _ = x : Ord⁺⁺ A₁ ⦄ ⦃ _ = x₁ : Ord⁺⁺ B₁ ⦄ ⦃ x = x₂ : DecEq A₁ ⦄\n⦃ x = x₃ : DecEq B₁ ⦄","thing":[{"item":{"contents":[{"Left":"Agda.Primitive.Level"},[]],"tag":"App"},"name":"ℓ"},{"item":{"contents":[{"Left":"Agda.Primitive.Level"},[]],"tag":"App"},"name":"ℓ′"},{"item":{"contents":"Set @1","tag":"Sort"},"name":"A"},{"item":{"contents":"Set @1","tag":"Sort"},"name":"B"},{"item":{"contents":[{"Left":"Prelude.Ord.Irrelevant.Ord⁺⁺"},[{"contents":[{"Right":3},[]],"tag":"App"},{"contents":[{"Right":1},[]],"tag":"App"}]],"tag":"App"},"name":"x"},{"item":{"contents":[{"Left":"Prelude.Ord.Irrelevant.Ord⁺⁺"},[{"contents":[{"Right":3},[]],"tag":"App"},{"contents":[{"Right":1},[]],"tag":"App"}]],"tag":"App"},"name":"x"},{"item":{"contents":[{"Left":"Prelude.DecEq.Core.DecEq"},[{"contents":[{"Right":5},[]],"tag":"App"},{"contents":[{"Right":3},[]],"tag":"App"}]],"tag":"App"},"name":"x"},{"item":{"contents":[{"Left":"Prelude.DecEq.Core.DecEq"},[{"contents":[{"Right":5},[]],"tag":"App"},{"contents":[{"Right":3},[]],"tag":"App"}]],"tag":"App"},"name":"x"}]},"goal":{"pretty":"·Ord (These A B)","thing":{"normalised":null,"original":{"contents":[{"Left":"Prelude.Ord.Irrelevant.·Ord"},[{"contents":"lub @7 @6","tag":"Level"},{"contents":[{"Left":"Data.These.Base.These"},[{"contents":[{"Right":7},[]],"tag":"App"},{"contents":[{"Right":6},[]],"tag":"App"},{"contents":[{"Right":5},[]],"tag":"App"},{"contents":[{"Right":4},[]],"tag":"App"}]],"tag":"App"},{"contents":[{"Left":"Prelude.Ord.Core.mkOrd<"},[{"contents":"lub @7 @6","tag":"Level"},{"contents":[{"Left":"Data.These.Base.These"},[{"contents":[{"Right":7},[]],"tag":"App"},{"contents":[{"Right":6},[]],"tag":"App"},{"contents":[{"Right":5},[]],"tag":"App"},{"contents":[{"Right":4},[]],"tag":"App"}]],"tag":"App"},{"contents":[{"Left":"Prelude.Ord.These._..extendedlambda0"},[{"contents":[{"Right":7},[]],"tag":"App"},{"contents":[{"Right":6},[]],"tag":"App"},{"contents":[{"Right":5},[]],"tag":"App"},{"contents":[{"Right":4},[]],"tag":"App"},{"contents":[{"Right":3},[{"contents":[{"Left":"Prelude.Ord.Irrelevant.Ord⁺⁺.Ord-A"},[]],"tag":"App"}]],"tag":"App"},{"contents":[{"Right":2},[{"contents":[{"Left":"Prelude.Ord.Irrelevant.Ord⁺⁺.Ord-A"},[]],"tag":"App"}]],"tag":"App"}]],"tag":"App"}]],"tag":"App"}]],"tag":"App"},"reduced":null,"simplified":null}},"term":{"pretty":"·Ord-These","thing":{"normalised":null,"original":{"contents":[{"Left":"Prelude.Ord.These._._.·Ord-These"},[{"contents":[{"Right":7},[]],"tag":"App"},{"contents":[{"Right":6},[]],"tag":"App"},{"contents":[{"Right":5},[]],"tag":"App"},{"contents":[{"Right":4},[]],"tag":"App"},{"contents":[{"Right":3},[{"contents":[{"Left":"Prelude.Ord.Irrelevant.Ord⁺⁺.Ord-A"},[]],"tag":"App"}]],"tag":"App"},{"contents":[{"Right":2},[{"contents":[{"Left":"Prelude.Ord.Irrelevant.Ord⁺⁺.Ord-A"},[]],"tag":"App"}]],"tag":"App"},{"contents":[{"Right":3},[{"contents":[{"Left":"Prelude.Ord.Irrelevant.Ord⁺⁺.·Ord-A"},[]],"tag":"App"}]],"tag":"App"},{"contents":[{"Right":2},[{"contents":[{"Left":"Prelude.Ord.Irrelevant.Ord⁺⁺.·Ord-A"},[]],"tag":"App"}]],"tag":"App"}]],"tag":"App"},"reduced":null,"simplified":null}},"namesUsed":["Prelude.Ord.These._._.·Ord-These"]}]}