{"scope":{"item":[{"item":{"pretty":"(newGoal : Type → TC Hole)\n(_:=_∋_ : THole → Type → TermCtx → TC ⊤) →\nSet","thing":{"normalised":{"contents":[{"item":{"contents":[{"item":{"contents":[{"Left":"Agda.Builtin.Reflection.Term"},[]],"tag":"App"},"name":"_"},{"contents":[{"Left":"Agda.Builtin.Reflection.TC"},[{"contents":"lzero","tag":"Level"},{"contents":[{"Left":"Agda.Builtin.Reflection.Term"},[]],"tag":"App"}]],"tag":"App"}],"tag":"Pi"},"name":"newGoal"},{"contents":[{"item":{"contents":[{"item":{"contents":[{"Left":"Agda.Builtin.Sigma.Σ"},[{"contents":"lzero","tag":"Level"},{"contents":"lzero","tag":"Level"},{"contents":[{"Left":"Agda.Builtin.Reflection.Term"},[]],"tag":"App"},{"contents":{"item":{"contents":[{"Left":"Agda.Builtin.Reflection.Term"},[]],"tag":"App"},"name":"x"},"tag":"Lam"}]],"tag":"App"},"name":"_"},{"contents":[{"item":{"contents":[{"Left":"Agda.Builtin.Reflection.Term"},[]],"tag":"App"},"name":"_"},{"contents":[{"item":{"contents":[{"item":{"contents":[{"Left":"Agda.Builtin.Reflection.Term"},[]],"tag":"App"},"name":"_"},{"contents":[{"Left":"Agda.Builtin.Reflection.Term"},[]],"tag":"App"}],"tag":"Pi"},"name":"_"},{"contents":[{"Left":"Agda.Builtin.Reflection.TC"},[{"contents":"lzero","tag":"Level"},{"contents":[{"Left":"Agda.Builtin.Unit.⊤"},[]],"tag":"App"}]],"tag":"App"}],"tag":"Pi"}],"tag":"Pi"}],"tag":"Pi"},"name":"_:=_∋_"},{"contents":"Set","tag":"Sort"}],"tag":"Pi"}],"tag":"Pi"},"original":{"contents":[{"item":{"contents":[{"item":{"contents":[{"Left":"Agda.Builtin.Reflection.Type"},[]],"tag":"App"},"name":"_"},{"contents":[{"Left":"Agda.Builtin.Reflection.TC"},[{"contents":"lzero","tag":"Level"},{"contents":[{"Left":"Prelude.Generics.Core.Hole"},[]],"tag":"App"}]],"tag":"App"}],"tag":"Pi"},"name":"newGoal"},{"contents":[{"item":{"contents":[{"item":{"contents":[{"Left":"Prelude.Generics.Core.THole"},[]],"tag":"App"},"name":"_"},{"contents":[{"item":{"contents":[{"Left":"Agda.Builtin.Reflection.Type"},[]],"tag":"App"},"name":"_"},{"contents":[{"item":{"contents":[{"Left":"Prelude.Solvers.Base.TermCtx"},[]],"tag":"App"},"name":"_"},{"contents":[{"Left":"Agda.Builtin.Reflection.TC"},[{"contents":"lzero","tag":"Level"},{"contents":[{"Left":"Agda.Builtin.Unit.⊤"},[]],"tag":"App"}]],"tag":"App"}],"tag":"Pi"}],"tag":"Pi"}],"tag":"Pi"},"name":"_:=_∋_"},{"contents":"Set","tag":"Sort"}],"tag":"Pi"}],"tag":"Pi"},"reduced":null,"simplified":null}},"name":"Prelude.Solvers.Eq.ViewEq"},{"item":{"pretty":"{newGoal : Type → TC Hole}\n{_:=_∋_ : THole → Type → TermCtx → TC ⊤} →\nTerm → Term → ViewEq newGoal _:=_∋_","thing":{"normalised":{"contents":[{"item":{"contents":[{"item":{"contents":[{"Left":"Agda.Builtin.Reflection.Term"},[]],"tag":"App"},"name":"_"},{"contents":[{"Left":"Agda.Builtin.Reflection.TC"},[{"contents":"lzero","tag":"Level"},{"contents":[{"Left":"Agda.Builtin.Reflection.Term"},[]],"tag":"App"}]],"tag":"App"}],"tag":"Pi"},"name":"newGoal"},{"contents":[{"item":{"contents":[{"item":{"contents":[{"Left":"Agda.Builtin.Sigma.Σ"},[{"contents":"lzero","tag":"Level"},{"contents":"lzero","tag":"Level"},{"contents":[{"Left":"Agda.Builtin.Reflection.Term"},[]],"tag":"App"},{"contents":{"item":{"contents":[{"Left":"Agda.Builtin.Reflection.Term"},[]],"tag":"App"},"name":"x"},"tag":"Lam"}]],"tag":"App"},"name":"_"},{"contents":[{"item":{"contents":[{"Left":"Agda.Builtin.Reflection.Term"},[]],"tag":"App"},"name":"_"},{"contents":[{"item":{"contents":[{"item":{"contents":[{"Left":"Agda.Builtin.Reflection.Term"},[]],"tag":"App"},"name":"_"},{"contents":[{"Left":"Agda.Builtin.Reflection.Term"},[]],"tag":"App"}],"tag":"Pi"},"name":"_"},{"contents":[{"Left":"Agda.Builtin.Reflection.TC"},[{"contents":"lzero","tag":"Level"},{"contents":[{"Left":"Agda.Builtin.Unit.⊤"},[]],"tag":"App"}]],"tag":"App"}],"tag":"Pi"}],"tag":"Pi"}],"tag":"Pi"},"name":"_:=_∋_"},{"contents":[{"item":{"contents":[{"Left":"Agda.Builtin.Reflection.Term"},[]],"tag":"App"},"name":"_"},{"contents":[{"item":{"contents":[{"Left":"Agda.Builtin.Reflection.Term"},[]],"tag":"App"},"name":"_"},{"contents":[{"Left":"Prelude.Solvers.Eq.ViewEq"},[{"contents":[{"Right":1},[]],"tag":"App"},{"contents":[{"Right":0},[]],"tag":"App"}]],"tag":"App"}],"tag":"Pi"}],"tag":"Pi"}],"tag":"Pi"}],"tag":"Pi"},"original":{"contents":[{"item":{"contents":[{"item":{"contents":[{"Left":"Agda.Builtin.Reflection.Type"},[]],"tag":"App"},"name":"_"},{"contents":[{"Left":"Agda.Builtin.Reflection.TC"},[{"contents":"lzero","tag":"Level"},{"contents":[{"Left":"Prelude.Generics.Core.Hole"},[]],"tag":"App"}]],"tag":"App"}],"tag":"Pi"},"name":"newGoal"},{"contents":[{"item":{"contents":[{"item":{"contents":[{"Left":"Prelude.Generics.Core.THole"},[]],"tag":"App"},"name":"_"},{"contents":[{"item":{"contents":[{"Left":"Agda.Builtin.Reflection.Type"},[]],"tag":"App"},"name":"_"},{"contents":[{"item":{"contents":[{"Left":"Prelude.Solvers.Base.TermCtx"},[]],"tag":"App"},"name":"_"},{"contents":[{"Left":"Agda.Builtin.Reflection.TC"},[{"contents":"lzero","tag":"Level"},{"contents":[{"Left":"Agda.Builtin.Unit.⊤"},[]],"tag":"App"}]],"tag":"App"}],"tag":"Pi"}],"tag":"Pi"}],"tag":"Pi"},"name":"_:=_∋_"},{"contents":[{"item":{"contents":[{"Left":"Agda.Builtin.Reflection.Term"},[]],"tag":"App"},"name":"_"},{"contents":[{"item":{"contents":[{"Left":"Agda.Builtin.Reflection.Term"},[]],"tag":"App"},"name":"_"},{"contents":[{"Left":"Prelude.Solvers.Eq.ViewEq"},[{"contents":[{"Right":1},[]],"tag":"App"},{"contents":[{"Right":0},[]],"tag":"App"}]],"tag":"App"}],"tag":"Pi"}],"tag":"Pi"}],"tag":"Pi"}],"tag":"Pi"},"reduced":null,"simplified":null}},"name":"Prelude.Solvers.Eq.ViewEq._`≡_"},{"item":{"pretty":"(newGoal : Type → TC Hole)\n(_:=_∋_ : THole → Type → TermCtx → TC ⊤) →\nTerm → Maybe (ViewEq newGoal _:=_∋_)","thing":{"normalised":{"contents":[{"item":{"contents":[{"item":{"contents":[{"Left":"Agda.Builtin.Reflection.Term"},[]],"tag":"App"},"name":"_"},{"contents":[{"Left":"Agda.Builtin.Reflection.TC"},[{"contents":"lzero","tag":"Level"},{"contents":[{"Left":"Agda.Builtin.Reflection.Term"},[]],"tag":"App"}]],"tag":"App"}],"tag":"Pi"},"name":"newGoal"},{"contents":[{"item":{"contents":[{"item":{"contents":[{"Left":"Agda.Builtin.Sigma.Σ"},[{"contents":"lzero","tag":"Level"},{"contents":"lzero","tag":"Level"},{"contents":[{"Left":"Agda.Builtin.Reflection.Term"},[]],"tag":"App"},{"contents":{"item":{"contents":[{"Left":"Agda.Builtin.Reflection.Term"},[]],"tag":"App"},"name":"x"},"tag":"Lam"}]],"tag":"App"},"name":"_"},{"contents":[{"item":{"contents":[{"Left":"Agda.Builtin.Reflection.Term"},[]],"tag":"App"},"name":"_"},{"contents":[{"item":{"contents":[{"item":{"contents":[{"Left":"Agda.Builtin.Reflection.Term"},[]],"tag":"App"},"name":"_"},{"contents":[{"Left":"Agda.Builtin.Reflection.Term"},[]],"tag":"App"}],"tag":"Pi"},"name":"_"},{"contents":[{"Left":"Agda.Builtin.Reflection.TC"},[{"contents":"lzero","tag":"Level"},{"contents":[{"Left":"Agda.Builtin.Unit.⊤"},[]],"tag":"App"}]],"tag":"App"}],"tag":"Pi"}],"tag":"Pi"}],"tag":"Pi"},"name":"_:=_∋_"},{"contents":[{"item":{"contents":[{"Left":"Agda.Builtin.Reflection.Term"},[]],"tag":"App"},"name":"_"},{"contents":[{"Left":"Agda.Builtin.Maybe.Maybe"},[{"contents":"lzero","tag":"Level"},{"contents":[{"Left":"Prelude.Solvers.Eq.ViewEq"},[{"contents":[{"Right":1},[]],"tag":"App"},{"contents":[{"Right":0},[]],"tag":"App"}]],"tag":"App"}]],"tag":"App"}],"tag":"Pi"}],"tag":"Pi"}],"tag":"Pi"},"original":{"contents":[{"item":{"contents":[{"item":{"contents":[{"Left":"Agda.Builtin.Reflection.Type"},[]],"tag":"App"},"name":"_"},{"contents":[{"Left":"Agda.Builtin.Reflection.TC"},[{"contents":"lzero","tag":"Level"},{"contents":[{"Left":"Prelude.Generics.Core.Hole"},[]],"tag":"App"}]],"tag":"App"}],"tag":"Pi"},"name":"newGoal"},{"contents":[{"item":{"contents":[{"item":{"contents":[{"Left":"Prelude.Generics.Core.THole"},[]],"tag":"App"},"name":"_"},{"contents":[{"item":{"contents":[{"Left":"Agda.Builtin.Reflection.Type"},[]],"tag":"App"},"name":"_"},{"contents":[{"item":{"contents":[{"Left":"Prelude.Solvers.Base.TermCtx"},[]],"tag":"App"},"name":"_"},{"contents":[{"Left":"Agda.Builtin.Reflection.TC"},[{"contents":"lzero","tag":"Level"},{"contents":[{"Left":"Agda.Builtin.Unit.⊤"},[]],"tag":"App"}]],"tag":"App"}],"tag":"Pi"}],"tag":"Pi"}],"tag":"Pi"},"name":"_:=_∋_"},{"contents":[{"item":{"contents":[{"Left":"Agda.Builtin.Reflection.Term"},[]],"tag":"App"},"name":"_"},{"contents":[{"Left":"Agda.Builtin.Maybe.Maybe"},[{"contents":"lzero","tag":"Level"},{"contents":[{"Left":"Prelude.Solvers.Eq.ViewEq"},[{"contents":[{"Right":1},[]],"tag":"App"},{"contents":[{"Right":0},[]],"tag":"App"}]],"tag":"App"}]],"tag":"App"}],"tag":"Pi"}],"tag":"Pi"}],"tag":"Pi"},"reduced":null,"simplified":null}},"name":"Prelude.Solvers.Eq.viewEq"},{"item":{"pretty":"(newGoal : Type → TC Hole)\n(_:=_∋_ : THole → Type → TermCtx → TC ⊤) →\nTHole → ViewEq newGoal _:=_∋_ → TC ⊤","thing":{"normalised":{"contents":[{"item":{"contents":[{"item":{"contents":[{"Left":"Agda.Builtin.Reflection.Term"},[]],"tag":"App"},"name":"_"},{"contents":[{"Left":"Agda.Builtin.Reflection.TC"},[{"contents":"lzero","tag":"Level"},{"contents":[{"Left":"Agda.Builtin.Reflection.Term"},[]],"tag":"App"}]],"tag":"App"}],"tag":"Pi"},"name":"newGoal"},{"contents":[{"item":{"contents":[{"item":{"contents":[{"Left":"Agda.Builtin.Sigma.Σ"},[{"contents":"lzero","tag":"Level"},{"contents":"lzero","tag":"Level"},{"contents":[{"Left":"Agda.Builtin.Reflection.Term"},[]],"tag":"App"},{"contents":{"item":{"contents":[{"Left":"Agda.Builtin.Reflection.Term"},[]],"tag":"App"},"name":"x"},"tag":"Lam"}]],"tag":"App"},"name":"_"},{"contents":[{"item":{"contents":[{"Left":"Agda.Builtin.Reflection.Term"},[]],"tag":"App"},"name":"_"},{"contents":[{"item":{"contents":[{"item":{"contents":[{"Left":"Agda.Builtin.Reflection.Term"},[]],"tag":"App"},"name":"_"},{"contents":[{"Left":"Agda.Builtin.Reflection.Term"},[]],"tag":"App"}],"tag":"Pi"},"name":"_"},{"contents":[{"Left":"Agda.Builtin.Reflection.TC"},[{"contents":"lzero","tag":"Level"},{"contents":[{"Left":"Agda.Builtin.Unit.⊤"},[]],"tag":"App"}]],"tag":"App"}],"tag":"Pi"}],"tag":"Pi"}],"tag":"Pi"},"name":"_:=_∋_"},{"contents":[{"item":{"contents":[{"Left":"Agda.Builtin.Sigma.Σ"},[{"contents":"lzero","tag":"Level"},{"contents":"lzero","tag":"Level"},{"contents":[{"Left":"Agda.Builtin.Reflection.Term"},[]],"tag":"App"},{"contents":{"item":{"contents":[{"Left":"Agda.Builtin.Reflection.Term"},[]],"tag":"App"},"name":"x"},"tag":"Lam"}]],"tag":"App"},"name":"_"},{"contents":[{"item":{"contents":[{"Left":"Prelude.Solvers.Eq.ViewEq"},[{"contents":[{"Right":1},[]],"tag":"App"},{"contents":[{"Right":0},[]],"tag":"App"}]],"tag":"App"},"name":"_"},{"contents":[{"Left":"Agda.Builtin.Reflection.TC"},[{"contents":"lzero","tag":"Level"},{"contents":[{"Left":"Agda.Builtin.Unit.⊤"},[]],"tag":"App"}]],"tag":"App"}],"tag":"Pi"}],"tag":"Pi"}],"tag":"Pi"}],"tag":"Pi"},"original":{"contents":[{"item":{"contents":[{"item":{"contents":[{"Left":"Agda.Builtin.Reflection.Type"},[]],"tag":"App"},"name":"_"},{"contents":[{"Left":"Agda.Builtin.Reflection.TC"},[{"contents":"lzero","tag":"Level"},{"contents":[{"Left":"Prelude.Generics.Core.Hole"},[]],"tag":"App"}]],"tag":"App"}],"tag":"Pi"},"name":"newGoal"},{"contents":[{"item":{"contents":[{"item":{"contents":[{"Left":"Prelude.Generics.Core.THole"},[]],"tag":"App"},"name":"_"},{"contents":[{"item":{"contents":[{"Left":"Agda.Builtin.Reflection.Type"},[]],"tag":"App"},"name":"_"},{"contents":[{"item":{"contents":[{"Left":"Prelude.Solvers.Base.TermCtx"},[]],"tag":"App"},"name":"_"},{"contents":[{"Left":"Agda.Builtin.Reflection.TC"},[{"contents":"lzero","tag":"Level"},{"contents":[{"Left":"Agda.Builtin.Unit.⊤"},[]],"tag":"App"}]],"tag":"App"}],"tag":"Pi"}],"tag":"Pi"}],"tag":"Pi"},"name":"_:=_∋_"},{"contents":[{"item":{"contents":[{"Left":"Prelude.Generics.Core.THole"},[]],"tag":"App"},"name":"_"},{"contents":[{"item":{"contents":[{"Left":"Prelude.Solvers.Eq.ViewEq"},[{"contents":[{"Right":1},[]],"tag":"App"},{"contents":[{"Right":0},[]],"tag":"App"}]],"tag":"App"},"name":"_"},{"contents":[{"Left":"Agda.Builtin.Reflection.TC"},[{"contents":"lzero","tag":"Level"},{"contents":[{"Left":"Agda.Builtin.Unit.⊤"},[]],"tag":"App"}]],"tag":"App"}],"tag":"Pi"}],"tag":"Pi"}],"tag":"Pi"}],"tag":"Pi"},"reduced":null,"simplified":null}},"name":"Prelude.Solvers.Eq.solveEq"},{"item":{"pretty":"(newGoal : Type → TC Hole)\n(_:=_∋_ : THole → Type → TermCtx → TC ⊤) →\nSolver","thing":{"normalised":{"contents":[{"item":{"contents":[{"item":{"contents":[{"Left":"Agda.Builtin.Reflection.Term"},[]],"tag":"App"},"name":"_"},{"contents":[{"Left":"Agda.Builtin.Reflection.TC"},[{"contents":"lzero","tag":"Level"},{"contents":[{"Left":"Agda.Builtin.Reflection.Term"},[]],"tag":"App"}]],"tag":"App"}],"tag":"Pi"},"name":"newGoal"},{"contents":[{"item":{"contents":[{"item":{"contents":[{"Left":"Agda.Builtin.Sigma.Σ"},[{"contents":"lzero","tag":"Level"},{"contents":"lzero","tag":"Level"},{"contents":[{"Left":"Agda.Builtin.Reflection.Term"},[]],"tag":"App"},{"contents":{"item":{"contents":[{"Left":"Agda.Builtin.Reflection.Term"},[]],"tag":"App"},"name":"x"},"tag":"Lam"}]],"tag":"App"},"name":"_"},{"contents":[{"item":{"contents":[{"Left":"Agda.Builtin.Reflection.Term"},[]],"tag":"App"},"name":"_"},{"contents":[{"item":{"contents":[{"item":{"contents":[{"Left":"Agda.Builtin.Reflection.Term"},[]],"tag":"App"},"name":"_"},{"contents":[{"Left":"Agda.Builtin.Reflection.Term"},[]],"tag":"App"}],"tag":"Pi"},"name":"_"},{"contents":[{"Left":"Agda.Builtin.Reflection.TC"},[{"contents":"lzero","tag":"Level"},{"contents":[{"Left":"Agda.Builtin.Unit.⊤"},[]],"tag":"App"}]],"tag":"App"}],"tag":"Pi"}],"tag":"Pi"}],"tag":"Pi"},"name":"_:=_∋_"},{"contents":[{"Left":"Prelude.Solvers.Base.Solver"},[]],"tag":"App"}],"tag":"Pi"}],"tag":"Pi"},"original":{"contents":[{"item":{"contents":[{"item":{"contents":[{"Left":"Agda.Builtin.Reflection.Type"},[]],"tag":"App"},"name":"_"},{"contents":[{"Left":"Agda.Builtin.Reflection.TC"},[{"contents":"lzero","tag":"Level"},{"contents":[{"Left":"Prelude.Generics.Core.Hole"},[]],"tag":"App"}]],"tag":"App"}],"tag":"Pi"},"name":"newGoal"},{"contents":[{"item":{"contents":[{"item":{"contents":[{"Left":"Prelude.Generics.Core.THole"},[]],"tag":"App"},"name":"_"},{"contents":[{"item":{"contents":[{"Left":"Agda.Builtin.Reflection.Type"},[]],"tag":"App"},"name":"_"},{"contents":[{"item":{"contents":[{"Left":"Prelude.Solvers.Base.TermCtx"},[]],"tag":"App"},"name":"_"},{"contents":[{"Left":"Agda.Builtin.Reflection.TC"},[{"contents":"lzero","tag":"Level"},{"contents":[{"Left":"Agda.Builtin.Unit.⊤"},[]],"tag":"App"}]],"tag":"App"}],"tag":"Pi"}],"tag":"Pi"}],"tag":"Pi"},"name":"_:=_∋_"},{"contents":[{"Left":"Prelude.Solvers.Base.Solver"},[]],"tag":"App"}],"tag":"Pi"}],"tag":"Pi"},"reduced":null,"simplified":null}},"name":"Prelude.Solvers.Eq.Solver-Eq"}],"name":"Prelude.Solvers.Eq"},"samples":[{"ctx":{"pretty":"(newGoal : Type → TC Hole) (_:=_∋_ : THole → Type → TermCtx → TC ⊤)\n(x : Term) (x₁ : Term) (x₂ : Term) (y : Term)","thing":[{"item":{"contents":[{"item":{"contents":[{"Left":"Agda.Builtin.Reflection.Type"},[]],"tag":"App"},"name":"_"},{"contents":[{"Left":"Agda.Builtin.Reflection.TC"},[{"contents":"lzero","tag":"Level"},{"contents":[{"Left":"Prelude.Generics.Core.Hole"},[]],"tag":"App"}]],"tag":"App"}],"tag":"Pi"},"name":"newGoal"},{"item":{"contents":[{"item":{"contents":[{"Left":"Prelude.Generics.Core.THole"},[]],"tag":"App"},"name":"_"},{"contents":[{"item":{"contents":[{"Left":"Agda.Builtin.Reflection.Type"},[]],"tag":"App"},"name":"_"},{"contents":[{"item":{"contents":[{"Left":"Prelude.Solvers.Base.TermCtx"},[]],"tag":"App"},"name":"_"},{"contents":[{"Left":"Agda.Builtin.Reflection.TC"},[{"contents":"lzero","tag":"Level"},{"contents":[{"Left":"Agda.Builtin.Unit.⊤"},[]],"tag":"App"}]],"tag":"App"}],"tag":"Pi"}],"tag":"Pi"}],"tag":"Pi"},"name":"_:=_∋_"},{"item":{"contents":[{"Left":"Agda.Builtin.Reflection.Term"},[]],"tag":"App"},"name":"x"},{"item":{"contents":[{"Left":"Agda.Builtin.Reflection.Term"},[]],"tag":"App"},"name":"x"},{"item":{"contents":[{"Left":"Agda.Builtin.Reflection.Term"},[]],"tag":"App"},"name":"x"},{"item":{"contents":[{"Left":"Agda.Builtin.Reflection.Term"},[]],"tag":"App"},"name":"y"}]},"goal":{"pretty":"ViewEq newGoal _:=_∋_","thing":{"normalised":null,"original":{"contents":[{"Left":"Prelude.Solvers.Eq.ViewEq"},[{"contents":[{"Right":5},[]],"tag":"App"},{"contents":[{"Right":4},[]],"tag":"App"}]],"tag":"App"},"reduced":null,"simplified":null}},"term":{"pretty":"x `≡ y","thing":{"normalised":null,"original":{"contents":[{"Left":"Prelude.Solvers.Eq.ViewEq._`≡_"},[{"contents":[{"Right":1},[]],"tag":"App"},{"contents":[{"Right":0},[]],"tag":"App"}]],"tag":"App"},"reduced":null,"simplified":null}},"namesUsed":["Prelude.Solvers.Eq.ViewEq._`≡_"]},{"ctx":{"pretty":"(newGoal : Type → TC Hole) (_:=_∋_ : THole → Type → TermCtx → TC ⊤)","thing":[{"item":{"contents":[{"item":{"contents":[{"Left":"Agda.Builtin.Reflection.Type"},[]],"tag":"App"},"name":"_"},{"contents":[{"Left":"Agda.Builtin.Reflection.TC"},[{"contents":"lzero","tag":"Level"},{"contents":[{"Left":"Prelude.Generics.Core.Hole"},[]],"tag":"App"}]],"tag":"App"}],"tag":"Pi"},"name":"newGoal"},{"item":{"contents":[{"item":{"contents":[{"Left":"Prelude.Generics.Core.THole"},[]],"tag":"App"},"name":"_"},{"contents":[{"item":{"contents":[{"Left":"Agda.Builtin.Reflection.Type"},[]],"tag":"App"},"name":"_"},{"contents":[{"item":{"contents":[{"Left":"Prelude.Solvers.Base.TermCtx"},[]],"tag":"App"},"name":"_"},{"contents":[{"Left":"Agda.Builtin.Reflection.TC"},[{"contents":"lzero","tag":"Level"},{"contents":[{"Left":"Agda.Builtin.Unit.⊤"},[]],"tag":"App"}]],"tag":"App"}],"tag":"Pi"}],"tag":"Pi"}],"tag":"Pi"},"name":"_:=_∋_"}]},"goal":{"pretty":"Set","thing":{"normalised":null,"original":{"contents":"Set","tag":"Sort"},"reduced":null,"simplified":null}},"term":{"pretty":"ViewEq newGoal _:=_∋_","thing":{"normalised":null,"original":{"contents":[{"Left":"Prelude.Solvers.Eq.ViewEq"},[{"contents":[{"Right":1},[]],"tag":"App"},{"contents":[{"Right":0},[]],"tag":"App"}]],"tag":"App"},"reduced":null,"simplified":null}},"namesUsed":["Prelude.Solvers.Eq.ViewEq"]},{"ctx":{"pretty":"(newGoal : Type → TC Hole) (_:=_∋_ : THole → Type → TermCtx → TC ⊤)","thing":[{"item":{"contents":[{"item":{"contents":[{"Left":"Agda.Builtin.Reflection.Type"},[]],"tag":"App"},"name":"_"},{"contents":[{"Left":"Agda.Builtin.Reflection.TC"},[{"contents":"lzero","tag":"Level"},{"contents":[{"Left":"Prelude.Generics.Core.Hole"},[]],"tag":"App"}]],"tag":"App"}],"tag":"Pi"},"name":"newGoal"},{"item":{"contents":[{"item":{"contents":[{"Left":"Prelude.Generics.Core.THole"},[]],"tag":"App"},"name":"_"},{"contents":[{"item":{"contents":[{"Left":"Agda.Builtin.Reflection.Type"},[]],"tag":"App"},"name":"_"},{"contents":[{"item":{"contents":[{"Left":"Prelude.Solvers.Base.TermCtx"},[]],"tag":"App"},"name":"_"},{"contents":[{"Left":"Agda.Builtin.Reflection.TC"},[{"contents":"lzero","tag":"Level"},{"contents":[{"Left":"Agda.Builtin.Unit.⊤"},[]],"tag":"App"}]],"tag":"App"}],"tag":"Pi"}],"tag":"Pi"}],"tag":"Pi"},"name":"_:=_∋_"}]},"goal":{"pretty":"Term →\nMaybe\n(View\n (λ { .View → ViewEq newGoal _:=_∋_\n    ; .view → viewEq newGoal _:=_∋_\n    ; .solveView → solveEq newGoal _:=_∋_\n    }))","thing":{"normalised":{"contents":[{"item":{"contents":[{"Left":"Agda.Builtin.Reflection.Term"},[]],"tag":"App"},"name":"_"},{"contents":[{"Left":"Agda.Builtin.Maybe.Maybe"},[{"contents":"lzero","tag":"Level"},{"contents":[{"Left":"Prelude.Solvers.Eq.ViewEq"},[{"contents":[{"Right":1},[]],"tag":"App"},{"contents":[{"Right":0},[]],"tag":"App"}]],"tag":"App"}]],"tag":"App"}],"tag":"Pi"},"original":{"contents":[{"item":{"contents":[{"Left":"Agda.Builtin.Reflection.Term"},[]],"tag":"App"},"name":"_"},{"contents":[{"Left":"Agda.Builtin.Maybe.Maybe"},[{"contents":"lzero","tag":"Level"},{"contents":[{"Left":"Prelude.Solvers.Eq..extendedlambda1"},[{"contents":[{"Right":1},[]],"tag":"App"},{"contents":[{"Right":0},[]],"tag":"App"},{"contents":[{"Left":"Prelude.Solvers.Base.Solver.View"},[]],"tag":"App"}]],"tag":"App"}]],"tag":"App"}],"tag":"Pi"},"reduced":null,"simplified":{"contents":[{"item":{"contents":[{"Left":"Agda.Builtin.Reflection.Term"},[]],"tag":"App"},"name":"_"},{"contents":[{"Left":"Agda.Builtin.Maybe.Maybe"},[{"contents":"lzero","tag":"Level"},{"contents":[{"Left":"Prelude.Solvers.Eq.ViewEq"},[{"contents":[{"Right":1},[]],"tag":"App"},{"contents":[{"Right":0},[]],"tag":"App"}]],"tag":"App"}]],"tag":"App"}],"tag":"Pi"}}},"term":{"pretty":"viewEq newGoal _:=_∋_","thing":{"normalised":{"contents":[{"Left":"Prelude.Solvers.Eq..extendedlambda0"},[{"contents":[{"Right":1},[]],"tag":"App"},{"contents":[{"Right":0},[]],"tag":"App"}]],"tag":"App"},"original":{"contents":[{"Left":"Prelude.Solvers.Eq.viewEq"},[{"contents":[{"Right":1},[]],"tag":"App"},{"contents":[{"Right":0},[]],"tag":"App"}]],"tag":"App"},"reduced":{"contents":[{"Left":"Prelude.Solvers.Eq..extendedlambda0"},[{"contents":[{"Right":1},[]],"tag":"App"},{"contents":[{"Right":0},[]],"tag":"App"}]],"tag":"App"},"simplified":null}},"namesUsed":["Prelude.Solvers.Eq.viewEq"]},{"ctx":{"pretty":"(newGoal : Type → TC Hole) (_:=_∋_ : THole → Type → TermCtx → TC ⊤)","thing":[{"item":{"contents":[{"item":{"contents":[{"Left":"Agda.Builtin.Reflection.Type"},[]],"tag":"App"},"name":"_"},{"contents":[{"Left":"Agda.Builtin.Reflection.TC"},[{"contents":"lzero","tag":"Level"},{"contents":[{"Left":"Prelude.Generics.Core.Hole"},[]],"tag":"App"}]],"tag":"App"}],"tag":"Pi"},"name":"newGoal"},{"item":{"contents":[{"item":{"contents":[{"Left":"Prelude.Generics.Core.THole"},[]],"tag":"App"},"name":"_"},{"contents":[{"item":{"contents":[{"Left":"Agda.Builtin.Reflection.Type"},[]],"tag":"App"},"name":"_"},{"contents":[{"item":{"contents":[{"Left":"Prelude.Solvers.Base.TermCtx"},[]],"tag":"App"},"name":"_"},{"contents":[{"Left":"Agda.Builtin.Reflection.TC"},[{"contents":"lzero","tag":"Level"},{"contents":[{"Left":"Agda.Builtin.Unit.⊤"},[]],"tag":"App"}]],"tag":"App"}],"tag":"Pi"}],"tag":"Pi"}],"tag":"Pi"},"name":"_:=_∋_"}]},"goal":{"pretty":"THole →\nView\n(λ { .View → ViewEq newGoal _:=_∋_\n   ; .view → viewEq newGoal _:=_∋_\n   ; .solveView → solveEq newGoal _:=_∋_\n   }) →\nTC ⊤","thing":{"normalised":{"contents":[{"item":{"contents":[{"Left":"Agda.Builtin.Sigma.Σ"},[{"contents":"lzero","tag":"Level"},{"contents":"lzero","tag":"Level"},{"contents":[{"Left":"Agda.Builtin.Reflection.Term"},[]],"tag":"App"},{"contents":{"item":{"contents":[{"Left":"Agda.Builtin.Reflection.Term"},[]],"tag":"App"},"name":"x"},"tag":"Lam"}]],"tag":"App"},"name":"_"},{"contents":[{"item":{"contents":[{"Left":"Prelude.Solvers.Eq.ViewEq"},[{"contents":[{"Right":1},[]],"tag":"App"},{"contents":[{"Right":0},[]],"tag":"App"}]],"tag":"App"},"name":"_"},{"contents":[{"Left":"Agda.Builtin.Reflection.TC"},[{"contents":"lzero","tag":"Level"},{"contents":[{"Left":"Agda.Builtin.Unit.⊤"},[]],"tag":"App"}]],"tag":"App"}],"tag":"Pi"}],"tag":"Pi"},"original":{"contents":[{"item":{"contents":[{"Left":"Prelude.Generics.Core.THole"},[]],"tag":"App"},"name":"_"},{"contents":[{"item":{"contents":[{"Left":"Prelude.Solvers.Eq..extendedlambda1"},[{"contents":[{"Right":1},[]],"tag":"App"},{"contents":[{"Right":0},[]],"tag":"App"},{"contents":[{"Left":"Prelude.Solvers.Base.Solver.View"},[]],"tag":"App"}]],"tag":"App"},"name":"_"},{"contents":[{"Left":"Agda.Builtin.Reflection.TC"},[{"contents":"lzero","tag":"Level"},{"contents":[{"Left":"Agda.Builtin.Unit.⊤"},[]],"tag":"App"}]],"tag":"App"}],"tag":"Pi"}],"tag":"Pi"},"reduced":null,"simplified":{"contents":[{"item":{"contents":[{"Left":"Prelude.Generics.Core.THole"},[]],"tag":"App"},"name":"_"},{"contents":[{"item":{"contents":[{"Left":"Prelude.Solvers.Eq.ViewEq"},[{"contents":[{"Right":1},[]],"tag":"App"},{"contents":[{"Right":0},[]],"tag":"App"}]],"tag":"App"},"name":"_"},{"contents":[{"Left":"Agda.Builtin.Reflection.TC"},[{"contents":"lzero","tag":"Level"},{"contents":[{"Left":"Agda.Builtin.Unit.⊤"},[]],"tag":"App"}]],"tag":"App"}],"tag":"Pi"}],"tag":"Pi"}}},"term":{"pretty":"solveEq newGoal _:=_∋_","thing":{"normalised":null,"original":{"contents":[{"Left":"Prelude.Solvers.Eq.solveEq"},[{"contents":[{"Right":1},[]],"tag":"App"},{"contents":[{"Right":0},[]],"tag":"App"}]],"tag":"App"},"reduced":null,"simplified":null}},"namesUsed":["Prelude.Solvers.Eq.solveEq"]}]}