{"scope":{"item":[{"item":{"pretty":"{A : Type} → Type₁","thing":{"normalised":null,"original":{"contents":[{"item":{"contents":"Set","tag":"Sort"},"name":"A"},{"contents":"Set1","tag":"Sort"}],"tag":"Pi"},"reduced":null,"simplified":null}},"name":"Prelude.Sets.AsPredicates.Set'"},{"item":{"pretty":"{A : Type} → Set'","thing":{"normalised":{"contents":[{"item":{"contents":"Set","tag":"Sort"},"name":"A"},{"contents":[{"item":{"contents":[{"Right":0},[]],"tag":"App"},"name":"_"},{"contents":"Set","tag":"Sort"}],"tag":"Pi"}],"tag":"Pi"},"original":{"contents":[{"item":{"contents":"Set","tag":"Sort"},"name":"A"},{"contents":[{"Left":"Prelude.Sets.AsPredicates.Set'"},[{"contents":[{"Right":0},[]],"tag":"App"}]],"tag":"App"}],"tag":"Pi"},"reduced":null,"simplified":null}},"name":"Prelude.Sets.AsPredicates.∅"},{"item":{"pretty":"{A : Type} → A → Set'","thing":{"normalised":{"contents":[{"item":{"contents":"Set","tag":"Sort"},"name":"A"},{"contents":[{"item":{"contents":[{"Right":0},[]],"tag":"App"},"name":"_"},{"contents":[{"item":{"contents":[{"Right":0},[]],"tag":"App"},"name":"_"},{"contents":"Set","tag":"Sort"}],"tag":"Pi"}],"tag":"Pi"}],"tag":"Pi"},"original":{"contents":[{"item":{"contents":"Set","tag":"Sort"},"name":"A"},{"contents":[{"item":{"contents":[{"Right":0},[]],"tag":"App"},"name":"_"},{"contents":[{"Left":"Prelude.Sets.AsPredicates.Set'"},[{"contents":[{"Right":0},[]],"tag":"App"}]],"tag":"App"}],"tag":"Pi"}],"tag":"Pi"},"reduced":null,"simplified":null}},"name":"Prelude.Sets.AsPredicates.singleton"},{"item":{"pretty":"{A : Type} → A → Set' → Type","thing":{"normalised":{"contents":[{"item":{"contents":"Set","tag":"Sort"},"name":"A"},{"contents":[{"item":{"contents":[{"Right":0},[]],"tag":"App"},"name":"_"},{"contents":[{"item":{"contents":[{"item":{"contents":[{"Right":0},[]],"tag":"App"},"name":"_"},{"contents":"Set","tag":"Sort"}],"tag":"Pi"},"name":"_"},{"contents":"Set","tag":"Sort"}],"tag":"Pi"}],"tag":"Pi"}],"tag":"Pi"},"original":{"contents":[{"item":{"contents":"Set","tag":"Sort"},"name":"A"},{"contents":[{"item":{"contents":[{"Right":0},[]],"tag":"App"},"name":"_"},{"contents":[{"item":{"contents":[{"Left":"Prelude.Sets.AsPredicates.Set'"},[{"contents":[{"Right":0},[]],"tag":"App"}]],"tag":"App"},"name":"_"},{"contents":"Set","tag":"Sort"}],"tag":"Pi"}],"tag":"Pi"}],"tag":"Pi"},"reduced":null,"simplified":null}},"name":"Prelude.Sets.AsPredicates._∈ˢ_"},{"item":{"pretty":"{A : Type} {x x′ : A} → x′ ∈ˢ singleton x ↔ x′ ≡ x","thing":{"normalised":{"contents":[{"item":{"contents":"Set","tag":"Sort"},"name":"A"},{"contents":[{"item":{"contents":[{"Right":0},[]],"tag":"App"},"name":"x"},{"contents":[{"item":{"contents":[{"Right":1},[]],"tag":"App"},"name":"x′"},{"contents":[{"Left":"Agda.Builtin.Sigma.Σ"},[{"contents":"lzero","tag":"Level"},{"contents":"lzero","tag":"Level"},{"contents":[{"item":{"contents":[{"Left":"Agda.Builtin.Equality._≡_"},[{"contents":"lzero","tag":"Level"},{"contents":[{"Right":2},[]],"tag":"App"},{"contents":[{"Right":1},[]],"tag":"App"},{"contents":[{"Right":0},[]],"tag":"App"}]],"tag":"App"},"name":"_"},{"contents":[{"Left":"Agda.Builtin.Equality._≡_"},[{"contents":"lzero","tag":"Level"},{"contents":[{"Right":2},[]],"tag":"App"},{"contents":[{"Right":0},[]],"tag":"App"},{"contents":[{"Right":1},[]],"tag":"App"}]],"tag":"App"}],"tag":"Pi"},{"contents":{"item":{"contents":[{"item":{"contents":[{"Left":"Agda.Builtin.Equality._≡_"},[{"contents":"lzero","tag":"Level"},{"contents":[{"Right":3},[]],"tag":"App"},{"contents":[{"Right":1},[]],"tag":"App"},{"contents":[{"Right":2},[]],"tag":"App"}]],"tag":"App"},"name":"_"},{"contents":[{"Left":"Agda.Builtin.Equality._≡_"},[{"contents":"lzero","tag":"Level"},{"contents":[{"Right":3},[]],"tag":"App"},{"contents":[{"Right":2},[]],"tag":"App"},{"contents":[{"Right":1},[]],"tag":"App"}]],"tag":"App"}],"tag":"Pi"},"name":"x"},"tag":"Lam"}]],"tag":"App"}],"tag":"Pi"}],"tag":"Pi"}],"tag":"Pi"},"original":{"contents":[{"item":{"contents":"Set","tag":"Sort"},"name":"A"},{"contents":[{"item":{"contents":[{"Right":0},[]],"tag":"App"},"name":"x"},{"contents":[{"item":{"contents":[{"Right":1},[]],"tag":"App"},"name":"x′"},{"contents":[{"Left":"Prelude.General._↔_"},[{"contents":"lzero","tag":"Level"},{"contents":"lzero","tag":"Level"},{"contents":[{"Left":"Prelude.Sets.AsPredicates._∈ˢ_"},[{"contents":[{"Right":2},[]],"tag":"App"},{"contents":[{"Right":0},[]],"tag":"App"},{"contents":[{"Left":"Prelude.Sets.AsPredicates.singleton"},[{"contents":[{"Right":2},[]],"tag":"App"},{"contents":[{"Right":1},[]],"tag":"App"}]],"tag":"App"}]],"tag":"App"},{"contents":[{"Left":"Agda.Builtin.Equality._≡_"},[{"contents":"lzero","tag":"Level"},{"contents":[{"Right":2},[]],"tag":"App"},{"contents":[{"Right":0},[]],"tag":"App"},{"contents":[{"Right":1},[]],"tag":"App"}]],"tag":"App"}]],"tag":"App"}],"tag":"Pi"}],"tag":"Pi"}],"tag":"Pi"},"reduced":null,"simplified":null}},"name":"Prelude.Sets.AsPredicates.singleton∈ˢ"},{"item":{"pretty":"{A : Type} → Op₁ Set'","thing":{"normalised":{"contents":[{"item":{"contents":"Set","tag":"Sort"},"name":"A"},{"contents":[{"item":{"contents":[{"item":{"contents":[{"Right":0},[]],"tag":"App"},"name":"_"},{"contents":"Set","tag":"Sort"}],"tag":"Pi"},"name":"_"},{"contents":[{"item":{"contents":[{"Right":0},[]],"tag":"App"},"name":"_"},{"contents":"Set","tag":"Sort"}],"tag":"Pi"}],"tag":"Pi"}],"tag":"Pi"},"original":{"contents":[{"item":{"contents":"Set","tag":"Sort"},"name":"A"},{"contents":[{"Left":"Algebra.Core.Op₁"},[{"contents":"lsuc lzero","tag":"Level"},{"contents":[{"Left":"Prelude.Sets.AsPredicates.Set'"},[{"contents":[{"Right":0},[]],"tag":"App"}]],"tag":"App"}]],"tag":"App"}],"tag":"Pi"},"reduced":null,"simplified":null}},"name":"Prelude.Sets.AsPredicates.∁"},{"item":{"pretty":"{A : Type} → Op₂ Set'","thing":{"normalised":{"contents":[{"item":{"contents":"Set","tag":"Sort"},"name":"A"},{"contents":[{"item":{"contents":[{"item":{"contents":[{"Right":0},[]],"tag":"App"},"name":"_"},{"contents":"Set","tag":"Sort"}],"tag":"Pi"},"name":"_"},{"contents":[{"item":{"contents":[{"item":{"contents":[{"Right":0},[]],"tag":"App"},"name":"_"},{"contents":"Set","tag":"Sort"}],"tag":"Pi"},"name":"_"},{"contents":[{"item":{"contents":[{"Right":0},[]],"tag":"App"},"name":"_"},{"contents":"Set","tag":"Sort"}],"tag":"Pi"}],"tag":"Pi"}],"tag":"Pi"}],"tag":"Pi"},"original":{"contents":[{"item":{"contents":"Set","tag":"Sort"},"name":"A"},{"contents":[{"Left":"Algebra.Core.Op₂"},[{"contents":"lsuc lzero","tag":"Level"},{"contents":[{"Left":"Prelude.Sets.AsPredicates.Set'"},[{"contents":[{"Right":0},[]],"tag":"App"}]],"tag":"App"}]],"tag":"App"}],"tag":"Pi"},"reduced":null,"simplified":null}},"name":"Prelude.Sets.AsPredicates._─_"},{"item":{"pretty":"{A : Type} → Op₂ Set'","thing":{"normalised":{"contents":[{"item":{"contents":"Set","tag":"Sort"},"name":"A"},{"contents":[{"item":{"contents":[{"item":{"contents":[{"Right":0},[]],"tag":"App"},"name":"_"},{"contents":"Set","tag":"Sort"}],"tag":"Pi"},"name":"_"},{"contents":[{"item":{"contents":[{"item":{"contents":[{"Right":0},[]],"tag":"App"},"name":"_"},{"contents":"Set","tag":"Sort"}],"tag":"Pi"},"name":"_"},{"contents":[{"item":{"contents":[{"Right":0},[]],"tag":"App"},"name":"_"},{"contents":"Set","tag":"Sort"}],"tag":"Pi"}],"tag":"Pi"}],"tag":"Pi"}],"tag":"Pi"},"original":{"contents":[{"item":{"contents":"Set","tag":"Sort"},"name":"A"},{"contents":[{"Left":"Algebra.Core.Op₂"},[{"contents":"lsuc lzero","tag":"Level"},{"contents":[{"Left":"Prelude.Sets.AsPredicates.Set'"},[{"contents":[{"Right":0},[]],"tag":"App"}]],"tag":"App"}]],"tag":"App"}],"tag":"Pi"},"reduced":null,"simplified":null}},"name":"Prelude.Sets.AsPredicates._∪_"},{"item":{"pretty":"{A : Type} → Op₂ Set'","thing":{"normalised":{"contents":[{"item":{"contents":"Set","tag":"Sort"},"name":"A"},{"contents":[{"item":{"contents":[{"item":{"contents":[{"Right":0},[]],"tag":"App"},"name":"_"},{"contents":"Set","tag":"Sort"}],"tag":"Pi"},"name":"_"},{"contents":[{"item":{"contents":[{"item":{"contents":[{"Right":0},[]],"tag":"App"},"name":"_"},{"contents":"Set","tag":"Sort"}],"tag":"Pi"},"name":"_"},{"contents":[{"item":{"contents":[{"Right":0},[]],"tag":"App"},"name":"_"},{"contents":"Set","tag":"Sort"}],"tag":"Pi"}],"tag":"Pi"}],"tag":"Pi"}],"tag":"Pi"},"original":{"contents":[{"item":{"contents":"Set","tag":"Sort"},"name":"A"},{"contents":[{"Left":"Algebra.Core.Op₂"},[{"contents":"lsuc lzero","tag":"Level"},{"contents":[{"Left":"Prelude.Sets.AsPredicates.Set'"},[{"contents":[{"Right":0},[]],"tag":"App"}]],"tag":"App"}]],"tag":"App"}],"tag":"Pi"},"reduced":null,"simplified":null}},"name":"Prelude.Sets.AsPredicates._∩_"},{"item":{"pretty":"{A : Type} → Rel₀ Set'","thing":{"normalised":{"contents":[{"item":{"contents":"Set","tag":"Sort"},"name":"A"},{"contents":[{"item":{"contents":[{"item":{"contents":[{"Right":0},[]],"tag":"App"},"name":"_"},{"contents":"Set","tag":"Sort"}],"tag":"Pi"},"name":"_"},{"contents":[{"item":{"contents":[{"item":{"contents":[{"Right":0},[]],"tag":"App"},"name":"_"},{"contents":"Set","tag":"Sort"}],"tag":"Pi"},"name":"_"},{"contents":"Set","tag":"Sort"}],"tag":"Pi"}],"tag":"Pi"}],"tag":"Pi"},"original":{"contents":[{"item":{"contents":"Set","tag":"Sort"},"name":"A"},{"contents":[{"Left":"Prelude.Init.Rel₀"},[{"contents":"lsuc lzero","tag":"Level"},{"contents":[{"Left":"Prelude.Sets.AsPredicates.Set'"},[{"contents":[{"Right":0},[]],"tag":"App"}]],"tag":"App"}]],"tag":"App"}],"tag":"Pi"},"reduced":null,"simplified":null}},"name":"Prelude.Sets.AsPredicates._♯_"},{"item":{"pretty":"{A : Type} (x : A) (xs ys : Set') →\nx ∈ˢ xs ∪ ys → x ∈ˢ xs ⊎ x ∈ˢ ys","thing":{"normalised":{"contents":[{"item":{"contents":"Set","tag":"Sort"},"name":"A"},{"contents":[{"item":{"contents":[{"Right":0},[]],"tag":"App"},"name":"x"},{"contents":[{"item":{"contents":[{"item":{"contents":[{"Right":1},[]],"tag":"App"},"name":"_"},{"contents":"Set","tag":"Sort"}],"tag":"Pi"},"name":"xs"},{"contents":[{"item":{"contents":[{"item":{"contents":[{"Right":2},[]],"tag":"App"},"name":"_"},{"contents":"Set","tag":"Sort"}],"tag":"Pi"},"name":"ys"},{"contents":[{"item":{"contents":[{"Left":"Data.Sum.Base._⊎_"},[{"contents":"lzero","tag":"Level"},{"contents":"lzero","tag":"Level"},{"contents":[{"Right":1},[{"contents":[{"Right":2},[]],"tag":"App"}]],"tag":"App"},{"contents":[{"Right":0},[{"contents":[{"Right":2},[]],"tag":"App"}]],"tag":"App"}]],"tag":"App"},"name":"_"},{"contents":[{"Left":"Data.Sum.Base._⊎_"},[{"contents":"lzero","tag":"Level"},{"contents":"lzero","tag":"Level"},{"contents":[{"Right":1},[{"contents":[{"Right":2},[]],"tag":"App"}]],"tag":"App"},{"contents":[{"Right":0},[{"contents":[{"Right":2},[]],"tag":"App"}]],"tag":"App"}]],"tag":"App"}],"tag":"Pi"}],"tag":"Pi"}],"tag":"Pi"}],"tag":"Pi"}],"tag":"Pi"},"original":{"contents":[{"item":{"contents":"Set","tag":"Sort"},"name":"A"},{"contents":[{"item":{"contents":[{"Right":0},[]],"tag":"App"},"name":"x"},{"contents":[{"item":{"contents":[{"Left":"Prelude.Sets.AsPredicates.Set'"},[{"contents":[{"Right":1},[]],"tag":"App"}]],"tag":"App"},"name":"xs"},{"contents":[{"item":{"contents":[{"Left":"Prelude.Sets.AsPredicates.Set'"},[{"contents":[{"Right":2},[]],"tag":"App"}]],"tag":"App"},"name":"ys"},{"contents":[{"item":{"contents":[{"Left":"Prelude.Sets.AsPredicates._∈ˢ_"},[{"contents":[{"Right":3},[]],"tag":"App"},{"contents":[{"Right":2},[]],"tag":"App"},{"contents":[{"Left":"Prelude.Sets.AsPredicates._∪_"},[{"contents":[{"Right":3},[]],"tag":"App"},{"contents":[{"Right":1},[]],"tag":"App"},{"contents":[{"Right":0},[]],"tag":"App"}]],"tag":"App"}]],"tag":"App"},"name":"_"},{"contents":[{"Left":"Data.Sum.Base._⊎_"},[{"contents":"lzero","tag":"Level"},{"contents":"lzero","tag":"Level"},{"contents":[{"Left":"Prelude.Sets.AsPredicates._∈ˢ_"},[{"contents":[{"Right":3},[]],"tag":"App"},{"contents":[{"Right":2},[]],"tag":"App"},{"contents":[{"Right":1},[]],"tag":"App"}]],"tag":"App"},{"contents":[{"Left":"Prelude.Sets.AsPredicates._∈ˢ_"},[{"contents":[{"Right":3},[]],"tag":"App"},{"contents":[{"Right":2},[]],"tag":"App"},{"contents":[{"Right":0},[]],"tag":"App"}]],"tag":"App"}]],"tag":"App"}],"tag":"Pi"}],"tag":"Pi"}],"tag":"Pi"}],"tag":"Pi"}],"tag":"Pi"},"reduced":null,"simplified":null}},"name":"Prelude.Sets.AsPredicates.∈-∪⁻"},{"item":{"pretty":"{A : Type} (x : A) (xs ys : Set') → x ∈ˢ xs → x ∈ˢ xs ∪ ys","thing":{"normalised":{"contents":[{"item":{"contents":"Set","tag":"Sort"},"name":"A"},{"contents":[{"item":{"contents":[{"Right":0},[]],"tag":"App"},"name":"x"},{"contents":[{"item":{"contents":[{"item":{"contents":[{"Right":1},[]],"tag":"App"},"name":"_"},{"contents":"Set","tag":"Sort"}],"tag":"Pi"},"name":"xs"},{"contents":[{"item":{"contents":[{"item":{"contents":[{"Right":2},[]],"tag":"App"},"name":"_"},{"contents":"Set","tag":"Sort"}],"tag":"Pi"},"name":"ys"},{"contents":[{"item":{"contents":[{"Right":1},[{"contents":[{"Right":2},[]],"tag":"App"}]],"tag":"App"},"name":"_"},{"contents":[{"Left":"Data.Sum.Base._⊎_"},[{"contents":"lzero","tag":"Level"},{"contents":"lzero","tag":"Level"},{"contents":[{"Right":1},[{"contents":[{"Right":2},[]],"tag":"App"}]],"tag":"App"},{"contents":[{"Right":0},[{"contents":[{"Right":2},[]],"tag":"App"}]],"tag":"App"}]],"tag":"App"}],"tag":"Pi"}],"tag":"Pi"}],"tag":"Pi"}],"tag":"Pi"}],"tag":"Pi"},"original":{"contents":[{"item":{"contents":"Set","tag":"Sort"},"name":"A"},{"contents":[{"item":{"contents":[{"Right":0},[]],"tag":"App"},"name":"x"},{"contents":[{"item":{"contents":[{"Left":"Prelude.Sets.AsPredicates.Set'"},[{"contents":[{"Right":1},[]],"tag":"App"}]],"tag":"App"},"name":"xs"},{"contents":[{"item":{"contents":[{"Left":"Prelude.Sets.AsPredicates.Set'"},[{"contents":[{"Right":2},[]],"tag":"App"}]],"tag":"App"},"name":"ys"},{"contents":[{"item":{"contents":[{"Left":"Prelude.Sets.AsPredicates._∈ˢ_"},[{"contents":[{"Right":3},[]],"tag":"App"},{"contents":[{"Right":2},[]],"tag":"App"},{"contents":[{"Right":1},[]],"tag":"App"}]],"tag":"App"},"name":"_"},{"contents":[{"Left":"Prelude.Sets.AsPredicates._∈ˢ_"},[{"contents":[{"Right":3},[]],"tag":"App"},{"contents":[{"Right":2},[]],"tag":"App"},{"contents":[{"Left":"Prelude.Sets.AsPredicates._∪_"},[{"contents":[{"Right":3},[]],"tag":"App"},{"contents":[{"Right":1},[]],"tag":"App"},{"contents":[{"Right":0},[]],"tag":"App"}]],"tag":"App"}]],"tag":"App"}],"tag":"Pi"}],"tag":"Pi"}],"tag":"Pi"}],"tag":"Pi"}],"tag":"Pi"},"reduced":null,"simplified":null}},"name":"Prelude.Sets.AsPredicates.∈-∪⁺ˡ"},{"item":{"pretty":"{A : Type} (x : A) (xs ys : Set') → x ∈ˢ ys → x ∈ˢ xs ∪ ys","thing":{"normalised":{"contents":[{"item":{"contents":"Set","tag":"Sort"},"name":"A"},{"contents":[{"item":{"contents":[{"Right":0},[]],"tag":"App"},"name":"x"},{"contents":[{"item":{"contents":[{"item":{"contents":[{"Right":1},[]],"tag":"App"},"name":"_"},{"contents":"Set","tag":"Sort"}],"tag":"Pi"},"name":"xs"},{"contents":[{"item":{"contents":[{"item":{"contents":[{"Right":2},[]],"tag":"App"},"name":"_"},{"contents":"Set","tag":"Sort"}],"tag":"Pi"},"name":"ys"},{"contents":[{"item":{"contents":[{"Right":0},[{"contents":[{"Right":2},[]],"tag":"App"}]],"tag":"App"},"name":"_"},{"contents":[{"Left":"Data.Sum.Base._⊎_"},[{"contents":"lzero","tag":"Level"},{"contents":"lzero","tag":"Level"},{"contents":[{"Right":1},[{"contents":[{"Right":2},[]],"tag":"App"}]],"tag":"App"},{"contents":[{"Right":0},[{"contents":[{"Right":2},[]],"tag":"App"}]],"tag":"App"}]],"tag":"App"}],"tag":"Pi"}],"tag":"Pi"}],"tag":"Pi"}],"tag":"Pi"}],"tag":"Pi"},"original":{"contents":[{"item":{"contents":"Set","tag":"Sort"},"name":"A"},{"contents":[{"item":{"contents":[{"Right":0},[]],"tag":"App"},"name":"x"},{"contents":[{"item":{"contents":[{"Left":"Prelude.Sets.AsPredicates.Set'"},[{"contents":[{"Right":1},[]],"tag":"App"}]],"tag":"App"},"name":"xs"},{"contents":[{"item":{"contents":[{"Left":"Prelude.Sets.AsPredicates.Set'"},[{"contents":[{"Right":2},[]],"tag":"App"}]],"tag":"App"},"name":"ys"},{"contents":[{"item":{"contents":[{"Left":"Prelude.Sets.AsPredicates._∈ˢ_"},[{"contents":[{"Right":3},[]],"tag":"App"},{"contents":[{"Right":2},[]],"tag":"App"},{"contents":[{"Right":0},[]],"tag":"App"}]],"tag":"App"},"name":"_"},{"contents":[{"Left":"Prelude.Sets.AsPredicates._∈ˢ_"},[{"contents":[{"Right":3},[]],"tag":"App"},{"contents":[{"Right":2},[]],"tag":"App"},{"contents":[{"Left":"Prelude.Sets.AsPredicates._∪_"},[{"contents":[{"Right":3},[]],"tag":"App"},{"contents":[{"Right":1},[]],"tag":"App"},{"contents":[{"Right":0},[]],"tag":"App"}]],"tag":"App"}]],"tag":"App"}],"tag":"Pi"}],"tag":"Pi"}],"tag":"Pi"}],"tag":"Pi"}],"tag":"Pi"},"reduced":null,"simplified":null}},"name":"Prelude.Sets.AsPredicates.∈-∪⁺ʳ"},{"item":{"pretty":"{A : Type} (x : A) (xs ys : Set') →\nx ∈ˢ xs → x ∈ˢ ys → x ∈ˢ xs ∩ ys","thing":{"normalised":{"contents":[{"item":{"contents":"Set","tag":"Sort"},"name":"A"},{"contents":[{"item":{"contents":[{"Right":0},[]],"tag":"App"},"name":"x"},{"contents":[{"item":{"contents":[{"item":{"contents":[{"Right":1},[]],"tag":"App"},"name":"_"},{"contents":"Set","tag":"Sort"}],"tag":"Pi"},"name":"xs"},{"contents":[{"item":{"contents":[{"item":{"contents":[{"Right":2},[]],"tag":"App"},"name":"_"},{"contents":"Set","tag":"Sort"}],"tag":"Pi"},"name":"ys"},{"contents":[{"item":{"contents":[{"Right":1},[{"contents":[{"Right":2},[]],"tag":"App"}]],"tag":"App"},"name":"_"},{"contents":[{"item":{"contents":[{"Right":0},[{"contents":[{"Right":2},[]],"tag":"App"}]],"tag":"App"},"name":"_"},{"contents":[{"Left":"Agda.Builtin.Sigma.Σ"},[{"contents":"lzero","tag":"Level"},{"contents":"lzero","tag":"Level"},{"contents":[{"Right":1},[{"contents":[{"Right":2},[]],"tag":"App"}]],"tag":"App"},{"contents":{"item":{"contents":[{"Right":1},[{"contents":[{"Right":3},[]],"tag":"App"}]],"tag":"App"},"name":"x"},"tag":"Lam"}]],"tag":"App"}],"tag":"Pi"}],"tag":"Pi"}],"tag":"Pi"}],"tag":"Pi"}],"tag":"Pi"}],"tag":"Pi"},"original":{"contents":[{"item":{"contents":"Set","tag":"Sort"},"name":"A"},{"contents":[{"item":{"contents":[{"Right":0},[]],"tag":"App"},"name":"x"},{"contents":[{"item":{"contents":[{"Left":"Prelude.Sets.AsPredicates.Set'"},[{"contents":[{"Right":1},[]],"tag":"App"}]],"tag":"App"},"name":"xs"},{"contents":[{"item":{"contents":[{"Left":"Prelude.Sets.AsPredicates.Set'"},[{"contents":[{"Right":2},[]],"tag":"App"}]],"tag":"App"},"name":"ys"},{"contents":[{"item":{"contents":[{"Left":"Prelude.Sets.AsPredicates._∈ˢ_"},[{"contents":[{"Right":3},[]],"tag":"App"},{"contents":[{"Right":2},[]],"tag":"App"},{"contents":[{"Right":1},[]],"tag":"App"}]],"tag":"App"},"name":"_"},{"contents":[{"item":{"contents":[{"Left":"Prelude.Sets.AsPredicates._∈ˢ_"},[{"contents":[{"Right":3},[]],"tag":"App"},{"contents":[{"Right":2},[]],"tag":"App"},{"contents":[{"Right":0},[]],"tag":"App"}]],"tag":"App"},"name":"_"},{"contents":[{"Left":"Prelude.Sets.AsPredicates._∈ˢ_"},[{"contents":[{"Right":3},[]],"tag":"App"},{"contents":[{"Right":2},[]],"tag":"App"},{"contents":[{"Left":"Prelude.Sets.AsPredicates._∩_"},[{"contents":[{"Right":3},[]],"tag":"App"},{"contents":[{"Right":1},[]],"tag":"App"},{"contents":[{"Right":0},[]],"tag":"App"}]],"tag":"App"}]],"tag":"App"}],"tag":"Pi"}],"tag":"Pi"}],"tag":"Pi"}],"tag":"Pi"}],"tag":"Pi"}],"tag":"Pi"},"reduced":null,"simplified":null}},"name":"Prelude.Sets.AsPredicates.∈-∩⁺"},{"item":{"pretty":"{A : Type} (x : A) (xs ys : Set') →\nx ∈ˢ xs ∩ ys → x ∈ˢ xs × x ∈ˢ ys","thing":{"normalised":{"contents":[{"item":{"contents":"Set","tag":"Sort"},"name":"A"},{"contents":[{"item":{"contents":[{"Right":0},[]],"tag":"App"},"name":"x"},{"contents":[{"item":{"contents":[{"item":{"contents":[{"Right":1},[]],"tag":"App"},"name":"_"},{"contents":"Set","tag":"Sort"}],"tag":"Pi"},"name":"xs"},{"contents":[{"item":{"contents":[{"item":{"contents":[{"Right":2},[]],"tag":"App"},"name":"_"},{"contents":"Set","tag":"Sort"}],"tag":"Pi"},"name":"ys"},{"contents":[{"item":{"contents":[{"Left":"Agda.Builtin.Sigma.Σ"},[{"contents":"lzero","tag":"Level"},{"contents":"lzero","tag":"Level"},{"contents":[{"Right":1},[{"contents":[{"Right":2},[]],"tag":"App"}]],"tag":"App"},{"contents":{"item":{"contents":[{"Right":1},[{"contents":[{"Right":3},[]],"tag":"App"}]],"tag":"App"},"name":"x"},"tag":"Lam"}]],"tag":"App"},"name":"_"},{"contents":[{"Left":"Agda.Builtin.Sigma.Σ"},[{"contents":"lzero","tag":"Level"},{"contents":"lzero","tag":"Level"},{"contents":[{"Right":1},[{"contents":[{"Right":2},[]],"tag":"App"}]],"tag":"App"},{"contents":{"item":{"contents":[{"Right":1},[{"contents":[{"Right":3},[]],"tag":"App"}]],"tag":"App"},"name":"x"},"tag":"Lam"}]],"tag":"App"}],"tag":"Pi"}],"tag":"Pi"}],"tag":"Pi"}],"tag":"Pi"}],"tag":"Pi"},"original":{"contents":[{"item":{"contents":"Set","tag":"Sort"},"name":"A"},{"contents":[{"item":{"contents":[{"Right":0},[]],"tag":"App"},"name":"x"},{"contents":[{"item":{"contents":[{"Left":"Prelude.Sets.AsPredicates.Set'"},[{"contents":[{"Right":1},[]],"tag":"App"}]],"tag":"App"},"name":"xs"},{"contents":[{"item":{"contents":[{"Left":"Prelude.Sets.AsPredicates.Set'"},[{"contents":[{"Right":2},[]],"tag":"App"}]],"tag":"App"},"name":"ys"},{"contents":[{"item":{"contents":[{"Left":"Prelude.Sets.AsPredicates._∈ˢ_"},[{"contents":[{"Right":3},[]],"tag":"App"},{"contents":[{"Right":2},[]],"tag":"App"},{"contents":[{"Left":"Prelude.Sets.AsPredicates._∩_"},[{"contents":[{"Right":3},[]],"tag":"App"},{"contents":[{"Right":1},[]],"tag":"App"},{"contents":[{"Right":0},[]],"tag":"App"}]],"tag":"App"}]],"tag":"App"},"name":"_"},{"contents":[{"Left":"Data.Product._×_"},[{"contents":"lzero","tag":"Level"},{"contents":"lzero","tag":"Level"},{"contents":[{"Left":"Prelude.Sets.AsPredicates._∈ˢ_"},[{"contents":[{"Right":3},[]],"tag":"App"},{"contents":[{"Right":2},[]],"tag":"App"},{"contents":[{"Right":1},[]],"tag":"App"}]],"tag":"App"},{"contents":[{"Left":"Prelude.Sets.AsPredicates._∈ˢ_"},[{"contents":[{"Right":3},[]],"tag":"App"},{"contents":[{"Right":2},[]],"tag":"App"},{"contents":[{"Right":0},[]],"tag":"App"}]],"tag":"App"}]],"tag":"App"}],"tag":"Pi"}],"tag":"Pi"}],"tag":"Pi"}],"tag":"Pi"}],"tag":"Pi"},"reduced":null,"simplified":null}},"name":"Prelude.Sets.AsPredicates.∈-∩⁻"},{"item":{"pretty":"{A : Type} (x : A) (xs ys : Set') → x ∈ˢ xs ─ ys → x ∈ˢ xs","thing":{"normalised":{"contents":[{"item":{"contents":"Set","tag":"Sort"},"name":"A"},{"contents":[{"item":{"contents":[{"Right":0},[]],"tag":"App"},"name":"x"},{"contents":[{"item":{"contents":[{"item":{"contents":[{"Right":1},[]],"tag":"App"},"name":"_"},{"contents":"Set","tag":"Sort"}],"tag":"Pi"},"name":"xs"},{"contents":[{"item":{"contents":[{"item":{"contents":[{"Right":2},[]],"tag":"App"},"name":"_"},{"contents":"Set","tag":"Sort"}],"tag":"Pi"},"name":"ys"},{"contents":[{"item":{"contents":[{"Left":"Agda.Builtin.Sigma.Σ"},[{"contents":"lzero","tag":"Level"},{"contents":"lzero","tag":"Level"},{"contents":[{"Right":1},[{"contents":[{"Right":2},[]],"tag":"App"}]],"tag":"App"},{"contents":{"item":{"contents":[{"item":{"contents":[{"Right":1},[{"contents":[{"Right":3},[]],"tag":"App"}]],"tag":"App"},"name":"_"},{"contents":[{"Left":"Data.Empty.⊥"},[]],"tag":"App"}],"tag":"Pi"},"name":"x"},"tag":"Lam"}]],"tag":"App"},"name":"_"},{"contents":[{"Right":1},[{"contents":[{"Right":2},[]],"tag":"App"}]],"tag":"App"}],"tag":"Pi"}],"tag":"Pi"}],"tag":"Pi"}],"tag":"Pi"}],"tag":"Pi"},"original":{"contents":[{"item":{"contents":"Set","tag":"Sort"},"name":"A"},{"contents":[{"item":{"contents":[{"Right":0},[]],"tag":"App"},"name":"x"},{"contents":[{"item":{"contents":[{"Left":"Prelude.Sets.AsPredicates.Set'"},[{"contents":[{"Right":1},[]],"tag":"App"}]],"tag":"App"},"name":"xs"},{"contents":[{"item":{"contents":[{"Left":"Prelude.Sets.AsPredicates.Set'"},[{"contents":[{"Right":2},[]],"tag":"App"}]],"tag":"App"},"name":"ys"},{"contents":[{"item":{"contents":[{"Left":"Prelude.Sets.AsPredicates._∈ˢ_"},[{"contents":[{"Right":3},[]],"tag":"App"},{"contents":[{"Right":2},[]],"tag":"App"},{"contents":[{"Left":"Prelude.Sets.AsPredicates._─_"},[{"contents":[{"Right":3},[]],"tag":"App"},{"contents":[{"Right":1},[]],"tag":"App"},{"contents":[{"Right":0},[]],"tag":"App"}]],"tag":"App"}]],"tag":"App"},"name":"_"},{"contents":[{"Left":"Prelude.Sets.AsPredicates._∈ˢ_"},[{"contents":[{"Right":3},[]],"tag":"App"},{"contents":[{"Right":2},[]],"tag":"App"},{"contents":[{"Right":1},[]],"tag":"App"}]],"tag":"App"}],"tag":"Pi"}],"tag":"Pi"}],"tag":"Pi"}],"tag":"Pi"}],"tag":"Pi"},"reduced":null,"simplified":null}},"name":"Prelude.Sets.AsPredicates.∈-─⁻"},{"item":{"pretty":"{A : Type} (x : A) (xs ys : Set') →\nx ∈ˢ xs → ¬ x ∈ˢ ys → x ∈ˢ xs ─ ys","thing":{"normalised":{"contents":[{"item":{"contents":"Set","tag":"Sort"},"name":"A"},{"contents":[{"item":{"contents":[{"Right":0},[]],"tag":"App"},"name":"x"},{"contents":[{"item":{"contents":[{"item":{"contents":[{"Right":1},[]],"tag":"App"},"name":"_"},{"contents":"Set","tag":"Sort"}],"tag":"Pi"},"name":"xs"},{"contents":[{"item":{"contents":[{"item":{"contents":[{"Right":2},[]],"tag":"App"},"name":"_"},{"contents":"Set","tag":"Sort"}],"tag":"Pi"},"name":"ys"},{"contents":[{"item":{"contents":[{"Right":1},[{"contents":[{"Right":2},[]],"tag":"App"}]],"tag":"App"},"name":"_"},{"contents":[{"item":{"contents":[{"item":{"contents":[{"Right":0},[{"contents":[{"Right":2},[]],"tag":"App"}]],"tag":"App"},"name":"_"},{"contents":[{"Left":"Data.Empty.⊥"},[]],"tag":"App"}],"tag":"Pi"},"name":"_"},{"contents":[{"Left":"Agda.Builtin.Sigma.Σ"},[{"contents":"lzero","tag":"Level"},{"contents":"lzero","tag":"Level"},{"contents":[{"Right":1},[{"contents":[{"Right":2},[]],"tag":"App"}]],"tag":"App"},{"contents":{"item":{"contents":[{"item":{"contents":[{"Right":1},[{"contents":[{"Right":3},[]],"tag":"App"}]],"tag":"App"},"name":"_"},{"contents":[{"Left":"Data.Empty.⊥"},[]],"tag":"App"}],"tag":"Pi"},"name":"x"},"tag":"Lam"}]],"tag":"App"}],"tag":"Pi"}],"tag":"Pi"}],"tag":"Pi"}],"tag":"Pi"}],"tag":"Pi"}],"tag":"Pi"},"original":{"contents":[{"item":{"contents":"Set","tag":"Sort"},"name":"A"},{"contents":[{"item":{"contents":[{"Right":0},[]],"tag":"App"},"name":"x"},{"contents":[{"item":{"contents":[{"Left":"Prelude.Sets.AsPredicates.Set'"},[{"contents":[{"Right":1},[]],"tag":"App"}]],"tag":"App"},"name":"xs"},{"contents":[{"item":{"contents":[{"Left":"Prelude.Sets.AsPredicates.Set'"},[{"contents":[{"Right":2},[]],"tag":"App"}]],"tag":"App"},"name":"ys"},{"contents":[{"item":{"contents":[{"Left":"Prelude.Sets.AsPredicates._∈ˢ_"},[{"contents":[{"Right":3},[]],"tag":"App"},{"contents":[{"Right":2},[]],"tag":"App"},{"contents":[{"Right":1},[]],"tag":"App"}]],"tag":"App"},"name":"_"},{"contents":[{"item":{"contents":[{"Left":"Relation.Nullary.¬_"},[{"contents":"lzero","tag":"Level"},{"contents":[{"Left":"Prelude.Sets.AsPredicates._∈ˢ_"},[{"contents":[{"Right":3},[]],"tag":"App"},{"contents":[{"Right":2},[]],"tag":"App"},{"contents":[{"Right":0},[]],"tag":"App"}]],"tag":"App"}]],"tag":"App"},"name":"_"},{"contents":[{"Left":"Prelude.Sets.AsPredicates._∈ˢ_"},[{"contents":[{"Right":3},[]],"tag":"App"},{"contents":[{"Right":2},[]],"tag":"App"},{"contents":[{"Left":"Prelude.Sets.AsPredicates._─_"},[{"contents":[{"Right":3},[]],"tag":"App"},{"contents":[{"Right":1},[]],"tag":"App"},{"contents":[{"Right":0},[]],"tag":"App"}]],"tag":"App"}]],"tag":"App"}],"tag":"Pi"}],"tag":"Pi"}],"tag":"Pi"}],"tag":"Pi"}],"tag":"Pi"}],"tag":"Pi"},"reduced":null,"simplified":null}},"name":"Prelude.Sets.AsPredicates.∈-─⁺"},{"item":{"pretty":"{A : Type} (x : A) → ¬ x ∈ˢ ∅","thing":{"normalised":{"contents":[{"item":{"contents":"Set","tag":"Sort"},"name":"A"},{"contents":[{"item":{"contents":[{"Right":0},[]],"tag":"App"},"name":"x"},{"contents":[{"item":{"contents":[{"Left":"Data.Empty.⊥"},[]],"tag":"App"},"name":"_"},{"contents":[{"Left":"Data.Empty.⊥"},[]],"tag":"App"}],"tag":"Pi"}],"tag":"Pi"}],"tag":"Pi"},"original":{"contents":[{"item":{"contents":"Set","tag":"Sort"},"name":"A"},{"contents":[{"item":{"contents":[{"Right":0},[]],"tag":"App"},"name":"x"},{"contents":[{"Left":"Relation.Nullary.¬_"},[{"contents":"lzero","tag":"Level"},{"contents":[{"Left":"Prelude.Sets.AsPredicates._∈ˢ_"},[{"contents":[{"Right":1},[]],"tag":"App"},{"contents":[{"Right":0},[]],"tag":"App"},{"contents":[{"Left":"Prelude.Sets.AsPredicates.∅"},[{"contents":[{"Right":1},[]],"tag":"App"}]],"tag":"App"}]],"tag":"App"}]],"tag":"App"}],"tag":"Pi"}],"tag":"Pi"},"reduced":null,"simplified":null}},"name":"Prelude.Sets.AsPredicates.∉∅"}],"name":"Prelude.Sets.AsPredicates"},"samples":[{"ctx":{"pretty":"{A : Type} (s : Set') (s′ : Set')","thing":[{"item":{"contents":"Set","tag":"Sort"},"name":"A"},{"item":{"contents":[{"Left":"Prelude.Sets.AsPredicates.Set'"},[{"contents":[{"Right":0},[]],"tag":"App"}]],"tag":"App"},"name":"s"},{"item":{"contents":[{"Left":"Prelude.Sets.AsPredicates.Set'"},[{"contents":[{"Right":1},[]],"tag":"App"}]],"tag":"App"},"name":"s′"}]},"goal":{"pretty":"Set'","thing":{"normalised":{"contents":[{"item":{"contents":[{"Right":2},[]],"tag":"App"},"name":"_"},{"contents":"Set","tag":"Sort"}],"tag":"Pi"},"original":{"contents":[{"Left":"Prelude.Sets.AsPredicates.Set'"},[{"contents":[{"Right":2},[]],"tag":"App"}]],"tag":"App"},"reduced":{"contents":[{"item":{"contents":[{"Right":2},[]],"tag":"App"},"name":"_"},{"contents":"Set Level.0ℓ","tag":"Sort"}],"tag":"Pi"},"simplified":null}},"term":{"pretty":"s ∩ ∁ s′","thing":{"normalised":{"contents":{"item":{"contents":[{"Left":"Agda.Builtin.Sigma.Σ"},[{"contents":"lzero","tag":"Level"},{"contents":"lzero","tag":"Level"},{"contents":[{"Right":2},[{"contents":[{"Right":0},[]],"tag":"App"}]],"tag":"App"},{"contents":{"item":{"contents":[{"item":{"contents":[{"Right":2},[{"contents":[{"Right":1},[]],"tag":"App"}]],"tag":"App"},"name":"_"},{"contents":[{"Left":"Data.Empty.⊥"},[]],"tag":"App"}],"tag":"Pi"},"name":"x"},"tag":"Lam"}]],"tag":"App"},"name":"x"},"tag":"Lam"},"original":{"contents":[{"Left":"Prelude.Sets.AsPredicates._∩_"},[{"contents":[{"Right":2},[]],"tag":"App"},{"contents":[{"Right":1},[]],"tag":"App"},{"contents":[{"Left":"Prelude.Sets.AsPredicates.∁"},[{"contents":[{"Right":2},[]],"tag":"App"},{"contents":[{"Right":0},[]],"tag":"App"}]],"tag":"App"}]],"tag":"App"},"reduced":{"contents":{"item":{"contents":[{"Left":"Data.Product._×_"},[{"contents":"lzero","tag":"Level"},{"contents":"lzero","tag":"Level"},{"contents":[{"Left":"Relation.Unary._∈_"},[{"contents":"lzero","tag":"Level"},{"contents":[{"Right":3},[]],"tag":"App"},{"contents":"lzero","tag":"Level"},{"contents":[{"Right":0},[]],"tag":"App"},{"contents":[{"Right":2},[]],"tag":"App"}]],"tag":"App"},{"contents":[{"Left":"Relation.Unary._∈_"},[{"contents":"lzero","tag":"Level"},{"contents":[{"Right":3},[]],"tag":"App"},{"contents":"lzero","tag":"Level"},{"contents":[{"Right":0},[]],"tag":"App"},{"contents":[{"Left":"Prelude.Sets.AsPredicates.∁"},[{"contents":[{"Right":3},[]],"tag":"App"},{"contents":[{"Right":1},[]],"tag":"App"}]],"tag":"App"}]],"tag":"App"}]],"tag":"App"},"name":"x"},"tag":"Lam"},"simplified":null}},"namesUsed":["Prelude.Sets.AsPredicates._∩_","Prelude.Sets.AsPredicates.∁"]},{"ctx":{"pretty":"{A : Type} (s₁ : Set') (s′₁ : Set')","thing":[{"item":{"contents":"Set","tag":"Sort"},"name":"A"},{"item":{"contents":[{"Left":"Prelude.Sets.AsPredicates.Set'"},[{"contents":[{"Right":0},[]],"tag":"App"}]],"tag":"App"},"name":"s"},{"item":{"contents":[{"Left":"Prelude.Sets.AsPredicates.Set'"},[{"contents":[{"Right":1},[]],"tag":"App"}]],"tag":"App"},"name":"s′"}]},"goal":{"pretty":"Set'","thing":{"normalised":{"contents":[{"item":{"contents":[{"Right":2},[]],"tag":"App"},"name":"_"},{"contents":"Set","tag":"Sort"}],"tag":"Pi"},"original":{"contents":[{"Left":"Prelude.Sets.AsPredicates.Set'"},[{"contents":[{"Right":2},[]],"tag":"App"}]],"tag":"App"},"reduced":{"contents":[{"item":{"contents":[{"Right":2},[]],"tag":"App"},"name":"_"},{"contents":"Set Level.0ℓ","tag":"Sort"}],"tag":"Pi"},"simplified":null}},"term":{"pretty":"∁ s′","thing":{"normalised":{"contents":{"item":{"contents":[{"item":{"contents":[{"Right":1},[{"contents":[{"Right":0},[]],"tag":"App"}]],"tag":"App"},"name":"_"},{"contents":[{"Left":"Data.Empty.⊥"},[]],"tag":"App"}],"tag":"Pi"},"name":"x"},"tag":"Lam"},"original":{"contents":[{"Left":"Prelude.Sets.AsPredicates.∁"},[{"contents":[{"Right":2},[]],"tag":"App"},{"contents":[{"Right":0},[]],"tag":"App"}]],"tag":"App"},"reduced":{"contents":{"item":{"contents":[{"Left":"Relation.Unary._∉_"},[{"contents":"lzero","tag":"Level"},{"contents":[{"Right":3},[]],"tag":"App"},{"contents":"lzero","tag":"Level"},{"contents":[{"Right":0},[]],"tag":"App"},{"contents":[{"Right":1},[]],"tag":"App"}]],"tag":"App"},"name":"x"},"tag":"Lam"},"simplified":null}},"namesUsed":["Prelude.Sets.AsPredicates.∁"]},{"ctx":{"pretty":"{A : Type} (s : Set') (s′ : Set') {k : A}","thing":[{"item":{"contents":"Set","tag":"Sort"},"name":"A"},{"item":{"contents":[{"Left":"Prelude.Sets.AsPredicates.Set'"},[{"contents":[{"Right":0},[]],"tag":"App"}]],"tag":"App"},"name":"s"},{"item":{"contents":[{"Left":"Prelude.Sets.AsPredicates.Set'"},[{"contents":[{"Right":1},[]],"tag":"App"}]],"tag":"App"},"name":"s′"},{"item":{"contents":[{"Right":2},[]],"tag":"App"},"name":"k"}]},"goal":{"pretty":"Type","thing":{"normalised":{"contents":"Set","tag":"Sort"},"original":{"contents":"Set lzero","tag":"Sort"},"reduced":null,"simplified":{"contents":"Set","tag":"Sort"}}},"term":{"pretty":"k ∈ˢ s","thing":{"normalised":{"contents":[{"Right":2},[{"contents":[{"Right":0},[]],"tag":"App"}]],"tag":"App"},"original":{"contents":[{"Left":"Prelude.Sets.AsPredicates._∈ˢ_"},[{"contents":[{"Right":3},[]],"tag":"App"},{"contents":[{"Right":0},[]],"tag":"App"},{"contents":[{"Right":2},[]],"tag":"App"}]],"tag":"App"},"reduced":{"contents":[{"Right":2},[{"contents":[{"Right":0},[]],"tag":"App"}]],"tag":"App"},"simplified":null}},"namesUsed":["Prelude.Sets.AsPredicates._∈ˢ_"]},{"ctx":{"pretty":"{A : Type} (s₁ : Set') (s′ : Set') {k = k₁ : A}","thing":[{"item":{"contents":"Set","tag":"Sort"},"name":"A"},{"item":{"contents":[{"Left":"Prelude.Sets.AsPredicates.Set'"},[{"contents":[{"Right":0},[]],"tag":"App"}]],"tag":"App"},"name":"s"},{"item":{"contents":[{"Left":"Prelude.Sets.AsPredicates.Set'"},[{"contents":[{"Right":1},[]],"tag":"App"}]],"tag":"App"},"name":"s′"},{"item":{"contents":[{"Right":2},[]],"tag":"App"},"name":"k"}]},"goal":{"pretty":"Type","thing":{"normalised":{"contents":"Set","tag":"Sort"},"original":{"contents":"Set lzero","tag":"Sort"},"reduced":null,"simplified":{"contents":"Set","tag":"Sort"}}},"term":{"pretty":"k ∈ˢ s′","thing":{"normalised":{"contents":[{"Right":1},[{"contents":[{"Right":0},[]],"tag":"App"}]],"tag":"App"},"original":{"contents":[{"Left":"Prelude.Sets.AsPredicates._∈ˢ_"},[{"contents":[{"Right":3},[]],"tag":"App"},{"contents":[{"Right":0},[]],"tag":"App"},{"contents":[{"Right":1},[]],"tag":"App"}]],"tag":"App"},"reduced":{"contents":[{"Right":1},[{"contents":[{"Right":0},[]],"tag":"App"}]],"tag":"App"},"simplified":null}},"namesUsed":["Prelude.Sets.AsPredicates._∈ˢ_"]},{"ctx":{"pretty":"{A : Type} (x : A) (xs : Set') (ys : Set')","thing":[{"item":{"contents":"Set","tag":"Sort"},"name":"A"},{"item":{"contents":[{"Right":0},[]],"tag":"App"},"name":"x"},{"item":{"contents":[{"Left":"Prelude.Sets.AsPredicates.Set'"},[{"contents":[{"Right":1},[]],"tag":"App"}]],"tag":"App"},"name":"xs"},{"item":{"contents":[{"Left":"Prelude.Sets.AsPredicates.Set'"},[{"contents":[{"Right":2},[]],"tag":"App"}]],"tag":"App"},"name":"ys"}]},"goal":{"pretty":"Type","thing":{"normalised":{"contents":"Set","tag":"Sort"},"original":{"contents":"Set lzero","tag":"Sort"},"reduced":null,"simplified":{"contents":"Set","tag":"Sort"}}},"term":{"pretty":"x ∈ˢ xs ∩ ys","thing":{"normalised":{"contents":[{"Left":"Agda.Builtin.Sigma.Σ"},[{"contents":"lzero","tag":"Level"},{"contents":"lzero","tag":"Level"},{"contents":[{"Right":1},[{"contents":[{"Right":2},[]],"tag":"App"}]],"tag":"App"},{"contents":{"item":{"contents":[{"Right":1},[{"contents":[{"Right":3},[]],"tag":"App"}]],"tag":"App"},"name":"x"},"tag":"Lam"}]],"tag":"App"},"original":{"contents":[{"Left":"Prelude.Sets.AsPredicates._∈ˢ_"},[{"contents":[{"Right":3},[]],"tag":"App"},{"contents":[{"Right":2},[]],"tag":"App"},{"contents":[{"Left":"Prelude.Sets.AsPredicates._∩_"},[{"contents":[{"Right":3},[]],"tag":"App"},{"contents":[{"Right":1},[]],"tag":"App"},{"contents":[{"Right":0},[]],"tag":"App"}]],"tag":"App"}]],"tag":"App"},"reduced":{"contents":[{"Left":"Agda.Builtin.Sigma.Σ"},[{"contents":"lzero","tag":"Level"},{"contents":"lzero","tag":"Level"},{"contents":[{"Left":"Relation.Unary._∈_"},[{"contents":"lzero","tag":"Level"},{"contents":[{"Right":3},[]],"tag":"App"},{"contents":"lzero","tag":"Level"},{"contents":[{"Right":2},[]],"tag":"App"},{"contents":[{"Right":1},[]],"tag":"App"}]],"tag":"App"},{"contents":{"item":{"contents":[{"Left":"Relation.Unary._∈_"},[{"contents":"lzero","tag":"Level"},{"contents":[{"Right":4},[]],"tag":"App"},{"contents":"lzero","tag":"Level"},{"contents":[{"Right":3},[]],"tag":"App"},{"contents":[{"Right":1},[]],"tag":"App"}]],"tag":"App"},"name":"x"},"tag":"Lam"}]],"tag":"App"},"simplified":null}},"namesUsed":["Prelude.Sets.AsPredicates._∈ˢ_","Prelude.Sets.AsPredicates._∩_"]},{"ctx":{"pretty":"{A : Type} (x₁ : A) (xs₁ : Set') (ys₁ : Set')","thing":[{"item":{"contents":"Set","tag":"Sort"},"name":"A"},{"item":{"contents":[{"Right":0},[]],"tag":"App"},"name":"x"},{"item":{"contents":[{"Left":"Prelude.Sets.AsPredicates.Set'"},[{"contents":[{"Right":1},[]],"tag":"App"}]],"tag":"App"},"name":"xs"},{"item":{"contents":[{"Left":"Prelude.Sets.AsPredicates.Set'"},[{"contents":[{"Right":2},[]],"tag":"App"}]],"tag":"App"},"name":"ys"}]},"goal":{"pretty":"Set'","thing":{"normalised":{"contents":[{"item":{"contents":[{"Right":3},[]],"tag":"App"},"name":"_"},{"contents":"Set","tag":"Sort"}],"tag":"Pi"},"original":{"contents":[{"Left":"Prelude.Sets.AsPredicates.Set'"},[{"contents":[{"Right":3},[]],"tag":"App"}]],"tag":"App"},"reduced":{"contents":[{"item":{"contents":[{"Right":3},[]],"tag":"App"},"name":"_"},{"contents":"Set Level.0ℓ","tag":"Sort"}],"tag":"Pi"},"simplified":null}},"term":{"pretty":"xs ∩ ys","thing":{"normalised":{"contents":{"item":{"contents":[{"Left":"Agda.Builtin.Sigma.Σ"},[{"contents":"lzero","tag":"Level"},{"contents":"lzero","tag":"Level"},{"contents":[{"Right":2},[{"contents":[{"Right":0},[]],"tag":"App"}]],"tag":"App"},{"contents":{"item":{"contents":[{"Right":2},[{"contents":[{"Right":1},[]],"tag":"App"}]],"tag":"App"},"name":"x"},"tag":"Lam"}]],"tag":"App"},"name":"x"},"tag":"Lam"},"original":{"contents":[{"Left":"Prelude.Sets.AsPredicates._∩_"},[{"contents":[{"Right":3},[]],"tag":"App"},{"contents":[{"Right":1},[]],"tag":"App"},{"contents":[{"Right":0},[]],"tag":"App"}]],"tag":"App"},"reduced":{"contents":{"item":{"contents":[{"Left":"Data.Product._×_"},[{"contents":"lzero","tag":"Level"},{"contents":"lzero","tag":"Level"},{"contents":[{"Left":"Relation.Unary._∈_"},[{"contents":"lzero","tag":"Level"},{"contents":[{"Right":4},[]],"tag":"App"},{"contents":"lzero","tag":"Level"},{"contents":[{"Right":0},[]],"tag":"App"},{"contents":[{"Right":2},[]],"tag":"App"}]],"tag":"App"},{"contents":[{"Left":"Relation.Unary._∈_"},[{"contents":"lzero","tag":"Level"},{"contents":[{"Right":4},[]],"tag":"App"},{"contents":"lzero","tag":"Level"},{"contents":[{"Right":0},[]],"tag":"App"},{"contents":[{"Right":1},[]],"tag":"App"}]],"tag":"App"}]],"tag":"App"},"name":"x"},"tag":"Lam"},"simplified":null}},"namesUsed":["Prelude.Sets.AsPredicates._∩_"]}]}