{"scope":{"item":[{"item":{"pretty":"{ℓ : Agda.Primitive.Level} (A : Set ℓ) → Set ℓ","thing":{"normalised":null,"original":{"contents":[{"item":{"contents":[{"Left":"Agda.Primitive.Level"},[]],"tag":"App"},"name":"ℓ"},{"contents":[{"item":{"contents":"Set @0","tag":"Sort"},"name":"A"},{"contents":"Set @1","tag":"Sort"}],"tag":"Pi"}],"tag":"Pi"},"reduced":null,"simplified":null}},"name":"Prelude.DecEq.Core.DecEq"},{"item":{"pretty":"{ℓ : Agda.Primitive.Level} {A : Set ℓ} ⦃ _ = z : DecEq A ⦄\n(x : A) →\n(z DecEq.≟ x) x Agda.Builtin.Equality.≡\n(Agda.Builtin.Bool.Bool.true Relation.Nullary.because\n Relation.Nullary.Reflects.ofʸ Agda.Builtin.Equality._≡_.refl)","thing":{"normalised":null,"original":{"contents":[{"item":{"contents":[{"Left":"Agda.Primitive.Level"},[]],"tag":"App"},"name":"ℓ"},{"contents":[{"item":{"contents":"Set @0","tag":"Sort"},"name":"A"},{"contents":[{"item":{"contents":[{"Left":"Prelude.DecEq.Core.DecEq"},[{"contents":[{"Right":1},[]],"tag":"App"},{"contents":[{"Right":0},[]],"tag":"App"}]],"tag":"App"},"name":"_"},{"contents":[{"item":{"contents":[{"Right":1},[]],"tag":"App"},"name":"x"},{"contents":[{"Left":"Agda.Builtin.Equality._≡_"},[{"contents":[{"Right":3},[]],"tag":"App"},{"contents":[{"Left":"Relation.Nullary.Dec"},[{"contents":[{"Right":3},[]],"tag":"App"},{"contents":[{"Left":"Agda.Builtin.Equality._≡_"},[{"contents":[{"Right":3},[]],"tag":"App"},{"contents":[{"Right":2},[]],"tag":"App"},{"contents":[{"Right":0},[]],"tag":"App"},{"contents":[{"Right":0},[]],"tag":"App"}]],"tag":"App"}]],"tag":"App"},{"contents":[{"Right":1},[{"contents":[{"Left":"Prelude.DecEq.Core.DecEq._≟_"},[]],"tag":"App"},{"contents":[{"Right":0},[]],"tag":"App"},{"contents":[{"Right":0},[]],"tag":"App"}]],"tag":"App"},{"contents":[{"Left":"Relation.Nullary._because_"},[{"contents":[{"Left":"Agda.Builtin.Bool.Bool.true"},[]],"tag":"App"},{"contents":[{"Left":"Relation.Nullary.Reflects.ofʸ"},[{"contents":[{"Left":"Agda.Builtin.Equality._≡_.refl"},[]],"tag":"App"}]],"tag":"App"}]],"tag":"App"}]],"tag":"App"}],"tag":"Pi"}],"tag":"Pi"}],"tag":"Pi"}],"tag":"Pi"},"reduced":null,"simplified":null}},"name":"Prelude.DecEq.WithK.≟-refl"},{"item":{"pretty":"{ℓ : Agda.Primitive.Level} {A : Set ℓ} ⦃ _ = z : DecEq A ⦄\n(x : A) →\nData.Bool.Base.T (x == x)","thing":{"normalised":{"contents":[{"item":{"contents":[{"Left":"Agda.Primitive.Level"},[]],"tag":"App"},"name":"ℓ"},{"contents":[{"item":{"contents":"Set @0","tag":"Sort"},"name":"A"},{"contents":[{"item":{"contents":[{"Left":"Prelude.DecEq.Core.DecEq"},[{"contents":[{"Right":1},[]],"tag":"App"},{"contents":[{"Right":0},[]],"tag":"App"}]],"tag":"App"},"name":"_"},{"contents":[{"item":{"contents":[{"Right":1},[]],"tag":"App"},"name":"x"},{"contents":[{"Left":"Data.Bool.Base.T"},[{"contents":[{"Left":"Relation.Nullary.Decidable.Core.isYes"},[{"contents":[{"Right":3},[]],"tag":"App"},{"contents":[{"Left":"Agda.Builtin.Equality._≡_"},[{"contents":[{"Right":3},[]],"tag":"App"},{"contents":[{"Right":2},[]],"tag":"App"},{"contents":[{"Right":0},[]],"tag":"App"},{"contents":[{"Right":0},[]],"tag":"App"}]],"tag":"App"},{"contents":[{"Right":1},[{"contents":[{"Left":"Prelude.DecEq.Core.DecEq._≟_"},[]],"tag":"App"},{"contents":[{"Right":0},[]],"tag":"App"},{"contents":[{"Right":0},[]],"tag":"App"}]],"tag":"App"}]],"tag":"App"}]],"tag":"App"}],"tag":"Pi"}],"tag":"Pi"}],"tag":"Pi"}],"tag":"Pi"},"original":{"contents":[{"item":{"contents":[{"Left":"Agda.Primitive.Level"},[]],"tag":"App"},"name":"ℓ"},{"contents":[{"item":{"contents":"Set @0","tag":"Sort"},"name":"A"},{"contents":[{"item":{"contents":[{"Left":"Prelude.DecEq.Core.DecEq"},[{"contents":[{"Right":1},[]],"tag":"App"},{"contents":[{"Right":0},[]],"tag":"App"}]],"tag":"App"},"name":"_"},{"contents":[{"item":{"contents":[{"Right":1},[]],"tag":"App"},"name":"x"},{"contents":[{"Left":"Data.Bool.Base.T"},[{"contents":[{"Left":"Prelude.DecEq.Core._._==_"},[{"contents":[{"Right":3},[]],"tag":"App"},{"contents":[{"Right":2},[]],"tag":"App"},{"contents":[{"Right":1},[]],"tag":"App"},{"contents":[{"Right":0},[]],"tag":"App"},{"contents":[{"Right":0},[]],"tag":"App"}]],"tag":"App"}]],"tag":"App"}],"tag":"Pi"}],"tag":"Pi"}],"tag":"Pi"}],"tag":"Pi"},"reduced":null,"simplified":null}},"name":"Prelude.DecEq.WithK.==-refl"},{"item":{"pretty":"{ℓ : Agda.Primitive.Level} {A : Set ℓ} ⦃ _ : DecEq A ⦄ →\nDecEq (Data.List.NonEmpty.Base.List⁺ A)","thing":{"normalised":null,"original":{"contents":[{"item":{"contents":[{"Left":"Agda.Primitive.Level"},[]],"tag":"App"},"name":"ℓ"},{"contents":[{"item":{"contents":"Set @0","tag":"Sort"},"name":"A"},{"contents":[{"item":{"contents":[{"Left":"Prelude.DecEq.Core.DecEq"},[{"contents":[{"Right":1},[]],"tag":"App"},{"contents":[{"Right":0},[]],"tag":"App"}]],"tag":"App"},"name":"_"},{"contents":[{"Left":"Prelude.DecEq.Core.DecEq"},[{"contents":[{"Right":2},[]],"tag":"App"},{"contents":[{"Left":"Data.List.NonEmpty.Base.List⁺"},[{"contents":[{"Right":2},[]],"tag":"App"},{"contents":[{"Right":1},[]],"tag":"App"}]],"tag":"App"}]],"tag":"App"}],"tag":"Pi"}],"tag":"Pi"}],"tag":"Pi"},"reduced":null,"simplified":null}},"name":"Prelude.DecEq.WithK.DecEq-List⁺"},{"item":{"pretty":"{ℓ : Agda.Primitive.Level} {A : Set ℓ} ⦃ r : DecEq A ⦄ →\nA → A → Agda.Builtin.Bool.Bool","thing":{"normalised":null,"original":{"contents":[{"item":{"contents":[{"Left":"Agda.Primitive.Level"},[]],"tag":"App"},"name":"ℓ"},{"contents":[{"item":{"contents":"Set @0","tag":"Sort"},"name":"A"},{"contents":[{"item":{"contents":[{"Left":"Prelude.DecEq.Core.DecEq"},[{"contents":[{"Right":1},[]],"tag":"App"},{"contents":[{"Right":0},[]],"tag":"App"}]],"tag":"App"},"name":"r"},{"contents":[{"item":{"contents":[{"Right":1},[]],"tag":"App"},"name":"_"},{"contents":[{"item":{"contents":[{"Right":1},[]],"tag":"App"},"name":"_"},{"contents":[{"Left":"Agda.Builtin.Bool.Bool"},[]],"tag":"App"}],"tag":"Pi"}],"tag":"Pi"}],"tag":"Pi"}],"tag":"Pi"}],"tag":"Pi"},"reduced":null,"simplified":null}},"name":"Prelude.DecEq.Core._._==_"},{"item":{"pretty":"{ℓ : Agda.Primitive.Level} {A : Set ℓ} ⦃ r : DecEq A ⦄ →\nRelation.Binary.Definitions.Decidable Agda.Builtin.Equality._≡_","thing":{"normalised":{"contents":[{"item":{"contents":[{"Left":"Agda.Primitive.Level"},[]],"tag":"App"},"name":"ℓ"},{"contents":[{"item":{"contents":"Set @0","tag":"Sort"},"name":"A"},{"contents":[{"item":{"contents":[{"Left":"Prelude.DecEq.Core.DecEq"},[{"contents":[{"Right":1},[]],"tag":"App"},{"contents":[{"Right":0},[]],"tag":"App"}]],"tag":"App"},"name":"r"},{"contents":[{"item":{"contents":[{"Right":1},[]],"tag":"App"},"name":"x"},{"contents":[{"item":{"contents":[{"Right":2},[]],"tag":"App"},"name":"y"},{"contents":[{"Left":"Relation.Nullary.Dec"},[{"contents":[{"Right":4},[]],"tag":"App"},{"contents":[{"Left":"Agda.Builtin.Equality._≡_"},[{"contents":[{"Right":4},[]],"tag":"App"},{"contents":[{"Right":3},[]],"tag":"App"},{"contents":[{"Right":1},[]],"tag":"App"},{"contents":[{"Right":0},[]],"tag":"App"}]],"tag":"App"}]],"tag":"App"}],"tag":"Pi"}],"tag":"Pi"}],"tag":"Pi"}],"tag":"Pi"}],"tag":"Pi"},"original":{"contents":[{"item":{"contents":[{"Left":"Agda.Primitive.Level"},[]],"tag":"App"},"name":"ℓ"},{"contents":[{"item":{"contents":"Set @0","tag":"Sort"},"name":"A"},{"contents":[{"item":{"contents":[{"Left":"Prelude.DecEq.Core.DecEq"},[{"contents":[{"Right":1},[]],"tag":"App"},{"contents":[{"Right":0},[]],"tag":"App"}]],"tag":"App"},"name":"r"},{"contents":[{"Left":"Relation.Binary.Definitions.Decidable"},[{"contents":[{"Right":2},[]],"tag":"App"},{"contents":[{"Right":1},[]],"tag":"App"},{"contents":[{"Right":2},[]],"tag":"App"},{"contents":[{"Right":1},[]],"tag":"App"},{"contents":[{"Right":2},[]],"tag":"App"},{"contents":[{"Left":"Agda.Builtin.Equality._≡_"},[{"contents":[{"Right":2},[]],"tag":"App"},{"contents":[{"Right":1},[]],"tag":"App"}]],"tag":"App"}]],"tag":"App"}],"tag":"Pi"}],"tag":"Pi"}],"tag":"Pi"},"reduced":null,"simplified":null}},"name":"Prelude.DecEq.Core._._≟_"},{"item":{"pretty":"{ℓ : Agda.Primitive.Level} {A : Set ℓ} ⦃ r : DecEq A ⦄ →\nA → A → Agda.Builtin.Bool.Bool","thing":{"normalised":null,"original":{"contents":[{"item":{"contents":[{"Left":"Agda.Primitive.Level"},[]],"tag":"App"},"name":"ℓ"},{"contents":[{"item":{"contents":"Set @0","tag":"Sort"},"name":"A"},{"contents":[{"item":{"contents":[{"Left":"Prelude.DecEq.Core.DecEq"},[{"contents":[{"Right":1},[]],"tag":"App"},{"contents":[{"Right":0},[]],"tag":"App"}]],"tag":"App"},"name":"r"},{"contents":[{"item":{"contents":[{"Right":1},[]],"tag":"App"},"name":"_"},{"contents":[{"item":{"contents":[{"Right":1},[]],"tag":"App"},"name":"_"},{"contents":[{"Left":"Agda.Builtin.Bool.Bool"},[]],"tag":"App"}],"tag":"Pi"}],"tag":"Pi"}],"tag":"Pi"}],"tag":"Pi"}],"tag":"Pi"},"reduced":null,"simplified":null}},"name":"Prelude.DecEq.Core._._≠_"},{"item":{"pretty":"{A.ℓ : Agda.Primitive.Level} {A : Set A.ℓ} →\nRelation.Nullary.Irrelevant A → DecEq A","thing":{"normalised":{"contents":[{"item":{"contents":[{"Left":"Agda.Primitive.Level"},[]],"tag":"App"},"name":"A.ℓ"},{"contents":[{"item":{"contents":"Set @0","tag":"Sort"},"name":"A"},{"contents":[{"item":{"contents":[{"item":{"contents":[{"Right":0},[]],"tag":"App"},"name":"p₁"},{"contents":[{"item":{"contents":[{"Right":1},[]],"tag":"App"},"name":"p₂"},{"contents":[{"Left":"Agda.Builtin.Equality._≡_"},[{"contents":[{"Right":3},[]],"tag":"App"},{"contents":[{"Right":2},[]],"tag":"App"},{"contents":[{"Right":1},[]],"tag":"App"},{"contents":[{"Right":0},[]],"tag":"App"}]],"tag":"App"}],"tag":"Pi"}],"tag":"Pi"},"name":"_"},{"contents":[{"Left":"Prelude.DecEq.Core.DecEq"},[{"contents":[{"Right":1},[]],"tag":"App"},{"contents":[{"Right":0},[]],"tag":"App"}]],"tag":"App"}],"tag":"Pi"}],"tag":"Pi"}],"tag":"Pi"},"original":{"contents":[{"item":{"contents":[{"Left":"Agda.Primitive.Level"},[]],"tag":"App"},"name":"A.ℓ"},{"contents":[{"item":{"contents":"Set @0","tag":"Sort"},"name":"A"},{"contents":[{"item":{"contents":[{"Left":"Relation.Nullary.Irrelevant"},[{"contents":[{"Right":1},[]],"tag":"App"},{"contents":[{"Right":0},[]],"tag":"App"}]],"tag":"App"},"name":"_"},{"contents":[{"Left":"Prelude.DecEq.Core.DecEq"},[{"contents":[{"Right":1},[]],"tag":"App"},{"contents":[{"Right":0},[]],"tag":"App"}]],"tag":"App"}],"tag":"Pi"}],"tag":"Pi"}],"tag":"Pi"},"reduced":null,"simplified":null}},"name":"Prelude.DecEq.Core.Irrelevant⇒DecEq"},{"item":{"pretty":"DecEq Agda.Builtin.Unit.⊤","thing":{"normalised":null,"original":{"contents":[{"Left":"Prelude.DecEq.Core.DecEq"},[{"contents":"lzero","tag":"Level"},{"contents":[{"Left":"Agda.Builtin.Unit.⊤"},[]],"tag":"App"}]],"tag":"App"},"reduced":null,"simplified":null}},"name":"Prelude.DecEq.Core.DecEq-⊤"},{"item":{"pretty":"Agda.Builtin.Reflection.Name → Prelude.Generics.Core.Tactic","thing":{"normalised":{"contents":[{"item":{"contents":[{"Left":"Agda.Builtin.Reflection.Name"},[]],"tag":"App"},"name":"_"},{"contents":[{"item":{"contents":[{"Left":"Agda.Builtin.Reflection.Term"},[]],"tag":"App"},"name":"_"},{"contents":[{"Left":"Agda.Builtin.Reflection.TC"},[{"contents":"lzero","tag":"Level"},{"contents":[{"Left":"Agda.Builtin.Unit.⊤"},[]],"tag":"App"}]],"tag":"App"}],"tag":"Pi"}],"tag":"Pi"},"original":{"contents":[{"item":{"contents":[{"Left":"Agda.Builtin.Reflection.Name"},[]],"tag":"App"},"name":"_"},{"contents":[{"Left":"Prelude.Generics.Core.Tactic"},[]],"tag":"App"}],"tag":"Pi"},"reduced":null,"simplified":null}},"name":"Prelude.Generics.Deriving.DERIVE"},{"item":{"pretty":"{A.ℓ : Agda.Primitive.Level} {A : Set A.ℓ}\n{B.ℓ′ : Agda.Primitive.Level} {B : Set B.ℓ′} ⦃ _ : DecEq A ⦄\n⦃ _ : DecEq B ⦄ →\nDecEq (A Data.Sum.Base.⊎ B)","thing":{"normalised":null,"original":{"contents":[{"item":{"contents":[{"Left":"Agda.Primitive.Level"},[]],"tag":"App"},"name":"A.ℓ"},{"contents":[{"item":{"contents":"Set @0","tag":"Sort"},"name":"A"},{"contents":[{"item":{"contents":[{"Left":"Agda.Primitive.Level"},[]],"tag":"App"},"name":"B.ℓ′"},{"contents":[{"item":{"contents":"Set @0","tag":"Sort"},"name":"B"},{"contents":[{"item":{"contents":[{"Left":"Prelude.DecEq.Core.DecEq"},[{"contents":[{"Right":3},[]],"tag":"App"},{"contents":[{"Right":2},[]],"tag":"App"}]],"tag":"App"},"name":"_"},{"contents":[{"item":{"contents":[{"Left":"Prelude.DecEq.Core.DecEq"},[{"contents":[{"Right":1},[]],"tag":"App"},{"contents":[{"Right":0},[]],"tag":"App"}]],"tag":"App"},"name":"_"},{"contents":[{"Left":"Prelude.DecEq.Core.DecEq"},[{"contents":"lub @3 @1","tag":"Level"},{"contents":[{"Left":"Data.Sum.Base._⊎_"},[{"contents":[{"Right":3},[]],"tag":"App"},{"contents":[{"Right":1},[]],"tag":"App"},{"contents":[{"Right":2},[]],"tag":"App"},{"contents":[{"Right":0},[]],"tag":"App"}]],"tag":"App"}]],"tag":"App"}],"tag":"Pi"}],"tag":"Pi"}],"tag":"Pi"}],"tag":"Pi"}],"tag":"Pi"}],"tag":"Pi"},"reduced":null,"simplified":null}},"name":"Prelude.DecEq.Core.DecEq-⊎"},{"item":{"pretty":"Agda.Builtin.Reflection.Type →\nAgda.Builtin.Reflection.Type →\nAgda.Builtin.Reflection.TC Agda.Builtin.Bool.Bool","thing":{"normalised":{"contents":[{"item":{"contents":[{"Left":"Agda.Builtin.Reflection.Term"},[]],"tag":"App"},"name":"_"},{"contents":[{"item":{"contents":[{"Left":"Agda.Builtin.Reflection.Term"},[]],"tag":"App"},"name":"_"},{"contents":[{"Left":"Agda.Builtin.Reflection.TC"},[{"contents":"lzero","tag":"Level"},{"contents":[{"Left":"Agda.Builtin.Bool.Bool"},[]],"tag":"App"}]],"tag":"App"}],"tag":"Pi"}],"tag":"Pi"},"original":{"contents":[{"item":{"contents":[{"Left":"Agda.Builtin.Reflection.Type"},[]],"tag":"App"},"name":"_"},{"contents":[{"item":{"contents":[{"Left":"Agda.Builtin.Reflection.Type"},[]],"tag":"App"},"name":"_"},{"contents":[{"Left":"Agda.Builtin.Reflection.TC"},[{"contents":"lzero","tag":"Level"},{"contents":[{"Left":"Agda.Builtin.Bool.Bool"},[]],"tag":"App"}]],"tag":"App"}],"tag":"Pi"}],"tag":"Pi"},"reduced":null,"simplified":null}},"name":"Prelude.DecEq.Derive.compatible?"},{"item":{"pretty":"DecEq Agda.Builtin.Bool.Bool","thing":{"normalised":null,"original":{"contents":[{"Left":"Prelude.DecEq.Core.DecEq"},[{"contents":"lzero","tag":"Level"},{"contents":[{"Left":"Agda.Builtin.Bool.Bool"},[]],"tag":"App"}]],"tag":"App"},"reduced":null,"simplified":null}},"name":"Prelude.DecEq.Core.DecEq-Bool"},{"item":{"pretty":"DecEq Agda.Builtin.Nat.Nat","thing":{"normalised":null,"original":{"contents":[{"Left":"Prelude.DecEq.Core.DecEq"},[{"contents":"lzero","tag":"Level"},{"contents":[{"Left":"Agda.Builtin.Nat.Nat"},[]],"tag":"App"}]],"tag":"App"},"reduced":null,"simplified":null}},"name":"Prelude.DecEq.Core.DecEq-ℕ"},{"item":{"pretty":"DecEq Agda.Builtin.Int.Int","thing":{"normalised":null,"original":{"contents":[{"Left":"Prelude.DecEq.Core.DecEq"},[{"contents":"lzero","tag":"Level"},{"contents":[{"Left":"Agda.Builtin.Int.Int"},[]],"tag":"App"}]],"tag":"App"},"reduced":null,"simplified":null}},"name":"Prelude.DecEq.Core.DecEq-ℤ"},{"item":{"pretty":"DecEq Agda.Builtin.Char.Char","thing":{"normalised":null,"original":{"contents":[{"Left":"Prelude.DecEq.Core.DecEq"},[{"contents":"lzero","tag":"Level"},{"contents":[{"Left":"Agda.Builtin.Char.Char"},[]],"tag":"App"}]],"tag":"App"},"reduced":null,"simplified":null}},"name":"Prelude.DecEq.Core.DecEq-Char"},{"item":{"pretty":"Agda.Builtin.Reflection.Term","thing":{"normalised":null,"original":{"contents":[{"Left":"Agda.Builtin.Reflection.Term"},[]],"tag":"App"},"reduced":null,"simplified":null}},"name":"Prelude.DecEq.Derive.`λ∅∅"},{"item":{"pretty":"{n : Agda.Builtin.Nat.Nat} → DecEq (Data.Fin.Base.Fin n)","thing":{"normalised":null,"original":{"contents":[{"item":{"contents":[{"Left":"Agda.Builtin.Nat.Nat"},[]],"tag":"App"},"name":"n"},{"contents":[{"Left":"Prelude.DecEq.Core.DecEq"},[{"contents":"lzero","tag":"Level"},{"contents":[{"Left":"Data.Fin.Base.Fin"},[{"contents":[{"Right":0},[]],"tag":"App"}]],"tag":"App"}]],"tag":"App"}],"tag":"Pi"},"reduced":null,"simplified":null}},"name":"Prelude.DecEq.Core.DecEq-Fin"},{"item":{"pretty":"DecEq Agda.Builtin.String.String","thing":{"normalised":null,"original":{"contents":[{"Left":"Prelude.DecEq.Core.DecEq"},[{"contents":"lzero","tag":"Level"},{"contents":[{"Left":"Agda.Builtin.String.String"},[]],"tag":"App"}]],"tag":"App"},"reduced":null,"simplified":null}},"name":"Prelude.DecEq.Core.DecEq-String"},{"item":{"pretty":"{A.ℓ : Agda.Primitive.Level} {A : Set A.ℓ} ⦃ _ : DecEq A ⦄ →\nDecEq (Agda.Builtin.List.List A)","thing":{"normalised":null,"original":{"contents":[{"item":{"contents":[{"Left":"Agda.Primitive.Level"},[]],"tag":"App"},"name":"A.ℓ"},{"contents":[{"item":{"contents":"Set @0","tag":"Sort"},"name":"A"},{"contents":[{"item":{"contents":[{"Left":"Prelude.DecEq.Core.DecEq"},[{"contents":[{"Right":1},[]],"tag":"App"},{"contents":[{"Right":0},[]],"tag":"App"}]],"tag":"App"},"name":"_"},{"contents":[{"Left":"Prelude.DecEq.Core.DecEq"},[{"contents":[{"Right":1},[]],"tag":"App"},{"contents":[{"Left":"Agda.Builtin.List.List"},[{"contents":[{"Right":1},[]],"tag":"App"},{"contents":[{"Right":0},[]],"tag":"App"}]],"tag":"App"}]],"tag":"App"}],"tag":"Pi"}],"tag":"Pi"}],"tag":"Pi"},"reduced":null,"simplified":null}},"name":"Prelude.DecEq.Core.DecEq-List"},{"item":{"pretty":"(toDrop : Agda.Builtin.Nat.Nat) →\nAgda.Builtin.Reflection.Definition →\nAgda.Builtin.Reflection.TC Agda.Builtin.Reflection.Term","thing":{"normalised":null,"original":{"contents":[{"item":{"contents":[{"Left":"Agda.Builtin.Nat.Nat"},[]],"tag":"App"},"name":"toDrop"},{"contents":[{"item":{"contents":[{"Left":"Agda.Builtin.Reflection.Definition"},[]],"tag":"App"},"name":"_"},{"contents":[{"Left":"Agda.Builtin.Reflection.TC"},[{"contents":"lzero","tag":"Level"},{"contents":[{"Left":"Agda.Builtin.Reflection.Term"},[]],"tag":"App"}]],"tag":"App"}],"tag":"Pi"}],"tag":"Pi"},"reduced":null,"simplified":null}},"name":"Prelude.DecEq.Derive._.derive-DecEq"},{"item":{"pretty":"{A.ℓ : Agda.Primitive.Level} {A : Set A.ℓ} ⦃ _ : DecEq A ⦄\n{n : Agda.Builtin.Nat.Nat} →\nDecEq (Data.Vec.Base.Vec A n)","thing":{"normalised":null,"original":{"contents":[{"item":{"contents":[{"Left":"Agda.Primitive.Level"},[]],"tag":"App"},"name":"A.ℓ"},{"contents":[{"item":{"contents":"Set @0","tag":"Sort"},"name":"A"},{"contents":[{"item":{"contents":[{"Left":"Prelude.DecEq.Core.DecEq"},[{"contents":[{"Right":1},[]],"tag":"App"},{"contents":[{"Right":0},[]],"tag":"App"}]],"tag":"App"},"name":"_"},{"contents":[{"item":{"contents":[{"Left":"Agda.Builtin.Nat.Nat"},[]],"tag":"App"},"name":"n"},{"contents":[{"Left":"Prelude.DecEq.Core.DecEq"},[{"contents":[{"Right":2},[]],"tag":"App"},{"contents":[{"Left":"Data.Vec.Base.Vec"},[{"contents":[{"Right":2},[]],"tag":"App"},{"contents":[{"Right":1},[]],"tag":"App"},{"contents":[{"Right":0},[]],"tag":"App"}]],"tag":"App"}]],"tag":"App"}],"tag":"Pi"}],"tag":"Pi"}],"tag":"Pi"}],"tag":"Pi"},"reduced":null,"simplified":null}},"name":"Prelude.DecEq.Core.DecEq-Vec"},{"item":{"pretty":"{A.ℓ : Agda.Primitive.Level} {A : Set A.ℓ} ⦃ _ : DecEq A ⦄ →\nDecEq (Agda.Builtin.Maybe.Maybe A)","thing":{"normalised":null,"original":{"contents":[{"item":{"contents":[{"Left":"Agda.Primitive.Level"},[]],"tag":"App"},"name":"A.ℓ"},{"contents":[{"item":{"contents":"Set @0","tag":"Sort"},"name":"A"},{"contents":[{"item":{"contents":[{"Left":"Prelude.DecEq.Core.DecEq"},[{"contents":[{"Right":1},[]],"tag":"App"},{"contents":[{"Right":0},[]],"tag":"App"}]],"tag":"App"},"name":"_"},{"contents":[{"Left":"Prelude.DecEq.Core.DecEq"},[{"contents":[{"Right":1},[]],"tag":"App"},{"contents":[{"Left":"Agda.Builtin.Maybe.Maybe"},[{"contents":[{"Right":1},[]],"tag":"App"},{"contents":[{"Right":0},[]],"tag":"App"}]],"tag":"App"}]],"tag":"App"}],"tag":"Pi"}],"tag":"Pi"}],"tag":"Pi"},"reduced":null,"simplified":null}},"name":"Prelude.DecEq.Core.DecEq-Maybe"},{"item":{"pretty":"{A.ℓ : Agda.Primitive.Level} {A : Set A.ℓ}\n{B.ℓ′ : Agda.Primitive.Level} {B : Set B.ℓ′} ⦃ _ : DecEq A ⦄\n⦃ _ : DecEq B ⦄ →\nDecEq (Data.These.Base.These A B)","thing":{"normalised":null,"original":{"contents":[{"item":{"contents":[{"Left":"Agda.Primitive.Level"},[]],"tag":"App"},"name":"A.ℓ"},{"contents":[{"item":{"contents":"Set @0","tag":"Sort"},"name":"A"},{"contents":[{"item":{"contents":[{"Left":"Agda.Primitive.Level"},[]],"tag":"App"},"name":"B.ℓ′"},{"contents":[{"item":{"contents":"Set @0","tag":"Sort"},"name":"B"},{"contents":[{"item":{"contents":[{"Left":"Prelude.DecEq.Core.DecEq"},[{"contents":[{"Right":3},[]],"tag":"App"},{"contents":[{"Right":2},[]],"tag":"App"}]],"tag":"App"},"name":"_"},{"contents":[{"item":{"contents":[{"Left":"Prelude.DecEq.Core.DecEq"},[{"contents":[{"Right":1},[]],"tag":"App"},{"contents":[{"Right":0},[]],"tag":"App"}]],"tag":"App"},"name":"_"},{"contents":[{"Left":"Prelude.DecEq.Core.DecEq"},[{"contents":"lub @3 @1","tag":"Level"},{"contents":[{"Left":"Data.These.Base.These"},[{"contents":[{"Right":3},[]],"tag":"App"},{"contents":[{"Right":1},[]],"tag":"App"},{"contents":[{"Right":2},[]],"tag":"App"},{"contents":[{"Right":0},[]],"tag":"App"}]],"tag":"App"}]],"tag":"App"}],"tag":"Pi"}],"tag":"Pi"}],"tag":"Pi"}],"tag":"Pi"}],"tag":"Pi"}],"tag":"Pi"},"reduced":null,"simplified":null}},"name":"Prelude.DecEq.Core.DecEq-These"},{"item":{"pretty":"DecEq Agda.Builtin.Reflection.Name","thing":{"normalised":null,"original":{"contents":[{"Left":"Prelude.DecEq.Core.DecEq"},[{"contents":"lzero","tag":"Level"},{"contents":[{"Left":"Agda.Builtin.Reflection.Name"},[]],"tag":"App"}]],"tag":"App"},"reduced":null,"simplified":null}},"name":"Prelude.DecEq.Core.DecEq-Name"},{"item":{"pretty":"DecEq Agda.Builtin.Reflection.Term","thing":{"normalised":null,"original":{"contents":[{"Left":"Prelude.DecEq.Core.DecEq"},[{"contents":"lzero","tag":"Level"},{"contents":[{"Left":"Agda.Builtin.Reflection.Term"},[]],"tag":"App"}]],"tag":"App"},"reduced":null,"simplified":null}},"name":"Prelude.DecEq.Core.DecEq-Term"},{"item":{"pretty":"{ℓ : Agda.Primitive.Level} {A : Set ℓ} ⦃ _ : DecEq A ⦄\n{ℓ′ : Agda.Primitive.Level} {B : A → Set ℓ′}\n⦃ _ : {x : A} → DecEq (B x) ⦄ →\nDecEq (Agda.Builtin.Sigma.Σ A B)","thing":{"normalised":null,"original":{"contents":[{"item":{"contents":[{"Left":"Agda.Primitive.Level"},[]],"tag":"App"},"name":"ℓ"},{"contents":[{"item":{"contents":"Set @0","tag":"Sort"},"name":"A"},{"contents":[{"item":{"contents":[{"Left":"Prelude.DecEq.Core.DecEq"},[{"contents":[{"Right":1},[]],"tag":"App"},{"contents":[{"Right":0},[]],"tag":"App"}]],"tag":"App"},"name":"_"},{"contents":[{"item":{"contents":[{"Left":"Agda.Primitive.Level"},[]],"tag":"App"},"name":"ℓ′"},{"contents":[{"item":{"contents":[{"item":{"contents":[{"Right":1},[]],"tag":"App"},"name":"_"},{"contents":"Set @0","tag":"Sort"}],"tag":"Pi"},"name":"B"},{"contents":[{"item":{"contents":[{"item":{"contents":[{"Right":2},[]],"tag":"App"},"name":"x"},{"contents":[{"Left":"Prelude.DecEq.Core.DecEq"},[{"contents":[{"Right":2},[]],"tag":"App"},{"contents":[{"Right":1},[{"contents":[{"Right":0},[]],"tag":"App"}]],"tag":"App"}]],"tag":"App"}],"tag":"Pi"},"name":"_"},{"contents":[{"Left":"Prelude.DecEq.Core.DecEq"},[{"contents":"lub @3 @1","tag":"Level"},{"contents":[{"Left":"Agda.Builtin.Sigma.Σ"},[{"contents":[{"Right":3},[]],"tag":"App"},{"contents":[{"Right":1},[]],"tag":"App"},{"contents":[{"Right":2},[]],"tag":"App"},{"contents":[{"Right":0},[]],"tag":"App"}]],"tag":"App"}]],"tag":"App"}],"tag":"Pi"}],"tag":"Pi"}],"tag":"Pi"}],"tag":"Pi"}],"tag":"Pi"}],"tag":"Pi"},"reduced":null,"simplified":null}},"name":"Prelude.DecEq.WithK.DecEq-Σ"},{"item":{"pretty":"{A.ℓ : Agda.Primitive.Level} {A : Set A.ℓ} ⦃ _ : DecEq A ⦄ →\nDecEq (Agda.Builtin.Reflection.Arg A)","thing":{"normalised":null,"original":{"contents":[{"item":{"contents":[{"Left":"Agda.Primitive.Level"},[]],"tag":"App"},"name":"A.ℓ"},{"contents":[{"item":{"contents":"Set @0","tag":"Sort"},"name":"A"},{"contents":[{"item":{"contents":[{"Left":"Prelude.DecEq.Core.DecEq"},[{"contents":[{"Right":1},[]],"tag":"App"},{"contents":[{"Right":0},[]],"tag":"App"}]],"tag":"App"},"name":"_"},{"contents":[{"Left":"Prelude.DecEq.Core.DecEq"},[{"contents":[{"Right":1},[]],"tag":"App"},{"contents":[{"Left":"Agda.Builtin.Reflection.Arg"},[{"contents":[{"Right":1},[]],"tag":"App"},{"contents":[{"Right":0},[]],"tag":"App"}]],"tag":"App"}]],"tag":"App"}],"tag":"Pi"}],"tag":"Pi"}],"tag":"Pi"},"reduced":null,"simplified":null}},"name":"Prelude.DecEq.Core.DecEq-Arg"},{"item":{"pretty":"DecEq Agda.Builtin.Reflection.Visibility","thing":{"normalised":null,"original":{"contents":[{"Left":"Prelude.DecEq.Core.DecEq"},[{"contents":"lzero","tag":"Level"},{"contents":[{"Left":"Agda.Builtin.Reflection.Visibility"},[]],"tag":"App"}]],"tag":"App"},"reduced":null,"simplified":null}},"name":"Prelude.DecEq.Core.DecEq-Vis"},{"item":{"pretty":"Prelude.Generics.Deriving.Derivable \"DecEq\" 1","thing":{"normalised":null,"original":{"contents":[{"Left":"Prelude.Generics.Deriving.Derivable"},[{"contents":"\"DecEq\"","tag":"Lit"},{"contents":"1","tag":"Lit"}]],"tag":"App"},"reduced":null,"simplified":null}},"name":"Prelude.DecEq.Derive.Derivable-DecEq"}],"name":"Prelude.DecEq"},"samples":[]}