{"scope":{"item":[{"item":{"pretty":"(Agda.Builtin.Nat.Nat → Agda.Builtin.Nat.Nat) →\nAgda.Builtin.Reflection.Pattern → Agda.Builtin.Reflection.Pattern","thing":{"normalised":null,"original":{"contents":[{"item":{"contents":[{"item":{"contents":[{"Left":"Agda.Builtin.Nat.Nat"},[]],"tag":"App"},"name":"_"},{"contents":[{"Left":"Agda.Builtin.Nat.Nat"},[]],"tag":"App"}],"tag":"Pi"},"name":"_"},{"contents":[{"item":{"contents":[{"Left":"Agda.Builtin.Reflection.Pattern"},[]],"tag":"App"},"name":"_"},{"contents":[{"Left":"Agda.Builtin.Reflection.Pattern"},[]],"tag":"App"}],"tag":"Pi"}],"tag":"Pi"},"reduced":null,"simplified":null}},"name":"Prelude.Generics.Utils.mapVariables"},{"item":{"pretty":"Agda.Builtin.Nat.Nat → Set","thing":{"normalised":null,"original":{"contents":[{"item":{"contents":[{"Left":"Agda.Builtin.Nat.Nat"},[]],"tag":"App"},"name":"_"},{"contents":"Set","tag":"Sort"}],"tag":"Pi"},"reduced":null,"simplified":null}},"name":"Prelude.Generics.Deriving.Derivation"},{"item":{"pretty":"{A.ℓ : Agda.Primitive.Level} {A : Set A.ℓ} →\nAgda.Builtin.String.String → Agda.Builtin.Reflection.TC A","thing":{"normalised":null,"original":{"contents":[{"item":{"contents":[{"Left":"Agda.Primitive.Level"},[]],"tag":"App"},"name":"A.ℓ"},{"contents":[{"item":{"contents":"Set @0","tag":"Sort"},"name":"A"},{"contents":[{"item":{"contents":[{"Left":"Agda.Builtin.String.String"},[]],"tag":"App"},"name":"_"},{"contents":[{"Left":"Agda.Builtin.Reflection.TC"},[{"contents":[{"Right":1},[]],"tag":"App"},{"contents":[{"Right":0},[]],"tag":"App"}]],"tag":"App"}],"tag":"Pi"}],"tag":"Pi"}],"tag":"Pi"},"reduced":null,"simplified":null}},"name":"Prelude.Generics.Debug.error"},{"item":{"pretty":"{A.ℓ : Agda.Primitive.Level} {A : Set A.ℓ} →\nAgda.Builtin.Reflection.TC A","thing":{"normalised":null,"original":{"contents":[{"item":{"contents":[{"Left":"Agda.Primitive.Level"},[]],"tag":"App"},"name":"A.ℓ"},{"contents":[{"item":{"contents":"Set @0","tag":"Sort"},"name":"A"},{"contents":[{"Left":"Agda.Builtin.Reflection.TC"},[{"contents":[{"Right":1},[]],"tag":"App"},{"contents":[{"Right":0},[]],"tag":"App"}]],"tag":"App"}],"tag":"Pi"}],"tag":"Pi"},"reduced":null,"simplified":null}},"name":"Prelude.Generics.Debug._IMPOSSIBLE_"},{"item":{"pretty":"(F : Agda.Builtin.String.String) (n : Agda.Builtin.Nat.Nat) →\nAgda.Primitive.Setω","thing":{"normalised":null,"original":{"contents":[{"item":{"contents":[{"Left":"Agda.Builtin.String.String"},[]],"tag":"App"},"name":"F"},{"contents":[{"item":{"contents":[{"Left":"Agda.Builtin.Nat.Nat"},[]],"tag":"App"},"name":"n"},{"contents":"Setω","tag":"Sort"}],"tag":"Pi"}],"tag":"Pi"},"reduced":null,"simplified":null}},"name":"Prelude.Generics.Deriving.Derivable"},{"item":{"pretty":"Set","thing":{"normalised":null,"original":{"contents":"Set","tag":"Sort"},"reduced":null,"simplified":null}},"name":"Prelude.Generics.Utils.TypeView"},{"item":{"pretty":"{F : Agda.Builtin.String.String} {n : Agda.Builtin.Nat.Nat}\n⦃ r : Derivable F n ⦄ →\nDerivation (Data.Nat.Base.pred n)","thing":{"normalised":{"contents":[{"item":{"contents":[{"Left":"Agda.Builtin.String.String"},[]],"tag":"App"},"name":"F"},{"contents":[{"item":{"contents":[{"Left":"Agda.Builtin.Nat.Nat"},[]],"tag":"App"},"name":"n"},{"contents":[{"item":{"contents":[{"Left":"Prelude.Generics.Deriving.Derivable"},[{"contents":[{"Right":1},[]],"tag":"App"},{"contents":[{"Right":0},[]],"tag":"App"}]],"tag":"App"},"name":"r"},{"contents":[{"item":{"contents":[{"Left":"Agda.Builtin.List.List"},[{"contents":"lzero","tag":"Level"},{"contents":[{"Left":"Agda.Builtin.Sigma.Σ"},[{"contents":"lzero","tag":"Level"},{"contents":"lzero","tag":"Level"},{"contents":[{"Left":"Agda.Builtin.Reflection.Name"},[]],"tag":"App"},{"contents":{"item":{"contents":[{"Left":"Prelude.General._^_"},[{"contents":"lzero","tag":"Level"},{"contents":[{"Left":"Agda.Builtin.Reflection.Name"},[]],"tag":"App"},{"contents":[{"Left":"Agda.Builtin.Nat._-_"},[{"contents":[{"Right":2},[]],"tag":"App"},{"contents":"1","tag":"Lit"}]],"tag":"App"}]],"tag":"App"},"name":"x"},"tag":"Lam"}]],"tag":"App"}]],"tag":"App"},"name":"_"},{"contents":[{"Left":"Agda.Builtin.Reflection.TC"},[{"contents":"lzero","tag":"Level"},{"contents":[{"Left":"Agda.Builtin.Unit.⊤"},[]],"tag":"App"}]],"tag":"App"}],"tag":"Pi"}],"tag":"Pi"}],"tag":"Pi"}],"tag":"Pi"},"original":{"contents":[{"item":{"contents":[{"Left":"Agda.Builtin.String.String"},[]],"tag":"App"},"name":"F"},{"contents":[{"item":{"contents":[{"Left":"Agda.Builtin.Nat.Nat"},[]],"tag":"App"},"name":"n"},{"contents":[{"item":{"contents":[{"Left":"Prelude.Generics.Deriving.Derivable"},[{"contents":[{"Right":1},[]],"tag":"App"},{"contents":[{"Right":0},[]],"tag":"App"}]],"tag":"App"},"name":"r"},{"contents":[{"Left":"Prelude.Generics.Deriving.Derivation"},[{"contents":[{"Left":"Data.Nat.Base.pred"},[{"contents":[{"Right":1},[]],"tag":"App"}]],"tag":"App"}]],"tag":"App"}],"tag":"Pi"}],"tag":"Pi"}],"tag":"Pi"},"reduced":null,"simplified":null}},"name":"Prelude.Generics.Deriving._.derive"},{"item":{"pretty":"Agda.Builtin.Reflection.Type → TypeView","thing":{"normalised":{"contents":[{"item":{"contents":[{"Left":"Agda.Builtin.Reflection.Term"},[]],"tag":"App"},"name":"_"},{"contents":[{"Left":"Agda.Builtin.Sigma.Σ"},[{"contents":"lzero","tag":"Level"},{"contents":"lzero","tag":"Level"},{"contents":[{"Left":"Agda.Builtin.List.List"},[{"contents":"lzero","tag":"Level"},{"contents":[{"Left":"Agda.Builtin.Reflection.Abs"},[{"contents":"lzero","tag":"Level"},{"contents":[{"Left":"Agda.Builtin.Reflection.Arg"},[{"contents":"lzero","tag":"Level"},{"contents":[{"Left":"Agda.Builtin.Reflection.Term"},[]],"tag":"App"}]],"tag":"App"}]],"tag":"App"}]],"tag":"App"},{"contents":{"item":{"contents":[{"Left":"Agda.Builtin.Reflection.Term"},[]],"tag":"App"},"name":"x"},"tag":"Lam"}]],"tag":"App"}],"tag":"Pi"},"original":{"contents":[{"item":{"contents":[{"Left":"Agda.Builtin.Reflection.Type"},[]],"tag":"App"},"name":"_"},{"contents":[{"Left":"Prelude.Generics.Utils.TypeView"},[]],"tag":"App"}],"tag":"Pi"},"reduced":null,"simplified":null}},"name":"Prelude.Generics.Utils.viewTy"},{"item":{"pretty":"TypeView → Agda.Builtin.Reflection.Type","thing":{"normalised":{"contents":[{"item":{"contents":[{"Left":"Agda.Builtin.Sigma.Σ"},[{"contents":"lzero","tag":"Level"},{"contents":"lzero","tag":"Level"},{"contents":[{"Left":"Agda.Builtin.List.List"},[{"contents":"lzero","tag":"Level"},{"contents":[{"Left":"Agda.Builtin.Reflection.Abs"},[{"contents":"lzero","tag":"Level"},{"contents":[{"Left":"Agda.Builtin.Reflection.Arg"},[{"contents":"lzero","tag":"Level"},{"contents":[{"Left":"Agda.Builtin.Reflection.Term"},[]],"tag":"App"}]],"tag":"App"}]],"tag":"App"}]],"tag":"App"},{"contents":{"item":{"contents":[{"Left":"Agda.Builtin.Reflection.Term"},[]],"tag":"App"},"name":"x"},"tag":"Lam"}]],"tag":"App"},"name":"_"},{"contents":[{"Left":"Agda.Builtin.Reflection.Term"},[]],"tag":"App"}],"tag":"Pi"},"original":{"contents":[{"item":{"contents":[{"Left":"Prelude.Generics.Utils.TypeView"},[]],"tag":"App"},"name":"_"},{"contents":[{"Left":"Agda.Builtin.Reflection.Type"},[]],"tag":"App"}],"tag":"Pi"},"reduced":null,"simplified":null}},"name":"Prelude.Generics.Utils.tyView"},{"item":{"pretty":"Agda.Builtin.Reflection.Name → Tactic","thing":{"normalised":{"contents":[{"item":{"contents":[{"Left":"Agda.Builtin.Reflection.Name"},[]],"tag":"App"},"name":"_"},{"contents":[{"item":{"contents":[{"Left":"Agda.Builtin.Reflection.Term"},[]],"tag":"App"},"name":"_"},{"contents":[{"Left":"Agda.Builtin.Reflection.TC"},[{"contents":"lzero","tag":"Level"},{"contents":[{"Left":"Agda.Builtin.Unit.⊤"},[]],"tag":"App"}]],"tag":"App"}],"tag":"Pi"}],"tag":"Pi"},"original":{"contents":[{"item":{"contents":[{"Left":"Agda.Builtin.Reflection.Name"},[]],"tag":"App"},"name":"_"},{"contents":[{"Left":"Prelude.Generics.Core.Tactic"},[]],"tag":"App"}],"tag":"Pi"},"reduced":null,"simplified":null}},"name":"Prelude.Generics.Deriving.DERIVE"},{"item":{"pretty":"(Agda.Builtin.Reflection.Type → Agda.Builtin.Reflection.Type) →\nAgda.Builtin.Reflection.Type → Agda.Builtin.Reflection.Type","thing":{"normalised":{"contents":[{"item":{"contents":[{"item":{"contents":[{"Left":"Agda.Builtin.Reflection.Term"},[]],"tag":"App"},"name":"_"},{"contents":[{"Left":"Agda.Builtin.Reflection.Term"},[]],"tag":"App"}],"tag":"Pi"},"name":"_"},{"contents":[{"item":{"contents":[{"Left":"Agda.Builtin.Reflection.Term"},[]],"tag":"App"},"name":"_"},{"contents":[{"Left":"Agda.Builtin.Reflection.Term"},[]],"tag":"App"}],"tag":"Pi"}],"tag":"Pi"},"original":{"contents":[{"item":{"contents":[{"item":{"contents":[{"Left":"Agda.Builtin.Reflection.Type"},[]],"tag":"App"},"name":"_"},{"contents":[{"Left":"Agda.Builtin.Reflection.Type"},[]],"tag":"App"}],"tag":"Pi"},"name":"_"},{"contents":[{"item":{"contents":[{"Left":"Agda.Builtin.Reflection.Type"},[]],"tag":"App"},"name":"_"},{"contents":[{"Left":"Agda.Builtin.Reflection.Type"},[]],"tag":"App"}],"tag":"Pi"}],"tag":"Pi"},"reduced":null,"simplified":null}},"name":"Prelude.Generics.Utils.argumentWise"},{"item":{"pretty":"Agda.Builtin.Reflection.Name → Tactic","thing":{"normalised":{"contents":[{"item":{"contents":[{"Left":"Agda.Builtin.Reflection.Name"},[]],"tag":"App"},"name":"_"},{"contents":[{"item":{"contents":[{"Left":"Agda.Builtin.Reflection.Term"},[]],"tag":"App"},"name":"_"},{"contents":[{"Left":"Agda.Builtin.Reflection.TC"},[{"contents":"lzero","tag":"Level"},{"contents":[{"Left":"Agda.Builtin.Unit.⊤"},[]],"tag":"App"}]],"tag":"App"}],"tag":"Pi"}],"tag":"Pi"},"original":{"contents":[{"item":{"contents":[{"Left":"Agda.Builtin.Reflection.Name"},[]],"tag":"App"},"name":"_"},{"contents":[{"Left":"Prelude.Generics.Core.Tactic"},[]],"tag":"App"}],"tag":"Pi"},"reduced":null,"simplified":null}},"name":"Prelude.Generics.Deriving.DERIVABLE"},{"item":{"pretty":"Agda.Builtin.Reflection.Type →\nReflection.Argument.Args Agda.Builtin.Reflection.Type\nData.Product.× Agda.Builtin.Reflection.Type","thing":{"normalised":{"contents":[{"item":{"contents":[{"Left":"Agda.Builtin.Reflection.Term"},[]],"tag":"App"},"name":"_"},{"contents":[{"Left":"Agda.Builtin.Sigma.Σ"},[{"contents":"lzero","tag":"Level"},{"contents":"lzero","tag":"Level"},{"contents":[{"Left":"Agda.Builtin.List.List"},[{"contents":"lzero","tag":"Level"},{"contents":[{"Left":"Agda.Builtin.Reflection.Arg"},[{"contents":"lzero","tag":"Level"},{"contents":[{"Left":"Agda.Builtin.Reflection.Term"},[]],"tag":"App"}]],"tag":"App"}]],"tag":"App"},{"contents":{"item":{"contents":[{"Left":"Agda.Builtin.Reflection.Term"},[]],"tag":"App"},"name":"x"},"tag":"Lam"}]],"tag":"App"}],"tag":"Pi"},"original":{"contents":[{"item":{"contents":[{"Left":"Agda.Builtin.Reflection.Type"},[]],"tag":"App"},"name":"_"},{"contents":[{"Left":"Data.Product._×_"},[{"contents":"lzero","tag":"Level"},{"contents":"lzero","tag":"Level"},{"contents":[{"Left":"Reflection.Argument.Args"},[{"contents":"lzero","tag":"Level"},{"contents":[{"Left":"Agda.Builtin.Reflection.Type"},[]],"tag":"App"}]],"tag":"App"},{"contents":[{"Left":"Agda.Builtin.Reflection.Type"},[]],"tag":"App"}]],"tag":"App"}],"tag":"Pi"},"reduced":null,"simplified":null}},"name":"Prelude.Generics.Utils.viewTy′"},{"item":{"pretty":"Agda.Builtin.Reflection.Type →\nReflection.Argument.Args Agda.Builtin.Reflection.Type","thing":{"normalised":{"contents":[{"item":{"contents":[{"Left":"Agda.Builtin.Reflection.Term"},[]],"tag":"App"},"name":"_"},{"contents":[{"Left":"Agda.Builtin.List.List"},[{"contents":"lzero","tag":"Level"},{"contents":[{"Left":"Agda.Builtin.Reflection.Arg"},[{"contents":"lzero","tag":"Level"},{"contents":[{"Left":"Agda.Builtin.Reflection.Term"},[]],"tag":"App"}]],"tag":"App"}]],"tag":"App"}],"tag":"Pi"},"original":{"contents":[{"item":{"contents":[{"Left":"Agda.Builtin.Reflection.Type"},[]],"tag":"App"},"name":"_"},{"contents":[{"Left":"Reflection.Argument.Args"},[{"contents":"lzero","tag":"Level"},{"contents":[{"Left":"Agda.Builtin.Reflection.Type"},[]],"tag":"App"}]],"tag":"App"}],"tag":"Pi"},"reduced":null,"simplified":null}},"name":"Prelude.Generics.Utils.argTys"},{"item":{"pretty":"Agda.Builtin.Reflection.Type → Agda.Builtin.Reflection.Type","thing":{"normalised":{"contents":[{"item":{"contents":[{"Left":"Agda.Builtin.Reflection.Term"},[]],"tag":"App"},"name":"_"},{"contents":[{"Left":"Agda.Builtin.Reflection.Term"},[]],"tag":"App"}],"tag":"Pi"},"original":{"contents":[{"item":{"contents":[{"Left":"Agda.Builtin.Reflection.Type"},[]],"tag":"App"},"name":"_"},{"contents":[{"Left":"Agda.Builtin.Reflection.Type"},[]],"tag":"App"}],"tag":"Pi"},"reduced":null,"simplified":null}},"name":"Prelude.Generics.Utils.resultTy"},{"item":{"pretty":"Agda.Builtin.Reflection.Type → Reflection.Term.Telescope","thing":{"normalised":{"contents":[{"item":{"contents":[{"Left":"Agda.Builtin.Reflection.Term"},[]],"tag":"App"},"name":"_"},{"contents":[{"Left":"Agda.Builtin.List.List"},[{"contents":"lzero","tag":"Level"},{"contents":[{"Left":"Agda.Builtin.Sigma.Σ"},[{"contents":"lzero","tag":"Level"},{"contents":"lzero","tag":"Level"},{"contents":[{"Left":"Agda.Builtin.String.String"},[]],"tag":"App"},{"contents":{"item":{"contents":[{"Left":"Agda.Builtin.Reflection.Arg"},[{"contents":"lzero","tag":"Level"},{"contents":[{"Left":"Agda.Builtin.Reflection.Term"},[]],"tag":"App"}]],"tag":"App"},"name":"x"},"tag":"Lam"}]],"tag":"App"}]],"tag":"App"}],"tag":"Pi"},"original":{"contents":[{"item":{"contents":[{"Left":"Agda.Builtin.Reflection.Type"},[]],"tag":"App"},"name":"_"},{"contents":[{"Left":"Reflection.Term.Telescope"},[]],"tag":"App"}],"tag":"Pi"},"reduced":null,"simplified":null}},"name":"Prelude.Generics.Utils.tyTele"},{"item":{"pretty":"Agda.Builtin.Reflection.Type →\nAgda.Builtin.Maybe.Maybe Agda.Builtin.Reflection.Name","thing":{"normalised":{"contents":[{"item":{"contents":[{"Left":"Agda.Builtin.Reflection.Term"},[]],"tag":"App"},"name":"_"},{"contents":[{"Left":"Agda.Builtin.Maybe.Maybe"},[{"contents":"lzero","tag":"Level"},{"contents":[{"Left":"Agda.Builtin.Reflection.Name"},[]],"tag":"App"}]],"tag":"App"}],"tag":"Pi"},"original":{"contents":[{"item":{"contents":[{"Left":"Agda.Builtin.Reflection.Type"},[]],"tag":"App"},"name":"_"},{"contents":[{"Left":"Agda.Builtin.Maybe.Maybe"},[{"contents":"lzero","tag":"Level"},{"contents":[{"Left":"Agda.Builtin.Reflection.Name"},[]],"tag":"App"}]],"tag":"App"}],"tag":"Pi"},"reduced":null,"simplified":null}},"name":"Prelude.Generics.Utils.tyName"},{"item":{"pretty":"Agda.Builtin.Reflection.Term →\nReflection.Argument.Args Agda.Builtin.Reflection.Term","thing":{"normalised":{"contents":[{"item":{"contents":[{"Left":"Agda.Builtin.Reflection.Term"},[]],"tag":"App"},"name":"_"},{"contents":[{"Left":"Agda.Builtin.List.List"},[{"contents":"lzero","tag":"Level"},{"contents":[{"Left":"Agda.Builtin.Reflection.Arg"},[{"contents":"lzero","tag":"Level"},{"contents":[{"Left":"Agda.Builtin.Reflection.Term"},[]],"tag":"App"}]],"tag":"App"}]],"tag":"App"}],"tag":"Pi"},"original":{"contents":[{"item":{"contents":[{"Left":"Agda.Builtin.Reflection.Term"},[]],"tag":"App"},"name":"_"},{"contents":[{"Left":"Reflection.Argument.Args"},[{"contents":"lzero","tag":"Level"},{"contents":[{"Left":"Agda.Builtin.Reflection.Term"},[]],"tag":"App"}]],"tag":"App"}],"tag":"Pi"},"reduced":null,"simplified":null}},"name":"Prelude.Generics.Utils.args"},{"item":{"pretty":"Agda.Builtin.Reflection.Term →\nAgda.Builtin.List.List Agda.Builtin.Reflection.Term","thing":{"normalised":null,"original":{"contents":[{"item":{"contents":[{"Left":"Agda.Builtin.Reflection.Term"},[]],"tag":"App"},"name":"_"},{"contents":[{"Left":"Agda.Builtin.List.List"},[{"contents":"lzero","tag":"Level"},{"contents":[{"Left":"Agda.Builtin.Reflection.Term"},[]],"tag":"App"}]],"tag":"App"}],"tag":"Pi"},"reduced":null,"simplified":null}},"name":"Prelude.Generics.Utils.args′"},{"item":{"pretty":"(f : Agda.Builtin.Nat.Nat → Agda.Builtin.Nat.Nat) →\nAgda.Builtin.Nat.Nat → Agda.Builtin.Nat.Nat → Agda.Builtin.Nat.Nat","thing":{"normalised":null,"original":{"contents":[{"item":{"contents":[{"item":{"contents":[{"Left":"Agda.Builtin.Nat.Nat"},[]],"tag":"App"},"name":"_"},{"contents":[{"Left":"Agda.Builtin.Nat.Nat"},[]],"tag":"App"}],"tag":"Pi"},"name":"f"},{"contents":[{"item":{"contents":[{"Left":"Agda.Builtin.Nat.Nat"},[]],"tag":"App"},"name":"_"},{"contents":[{"item":{"contents":[{"Left":"Agda.Builtin.Nat.Nat"},[]],"tag":"App"},"name":"_"},{"contents":[{"Left":"Agda.Builtin.Nat.Nat"},[]],"tag":"App"}],"tag":"Pi"}],"tag":"Pi"}],"tag":"Pi"},"reduced":null,"simplified":null}},"name":"Prelude.Generics.Utils._._⁇_"},{"item":{"pretty":"(f : Agda.Builtin.Nat.Nat → Agda.Builtin.Nat.Nat) →\nAgda.Builtin.Nat.Nat →\nAgda.Builtin.Reflection.Term → Agda.Builtin.Reflection.Term","thing":{"normalised":null,"original":{"contents":[{"item":{"contents":[{"item":{"contents":[{"Left":"Agda.Builtin.Nat.Nat"},[]],"tag":"App"},"name":"_"},{"contents":[{"Left":"Agda.Builtin.Nat.Nat"},[]],"tag":"App"}],"tag":"Pi"},"name":"f"},{"contents":[{"item":{"contents":[{"Left":"Agda.Builtin.Nat.Nat"},[]],"tag":"App"},"name":"_"},{"contents":[{"item":{"contents":[{"Left":"Agda.Builtin.Reflection.Term"},[]],"tag":"App"},"name":"_"},{"contents":[{"Left":"Agda.Builtin.Reflection.Term"},[]],"tag":"App"}],"tag":"Pi"}],"tag":"Pi"}],"tag":"Pi"},"reduced":null,"simplified":null}},"name":"Prelude.Generics.Utils._.mapFreeVars"},{"item":{"pretty":"(f : Agda.Builtin.Nat.Nat → Agda.Builtin.Nat.Nat) →\nAgda.Builtin.Nat.Nat →\nReflection.Argument.Args Agda.Builtin.Reflection.Term →\nReflection.Argument.Args Agda.Builtin.Reflection.Term","thing":{"normalised":{"contents":[{"item":{"contents":[{"item":{"contents":[{"Left":"Agda.Builtin.Nat.Nat"},[]],"tag":"App"},"name":"_"},{"contents":[{"Left":"Agda.Builtin.Nat.Nat"},[]],"tag":"App"}],"tag":"Pi"},"name":"f"},{"contents":[{"item":{"contents":[{"Left":"Agda.Builtin.Nat.Nat"},[]],"tag":"App"},"name":"_"},{"contents":[{"item":{"contents":[{"Left":"Agda.Builtin.List.List"},[{"contents":"lzero","tag":"Level"},{"contents":[{"Left":"Agda.Builtin.Reflection.Arg"},[{"contents":"lzero","tag":"Level"},{"contents":[{"Left":"Agda.Builtin.Reflection.Term"},[]],"tag":"App"}]],"tag":"App"}]],"tag":"App"},"name":"_"},{"contents":[{"Left":"Agda.Builtin.List.List"},[{"contents":"lzero","tag":"Level"},{"contents":[{"Left":"Agda.Builtin.Reflection.Arg"},[{"contents":"lzero","tag":"Level"},{"contents":[{"Left":"Agda.Builtin.Reflection.Term"},[]],"tag":"App"}]],"tag":"App"}]],"tag":"App"}],"tag":"Pi"}],"tag":"Pi"}],"tag":"Pi"},"original":{"contents":[{"item":{"contents":[{"item":{"contents":[{"Left":"Agda.Builtin.Nat.Nat"},[]],"tag":"App"},"name":"_"},{"contents":[{"Left":"Agda.Builtin.Nat.Nat"},[]],"tag":"App"}],"tag":"Pi"},"name":"f"},{"contents":[{"item":{"contents":[{"Left":"Agda.Builtin.Nat.Nat"},[]],"tag":"App"},"name":"_"},{"contents":[{"item":{"contents":[{"Left":"Reflection.Argument.Args"},[{"contents":"lzero","tag":"Level"},{"contents":[{"Left":"Agda.Builtin.Reflection.Term"},[]],"tag":"App"}]],"tag":"App"},"name":"_"},{"contents":[{"Left":"Reflection.Argument.Args"},[{"contents":"lzero","tag":"Level"},{"contents":[{"Left":"Agda.Builtin.Reflection.Term"},[]],"tag":"App"}]],"tag":"App"}],"tag":"Pi"}],"tag":"Pi"}],"tag":"Pi"},"reduced":null,"simplified":null}},"name":"Prelude.Generics.Utils._.mapFreeVars∗"},{"item":{"pretty":"(f : Agda.Builtin.Nat.Nat → Agda.Builtin.Nat.Nat) →\nAgda.Builtin.Nat.Nat →\nAgda.Builtin.Reflection.Pattern → Agda.Builtin.Reflection.Pattern","thing":{"normalised":null,"original":{"contents":[{"item":{"contents":[{"item":{"contents":[{"Left":"Agda.Builtin.Nat.Nat"},[]],"tag":"App"},"name":"_"},{"contents":[{"Left":"Agda.Builtin.Nat.Nat"},[]],"tag":"App"}],"tag":"Pi"},"name":"f"},{"contents":[{"item":{"contents":[{"Left":"Agda.Builtin.Nat.Nat"},[]],"tag":"App"},"name":"_"},{"contents":[{"item":{"contents":[{"Left":"Agda.Builtin.Reflection.Pattern"},[]],"tag":"App"},"name":"_"},{"contents":[{"Left":"Agda.Builtin.Reflection.Pattern"},[]],"tag":"App"}],"tag":"Pi"}],"tag":"Pi"}],"tag":"Pi"},"reduced":null,"simplified":null}},"name":"Prelude.Generics.Utils._.mapFreeVarsᵖ"},{"item":{"pretty":"(f : Agda.Builtin.Nat.Nat → Agda.Builtin.Nat.Nat) →\nAgda.Builtin.Nat.Nat →\nReflection.Argument.Args Agda.Builtin.Reflection.Pattern →\nReflection.Argument.Args Agda.Builtin.Reflection.Pattern","thing":{"normalised":{"contents":[{"item":{"contents":[{"item":{"contents":[{"Left":"Agda.Builtin.Nat.Nat"},[]],"tag":"App"},"name":"_"},{"contents":[{"Left":"Agda.Builtin.Nat.Nat"},[]],"tag":"App"}],"tag":"Pi"},"name":"f"},{"contents":[{"item":{"contents":[{"Left":"Agda.Builtin.Nat.Nat"},[]],"tag":"App"},"name":"_"},{"contents":[{"item":{"contents":[{"Left":"Agda.Builtin.List.List"},[{"contents":"lzero","tag":"Level"},{"contents":[{"Left":"Agda.Builtin.Reflection.Arg"},[{"contents":"lzero","tag":"Level"},{"contents":[{"Left":"Agda.Builtin.Reflection.Pattern"},[]],"tag":"App"}]],"tag":"App"}]],"tag":"App"},"name":"_"},{"contents":[{"Left":"Agda.Builtin.List.List"},[{"contents":"lzero","tag":"Level"},{"contents":[{"Left":"Agda.Builtin.Reflection.Arg"},[{"contents":"lzero","tag":"Level"},{"contents":[{"Left":"Agda.Builtin.Reflection.Pattern"},[]],"tag":"App"}]],"tag":"App"}]],"tag":"App"}],"tag":"Pi"}],"tag":"Pi"}],"tag":"Pi"},"original":{"contents":[{"item":{"contents":[{"item":{"contents":[{"Left":"Agda.Builtin.Nat.Nat"},[]],"tag":"App"},"name":"_"},{"contents":[{"Left":"Agda.Builtin.Nat.Nat"},[]],"tag":"App"}],"tag":"Pi"},"name":"f"},{"contents":[{"item":{"contents":[{"Left":"Agda.Builtin.Nat.Nat"},[]],"tag":"App"},"name":"_"},{"contents":[{"item":{"contents":[{"Left":"Reflection.Argument.Args"},[{"contents":"lzero","tag":"Level"},{"contents":[{"Left":"Agda.Builtin.Reflection.Pattern"},[]],"tag":"App"}]],"tag":"App"},"name":"_"},{"contents":[{"Left":"Reflection.Argument.Args"},[{"contents":"lzero","tag":"Level"},{"contents":[{"Left":"Agda.Builtin.Reflection.Pattern"},[]],"tag":"App"}]],"tag":"App"}],"tag":"Pi"}],"tag":"Pi"}],"tag":"Pi"},"reduced":null,"simplified":null}},"name":"Prelude.Generics.Utils._.mapFreeVarsᵖ∗"},{"item":{"pretty":"(f : Agda.Builtin.Nat.Nat → Agda.Builtin.Nat.Nat) →\nAgda.Builtin.Nat.Nat →\nReflection.Term.Telescope → Reflection.Term.Telescope","thing":{"normalised":{"contents":[{"item":{"contents":[{"item":{"contents":[{"Left":"Agda.Builtin.Nat.Nat"},[]],"tag":"App"},"name":"_"},{"contents":[{"Left":"Agda.Builtin.Nat.Nat"},[]],"tag":"App"}],"tag":"Pi"},"name":"f"},{"contents":[{"item":{"contents":[{"Left":"Agda.Builtin.Nat.Nat"},[]],"tag":"App"},"name":"_"},{"contents":[{"item":{"contents":[{"Left":"Agda.Builtin.List.List"},[{"contents":"lzero","tag":"Level"},{"contents":[{"Left":"Agda.Builtin.Sigma.Σ"},[{"contents":"lzero","tag":"Level"},{"contents":"lzero","tag":"Level"},{"contents":[{"Left":"Agda.Builtin.String.String"},[]],"tag":"App"},{"contents":{"item":{"contents":[{"Left":"Agda.Builtin.Reflection.Arg"},[{"contents":"lzero","tag":"Level"},{"contents":[{"Left":"Agda.Builtin.Reflection.Term"},[]],"tag":"App"}]],"tag":"App"},"name":"x"},"tag":"Lam"}]],"tag":"App"}]],"tag":"App"},"name":"_"},{"contents":[{"Left":"Agda.Builtin.List.List"},[{"contents":"lzero","tag":"Level"},{"contents":[{"Left":"Agda.Builtin.Sigma.Σ"},[{"contents":"lzero","tag":"Level"},{"contents":"lzero","tag":"Level"},{"contents":[{"Left":"Agda.Builtin.String.String"},[]],"tag":"App"},{"contents":{"item":{"contents":[{"Left":"Agda.Builtin.Reflection.Arg"},[{"contents":"lzero","tag":"Level"},{"contents":[{"Left":"Agda.Builtin.Reflection.Term"},[]],"tag":"App"}]],"tag":"App"},"name":"x"},"tag":"Lam"}]],"tag":"App"}]],"tag":"App"}],"tag":"Pi"}],"tag":"Pi"}],"tag":"Pi"},"original":{"contents":[{"item":{"contents":[{"item":{"contents":[{"Left":"Agda.Builtin.Nat.Nat"},[]],"tag":"App"},"name":"_"},{"contents":[{"Left":"Agda.Builtin.Nat.Nat"},[]],"tag":"App"}],"tag":"Pi"},"name":"f"},{"contents":[{"item":{"contents":[{"Left":"Agda.Builtin.Nat.Nat"},[]],"tag":"App"},"name":"_"},{"contents":[{"item":{"contents":[{"Left":"Reflection.Term.Telescope"},[]],"tag":"App"},"name":"_"},{"contents":[{"Left":"Reflection.Term.Telescope"},[]],"tag":"App"}],"tag":"Pi"}],"tag":"Pi"}],"tag":"Pi"},"reduced":null,"simplified":null}},"name":"Prelude.Generics.Utils._.mapFreeVarsᵗ"},{"item":{"pretty":"(f : Agda.Builtin.Nat.Nat → Agda.Builtin.Nat.Nat) →\nAgda.Builtin.Nat.Nat →\nAgda.Builtin.Reflection.Clause → Agda.Builtin.Reflection.Clause","thing":{"normalised":null,"original":{"contents":[{"item":{"contents":[{"item":{"contents":[{"Left":"Agda.Builtin.Nat.Nat"},[]],"tag":"App"},"name":"_"},{"contents":[{"Left":"Agda.Builtin.Nat.Nat"},[]],"tag":"App"}],"tag":"Pi"},"name":"f"},{"contents":[{"item":{"contents":[{"Left":"Agda.Builtin.Nat.Nat"},[]],"tag":"App"},"name":"_"},{"contents":[{"item":{"contents":[{"Left":"Agda.Builtin.Reflection.Clause"},[]],"tag":"App"},"name":"_"},{"contents":[{"Left":"Agda.Builtin.Reflection.Clause"},[]],"tag":"App"}],"tag":"Pi"}],"tag":"Pi"}],"tag":"Pi"},"reduced":null,"simplified":null}},"name":"Prelude.Generics.Utils._.mapFreeVarsᶜ"},{"item":{"pretty":"(f : Agda.Builtin.Nat.Nat → Agda.Builtin.Nat.Nat) →\nAgda.Builtin.Nat.Nat →\nAgda.Builtin.List.List Agda.Builtin.Reflection.Clause →\nAgda.Builtin.List.List Agda.Builtin.Reflection.Clause","thing":{"normalised":null,"original":{"contents":[{"item":{"contents":[{"item":{"contents":[{"Left":"Agda.Builtin.Nat.Nat"},[]],"tag":"App"},"name":"_"},{"contents":[{"Left":"Agda.Builtin.Nat.Nat"},[]],"tag":"App"}],"tag":"Pi"},"name":"f"},{"contents":[{"item":{"contents":[{"Left":"Agda.Builtin.Nat.Nat"},[]],"tag":"App"},"name":"_"},{"contents":[{"item":{"contents":[{"Left":"Agda.Builtin.List.List"},[{"contents":"lzero","tag":"Level"},{"contents":[{"Left":"Agda.Builtin.Reflection.Clause"},[]],"tag":"App"}]],"tag":"App"},"name":"_"},{"contents":[{"Left":"Agda.Builtin.List.List"},[{"contents":"lzero","tag":"Level"},{"contents":[{"Left":"Agda.Builtin.Reflection.Clause"},[]],"tag":"App"}]],"tag":"App"}],"tag":"Pi"}],"tag":"Pi"}],"tag":"Pi"},"reduced":null,"simplified":null}},"name":"Prelude.Generics.Utils._.mapFreeVarsᶜ∗"},{"item":{"pretty":"(f : Agda.Builtin.Nat.Nat → Agda.Builtin.Nat.Nat) →\nAgda.Builtin.Nat.Nat →\nAgda.Builtin.Reflection.Sort → Agda.Builtin.Reflection.Sort","thing":{"normalised":null,"original":{"contents":[{"item":{"contents":[{"item":{"contents":[{"Left":"Agda.Builtin.Nat.Nat"},[]],"tag":"App"},"name":"_"},{"contents":[{"Left":"Agda.Builtin.Nat.Nat"},[]],"tag":"App"}],"tag":"Pi"},"name":"f"},{"contents":[{"item":{"contents":[{"Left":"Agda.Builtin.Nat.Nat"},[]],"tag":"App"},"name":"_"},{"contents":[{"item":{"contents":[{"Left":"Agda.Builtin.Reflection.Sort"},[]],"tag":"App"},"name":"_"},{"contents":[{"Left":"Agda.Builtin.Reflection.Sort"},[]],"tag":"App"}],"tag":"Pi"}],"tag":"Pi"}],"tag":"Pi"},"reduced":null,"simplified":null}},"name":"Prelude.Generics.Utils._.mapFreeVarsˢ"},{"item":{"pretty":"{A : Set} ⦃ _ : Prelude.Show.Show A ⦄ →\nA →\nAgda.Builtin.Reflection.Term →\nAgda.Builtin.Reflection.Term →\nAgda.Builtin.Reflection.TC Agda.Builtin.Unit.⊤","thing":{"normalised":null,"original":{"contents":[{"item":{"contents":"Set","tag":"Sort"},"name":"A"},{"contents":[{"item":{"contents":[{"Left":"Prelude.Show.Show"},[{"contents":"lzero","tag":"Level"},{"contents":[{"Right":0},[]],"tag":"App"}]],"tag":"App"},"name":"_"},{"contents":[{"item":{"contents":[{"Right":0},[]],"tag":"App"},"name":"_"},{"contents":[{"item":{"contents":[{"Left":"Agda.Builtin.Reflection.Term"},[]],"tag":"App"},"name":"_"},{"contents":[{"item":{"contents":[{"Left":"Agda.Builtin.Reflection.Term"},[]],"tag":"App"},"name":"_"},{"contents":[{"Left":"Agda.Builtin.Reflection.TC"},[{"contents":"lzero","tag":"Level"},{"contents":[{"Left":"Agda.Builtin.Unit.⊤"},[]],"tag":"App"}]],"tag":"App"}],"tag":"Pi"}],"tag":"Pi"}],"tag":"Pi"}],"tag":"Pi"}],"tag":"Pi"},"reduced":null,"simplified":null}},"name":"Prelude.Generics.Debug.trace"},{"item":{"pretty":"(f : Agda.Builtin.Nat.Nat → Agda.Builtin.Nat.Nat) →\nAgda.Builtin.Reflection.Term → Agda.Builtin.Reflection.Term","thing":{"normalised":null,"original":{"contents":[{"item":{"contents":[{"item":{"contents":[{"Left":"Agda.Builtin.Nat.Nat"},[]],"tag":"App"},"name":"_"},{"contents":[{"Left":"Agda.Builtin.Nat.Nat"},[]],"tag":"App"}],"tag":"Pi"},"name":"f"},{"contents":[{"item":{"contents":[{"Left":"Agda.Builtin.Reflection.Term"},[]],"tag":"App"},"name":"_"},{"contents":[{"Left":"Agda.Builtin.Reflection.Term"},[]],"tag":"App"}],"tag":"Pi"}],"tag":"Pi"},"reduced":null,"simplified":null}},"name":"Prelude.Generics.Utils._.mapVars"},{"item":{"pretty":"Agda.Builtin.Reflection.Type → Agda.Builtin.Reflection.Type","thing":{"normalised":{"contents":[{"item":{"contents":[{"Left":"Agda.Builtin.Reflection.Term"},[]],"tag":"App"},"name":"_"},{"contents":[{"Left":"Agda.Builtin.Reflection.Term"},[]],"tag":"App"}],"tag":"Pi"},"original":{"contents":[{"item":{"contents":[{"Left":"Agda.Builtin.Reflection.Type"},[]],"tag":"App"},"name":"_"},{"contents":[{"Left":"Agda.Builtin.Reflection.Type"},[]],"tag":"App"}],"tag":"Pi"},"reduced":null,"simplified":null}},"name":"Prelude.Generics.Utils.varsToUnknown"},{"item":{"pretty":"Reflection.Argument.Args Agda.Builtin.Reflection.Type →\nReflection.Argument.Args Agda.Builtin.Reflection.Type","thing":{"normalised":{"contents":[{"item":{"contents":[{"Left":"Agda.Builtin.List.List"},[{"contents":"lzero","tag":"Level"},{"contents":[{"Left":"Agda.Builtin.Reflection.Arg"},[{"contents":"lzero","tag":"Level"},{"contents":[{"Left":"Agda.Builtin.Reflection.Term"},[]],"tag":"App"}]],"tag":"App"}]],"tag":"App"},"name":"_"},{"contents":[{"Left":"Agda.Builtin.List.List"},[{"contents":"lzero","tag":"Level"},{"contents":[{"Left":"Agda.Builtin.Reflection.Arg"},[{"contents":"lzero","tag":"Level"},{"contents":[{"Left":"Agda.Builtin.Reflection.Term"},[]],"tag":"App"}]],"tag":"App"}]],"tag":"App"}],"tag":"Pi"},"original":{"contents":[{"item":{"contents":[{"Left":"Reflection.Argument.Args"},[{"contents":"lzero","tag":"Level"},{"contents":[{"Left":"Agda.Builtin.Reflection.Type"},[]],"tag":"App"}]],"tag":"App"},"name":"_"},{"contents":[{"Left":"Reflection.Argument.Args"},[{"contents":"lzero","tag":"Level"},{"contents":[{"Left":"Agda.Builtin.Reflection.Type"},[]],"tag":"App"}]],"tag":"App"}],"tag":"Pi"},"reduced":null,"simplified":null}},"name":"Prelude.Generics.Utils.varsToUnknown′"},{"item":{"pretty":"Set","thing":{"normalised":null,"original":{"contents":"Set","tag":"Sort"},"reduced":null,"simplified":null}},"name":"Prelude.Generics.Core.PatTelescope"},{"item":{"pretty":"Set","thing":{"normalised":null,"original":{"contents":"Set","tag":"Sort"},"reduced":null,"simplified":null}},"name":"Prelude.Generics.Core.Context"},{"item":{"pretty":"Set","thing":{"normalised":null,"original":{"contents":"Set","tag":"Sort"},"reduced":null,"simplified":null}},"name":"Prelude.Generics.Core.TTerm"},{"item":{"pretty":"Set","thing":{"normalised":null,"original":{"contents":"Set","tag":"Sort"},"reduced":null,"simplified":null}},"name":"Prelude.Generics.Core.Hole"},{"item":{"pretty":"Set","thing":{"normalised":null,"original":{"contents":"Set","tag":"Sort"},"reduced":null,"simplified":null}},"name":"Prelude.Generics.Core.THole"},{"item":{"pretty":"Set","thing":{"normalised":null,"original":{"contents":"Set","tag":"Sort"},"reduced":null,"simplified":null}},"name":"Prelude.Generics.Core.Tactic"},{"item":{"pretty":"Reflection.Term.Telescope →\nAgda.Builtin.Reflection.Type → Agda.Builtin.Reflection.Type","thing":{"normalised":{"contents":[{"item":{"contents":[{"Left":"Agda.Builtin.List.List"},[{"contents":"lzero","tag":"Level"},{"contents":[{"Left":"Agda.Builtin.Sigma.Σ"},[{"contents":"lzero","tag":"Level"},{"contents":"lzero","tag":"Level"},{"contents":[{"Left":"Agda.Builtin.String.String"},[]],"tag":"App"},{"contents":{"item":{"contents":[{"Left":"Agda.Builtin.Reflection.Arg"},[{"contents":"lzero","tag":"Level"},{"contents":[{"Left":"Agda.Builtin.Reflection.Term"},[]],"tag":"App"}]],"tag":"App"},"name":"x"},"tag":"Lam"}]],"tag":"App"}]],"tag":"App"},"name":"_"},{"contents":[{"item":{"contents":[{"Left":"Agda.Builtin.Reflection.Term"},[]],"tag":"App"},"name":"_"},{"contents":[{"Left":"Agda.Builtin.Reflection.Term"},[]],"tag":"App"}],"tag":"Pi"}],"tag":"Pi"},"original":{"contents":[{"item":{"contents":[{"Left":"Reflection.Term.Telescope"},[]],"tag":"App"},"name":"_"},{"contents":[{"item":{"contents":[{"Left":"Agda.Builtin.Reflection.Type"},[]],"tag":"App"},"name":"_"},{"contents":[{"Left":"Agda.Builtin.Reflection.Type"},[]],"tag":"App"}],"tag":"Pi"}],"tag":"Pi"},"reduced":null,"simplified":null}},"name":"Prelude.Generics.Utils.∀indices⋯"},{"item":{"pretty":"Set","thing":{"normalised":null,"original":{"contents":"Set","tag":"Sort"},"reduced":null,"simplified":null}},"name":"Prelude.Generics.Core.UnquoteDecl"},{"item":{"pretty":"Agda.Builtin.Reflection.Definition → Agda.Builtin.Nat.Nat","thing":{"normalised":null,"original":{"contents":[{"item":{"contents":[{"Left":"Agda.Builtin.Reflection.Definition"},[]],"tag":"App"},"name":"_"},{"contents":[{"Left":"Agda.Builtin.Nat.Nat"},[]],"tag":"App"}],"tag":"Pi"},"reduced":null,"simplified":null}},"name":"Prelude.Generics.Core.parameters"},{"item":{"pretty":"{A.a : Agda.Primitive.Level} {A : Set A.a} →\nAgda.Builtin.Reflection.Arg A → Agda.Builtin.Reflection.ArgInfo","thing":{"normalised":null,"original":{"contents":[{"item":{"contents":[{"Left":"Agda.Primitive.Level"},[]],"tag":"App"},"name":"A.a"},{"contents":[{"item":{"contents":"Set @0","tag":"Sort"},"name":"A"},{"contents":[{"item":{"contents":[{"Left":"Agda.Builtin.Reflection.Arg"},[{"contents":[{"Right":1},[]],"tag":"App"},{"contents":[{"Right":0},[]],"tag":"App"}]],"tag":"App"},"name":"_"},{"contents":[{"Left":"Agda.Builtin.Reflection.ArgInfo"},[]],"tag":"App"}],"tag":"Pi"}],"tag":"Pi"}],"tag":"Pi"},"reduced":null,"simplified":null}},"name":"Prelude.Generics.Core.argInfo"},{"item":{"pretty":"Reflection.Term.Telescope →\nAgda.Builtin.Reflection.Name → Agda.Builtin.Reflection.Type","thing":{"normalised":{"contents":[{"item":{"contents":[{"Left":"Agda.Builtin.List.List"},[{"contents":"lzero","tag":"Level"},{"contents":[{"Left":"Agda.Builtin.Sigma.Σ"},[{"contents":"lzero","tag":"Level"},{"contents":"lzero","tag":"Level"},{"contents":[{"Left":"Agda.Builtin.String.String"},[]],"tag":"App"},{"contents":{"item":{"contents":[{"Left":"Agda.Builtin.Reflection.Arg"},[{"contents":"lzero","tag":"Level"},{"contents":[{"Left":"Agda.Builtin.Reflection.Term"},[]],"tag":"App"}]],"tag":"App"},"name":"x"},"tag":"Lam"}]],"tag":"App"}]],"tag":"App"},"name":"_"},{"contents":[{"item":{"contents":[{"Left":"Agda.Builtin.Reflection.Name"},[]],"tag":"App"},"name":"_"},{"contents":[{"Left":"Agda.Builtin.Reflection.Term"},[]],"tag":"App"}],"tag":"Pi"}],"tag":"Pi"},"original":{"contents":[{"item":{"contents":[{"Left":"Reflection.Term.Telescope"},[]],"tag":"App"},"name":"_"},{"contents":[{"item":{"contents":[{"Left":"Agda.Builtin.Reflection.Name"},[]],"tag":"App"},"name":"_"},{"contents":[{"Left":"Agda.Builtin.Reflection.Type"},[]],"tag":"App"}],"tag":"Pi"}],"tag":"Pi"},"reduced":null,"simplified":null}},"name":"Prelude.Generics.Utils.apply⋯"},{"item":{"pretty":"{A.a : Agda.Primitive.Level} {A : Set A.a}\n(a : Agda.Builtin.Reflection.Arg A) →\nRelation.Nullary.Dec\n(Reflection.Argument.Information.visibility (argInfo a)\n Agda.Builtin.Equality.≡ Agda.Builtin.Reflection.Visibility.visible)","thing":{"normalised":null,"original":{"contents":[{"item":{"contents":[{"Left":"Agda.Primitive.Level"},[]],"tag":"App"},"name":"A.a"},{"contents":[{"item":{"contents":"Set @0","tag":"Sort"},"name":"A"},{"contents":[{"item":{"contents":[{"Left":"Agda.Builtin.Reflection.Arg"},[{"contents":[{"Right":1},[]],"tag":"App"},{"contents":[{"Right":0},[]],"tag":"App"}]],"tag":"App"},"name":"a"},{"contents":[{"Left":"Relation.Nullary.Dec"},[{"contents":"lzero","tag":"Level"},{"contents":[{"Left":"Agda.Builtin.Equality._≡_"},[{"contents":"lzero","tag":"Level"},{"contents":[{"Left":"Agda.Builtin.Reflection.Visibility"},[]],"tag":"App"},{"contents":[{"Left":"Reflection.Argument.Information.visibility"},[{"contents":[{"Left":"Prelude.Generics.Core.argInfo"},[{"contents":[{"Right":2},[]],"tag":"App"},{"contents":[{"Right":1},[]],"tag":"App"},{"contents":[{"Right":0},[]],"tag":"App"}]],"tag":"App"}]],"tag":"App"},{"contents":[{"Left":"Agda.Builtin.Reflection.Visibility.visible"},[]],"tag":"App"}]],"tag":"App"}]],"tag":"App"}],"tag":"Pi"}],"tag":"Pi"}],"tag":"Pi"},"reduced":null,"simplified":null}},"name":"Prelude.Generics.Core.isVisible?"},{"item":{"pretty":"{A.a : Agda.Primitive.Level} {A : Set A.a}\n(a : Agda.Builtin.Reflection.Arg A) →\nRelation.Nullary.Dec\n(Reflection.Argument.Information.visibility (argInfo a)\n Agda.Builtin.Equality.≡\n Agda.Builtin.Reflection.Visibility.instance′)","thing":{"normalised":null,"original":{"contents":[{"item":{"contents":[{"Left":"Agda.Primitive.Level"},[]],"tag":"App"},"name":"A.a"},{"contents":[{"item":{"contents":"Set @0","tag":"Sort"},"name":"A"},{"contents":[{"item":{"contents":[{"Left":"Agda.Builtin.Reflection.Arg"},[{"contents":[{"Right":1},[]],"tag":"App"},{"contents":[{"Right":0},[]],"tag":"App"}]],"tag":"App"},"name":"a"},{"contents":[{"Left":"Relation.Nullary.Dec"},[{"contents":"lzero","tag":"Level"},{"contents":[{"Left":"Agda.Builtin.Equality._≡_"},[{"contents":"lzero","tag":"Level"},{"contents":[{"Left":"Agda.Builtin.Reflection.Visibility"},[]],"tag":"App"},{"contents":[{"Left":"Reflection.Argument.Information.visibility"},[{"contents":[{"Left":"Prelude.Generics.Core.argInfo"},[{"contents":[{"Right":2},[]],"tag":"App"},{"contents":[{"Right":1},[]],"tag":"App"},{"contents":[{"Right":0},[]],"tag":"App"}]],"tag":"App"}]],"tag":"App"},{"contents":[{"Left":"Agda.Builtin.Reflection.Visibility.instance′"},[]],"tag":"App"}]],"tag":"App"}]],"tag":"App"}],"tag":"Pi"}],"tag":"Pi"}],"tag":"Pi"},"reduced":null,"simplified":null}},"name":"Prelude.Generics.Core.isInstance?"},{"item":{"pretty":"Agda.Builtin.Reflection.Type →\nTactic → Agda.Builtin.Reflection.TC Hole","thing":{"normalised":{"contents":[{"item":{"contents":[{"Left":"Agda.Builtin.Reflection.Term"},[]],"tag":"App"},"name":"_"},{"contents":[{"item":{"contents":[{"item":{"contents":[{"Left":"Agda.Builtin.Reflection.Term"},[]],"tag":"App"},"name":"_"},{"contents":[{"Left":"Agda.Builtin.Reflection.TC"},[{"contents":"lzero","tag":"Level"},{"contents":[{"Left":"Agda.Builtin.Unit.⊤"},[]],"tag":"App"}]],"tag":"App"}],"tag":"Pi"},"name":"_"},{"contents":[{"Left":"Agda.Builtin.Reflection.TC"},[{"contents":"lzero","tag":"Level"},{"contents":[{"Left":"Agda.Builtin.Reflection.Term"},[]],"tag":"App"}]],"tag":"App"}],"tag":"Pi"}],"tag":"Pi"},"original":{"contents":[{"item":{"contents":[{"Left":"Agda.Builtin.Reflection.Type"},[]],"tag":"App"},"name":"_"},{"contents":[{"item":{"contents":[{"Left":"Prelude.Generics.Core.Tactic"},[]],"tag":"App"},"name":"_"},{"contents":[{"Left":"Agda.Builtin.Reflection.TC"},[{"contents":"lzero","tag":"Level"},{"contents":[{"Left":"Prelude.Generics.Core.Hole"},[]],"tag":"App"}]],"tag":"App"}],"tag":"Pi"}],"tag":"Pi"},"reduced":null,"simplified":null}},"name":"Prelude.Generics.Utils.withHole"},{"item":{"pretty":"{A.a : Agda.Primitive.Level} {A : Set A.a}\n(a : Agda.Builtin.Reflection.Arg A) →\nRelation.Nullary.Dec\n(Reflection.Argument.Information.visibility (argInfo a)\n Agda.Builtin.Equality.≡ Agda.Builtin.Reflection.Visibility.hidden)","thing":{"normalised":null,"original":{"contents":[{"item":{"contents":[{"Left":"Agda.Primitive.Level"},[]],"tag":"App"},"name":"A.a"},{"contents":[{"item":{"contents":"Set @0","tag":"Sort"},"name":"A"},{"contents":[{"item":{"contents":[{"Left":"Agda.Builtin.Reflection.Arg"},[{"contents":[{"Right":1},[]],"tag":"App"},{"contents":[{"Right":0},[]],"tag":"App"}]],"tag":"App"},"name":"a"},{"contents":[{"Left":"Relation.Nullary.Dec"},[{"contents":"lzero","tag":"Level"},{"contents":[{"Left":"Agda.Builtin.Equality._≡_"},[{"contents":"lzero","tag":"Level"},{"contents":[{"Left":"Agda.Builtin.Reflection.Visibility"},[]],"tag":"App"},{"contents":[{"Left":"Reflection.Argument.Information.visibility"},[{"contents":[{"Left":"Prelude.Generics.Core.argInfo"},[{"contents":[{"Right":2},[]],"tag":"App"},{"contents":[{"Right":1},[]],"tag":"App"},{"contents":[{"Right":0},[]],"tag":"App"}]],"tag":"App"}]],"tag":"App"},{"contents":[{"Left":"Agda.Builtin.Reflection.Visibility.hidden"},[]],"tag":"App"}]],"tag":"App"}]],"tag":"App"}],"tag":"Pi"}],"tag":"Pi"}],"tag":"Pi"},"reduced":null,"simplified":null}},"name":"Prelude.Generics.Core.isHidden?"},{"item":{"pretty":"Agda.Builtin.List.List\n(Agda.Builtin.Reflection.Name Data.Product.×\n Agda.Builtin.Reflection.Term) →\nAgda.Builtin.Reflection.Term","thing":{"normalised":{"contents":[{"item":{"contents":[{"Left":"Agda.Builtin.List.List"},[{"contents":"lzero","tag":"Level"},{"contents":[{"Left":"Agda.Builtin.Sigma.Σ"},[{"contents":"lzero","tag":"Level"},{"contents":"lzero","tag":"Level"},{"contents":[{"Left":"Agda.Builtin.Reflection.Name"},[]],"tag":"App"},{"contents":{"item":{"contents":[{"Left":"Agda.Builtin.Reflection.Term"},[]],"tag":"App"},"name":"x"},"tag":"Lam"}]],"tag":"App"}]],"tag":"App"},"name":"_"},{"contents":[{"Left":"Agda.Builtin.Reflection.Term"},[]],"tag":"App"}],"tag":"Pi"},"original":{"contents":[{"item":{"contents":[{"Left":"Agda.Builtin.List.List"},[{"contents":"lzero","tag":"Level"},{"contents":[{"Left":"Data.Product._×_"},[{"contents":"lzero","tag":"Level"},{"contents":"lzero","tag":"Level"},{"contents":[{"Left":"Agda.Builtin.Reflection.Name"},[]],"tag":"App"},{"contents":[{"Left":"Agda.Builtin.Reflection.Term"},[]],"tag":"App"}]],"tag":"App"}]],"tag":"App"},"name":"_"},{"contents":[{"Left":"Agda.Builtin.Reflection.Term"},[]],"tag":"App"}],"tag":"Pi"},"reduced":null,"simplified":null}},"name":"Prelude.Generics.Utils.mkRecord"},{"item":{"pretty":"{A.a : Agda.Primitive.Level} {A : Set A.a} →\nReflection.Argument.Args A → Agda.Builtin.List.List A","thing":{"normalised":{"contents":[{"item":{"contents":[{"Left":"Agda.Primitive.Level"},[]],"tag":"App"},"name":"A.a"},{"contents":[{"item":{"contents":"Set @0","tag":"Sort"},"name":"A"},{"contents":[{"item":{"contents":[{"Left":"Agda.Builtin.List.List"},[{"contents":[{"Right":1},[]],"tag":"App"},{"contents":[{"Left":"Agda.Builtin.Reflection.Arg"},[{"contents":[{"Right":1},[]],"tag":"App"},{"contents":[{"Right":0},[]],"tag":"App"}]],"tag":"App"}]],"tag":"App"},"name":"_"},{"contents":[{"Left":"Agda.Builtin.List.List"},[{"contents":[{"Right":1},[]],"tag":"App"},{"contents":[{"Right":0},[]],"tag":"App"}]],"tag":"App"}],"tag":"Pi"}],"tag":"Pi"}],"tag":"Pi"},"original":{"contents":[{"item":{"contents":[{"Left":"Agda.Primitive.Level"},[]],"tag":"App"},"name":"A.a"},{"contents":[{"item":{"contents":"Set @0","tag":"Sort"},"name":"A"},{"contents":[{"item":{"contents":[{"Left":"Reflection.Argument.Args"},[{"contents":[{"Right":1},[]],"tag":"App"},{"contents":[{"Right":0},[]],"tag":"App"}]],"tag":"App"},"name":"_"},{"contents":[{"Left":"Agda.Builtin.List.List"},[{"contents":[{"Right":1},[]],"tag":"App"},{"contents":[{"Right":0},[]],"tag":"App"}]],"tag":"App"}],"tag":"Pi"}],"tag":"Pi"}],"tag":"Pi"},"reduced":null,"simplified":null}},"name":"Prelude.Generics.Core.unArgs"},{"item":{"pretty":"{A.a : Agda.Primitive.Level} {A : Set A.a} →\nReflection.Argument.Args A → Agda.Builtin.List.List A","thing":{"normalised":{"contents":[{"item":{"contents":[{"Left":"Agda.Primitive.Level"},[]],"tag":"App"},"name":"A.a"},{"contents":[{"item":{"contents":"Set @0","tag":"Sort"},"name":"A"},{"contents":[{"item":{"contents":[{"Left":"Agda.Builtin.List.List"},[{"contents":[{"Right":1},[]],"tag":"App"},{"contents":[{"Left":"Agda.Builtin.Reflection.Arg"},[{"contents":[{"Right":1},[]],"tag":"App"},{"contents":[{"Right":0},[]],"tag":"App"}]],"tag":"App"}]],"tag":"App"},"name":"_"},{"contents":[{"Left":"Agda.Builtin.List.List"},[{"contents":[{"Right":1},[]],"tag":"App"},{"contents":[{"Right":0},[]],"tag":"App"}]],"tag":"App"}],"tag":"Pi"}],"tag":"Pi"}],"tag":"Pi"},"original":{"contents":[{"item":{"contents":[{"Left":"Agda.Primitive.Level"},[]],"tag":"App"},"name":"A.a"},{"contents":[{"item":{"contents":"Set @0","tag":"Sort"},"name":"A"},{"contents":[{"item":{"contents":[{"Left":"Reflection.Argument.Args"},[{"contents":[{"Right":1},[]],"tag":"App"},{"contents":[{"Right":0},[]],"tag":"App"}]],"tag":"App"},"name":"_"},{"contents":[{"Left":"Agda.Builtin.List.List"},[{"contents":[{"Right":1},[]],"tag":"App"},{"contents":[{"Right":0},[]],"tag":"App"}]],"tag":"App"}],"tag":"Pi"}],"tag":"Pi"}],"tag":"Pi"},"reduced":null,"simplified":null}},"name":"Prelude.Generics.Core.vArgs"},{"item":{"pretty":"{A.a : Agda.Primitive.Level} {A : Set A.a} →\nReflection.Argument.Args A → Agda.Builtin.List.List A","thing":{"normalised":{"contents":[{"item":{"contents":[{"Left":"Agda.Primitive.Level"},[]],"tag":"App"},"name":"A.a"},{"contents":[{"item":{"contents":"Set @0","tag":"Sort"},"name":"A"},{"contents":[{"item":{"contents":[{"Left":"Agda.Builtin.List.List"},[{"contents":[{"Right":1},[]],"tag":"App"},{"contents":[{"Left":"Agda.Builtin.Reflection.Arg"},[{"contents":[{"Right":1},[]],"tag":"App"},{"contents":[{"Right":0},[]],"tag":"App"}]],"tag":"App"}]],"tag":"App"},"name":"_"},{"contents":[{"Left":"Agda.Builtin.List.List"},[{"contents":[{"Right":1},[]],"tag":"App"},{"contents":[{"Right":0},[]],"tag":"App"}]],"tag":"App"}],"tag":"Pi"}],"tag":"Pi"}],"tag":"Pi"},"original":{"contents":[{"item":{"contents":[{"Left":"Agda.Primitive.Level"},[]],"tag":"App"},"name":"A.a"},{"contents":[{"item":{"contents":"Set @0","tag":"Sort"},"name":"A"},{"contents":[{"item":{"contents":[{"Left":"Reflection.Argument.Args"},[{"contents":[{"Right":1},[]],"tag":"App"},{"contents":[{"Right":0},[]],"tag":"App"}]],"tag":"App"},"name":"_"},{"contents":[{"Left":"Agda.Builtin.List.List"},[{"contents":[{"Right":1},[]],"tag":"App"},{"contents":[{"Right":0},[]],"tag":"App"}]],"tag":"App"}],"tag":"Pi"}],"tag":"Pi"}],"tag":"Pi"},"reduced":null,"simplified":null}},"name":"Prelude.Generics.Core.hArgs"},{"item":{"pretty":"{A.a : Agda.Primitive.Level} {A : Set A.a} →\nReflection.Argument.Args A → Agda.Builtin.List.List A","thing":{"normalised":{"contents":[{"item":{"contents":[{"Left":"Agda.Primitive.Level"},[]],"tag":"App"},"name":"A.a"},{"contents":[{"item":{"contents":"Set @0","tag":"Sort"},"name":"A"},{"contents":[{"item":{"contents":[{"Left":"Agda.Builtin.List.List"},[{"contents":[{"Right":1},[]],"tag":"App"},{"contents":[{"Left":"Agda.Builtin.Reflection.Arg"},[{"contents":[{"Right":1},[]],"tag":"App"},{"contents":[{"Right":0},[]],"tag":"App"}]],"tag":"App"}]],"tag":"App"},"name":"_"},{"contents":[{"Left":"Agda.Builtin.List.List"},[{"contents":[{"Right":1},[]],"tag":"App"},{"contents":[{"Right":0},[]],"tag":"App"}]],"tag":"App"}],"tag":"Pi"}],"tag":"Pi"}],"tag":"Pi"},"original":{"contents":[{"item":{"contents":[{"Left":"Agda.Primitive.Level"},[]],"tag":"App"},"name":"A.a"},{"contents":[{"item":{"contents":"Set @0","tag":"Sort"},"name":"A"},{"contents":[{"item":{"contents":[{"Left":"Reflection.Argument.Args"},[{"contents":[{"Right":1},[]],"tag":"App"},{"contents":[{"Right":0},[]],"tag":"App"}]],"tag":"App"},"name":"_"},{"contents":[{"Left":"Agda.Builtin.List.List"},[{"contents":[{"Right":1},[]],"tag":"App"},{"contents":[{"Right":0},[]],"tag":"App"}]],"tag":"App"}],"tag":"Pi"}],"tag":"Pi"}],"tag":"Pi"},"reduced":null,"simplified":null}},"name":"Prelude.Generics.Core.iArgs"},{"item":{"pretty":"{A.a : Agda.Primitive.Level} {A : Set A.a} →\nReflection.Argument.Args A → Reflection.Argument.Args A","thing":{"normalised":{"contents":[{"item":{"contents":[{"Left":"Agda.Primitive.Level"},[]],"tag":"App"},"name":"A.a"},{"contents":[{"item":{"contents":"Set @0","tag":"Sort"},"name":"A"},{"contents":[{"item":{"contents":[{"Left":"Agda.Builtin.List.List"},[{"contents":[{"Right":1},[]],"tag":"App"},{"contents":[{"Left":"Agda.Builtin.Reflection.Arg"},[{"contents":[{"Right":1},[]],"tag":"App"},{"contents":[{"Right":0},[]],"tag":"App"}]],"tag":"App"}]],"tag":"App"},"name":"_"},{"contents":[{"Left":"Agda.Builtin.List.List"},[{"contents":[{"Right":1},[]],"tag":"App"},{"contents":[{"Left":"Agda.Builtin.Reflection.Arg"},[{"contents":[{"Right":1},[]],"tag":"App"},{"contents":[{"Right":0},[]],"tag":"App"}]],"tag":"App"}]],"tag":"App"}],"tag":"Pi"}],"tag":"Pi"}],"tag":"Pi"},"original":{"contents":[{"item":{"contents":[{"Left":"Agda.Primitive.Level"},[]],"tag":"App"},"name":"A.a"},{"contents":[{"item":{"contents":"Set @0","tag":"Sort"},"name":"A"},{"contents":[{"item":{"contents":[{"Left":"Reflection.Argument.Args"},[{"contents":[{"Right":1},[]],"tag":"App"},{"contents":[{"Right":0},[]],"tag":"App"}]],"tag":"App"},"name":"_"},{"contents":[{"Left":"Reflection.Argument.Args"},[{"contents":[{"Right":1},[]],"tag":"App"},{"contents":[{"Right":0},[]],"tag":"App"}]],"tag":"App"}],"tag":"Pi"}],"tag":"Pi"}],"tag":"Pi"},"reduced":null,"simplified":null}},"name":"Prelude.Generics.Core.remove-iArgs"},{"item":{"pretty":"Agda.Builtin.List.List Agda.Builtin.Reflection.Name →\nAgda.Builtin.Reflection.Term →\nAgda.Builtin.Reflection.Name →\nAgda.Builtin.Reflection.Term → Agda.Builtin.Reflection.Term","thing":{"normalised":null,"original":{"contents":[{"item":{"contents":[{"Left":"Agda.Builtin.List.List"},[{"contents":"lzero","tag":"Level"},{"contents":[{"Left":"Agda.Builtin.Reflection.Name"},[]],"tag":"App"}]],"tag":"App"},"name":"_"},{"contents":[{"item":{"contents":[{"Left":"Agda.Builtin.Reflection.Term"},[]],"tag":"App"},"name":"_"},{"contents":[{"item":{"contents":[{"Left":"Agda.Builtin.Reflection.Name"},[]],"tag":"App"},"name":"_"},{"contents":[{"item":{"contents":[{"Left":"Agda.Builtin.Reflection.Term"},[]],"tag":"App"},"name":"_"},{"contents":[{"Left":"Agda.Builtin.Reflection.Term"},[]],"tag":"App"}],"tag":"Pi"}],"tag":"Pi"}],"tag":"Pi"}],"tag":"Pi"},"reduced":null,"simplified":null}},"name":"Prelude.Generics.Utils.updateField"},{"item":{"pretty":"{A.a : Agda.Primitive.Level} {A : Set A.a} →\nAgda.Builtin.Reflection.Arg A → Agda.Builtin.Reflection.Arg A","thing":{"normalised":null,"original":{"contents":[{"item":{"contents":[{"Left":"Agda.Primitive.Level"},[]],"tag":"App"},"name":"A.a"},{"contents":[{"item":{"contents":"Set @0","tag":"Sort"},"name":"A"},{"contents":[{"item":{"contents":[{"Left":"Agda.Builtin.Reflection.Arg"},[{"contents":[{"Right":1},[]],"tag":"App"},{"contents":[{"Right":0},[]],"tag":"App"}]],"tag":"App"},"name":"_"},{"contents":[{"Left":"Agda.Builtin.Reflection.Arg"},[{"contents":[{"Right":1},[]],"tag":"App"},{"contents":[{"Right":0},[]],"tag":"App"}]],"tag":"App"}],"tag":"Pi"}],"tag":"Pi"}],"tag":"Pi"},"reduced":null,"simplified":null}},"name":"Prelude.Generics.Core.hide"},{"item":{"pretty":"(toDrop : Agda.Builtin.Nat.Nat) →\nAgda.Builtin.Reflection.Name →\nAgda.Builtin.Reflection.TC\n(Reflection.Argument.Args Agda.Builtin.Reflection.Type\n Data.Product.×\n (Agda.Builtin.Nat.Nat Data.Product.×\n  (Agda.Builtin.List.List\n   (Agda.Builtin.Nat.Nat Data.Product.×\n    Agda.Builtin.Reflection.Arg Agda.Builtin.Reflection.Type)\n   Data.Product.× Agda.Builtin.Reflection.Pattern)))","thing":{"normalised":{"contents":[{"item":{"contents":[{"Left":"Agda.Builtin.Nat.Nat"},[]],"tag":"App"},"name":"toDrop"},{"contents":[{"item":{"contents":[{"Left":"Agda.Builtin.Reflection.Name"},[]],"tag":"App"},"name":"_"},{"contents":[{"Left":"Agda.Builtin.Reflection.TC"},[{"contents":"lzero","tag":"Level"},{"contents":[{"Left":"Agda.Builtin.Sigma.Σ"},[{"contents":"lzero","tag":"Level"},{"contents":"lzero","tag":"Level"},{"contents":[{"Left":"Agda.Builtin.List.List"},[{"contents":"lzero","tag":"Level"},{"contents":[{"Left":"Agda.Builtin.Reflection.Arg"},[{"contents":"lzero","tag":"Level"},{"contents":[{"Left":"Agda.Builtin.Reflection.Term"},[]],"tag":"App"}]],"tag":"App"}]],"tag":"App"},{"contents":{"item":{"contents":[{"Left":"Agda.Builtin.Sigma.Σ"},[{"contents":"lzero","tag":"Level"},{"contents":"lzero","tag":"Level"},{"contents":[{"Left":"Agda.Builtin.Nat.Nat"},[]],"tag":"App"},{"contents":{"item":{"contents":[{"Left":"Agda.Builtin.Sigma.Σ"},[{"contents":"lzero","tag":"Level"},{"contents":"lzero","tag":"Level"},{"contents":[{"Left":"Agda.Builtin.List.List"},[{"contents":"lzero","tag":"Level"},{"contents":[{"Left":"Agda.Builtin.Sigma.Σ"},[{"contents":"lzero","tag":"Level"},{"contents":"lzero","tag":"Level"},{"contents":[{"Left":"Agda.Builtin.Nat.Nat"},[]],"tag":"App"},{"contents":{"item":{"contents":[{"Left":"Agda.Builtin.Reflection.Arg"},[{"contents":"lzero","tag":"Level"},{"contents":[{"Left":"Agda.Builtin.Reflection.Term"},[]],"tag":"App"}]],"tag":"App"},"name":"x"},"tag":"Lam"}]],"tag":"App"}]],"tag":"App"},{"contents":{"item":{"contents":[{"Left":"Agda.Builtin.Reflection.Pattern"},[]],"tag":"App"},"name":"x"},"tag":"Lam"}]],"tag":"App"},"name":"x"},"tag":"Lam"}]],"tag":"App"},"name":"x"},"tag":"Lam"}]],"tag":"App"}]],"tag":"App"}],"tag":"Pi"}],"tag":"Pi"},"original":{"contents":[{"item":{"contents":[{"Left":"Agda.Builtin.Nat.Nat"},[]],"tag":"App"},"name":"toDrop"},{"contents":[{"item":{"contents":[{"Left":"Agda.Builtin.Reflection.Name"},[]],"tag":"App"},"name":"_"},{"contents":[{"Left":"Agda.Builtin.Reflection.TC"},[{"contents":"lzero","tag":"Level"},{"contents":[{"Left":"Data.Product._×_"},[{"contents":"lzero","tag":"Level"},{"contents":"lzero","tag":"Level"},{"contents":[{"Left":"Reflection.Argument.Args"},[{"contents":"lzero","tag":"Level"},{"contents":[{"Left":"Agda.Builtin.Reflection.Type"},[]],"tag":"App"}]],"tag":"App"},{"contents":[{"Left":"Data.Product._×_"},[{"contents":"lzero","tag":"Level"},{"contents":"lzero","tag":"Level"},{"contents":[{"Left":"Agda.Builtin.Nat.Nat"},[]],"tag":"App"},{"contents":[{"Left":"Data.Product._×_"},[{"contents":"lzero","tag":"Level"},{"contents":"lzero","tag":"Level"},{"contents":[{"Left":"Agda.Builtin.List.List"},[{"contents":"lzero","tag":"Level"},{"contents":[{"Left":"Data.Product._×_"},[{"contents":"lzero","tag":"Level"},{"contents":"lzero","tag":"Level"},{"contents":[{"Left":"Agda.Builtin.Nat.Nat"},[]],"tag":"App"},{"contents":[{"Left":"Agda.Builtin.Reflection.Arg"},[{"contents":"lzero","tag":"Level"},{"contents":[{"Left":"Agda.Builtin.Reflection.Type"},[]],"tag":"App"}]],"tag":"App"}]],"tag":"App"}]],"tag":"App"},{"contents":[{"Left":"Agda.Builtin.Reflection.Pattern"},[]],"tag":"App"}]],"tag":"App"}]],"tag":"App"}]],"tag":"App"}]],"tag":"App"}],"tag":"Pi"}],"tag":"Pi"},"reduced":null,"simplified":null}},"name":"Prelude.Generics.Utils._.mkPattern"},{"item":{"pretty":"Agda.Builtin.Reflection.TC Agda.Primitive.Level","thing":{"normalised":null,"original":{"contents":[{"Left":"Agda.Builtin.Reflection.TC"},[{"contents":"lzero","tag":"Level"},{"contents":[{"Left":"Agda.Primitive.Level"},[]],"tag":"App"}]],"tag":"App"},"reduced":null,"simplified":null}},"name":"Prelude.Generics.Utils.fresh-level"},{"item":{"pretty":"Agda.Builtin.Reflection.Type →\nAgda.Builtin.Reflection.Term →\nAgda.Builtin.List.List\n(Agda.Builtin.Reflection.Arg Agda.Builtin.Reflection.Term) →\nAgda.Builtin.Reflection.TC\n(Agda.Builtin.Reflection.Type Data.Product.×\n Agda.Builtin.Reflection.Term)","thing":{"normalised":{"contents":[{"item":{"contents":[{"Left":"Agda.Builtin.Reflection.Term"},[]],"tag":"App"},"name":"_"},{"contents":[{"item":{"contents":[{"Left":"Agda.Builtin.Reflection.Term"},[]],"tag":"App"},"name":"_"},{"contents":[{"item":{"contents":[{"Left":"Agda.Builtin.List.List"},[{"contents":"lzero","tag":"Level"},{"contents":[{"Left":"Agda.Builtin.Reflection.Arg"},[{"contents":"lzero","tag":"Level"},{"contents":[{"Left":"Agda.Builtin.Reflection.Term"},[]],"tag":"App"}]],"tag":"App"}]],"tag":"App"},"name":"_"},{"contents":[{"Left":"Agda.Builtin.Reflection.TC"},[{"contents":"lzero","tag":"Level"},{"contents":[{"Left":"Agda.Builtin.Sigma.Σ"},[{"contents":"lzero","tag":"Level"},{"contents":"lzero","tag":"Level"},{"contents":[{"Left":"Agda.Builtin.Reflection.Term"},[]],"tag":"App"},{"contents":{"item":{"contents":[{"Left":"Agda.Builtin.Reflection.Term"},[]],"tag":"App"},"name":"x"},"tag":"Lam"}]],"tag":"App"}]],"tag":"App"}],"tag":"Pi"}],"tag":"Pi"}],"tag":"Pi"},"original":{"contents":[{"item":{"contents":[{"Left":"Agda.Builtin.Reflection.Type"},[]],"tag":"App"},"name":"_"},{"contents":[{"item":{"contents":[{"Left":"Agda.Builtin.Reflection.Term"},[]],"tag":"App"},"name":"_"},{"contents":[{"item":{"contents":[{"Left":"Agda.Builtin.List.List"},[{"contents":"lzero","tag":"Level"},{"contents":[{"Left":"Agda.Builtin.Reflection.Arg"},[{"contents":"lzero","tag":"Level"},{"contents":[{"Left":"Agda.Builtin.Reflection.Term"},[]],"tag":"App"}]],"tag":"App"}]],"tag":"App"},"name":"_"},{"contents":[{"Left":"Agda.Builtin.Reflection.TC"},[{"contents":"lzero","tag":"Level"},{"contents":[{"Left":"Data.Product._×_"},[{"contents":"lzero","tag":"Level"},{"contents":"lzero","tag":"Level"},{"contents":[{"Left":"Agda.Builtin.Reflection.Type"},[]],"tag":"App"},{"contents":[{"Left":"Agda.Builtin.Reflection.Term"},[]],"tag":"App"}]],"tag":"App"}]],"tag":"App"}],"tag":"Pi"}],"tag":"Pi"}],"tag":"Pi"},"reduced":null,"simplified":null}},"name":"Prelude.Generics.Utils.apply"},{"item":{"pretty":"Agda.Builtin.Reflection.Term →\nAgda.Builtin.Reflection.Term →\nAgda.Builtin.Reflection.TC Agda.Builtin.Reflection.Term","thing":{"normalised":null,"original":{"contents":[{"item":{"contents":[{"Left":"Agda.Builtin.Reflection.Term"},[]],"tag":"App"},"name":"_"},{"contents":[{"item":{"contents":[{"Left":"Agda.Builtin.Reflection.Term"},[]],"tag":"App"},"name":"_"},{"contents":[{"Left":"Agda.Builtin.Reflection.TC"},[{"contents":"lzero","tag":"Level"},{"contents":[{"Left":"Agda.Builtin.Reflection.Term"},[]],"tag":"App"}]],"tag":"App"}],"tag":"Pi"}],"tag":"Pi"},"reduced":null,"simplified":null}},"name":"Prelude.Generics.Utils._-∙-_"},{"item":{"pretty":"Agda.Builtin.Reflection.Term →\nAgda.Builtin.List.List Agda.Builtin.Reflection.Term →\nAgda.Builtin.Reflection.TC Agda.Builtin.Reflection.Term","thing":{"normalised":null,"original":{"contents":[{"item":{"contents":[{"Left":"Agda.Builtin.Reflection.Term"},[]],"tag":"App"},"name":"_"},{"contents":[{"item":{"contents":[{"Left":"Agda.Builtin.List.List"},[{"contents":"lzero","tag":"Level"},{"contents":[{"Left":"Agda.Builtin.Reflection.Term"},[]],"tag":"App"}]],"tag":"App"},"name":"_"},{"contents":[{"Left":"Agda.Builtin.Reflection.TC"},[{"contents":"lzero","tag":"Level"},{"contents":[{"Left":"Agda.Builtin.Reflection.Term"},[]],"tag":"App"}]],"tag":"App"}],"tag":"Pi"}],"tag":"Pi"},"reduced":null,"simplified":null}},"name":"Prelude.Generics.Utils._-∗-_"},{"item":{"pretty":"Hole → Agda.Builtin.Reflection.TC Agda.Builtin.Reflection.Term","thing":{"normalised":{"contents":[{"item":{"contents":[{"Left":"Agda.Builtin.Reflection.Term"},[]],"tag":"App"},"name":"_"},{"contents":[{"Left":"Agda.Builtin.Reflection.TC"},[{"contents":"lzero","tag":"Level"},{"contents":[{"Left":"Agda.Builtin.Reflection.Term"},[]],"tag":"App"}]],"tag":"App"}],"tag":"Pi"},"original":{"contents":[{"item":{"contents":[{"Left":"Prelude.Generics.Core.Hole"},[]],"tag":"App"},"name":"_"},{"contents":[{"Left":"Agda.Builtin.Reflection.TC"},[{"contents":"lzero","tag":"Level"},{"contents":[{"Left":"Agda.Builtin.Reflection.Term"},[]],"tag":"App"}]],"tag":"App"}],"tag":"Pi"},"reduced":null,"simplified":null}},"name":"Prelude.Generics.Utils.instantiate"},{"item":{"pretty":"Agda.Builtin.Reflection.Term →\nAgda.Builtin.Reflection.TC Agda.Builtin.Unit.⊤","thing":{"normalised":null,"original":{"contents":[{"item":{"contents":[{"Left":"Agda.Builtin.Reflection.Term"},[]],"tag":"App"},"name":"_"},{"contents":[{"Left":"Agda.Builtin.Reflection.TC"},[{"contents":"lzero","tag":"Level"},{"contents":[{"Left":"Agda.Builtin.Unit.⊤"},[]],"tag":"App"}]],"tag":"App"}],"tag":"Pi"},"reduced":null,"simplified":null}},"name":"Prelude.Generics.Utils._.ensureNoMetas"},{"item":{"pretty":"THole →\nAgda.Builtin.Reflection.Term →\nAgda.Builtin.Reflection.TC Agda.Builtin.Unit.⊤","thing":{"normalised":{"contents":[{"item":{"contents":[{"Left":"Agda.Builtin.Sigma.Σ"},[{"contents":"lzero","tag":"Level"},{"contents":"lzero","tag":"Level"},{"contents":[{"Left":"Agda.Builtin.Reflection.Term"},[]],"tag":"App"},{"contents":{"item":{"contents":[{"Left":"Agda.Builtin.Reflection.Term"},[]],"tag":"App"},"name":"x"},"tag":"Lam"}]],"tag":"App"},"name":"_"},{"contents":[{"item":{"contents":[{"Left":"Agda.Builtin.Reflection.Term"},[]],"tag":"App"},"name":"_"},{"contents":[{"Left":"Agda.Builtin.Reflection.TC"},[{"contents":"lzero","tag":"Level"},{"contents":[{"Left":"Agda.Builtin.Unit.⊤"},[]],"tag":"App"}]],"tag":"App"}],"tag":"Pi"}],"tag":"Pi"},"original":{"contents":[{"item":{"contents":[{"Left":"Prelude.Generics.Core.THole"},[]],"tag":"App"},"name":"_"},{"contents":[{"item":{"contents":[{"Left":"Agda.Builtin.Reflection.Term"},[]],"tag":"App"},"name":"_"},{"contents":[{"Left":"Agda.Builtin.Reflection.TC"},[{"contents":"lzero","tag":"Level"},{"contents":[{"Left":"Agda.Builtin.Unit.⊤"},[]],"tag":"App"}]],"tag":"App"}],"tag":"Pi"}],"tag":"Pi"},"reduced":null,"simplified":null}},"name":"Prelude.Generics.Utils._.NewMeta.unifyStrict"},{"item":{"pretty":"THole →\nAgda.Builtin.List.List Agda.Builtin.Reflection.Term →\nAgda.Builtin.Reflection.TC Agda.Builtin.Unit.⊤","thing":{"normalised":{"contents":[{"item":{"contents":[{"Left":"Agda.Builtin.Sigma.Σ"},[{"contents":"lzero","tag":"Level"},{"contents":"lzero","tag":"Level"},{"contents":[{"Left":"Agda.Builtin.Reflection.Term"},[]],"tag":"App"},{"contents":{"item":{"contents":[{"Left":"Agda.Builtin.Reflection.Term"},[]],"tag":"App"},"name":"x"},"tag":"Lam"}]],"tag":"App"},"name":"_"},{"contents":[{"item":{"contents":[{"Left":"Agda.Builtin.List.List"},[{"contents":"lzero","tag":"Level"},{"contents":[{"Left":"Agda.Builtin.Reflection.Term"},[]],"tag":"App"}]],"tag":"App"},"name":"_"},{"contents":[{"Left":"Agda.Builtin.Reflection.TC"},[{"contents":"lzero","tag":"Level"},{"contents":[{"Left":"Agda.Builtin.Unit.⊤"},[]],"tag":"App"}]],"tag":"App"}],"tag":"Pi"}],"tag":"Pi"},"original":{"contents":[{"item":{"contents":[{"Left":"Prelude.Generics.Core.THole"},[]],"tag":"App"},"name":"_"},{"contents":[{"item":{"contents":[{"Left":"Agda.Builtin.List.List"},[{"contents":"lzero","tag":"Level"},{"contents":[{"Left":"Agda.Builtin.Reflection.Term"},[]],"tag":"App"}]],"tag":"App"},"name":"_"},{"contents":[{"Left":"Agda.Builtin.Reflection.TC"},[{"contents":"lzero","tag":"Level"},{"contents":[{"Left":"Agda.Builtin.Unit.⊤"},[]],"tag":"App"}]],"tag":"App"}],"tag":"Pi"}],"tag":"Pi"},"reduced":null,"simplified":null}},"name":"Prelude.Generics.Utils._.unifyStricts"}],"name":"Prelude.Generics"},"samples":[]}