{"scope":{"item":[{"item":{"pretty":"{ℓ : Level} {A : Type ℓ} ⦃ _ : Ord A ⦄ {B : Type ℓ} (f : B → A) →\nOrd B","thing":{"normalised":null,"original":{"contents":[{"item":{"contents":[{"Left":"Agda.Primitive.Level"},[]],"tag":"App"},"name":"ℓ"},{"contents":[{"item":{"contents":"Set @0","tag":"Sort"},"name":"A"},{"contents":[{"item":{"contents":[{"Left":"Prelude.Ord.Core.Ord"},[{"contents":[{"Right":1},[]],"tag":"App"},{"contents":[{"Right":0},[]],"tag":"App"}]],"tag":"App"},"name":"_"},{"contents":[{"item":{"contents":"Set @2","tag":"Sort"},"name":"B"},{"contents":[{"item":{"contents":[{"item":{"contents":[{"Right":0},[]],"tag":"App"},"name":"_"},{"contents":[{"Right":2},[]],"tag":"App"}],"tag":"Pi"},"name":"f"},{"contents":[{"Left":"Prelude.Ord.Core.Ord"},[{"contents":[{"Right":4},[]],"tag":"App"},{"contents":[{"Right":1},[]],"tag":"App"}]],"tag":"App"}],"tag":"Pi"}],"tag":"Pi"}],"tag":"Pi"}],"tag":"Pi"}],"tag":"Pi"},"reduced":null,"simplified":null}},"name":"Prelude.Ord.Iso.mkOrd≈"},{"item":{"pretty":"{ℓ : Level} {A : Type ℓ} ⦃ _ = z : Ord A ⦄ {B : Type ℓ} (f : B → A)\n⦃ _ : DecOrd A ⦄ →\nDecOrd B","thing":{"normalised":null,"original":{"contents":[{"item":{"contents":[{"Left":"Agda.Primitive.Level"},[]],"tag":"App"},"name":"ℓ"},{"contents":[{"item":{"contents":"Set @0","tag":"Sort"},"name":"A"},{"contents":[{"item":{"contents":[{"Left":"Prelude.Ord.Core.Ord"},[{"contents":[{"Right":1},[]],"tag":"App"},{"contents":[{"Right":0},[]],"tag":"App"}]],"tag":"App"},"name":"_"},{"contents":[{"item":{"contents":"Set @2","tag":"Sort"},"name":"B"},{"contents":[{"item":{"contents":[{"item":{"contents":[{"Right":0},[]],"tag":"App"},"name":"_"},{"contents":[{"Right":2},[]],"tag":"App"}],"tag":"Pi"},"name":"f"},{"contents":[{"item":{"contents":[{"Left":"Prelude.Ord.Dec.DecOrd"},[{"contents":[{"Right":4},[]],"tag":"App"},{"contents":[{"Right":3},[]],"tag":"App"},{"contents":[{"Right":2},[]],"tag":"App"}]],"tag":"App"},"name":"_"},{"contents":[{"Left":"Prelude.Ord.Dec.DecOrd"},[{"contents":[{"Right":5},[]],"tag":"App"},{"contents":[{"Right":2},[]],"tag":"App"},{"contents":[{"Left":"Prelude.Ord.Iso..extendedlambda0"},[{"contents":[{"Right":5},[]],"tag":"App"},{"contents":[{"Right":4},[]],"tag":"App"},{"contents":[{"Right":3},[]],"tag":"App"},{"contents":[{"Right":2},[]],"tag":"App"},{"contents":[{"Right":1},[]],"tag":"App"}]],"tag":"App"}]],"tag":"App"}],"tag":"Pi"}],"tag":"Pi"}],"tag":"Pi"}],"tag":"Pi"}],"tag":"Pi"}],"tag":"Pi"},"reduced":null,"simplified":null}},"name":"Prelude.Ord.Iso._.mkDecOrd≈"},{"item":{"pretty":"{ℓ : Level} {A : Type ℓ} ⦃ _ = z : Ord A ⦄ {B : Type ℓ} (f : B → A)\n⦃ _ : OrdLaws A ⦄ (mk≡ : Injective≡ f) (unmk≡ : Congruent≡ f) →\nOrdLaws B","thing":{"normalised":{"contents":[{"item":{"contents":[{"Left":"Agda.Primitive.Level"},[]],"tag":"App"},"name":"ℓ"},{"contents":[{"item":{"contents":"Set @0","tag":"Sort"},"name":"A"},{"contents":[{"item":{"contents":[{"Left":"Prelude.Ord.Core.Ord"},[{"contents":[{"Right":1},[]],"tag":"App"},{"contents":[{"Right":0},[]],"tag":"App"}]],"tag":"App"},"name":"_"},{"contents":[{"item":{"contents":"Set @2","tag":"Sort"},"name":"B"},{"contents":[{"item":{"contents":[{"item":{"contents":[{"Right":0},[]],"tag":"App"},"name":"_"},{"contents":[{"Right":2},[]],"tag":"App"}],"tag":"Pi"},"name":"f"},{"contents":[{"item":{"contents":[{"Left":"Prelude.Ord.Core.OrdLaws"},[{"contents":[{"Right":4},[]],"tag":"App"},{"contents":[{"Right":3},[]],"tag":"App"},{"contents":[{"Right":2},[]],"tag":"App"}]],"tag":"App"},"name":"_"},{"contents":[{"item":{"contents":[{"item":{"contents":[{"Right":2},[]],"tag":"App"},"name":"x"},{"contents":[{"item":{"contents":[{"Right":3},[]],"tag":"App"},"name":"y"},{"contents":[{"item":{"contents":[{"Left":"Agda.Builtin.Equality._≡_"},[{"contents":[{"Right":7},[]],"tag":"App"},{"contents":[{"Right":6},[]],"tag":"App"},{"contents":[{"Right":3},[{"contents":[{"Right":1},[]],"tag":"App"}]],"tag":"App"},{"contents":[{"Right":3},[{"contents":[{"Right":0},[]],"tag":"App"}]],"tag":"App"}]],"tag":"App"},"name":"_"},{"contents":[{"Left":"Agda.Builtin.Equality._≡_"},[{"contents":[{"Right":7},[]],"tag":"App"},{"contents":[{"Right":4},[]],"tag":"App"},{"contents":[{"Right":1},[]],"tag":"App"},{"contents":[{"Right":0},[]],"tag":"App"}]],"tag":"App"}],"tag":"Pi"}],"tag":"Pi"}],"tag":"Pi"},"name":"mk≡"},{"contents":[{"item":{"contents":[{"item":{"contents":[{"Right":3},[]],"tag":"App"},"name":"x"},{"contents":[{"item":{"contents":[{"Right":4},[]],"tag":"App"},"name":"y"},{"contents":[{"item":{"contents":[{"Left":"Agda.Builtin.Equality._≡_"},[{"contents":[{"Right":8},[]],"tag":"App"},{"contents":[{"Right":5},[]],"tag":"App"},{"contents":[{"Right":1},[]],"tag":"App"},{"contents":[{"Right":0},[]],"tag":"App"}]],"tag":"App"},"name":"_"},{"contents":[{"Left":"Agda.Builtin.Equality._≡_"},[{"contents":[{"Right":8},[]],"tag":"App"},{"contents":[{"Right":7},[]],"tag":"App"},{"contents":[{"Right":4},[{"contents":[{"Right":1},[]],"tag":"App"}]],"tag":"App"},{"contents":[{"Right":4},[{"contents":[{"Right":0},[]],"tag":"App"}]],"tag":"App"}]],"tag":"App"}],"tag":"Pi"}],"tag":"Pi"}],"tag":"Pi"},"name":"unmk≡"},{"contents":[{"Left":"Prelude.Ord.Core.OrdLaws"},[{"contents":[{"Right":7},[]],"tag":"App"},{"contents":[{"Right":4},[]],"tag":"App"},{"contents":[{"Left":"Prelude.Ord.Iso..extendedlambda0"},[{"contents":[{"Right":7},[]],"tag":"App"},{"contents":[{"Right":6},[]],"tag":"App"},{"contents":[{"Right":5},[]],"tag":"App"},{"contents":[{"Right":4},[]],"tag":"App"},{"contents":[{"Right":3},[]],"tag":"App"}]],"tag":"App"}]],"tag":"App"}],"tag":"Pi"}],"tag":"Pi"}],"tag":"Pi"}],"tag":"Pi"}],"tag":"Pi"}],"tag":"Pi"}],"tag":"Pi"}],"tag":"Pi"},"original":{"contents":[{"item":{"contents":[{"Left":"Agda.Primitive.Level"},[]],"tag":"App"},"name":"ℓ"},{"contents":[{"item":{"contents":"Set @0","tag":"Sort"},"name":"A"},{"contents":[{"item":{"contents":[{"Left":"Prelude.Ord.Core.Ord"},[{"contents":[{"Right":1},[]],"tag":"App"},{"contents":[{"Right":0},[]],"tag":"App"}]],"tag":"App"},"name":"_"},{"contents":[{"item":{"contents":"Set @2","tag":"Sort"},"name":"B"},{"contents":[{"item":{"contents":[{"item":{"contents":[{"Right":0},[]],"tag":"App"},"name":"_"},{"contents":[{"Right":2},[]],"tag":"App"}],"tag":"Pi"},"name":"f"},{"contents":[{"item":{"contents":[{"Left":"Prelude.Ord.Core.OrdLaws"},[{"contents":[{"Right":4},[]],"tag":"App"},{"contents":[{"Right":3},[]],"tag":"App"},{"contents":[{"Right":2},[]],"tag":"App"}]],"tag":"App"},"name":"_"},{"contents":[{"item":{"contents":[{"Left":"Prelude.Init._._.Injective"},[{"contents":[{"Right":5},[]],"tag":"App"},{"contents":[{"Right":5},[]],"tag":"App"},{"contents":[{"Right":2},[]],"tag":"App"},{"contents":[{"Right":4},[]],"tag":"App"},{"contents":[{"Right":1},[]],"tag":"App"}]],"tag":"App"},"name":"mk≡"},{"contents":[{"item":{"contents":[{"Left":"Prelude.Init._._.Congruent"},[{"contents":[{"Right":6},[]],"tag":"App"},{"contents":[{"Right":6},[]],"tag":"App"},{"contents":[{"Right":3},[]],"tag":"App"},{"contents":[{"Right":5},[]],"tag":"App"},{"contents":[{"Right":2},[]],"tag":"App"}]],"tag":"App"},"name":"unmk≡"},{"contents":[{"Left":"Prelude.Ord.Core.OrdLaws"},[{"contents":[{"Right":7},[]],"tag":"App"},{"contents":[{"Right":4},[]],"tag":"App"},{"contents":[{"Left":"Prelude.Ord.Iso..extendedlambda0"},[{"contents":[{"Right":7},[]],"tag":"App"},{"contents":[{"Right":6},[]],"tag":"App"},{"contents":[{"Right":5},[]],"tag":"App"},{"contents":[{"Right":4},[]],"tag":"App"},{"contents":[{"Right":3},[]],"tag":"App"}]],"tag":"App"}]],"tag":"App"}],"tag":"Pi"}],"tag":"Pi"}],"tag":"Pi"}],"tag":"Pi"}],"tag":"Pi"}],"tag":"Pi"}],"tag":"Pi"}],"tag":"Pi"},"reduced":null,"simplified":null}},"name":"Prelude.Ord.Iso._.mkOrdLaws≈"}],"name":"Prelude.Ord.Iso"},"samples":[]}