{"scope":{"item":[{"item":{"pretty":"{ℓ : Level} {A : Type ℓ} ⦃ _ = z : Ord A ⦄ ⦃ _ : DecOrd A ⦄ → Op₂ A","thing":{"normalised":{"contents":[{"item":{"contents":[{"Left":"Agda.Primitive.Level"},[]],"tag":"App"},"name":"ℓ"},{"contents":[{"item":{"contents":"Set @0","tag":"Sort"},"name":"A"},{"contents":[{"item":{"contents":[{"Left":"Prelude.Ord.Core.Ord"},[{"contents":[{"Right":1},[]],"tag":"App"},{"contents":[{"Right":0},[]],"tag":"App"}]],"tag":"App"},"name":"_"},{"contents":[{"item":{"contents":[{"Left":"Prelude.Ord.Dec.DecOrd"},[{"contents":[{"Right":2},[]],"tag":"App"},{"contents":[{"Right":1},[]],"tag":"App"},{"contents":[{"Right":0},[]],"tag":"App"}]],"tag":"App"},"name":"_"},{"contents":[{"item":{"contents":[{"Right":2},[]],"tag":"App"},"name":"_"},{"contents":[{"item":{"contents":[{"Right":2},[]],"tag":"App"},"name":"_"},{"contents":[{"Right":2},[]],"tag":"App"}],"tag":"Pi"}],"tag":"Pi"}],"tag":"Pi"}],"tag":"Pi"}],"tag":"Pi"}],"tag":"Pi"},"original":{"contents":[{"item":{"contents":[{"Left":"Agda.Primitive.Level"},[]],"tag":"App"},"name":"ℓ"},{"contents":[{"item":{"contents":"Set @0","tag":"Sort"},"name":"A"},{"contents":[{"item":{"contents":[{"Left":"Prelude.Ord.Core.Ord"},[{"contents":[{"Right":1},[]],"tag":"App"},{"contents":[{"Right":0},[]],"tag":"App"}]],"tag":"App"},"name":"_"},{"contents":[{"item":{"contents":[{"Left":"Prelude.Ord.Dec.DecOrd"},[{"contents":[{"Right":2},[]],"tag":"App"},{"contents":[{"Right":1},[]],"tag":"App"},{"contents":[{"Right":0},[]],"tag":"App"}]],"tag":"App"},"name":"_"},{"contents":[{"Left":"Algebra.Core.Op₂"},[{"contents":[{"Right":3},[]],"tag":"App"},{"contents":[{"Right":2},[]],"tag":"App"}]],"tag":"App"}],"tag":"Pi"}],"tag":"Pi"}],"tag":"Pi"}],"tag":"Pi"},"reduced":null,"simplified":null}},"name":"Prelude.Ord.MinMax.min"},{"item":{"pretty":"{ℓ : Level} {A : Type ℓ} ⦃ _ = z : Ord A ⦄ ⦃ _ : DecOrd A ⦄ → Op₂ A","thing":{"normalised":{"contents":[{"item":{"contents":[{"Left":"Agda.Primitive.Level"},[]],"tag":"App"},"name":"ℓ"},{"contents":[{"item":{"contents":"Set @0","tag":"Sort"},"name":"A"},{"contents":[{"item":{"contents":[{"Left":"Prelude.Ord.Core.Ord"},[{"contents":[{"Right":1},[]],"tag":"App"},{"contents":[{"Right":0},[]],"tag":"App"}]],"tag":"App"},"name":"_"},{"contents":[{"item":{"contents":[{"Left":"Prelude.Ord.Dec.DecOrd"},[{"contents":[{"Right":2},[]],"tag":"App"},{"contents":[{"Right":1},[]],"tag":"App"},{"contents":[{"Right":0},[]],"tag":"App"}]],"tag":"App"},"name":"_"},{"contents":[{"item":{"contents":[{"Right":2},[]],"tag":"App"},"name":"_"},{"contents":[{"item":{"contents":[{"Right":2},[]],"tag":"App"},"name":"_"},{"contents":[{"Right":2},[]],"tag":"App"}],"tag":"Pi"}],"tag":"Pi"}],"tag":"Pi"}],"tag":"Pi"}],"tag":"Pi"}],"tag":"Pi"},"original":{"contents":[{"item":{"contents":[{"Left":"Agda.Primitive.Level"},[]],"tag":"App"},"name":"ℓ"},{"contents":[{"item":{"contents":"Set @0","tag":"Sort"},"name":"A"},{"contents":[{"item":{"contents":[{"Left":"Prelude.Ord.Core.Ord"},[{"contents":[{"Right":1},[]],"tag":"App"},{"contents":[{"Right":0},[]],"tag":"App"}]],"tag":"App"},"name":"_"},{"contents":[{"item":{"contents":[{"Left":"Prelude.Ord.Dec.DecOrd"},[{"contents":[{"Right":2},[]],"tag":"App"},{"contents":[{"Right":1},[]],"tag":"App"},{"contents":[{"Right":0},[]],"tag":"App"}]],"tag":"App"},"name":"_"},{"contents":[{"Left":"Algebra.Core.Op₂"},[{"contents":[{"Right":3},[]],"tag":"App"},{"contents":[{"Right":2},[]],"tag":"App"}]],"tag":"App"}],"tag":"Pi"}],"tag":"Pi"}],"tag":"Pi"}],"tag":"Pi"},"reduced":null,"simplified":null}},"name":"Prelude.Ord.MinMax.max"},{"item":{"pretty":"{ℓ : Level} {A : Type ℓ} ⦃ _ = z : Ord A ⦄ ⦃ _ : DecOrd A ⦄ →\nA → List A → A","thing":{"normalised":null,"original":{"contents":[{"item":{"contents":[{"Left":"Agda.Primitive.Level"},[]],"tag":"App"},"name":"ℓ"},{"contents":[{"item":{"contents":"Set @0","tag":"Sort"},"name":"A"},{"contents":[{"item":{"contents":[{"Left":"Prelude.Ord.Core.Ord"},[{"contents":[{"Right":1},[]],"tag":"App"},{"contents":[{"Right":0},[]],"tag":"App"}]],"tag":"App"},"name":"_"},{"contents":[{"item":{"contents":[{"Left":"Prelude.Ord.Dec.DecOrd"},[{"contents":[{"Right":2},[]],"tag":"App"},{"contents":[{"Right":1},[]],"tag":"App"},{"contents":[{"Right":0},[]],"tag":"App"}]],"tag":"App"},"name":"_"},{"contents":[{"item":{"contents":[{"Right":2},[]],"tag":"App"},"name":"_"},{"contents":[{"item":{"contents":[{"Left":"Agda.Builtin.List.List"},[{"contents":[{"Right":3},[]],"tag":"App"},{"contents":[{"Right":2},[]],"tag":"App"}]],"tag":"App"},"name":"_"},{"contents":[{"Right":2},[]],"tag":"App"}],"tag":"Pi"}],"tag":"Pi"}],"tag":"Pi"}],"tag":"Pi"}],"tag":"Pi"}],"tag":"Pi"},"reduced":null,"simplified":null}},"name":"Prelude.Ord.MinMax.minimum"},{"item":{"pretty":"{ℓ : Level} {A : Type ℓ} ⦃ _ = z : Ord A ⦄ ⦃ _ : DecOrd A ⦄ →\nA → List A → A","thing":{"normalised":null,"original":{"contents":[{"item":{"contents":[{"Left":"Agda.Primitive.Level"},[]],"tag":"App"},"name":"ℓ"},{"contents":[{"item":{"contents":"Set @0","tag":"Sort"},"name":"A"},{"contents":[{"item":{"contents":[{"Left":"Prelude.Ord.Core.Ord"},[{"contents":[{"Right":1},[]],"tag":"App"},{"contents":[{"Right":0},[]],"tag":"App"}]],"tag":"App"},"name":"_"},{"contents":[{"item":{"contents":[{"Left":"Prelude.Ord.Dec.DecOrd"},[{"contents":[{"Right":2},[]],"tag":"App"},{"contents":[{"Right":1},[]],"tag":"App"},{"contents":[{"Right":0},[]],"tag":"App"}]],"tag":"App"},"name":"_"},{"contents":[{"item":{"contents":[{"Right":2},[]],"tag":"App"},"name":"_"},{"contents":[{"item":{"contents":[{"Left":"Agda.Builtin.List.List"},[{"contents":[{"Right":3},[]],"tag":"App"},{"contents":[{"Right":2},[]],"tag":"App"}]],"tag":"App"},"name":"_"},{"contents":[{"Right":2},[]],"tag":"App"}],"tag":"Pi"}],"tag":"Pi"}],"tag":"Pi"}],"tag":"Pi"}],"tag":"Pi"}],"tag":"Pi"},"reduced":null,"simplified":null}},"name":"Prelude.Ord.MinMax.maximum"},{"item":{"pretty":"{ℓ : Level} {A : Type ℓ} ⦃ _ = z : Ord A ⦄ ⦃ _ : DecOrd A ⦄ →\nList⁺ A → A","thing":{"normalised":null,"original":{"contents":[{"item":{"contents":[{"Left":"Agda.Primitive.Level"},[]],"tag":"App"},"name":"ℓ"},{"contents":[{"item":{"contents":"Set @0","tag":"Sort"},"name":"A"},{"contents":[{"item":{"contents":[{"Left":"Prelude.Ord.Core.Ord"},[{"contents":[{"Right":1},[]],"tag":"App"},{"contents":[{"Right":0},[]],"tag":"App"}]],"tag":"App"},"name":"_"},{"contents":[{"item":{"contents":[{"Left":"Prelude.Ord.Dec.DecOrd"},[{"contents":[{"Right":2},[]],"tag":"App"},{"contents":[{"Right":1},[]],"tag":"App"},{"contents":[{"Right":0},[]],"tag":"App"}]],"tag":"App"},"name":"_"},{"contents":[{"item":{"contents":[{"Left":"Data.List.NonEmpty.Base.List⁺"},[{"contents":[{"Right":3},[]],"tag":"App"},{"contents":[{"Right":2},[]],"tag":"App"}]],"tag":"App"},"name":"_"},{"contents":[{"Right":2},[]],"tag":"App"}],"tag":"Pi"}],"tag":"Pi"}],"tag":"Pi"}],"tag":"Pi"}],"tag":"Pi"},"reduced":null,"simplified":null}},"name":"Prelude.Ord.MinMax.minimum⁺"},{"item":{"pretty":"{ℓ : Level} {A : Type ℓ} ⦃ _ = z : Ord A ⦄ ⦃ _ : DecOrd A ⦄ →\nList⁺ A → A","thing":{"normalised":null,"original":{"contents":[{"item":{"contents":[{"Left":"Agda.Primitive.Level"},[]],"tag":"App"},"name":"ℓ"},{"contents":[{"item":{"contents":"Set @0","tag":"Sort"},"name":"A"},{"contents":[{"item":{"contents":[{"Left":"Prelude.Ord.Core.Ord"},[{"contents":[{"Right":1},[]],"tag":"App"},{"contents":[{"Right":0},[]],"tag":"App"}]],"tag":"App"},"name":"_"},{"contents":[{"item":{"contents":[{"Left":"Prelude.Ord.Dec.DecOrd"},[{"contents":[{"Right":2},[]],"tag":"App"},{"contents":[{"Right":1},[]],"tag":"App"},{"contents":[{"Right":0},[]],"tag":"App"}]],"tag":"App"},"name":"_"},{"contents":[{"item":{"contents":[{"Left":"Data.List.NonEmpty.Base.List⁺"},[{"contents":[{"Right":3},[]],"tag":"App"},{"contents":[{"Right":2},[]],"tag":"App"}]],"tag":"App"},"name":"_"},{"contents":[{"Right":2},[]],"tag":"App"}],"tag":"Pi"}],"tag":"Pi"}],"tag":"Pi"}],"tag":"Pi"}],"tag":"Pi"},"reduced":null,"simplified":null}},"name":"Prelude.Ord.MinMax.maximum⁺"},{"item":{"pretty":"{ℓ : Level} {A : Type ℓ} ⦃ _ = z : Ord A ⦄ ⦃ _ = z₁ : DecOrd A ⦄\n{x y : A} {ys : List A} →\n(z Ord.≤ x) y ─────────────────────────────────\nminimum x (y ∷ ys) ≡ minimum x ys","thing":{"normalised":{"contents":[{"item":{"contents":[{"Left":"Agda.Primitive.Level"},[]],"tag":"App"},"name":"ℓ"},{"contents":[{"item":{"contents":"Set @0","tag":"Sort"},"name":"A"},{"contents":[{"item":{"contents":[{"Left":"Prelude.Ord.Core.Ord"},[{"contents":[{"Right":1},[]],"tag":"App"},{"contents":[{"Right":0},[]],"tag":"App"}]],"tag":"App"},"name":"_"},{"contents":[{"item":{"contents":[{"Left":"Prelude.Ord.Dec.DecOrd"},[{"contents":[{"Right":2},[]],"tag":"App"},{"contents":[{"Right":1},[]],"tag":"App"},{"contents":[{"Right":0},[]],"tag":"App"}]],"tag":"App"},"name":"_"},{"contents":[{"item":{"contents":[{"Right":2},[]],"tag":"App"},"name":"x"},{"contents":[{"item":{"contents":[{"Right":3},[]],"tag":"App"},"name":"y"},{"contents":[{"item":{"contents":[{"Left":"Agda.Builtin.List.List"},[{"contents":[{"Right":5},[]],"tag":"App"},{"contents":[{"Right":4},[]],"tag":"App"}]],"tag":"App"},"name":"ys"},{"contents":[{"item":{"contents":[{"Right":4},[{"contents":[{"Left":"Prelude.Ord.Core.Ord._≤_"},[]],"tag":"App"},{"contents":[{"Right":2},[]],"tag":"App"},{"contents":[{"Right":1},[]],"tag":"App"}]],"tag":"App"},"name":"_"},{"contents":[{"Left":"Agda.Builtin.Equality._≡_"},[{"contents":[{"Right":6},[]],"tag":"App"},{"contents":[{"Right":5},[]],"tag":"App"},{"contents":[{"Left":"Data.List.Base.foldl"},[{"contents":[{"Right":6},[]],"tag":"App"},{"contents":[{"Right":5},[]],"tag":"App"},{"contents":[{"Right":6},[]],"tag":"App"},{"contents":[{"Right":5},[]],"tag":"App"},{"contents":{"item":{"contents":{"item":{"contents":[{"Left":"Data.Bool.Base.if_then_else_"},[{"contents":[{"Right":8},[]],"tag":"App"},{"contents":[{"Right":7},[]],"tag":"App"},{"contents":[{"Left":"Relation.Nullary.Decidable.Core.isYes"},[{"contents":[{"Right":8},[]],"tag":"App"},{"contents":[{"Right":6},[{"contents":[{"Left":"Prelude.Ord.Core.Ord._≤_"},[]],"tag":"App"},{"contents":[{"Right":1},[]],"tag":"App"},{"contents":[{"Right":0},[]],"tag":"App"}]],"tag":"App"},{"contents":[{"Right":5},[{"contents":[{"Left":"Prelude.Ord.Dec.DecOrd.Dec-≤"},[]],"tag":"App"},{"contents":[{"Right":1},[]],"tag":"App"},{"contents":[{"Right":0},[]],"tag":"App"},{"contents":[{"Left":"Prelude.Decidable.Core._⁇.dec"},[]],"tag":"App"}]],"tag":"App"}]],"tag":"App"},{"contents":[{"Right":1},[]],"tag":"App"},{"contents":[{"Right":0},[]],"tag":"App"}]],"tag":"App"},"name":"y"},"tag":"Lam"},"name":"x"},"tag":"Lam"},{"contents":[{"Left":"Data.Bool.Base.if_then_else_"},[{"contents":[{"Right":6},[]],"tag":"App"},{"contents":[{"Right":5},[]],"tag":"App"},{"contents":[{"Left":"Relation.Nullary.Decidable.Core.isYes"},[{"contents":[{"Right":6},[]],"tag":"App"},{"contents":[{"Right":4},[{"contents":[{"Left":"Prelude.Ord.Core.Ord._≤_"},[]],"tag":"App"},{"contents":[{"Right":2},[]],"tag":"App"},{"contents":[{"Right":1},[]],"tag":"App"}]],"tag":"App"},{"contents":[{"Right":3},[{"contents":[{"Left":"Prelude.Ord.Dec.DecOrd.Dec-≤"},[]],"tag":"App"},{"contents":[{"Right":2},[]],"tag":"App"},{"contents":[{"Right":1},[]],"tag":"App"},{"contents":[{"Left":"Prelude.Decidable.Core._⁇.dec"},[]],"tag":"App"}]],"tag":"App"}]],"tag":"App"},{"contents":[{"Right":2},[]],"tag":"App"},{"contents":[{"Right":1},[]],"tag":"App"}]],"tag":"App"},{"contents":[{"Right":0},[]],"tag":"App"}]],"tag":"App"},{"contents":[{"Left":"Data.List.Base.foldl"},[{"contents":[{"Right":6},[]],"tag":"App"},{"contents":[{"Right":5},[]],"tag":"App"},{"contents":[{"Right":6},[]],"tag":"App"},{"contents":[{"Right":5},[]],"tag":"App"},{"contents":{"item":{"contents":{"item":{"contents":[{"Left":"Data.Bool.Base.if_then_else_"},[{"contents":[{"Right":8},[]],"tag":"App"},{"contents":[{"Right":7},[]],"tag":"App"},{"contents":[{"Left":"Relation.Nullary.Decidable.Core.isYes"},[{"contents":[{"Right":8},[]],"tag":"App"},{"contents":[{"Right":6},[{"contents":[{"Left":"Prelude.Ord.Core.Ord._≤_"},[]],"tag":"App"},{"contents":[{"Right":1},[]],"tag":"App"},{"contents":[{"Right":0},[]],"tag":"App"}]],"tag":"App"},{"contents":[{"Right":5},[{"contents":[{"Left":"Prelude.Ord.Dec.DecOrd.Dec-≤"},[]],"tag":"App"},{"contents":[{"Right":1},[]],"tag":"App"},{"contents":[{"Right":0},[]],"tag":"App"},{"contents":[{"Left":"Prelude.Decidable.Core._⁇.dec"},[]],"tag":"App"}]],"tag":"App"}]],"tag":"App"},{"contents":[{"Right":1},[]],"tag":"App"},{"contents":[{"Right":0},[]],"tag":"App"}]],"tag":"App"},"name":"y"},"tag":"Lam"},"name":"x"},"tag":"Lam"},{"contents":[{"Right":2},[]],"tag":"App"},{"contents":[{"Right":0},[]],"tag":"App"}]],"tag":"App"}]],"tag":"App"}],"tag":"Pi"}],"tag":"Pi"}],"tag":"Pi"}],"tag":"Pi"}],"tag":"Pi"}],"tag":"Pi"}],"tag":"Pi"}],"tag":"Pi"},"original":{"contents":[{"item":{"contents":[{"Left":"Agda.Primitive.Level"},[]],"tag":"App"},"name":"ℓ"},{"contents":[{"item":{"contents":"Set @0","tag":"Sort"},"name":"A"},{"contents":[{"item":{"contents":[{"Left":"Prelude.Ord.Core.Ord"},[{"contents":[{"Right":1},[]],"tag":"App"},{"contents":[{"Right":0},[]],"tag":"App"}]],"tag":"App"},"name":"_"},{"contents":[{"item":{"contents":[{"Left":"Prelude.Ord.Dec.DecOrd"},[{"contents":[{"Right":2},[]],"tag":"App"},{"contents":[{"Right":1},[]],"tag":"App"},{"contents":[{"Right":0},[]],"tag":"App"}]],"tag":"App"},"name":"_"},{"contents":[{"item":{"contents":[{"Right":2},[]],"tag":"App"},"name":"x"},{"contents":[{"item":{"contents":[{"Right":3},[]],"tag":"App"},"name":"y"},{"contents":[{"item":{"contents":[{"Left":"Agda.Builtin.List.List"},[{"contents":[{"Right":5},[]],"tag":"App"},{"contents":[{"Right":4},[]],"tag":"App"}]],"tag":"App"},"name":"ys"},{"contents":[{"Left":"Prelude.InferenceRules._─────────────────────────────────_"},[{"contents":[{"Right":6},[]],"tag":"App"},{"contents":[{"Right":6},[]],"tag":"App"},{"contents":[{"Right":4},[{"contents":[{"Left":"Prelude.Ord.Core.Ord._≤_"},[]],"tag":"App"},{"contents":[{"Right":2},[]],"tag":"App"},{"contents":[{"Right":1},[]],"tag":"App"}]],"tag":"App"},{"contents":[{"Left":"Agda.Builtin.Equality._≡_"},[{"contents":[{"Right":6},[]],"tag":"App"},{"contents":[{"Right":5},[]],"tag":"App"},{"contents":[{"Left":"Prelude.Ord.MinMax.minimum"},[{"contents":[{"Right":6},[]],"tag":"App"},{"contents":[{"Right":5},[]],"tag":"App"},{"contents":[{"Right":4},[]],"tag":"App"},{"contents":[{"Right":3},[]],"tag":"App"},{"contents":[{"Right":2},[]],"tag":"App"},{"contents":[{"Left":"Agda.Builtin.List.List._∷_"},[{"contents":[{"Right":1},[]],"tag":"App"},{"contents":[{"Right":0},[]],"tag":"App"}]],"tag":"App"}]],"tag":"App"},{"contents":[{"Left":"Prelude.Ord.MinMax.minimum"},[{"contents":[{"Right":6},[]],"tag":"App"},{"contents":[{"Right":5},[]],"tag":"App"},{"contents":[{"Right":4},[]],"tag":"App"},{"contents":[{"Right":3},[]],"tag":"App"},{"contents":[{"Right":2},[]],"tag":"App"},{"contents":[{"Right":0},[]],"tag":"App"}]],"tag":"App"}]],"tag":"App"}]],"tag":"App"}],"tag":"Pi"}],"tag":"Pi"}],"tag":"Pi"}],"tag":"Pi"}],"tag":"Pi"}],"tag":"Pi"}],"tag":"Pi"},"reduced":null,"simplified":null}},"name":"Prelude.Ord.MinMax._.minimum-skip"},{"item":{"pretty":"{ℓ : Level} {A : Type ℓ} ⦃ _ = z : Ord A ⦄ ⦃ _ = z₁ : DecOrd A ⦄\n{x y : A} {ys : List A} →\n(z Ord.≤ y) x ─────────────────────────────────\nmaximum x (y ∷ ys) ≡ maximum x ys","thing":{"normalised":{"contents":[{"item":{"contents":[{"Left":"Agda.Primitive.Level"},[]],"tag":"App"},"name":"ℓ"},{"contents":[{"item":{"contents":"Set @0","tag":"Sort"},"name":"A"},{"contents":[{"item":{"contents":[{"Left":"Prelude.Ord.Core.Ord"},[{"contents":[{"Right":1},[]],"tag":"App"},{"contents":[{"Right":0},[]],"tag":"App"}]],"tag":"App"},"name":"_"},{"contents":[{"item":{"contents":[{"Left":"Prelude.Ord.Dec.DecOrd"},[{"contents":[{"Right":2},[]],"tag":"App"},{"contents":[{"Right":1},[]],"tag":"App"},{"contents":[{"Right":0},[]],"tag":"App"}]],"tag":"App"},"name":"_"},{"contents":[{"item":{"contents":[{"Right":2},[]],"tag":"App"},"name":"x"},{"contents":[{"item":{"contents":[{"Right":3},[]],"tag":"App"},"name":"y"},{"contents":[{"item":{"contents":[{"Left":"Agda.Builtin.List.List"},[{"contents":[{"Right":5},[]],"tag":"App"},{"contents":[{"Right":4},[]],"tag":"App"}]],"tag":"App"},"name":"ys"},{"contents":[{"item":{"contents":[{"Right":4},[{"contents":[{"Left":"Prelude.Ord.Core.Ord._≤_"},[]],"tag":"App"},{"contents":[{"Right":1},[]],"tag":"App"},{"contents":[{"Right":2},[]],"tag":"App"}]],"tag":"App"},"name":"_"},{"contents":[{"Left":"Agda.Builtin.Equality._≡_"},[{"contents":[{"Right":6},[]],"tag":"App"},{"contents":[{"Right":5},[]],"tag":"App"},{"contents":[{"Left":"Data.List.Base.foldl"},[{"contents":[{"Right":6},[]],"tag":"App"},{"contents":[{"Right":5},[]],"tag":"App"},{"contents":[{"Right":6},[]],"tag":"App"},{"contents":[{"Right":5},[]],"tag":"App"},{"contents":{"item":{"contents":{"item":{"contents":[{"Left":"Data.Bool.Base.if_then_else_"},[{"contents":[{"Right":8},[]],"tag":"App"},{"contents":[{"Right":7},[]],"tag":"App"},{"contents":[{"Left":"Relation.Nullary.Decidable.Core.isYes"},[{"contents":[{"Right":8},[]],"tag":"App"},{"contents":[{"Right":6},[{"contents":[{"Left":"Prelude.Ord.Core.Ord._≤_"},[]],"tag":"App"},{"contents":[{"Right":0},[]],"tag":"App"},{"contents":[{"Right":1},[]],"tag":"App"}]],"tag":"App"},{"contents":[{"Right":5},[{"contents":[{"Left":"Prelude.Ord.Dec.DecOrd.Dec-≤"},[]],"tag":"App"},{"contents":[{"Right":0},[]],"tag":"App"},{"contents":[{"Right":1},[]],"tag":"App"},{"contents":[{"Left":"Prelude.Decidable.Core._⁇.dec"},[]],"tag":"App"}]],"tag":"App"}]],"tag":"App"},{"contents":[{"Right":1},[]],"tag":"App"},{"contents":[{"Right":0},[]],"tag":"App"}]],"tag":"App"},"name":"y"},"tag":"Lam"},"name":"x"},"tag":"Lam"},{"contents":[{"Left":"Data.Bool.Base.if_then_else_"},[{"contents":[{"Right":6},[]],"tag":"App"},{"contents":[{"Right":5},[]],"tag":"App"},{"contents":[{"Left":"Relation.Nullary.Decidable.Core.isYes"},[{"contents":[{"Right":6},[]],"tag":"App"},{"contents":[{"Right":4},[{"contents":[{"Left":"Prelude.Ord.Core.Ord._≤_"},[]],"tag":"App"},{"contents":[{"Right":1},[]],"tag":"App"},{"contents":[{"Right":2},[]],"tag":"App"}]],"tag":"App"},{"contents":[{"Right":3},[{"contents":[{"Left":"Prelude.Ord.Dec.DecOrd.Dec-≤"},[]],"tag":"App"},{"contents":[{"Right":1},[]],"tag":"App"},{"contents":[{"Right":2},[]],"tag":"App"},{"contents":[{"Left":"Prelude.Decidable.Core._⁇.dec"},[]],"tag":"App"}]],"tag":"App"}]],"tag":"App"},{"contents":[{"Right":2},[]],"tag":"App"},{"contents":[{"Right":1},[]],"tag":"App"}]],"tag":"App"},{"contents":[{"Right":0},[]],"tag":"App"}]],"tag":"App"},{"contents":[{"Left":"Data.List.Base.foldl"},[{"contents":[{"Right":6},[]],"tag":"App"},{"contents":[{"Right":5},[]],"tag":"App"},{"contents":[{"Right":6},[]],"tag":"App"},{"contents":[{"Right":5},[]],"tag":"App"},{"contents":{"item":{"contents":{"item":{"contents":[{"Left":"Data.Bool.Base.if_then_else_"},[{"contents":[{"Right":8},[]],"tag":"App"},{"contents":[{"Right":7},[]],"tag":"App"},{"contents":[{"Left":"Relation.Nullary.Decidable.Core.isYes"},[{"contents":[{"Right":8},[]],"tag":"App"},{"contents":[{"Right":6},[{"contents":[{"Left":"Prelude.Ord.Core.Ord._≤_"},[]],"tag":"App"},{"contents":[{"Right":0},[]],"tag":"App"},{"contents":[{"Right":1},[]],"tag":"App"}]],"tag":"App"},{"contents":[{"Right":5},[{"contents":[{"Left":"Prelude.Ord.Dec.DecOrd.Dec-≤"},[]],"tag":"App"},{"contents":[{"Right":0},[]],"tag":"App"},{"contents":[{"Right":1},[]],"tag":"App"},{"contents":[{"Left":"Prelude.Decidable.Core._⁇.dec"},[]],"tag":"App"}]],"tag":"App"}]],"tag":"App"},{"contents":[{"Right":1},[]],"tag":"App"},{"contents":[{"Right":0},[]],"tag":"App"}]],"tag":"App"},"name":"y"},"tag":"Lam"},"name":"x"},"tag":"Lam"},{"contents":[{"Right":2},[]],"tag":"App"},{"contents":[{"Right":0},[]],"tag":"App"}]],"tag":"App"}]],"tag":"App"}],"tag":"Pi"}],"tag":"Pi"}],"tag":"Pi"}],"tag":"Pi"}],"tag":"Pi"}],"tag":"Pi"}],"tag":"Pi"}],"tag":"Pi"},"original":{"contents":[{"item":{"contents":[{"Left":"Agda.Primitive.Level"},[]],"tag":"App"},"name":"ℓ"},{"contents":[{"item":{"contents":"Set @0","tag":"Sort"},"name":"A"},{"contents":[{"item":{"contents":[{"Left":"Prelude.Ord.Core.Ord"},[{"contents":[{"Right":1},[]],"tag":"App"},{"contents":[{"Right":0},[]],"tag":"App"}]],"tag":"App"},"name":"_"},{"contents":[{"item":{"contents":[{"Left":"Prelude.Ord.Dec.DecOrd"},[{"contents":[{"Right":2},[]],"tag":"App"},{"contents":[{"Right":1},[]],"tag":"App"},{"contents":[{"Right":0},[]],"tag":"App"}]],"tag":"App"},"name":"_"},{"contents":[{"item":{"contents":[{"Right":2},[]],"tag":"App"},"name":"x"},{"contents":[{"item":{"contents":[{"Right":3},[]],"tag":"App"},"name":"y"},{"contents":[{"item":{"contents":[{"Left":"Agda.Builtin.List.List"},[{"contents":[{"Right":5},[]],"tag":"App"},{"contents":[{"Right":4},[]],"tag":"App"}]],"tag":"App"},"name":"ys"},{"contents":[{"Left":"Prelude.InferenceRules._─────────────────────────────────_"},[{"contents":[{"Right":6},[]],"tag":"App"},{"contents":[{"Right":6},[]],"tag":"App"},{"contents":[{"Right":4},[{"contents":[{"Left":"Prelude.Ord.Core.Ord._≤_"},[]],"tag":"App"},{"contents":[{"Right":1},[]],"tag":"App"},{"contents":[{"Right":2},[]],"tag":"App"}]],"tag":"App"},{"contents":[{"Left":"Agda.Builtin.Equality._≡_"},[{"contents":[{"Right":6},[]],"tag":"App"},{"contents":[{"Right":5},[]],"tag":"App"},{"contents":[{"Left":"Prelude.Ord.MinMax.maximum"},[{"contents":[{"Right":6},[]],"tag":"App"},{"contents":[{"Right":5},[]],"tag":"App"},{"contents":[{"Right":4},[]],"tag":"App"},{"contents":[{"Right":3},[]],"tag":"App"},{"contents":[{"Right":2},[]],"tag":"App"},{"contents":[{"Left":"Agda.Builtin.List.List._∷_"},[{"contents":[{"Right":1},[]],"tag":"App"},{"contents":[{"Right":0},[]],"tag":"App"}]],"tag":"App"}]],"tag":"App"},{"contents":[{"Left":"Prelude.Ord.MinMax.maximum"},[{"contents":[{"Right":6},[]],"tag":"App"},{"contents":[{"Right":5},[]],"tag":"App"},{"contents":[{"Right":4},[]],"tag":"App"},{"contents":[{"Right":3},[]],"tag":"App"},{"contents":[{"Right":2},[]],"tag":"App"},{"contents":[{"Right":0},[]],"tag":"App"}]],"tag":"App"}]],"tag":"App"}]],"tag":"App"}],"tag":"Pi"}],"tag":"Pi"}],"tag":"Pi"}],"tag":"Pi"}],"tag":"Pi"}],"tag":"Pi"}],"tag":"Pi"},"reduced":null,"simplified":null}},"name":"Prelude.Ord.MinMax._.maximum-skip"},{"item":{"pretty":"{ℓ : Level} {A : Type ℓ} ⦃ _ = z : Ord A ⦄ ⦃ _ = z₁ : DecOrd A ⦄\n(xs : List⁺ A) →\nAll⁺ (λ section → (z Ord.≤ section) (maximum⁺ xs)) xs","thing":{"normalised":{"contents":[{"item":{"contents":[{"Left":"Agda.Primitive.Level"},[]],"tag":"App"},"name":"ℓ"},{"contents":[{"item":{"contents":"Set @0","tag":"Sort"},"name":"A"},{"contents":[{"item":{"contents":[{"Left":"Prelude.Ord.Core.Ord"},[{"contents":[{"Right":1},[]],"tag":"App"},{"contents":[{"Right":0},[]],"tag":"App"}]],"tag":"App"},"name":"_"},{"contents":[{"item":{"contents":[{"Left":"Prelude.Ord.Dec.DecOrd"},[{"contents":[{"Right":2},[]],"tag":"App"},{"contents":[{"Right":1},[]],"tag":"App"},{"contents":[{"Right":0},[]],"tag":"App"}]],"tag":"App"},"name":"_"},{"contents":[{"item":{"contents":[{"Left":"Data.List.NonEmpty.Base.List⁺"},[{"contents":[{"Right":3},[]],"tag":"App"},{"contents":[{"Right":2},[]],"tag":"App"}]],"tag":"App"},"name":"xs"},{"contents":[{"Left":"Data.List.Relation.Unary.All.All"},[{"contents":[{"Right":4},[]],"tag":"App"},{"contents":[{"Right":4},[]],"tag":"App"},{"contents":[{"Right":3},[]],"tag":"App"},{"contents":{"item":{"contents":[{"Right":3},[{"contents":[{"Left":"Prelude.Ord.Core.Ord._≤_"},[]],"tag":"App"},{"contents":[{"Right":0},[]],"tag":"App"},{"contents":[{"Left":"Data.List.Base.foldl"},[{"contents":[{"Right":5},[]],"tag":"App"},{"contents":[{"Right":4},[]],"tag":"App"},{"contents":[{"Right":5},[]],"tag":"App"},{"contents":[{"Right":4},[]],"tag":"App"},{"contents":{"item":{"contents":{"item":{"contents":[{"Left":"Data.Bool.Base.if_then_else_"},[{"contents":[{"Right":7},[]],"tag":"App"},{"contents":[{"Right":6},[]],"tag":"App"},{"contents":[{"Left":"Relation.Nullary.Decidable.Core.isYes"},[{"contents":[{"Right":7},[]],"tag":"App"},{"contents":[{"Right":5},[{"contents":[{"Left":"Prelude.Ord.Core.Ord._≤_"},[]],"tag":"App"},{"contents":[{"Right":0},[]],"tag":"App"},{"contents":[{"Right":1},[]],"tag":"App"}]],"tag":"App"},{"contents":[{"Right":4},[{"contents":[{"Left":"Prelude.Ord.Dec.DecOrd.Dec-≤"},[]],"tag":"App"},{"contents":[{"Right":0},[]],"tag":"App"},{"contents":[{"Right":1},[]],"tag":"App"},{"contents":[{"Left":"Prelude.Decidable.Core._⁇.dec"},[]],"tag":"App"}]],"tag":"App"}]],"tag":"App"},{"contents":[{"Right":1},[]],"tag":"App"},{"contents":[{"Right":0},[]],"tag":"App"}]],"tag":"App"},"name":"y"},"tag":"Lam"},"name":"x"},"tag":"Lam"},{"contents":[{"Right":1},[{"contents":[{"Left":"Data.List.NonEmpty.Base.List⁺.head"},[]],"tag":"App"}]],"tag":"App"},{"contents":[{"Right":1},[{"contents":[{"Left":"Data.List.NonEmpty.Base.List⁺.tail"},[]],"tag":"App"}]],"tag":"App"}]],"tag":"App"}]],"tag":"App"},"name":"section"},"tag":"Lam"},{"contents":[{"Left":"Agda.Builtin.List.List._∷_"},[{"contents":[{"Right":0},[{"contents":[{"Left":"Data.List.NonEmpty.Base.List⁺.head"},[]],"tag":"App"}]],"tag":"App"},{"contents":[{"Right":0},[{"contents":[{"Left":"Data.List.NonEmpty.Base.List⁺.tail"},[]],"tag":"App"}]],"tag":"App"}]],"tag":"App"}]],"tag":"App"}],"tag":"Pi"}],"tag":"Pi"}],"tag":"Pi"}],"tag":"Pi"}],"tag":"Pi"},"original":{"contents":[{"item":{"contents":[{"Left":"Agda.Primitive.Level"},[]],"tag":"App"},"name":"ℓ"},{"contents":[{"item":{"contents":"Set @0","tag":"Sort"},"name":"A"},{"contents":[{"item":{"contents":[{"Left":"Prelude.Ord.Core.Ord"},[{"contents":[{"Right":1},[]],"tag":"App"},{"contents":[{"Right":0},[]],"tag":"App"}]],"tag":"App"},"name":"_"},{"contents":[{"item":{"contents":[{"Left":"Prelude.Ord.Dec.DecOrd"},[{"contents":[{"Right":2},[]],"tag":"App"},{"contents":[{"Right":1},[]],"tag":"App"},{"contents":[{"Right":0},[]],"tag":"App"}]],"tag":"App"},"name":"_"},{"contents":[{"item":{"contents":[{"Left":"Data.List.NonEmpty.Base.List⁺"},[{"contents":[{"Right":3},[]],"tag":"App"},{"contents":[{"Right":2},[]],"tag":"App"}]],"tag":"App"},"name":"xs"},{"contents":[{"Left":"Prelude.Lists.NonEmpty.All⁺"},[{"contents":[{"Right":4},[]],"tag":"App"},{"contents":[{"Right":3},[]],"tag":"App"},{"contents":[{"Right":4},[]],"tag":"App"},{"contents":{"item":{"contents":[{"Right":3},[{"contents":[{"Left":"Prelude.Ord.Core.Ord._≤_"},[]],"tag":"App"},{"contents":[{"Right":0},[]],"tag":"App"},{"contents":[{"Left":"Prelude.Ord.MinMax.maximum⁺"},[{"contents":[{"Right":5},[]],"tag":"App"},{"contents":[{"Right":4},[]],"tag":"App"},{"contents":[{"Right":3},[]],"tag":"App"},{"contents":[{"Right":2},[]],"tag":"App"},{"contents":[{"Right":1},[]],"tag":"App"}]],"tag":"App"}]],"tag":"App"},"name":"section"},"tag":"Lam"},{"contents":[{"Right":0},[]],"tag":"App"}]],"tag":"App"}],"tag":"Pi"}],"tag":"Pi"}],"tag":"Pi"}],"tag":"Pi"}],"tag":"Pi"},"reduced":null,"simplified":null}},"name":"Prelude.Ord.MinMax.∀≤max⁺"},{"item":{"pretty":"{ℓ : Level} {A : Type ℓ} ⦃ _ = z : Ord A ⦄ ⦃ _ = z₁ : DecOrd A ⦄\n(x : A) (xs : List A) →\nAll (λ section → (z Ord.≤ section) (maximum x xs)) xs","thing":{"normalised":{"contents":[{"item":{"contents":[{"Left":"Agda.Primitive.Level"},[]],"tag":"App"},"name":"ℓ"},{"contents":[{"item":{"contents":"Set @0","tag":"Sort"},"name":"A"},{"contents":[{"item":{"contents":[{"Left":"Prelude.Ord.Core.Ord"},[{"contents":[{"Right":1},[]],"tag":"App"},{"contents":[{"Right":0},[]],"tag":"App"}]],"tag":"App"},"name":"_"},{"contents":[{"item":{"contents":[{"Left":"Prelude.Ord.Dec.DecOrd"},[{"contents":[{"Right":2},[]],"tag":"App"},{"contents":[{"Right":1},[]],"tag":"App"},{"contents":[{"Right":0},[]],"tag":"App"}]],"tag":"App"},"name":"_"},{"contents":[{"item":{"contents":[{"Right":2},[]],"tag":"App"},"name":"x"},{"contents":[{"item":{"contents":[{"Left":"Agda.Builtin.List.List"},[{"contents":[{"Right":4},[]],"tag":"App"},{"contents":[{"Right":3},[]],"tag":"App"}]],"tag":"App"},"name":"xs"},{"contents":[{"Left":"Data.List.Relation.Unary.All.All"},[{"contents":[{"Right":5},[]],"tag":"App"},{"contents":[{"Right":5},[]],"tag":"App"},{"contents":[{"Right":4},[]],"tag":"App"},{"contents":{"item":{"contents":[{"Right":4},[{"contents":[{"Left":"Prelude.Ord.Core.Ord._≤_"},[]],"tag":"App"},{"contents":[{"Right":0},[]],"tag":"App"},{"contents":[{"Left":"Data.List.Base.foldl"},[{"contents":[{"Right":6},[]],"tag":"App"},{"contents":[{"Right":5},[]],"tag":"App"},{"contents":[{"Right":6},[]],"tag":"App"},{"contents":[{"Right":5},[]],"tag":"App"},{"contents":{"item":{"contents":{"item":{"contents":[{"Left":"Data.Bool.Base.if_then_else_"},[{"contents":[{"Right":8},[]],"tag":"App"},{"contents":[{"Right":7},[]],"tag":"App"},{"contents":[{"Left":"Relation.Nullary.Decidable.Core.isYes"},[{"contents":[{"Right":8},[]],"tag":"App"},{"contents":[{"Right":6},[{"contents":[{"Left":"Prelude.Ord.Core.Ord._≤_"},[]],"tag":"App"},{"contents":[{"Right":0},[]],"tag":"App"},{"contents":[{"Right":1},[]],"tag":"App"}]],"tag":"App"},{"contents":[{"Right":5},[{"contents":[{"Left":"Prelude.Ord.Dec.DecOrd.Dec-≤"},[]],"tag":"App"},{"contents":[{"Right":0},[]],"tag":"App"},{"contents":[{"Right":1},[]],"tag":"App"},{"contents":[{"Left":"Prelude.Decidable.Core._⁇.dec"},[]],"tag":"App"}]],"tag":"App"}]],"tag":"App"},{"contents":[{"Right":1},[]],"tag":"App"},{"contents":[{"Right":0},[]],"tag":"App"}]],"tag":"App"},"name":"y"},"tag":"Lam"},"name":"x"},"tag":"Lam"},{"contents":[{"Right":2},[]],"tag":"App"},{"contents":[{"Right":1},[]],"tag":"App"}]],"tag":"App"}]],"tag":"App"},"name":"section"},"tag":"Lam"},{"contents":[{"Right":0},[]],"tag":"App"}]],"tag":"App"}],"tag":"Pi"}],"tag":"Pi"}],"tag":"Pi"}],"tag":"Pi"}],"tag":"Pi"}],"tag":"Pi"},"original":{"contents":[{"item":{"contents":[{"Left":"Agda.Primitive.Level"},[]],"tag":"App"},"name":"ℓ"},{"contents":[{"item":{"contents":"Set @0","tag":"Sort"},"name":"A"},{"contents":[{"item":{"contents":[{"Left":"Prelude.Ord.Core.Ord"},[{"contents":[{"Right":1},[]],"tag":"App"},{"contents":[{"Right":0},[]],"tag":"App"}]],"tag":"App"},"name":"_"},{"contents":[{"item":{"contents":[{"Left":"Prelude.Ord.Dec.DecOrd"},[{"contents":[{"Right":2},[]],"tag":"App"},{"contents":[{"Right":1},[]],"tag":"App"},{"contents":[{"Right":0},[]],"tag":"App"}]],"tag":"App"},"name":"_"},{"contents":[{"item":{"contents":[{"Right":2},[]],"tag":"App"},"name":"x"},{"contents":[{"item":{"contents":[{"Left":"Agda.Builtin.List.List"},[{"contents":[{"Right":4},[]],"tag":"App"},{"contents":[{"Right":3},[]],"tag":"App"}]],"tag":"App"},"name":"xs"},{"contents":[{"Left":"Data.List.Relation.Unary.All.All"},[{"contents":[{"Right":5},[]],"tag":"App"},{"contents":[{"Right":5},[]],"tag":"App"},{"contents":[{"Right":4},[]],"tag":"App"},{"contents":{"item":{"contents":[{"Right":4},[{"contents":[{"Left":"Prelude.Ord.Core.Ord._≤_"},[]],"tag":"App"},{"contents":[{"Right":0},[]],"tag":"App"},{"contents":[{"Left":"Prelude.Ord.MinMax.maximum"},[{"contents":[{"Right":6},[]],"tag":"App"},{"contents":[{"Right":5},[]],"tag":"App"},{"contents":[{"Right":4},[]],"tag":"App"},{"contents":[{"Right":3},[]],"tag":"App"},{"contents":[{"Right":2},[]],"tag":"App"},{"contents":[{"Right":1},[]],"tag":"App"}]],"tag":"App"}]],"tag":"App"},"name":"section"},"tag":"Lam"},{"contents":[{"Right":0},[]],"tag":"App"}]],"tag":"App"}],"tag":"Pi"}],"tag":"Pi"}],"tag":"Pi"}],"tag":"Pi"}],"tag":"Pi"}],"tag":"Pi"},"reduced":null,"simplified":null}},"name":"Prelude.Ord.MinMax.∀≤max"},{"item":{"pretty":"{ℓ : Level} {A : Type ℓ} ⦃ _ = z : Ord A ⦄ ⦃ _ = z₁ : DecOrd A ⦄\n{x : A} {xs : List A} →\nAll (λ section → (z Ord.≤ section) x) xs ────────────────\nx ≡ maximum x xs","thing":{"normalised":{"contents":[{"item":{"contents":[{"Left":"Agda.Primitive.Level"},[]],"tag":"App"},"name":"ℓ"},{"contents":[{"item":{"contents":"Set @0","tag":"Sort"},"name":"A"},{"contents":[{"item":{"contents":[{"Left":"Prelude.Ord.Core.Ord"},[{"contents":[{"Right":1},[]],"tag":"App"},{"contents":[{"Right":0},[]],"tag":"App"}]],"tag":"App"},"name":"_"},{"contents":[{"item":{"contents":[{"Left":"Prelude.Ord.Dec.DecOrd"},[{"contents":[{"Right":2},[]],"tag":"App"},{"contents":[{"Right":1},[]],"tag":"App"},{"contents":[{"Right":0},[]],"tag":"App"}]],"tag":"App"},"name":"_"},{"contents":[{"item":{"contents":[{"Right":2},[]],"tag":"App"},"name":"x"},{"contents":[{"item":{"contents":[{"Left":"Agda.Builtin.List.List"},[{"contents":[{"Right":4},[]],"tag":"App"},{"contents":[{"Right":3},[]],"tag":"App"}]],"tag":"App"},"name":"xs"},{"contents":[{"item":{"contents":[{"Left":"Data.List.Relation.Unary.All.All"},[{"contents":[{"Right":5},[]],"tag":"App"},{"contents":[{"Right":5},[]],"tag":"App"},{"contents":[{"Right":4},[]],"tag":"App"},{"contents":{"item":{"contents":[{"Right":4},[{"contents":[{"Left":"Prelude.Ord.Core.Ord._≤_"},[]],"tag":"App"},{"contents":[{"Right":0},[]],"tag":"App"},{"contents":[{"Right":2},[]],"tag":"App"}]],"tag":"App"},"name":"section"},"tag":"Lam"},{"contents":[{"Right":0},[]],"tag":"App"}]],"tag":"App"},"name":"_"},{"contents":[{"Left":"Agda.Builtin.Equality._≡_"},[{"contents":[{"Right":5},[]],"tag":"App"},{"contents":[{"Right":4},[]],"tag":"App"},{"contents":[{"Right":1},[]],"tag":"App"},{"contents":[{"Left":"Data.List.Base.foldl"},[{"contents":[{"Right":5},[]],"tag":"App"},{"contents":[{"Right":4},[]],"tag":"App"},{"contents":[{"Right":5},[]],"tag":"App"},{"contents":[{"Right":4},[]],"tag":"App"},{"contents":{"item":{"contents":{"item":{"contents":[{"Left":"Data.Bool.Base.if_then_else_"},[{"contents":[{"Right":7},[]],"tag":"App"},{"contents":[{"Right":6},[]],"tag":"App"},{"contents":[{"Left":"Relation.Nullary.Decidable.Core.isYes"},[{"contents":[{"Right":7},[]],"tag":"App"},{"contents":[{"Right":5},[{"contents":[{"Left":"Prelude.Ord.Core.Ord._≤_"},[]],"tag":"App"},{"contents":[{"Right":0},[]],"tag":"App"},{"contents":[{"Right":1},[]],"tag":"App"}]],"tag":"App"},{"contents":[{"Right":4},[{"contents":[{"Left":"Prelude.Ord.Dec.DecOrd.Dec-≤"},[]],"tag":"App"},{"contents":[{"Right":0},[]],"tag":"App"},{"contents":[{"Right":1},[]],"tag":"App"},{"contents":[{"Left":"Prelude.Decidable.Core._⁇.dec"},[]],"tag":"App"}]],"tag":"App"}]],"tag":"App"},{"contents":[{"Right":1},[]],"tag":"App"},{"contents":[{"Right":0},[]],"tag":"App"}]],"tag":"App"},"name":"y"},"tag":"Lam"},"name":"x"},"tag":"Lam"},{"contents":[{"Right":1},[]],"tag":"App"},{"contents":[{"Right":0},[]],"tag":"App"}]],"tag":"App"}]],"tag":"App"}],"tag":"Pi"}],"tag":"Pi"}],"tag":"Pi"}],"tag":"Pi"}],"tag":"Pi"}],"tag":"Pi"}],"tag":"Pi"},"original":{"contents":[{"item":{"contents":[{"Left":"Agda.Primitive.Level"},[]],"tag":"App"},"name":"ℓ"},{"contents":[{"item":{"contents":"Set @0","tag":"Sort"},"name":"A"},{"contents":[{"item":{"contents":[{"Left":"Prelude.Ord.Core.Ord"},[{"contents":[{"Right":1},[]],"tag":"App"},{"contents":[{"Right":0},[]],"tag":"App"}]],"tag":"App"},"name":"_"},{"contents":[{"item":{"contents":[{"Left":"Prelude.Ord.Dec.DecOrd"},[{"contents":[{"Right":2},[]],"tag":"App"},{"contents":[{"Right":1},[]],"tag":"App"},{"contents":[{"Right":0},[]],"tag":"App"}]],"tag":"App"},"name":"_"},{"contents":[{"item":{"contents":[{"Right":2},[]],"tag":"App"},"name":"x"},{"contents":[{"item":{"contents":[{"Left":"Agda.Builtin.List.List"},[{"contents":[{"Right":4},[]],"tag":"App"},{"contents":[{"Right":3},[]],"tag":"App"}]],"tag":"App"},"name":"xs"},{"contents":[{"Left":"Prelude.InferenceRules._────────────────_"},[{"contents":[{"Right":5},[]],"tag":"App"},{"contents":[{"Right":5},[]],"tag":"App"},{"contents":[{"Left":"Data.List.Relation.Unary.All.All"},[{"contents":[{"Right":5},[]],"tag":"App"},{"contents":[{"Right":5},[]],"tag":"App"},{"contents":[{"Right":4},[]],"tag":"App"},{"contents":{"item":{"contents":[{"Right":4},[{"contents":[{"Left":"Prelude.Ord.Core.Ord._≤_"},[]],"tag":"App"},{"contents":[{"Right":0},[]],"tag":"App"},{"contents":[{"Right":2},[]],"tag":"App"}]],"tag":"App"},"name":"section"},"tag":"Lam"},{"contents":[{"Right":0},[]],"tag":"App"}]],"tag":"App"},{"contents":[{"Left":"Agda.Builtin.Equality._≡_"},[{"contents":[{"Right":5},[]],"tag":"App"},{"contents":[{"Right":4},[]],"tag":"App"},{"contents":[{"Right":1},[]],"tag":"App"},{"contents":[{"Left":"Prelude.Ord.MinMax.maximum"},[{"contents":[{"Right":5},[]],"tag":"App"},{"contents":[{"Right":4},[]],"tag":"App"},{"contents":[{"Right":3},[]],"tag":"App"},{"contents":[{"Right":2},[]],"tag":"App"},{"contents":[{"Right":1},[]],"tag":"App"},{"contents":[{"Right":0},[]],"tag":"App"}]],"tag":"App"}]],"tag":"App"}]],"tag":"App"}],"tag":"Pi"}],"tag":"Pi"}],"tag":"Pi"}],"tag":"Pi"}],"tag":"Pi"}],"tag":"Pi"},"reduced":null,"simplified":null}},"name":"Prelude.Ord.MinMax.∀≤⇒≡max"}],"name":"Prelude.Ord.MinMax"},"samples":[{"ctx":{"pretty":"{ℓ : Level} {A : Type ℓ} ⦃ _ = x : Ord A ⦄ ⦃ _ = x₁ : DecOrd A ⦄","thing":[{"item":{"contents":[{"Left":"Agda.Primitive.Level"},[]],"tag":"App"},"name":"ℓ"},{"item":{"contents":"Set @0","tag":"Sort"},"name":"A"},{"item":{"contents":[{"Left":"Prelude.Ord.Core.Ord"},[{"contents":[{"Right":1},[]],"tag":"App"},{"contents":[{"Right":0},[]],"tag":"App"}]],"tag":"App"},"name":"x"},{"item":{"contents":[{"Left":"Prelude.Ord.Dec.DecOrd"},[{"contents":[{"Right":2},[]],"tag":"App"},{"contents":[{"Right":1},[]],"tag":"App"},{"contents":[{"Right":0},[]],"tag":"App"}]],"tag":"App"},"name":"x"}]},"goal":{"pretty":"A → A → A","thing":{"normalised":null,"original":{"contents":[{"item":{"contents":[{"Right":2},[]],"tag":"App"},"name":"_"},{"contents":[{"item":{"contents":[{"Right":2},[]],"tag":"App"},"name":"_"},{"contents":[{"Right":2},[]],"tag":"App"}],"tag":"Pi"}],"tag":"Pi"},"reduced":null,"simplified":null}},"term":{"pretty":"min","thing":{"normalised":{"contents":{"item":{"contents":{"item":{"contents":[{"Left":"Data.Bool.Base.if_then_else_"},[{"contents":[{"Right":5},[]],"tag":"App"},{"contents":[{"Right":4},[]],"tag":"App"},{"contents":[{"Left":"Relation.Nullary.Decidable.Core.isYes"},[{"contents":[{"Right":5},[]],"tag":"App"},{"contents":[{"Right":3},[{"contents":[{"Left":"Prelude.Ord.Core.Ord._≤_"},[]],"tag":"App"},{"contents":[{"Right":1},[]],"tag":"App"},{"contents":[{"Right":0},[]],"tag":"App"}]],"tag":"App"},{"contents":[{"Right":2},[{"contents":[{"Left":"Prelude.Ord.Dec.DecOrd.Dec-≤"},[]],"tag":"App"},{"contents":[{"Right":1},[]],"tag":"App"},{"contents":[{"Right":0},[]],"tag":"App"},{"contents":[{"Left":"Prelude.Decidable.Core._⁇.dec"},[]],"tag":"App"}]],"tag":"App"}]],"tag":"App"},{"contents":[{"Right":1},[]],"tag":"App"},{"contents":[{"Right":0},[]],"tag":"App"}]],"tag":"App"},"name":"y"},"tag":"Lam"},"name":"x"},"tag":"Lam"},"original":{"contents":[{"Left":"Prelude.Ord.MinMax.min"},[{"contents":[{"Right":3},[]],"tag":"App"},{"contents":[{"Right":2},[]],"tag":"App"},{"contents":[{"Right":1},[]],"tag":"App"},{"contents":[{"Right":0},[]],"tag":"App"}]],"tag":"App"},"reduced":{"contents":{"item":{"contents":{"item":{"contents":[{"Left":"Data.Bool.Base.if_then_else_"},[{"contents":[{"Right":5},[]],"tag":"App"},{"contents":[{"Right":4},[]],"tag":"App"},{"contents":[{"Left":"Relation.Nullary.Decidable.Core.⌊_⌋"},[{"contents":[{"Right":5},[]],"tag":"App"},{"contents":[{"Right":3},[{"contents":[{"Left":"Prelude.Ord.Core.Ord._≤_"},[]],"tag":"App"},{"contents":[{"Right":1},[]],"tag":"App"},{"contents":[{"Right":0},[]],"tag":"App"}]],"tag":"App"},{"contents":[{"Left":"Prelude.Ord.Dec.DecOrd._≤?_"},[{"contents":[{"Right":5},[]],"tag":"App"},{"contents":[{"Right":4},[]],"tag":"App"},{"contents":[{"Right":3},[]],"tag":"App"},{"contents":[{"Right":2},[]],"tag":"App"},{"contents":[{"Right":1},[]],"tag":"App"},{"contents":[{"Right":0},[]],"tag":"App"}]],"tag":"App"}]],"tag":"App"},{"contents":[{"Right":1},[]],"tag":"App"},{"contents":[{"Right":0},[]],"tag":"App"}]],"tag":"App"},"name":"y"},"tag":"Lam"},"name":"x"},"tag":"Lam"},"simplified":null}},"namesUsed":["Prelude.Ord.MinMax.min"]},{"ctx":{"pretty":"{ℓ : Level} {A : Type ℓ} ⦃ _ = x : Ord A ⦄ ⦃ _ = x₁ : DecOrd A ⦄","thing":[{"item":{"contents":[{"Left":"Agda.Primitive.Level"},[]],"tag":"App"},"name":"ℓ"},{"item":{"contents":"Set @0","tag":"Sort"},"name":"A"},{"item":{"contents":[{"Left":"Prelude.Ord.Core.Ord"},[{"contents":[{"Right":1},[]],"tag":"App"},{"contents":[{"Right":0},[]],"tag":"App"}]],"tag":"App"},"name":"x"},{"item":{"contents":[{"Left":"Prelude.Ord.Dec.DecOrd"},[{"contents":[{"Right":2},[]],"tag":"App"},{"contents":[{"Right":1},[]],"tag":"App"},{"contents":[{"Right":0},[]],"tag":"App"}]],"tag":"App"},"name":"x"}]},"goal":{"pretty":"A → A → A","thing":{"normalised":null,"original":{"contents":[{"item":{"contents":[{"Right":2},[]],"tag":"App"},"name":"_"},{"contents":[{"item":{"contents":[{"Right":2},[]],"tag":"App"},"name":"_"},{"contents":[{"Right":2},[]],"tag":"App"}],"tag":"Pi"}],"tag":"Pi"},"reduced":null,"simplified":null}},"term":{"pretty":"max","thing":{"normalised":{"contents":{"item":{"contents":{"item":{"contents":[{"Left":"Data.Bool.Base.if_then_else_"},[{"contents":[{"Right":5},[]],"tag":"App"},{"contents":[{"Right":4},[]],"tag":"App"},{"contents":[{"Left":"Relation.Nullary.Decidable.Core.isYes"},[{"contents":[{"Right":5},[]],"tag":"App"},{"contents":[{"Right":3},[{"contents":[{"Left":"Prelude.Ord.Core.Ord._≤_"},[]],"tag":"App"},{"contents":[{"Right":0},[]],"tag":"App"},{"contents":[{"Right":1},[]],"tag":"App"}]],"tag":"App"},{"contents":[{"Right":2},[{"contents":[{"Left":"Prelude.Ord.Dec.DecOrd.Dec-≤"},[]],"tag":"App"},{"contents":[{"Right":0},[]],"tag":"App"},{"contents":[{"Right":1},[]],"tag":"App"},{"contents":[{"Left":"Prelude.Decidable.Core._⁇.dec"},[]],"tag":"App"}]],"tag":"App"}]],"tag":"App"},{"contents":[{"Right":1},[]],"tag":"App"},{"contents":[{"Right":0},[]],"tag":"App"}]],"tag":"App"},"name":"y"},"tag":"Lam"},"name":"x"},"tag":"Lam"},"original":{"contents":[{"Left":"Prelude.Ord.MinMax.max"},[{"contents":[{"Right":3},[]],"tag":"App"},{"contents":[{"Right":2},[]],"tag":"App"},{"contents":[{"Right":1},[]],"tag":"App"},{"contents":[{"Right":0},[]],"tag":"App"}]],"tag":"App"},"reduced":{"contents":{"item":{"contents":{"item":{"contents":[{"Left":"Data.Bool.Base.if_then_else_"},[{"contents":[{"Right":5},[]],"tag":"App"},{"contents":[{"Right":4},[]],"tag":"App"},{"contents":[{"Left":"Relation.Nullary.Decidable.Core.⌊_⌋"},[{"contents":[{"Right":5},[]],"tag":"App"},{"contents":[{"Right":3},[{"contents":[{"Left":"Prelude.Ord.Core.Ord._≤_"},[]],"tag":"App"},{"contents":[{"Right":0},[]],"tag":"App"},{"contents":[{"Right":1},[]],"tag":"App"}]],"tag":"App"},{"contents":[{"Left":"Prelude.Ord.Dec.DecOrd._≤?_"},[{"contents":[{"Right":5},[]],"tag":"App"},{"contents":[{"Right":4},[]],"tag":"App"},{"contents":[{"Right":3},[]],"tag":"App"},{"contents":[{"Right":2},[]],"tag":"App"},{"contents":[{"Right":0},[]],"tag":"App"},{"contents":[{"Right":1},[]],"tag":"App"}]],"tag":"App"}]],"tag":"App"},{"contents":[{"Right":1},[]],"tag":"App"},{"contents":[{"Right":0},[]],"tag":"App"}]],"tag":"App"},"name":"y"},"tag":"Lam"},"name":"x"},"tag":"Lam"},"simplified":null}},"namesUsed":["Prelude.Ord.MinMax.max"]},{"ctx":{"pretty":"{ℓ : Level} {A : Type ℓ} ⦃ _ = x : Ord A ⦄ ⦃ _ = x₁ : DecOrd A ⦄\n(x₂ : A) (xs : List A)","thing":[{"item":{"contents":[{"Left":"Agda.Primitive.Level"},[]],"tag":"App"},"name":"ℓ"},{"item":{"contents":"Set @0","tag":"Sort"},"name":"A"},{"item":{"contents":[{"Left":"Prelude.Ord.Core.Ord"},[{"contents":[{"Right":1},[]],"tag":"App"},{"contents":[{"Right":0},[]],"tag":"App"}]],"tag":"App"},"name":"x"},{"item":{"contents":[{"Left":"Prelude.Ord.Dec.DecOrd"},[{"contents":[{"Right":2},[]],"tag":"App"},{"contents":[{"Right":1},[]],"tag":"App"},{"contents":[{"Right":0},[]],"tag":"App"}]],"tag":"App"},"name":"x"},{"item":{"contents":[{"Right":2},[]],"tag":"App"},"name":"x"},{"item":{"contents":[{"Left":"Agda.Builtin.List.List"},[{"contents":[{"Right":4},[]],"tag":"App"},{"contents":[{"Right":3},[]],"tag":"App"}]],"tag":"App"},"name":"xs"}]},"goal":{"pretty":"A","thing":{"normalised":null,"original":{"contents":[{"Right":4},[]],"tag":"App"},"reduced":null,"simplified":null}},"term":{"pretty":"minimum x xs","thing":{"normalised":{"contents":[{"Left":"Data.List.Base.foldl"},[{"contents":[{"Right":5},[]],"tag":"App"},{"contents":[{"Right":4},[]],"tag":"App"},{"contents":[{"Right":5},[]],"tag":"App"},{"contents":[{"Right":4},[]],"tag":"App"},{"contents":{"item":{"contents":{"item":{"contents":[{"Left":"Data.Bool.Base.if_then_else_"},[{"contents":[{"Right":7},[]],"tag":"App"},{"contents":[{"Right":6},[]],"tag":"App"},{"contents":[{"Left":"Relation.Nullary.Decidable.Core.isYes"},[{"contents":[{"Right":7},[]],"tag":"App"},{"contents":[{"Right":5},[{"contents":[{"Left":"Prelude.Ord.Core.Ord._≤_"},[]],"tag":"App"},{"contents":[{"Right":1},[]],"tag":"App"},{"contents":[{"Right":0},[]],"tag":"App"}]],"tag":"App"},{"contents":[{"Right":4},[{"contents":[{"Left":"Prelude.Ord.Dec.DecOrd.Dec-≤"},[]],"tag":"App"},{"contents":[{"Right":1},[]],"tag":"App"},{"contents":[{"Right":0},[]],"tag":"App"},{"contents":[{"Left":"Prelude.Decidable.Core._⁇.dec"},[]],"tag":"App"}]],"tag":"App"}]],"tag":"App"},{"contents":[{"Right":1},[]],"tag":"App"},{"contents":[{"Right":0},[]],"tag":"App"}]],"tag":"App"},"name":"y"},"tag":"Lam"},"name":"x"},"tag":"Lam"},{"contents":[{"Right":1},[]],"tag":"App"},{"contents":[{"Right":0},[]],"tag":"App"}]],"tag":"App"},"original":{"contents":[{"Left":"Prelude.Ord.MinMax.minimum"},[{"contents":[{"Right":5},[]],"tag":"App"},{"contents":[{"Right":4},[]],"tag":"App"},{"contents":[{"Right":3},[]],"tag":"App"},{"contents":[{"Right":2},[]],"tag":"App"},{"contents":[{"Right":1},[]],"tag":"App"},{"contents":[{"Right":0},[]],"tag":"App"}]],"tag":"App"},"reduced":{"contents":[{"Left":"Data.List.Base.foldl"},[{"contents":[{"Right":5},[]],"tag":"App"},{"contents":[{"Right":4},[]],"tag":"App"},{"contents":[{"Right":5},[]],"tag":"App"},{"contents":[{"Right":4},[]],"tag":"App"},{"contents":[{"Left":"Prelude.Ord.MinMax.min"},[{"contents":[{"Right":5},[]],"tag":"App"},{"contents":[{"Right":4},[]],"tag":"App"},{"contents":[{"Right":3},[]],"tag":"App"},{"contents":[{"Right":2},[]],"tag":"App"}]],"tag":"App"},{"contents":[{"Right":1},[]],"tag":"App"},{"contents":[{"Right":0},[]],"tag":"App"}]],"tag":"App"},"simplified":null}},"namesUsed":["Prelude.Ord.MinMax.minimum"]},{"ctx":{"pretty":"{ℓ : Level} {A : Type ℓ} ⦃ _ = x : Ord A ⦄ ⦃ _ = x₁ : DecOrd A ⦄\n(x₂ : A) (xs : List A)","thing":[{"item":{"contents":[{"Left":"Agda.Primitive.Level"},[]],"tag":"App"},"name":"ℓ"},{"item":{"contents":"Set @0","tag":"Sort"},"name":"A"},{"item":{"contents":[{"Left":"Prelude.Ord.Core.Ord"},[{"contents":[{"Right":1},[]],"tag":"App"},{"contents":[{"Right":0},[]],"tag":"App"}]],"tag":"App"},"name":"x"},{"item":{"contents":[{"Left":"Prelude.Ord.Dec.DecOrd"},[{"contents":[{"Right":2},[]],"tag":"App"},{"contents":[{"Right":1},[]],"tag":"App"},{"contents":[{"Right":0},[]],"tag":"App"}]],"tag":"App"},"name":"x"},{"item":{"contents":[{"Right":2},[]],"tag":"App"},"name":"x"},{"item":{"contents":[{"Left":"Agda.Builtin.List.List"},[{"contents":[{"Right":4},[]],"tag":"App"},{"contents":[{"Right":3},[]],"tag":"App"}]],"tag":"App"},"name":"xs"}]},"goal":{"pretty":"A","thing":{"normalised":null,"original":{"contents":[{"Right":4},[]],"tag":"App"},"reduced":null,"simplified":null}},"term":{"pretty":"maximum x xs","thing":{"normalised":{"contents":[{"Left":"Data.List.Base.foldl"},[{"contents":[{"Right":5},[]],"tag":"App"},{"contents":[{"Right":4},[]],"tag":"App"},{"contents":[{"Right":5},[]],"tag":"App"},{"contents":[{"Right":4},[]],"tag":"App"},{"contents":{"item":{"contents":{"item":{"contents":[{"Left":"Data.Bool.Base.if_then_else_"},[{"contents":[{"Right":7},[]],"tag":"App"},{"contents":[{"Right":6},[]],"tag":"App"},{"contents":[{"Left":"Relation.Nullary.Decidable.Core.isYes"},[{"contents":[{"Right":7},[]],"tag":"App"},{"contents":[{"Right":5},[{"contents":[{"Left":"Prelude.Ord.Core.Ord._≤_"},[]],"tag":"App"},{"contents":[{"Right":0},[]],"tag":"App"},{"contents":[{"Right":1},[]],"tag":"App"}]],"tag":"App"},{"contents":[{"Right":4},[{"contents":[{"Left":"Prelude.Ord.Dec.DecOrd.Dec-≤"},[]],"tag":"App"},{"contents":[{"Right":0},[]],"tag":"App"},{"contents":[{"Right":1},[]],"tag":"App"},{"contents":[{"Left":"Prelude.Decidable.Core._⁇.dec"},[]],"tag":"App"}]],"tag":"App"}]],"tag":"App"},{"contents":[{"Right":1},[]],"tag":"App"},{"contents":[{"Right":0},[]],"tag":"App"}]],"tag":"App"},"name":"y"},"tag":"Lam"},"name":"x"},"tag":"Lam"},{"contents":[{"Right":1},[]],"tag":"App"},{"contents":[{"Right":0},[]],"tag":"App"}]],"tag":"App"},"original":{"contents":[{"Left":"Prelude.Ord.MinMax.maximum"},[{"contents":[{"Right":5},[]],"tag":"App"},{"contents":[{"Right":4},[]],"tag":"App"},{"contents":[{"Right":3},[]],"tag":"App"},{"contents":[{"Right":2},[]],"tag":"App"},{"contents":[{"Right":1},[]],"tag":"App"},{"contents":[{"Right":0},[]],"tag":"App"}]],"tag":"App"},"reduced":{"contents":[{"Left":"Data.List.Base.foldl"},[{"contents":[{"Right":5},[]],"tag":"App"},{"contents":[{"Right":4},[]],"tag":"App"},{"contents":[{"Right":5},[]],"tag":"App"},{"contents":[{"Right":4},[]],"tag":"App"},{"contents":[{"Left":"Prelude.Ord.MinMax.max"},[{"contents":[{"Right":5},[]],"tag":"App"},{"contents":[{"Right":4},[]],"tag":"App"},{"contents":[{"Right":3},[]],"tag":"App"},{"contents":[{"Right":2},[]],"tag":"App"}]],"tag":"App"},{"contents":[{"Right":1},[]],"tag":"App"},{"contents":[{"Right":0},[]],"tag":"App"}]],"tag":"App"},"simplified":null}},"namesUsed":["Prelude.Ord.MinMax.maximum"]},{"ctx":{"pretty":"{ℓ : Level} {A : Type ℓ} ⦃ _ = x : Ord A ⦄ ⦃ _ = x₁ : DecOrd A ⦄\n{x = x₂ : A} (y : A) (xs : List A) (py : (x Ord.≤ y) x₂)\n(p : All (λ section → (x Ord.≤ section) x₂) xs)","thing":[{"item":{"contents":[{"Left":"Agda.Primitive.Level"},[]],"tag":"App"},"name":"ℓ"},{"item":{"contents":"Set @0","tag":"Sort"},"name":"A"},{"item":{"contents":[{"Left":"Prelude.Ord.Core.Ord"},[{"contents":[{"Right":1},[]],"tag":"App"},{"contents":[{"Right":0},[]],"tag":"App"}]],"tag":"App"},"name":"x"},{"item":{"contents":[{"Left":"Prelude.Ord.Dec.DecOrd"},[{"contents":[{"Right":2},[]],"tag":"App"},{"contents":[{"Right":1},[]],"tag":"App"},{"contents":[{"Right":0},[]],"tag":"App"}]],"tag":"App"},"name":"x"},{"item":{"contents":[{"Right":2},[]],"tag":"App"},"name":"x"},{"item":{"contents":[{"Right":3},[]],"tag":"App"},"name":"y"},{"item":{"contents":[{"Left":"Agda.Builtin.List.List"},[{"contents":[{"Right":5},[]],"tag":"App"},{"contents":[{"Right":4},[]],"tag":"App"}]],"tag":"App"},"name":"xs"},{"item":{"contents":[{"Right":4},[{"contents":[{"Left":"Prelude.Ord.Core.Ord._≤_"},[]],"tag":"App"},{"contents":[{"Right":1},[]],"tag":"App"},{"contents":[{"Right":2},[]],"tag":"App"}]],"tag":"App"},"name":"py"},{"item":{"contents":[{"Left":"Data.List.Relation.Unary.All.All"},[{"contents":[{"Right":7},[]],"tag":"App"},{"contents":[{"Right":7},[]],"tag":"App"},{"contents":[{"Right":6},[]],"tag":"App"},{"contents":{"item":{"contents":[{"Right":6},[{"contents":[{"Left":"Prelude.Ord.Core.Ord._≤_"},[]],"tag":"App"},{"contents":[{"Right":0},[]],"tag":"App"},{"contents":[{"Right":4},[]],"tag":"App"}]],"tag":"App"},"name":"section"},"tag":"Lam"},{"contents":[{"Right":1},[]],"tag":"App"}]],"tag":"App"},"name":"p"}]},"goal":{"pretty":"A","thing":{"normalised":null,"original":{"contents":[{"Right":7},[]],"tag":"App"},"reduced":null,"simplified":null}},"term":{"pretty":"maximum x xs","thing":{"normalised":{"contents":[{"Left":"Data.List.Base.foldl"},[{"contents":[{"Right":8},[]],"tag":"App"},{"contents":[{"Right":7},[]],"tag":"App"},{"contents":[{"Right":8},[]],"tag":"App"},{"contents":[{"Right":7},[]],"tag":"App"},{"contents":{"item":{"contents":{"item":{"contents":[{"Left":"Data.Bool.Base.if_then_else_"},[{"contents":[{"Right":10},[]],"tag":"App"},{"contents":[{"Right":9},[]],"tag":"App"},{"contents":[{"Left":"Relation.Nullary.Decidable.Core.isYes"},[{"contents":[{"Right":10},[]],"tag":"App"},{"contents":[{"Right":8},[{"contents":[{"Left":"Prelude.Ord.Core.Ord._≤_"},[]],"tag":"App"},{"contents":[{"Right":0},[]],"tag":"App"},{"contents":[{"Right":1},[]],"tag":"App"}]],"tag":"App"},{"contents":[{"Right":7},[{"contents":[{"Left":"Prelude.Ord.Dec.DecOrd.Dec-≤"},[]],"tag":"App"},{"contents":[{"Right":0},[]],"tag":"App"},{"contents":[{"Right":1},[]],"tag":"App"},{"contents":[{"Left":"Prelude.Decidable.Core._⁇.dec"},[]],"tag":"App"}]],"tag":"App"}]],"tag":"App"},{"contents":[{"Right":1},[]],"tag":"App"},{"contents":[{"Right":0},[]],"tag":"App"}]],"tag":"App"},"name":"y"},"tag":"Lam"},"name":"x"},"tag":"Lam"},{"contents":[{"Right":4},[]],"tag":"App"},{"contents":[{"Right":2},[]],"tag":"App"}]],"tag":"App"},"original":{"contents":[{"Left":"Prelude.Ord.MinMax.maximum"},[{"contents":[{"Right":8},[]],"tag":"App"},{"contents":[{"Right":7},[]],"tag":"App"},{"contents":[{"Right":6},[]],"tag":"App"},{"contents":[{"Right":5},[]],"tag":"App"},{"contents":[{"Right":4},[]],"tag":"App"},{"contents":[{"Right":2},[]],"tag":"App"}]],"tag":"App"},"reduced":{"contents":[{"Left":"Data.List.Base.foldl"},[{"contents":[{"Right":8},[]],"tag":"App"},{"contents":[{"Right":7},[]],"tag":"App"},{"contents":[{"Right":8},[]],"tag":"App"},{"contents":[{"Right":7},[]],"tag":"App"},{"contents":[{"Left":"Prelude.Ord.MinMax.max"},[{"contents":[{"Right":8},[]],"tag":"App"},{"contents":[{"Right":7},[]],"tag":"App"},{"contents":[{"Right":6},[]],"tag":"App"},{"contents":[{"Right":5},[]],"tag":"App"}]],"tag":"App"},{"contents":[{"Right":4},[]],"tag":"App"},{"contents":[{"Right":2},[]],"tag":"App"}]],"tag":"App"},"simplified":null}},"namesUsed":["Prelude.Ord.MinMax.maximum"]},{"ctx":{"pretty":"{ℓ : Level} {A = A₁ : Type ℓ} ⦃ _ = x₁ : Ord A₁ ⦄\n⦃ _ = x₂ : DecOrd A₁ ⦄ {x = x₃ : A₁} (y : A₁) (xs₁ : List A₁)\n(py : (x₁ Ord.≤ y) x₃)\n(p : All (λ section → (x₁ Ord.≤ section) x₃) xs₁)","thing":[{"item":{"contents":[{"Left":"Agda.Primitive.Level"},[]],"tag":"App"},"name":"ℓ"},{"item":{"contents":"Set @0","tag":"Sort"},"name":"A"},{"item":{"contents":[{"Left":"Prelude.Ord.Core.Ord"},[{"contents":[{"Right":1},[]],"tag":"App"},{"contents":[{"Right":0},[]],"tag":"App"}]],"tag":"App"},"name":"x"},{"item":{"contents":[{"Left":"Prelude.Ord.Dec.DecOrd"},[{"contents":[{"Right":2},[]],"tag":"App"},{"contents":[{"Right":1},[]],"tag":"App"},{"contents":[{"Right":0},[]],"tag":"App"}]],"tag":"App"},"name":"x"},{"item":{"contents":[{"Right":2},[]],"tag":"App"},"name":"x"},{"item":{"contents":[{"Right":3},[]],"tag":"App"},"name":"y"},{"item":{"contents":[{"Left":"Agda.Builtin.List.List"},[{"contents":[{"Right":5},[]],"tag":"App"},{"contents":[{"Right":4},[]],"tag":"App"}]],"tag":"App"},"name":"xs"},{"item":{"contents":[{"Right":4},[{"contents":[{"Left":"Prelude.Ord.Core.Ord._≤_"},[]],"tag":"App"},{"contents":[{"Right":1},[]],"tag":"App"},{"contents":[{"Right":2},[]],"tag":"App"}]],"tag":"App"},"name":"py"},{"item":{"contents":[{"Left":"Data.List.Relation.Unary.All.All"},[{"contents":[{"Right":7},[]],"tag":"App"},{"contents":[{"Right":7},[]],"tag":"App"},{"contents":[{"Right":6},[]],"tag":"App"},{"contents":{"item":{"contents":[{"Right":6},[{"contents":[{"Left":"Prelude.Ord.Core.Ord._≤_"},[]],"tag":"App"},{"contents":[{"Right":0},[]],"tag":"App"},{"contents":[{"Right":4},[]],"tag":"App"}]],"tag":"App"},"name":"section"},"tag":"Lam"},{"contents":[{"Right":1},[]],"tag":"App"}]],"tag":"App"},"name":"p"}]},"goal":{"pretty":"A","thing":{"normalised":null,"original":{"contents":[{"Right":7},[]],"tag":"App"},"reduced":null,"simplified":null}},"term":{"pretty":"maximum x xs","thing":{"normalised":{"contents":[{"Left":"Data.List.Base.foldl"},[{"contents":[{"Right":8},[]],"tag":"App"},{"contents":[{"Right":7},[]],"tag":"App"},{"contents":[{"Right":8},[]],"tag":"App"},{"contents":[{"Right":7},[]],"tag":"App"},{"contents":{"item":{"contents":{"item":{"contents":[{"Left":"Data.Bool.Base.if_then_else_"},[{"contents":[{"Right":10},[]],"tag":"App"},{"contents":[{"Right":9},[]],"tag":"App"},{"contents":[{"Left":"Relation.Nullary.Decidable.Core.isYes"},[{"contents":[{"Right":10},[]],"tag":"App"},{"contents":[{"Right":8},[{"contents":[{"Left":"Prelude.Ord.Core.Ord._≤_"},[]],"tag":"App"},{"contents":[{"Right":0},[]],"tag":"App"},{"contents":[{"Right":1},[]],"tag":"App"}]],"tag":"App"},{"contents":[{"Right":7},[{"contents":[{"Left":"Prelude.Ord.Dec.DecOrd.Dec-≤"},[]],"tag":"App"},{"contents":[{"Right":0},[]],"tag":"App"},{"contents":[{"Right":1},[]],"tag":"App"},{"contents":[{"Left":"Prelude.Decidable.Core._⁇.dec"},[]],"tag":"App"}]],"tag":"App"}]],"tag":"App"},{"contents":[{"Right":1},[]],"tag":"App"},{"contents":[{"Right":0},[]],"tag":"App"}]],"tag":"App"},"name":"y"},"tag":"Lam"},"name":"x"},"tag":"Lam"},{"contents":[{"Right":4},[]],"tag":"App"},{"contents":[{"Right":2},[]],"tag":"App"}]],"tag":"App"},"original":{"contents":[{"Left":"Prelude.Ord.MinMax.maximum"},[{"contents":[{"Right":8},[]],"tag":"App"},{"contents":[{"Right":7},[]],"tag":"App"},{"contents":[{"Right":6},[]],"tag":"App"},{"contents":[{"Right":5},[]],"tag":"App"},{"contents":[{"Right":4},[]],"tag":"App"},{"contents":[{"Right":2},[]],"tag":"App"}]],"tag":"App"},"reduced":{"contents":[{"Left":"Data.List.Base.foldl"},[{"contents":[{"Right":8},[]],"tag":"App"},{"contents":[{"Right":7},[]],"tag":"App"},{"contents":[{"Right":8},[]],"tag":"App"},{"contents":[{"Right":7},[]],"tag":"App"},{"contents":[{"Left":"Prelude.Ord.MinMax.max"},[{"contents":[{"Right":8},[]],"tag":"App"},{"contents":[{"Right":7},[]],"tag":"App"},{"contents":[{"Right":6},[]],"tag":"App"},{"contents":[{"Right":5},[]],"tag":"App"}]],"tag":"App"},{"contents":[{"Right":4},[]],"tag":"App"},{"contents":[{"Right":2},[]],"tag":"App"}]],"tag":"App"},"simplified":null}},"namesUsed":["Prelude.Ord.MinMax.maximum"]},{"ctx":{"pretty":"{ℓ : Level} {A = A₁ : Type ℓ} ⦃ _ = x₁ : Ord A₁ ⦄\n⦃ _ = x₂ : DecOrd A₁ ⦄ {x = x₃ : A₁} (y : A₁) (xs₁ : List A₁)\n(py : (x₁ Ord.≤ y) x₃)\n(p : All (λ section → (x₁ Ord.≤ section) x₃) xs₁)","thing":[{"item":{"contents":[{"Left":"Agda.Primitive.Level"},[]],"tag":"App"},"name":"ℓ"},{"item":{"contents":"Set @0","tag":"Sort"},"name":"A"},{"item":{"contents":[{"Left":"Prelude.Ord.Core.Ord"},[{"contents":[{"Right":1},[]],"tag":"App"},{"contents":[{"Right":0},[]],"tag":"App"}]],"tag":"App"},"name":"x"},{"item":{"contents":[{"Left":"Prelude.Ord.Dec.DecOrd"},[{"contents":[{"Right":2},[]],"tag":"App"},{"contents":[{"Right":1},[]],"tag":"App"},{"contents":[{"Right":0},[]],"tag":"App"}]],"tag":"App"},"name":"x"},{"item":{"contents":[{"Right":2},[]],"tag":"App"},"name":"x"},{"item":{"contents":[{"Right":3},[]],"tag":"App"},"name":"y"},{"item":{"contents":[{"Left":"Agda.Builtin.List.List"},[{"contents":[{"Right":5},[]],"tag":"App"},{"contents":[{"Right":4},[]],"tag":"App"}]],"tag":"App"},"name":"xs"},{"item":{"contents":[{"Right":4},[{"contents":[{"Left":"Prelude.Ord.Core.Ord._≤_"},[]],"tag":"App"},{"contents":[{"Right":1},[]],"tag":"App"},{"contents":[{"Right":2},[]],"tag":"App"}]],"tag":"App"},"name":"py"},{"item":{"contents":[{"Left":"Data.List.Relation.Unary.All.All"},[{"contents":[{"Right":7},[]],"tag":"App"},{"contents":[{"Right":7},[]],"tag":"App"},{"contents":[{"Right":6},[]],"tag":"App"},{"contents":{"item":{"contents":[{"Right":6},[{"contents":[{"Left":"Prelude.Ord.Core.Ord._≤_"},[]],"tag":"App"},{"contents":[{"Right":0},[]],"tag":"App"},{"contents":[{"Right":4},[]],"tag":"App"}]],"tag":"App"},"name":"section"},"tag":"Lam"},{"contents":[{"Right":1},[]],"tag":"App"}]],"tag":"App"},"name":"p"}]},"goal":{"pretty":"maximum x (y ∷ xs) ≡ maximum x xs","thing":{"normalised":{"contents":[{"Left":"Agda.Builtin.Equality._≡_"},[{"contents":[{"Right":8},[]],"tag":"App"},{"contents":[{"Right":7},[]],"tag":"App"},{"contents":[{"Left":"Data.List.Base.foldl"},[{"contents":[{"Right":8},[]],"tag":"App"},{"contents":[{"Right":7},[]],"tag":"App"},{"contents":[{"Right":8},[]],"tag":"App"},{"contents":[{"Right":7},[]],"tag":"App"},{"contents":{"item":{"contents":{"item":{"contents":[{"Left":"Data.Bool.Base.if_then_else_"},[{"contents":[{"Right":10},[]],"tag":"App"},{"contents":[{"Right":9},[]],"tag":"App"},{"contents":[{"Left":"Relation.Nullary.Decidable.Core.isYes"},[{"contents":[{"Right":10},[]],"tag":"App"},{"contents":[{"Right":8},[{"contents":[{"Left":"Prelude.Ord.Core.Ord._≤_"},[]],"tag":"App"},{"contents":[{"Right":0},[]],"tag":"App"},{"contents":[{"Right":1},[]],"tag":"App"}]],"tag":"App"},{"contents":[{"Right":7},[{"contents":[{"Left":"Prelude.Ord.Dec.DecOrd.Dec-≤"},[]],"tag":"App"},{"contents":[{"Right":0},[]],"tag":"App"},{"contents":[{"Right":1},[]],"tag":"App"},{"contents":[{"Left":"Prelude.Decidable.Core._⁇.dec"},[]],"tag":"App"}]],"tag":"App"}]],"tag":"App"},{"contents":[{"Right":1},[]],"tag":"App"},{"contents":[{"Right":0},[]],"tag":"App"}]],"tag":"App"},"name":"y"},"tag":"Lam"},"name":"x"},"tag":"Lam"},{"contents":[{"Left":"Data.Bool.Base.if_then_else_"},[{"contents":[{"Right":8},[]],"tag":"App"},{"contents":[{"Right":7},[]],"tag":"App"},{"contents":[{"Left":"Relation.Nullary.Decidable.Core.isYes"},[{"contents":[{"Right":8},[]],"tag":"App"},{"contents":[{"Right":6},[{"contents":[{"Left":"Prelude.Ord.Core.Ord._≤_"},[]],"tag":"App"},{"contents":[{"Right":3},[]],"tag":"App"},{"contents":[{"Right":4},[]],"tag":"App"}]],"tag":"App"},{"contents":[{"Right":5},[{"contents":[{"Left":"Prelude.Ord.Dec.DecOrd.Dec-≤"},[]],"tag":"App"},{"contents":[{"Right":3},[]],"tag":"App"},{"contents":[{"Right":4},[]],"tag":"App"},{"contents":[{"Left":"Prelude.Decidable.Core._⁇.dec"},[]],"tag":"App"}]],"tag":"App"}]],"tag":"App"},{"contents":[{"Right":4},[]],"tag":"App"},{"contents":[{"Right":3},[]],"tag":"App"}]],"tag":"App"},{"contents":[{"Right":2},[]],"tag":"App"}]],"tag":"App"},{"contents":[{"Left":"Data.List.Base.foldl"},[{"contents":[{"Right":8},[]],"tag":"App"},{"contents":[{"Right":7},[]],"tag":"App"},{"contents":[{"Right":8},[]],"tag":"App"},{"contents":[{"Right":7},[]],"tag":"App"},{"contents":{"item":{"contents":{"item":{"contents":[{"Left":"Data.Bool.Base.if_then_else_"},[{"contents":[{"Right":10},[]],"tag":"App"},{"contents":[{"Right":9},[]],"tag":"App"},{"contents":[{"Left":"Relation.Nullary.Decidable.Core.isYes"},[{"contents":[{"Right":10},[]],"tag":"App"},{"contents":[{"Right":8},[{"contents":[{"Left":"Prelude.Ord.Core.Ord._≤_"},[]],"tag":"App"},{"contents":[{"Right":0},[]],"tag":"App"},{"contents":[{"Right":1},[]],"tag":"App"}]],"tag":"App"},{"contents":[{"Right":7},[{"contents":[{"Left":"Prelude.Ord.Dec.DecOrd.Dec-≤"},[]],"tag":"App"},{"contents":[{"Right":0},[]],"tag":"App"},{"contents":[{"Right":1},[]],"tag":"App"},{"contents":[{"Left":"Prelude.Decidable.Core._⁇.dec"},[]],"tag":"App"}]],"tag":"App"}]],"tag":"App"},{"contents":[{"Right":1},[]],"tag":"App"},{"contents":[{"Right":0},[]],"tag":"App"}]],"tag":"App"},"name":"y"},"tag":"Lam"},"name":"x"},"tag":"Lam"},{"contents":[{"Right":4},[]],"tag":"App"},{"contents":[{"Right":2},[]],"tag":"App"}]],"tag":"App"}]],"tag":"App"},"original":{"contents":[{"Left":"Agda.Builtin.Equality._≡_"},[{"contents":[{"Right":8},[]],"tag":"App"},{"contents":[{"Right":7},[]],"tag":"App"},{"contents":[{"Left":"Prelude.Ord.MinMax.maximum"},[{"contents":[{"Right":8},[]],"tag":"App"},{"contents":[{"Right":7},[]],"tag":"App"},{"contents":[{"Right":6},[]],"tag":"App"},{"contents":[{"Right":5},[]],"tag":"App"},{"contents":[{"Right":4},[]],"tag":"App"},{"contents":[{"Left":"Agda.Builtin.List.List._∷_"},[{"contents":[{"Right":3},[]],"tag":"App"},{"contents":[{"Right":2},[]],"tag":"App"}]],"tag":"App"}]],"tag":"App"},{"contents":[{"Left":"Prelude.Ord.MinMax.maximum"},[{"contents":[{"Right":8},[]],"tag":"App"},{"contents":[{"Right":7},[]],"tag":"App"},{"contents":[{"Right":6},[]],"tag":"App"},{"contents":[{"Right":5},[]],"tag":"App"},{"contents":[{"Right":4},[]],"tag":"App"},{"contents":[{"Right":2},[]],"tag":"App"}]],"tag":"App"}]],"tag":"App"},"reduced":null,"simplified":null}},"term":{"pretty":"maximum-skip py","thing":{"normalised":{"contents":[{"Left":"Prelude.Ord.MinMax._.-rewrite64"},[{"contents":[{"Right":8},[]],"tag":"App"},{"contents":[{"Right":7},[]],"tag":"App"},{"contents":[{"Right":6},[]],"tag":"App"},{"contents":[{"Right":5},[]],"tag":"App"},{"contents":[{"Right":4},[]],"tag":"App"},{"contents":[{"Right":3},[]],"tag":"App"},{"contents":[{"Right":2},[]],"tag":"App"},{"contents":[{"Right":1},[]],"tag":"App"},{"contents":[{"Right":5},[{"contents":[{"Left":"Prelude.Ord.Dec.DecOrd.Dec-≤"},[]],"tag":"App"},{"contents":[{"Right":3},[]],"tag":"App"},{"contents":[{"Right":4},[]],"tag":"App"},{"contents":[{"Left":"Prelude.Decidable.Core._⁇.dec"},[]],"tag":"App"}]],"tag":"App"},{"contents":[{"Left":"Relation.Nullary.Decidable.Core.with-112"},[{"contents":[{"Right":8},[]],"tag":"App"},{"contents":[{"Right":6},[{"contents":[{"Left":"Prelude.Ord.Core.Ord._≤_"},[]],"tag":"App"},{"contents":[{"Right":3},[]],"tag":"App"},{"contents":[{"Right":4},[]],"tag":"App"}]],"tag":"App"},{"contents":[{"Right":5},[{"contents":[{"Left":"Prelude.Ord.Dec.DecOrd.Dec-≤"},[]],"tag":"App"},{"contents":[{"Right":3},[]],"tag":"App"},{"contents":[{"Right":4},[]],"tag":"App"},{"contents":[{"Left":"Prelude.Decidable.Core._⁇.dec"},[]],"tag":"App"}]],"tag":"App"},{"contents":[{"Right":1},[]],"tag":"App"},{"contents":[{"Left":"Relation.Nullary.Decidable.Core.dec-true"},[{"contents":[{"Right":8},[]],"tag":"App"},{"contents":[{"Right":6},[{"contents":[{"Left":"Prelude.Ord.Core.Ord._≤_"},[]],"tag":"App"},{"contents":[{"Right":3},[]],"tag":"App"},{"contents":[{"Right":4},[]],"tag":"App"}]],"tag":"App"},{"contents":[{"Right":5},[{"contents":[{"Left":"Prelude.Ord.Dec.DecOrd.Dec-≤"},[]],"tag":"App"},{"contents":[{"Right":3},[]],"tag":"App"},{"contents":[{"Right":4},[]],"tag":"App"},{"contents":[{"Left":"Prelude.Decidable.Core._⁇.dec"},[]],"tag":"App"}]],"tag":"App"},{"contents":[{"Right":1},[]],"tag":"App"}]],"tag":"App"},{"contents":[{"Left":"Agda.Builtin.Sigma.Σ.snd"},[]],"tag":"App"}]],"tag":"App"}]],"tag":"App"},"original":{"contents":[{"Left":"Prelude.Ord.MinMax._.maximum-skip"},[{"contents":[{"Right":8},[]],"tag":"App"},{"contents":[{"Right":7},[]],"tag":"App"},{"contents":[{"Right":6},[]],"tag":"App"},{"contents":[{"Right":5},[]],"tag":"App"},{"contents":[{"Right":4},[]],"tag":"App"},{"contents":[{"Right":3},[]],"tag":"App"},{"contents":[{"Right":2},[]],"tag":"App"},{"contents":[{"Right":1},[]],"tag":"App"}]],"tag":"App"},"reduced":{"contents":[{"Left":"Prelude.Ord.MinMax._.-rewrite64"},[{"contents":[{"Right":8},[]],"tag":"App"},{"contents":[{"Right":7},[]],"tag":"App"},{"contents":[{"Right":6},[]],"tag":"App"},{"contents":[{"Right":5},[]],"tag":"App"},{"contents":[{"Right":4},[]],"tag":"App"},{"contents":[{"Right":3},[]],"tag":"App"},{"contents":[{"Right":2},[]],"tag":"App"},{"contents":[{"Right":1},[]],"tag":"App"},{"contents":[{"Left":"Prelude.Ord.Dec.DecOrd._≤?_"},[{"contents":[{"Right":8},[]],"tag":"App"},{"contents":[{"Right":7},[]],"tag":"App"},{"contents":[{"Right":6},[]],"tag":"App"},{"contents":[{"Right":5},[]],"tag":"App"},{"contents":[{"Right":3},[]],"tag":"App"},{"contents":[{"Right":4},[]],"tag":"App"}]],"tag":"App"},{"contents":[{"Left":"Relation.Nullary.Decidable.Core.with-112"},[{"contents":[{"Right":8},[]],"tag":"App"},{"contents":[{"Right":6},[{"contents":[{"Left":"Prelude.Ord.Core.Ord._≤_"},[]],"tag":"App"},{"contents":[{"Right":3},[]],"tag":"App"},{"contents":[{"Right":4},[]],"tag":"App"}]],"tag":"App"},{"contents":[{"Right":5},[{"contents":[{"Left":"Prelude.Ord.Dec.DecOrd.Dec-≤"},[]],"tag":"App"},{"contents":[{"Right":3},[]],"tag":"App"},{"contents":[{"Right":4},[]],"tag":"App"},{"contents":[{"Left":"Prelude.Decidable.Core._⁇.dec"},[]],"tag":"App"}]],"tag":"App"},{"contents":[{"Right":1},[]],"tag":"App"},{"contents":[{"Left":"Relation.Nullary.Decidable.Core.dec-true"},[{"contents":[{"Right":8},[]],"tag":"App"},{"contents":[{"Right":6},[{"contents":[{"Left":"Prelude.Ord.Core.Ord._≤_"},[]],"tag":"App"},{"contents":[{"Right":3},[]],"tag":"App"},{"contents":[{"Right":4},[]],"tag":"App"}]],"tag":"App"},{"contents":[{"Right":5},[{"contents":[{"Left":"Prelude.Ord.Dec.DecOrd.Dec-≤"},[]],"tag":"App"},{"contents":[{"Right":3},[]],"tag":"App"},{"contents":[{"Right":4},[]],"tag":"App"},{"contents":[{"Left":"Prelude.Decidable.Core._⁇.dec"},[]],"tag":"App"}]],"tag":"App"},{"contents":[{"Right":1},[]],"tag":"App"}]],"tag":"App"},{"contents":[{"Left":"Agda.Builtin.Sigma.Σ.snd"},[]],"tag":"App"}]],"tag":"App"}]],"tag":"App"},"simplified":null}},"namesUsed":["Prelude.Ord.MinMax._.maximum-skip"]},{"ctx":{"pretty":"{ℓ : Level} {A = A₁ : Type ℓ} ⦃ _ = x₁ : Ord A₁ ⦄\n⦃ _ = x₂ : DecOrd A₁ ⦄ {x = x₃ : A₁} (y₁ : A₁) (xs₁ : List A₁)\n(py₁ : (x₁ Ord.≤ y₁) x₃)\n(p : All (λ section → (x₁ Ord.≤ section) x₃) xs₁)","thing":[{"item":{"contents":[{"Left":"Agda.Primitive.Level"},[]],"tag":"App"},"name":"ℓ"},{"item":{"contents":"Set @0","tag":"Sort"},"name":"A"},{"item":{"contents":[{"Left":"Prelude.Ord.Core.Ord"},[{"contents":[{"Right":1},[]],"tag":"App"},{"contents":[{"Right":0},[]],"tag":"App"}]],"tag":"App"},"name":"x"},{"item":{"contents":[{"Left":"Prelude.Ord.Dec.DecOrd"},[{"contents":[{"Right":2},[]],"tag":"App"},{"contents":[{"Right":1},[]],"tag":"App"},{"contents":[{"Right":0},[]],"tag":"App"}]],"tag":"App"},"name":"x"},{"item":{"contents":[{"Right":2},[]],"tag":"App"},"name":"x"},{"item":{"contents":[{"Right":3},[]],"tag":"App"},"name":"y"},{"item":{"contents":[{"Left":"Agda.Builtin.List.List"},[{"contents":[{"Right":5},[]],"tag":"App"},{"contents":[{"Right":4},[]],"tag":"App"}]],"tag":"App"},"name":"xs"},{"item":{"contents":[{"Right":4},[{"contents":[{"Left":"Prelude.Ord.Core.Ord._≤_"},[]],"tag":"App"},{"contents":[{"Right":1},[]],"tag":"App"},{"contents":[{"Right":2},[]],"tag":"App"}]],"tag":"App"},"name":"py"},{"item":{"contents":[{"Left":"Data.List.Relation.Unary.All.All"},[{"contents":[{"Right":7},[]],"tag":"App"},{"contents":[{"Right":7},[]],"tag":"App"},{"contents":[{"Right":6},[]],"tag":"App"},{"contents":{"item":{"contents":[{"Right":6},[{"contents":[{"Left":"Prelude.Ord.Core.Ord._≤_"},[]],"tag":"App"},{"contents":[{"Right":0},[]],"tag":"App"},{"contents":[{"Right":4},[]],"tag":"App"}]],"tag":"App"},"name":"section"},"tag":"Lam"},{"contents":[{"Right":1},[]],"tag":"App"}]],"tag":"App"},"name":"p"}]},"goal":{"pretty":"x ≡ maximum x xs","thing":{"normalised":{"contents":[{"Left":"Agda.Builtin.Equality._≡_"},[{"contents":[{"Right":8},[]],"tag":"App"},{"contents":[{"Right":7},[]],"tag":"App"},{"contents":[{"Right":4},[]],"tag":"App"},{"contents":[{"Left":"Data.List.Base.foldl"},[{"contents":[{"Right":8},[]],"tag":"App"},{"contents":[{"Right":7},[]],"tag":"App"},{"contents":[{"Right":8},[]],"tag":"App"},{"contents":[{"Right":7},[]],"tag":"App"},{"contents":{"item":{"contents":{"item":{"contents":[{"Left":"Data.Bool.Base.if_then_else_"},[{"contents":[{"Right":10},[]],"tag":"App"},{"contents":[{"Right":9},[]],"tag":"App"},{"contents":[{"Left":"Relation.Nullary.Decidable.Core.isYes"},[{"contents":[{"Right":10},[]],"tag":"App"},{"contents":[{"Right":8},[{"contents":[{"Left":"Prelude.Ord.Core.Ord._≤_"},[]],"tag":"App"},{"contents":[{"Right":0},[]],"tag":"App"},{"contents":[{"Right":1},[]],"tag":"App"}]],"tag":"App"},{"contents":[{"Right":7},[{"contents":[{"Left":"Prelude.Ord.Dec.DecOrd.Dec-≤"},[]],"tag":"App"},{"contents":[{"Right":0},[]],"tag":"App"},{"contents":[{"Right":1},[]],"tag":"App"},{"contents":[{"Left":"Prelude.Decidable.Core._⁇.dec"},[]],"tag":"App"}]],"tag":"App"}]],"tag":"App"},{"contents":[{"Right":1},[]],"tag":"App"},{"contents":[{"Right":0},[]],"tag":"App"}]],"tag":"App"},"name":"y"},"tag":"Lam"},"name":"x"},"tag":"Lam"},{"contents":[{"Right":4},[]],"tag":"App"},{"contents":[{"Right":2},[]],"tag":"App"}]],"tag":"App"}]],"tag":"App"},"original":{"contents":[{"Left":"Agda.Builtin.Equality._≡_"},[{"contents":[{"Right":8},[]],"tag":"App"},{"contents":[{"Right":7},[]],"tag":"App"},{"contents":[{"Right":4},[]],"tag":"App"},{"contents":[{"Left":"Prelude.Ord.MinMax.maximum"},[{"contents":[{"Right":8},[]],"tag":"App"},{"contents":[{"Right":7},[]],"tag":"App"},{"contents":[{"Right":6},[]],"tag":"App"},{"contents":[{"Right":5},[]],"tag":"App"},{"contents":[{"Right":4},[]],"tag":"App"},{"contents":[{"Right":2},[]],"tag":"App"}]],"tag":"App"}]],"tag":"App"},"reduced":null,"simplified":null}},"term":{"pretty":"∀≤⇒≡max p","thing":{"normalised":null,"original":{"contents":[{"Left":"Prelude.Ord.MinMax.∀≤⇒≡max"},[{"contents":[{"Right":8},[]],"tag":"App"},{"contents":[{"Right":7},[]],"tag":"App"},{"contents":[{"Right":6},[]],"tag":"App"},{"contents":[{"Right":5},[]],"tag":"App"},{"contents":[{"Right":4},[]],"tag":"App"},{"contents":[{"Right":2},[]],"tag":"App"},{"contents":[{"Right":0},[]],"tag":"App"}]],"tag":"App"},"reduced":null,"simplified":null}},"namesUsed":["Prelude.Ord.MinMax.∀≤⇒≡max"]}]}