{"scope":{"item":[{"item":{"pretty":"(c : Data.Char.Char) → fromℕ (toℕ c) ≡ c","thing":{"normalised":null,"original":{"contents":[{"item":{"contents":[{"Left":"Agda.Builtin.Char.Char"},[]],"tag":"App"},"name":"c"},{"contents":[{"Left":"Agda.Builtin.Equality._≡_"},[{"contents":"lzero","tag":"Level"},{"contents":[{"Left":"Agda.Builtin.Char.Char"},[]],"tag":"App"},{"contents":[{"Left":"Agda.Builtin.Char.primNatToChar"},[{"contents":[{"Left":"Agda.Builtin.Char.primCharToNat"},[{"contents":[{"Right":0},[]],"tag":"App"}]],"tag":"App"}]],"tag":"App"},{"contents":[{"Right":0},[]],"tag":"App"}]],"tag":"App"}],"tag":"Pi"},"reduced":null,"simplified":null}},"name":"Prelude.Unsafe.fromℕ∘toℕ"},{"item":{"pretty":"{a : Agda.Primitive.Level} {A : Set a} → A → A → Set a","thing":{"normalised":null,"original":{"contents":[{"item":{"contents":[{"Left":"Agda.Primitive.Level"},[]],"tag":"App"},"name":"a"},{"contents":[{"item":{"contents":"Set @0","tag":"Sort"},"name":"A"},{"contents":[{"item":{"contents":[{"Right":0},[]],"tag":"App"},"name":"x"},{"contents":[{"item":{"contents":[{"Right":0},[]],"tag":"App"},"name":"_"},{"contents":"Set @1","tag":"Sort"}],"tag":"Pi"}],"tag":"Pi"}],"tag":"Pi"}],"tag":"Pi"},"reduced":null,"simplified":null}},"name":"Agda.Builtin.Equality._≡_"},{"item":{"pretty":"(c : Agda.Builtin.Nat.Nat) → toℕ (fromℕ c) ≡ c","thing":{"normalised":null,"original":{"contents":[{"item":{"contents":[{"Left":"Agda.Builtin.Nat.Nat"},[]],"tag":"App"},"name":"c"},{"contents":[{"Left":"Agda.Builtin.Equality._≡_"},[{"contents":"lzero","tag":"Level"},{"contents":[{"Left":"Agda.Builtin.Nat.Nat"},[]],"tag":"App"},{"contents":[{"Left":"Agda.Builtin.Char.primCharToNat"},[{"contents":[{"Left":"Agda.Builtin.Char.primNatToChar"},[{"contents":[{"Right":0},[]],"tag":"App"}]],"tag":"App"}]],"tag":"App"},{"contents":[{"Right":0},[]],"tag":"App"}]],"tag":"App"}],"tag":"Pi"},"reduced":null,"simplified":null}},"name":"Prelude.Unsafe.toℕ∘fromℕ"},{"item":{"pretty":"Data.String.String → Agda.Builtin.List.List Data.Char.Char","thing":{"normalised":null,"original":{"contents":[{"item":{"contents":[{"Left":"Agda.Builtin.String.String"},[]],"tag":"App"},"name":"_"},{"contents":[{"Left":"Agda.Builtin.List.List"},[{"contents":"lzero","tag":"Level"},{"contents":[{"Left":"Agda.Builtin.Char.Char"},[]],"tag":"App"}]],"tag":"App"}],"tag":"Pi"},"reduced":null,"simplified":null}},"name":"Agda.Builtin.String.primStringToList"},{"item":{"pretty":"Agda.Builtin.List.List Data.Char.Char → Data.String.String","thing":{"normalised":null,"original":{"contents":[{"item":{"contents":[{"Left":"Agda.Builtin.List.List"},[{"contents":"lzero","tag":"Level"},{"contents":[{"Left":"Agda.Builtin.Char.Char"},[]],"tag":"App"}]],"tag":"App"},"name":"_"},{"contents":[{"Left":"Agda.Builtin.String.String"},[]],"tag":"App"}],"tag":"Pi"},"reduced":null,"simplified":null}},"name":"Agda.Builtin.String.primStringFromList"},{"item":{"pretty":"{a : Agda.Primitive.Level} {A : Set a} {x y : A} → x ≡ y","thing":{"normalised":null,"original":{"contents":[{"item":{"contents":[{"Left":"Agda.Primitive.Level"},[]],"tag":"App"},"name":"a"},{"contents":[{"item":{"contents":"Set @0","tag":"Sort"},"name":"A"},{"contents":[{"item":{"contents":[{"Right":0},[]],"tag":"App"},"name":"x"},{"contents":[{"item":{"contents":[{"Right":1},[]],"tag":"App"},"name":"y"},{"contents":[{"Left":"Agda.Builtin.Equality._≡_"},[{"contents":[{"Right":3},[]],"tag":"App"},{"contents":[{"Right":2},[]],"tag":"App"},{"contents":[{"Right":1},[]],"tag":"App"},{"contents":[{"Right":0},[]],"tag":"App"}]],"tag":"App"}],"tag":"Pi"}],"tag":"Pi"}],"tag":"Pi"}],"tag":"Pi"},"reduced":null,"simplified":null}},"name":"Relation.Binary.PropositionalEquality.TrustMe.trustMe"},{"item":{"pretty":"(s : Data.String.String) → fromList (toList s) ≡ s","thing":{"normalised":null,"original":{"contents":[{"item":{"contents":[{"Left":"Agda.Builtin.String.String"},[]],"tag":"App"},"name":"s"},{"contents":[{"Left":"Agda.Builtin.Equality._≡_"},[{"contents":"lzero","tag":"Level"},{"contents":[{"Left":"Agda.Builtin.String.String"},[]],"tag":"App"},{"contents":[{"Left":"Agda.Builtin.String.primStringFromList"},[{"contents":[{"Left":"Agda.Builtin.String.primStringToList"},[{"contents":[{"Right":0},[]],"tag":"App"}]],"tag":"App"}]],"tag":"App"},{"contents":[{"Right":0},[]],"tag":"App"}]],"tag":"App"}],"tag":"Pi"},"reduced":null,"simplified":null}},"name":"Prelude.Unsafe.fromList∘toList"},{"item":{"pretty":"(cs : Agda.Builtin.List.List Data.Char.Char) →\ntoList (fromList cs) ≡ cs","thing":{"normalised":null,"original":{"contents":[{"item":{"contents":[{"Left":"Agda.Builtin.List.List"},[{"contents":"lzero","tag":"Level"},{"contents":[{"Left":"Agda.Builtin.Char.Char"},[]],"tag":"App"}]],"tag":"App"},"name":"cs"},{"contents":[{"Left":"Agda.Builtin.Equality._≡_"},[{"contents":"lzero","tag":"Level"},{"contents":[{"Left":"Agda.Builtin.List.List"},[{"contents":"lzero","tag":"Level"},{"contents":[{"Left":"Agda.Builtin.Char.Char"},[]],"tag":"App"}]],"tag":"App"},{"contents":[{"Left":"Agda.Builtin.String.primStringToList"},[{"contents":[{"Left":"Agda.Builtin.String.primStringFromList"},[{"contents":[{"Right":0},[]],"tag":"App"}]],"tag":"App"}]],"tag":"App"},{"contents":[{"Right":0},[]],"tag":"App"}]],"tag":"App"}],"tag":"Pi"},"reduced":null,"simplified":null}},"name":"Prelude.Unsafe.toList∘fromList"},{"item":{"pretty":"Data.Char.Char → Agda.Builtin.Nat.Nat","thing":{"normalised":null,"original":{"contents":[{"item":{"contents":[{"Left":"Agda.Builtin.Char.Char"},[]],"tag":"App"},"name":"_"},{"contents":[{"Left":"Agda.Builtin.Nat.Nat"},[]],"tag":"App"}],"tag":"Pi"},"reduced":null,"simplified":null}},"name":"Agda.Builtin.Char.primCharToNat"},{"item":{"pretty":"{a b ℓ₁ ℓ₂ : Agda.Primitive.Level} {A : Set a} {B : Set b}\n(_≈₁_ : Relation.Binary.Core.Rel A ℓ₁)\n(_≈₂_ : Relation.Binary.Core.Rel B ℓ₂) →\n(A → B) → Set (a Agda.Primitive.⊔ ℓ₁ Agda.Primitive.⊔ ℓ₂)","thing":{"normalised":{"contents":[{"item":{"contents":[{"Left":"Agda.Primitive.Level"},[]],"tag":"App"},"name":"a"},{"contents":[{"item":{"contents":[{"Left":"Agda.Primitive.Level"},[]],"tag":"App"},"name":"b"},{"contents":[{"item":{"contents":[{"Left":"Agda.Primitive.Level"},[]],"tag":"App"},"name":"ℓ₁"},{"contents":[{"item":{"contents":[{"Left":"Agda.Primitive.Level"},[]],"tag":"App"},"name":"ℓ₂"},{"contents":[{"item":{"contents":"Set @3","tag":"Sort"},"name":"A"},{"contents":[{"item":{"contents":"Set @3","tag":"Sort"},"name":"B"},{"contents":[{"item":{"contents":[{"item":{"contents":[{"Right":1},[]],"tag":"App"},"name":"_"},{"contents":[{"item":{"contents":[{"Right":1},[]],"tag":"App"},"name":"_"},{"contents":"Set @3","tag":"Sort"}],"tag":"Pi"}],"tag":"Pi"},"name":"_≈₁_"},{"contents":[{"item":{"contents":[{"item":{"contents":[{"Right":1},[]],"tag":"App"},"name":"_"},{"contents":[{"item":{"contents":[{"Right":1},[]],"tag":"App"},"name":"_"},{"contents":"Set @3","tag":"Sort"}],"tag":"Pi"}],"tag":"Pi"},"name":"_≈₂_"},{"contents":[{"item":{"contents":[{"item":{"contents":[{"Right":3},[]],"tag":"App"},"name":"_"},{"contents":[{"Right":2},[]],"tag":"App"}],"tag":"Pi"},"name":"_"},{"contents":"Set (lub @7 lub @5 @4)","tag":"Sort"}],"tag":"Pi"}],"tag":"Pi"}],"tag":"Pi"}],"tag":"Pi"}],"tag":"Pi"}],"tag":"Pi"}],"tag":"Pi"}],"tag":"Pi"}],"tag":"Pi"},"original":{"contents":[{"item":{"contents":[{"Left":"Agda.Primitive.Level"},[]],"tag":"App"},"name":"a"},{"contents":[{"item":{"contents":[{"Left":"Agda.Primitive.Level"},[]],"tag":"App"},"name":"b"},{"contents":[{"item":{"contents":[{"Left":"Agda.Primitive.Level"},[]],"tag":"App"},"name":"ℓ₁"},{"contents":[{"item":{"contents":[{"Left":"Agda.Primitive.Level"},[]],"tag":"App"},"name":"ℓ₂"},{"contents":[{"item":{"contents":"Set @3","tag":"Sort"},"name":"A"},{"contents":[{"item":{"contents":"Set @3","tag":"Sort"},"name":"B"},{"contents":[{"item":{"contents":[{"Left":"Relation.Binary.Core.Rel"},[{"contents":[{"Right":5},[]],"tag":"App"},{"contents":[{"Right":1},[]],"tag":"App"},{"contents":[{"Right":3},[]],"tag":"App"}]],"tag":"App"},"name":"_≈₁_"},{"contents":[{"item":{"contents":[{"Left":"Relation.Binary.Core.Rel"},[{"contents":[{"Right":5},[]],"tag":"App"},{"contents":[{"Right":1},[]],"tag":"App"},{"contents":[{"Right":3},[]],"tag":"App"}]],"tag":"App"},"name":"_≈₂_"},{"contents":[{"item":{"contents":[{"item":{"contents":[{"Right":3},[]],"tag":"App"},"name":"_"},{"contents":[{"Right":2},[]],"tag":"App"}],"tag":"Pi"},"name":"_"},{"contents":"Set (lub @7 lub @5 @4)","tag":"Sort"}],"tag":"Pi"}],"tag":"Pi"}],"tag":"Pi"}],"tag":"Pi"}],"tag":"Pi"}],"tag":"Pi"}],"tag":"Pi"}],"tag":"Pi"}],"tag":"Pi"},"reduced":null,"simplified":null}},"name":"Function.Definitions.Injective"},{"item":{"pretty":"Agda.Builtin.Nat.Nat → Data.Char.Char","thing":{"normalised":null,"original":{"contents":[{"item":{"contents":[{"Left":"Agda.Builtin.Nat.Nat"},[]],"tag":"App"},"name":"_"},{"contents":[{"Left":"Agda.Builtin.Char.Char"},[]],"tag":"App"}],"tag":"Pi"},"reduced":null,"simplified":null}},"name":"Agda.Builtin.Char.primNatToChar"}],"name":"Prelude.Unsafe"},"samples":[{"ctx":{"pretty":"(c : Data.Char.Char)","thing":[{"item":{"contents":[{"Left":"Agda.Builtin.Char.Char"},[]],"tag":"App"},"name":"c"}]},"goal":{"pretty":"Data.Char.Char","thing":{"normalised":null,"original":{"contents":[{"Left":"Agda.Builtin.Char.Char"},[]],"tag":"App"},"reduced":null,"simplified":null}},"term":{"pretty":"fromℕ (toℕ c)","thing":{"normalised":null,"original":{"contents":[{"Left":"Agda.Builtin.Char.primNatToChar"},[{"contents":[{"Left":"Agda.Builtin.Char.primCharToNat"},[{"contents":[{"Right":0},[]],"tag":"App"}]],"tag":"App"}]],"tag":"App"},"reduced":null,"simplified":null}},"namesUsed":["Agda.Builtin.Char.primNatToChar","Agda.Builtin.Char.primCharToNat"]},{"ctx":{"pretty":"(c₁ : Data.Char.Char)","thing":[{"item":{"contents":[{"Left":"Agda.Builtin.Char.Char"},[]],"tag":"App"},"name":"c"}]},"goal":{"pretty":"Agda.Builtin.Nat.Nat","thing":{"normalised":null,"original":{"contents":[{"Left":"Agda.Builtin.Nat.Nat"},[]],"tag":"App"},"reduced":null,"simplified":null}},"term":{"pretty":"toℕ c","thing":{"normalised":null,"original":{"contents":[{"Left":"Agda.Builtin.Char.primCharToNat"},[{"contents":[{"Right":0},[]],"tag":"App"}]],"tag":"App"},"reduced":null,"simplified":null}},"namesUsed":["Agda.Builtin.Char.primCharToNat"]},{"ctx":{"pretty":"(c : Agda.Builtin.Nat.Nat)","thing":[{"item":{"contents":[{"Left":"Agda.Builtin.Nat.Nat"},[]],"tag":"App"},"name":"c"}]},"goal":{"pretty":"Agda.Builtin.Nat.Nat","thing":{"normalised":null,"original":{"contents":[{"Left":"Agda.Builtin.Nat.Nat"},[]],"tag":"App"},"reduced":null,"simplified":null}},"term":{"pretty":"toℕ (fromℕ c)","thing":{"normalised":null,"original":{"contents":[{"Left":"Agda.Builtin.Char.primCharToNat"},[{"contents":[{"Left":"Agda.Builtin.Char.primNatToChar"},[{"contents":[{"Right":0},[]],"tag":"App"}]],"tag":"App"}]],"tag":"App"},"reduced":null,"simplified":null}},"namesUsed":["Agda.Builtin.Char.primCharToNat","Agda.Builtin.Char.primNatToChar"]},{"ctx":{"pretty":"(c₁ : Agda.Builtin.Nat.Nat)","thing":[{"item":{"contents":[{"Left":"Agda.Builtin.Nat.Nat"},[]],"tag":"App"},"name":"c"}]},"goal":{"pretty":"Data.Char.Char","thing":{"normalised":null,"original":{"contents":[{"Left":"Agda.Builtin.Char.Char"},[]],"tag":"App"},"reduced":null,"simplified":null}},"term":{"pretty":"fromℕ c","thing":{"normalised":null,"original":{"contents":[{"Left":"Agda.Builtin.Char.primNatToChar"},[{"contents":[{"Right":0},[]],"tag":"App"}]],"tag":"App"},"reduced":null,"simplified":null}},"namesUsed":["Agda.Builtin.Char.primNatToChar"]},{"ctx":{"pretty":"(s : Data.String.String)","thing":[{"item":{"contents":[{"Left":"Agda.Builtin.String.String"},[]],"tag":"App"},"name":"s"}]},"goal":{"pretty":"Data.String.String","thing":{"normalised":null,"original":{"contents":[{"Left":"Agda.Builtin.String.String"},[]],"tag":"App"},"reduced":null,"simplified":null}},"term":{"pretty":"fromList (toList s)","thing":{"normalised":null,"original":{"contents":[{"Left":"Agda.Builtin.String.primStringFromList"},[{"contents":[{"Left":"Agda.Builtin.String.primStringToList"},[{"contents":[{"Right":0},[]],"tag":"App"}]],"tag":"App"}]],"tag":"App"},"reduced":null,"simplified":null}},"namesUsed":["Agda.Builtin.String.primStringFromList","Agda.Builtin.String.primStringToList"]},{"ctx":{"pretty":"(s₁ : Data.String.String)","thing":[{"item":{"contents":[{"Left":"Agda.Builtin.String.String"},[]],"tag":"App"},"name":"s"}]},"goal":{"pretty":"Agda.Builtin.List.List Data.Char.Char","thing":{"normalised":null,"original":{"contents":[{"Left":"Agda.Builtin.List.List"},[{"contents":"lzero","tag":"Level"},{"contents":[{"Left":"Agda.Builtin.Char.Char"},[]],"tag":"App"}]],"tag":"App"},"reduced":null,"simplified":null}},"term":{"pretty":"toList s","thing":{"normalised":null,"original":{"contents":[{"Left":"Agda.Builtin.String.primStringToList"},[{"contents":[{"Right":0},[]],"tag":"App"}]],"tag":"App"},"reduced":null,"simplified":null}},"namesUsed":["Agda.Builtin.String.primStringToList"]},{"ctx":{"pretty":"(s : Agda.Builtin.List.List Data.Char.Char)","thing":[{"item":{"contents":[{"Left":"Agda.Builtin.List.List"},[{"contents":"lzero","tag":"Level"},{"contents":[{"Left":"Agda.Builtin.Char.Char"},[]],"tag":"App"}]],"tag":"App"},"name":"s"}]},"goal":{"pretty":"Agda.Builtin.List.List Data.Char.Char","thing":{"normalised":null,"original":{"contents":[{"Left":"Agda.Builtin.List.List"},[{"contents":"lzero","tag":"Level"},{"contents":[{"Left":"Agda.Builtin.Char.Char"},[]],"tag":"App"}]],"tag":"App"},"reduced":null,"simplified":null}},"term":{"pretty":"toList (fromList s)","thing":{"normalised":null,"original":{"contents":[{"Left":"Agda.Builtin.String.primStringToList"},[{"contents":[{"Left":"Agda.Builtin.String.primStringFromList"},[{"contents":[{"Right":0},[]],"tag":"App"}]],"tag":"App"}]],"tag":"App"},"reduced":null,"simplified":null}},"namesUsed":["Agda.Builtin.String.primStringToList","Agda.Builtin.String.primStringFromList"]},{"ctx":{"pretty":"(s₁ : Agda.Builtin.List.List Data.Char.Char)","thing":[{"item":{"contents":[{"Left":"Agda.Builtin.List.List"},[{"contents":"lzero","tag":"Level"},{"contents":[{"Left":"Agda.Builtin.Char.Char"},[]],"tag":"App"}]],"tag":"App"},"name":"s"}]},"goal":{"pretty":"Data.String.String","thing":{"normalised":null,"original":{"contents":[{"Left":"Agda.Builtin.String.String"},[]],"tag":"App"},"reduced":null,"simplified":null}},"term":{"pretty":"fromList s","thing":{"normalised":null,"original":{"contents":[{"Left":"Agda.Builtin.String.primStringFromList"},[{"contents":[{"Right":0},[]],"tag":"App"}]],"tag":"App"},"reduced":null,"simplified":null}},"namesUsed":["Agda.Builtin.String.primStringFromList"]}]}