{"scope":{"item":[{"item":{"pretty":"Set","thing":{"normalised":{"contents":"Set","tag":"Sort"},"original":{"contents":"Set","tag":"Sort"},"reduced":{"contents":"Set","tag":"Sort"},"simplified":{"contents":"Set","tag":"Sort"}}},"name":"Agda.Builtin.Bool.Bool"},{"item":{"pretty":"Bool","thing":{"normalised":{"contents":[{"Left":"Agda.Builtin.Bool.Bool"},[]],"tag":"App"},"original":{"contents":[{"Left":"Agda.Builtin.Bool.Bool"},[]],"tag":"App"},"reduced":{"contents":[{"Left":"Agda.Builtin.Bool.Bool"},[]],"tag":"App"},"simplified":{"contents":[{"Left":"Agda.Builtin.Bool.Bool"},[]],"tag":"App"}}},"name":"Agda.Builtin.Bool.Bool.false"},{"item":{"pretty":"Bool","thing":{"normalised":{"contents":[{"Left":"Agda.Builtin.Bool.Bool"},[]],"tag":"App"},"original":{"contents":[{"Left":"Agda.Builtin.Bool.Bool"},[]],"tag":"App"},"reduced":{"contents":[{"Left":"Agda.Builtin.Bool.Bool"},[]],"tag":"App"},"simplified":{"contents":[{"Left":"Agda.Builtin.Bool.Bool"},[]],"tag":"App"}}},"name":"Agda.Builtin.Bool.Bool.true"}],"name":"Agda.Builtin.Bool"},"samples":[]}