{"scope":{"item":[{"item":{"pretty":"{ℓ : Level} → Set ℓ → Set ℓ","thing":{"normalised":{"contents":[{"item":{"contents":[{"Left":"Agda.Primitive.Level"},[]],"tag":"App"},"name":"ℓ"},{"contents":[{"item":{"contents":"Set @0","tag":"Sort"},"name":"_"},{"contents":"Set @0","tag":"Sort"}],"tag":"Pi"}],"tag":"Pi"},"original":{"contents":[{"item":{"contents":[{"Left":"Agda.Primitive.Level"},[]],"tag":"App"},"name":"ℓ"},{"contents":[{"item":{"contents":"Set @0","tag":"Sort"},"name":"_"},{"contents":"Set @0","tag":"Sort"}],"tag":"Pi"}],"tag":"Pi"},"reduced":{"contents":[{"item":{"contents":[{"Left":"Agda.Primitive.Level"},[]],"tag":"App"},"name":"ℓ"},{"contents":[{"item":{"contents":"Set @0","tag":"Sort"},"name":"_"},{"contents":"Set @0","tag":"Sort"}],"tag":"Pi"}],"tag":"Pi"},"simplified":{"contents":[{"item":{"contents":[{"Left":"Agda.Primitive.Level"},[]],"tag":"App"},"name":"ℓ"},{"contents":[{"item":{"contents":"Set @0","tag":"Sort"},"name":"_"},{"contents":"Set @0","tag":"Sort"}],"tag":"Pi"}],"tag":"Pi"}}},"name":"Cubical.¬_"},{"item":{"pretty":"Set","thing":{"normalised":{"contents":"Set","tag":"Sort"},"original":{"contents":"Set","tag":"Sort"},"reduced":{"contents":"Set","tag":"Sort"},"simplified":{"contents":"Set","tag":"Sort"}}},"name":"Data.Empty.⊥"},{"item":{"pretty":"Set","thing":{"normalised":{"contents":"Set","tag":"Sort"},"original":{"contents":"Set","tag":"Sort"},"reduced":{"contents":"Set","tag":"Sort"},"simplified":{"contents":"Set","tag":"Sort"}}},"name":"Agda.Builtin.Bool.Bool"},{"item":{"pretty":"Bool","thing":{"normalised":{"contents":[{"Left":"Agda.Builtin.Bool.Bool"},[]],"tag":"App"},"original":{"contents":[{"Left":"Agda.Builtin.Bool.Bool"},[]],"tag":"App"},"reduced":{"contents":[{"Left":"Agda.Builtin.Bool.Bool"},[]],"tag":"App"},"simplified":{"contents":[{"Left":"Agda.Builtin.Bool.Bool"},[]],"tag":"App"}}},"name":"Agda.Builtin.Bool.Bool.false"},{"item":{"pretty":"Setω₁","thing":{"normalised":{"contents":"Setω1","tag":"Sort"},"original":{"contents":"Setω1","tag":"Sort"},"reduced":{"contents":"Setω1","tag":"Sort"},"simplified":{"contents":"Setω1","tag":"Sort"}}},"name":"Agda.Primitive.Setω"},{"item":{"pretty":"{a : Level} (ℓ : Level) (A : Set a) → Set (a ⊔ ℓ)","thing":{"normalised":{"contents":[{"item":{"contents":[{"Left":"Agda.Primitive.Level"},[]],"tag":"App"},"name":"a"},{"contents":[{"item":{"contents":[{"Left":"Agda.Primitive.Level"},[]],"tag":"App"},"name":"ℓ"},{"contents":[{"item":{"contents":"Set @1","tag":"Sort"},"name":"A"},{"contents":"Set (lub @2 @1)","tag":"Sort"}],"tag":"Pi"}],"tag":"Pi"}],"tag":"Pi"},"original":{"contents":[{"item":{"contents":[{"Left":"Agda.Primitive.Level"},[]],"tag":"App"},"name":"a"},{"contents":[{"item":{"contents":[{"Left":"Agda.Primitive.Level"},[]],"tag":"App"},"name":"ℓ"},{"contents":[{"item":{"contents":"Set @1","tag":"Sort"},"name":"A"},{"contents":"Set (lub @2 @1)","tag":"Sort"}],"tag":"Pi"}],"tag":"Pi"}],"tag":"Pi"},"reduced":{"contents":[{"item":{"contents":[{"Left":"Agda.Primitive.Level"},[]],"tag":"App"},"name":"a"},{"contents":[{"item":{"contents":[{"Left":"Agda.Primitive.Level"},[]],"tag":"App"},"name":"ℓ"},{"contents":[{"item":{"contents":"Set @1","tag":"Sort"},"name":"A"},{"contents":"Set (lub @2 @1)","tag":"Sort"}],"tag":"Pi"}],"tag":"Pi"}],"tag":"Pi"},"simplified":{"contents":[{"item":{"contents":[{"Left":"Agda.Primitive.Level"},[]],"tag":"App"},"name":"a"},{"contents":[{"item":{"contents":[{"Left":"Agda.Primitive.Level"},[]],"tag":"App"},"name":"ℓ"},{"contents":[{"item":{"contents":"Set @1","tag":"Sort"},"name":"A"},{"contents":"Set (lub @2 @1)","tag":"Sort"}],"tag":"Pi"}],"tag":"Pi"}],"tag":"Pi"}}},"name":"Level.Lift"},{"item":{"pretty":"Bool","thing":{"normalised":{"contents":[{"Left":"Agda.Builtin.Bool.Bool"},[]],"tag":"App"},"original":{"contents":[{"Left":"Agda.Builtin.Bool.Bool"},[]],"tag":"App"},"reduced":{"contents":[{"Left":"Agda.Builtin.Bool.Bool"},[]],"tag":"App"},"simplified":{"contents":[{"Left":"Agda.Builtin.Bool.Bool"},[]],"tag":"App"}}},"name":"Agda.Builtin.Bool.Bool.true"},{"item":{"pretty":"{w : Level} {Whatever : Set w} → .⊥ → Whatever","thing":{"normalised":{"contents":[{"item":{"contents":[{"Left":"Agda.Primitive.Level"},[]],"tag":"App"},"name":"w"},{"contents":[{"item":{"contents":"Set @0","tag":"Sort"},"name":"Whatever"},{"contents":[{"item":{"contents":[{"Left":"Data.Empty.⊥"},[]],"tag":"App"},"name":"_"},{"contents":[{"Right":0},[]],"tag":"App"}],"tag":"Pi"}],"tag":"Pi"}],"tag":"Pi"},"original":{"contents":[{"item":{"contents":[{"Left":"Agda.Primitive.Level"},[]],"tag":"App"},"name":"w"},{"contents":[{"item":{"contents":"Set @0","tag":"Sort"},"name":"Whatever"},{"contents":[{"item":{"contents":[{"Left":"Data.Empty.⊥"},[]],"tag":"App"},"name":"_"},{"contents":[{"Right":0},[]],"tag":"App"}],"tag":"Pi"}],"tag":"Pi"}],"tag":"Pi"},"reduced":{"contents":[{"item":{"contents":[{"Left":"Agda.Primitive.Level"},[]],"tag":"App"},"name":"w"},{"contents":[{"item":{"contents":"Set @0","tag":"Sort"},"name":"Whatever"},{"contents":[{"item":{"contents":[{"Left":"Data.Empty.⊥"},[]],"tag":"App"},"name":"_"},{"contents":[{"Right":0},[]],"tag":"App"}],"tag":"Pi"}],"tag":"Pi"}],"tag":"Pi"},"simplified":{"contents":[{"item":{"contents":[{"Left":"Agda.Primitive.Level"},[]],"tag":"App"},"name":"w"},{"contents":[{"item":{"contents":"Set @0","tag":"Sort"},"name":"Whatever"},{"contents":[{"item":{"contents":[{"Left":"Data.Empty.⊥"},[]],"tag":"App"},"name":"_"},{"contents":[{"Right":0},[]],"tag":"App"}],"tag":"Pi"}],"tag":"Pi"}],"tag":"Pi"}}},"name":"Data.Empty.Irrelevant.⊥-elim"},{"item":{"pretty":"{ℓ : Level} → Set ℓ → Bool → Set ℓ","thing":{"normalised":{"contents":[{"item":{"contents":[{"Left":"Agda.Primitive.Level"},[]],"tag":"App"},"name":"ℓ"},{"contents":[{"item":{"contents":"Set @0","tag":"Sort"},"name":"P"},{"contents":[{"item":{"contents":[{"Left":"Agda.Builtin.Bool.Bool"},[]],"tag":"App"},"name":"_"},{"contents":"Set @0","tag":"Sort"}],"tag":"Pi"}],"tag":"Pi"}],"tag":"Pi"},"original":{"contents":[{"item":{"contents":[{"Left":"Agda.Primitive.Level"},[]],"tag":"App"},"name":"ℓ"},{"contents":[{"item":{"contents":"Set @0","tag":"Sort"},"name":"P"},{"contents":[{"item":{"contents":[{"Left":"Agda.Builtin.Bool.Bool"},[]],"tag":"App"},"name":"_"},{"contents":"Set @0","tag":"Sort"}],"tag":"Pi"}],"tag":"Pi"}],"tag":"Pi"},"reduced":{"contents":[{"item":{"contents":[{"Left":"Agda.Primitive.Level"},[]],"tag":"App"},"name":"ℓ"},{"contents":[{"item":{"contents":"Set @0","tag":"Sort"},"name":"P"},{"contents":[{"item":{"contents":[{"Left":"Agda.Builtin.Bool.Bool"},[]],"tag":"App"},"name":"_"},{"contents":"Set @0","tag":"Sort"}],"tag":"Pi"}],"tag":"Pi"}],"tag":"Pi"},"simplified":{"contents":[{"item":{"contents":[{"Left":"Agda.Primitive.Level"},[]],"tag":"App"},"name":"ℓ"},{"contents":[{"item":{"contents":"Set @0","tag":"Sort"},"name":"P"},{"contents":[{"item":{"contents":[{"Left":"Agda.Builtin.Bool.Bool"},[]],"tag":"App"},"name":"_"},{"contents":"Set @0","tag":"Sort"}],"tag":"Pi"}],"tag":"Pi"}],"tag":"Pi"}}},"name":"Cubical.Reflects"},{"item":{"pretty":"Set","thing":{"normalised":{"contents":"Set","tag":"Sort"},"original":{"contents":"Set","tag":"Sort"},"reduced":{"contents":"Set","tag":"Sort"},"simplified":{"contents":"Set","tag":"Sort"}}},"name":"Agda.Primitive.Level"},{"item":{"pretty":"Level","thing":{"normalised":{"contents":[{"Left":"Agda.Primitive.Level"},[]],"tag":"App"},"original":{"contents":[{"Left":"Agda.Primitive.Level"},[]],"tag":"App"},"reduced":{"contents":[{"Left":"Agda.Primitive.Level"},[]],"tag":"App"},"simplified":{"contents":[{"Left":"Agda.Primitive.Level"},[]],"tag":"App"}}},"name":"Agda.Primitive.lzero"},{"item":{"pretty":"{ℓ : Level} {P : Set ℓ} → P → Reflects P true","thing":{"normalised":{"contents":[{"item":{"contents":[{"Left":"Agda.Primitive.Level"},[]],"tag":"App"},"name":"ℓ"},{"contents":[{"item":{"contents":"Set @0","tag":"Sort"},"name":"P"},{"contents":[{"item":{"contents":[{"Right":0},[]],"tag":"App"},"name":"p"},{"contents":[{"Left":"Cubical.Reflects"},[{"contents":[{"Right":1},[]],"tag":"App"},{"contents":[{"Right":0},[]],"tag":"App"},{"contents":[{"Left":"Agda.Builtin.Bool.Bool.true"},[]],"tag":"App"}]],"tag":"App"}],"tag":"Pi"}],"tag":"Pi"}],"tag":"Pi"},"original":{"contents":[{"item":{"contents":[{"Left":"Agda.Primitive.Level"},[]],"tag":"App"},"name":"ℓ"},{"contents":[{"item":{"contents":"Set @0","tag":"Sort"},"name":"P"},{"contents":[{"item":{"contents":[{"Right":0},[]],"tag":"App"},"name":"p"},{"contents":[{"Left":"Cubical.Reflects"},[{"contents":[{"Right":1},[]],"tag":"App"},{"contents":[{"Right":0},[]],"tag":"App"},{"contents":[{"Left":"Agda.Builtin.Bool.Bool.true"},[]],"tag":"App"}]],"tag":"App"}],"tag":"Pi"}],"tag":"Pi"}],"tag":"Pi"},"reduced":{"contents":[{"item":{"contents":[{"Left":"Agda.Primitive.Level"},[]],"tag":"App"},"name":"ℓ"},{"contents":[{"item":{"contents":"Set @0","tag":"Sort"},"name":"P"},{"contents":[{"item":{"contents":[{"Right":0},[]],"tag":"App"},"name":"p"},{"contents":[{"Left":"Cubical.Reflects"},[{"contents":[{"Right":1},[]],"tag":"App"},{"contents":[{"Right":0},[]],"tag":"App"},{"contents":[{"Left":"Agda.Builtin.Bool.Bool.true"},[]],"tag":"App"}]],"tag":"App"}],"tag":"Pi"}],"tag":"Pi"}],"tag":"Pi"},"simplified":{"contents":[{"item":{"contents":[{"Left":"Agda.Primitive.Level"},[]],"tag":"App"},"name":"ℓ"},{"contents":[{"item":{"contents":"Set @0","tag":"Sort"},"name":"P"},{"contents":[{"item":{"contents":[{"Right":0},[]],"tag":"App"},"name":"p"},{"contents":[{"Left":"Cubical.Reflects"},[{"contents":[{"Right":1},[]],"tag":"App"},{"contents":[{"Right":0},[]],"tag":"App"},{"contents":[{"Left":"Agda.Builtin.Bool.Bool.true"},[]],"tag":"App"}]],"tag":"App"}],"tag":"Pi"}],"tag":"Pi"}],"tag":"Pi"}}},"name":"Cubical.Reflects.ofʸ"},{"item":{"pretty":"{a ℓ : Level} {A : Set a} → Lift ℓ A → A","thing":{"normalised":{"contents":[{"item":{"contents":[{"Left":"Agda.Primitive.Level"},[]],"tag":"App"},"name":"a"},{"contents":[{"item":{"contents":[{"Left":"Agda.Primitive.Level"},[]],"tag":"App"},"name":"ℓ"},{"contents":[{"item":{"contents":"Set @1","tag":"Sort"},"name":"A"},{"contents":[{"item":{"contents":[{"Left":"Level.Lift"},[{"contents":[{"Right":2},[]],"tag":"App"},{"contents":[{"Right":1},[]],"tag":"App"},{"contents":[{"Right":0},[]],"tag":"App"}]],"tag":"App"},"name":"r"},{"contents":[{"Right":0},[]],"tag":"App"}],"tag":"Pi"}],"tag":"Pi"}],"tag":"Pi"}],"tag":"Pi"},"original":{"contents":[{"item":{"contents":[{"Left":"Agda.Primitive.Level"},[]],"tag":"App"},"name":"a"},{"contents":[{"item":{"contents":[{"Left":"Agda.Primitive.Level"},[]],"tag":"App"},"name":"ℓ"},{"contents":[{"item":{"contents":"Set @1","tag":"Sort"},"name":"A"},{"contents":[{"item":{"contents":[{"Left":"Level.Lift"},[{"contents":[{"Right":2},[]],"tag":"App"},{"contents":[{"Right":1},[]],"tag":"App"},{"contents":[{"Right":0},[]],"tag":"App"}]],"tag":"App"},"name":"r"},{"contents":[{"Right":0},[]],"tag":"App"}],"tag":"Pi"}],"tag":"Pi"}],"tag":"Pi"}],"tag":"Pi"},"reduced":{"contents":[{"item":{"contents":[{"Left":"Agda.Primitive.Level"},[]],"tag":"App"},"name":"a"},{"contents":[{"item":{"contents":[{"Left":"Agda.Primitive.Level"},[]],"tag":"App"},"name":"ℓ"},{"contents":[{"item":{"contents":"Set @1","tag":"Sort"},"name":"A"},{"contents":[{"item":{"contents":[{"Left":"Level.Lift"},[{"contents":[{"Right":2},[]],"tag":"App"},{"contents":[{"Right":1},[]],"tag":"App"},{"contents":[{"Right":0},[]],"tag":"App"}]],"tag":"App"},"name":"r"},{"contents":[{"Right":0},[]],"tag":"App"}],"tag":"Pi"}],"tag":"Pi"}],"tag":"Pi"}],"tag":"Pi"},"simplified":{"contents":[{"item":{"contents":[{"Left":"Agda.Primitive.Level"},[]],"tag":"App"},"name":"a"},{"contents":[{"item":{"contents":[{"Left":"Agda.Primitive.Level"},[]],"tag":"App"},"name":"ℓ"},{"contents":[{"item":{"contents":"Set @1","tag":"Sort"},"name":"A"},{"contents":[{"item":{"contents":[{"Left":"Level.Lift"},[{"contents":[{"Right":2},[]],"tag":"App"},{"contents":[{"Right":1},[]],"tag":"App"},{"contents":[{"Right":0},[]],"tag":"App"}]],"tag":"App"},"name":"r"},{"contents":[{"Right":0},[]],"tag":"App"}],"tag":"Pi"}],"tag":"Pi"}],"tag":"Pi"}],"tag":"Pi"}}},"name":"Level.Lift.lower"},{"item":{"pretty":"Level → Level","thing":{"normalised":{"contents":[{"item":{"contents":[{"Left":"Agda.Primitive.Level"},[]],"tag":"App"},"name":"ℓ"},{"contents":[{"Left":"Agda.Primitive.Level"},[]],"tag":"App"}],"tag":"Pi"},"original":{"contents":[{"item":{"contents":[{"Left":"Agda.Primitive.Level"},[]],"tag":"App"},"name":"ℓ"},{"contents":[{"Left":"Agda.Primitive.Level"},[]],"tag":"App"}],"tag":"Pi"},"reduced":{"contents":[{"item":{"contents":[{"Left":"Agda.Primitive.Level"},[]],"tag":"App"},"name":"ℓ"},{"contents":[{"Left":"Agda.Primitive.Level"},[]],"tag":"App"}],"tag":"Pi"},"simplified":{"contents":[{"item":{"contents":[{"Left":"Agda.Primitive.Level"},[]],"tag":"App"},"name":"ℓ"},{"contents":[{"Left":"Agda.Primitive.Level"},[]],"tag":"App"}],"tag":"Pi"}}},"name":"Agda.Primitive.lsuc"},{"item":{"pretty":"{a ℓ : Level} {A : Set a} (lower₁ : A) → Lift ℓ A","thing":{"normalised":{"contents":[{"item":{"contents":[{"Left":"Agda.Primitive.Level"},[]],"tag":"App"},"name":"a"},{"contents":[{"item":{"contents":[{"Left":"Agda.Primitive.Level"},[]],"tag":"App"},"name":"ℓ"},{"contents":[{"item":{"contents":"Set @1","tag":"Sort"},"name":"A"},{"contents":[{"item":{"contents":[{"Right":0},[]],"tag":"App"},"name":"lower"},{"contents":[{"Left":"Level.Lift"},[{"contents":[{"Right":3},[]],"tag":"App"},{"contents":[{"Right":2},[]],"tag":"App"},{"contents":[{"Right":1},[]],"tag":"App"}]],"tag":"App"}],"tag":"Pi"}],"tag":"Pi"}],"tag":"Pi"}],"tag":"Pi"},"original":{"contents":[{"item":{"contents":[{"Left":"Agda.Primitive.Level"},[]],"tag":"App"},"name":"a"},{"contents":[{"item":{"contents":[{"Left":"Agda.Primitive.Level"},[]],"tag":"App"},"name":"ℓ"},{"contents":[{"item":{"contents":"Set @1","tag":"Sort"},"name":"A"},{"contents":[{"item":{"contents":[{"Right":0},[]],"tag":"App"},"name":"lower"},{"contents":[{"Left":"Level.Lift"},[{"contents":[{"Right":3},[]],"tag":"App"},{"contents":[{"Right":2},[]],"tag":"App"},{"contents":[{"Right":1},[]],"tag":"App"}]],"tag":"App"}],"tag":"Pi"}],"tag":"Pi"}],"tag":"Pi"}],"tag":"Pi"},"reduced":{"contents":[{"item":{"contents":[{"Left":"Agda.Primitive.Level"},[]],"tag":"App"},"name":"a"},{"contents":[{"item":{"contents":[{"Left":"Agda.Primitive.Level"},[]],"tag":"App"},"name":"ℓ"},{"contents":[{"item":{"contents":"Set @1","tag":"Sort"},"name":"A"},{"contents":[{"item":{"contents":[{"Right":0},[]],"tag":"App"},"name":"lower"},{"contents":[{"Left":"Level.Lift"},[{"contents":[{"Right":3},[]],"tag":"App"},{"contents":[{"Right":2},[]],"tag":"App"},{"contents":[{"Right":1},[]],"tag":"App"}]],"tag":"App"}],"tag":"Pi"}],"tag":"Pi"}],"tag":"Pi"}],"tag":"Pi"},"simplified":{"contents":[{"item":{"contents":[{"Left":"Agda.Primitive.Level"},[]],"tag":"App"},"name":"a"},{"contents":[{"item":{"contents":[{"Left":"Agda.Primitive.Level"},[]],"tag":"App"},"name":"ℓ"},{"contents":[{"item":{"contents":"Set @1","tag":"Sort"},"name":"A"},{"contents":[{"item":{"contents":[{"Right":0},[]],"tag":"App"},"name":"lower"},{"contents":[{"Left":"Level.Lift"},[{"contents":[{"Right":3},[]],"tag":"App"},{"contents":[{"Right":2},[]],"tag":"App"},{"contents":[{"Right":1},[]],"tag":"App"}]],"tag":"App"}],"tag":"Pi"}],"tag":"Pi"}],"tag":"Pi"}],"tag":"Pi"}}},"name":"Level.lift"},{"item":{"pretty":"{ℓ : Level} {P : Set ℓ} → ¬ P → Reflects P false","thing":{"normalised":{"contents":[{"item":{"contents":[{"Left":"Agda.Primitive.Level"},[]],"tag":"App"},"name":"ℓ"},{"contents":[{"item":{"contents":"Set @0","tag":"Sort"},"name":"P"},{"contents":[{"item":{"contents":[{"item":{"contents":[{"Right":0},[]],"tag":"App"},"name":"_"},{"contents":[{"Left":"Data.Empty.⊥"},[]],"tag":"App"}],"tag":"Pi"},"name":"¬p"},{"contents":[{"Left":"Cubical.Reflects"},[{"contents":[{"Right":1},[]],"tag":"App"},{"contents":[{"Right":0},[]],"tag":"App"},{"contents":[{"Left":"Agda.Builtin.Bool.Bool.false"},[]],"tag":"App"}]],"tag":"App"}],"tag":"Pi"}],"tag":"Pi"}],"tag":"Pi"},"original":{"contents":[{"item":{"contents":[{"Left":"Agda.Primitive.Level"},[]],"tag":"App"},"name":"ℓ"},{"contents":[{"item":{"contents":"Set @0","tag":"Sort"},"name":"P"},{"contents":[{"item":{"contents":[{"Left":"Cubical.¬_"},[{"contents":[{"Right":1},[]],"tag":"App"},{"contents":[{"Right":0},[]],"tag":"App"}]],"tag":"App"},"name":"¬p"},{"contents":[{"Left":"Cubical.Reflects"},[{"contents":[{"Right":1},[]],"tag":"App"},{"contents":[{"Right":0},[]],"tag":"App"},{"contents":[{"Left":"Agda.Builtin.Bool.Bool.false"},[]],"tag":"App"}]],"tag":"App"}],"tag":"Pi"}],"tag":"Pi"}],"tag":"Pi"},"reduced":{"contents":[{"item":{"contents":[{"Left":"Agda.Primitive.Level"},[]],"tag":"App"},"name":"ℓ"},{"contents":[{"item":{"contents":"Set @0","tag":"Sort"},"name":"P"},{"contents":[{"item":{"contents":[{"Left":"Cubical.¬_"},[{"contents":[{"Right":1},[]],"tag":"App"},{"contents":[{"Right":0},[]],"tag":"App"}]],"tag":"App"},"name":"¬p"},{"contents":[{"Left":"Cubical.Reflects"},[{"contents":[{"Right":1},[]],"tag":"App"},{"contents":[{"Right":0},[]],"tag":"App"},{"contents":[{"Left":"Agda.Builtin.Bool.Bool.false"},[]],"tag":"App"}]],"tag":"App"}],"tag":"Pi"}],"tag":"Pi"}],"tag":"Pi"},"simplified":{"contents":[{"item":{"contents":[{"Left":"Agda.Primitive.Level"},[]],"tag":"App"},"name":"ℓ"},{"contents":[{"item":{"contents":"Set @0","tag":"Sort"},"name":"P"},{"contents":[{"item":{"contents":[{"Left":"Cubical.¬_"},[{"contents":[{"Right":1},[]],"tag":"App"},{"contents":[{"Right":0},[]],"tag":"App"}]],"tag":"App"},"name":"¬p"},{"contents":[{"Left":"Cubical.Reflects"},[{"contents":[{"Right":1},[]],"tag":"App"},{"contents":[{"Right":0},[]],"tag":"App"},{"contents":[{"Left":"Agda.Builtin.Bool.Bool.false"},[]],"tag":"App"}]],"tag":"App"}],"tag":"Pi"}],"tag":"Pi"}],"tag":"Pi"}}},"name":"Cubical.Reflects.ofⁿ"},{"item":{"pretty":"Level","thing":{"normalised":{"contents":[{"Left":"Agda.Primitive.Level"},[]],"tag":"App"},"original":{"contents":[{"Left":"Agda.Primitive.Level"},[]],"tag":"App"},"reduced":{"contents":[{"Left":"Agda.Primitive.Level"},[]],"tag":"App"},"simplified":{"contents":[{"Left":"Agda.Primitive.Level"},[]],"tag":"App"}}},"name":"Level.0ℓ"},{"item":{"pretty":"Level → Level → Level","thing":{"normalised":{"contents":[{"item":{"contents":[{"Left":"Agda.Primitive.Level"},[]],"tag":"App"},"name":"ℓ₁"},{"contents":[{"item":{"contents":[{"Left":"Agda.Primitive.Level"},[]],"tag":"App"},"name":"ℓ₂"},{"contents":[{"Left":"Agda.Primitive.Level"},[]],"tag":"App"}],"tag":"Pi"}],"tag":"Pi"},"original":{"contents":[{"item":{"contents":[{"Left":"Agda.Primitive.Level"},[]],"tag":"App"},"name":"ℓ₁"},{"contents":[{"item":{"contents":[{"Left":"Agda.Primitive.Level"},[]],"tag":"App"},"name":"ℓ₂"},{"contents":[{"Left":"Agda.Primitive.Level"},[]],"tag":"App"}],"tag":"Pi"}],"tag":"Pi"},"reduced":{"contents":[{"item":{"contents":[{"Left":"Agda.Primitive.Level"},[]],"tag":"App"},"name":"ℓ₁"},{"contents":[{"item":{"contents":[{"Left":"Agda.Primitive.Level"},[]],"tag":"App"},"name":"ℓ₂"},{"contents":[{"Left":"Agda.Primitive.Level"},[]],"tag":"App"}],"tag":"Pi"}],"tag":"Pi"},"simplified":{"contents":[{"item":{"contents":[{"Left":"Agda.Primitive.Level"},[]],"tag":"App"},"name":"ℓ₁"},{"contents":[{"item":{"contents":[{"Left":"Agda.Primitive.Level"},[]],"tag":"App"},"name":"ℓ₂"},{"contents":[{"Left":"Agda.Primitive.Level"},[]],"tag":"App"}],"tag":"Pi"}],"tag":"Pi"}}},"name":"Agda.Primitive._⊔_"},{"item":{"pretty":"{a : Level} → Set a → Level","thing":{"normalised":{"contents":[{"item":{"contents":[{"Left":"Agda.Primitive.Level"},[]],"tag":"App"},"name":"a"},{"contents":[{"item":{"contents":"Set @0","tag":"Sort"},"name":"_"},{"contents":[{"Left":"Agda.Primitive.Level"},[]],"tag":"App"}],"tag":"Pi"}],"tag":"Pi"},"original":{"contents":[{"item":{"contents":[{"Left":"Agda.Primitive.Level"},[]],"tag":"App"},"name":"a"},{"contents":[{"item":{"contents":"Set @0","tag":"Sort"},"name":"_"},{"contents":[{"Left":"Agda.Primitive.Level"},[]],"tag":"App"}],"tag":"Pi"}],"tag":"Pi"},"reduced":{"contents":[{"item":{"contents":[{"Left":"Agda.Primitive.Level"},[]],"tag":"App"},"name":"a"},{"contents":[{"item":{"contents":"Set @0","tag":"Sort"},"name":"_"},{"contents":[{"Left":"Agda.Primitive.Level"},[]],"tag":"App"}],"tag":"Pi"}],"tag":"Pi"},"simplified":{"contents":[{"item":{"contents":[{"Left":"Agda.Primitive.Level"},[]],"tag":"App"},"name":"a"},{"contents":[{"item":{"contents":"Set @0","tag":"Sort"},"name":"_"},{"contents":[{"Left":"Agda.Primitive.Level"},[]],"tag":"App"}],"tag":"Pi"}],"tag":"Pi"}}},"name":"Level.levelOfType"},{"item":{"pretty":"{ℓ : Level} (P : Set ℓ) → Set ℓ","thing":{"normalised":{"contents":[{"item":{"contents":[{"Left":"Agda.Primitive.Level"},[]],"tag":"App"},"name":"ℓ"},{"contents":[{"item":{"contents":"Set @0","tag":"Sort"},"name":"P"},{"contents":"Set @1","tag":"Sort"}],"tag":"Pi"}],"tag":"Pi"},"original":{"contents":[{"item":{"contents":[{"Left":"Agda.Primitive.Level"},[]],"tag":"App"},"name":"ℓ"},{"contents":[{"item":{"contents":"Set @0","tag":"Sort"},"name":"P"},{"contents":"Set @1","tag":"Sort"}],"tag":"Pi"}],"tag":"Pi"},"reduced":{"contents":[{"item":{"contents":[{"Left":"Agda.Primitive.Level"},[]],"tag":"App"},"name":"ℓ"},{"contents":[{"item":{"contents":"Set @0","tag":"Sort"},"name":"P"},{"contents":"Set @1","tag":"Sort"}],"tag":"Pi"}],"tag":"Pi"},"simplified":{"contents":[{"item":{"contents":[{"Left":"Agda.Primitive.Level"},[]],"tag":"App"},"name":"ℓ"},{"contents":[{"item":{"contents":"Set @0","tag":"Sort"},"name":"P"},{"contents":"Set @1","tag":"Sort"}],"tag":"Pi"}],"tag":"Pi"}}},"name":"Cubical.Dec"},{"item":{"pretty":"{a : Level} {A : Set a} → A → Level","thing":{"normalised":{"contents":[{"item":{"contents":[{"Left":"Agda.Primitive.Level"},[]],"tag":"App"},"name":"a"},{"contents":[{"item":{"contents":"Set @0","tag":"Sort"},"name":"A"},{"contents":[{"item":{"contents":[{"Right":0},[]],"tag":"App"},"name":"_"},{"contents":[{"Left":"Agda.Primitive.Level"},[]],"tag":"App"}],"tag":"Pi"}],"tag":"Pi"}],"tag":"Pi"},"original":{"contents":[{"item":{"contents":[{"Left":"Agda.Primitive.Level"},[]],"tag":"App"},"name":"a"},{"contents":[{"item":{"contents":"Set @0","tag":"Sort"},"name":"A"},{"contents":[{"item":{"contents":[{"Right":0},[]],"tag":"App"},"name":"_"},{"contents":[{"Left":"Agda.Primitive.Level"},[]],"tag":"App"}],"tag":"Pi"}],"tag":"Pi"}],"tag":"Pi"},"reduced":{"contents":[{"item":{"contents":[{"Left":"Agda.Primitive.Level"},[]],"tag":"App"},"name":"a"},{"contents":[{"item":{"contents":"Set @0","tag":"Sort"},"name":"A"},{"contents":[{"item":{"contents":[{"Right":0},[]],"tag":"App"},"name":"_"},{"contents":[{"Left":"Agda.Primitive.Level"},[]],"tag":"App"}],"tag":"Pi"}],"tag":"Pi"}],"tag":"Pi"},"simplified":{"contents":[{"item":{"contents":[{"Left":"Agda.Primitive.Level"},[]],"tag":"App"},"name":"a"},{"contents":[{"item":{"contents":"Set @0","tag":"Sort"},"name":"A"},{"contents":[{"item":{"contents":[{"Right":0},[]],"tag":"App"},"name":"_"},{"contents":[{"Left":"Agda.Primitive.Level"},[]],"tag":"App"}],"tag":"Pi"}],"tag":"Pi"}],"tag":"Pi"}}},"name":"Level.levelOfTerm"},{"item":{"pretty":"{ℓ : Level} {P : Set ℓ} → Dec P → Bool","thing":{"normalised":{"contents":[{"item":{"contents":[{"Left":"Agda.Primitive.Level"},[]],"tag":"App"},"name":"ℓ"},{"contents":[{"item":{"contents":"Set @0","tag":"Sort"},"name":"P"},{"contents":[{"item":{"contents":[{"Left":"Cubical.Dec"},[{"contents":[{"Right":1},[]],"tag":"App"},{"contents":[{"Right":0},[]],"tag":"App"}]],"tag":"App"},"name":"r"},{"contents":[{"Left":"Agda.Builtin.Bool.Bool"},[]],"tag":"App"}],"tag":"Pi"}],"tag":"Pi"}],"tag":"Pi"},"original":{"contents":[{"item":{"contents":[{"Left":"Agda.Primitive.Level"},[]],"tag":"App"},"name":"ℓ"},{"contents":[{"item":{"contents":"Set @0","tag":"Sort"},"name":"P"},{"contents":[{"item":{"contents":[{"Left":"Cubical.Dec"},[{"contents":[{"Right":1},[]],"tag":"App"},{"contents":[{"Right":0},[]],"tag":"App"}]],"tag":"App"},"name":"r"},{"contents":[{"Left":"Agda.Builtin.Bool.Bool"},[]],"tag":"App"}],"tag":"Pi"}],"tag":"Pi"}],"tag":"Pi"},"reduced":{"contents":[{"item":{"contents":[{"Left":"Agda.Primitive.Level"},[]],"tag":"App"},"name":"ℓ"},{"contents":[{"item":{"contents":"Set @0","tag":"Sort"},"name":"P"},{"contents":[{"item":{"contents":[{"Left":"Cubical.Dec"},[{"contents":[{"Right":1},[]],"tag":"App"},{"contents":[{"Right":0},[]],"tag":"App"}]],"tag":"App"},"name":"r"},{"contents":[{"Left":"Agda.Builtin.Bool.Bool"},[]],"tag":"App"}],"tag":"Pi"}],"tag":"Pi"}],"tag":"Pi"},"simplified":{"contents":[{"item":{"contents":[{"Left":"Agda.Primitive.Level"},[]],"tag":"App"},"name":"ℓ"},{"contents":[{"item":{"contents":"Set @0","tag":"Sort"},"name":"P"},{"contents":[{"item":{"contents":[{"Left":"Cubical.Dec"},[{"contents":[{"Right":1},[]],"tag":"App"},{"contents":[{"Right":0},[]],"tag":"App"}]],"tag":"App"},"name":"r"},{"contents":[{"Left":"Agda.Builtin.Bool.Bool"},[]],"tag":"App"}],"tag":"Pi"}],"tag":"Pi"}],"tag":"Pi"}}},"name":"Cubical.Dec.does"},{"item":{"pretty":"{ℓ : Level} {P : Set ℓ} (r : Dec P) → Reflects P (does r)","thing":{"normalised":{"contents":[{"item":{"contents":[{"Left":"Agda.Primitive.Level"},[]],"tag":"App"},"name":"ℓ"},{"contents":[{"item":{"contents":"Set @0","tag":"Sort"},"name":"P"},{"contents":[{"item":{"contents":[{"Left":"Cubical.Dec"},[{"contents":[{"Right":1},[]],"tag":"App"},{"contents":[{"Right":0},[]],"tag":"App"}]],"tag":"App"},"name":"r"},{"contents":[{"Left":"Cubical.Reflects"},[{"contents":[{"Right":2},[]],"tag":"App"},{"contents":[{"Right":1},[]],"tag":"App"},{"contents":[{"Right":0},[{"contents":[{"Left":"Cubical.Dec.does"},[]],"tag":"App"}]],"tag":"App"}]],"tag":"App"}],"tag":"Pi"}],"tag":"Pi"}],"tag":"Pi"},"original":{"contents":[{"item":{"contents":[{"Left":"Agda.Primitive.Level"},[]],"tag":"App"},"name":"ℓ"},{"contents":[{"item":{"contents":"Set @0","tag":"Sort"},"name":"P"},{"contents":[{"item":{"contents":[{"Left":"Cubical.Dec"},[{"contents":[{"Right":1},[]],"tag":"App"},{"contents":[{"Right":0},[]],"tag":"App"}]],"tag":"App"},"name":"r"},{"contents":[{"Left":"Cubical.Reflects"},[{"contents":[{"Right":2},[]],"tag":"App"},{"contents":[{"Right":1},[]],"tag":"App"},{"contents":[{"Right":0},[{"contents":[{"Left":"Cubical.Dec.does"},[]],"tag":"App"}]],"tag":"App"}]],"tag":"App"}],"tag":"Pi"}],"tag":"Pi"}],"tag":"Pi"},"reduced":{"contents":[{"item":{"contents":[{"Left":"Agda.Primitive.Level"},[]],"tag":"App"},"name":"ℓ"},{"contents":[{"item":{"contents":"Set @0","tag":"Sort"},"name":"P"},{"contents":[{"item":{"contents":[{"Left":"Cubical.Dec"},[{"contents":[{"Right":1},[]],"tag":"App"},{"contents":[{"Right":0},[]],"tag":"App"}]],"tag":"App"},"name":"r"},{"contents":[{"Left":"Cubical.Reflects"},[{"contents":[{"Right":2},[]],"tag":"App"},{"contents":[{"Right":1},[]],"tag":"App"},{"contents":[{"Right":0},[{"contents":[{"Left":"Cubical.Dec.does"},[]],"tag":"App"}]],"tag":"App"}]],"tag":"App"}],"tag":"Pi"}],"tag":"Pi"}],"tag":"Pi"},"simplified":{"contents":[{"item":{"contents":[{"Left":"Agda.Primitive.Level"},[]],"tag":"App"},"name":"ℓ"},{"contents":[{"item":{"contents":"Set @0","tag":"Sort"},"name":"P"},{"contents":[{"item":{"contents":[{"Left":"Cubical.Dec"},[{"contents":[{"Right":1},[]],"tag":"App"},{"contents":[{"Right":0},[]],"tag":"App"}]],"tag":"App"},"name":"r"},{"contents":[{"Left":"Cubical.Reflects"},[{"contents":[{"Right":2},[]],"tag":"App"},{"contents":[{"Right":1},[]],"tag":"App"},{"contents":[{"Right":0},[{"contents":[{"Left":"Cubical.Dec.does"},[]],"tag":"App"}]],"tag":"App"}]],"tag":"App"}],"tag":"Pi"}],"tag":"Pi"}],"tag":"Pi"}}},"name":"Cubical.Dec.proof"},{"item":{"pretty":"{ℓ : Level} {P : Set ℓ} (does₁ : Bool)\n(proof₁ : Reflects P does₁) →\nDec P","thing":{"normalised":{"contents":[{"item":{"contents":[{"Left":"Agda.Primitive.Level"},[]],"tag":"App"},"name":"ℓ"},{"contents":[{"item":{"contents":"Set @0","tag":"Sort"},"name":"P"},{"contents":[{"item":{"contents":[{"Left":"Agda.Builtin.Bool.Bool"},[]],"tag":"App"},"name":"does"},{"contents":[{"item":{"contents":[{"Left":"Cubical.Reflects"},[{"contents":[{"Right":2},[]],"tag":"App"},{"contents":[{"Right":1},[]],"tag":"App"},{"contents":[{"Right":0},[]],"tag":"App"}]],"tag":"App"},"name":"proof"},{"contents":[{"Left":"Cubical.Dec"},[{"contents":[{"Right":3},[]],"tag":"App"},{"contents":[{"Right":2},[]],"tag":"App"}]],"tag":"App"}],"tag":"Pi"}],"tag":"Pi"}],"tag":"Pi"}],"tag":"Pi"},"original":{"contents":[{"item":{"contents":[{"Left":"Agda.Primitive.Level"},[]],"tag":"App"},"name":"ℓ"},{"contents":[{"item":{"contents":"Set @0","tag":"Sort"},"name":"P"},{"contents":[{"item":{"contents":[{"Left":"Agda.Builtin.Bool.Bool"},[]],"tag":"App"},"name":"does"},{"contents":[{"item":{"contents":[{"Left":"Cubical.Reflects"},[{"contents":[{"Right":2},[]],"tag":"App"},{"contents":[{"Right":1},[]],"tag":"App"},{"contents":[{"Right":0},[]],"tag":"App"}]],"tag":"App"},"name":"proof"},{"contents":[{"Left":"Cubical.Dec"},[{"contents":[{"Right":3},[]],"tag":"App"},{"contents":[{"Right":2},[]],"tag":"App"}]],"tag":"App"}],"tag":"Pi"}],"tag":"Pi"}],"tag":"Pi"}],"tag":"Pi"},"reduced":{"contents":[{"item":{"contents":[{"Left":"Agda.Primitive.Level"},[]],"tag":"App"},"name":"ℓ"},{"contents":[{"item":{"contents":"Set @0","tag":"Sort"},"name":"P"},{"contents":[{"item":{"contents":[{"Left":"Agda.Builtin.Bool.Bool"},[]],"tag":"App"},"name":"does"},{"contents":[{"item":{"contents":[{"Left":"Cubical.Reflects"},[{"contents":[{"Right":2},[]],"tag":"App"},{"contents":[{"Right":1},[]],"tag":"App"},{"contents":[{"Right":0},[]],"tag":"App"}]],"tag":"App"},"name":"proof"},{"contents":[{"Left":"Cubical.Dec"},[{"contents":[{"Right":3},[]],"tag":"App"},{"contents":[{"Right":2},[]],"tag":"App"}]],"tag":"App"}],"tag":"Pi"}],"tag":"Pi"}],"tag":"Pi"}],"tag":"Pi"},"simplified":{"contents":[{"item":{"contents":[{"Left":"Agda.Primitive.Level"},[]],"tag":"App"},"name":"ℓ"},{"contents":[{"item":{"contents":"Set @0","tag":"Sort"},"name":"P"},{"contents":[{"item":{"contents":[{"Left":"Agda.Builtin.Bool.Bool"},[]],"tag":"App"},"name":"does"},{"contents":[{"item":{"contents":[{"Left":"Cubical.Reflects"},[{"contents":[{"Right":2},[]],"tag":"App"},{"contents":[{"Right":1},[]],"tag":"App"},{"contents":[{"Right":0},[]],"tag":"App"}]],"tag":"App"},"name":"proof"},{"contents":[{"Left":"Cubical.Dec"},[{"contents":[{"Right":3},[]],"tag":"App"},{"contents":[{"Right":2},[]],"tag":"App"}]],"tag":"App"}],"tag":"Pi"}],"tag":"Pi"}],"tag":"Pi"}],"tag":"Pi"}}},"name":"Cubical._because_"},{"item":{"pretty":"{a : Level} {A : Set a} → Dec A → A → A","thing":{"normalised":{"contents":[{"item":{"contents":[{"Left":"Agda.Primitive.Level"},[]],"tag":"App"},"name":"a"},{"contents":[{"item":{"contents":"Set @0","tag":"Sort"},"name":"A"},{"contents":[{"item":{"contents":[{"Left":"Cubical.Dec"},[{"contents":[{"Right":1},[]],"tag":"App"},{"contents":[{"Right":0},[]],"tag":"App"}]],"tag":"App"},"name":"_"},{"contents":[{"item":{"contents":[{"Right":0},[]],"tag":"App"},"name":"_"},{"contents":[{"Right":0},[]],"tag":"App"}],"tag":"Pi"}],"tag":"Pi"}],"tag":"Pi"}],"tag":"Pi"},"original":{"contents":[{"item":{"contents":[{"Left":"Agda.Primitive.Level"},[]],"tag":"App"},"name":"a"},{"contents":[{"item":{"contents":"Set @0","tag":"Sort"},"name":"A"},{"contents":[{"item":{"contents":[{"Left":"Cubical.Dec"},[{"contents":[{"Right":1},[]],"tag":"App"},{"contents":[{"Right":0},[]],"tag":"App"}]],"tag":"App"},"name":"_"},{"contents":[{"item":{"contents":[{"Right":0},[]],"tag":"App"},"name":"_"},{"contents":[{"Right":0},[]],"tag":"App"}],"tag":"Pi"}],"tag":"Pi"}],"tag":"Pi"}],"tag":"Pi"},"reduced":{"contents":[{"item":{"contents":[{"Left":"Agda.Primitive.Level"},[]],"tag":"App"},"name":"a"},{"contents":[{"item":{"contents":"Set @0","tag":"Sort"},"name":"A"},{"contents":[{"item":{"contents":[{"Left":"Cubical.Dec"},[{"contents":[{"Right":1},[]],"tag":"App"},{"contents":[{"Right":0},[]],"tag":"App"}]],"tag":"App"},"name":"_"},{"contents":[{"item":{"contents":[{"Right":0},[]],"tag":"App"},"name":"_"},{"contents":[{"Right":0},[]],"tag":"App"}],"tag":"Pi"}],"tag":"Pi"}],"tag":"Pi"}],"tag":"Pi"},"simplified":{"contents":[{"item":{"contents":[{"Left":"Agda.Primitive.Level"},[]],"tag":"App"},"name":"a"},{"contents":[{"item":{"contents":"Set @0","tag":"Sort"},"name":"A"},{"contents":[{"item":{"contents":[{"Left":"Cubical.Dec"},[{"contents":[{"Right":1},[]],"tag":"App"},{"contents":[{"Right":0},[]],"tag":"App"}]],"tag":"App"},"name":"_"},{"contents":[{"item":{"contents":[{"Right":0},[]],"tag":"App"},"name":"_"},{"contents":[{"Right":0},[]],"tag":"App"}],"tag":"Pi"}],"tag":"Pi"}],"tag":"Pi"}],"tag":"Pi"}}},"name":"Cubical.recompute"}],"name":"Cubical"},"samples":[{"ctx":{"pretty":"{ℓ : Level} (P : Set ℓ)","thing":[{"item":{"contents":[{"Left":"Agda.Primitive.Level"},[]],"tag":"App"},"name":"ℓ"},{"item":{"contents":"Set @0","tag":"Sort"},"name":"P"}]},"goal":{"pretty":"Set ℓ","thing":{"normalised":{"contents":"Set @1","tag":"Sort"},"original":{"contents":"Set @1","tag":"Sort"},"reduced":{"contents":"Set @1","tag":"Sort"},"simplified":{"contents":"Set @1","tag":"Sort"}}},"term":{"pretty":"P → ⊥","thing":{"normalised":{"contents":[{"item":{"contents":[{"Right":0},[]],"tag":"App"},"name":"_"},{"contents":[{"Left":"Data.Empty.⊥"},[]],"tag":"App"}],"tag":"Pi"},"original":{"contents":[{"item":{"contents":[{"Right":0},[]],"tag":"App"},"name":"_"},{"contents":[{"Left":"Data.Empty.⊥"},[]],"tag":"App"}],"tag":"Pi"},"reduced":{"contents":[{"item":{"contents":[{"Right":0},[]],"tag":"App"},"name":"_"},{"contents":[{"Left":"Data.Empty.⊥"},[]],"tag":"App"}],"tag":"Pi"},"simplified":{"contents":[{"item":{"contents":[{"Right":0},[]],"tag":"App"},"name":"_"},{"contents":[{"Left":"Data.Empty.⊥"},[]],"tag":"App"}],"tag":"Pi"}}},"namesUsed":["Data.Empty.⊥"]},{"ctx":{"pretty":"{ℓ = ℓ₁ : Level} (P₁ : Set ℓ₁)","thing":[{"item":{"contents":[{"Left":"Agda.Primitive.Level"},[]],"tag":"App"},"name":"ℓ"},{"item":{"contents":"Set @0","tag":"Sort"},"name":"P"}]},"goal":{"pretty":"Set","thing":{"normalised":{"contents":"Set","tag":"Sort"},"original":{"contents":"Set","tag":"Sort"},"reduced":{"contents":"Set","tag":"Sort"},"simplified":{"contents":"Set","tag":"Sort"}}},"term":{"pretty":"⊥","thing":{"normalised":{"contents":[{"Left":"Data.Empty.⊥"},[]],"tag":"App"},"original":{"contents":[{"Left":"Data.Empty.⊥"},[]],"tag":"App"},"reduced":{"contents":[{"Left":"Data.Empty.⊥"},[]],"tag":"App"},"simplified":{"contents":[{"Left":"Data.Empty.⊥"},[]],"tag":"App"}}},"namesUsed":["Data.Empty.⊥"]}]}