{"scope":{"item":[{"item":{"pretty":"Set","thing":{"normalised":{"contents":"Set","tag":"Sort"},"original":{"contents":"Set","tag":"Sort"},"reduced":{"contents":"Set","tag":"Sort"},"simplified":{"contents":"Set","tag":"Sort"}}},"name":"Data.Empty.⊥"},{"item":{"pretty":"{w : Agda.Primitive.Level} {Whatever : Set w} → ⊥ → Whatever","thing":{"normalised":{"contents":[{"item":{"contents":[{"Left":"Agda.Primitive.Level"},[]],"tag":"App"},"name":"w"},{"contents":[{"item":{"contents":"Set @0","tag":"Sort"},"name":"Whatever"},{"contents":[{"item":{"contents":[{"Left":"Data.Empty.⊥"},[]],"tag":"App"},"name":"_"},{"contents":[{"Right":0},[]],"tag":"App"}],"tag":"Pi"}],"tag":"Pi"}],"tag":"Pi"},"original":{"contents":[{"item":{"contents":[{"Left":"Agda.Primitive.Level"},[]],"tag":"App"},"name":"w"},{"contents":[{"item":{"contents":"Set @0","tag":"Sort"},"name":"Whatever"},{"contents":[{"item":{"contents":[{"Left":"Data.Empty.⊥"},[]],"tag":"App"},"name":"_"},{"contents":[{"Right":0},[]],"tag":"App"}],"tag":"Pi"}],"tag":"Pi"}],"tag":"Pi"},"reduced":{"contents":[{"item":{"contents":[{"Left":"Agda.Primitive.Level"},[]],"tag":"App"},"name":"w"},{"contents":[{"item":{"contents":"Set @0","tag":"Sort"},"name":"Whatever"},{"contents":[{"item":{"contents":[{"Left":"Data.Empty.⊥"},[]],"tag":"App"},"name":"_"},{"contents":[{"Right":0},[]],"tag":"App"}],"tag":"Pi"}],"tag":"Pi"}],"tag":"Pi"},"simplified":{"contents":[{"item":{"contents":[{"Left":"Agda.Primitive.Level"},[]],"tag":"App"},"name":"w"},{"contents":[{"item":{"contents":"Set @0","tag":"Sort"},"name":"Whatever"},{"contents":[{"item":{"contents":[{"Left":"Data.Empty.⊥"},[]],"tag":"App"},"name":"_"},{"contents":[{"Right":0},[]],"tag":"App"}],"tag":"Pi"}],"tag":"Pi"}],"tag":"Pi"}}},"name":"Data.Empty.⊥-elim"}],"name":"Data.Empty"},"samples":[]}