{"scope":{"item":[{"item":{"pretty":"Set","thing":{"normalised":{"contents":"Set","tag":"Sort"},"original":{"contents":"Set","tag":"Sort"},"reduced":{"contents":"Set","tag":"Sort"},"simplified":{"contents":"Set","tag":"Sort"}}},"name":"DecStrictPartialOrder.A"},{"item":{"pretty":"A","thing":{"normalised":{"contents":[{"Left":"DecStrictPartialOrder.A"},[]],"tag":"App"},"original":{"contents":[{"Left":"DecStrictPartialOrder.A"},[]],"tag":"App"},"reduced":{"contents":[{"Left":"DecStrictPartialOrder.A"},[]],"tag":"App"},"simplified":{"contents":[{"Left":"DecStrictPartialOrder.A"},[]],"tag":"App"}}},"name":"DecStrictPartialOrder.a0"},{"item":{"pretty":"Set","thing":{"normalised":{"contents":"Set","tag":"Sort"},"original":{"contents":"Set","tag":"Sort"},"reduced":{"contents":"Set","tag":"Sort"},"simplified":{"contents":"Set","tag":"Sort"}}},"name":"DecStrictPartialOrder.X"},{"item":{"pretty":"(a : A) → Set","thing":{"normalised":{"contents":[{"item":{"contents":[{"Left":"DecStrictPartialOrder.A"},[]],"tag":"App"},"name":"a"},{"contents":"Set","tag":"Sort"}],"tag":"Pi"},"original":{"contents":[{"item":{"contents":[{"Left":"DecStrictPartialOrder.A"},[]],"tag":"App"},"name":"a"},{"contents":"Set","tag":"Sort"}],"tag":"Pi"},"reduced":{"contents":[{"item":{"contents":[{"Left":"DecStrictPartialOrder.A"},[]],"tag":"App"},"name":"a"},{"contents":"Set","tag":"Sort"}],"tag":"Pi"},"simplified":{"contents":[{"item":{"contents":[{"Left":"DecStrictPartialOrder.A"},[]],"tag":"App"},"name":"a"},{"contents":"Set","tag":"Sort"}],"tag":"Pi"}}},"name":"DecStrictPartialOrder.Y"},{"item":{"pretty":"Set","thing":{"normalised":{"contents":"Set","tag":"Sort"},"original":{"contents":"Set","tag":"Sort"},"reduced":{"contents":"Set","tag":"Sort"},"simplified":{"contents":"Set","tag":"Sort"}}},"name":"DecStrictPartialOrder.Z"}],"name":"DecStrictPartialOrder"},"samples":[]}