{"scope":{"item":[{"item":{"pretty":"Set","thing":{"normalised":{"contents":"Set","tag":"Sort"},"original":{"contents":"Set","tag":"Sort"},"reduced":{"contents":"Set","tag":"Sort"},"simplified":{"contents":"Set","tag":"Sort"}}},"name":"EqReasoning.B"},{"item":{"pretty":"B → Set","thing":{"normalised":{"contents":[{"item":{"contents":[{"Left":"EqReasoning.B"},[]],"tag":"App"},"name":"_"},{"contents":"Set","tag":"Sort"}],"tag":"Pi"},"original":{"contents":[{"item":{"contents":[{"Left":"EqReasoning.B"},[]],"tag":"App"},"name":"_"},{"contents":"Set","tag":"Sort"}],"tag":"Pi"},"reduced":{"contents":[{"item":{"contents":[{"Left":"EqReasoning.B"},[]],"tag":"App"},"name":"_"},{"contents":"Set","tag":"Sort"}],"tag":"Pi"},"simplified":{"contents":[{"item":{"contents":[{"Left":"EqReasoning.B"},[]],"tag":"App"},"name":"_"},{"contents":"Set","tag":"Sort"}],"tag":"Pi"}}},"name":"EqReasoning._.P"},{"item":{"pretty":"(x : B) → P x → P x","thing":{"normalised":{"contents":[{"item":{"contents":[{"Left":"EqReasoning.B"},[]],"tag":"App"},"name":"x"},{"contents":[{"item":{"contents":[{"Left":"EqReasoning.EqReasoning0.P"},[{"contents":[{"Left":"EqReasoning.B"},[]],"tag":"App"},{"contents":[{"Right":0},[]],"tag":"App"}]],"tag":"App"},"name":"_"},{"contents":[{"Left":"EqReasoning.EqReasoning0.P"},[{"contents":[{"Left":"EqReasoning.B"},[]],"tag":"App"},{"contents":[{"Right":0},[]],"tag":"App"}]],"tag":"App"}],"tag":"Pi"}],"tag":"Pi"},"original":{"contents":[{"item":{"contents":[{"Left":"EqReasoning.B"},[]],"tag":"App"},"name":"x"},{"contents":[{"item":{"contents":[{"Left":"EqReasoning.EqReasoning0.P"},[{"contents":[{"Left":"EqReasoning.B"},[]],"tag":"App"},{"contents":[{"Right":0},[]],"tag":"App"}]],"tag":"App"},"name":"_"},{"contents":[{"Left":"EqReasoning.EqReasoning0.P"},[{"contents":[{"Left":"EqReasoning.B"},[]],"tag":"App"},{"contents":[{"Right":0},[]],"tag":"App"}]],"tag":"App"}],"tag":"Pi"}],"tag":"Pi"},"reduced":{"contents":[{"item":{"contents":[{"Left":"EqReasoning.B"},[]],"tag":"App"},"name":"x"},{"contents":[{"item":{"contents":[{"Left":"EqReasoning.EqReasoning0.P"},[{"contents":[{"Left":"EqReasoning.B"},[]],"tag":"App"},{"contents":[{"Right":0},[]],"tag":"App"}]],"tag":"App"},"name":"_"},{"contents":[{"Left":"EqReasoning.EqReasoning0.P"},[{"contents":[{"Left":"EqReasoning.B"},[]],"tag":"App"},{"contents":[{"Right":0},[]],"tag":"App"}]],"tag":"App"}],"tag":"Pi"}],"tag":"Pi"},"simplified":{"contents":[{"item":{"contents":[{"Left":"EqReasoning.B"},[]],"tag":"App"},"name":"x"},{"contents":[{"item":{"contents":[{"Left":"EqReasoning.EqReasoning0.P"},[{"contents":[{"Left":"EqReasoning.B"},[]],"tag":"App"},{"contents":[{"Right":0},[]],"tag":"App"}]],"tag":"App"},"name":"_"},{"contents":[{"Left":"EqReasoning.EqReasoning0.P"},[{"contents":[{"Left":"EqReasoning.B"},[]],"tag":"App"},{"contents":[{"Right":0},[]],"tag":"App"}]],"tag":"App"}],"tag":"Pi"}],"tag":"Pi"}}},"name":"EqReasoning._.id"},{"item":{"pretty":"Set","thing":{"normalised":{"contents":"Set","tag":"Sort"},"original":{"contents":"Set","tag":"Sort"},"reduced":{"contents":"Set","tag":"Sort"},"simplified":{"contents":"Set","tag":"Sort"}}},"name":"EqReasoning.C"},{"item":{"pretty":"C → Set","thing":{"normalised":{"contents":[{"item":{"contents":[{"Left":"EqReasoning.C"},[]],"tag":"App"},"name":"_"},{"contents":"Set","tag":"Sort"}],"tag":"Pi"},"original":{"contents":[{"item":{"contents":[{"Left":"EqReasoning.C"},[]],"tag":"App"},"name":"_"},{"contents":"Set","tag":"Sort"}],"tag":"Pi"},"reduced":{"contents":[{"item":{"contents":[{"Left":"EqReasoning.C"},[]],"tag":"App"},"name":"_"},{"contents":"Set","tag":"Sort"}],"tag":"Pi"},"simplified":{"contents":[{"item":{"contents":[{"Left":"EqReasoning.C"},[]],"tag":"App"},"name":"_"},{"contents":"Set","tag":"Sort"}],"tag":"Pi"}}},"name":"EqReasoning._.P"},{"item":{"pretty":"(x : C) → P′ x → P′ x","thing":{"normalised":{"contents":[{"item":{"contents":[{"Left":"EqReasoning.C"},[]],"tag":"App"},"name":"x"},{"contents":[{"item":{"contents":[{"Left":"EqReasoning.EqReasoning0.P"},[{"contents":[{"Left":"EqReasoning.C"},[]],"tag":"App"},{"contents":[{"Right":0},[]],"tag":"App"}]],"tag":"App"},"name":"_"},{"contents":[{"Left":"EqReasoning.EqReasoning0.P"},[{"contents":[{"Left":"EqReasoning.C"},[]],"tag":"App"},{"contents":[{"Right":0},[]],"tag":"App"}]],"tag":"App"}],"tag":"Pi"}],"tag":"Pi"},"original":{"contents":[{"item":{"contents":[{"Left":"EqReasoning.C"},[]],"tag":"App"},"name":"x"},{"contents":[{"item":{"contents":[{"Left":"EqReasoning.EqReasoning0.P"},[{"contents":[{"Left":"EqReasoning.C"},[]],"tag":"App"},{"contents":[{"Right":0},[]],"tag":"App"}]],"tag":"App"},"name":"_"},{"contents":[{"Left":"EqReasoning.EqReasoning0.P"},[{"contents":[{"Left":"EqReasoning.C"},[]],"tag":"App"},{"contents":[{"Right":0},[]],"tag":"App"}]],"tag":"App"}],"tag":"Pi"}],"tag":"Pi"},"reduced":{"contents":[{"item":{"contents":[{"Left":"EqReasoning.C"},[]],"tag":"App"},"name":"x"},{"contents":[{"item":{"contents":[{"Left":"EqReasoning.EqReasoning0.P"},[{"contents":[{"Left":"EqReasoning.C"},[]],"tag":"App"},{"contents":[{"Right":0},[]],"tag":"App"}]],"tag":"App"},"name":"_"},{"contents":[{"Left":"EqReasoning.EqReasoning0.P"},[{"contents":[{"Left":"EqReasoning.C"},[]],"tag":"App"},{"contents":[{"Right":0},[]],"tag":"App"}]],"tag":"App"}],"tag":"Pi"}],"tag":"Pi"},"simplified":{"contents":[{"item":{"contents":[{"Left":"EqReasoning.C"},[]],"tag":"App"},"name":"x"},{"contents":[{"item":{"contents":[{"Left":"EqReasoning.EqReasoning0.P"},[{"contents":[{"Left":"EqReasoning.C"},[]],"tag":"App"},{"contents":[{"Right":0},[]],"tag":"App"}]],"tag":"App"},"name":"_"},{"contents":[{"Left":"EqReasoning.EqReasoning0.P"},[{"contents":[{"Left":"EqReasoning.C"},[]],"tag":"App"},{"contents":[{"Right":0},[]],"tag":"App"}]],"tag":"App"}],"tag":"Pi"}],"tag":"Pi"}}},"name":"EqReasoning._.id"}],"name":"EqReasoning"},"samples":[{"ctx":{"pretty":"","thing":[]},"goal":{"pretty":"Set","thing":{"normalised":{"contents":"Set","tag":"Sort"},"original":{"contents":"Set","tag":"Sort"},"reduced":{"contents":"Set","tag":"Sort"},"simplified":{"contents":"Set","tag":"Sort"}}},"term":{"pretty":"B","thing":{"normalised":{"contents":[{"Left":"EqReasoning.B"},[]],"tag":"App"},"original":{"contents":[{"Left":"EqReasoning.B"},[]],"tag":"App"},"reduced":{"contents":[{"Left":"EqReasoning.B"},[]],"tag":"App"},"simplified":{"contents":[{"Left":"EqReasoning.B"},[]],"tag":"App"}}},"namesUsed":["EqReasoning.B"]},{"ctx":{"pretty":"","thing":[]},"goal":{"pretty":"Set","thing":{"normalised":{"contents":"Set","tag":"Sort"},"original":{"contents":"Set","tag":"Sort"},"reduced":{"contents":"Set","tag":"Sort"},"simplified":{"contents":"Set","tag":"Sort"}}},"term":{"pretty":"C","thing":{"normalised":{"contents":[{"Left":"EqReasoning.C"},[]],"tag":"App"},"original":{"contents":[{"Left":"EqReasoning.C"},[]],"tag":"App"},"reduced":{"contents":[{"Left":"EqReasoning.C"},[]],"tag":"App"},"simplified":{"contents":[{"Left":"EqReasoning.C"},[]],"tag":"App"}}},"namesUsed":["EqReasoning.C"]}]}