{"scope":{"item":[{"item":{"pretty":"Set","thing":{"normalised":{"contents":"Set","tag":"Sort"},"original":{"contents":"Set","tag":"Sort"},"reduced":{"contents":"Set","tag":"Sort"},"simplified":{"contents":"Set","tag":"Sort"}}},"name":"FunNary.ℕ"},{"item":{"pretty":"ℕ","thing":{"normalised":{"contents":[{"Left":"FunNary.ℕ"},[]],"tag":"App"},"original":{"contents":[{"Left":"FunNary.ℕ"},[]],"tag":"App"},"reduced":{"contents":[{"Left":"FunNary.ℕ"},[]],"tag":"App"},"simplified":{"contents":[{"Left":"FunNary.ℕ"},[]],"tag":"App"}}},"name":"FunNary.ℕ.zero"},{"item":{"pretty":"ℕ → ℕ","thing":{"normalised":{"contents":[{"item":{"contents":[{"Left":"FunNary.ℕ"},[]],"tag":"App"},"name":"_"},{"contents":[{"Left":"FunNary.ℕ"},[]],"tag":"App"}],"tag":"Pi"},"original":{"contents":[{"item":{"contents":[{"Left":"FunNary.ℕ"},[]],"tag":"App"},"name":"_"},{"contents":[{"Left":"FunNary.ℕ"},[]],"tag":"App"}],"tag":"Pi"},"reduced":{"contents":[{"item":{"contents":[{"Left":"FunNary.ℕ"},[]],"tag":"App"},"name":"_"},{"contents":[{"Left":"FunNary.ℕ"},[]],"tag":"App"}],"tag":"Pi"},"simplified":{"contents":[{"item":{"contents":[{"Left":"FunNary.ℕ"},[]],"tag":"App"},"name":"_"},{"contents":[{"Left":"FunNary.ℕ"},[]],"tag":"App"}],"tag":"Pi"}}},"name":"FunNary.ℕ.suc"},{"item":{"pretty":"Set","thing":{"normalised":{"contents":"Set","tag":"Sort"},"original":{"contents":"Set","tag":"Sort"},"reduced":{"contents":"Set","tag":"Sort"},"simplified":{"contents":"Set","tag":"Sort"}}},"name":"Agda.Primitive.Level"},{"item":{"pretty":"{a b : Level} (A : Set a) (B : Set b) → Set (a ⊔ b)","thing":{"normalised":{"contents":[{"item":{"contents":[{"Left":"Agda.Primitive.Level"},[]],"tag":"App"},"name":"a"},{"contents":[{"item":{"contents":[{"Left":"Agda.Primitive.Level"},[]],"tag":"App"},"name":"b"},{"contents":[{"item":{"contents":"Set @1","tag":"Sort"},"name":"A"},{"contents":[{"item":{"contents":"Set @1","tag":"Sort"},"name":"B"},{"contents":"Set (lub @3 @2)","tag":"Sort"}],"tag":"Pi"}],"tag":"Pi"}],"tag":"Pi"}],"tag":"Pi"},"original":{"contents":[{"item":{"contents":[{"Left":"Agda.Primitive.Level"},[]],"tag":"App"},"name":"a"},{"contents":[{"item":{"contents":[{"Left":"Agda.Primitive.Level"},[]],"tag":"App"},"name":"b"},{"contents":[{"item":{"contents":"Set @1","tag":"Sort"},"name":"A"},{"contents":[{"item":{"contents":"Set @1","tag":"Sort"},"name":"B"},{"contents":"Set (lub @3 @2)","tag":"Sort"}],"tag":"Pi"}],"tag":"Pi"}],"tag":"Pi"}],"tag":"Pi"},"reduced":{"contents":[{"item":{"contents":[{"Left":"Agda.Primitive.Level"},[]],"tag":"App"},"name":"a"},{"contents":[{"item":{"contents":[{"Left":"Agda.Primitive.Level"},[]],"tag":"App"},"name":"b"},{"contents":[{"item":{"contents":"Set @1","tag":"Sort"},"name":"A"},{"contents":[{"item":{"contents":"Set @1","tag":"Sort"},"name":"B"},{"contents":"Set (lub @3 @2)","tag":"Sort"}],"tag":"Pi"}],"tag":"Pi"}],"tag":"Pi"}],"tag":"Pi"},"simplified":{"contents":[{"item":{"contents":[{"Left":"Agda.Primitive.Level"},[]],"tag":"App"},"name":"a"},{"contents":[{"item":{"contents":[{"Left":"Agda.Primitive.Level"},[]],"tag":"App"},"name":"b"},{"contents":[{"item":{"contents":"Set @1","tag":"Sort"},"name":"A"},{"contents":[{"item":{"contents":"Set @1","tag":"Sort"},"name":"B"},{"contents":"Set (lub @3 @2)","tag":"Sort"}],"tag":"Pi"}],"tag":"Pi"}],"tag":"Pi"}],"tag":"Pi"}}},"name":"FunNary._×_"},{"item":{"pretty":"Level","thing":{"normalised":{"contents":[{"Left":"Agda.Primitive.Level"},[]],"tag":"App"},"original":{"contents":[{"Left":"Agda.Primitive.Level"},[]],"tag":"App"},"reduced":{"contents":[{"Left":"Agda.Primitive.Level"},[]],"tag":"App"},"simplified":{"contents":[{"Left":"Agda.Primitive.Level"},[]],"tag":"App"}}},"name":"Level.0ℓ"},{"item":{"pretty":"Level → Level → Level","thing":{"normalised":{"contents":[{"item":{"contents":[{"Left":"Agda.Primitive.Level"},[]],"tag":"App"},"name":"ℓ₁"},{"contents":[{"item":{"contents":[{"Left":"Agda.Primitive.Level"},[]],"tag":"App"},"name":"ℓ₂"},{"contents":[{"Left":"Agda.Primitive.Level"},[]],"tag":"App"}],"tag":"Pi"}],"tag":"Pi"},"original":{"contents":[{"item":{"contents":[{"Left":"Agda.Primitive.Level"},[]],"tag":"App"},"name":"ℓ₁"},{"contents":[{"item":{"contents":[{"Left":"Agda.Primitive.Level"},[]],"tag":"App"},"name":"ℓ₂"},{"contents":[{"Left":"Agda.Primitive.Level"},[]],"tag":"App"}],"tag":"Pi"}],"tag":"Pi"},"reduced":{"contents":[{"item":{"contents":[{"Left":"Agda.Primitive.Level"},[]],"tag":"App"},"name":"ℓ₁"},{"contents":[{"item":{"contents":[{"Left":"Agda.Primitive.Level"},[]],"tag":"App"},"name":"ℓ₂"},{"contents":[{"Left":"Agda.Primitive.Level"},[]],"tag":"App"}],"tag":"Pi"}],"tag":"Pi"},"simplified":{"contents":[{"item":{"contents":[{"Left":"Agda.Primitive.Level"},[]],"tag":"App"},"name":"ℓ₁"},{"contents":[{"item":{"contents":[{"Left":"Agda.Primitive.Level"},[]],"tag":"App"},"name":"ℓ₂"},{"contents":[{"Left":"Agda.Primitive.Level"},[]],"tag":"App"}],"tag":"Pi"}],"tag":"Pi"}}},"name":"Agda.Primitive._⊔_"},{"item":{"pretty":"{a b : Level} {A : Set a} {B : Set b} (fst : A) (snd : B) → A × B","thing":{"normalised":{"contents":[{"item":{"contents":[{"Left":"Agda.Primitive.Level"},[]],"tag":"App"},"name":"a"},{"contents":[{"item":{"contents":[{"Left":"Agda.Primitive.Level"},[]],"tag":"App"},"name":"b"},{"contents":[{"item":{"contents":"Set @1","tag":"Sort"},"name":"A"},{"contents":[{"item":{"contents":"Set @1","tag":"Sort"},"name":"B"},{"contents":[{"item":{"contents":[{"Right":1},[]],"tag":"App"},"name":"fst"},{"contents":[{"item":{"contents":[{"Right":1},[]],"tag":"App"},"name":"snd"},{"contents":[{"Left":"FunNary._×_"},[{"contents":[{"Right":5},[]],"tag":"App"},{"contents":[{"Right":4},[]],"tag":"App"},{"contents":[{"Right":3},[]],"tag":"App"},{"contents":[{"Right":2},[]],"tag":"App"}]],"tag":"App"}],"tag":"Pi"}],"tag":"Pi"}],"tag":"Pi"}],"tag":"Pi"}],"tag":"Pi"}],"tag":"Pi"},"original":{"contents":[{"item":{"contents":[{"Left":"Agda.Primitive.Level"},[]],"tag":"App"},"name":"a"},{"contents":[{"item":{"contents":[{"Left":"Agda.Primitive.Level"},[]],"tag":"App"},"name":"b"},{"contents":[{"item":{"contents":"Set @1","tag":"Sort"},"name":"A"},{"contents":[{"item":{"contents":"Set @1","tag":"Sort"},"name":"B"},{"contents":[{"item":{"contents":[{"Right":1},[]],"tag":"App"},"name":"fst"},{"contents":[{"item":{"contents":[{"Right":1},[]],"tag":"App"},"name":"snd"},{"contents":[{"Left":"FunNary._×_"},[{"contents":[{"Right":5},[]],"tag":"App"},{"contents":[{"Right":4},[]],"tag":"App"},{"contents":[{"Right":3},[]],"tag":"App"},{"contents":[{"Right":2},[]],"tag":"App"}]],"tag":"App"}],"tag":"Pi"}],"tag":"Pi"}],"tag":"Pi"}],"tag":"Pi"}],"tag":"Pi"}],"tag":"Pi"},"reduced":{"contents":[{"item":{"contents":[{"Left":"Agda.Primitive.Level"},[]],"tag":"App"},"name":"a"},{"contents":[{"item":{"contents":[{"Left":"Agda.Primitive.Level"},[]],"tag":"App"},"name":"b"},{"contents":[{"item":{"contents":"Set @1","tag":"Sort"},"name":"A"},{"contents":[{"item":{"contents":"Set @1","tag":"Sort"},"name":"B"},{"contents":[{"item":{"contents":[{"Right":1},[]],"tag":"App"},"name":"fst"},{"contents":[{"item":{"contents":[{"Right":1},[]],"tag":"App"},"name":"snd"},{"contents":[{"Left":"FunNary._×_"},[{"contents":[{"Right":5},[]],"tag":"App"},{"contents":[{"Right":4},[]],"tag":"App"},{"contents":[{"Right":3},[]],"tag":"App"},{"contents":[{"Right":2},[]],"tag":"App"}]],"tag":"App"}],"tag":"Pi"}],"tag":"Pi"}],"tag":"Pi"}],"tag":"Pi"}],"tag":"Pi"}],"tag":"Pi"},"simplified":{"contents":[{"item":{"contents":[{"Left":"Agda.Primitive.Level"},[]],"tag":"App"},"name":"a"},{"contents":[{"item":{"contents":[{"Left":"Agda.Primitive.Level"},[]],"tag":"App"},"name":"b"},{"contents":[{"item":{"contents":"Set @1","tag":"Sort"},"name":"A"},{"contents":[{"item":{"contents":"Set @1","tag":"Sort"},"name":"B"},{"contents":[{"item":{"contents":[{"Right":1},[]],"tag":"App"},"name":"fst"},{"contents":[{"item":{"contents":[{"Right":1},[]],"tag":"App"},"name":"snd"},{"contents":[{"Left":"FunNary._×_"},[{"contents":[{"Right":5},[]],"tag":"App"},{"contents":[{"Right":4},[]],"tag":"App"},{"contents":[{"Right":3},[]],"tag":"App"},{"contents":[{"Right":2},[]],"tag":"App"}]],"tag":"App"}],"tag":"Pi"}],"tag":"Pi"}],"tag":"Pi"}],"tag":"Pi"}],"tag":"Pi"}],"tag":"Pi"}}},"name":"FunNary._,_"},{"item":{"pretty":"{a : Level} → Set a","thing":{"normalised":{"contents":[{"item":{"contents":[{"Left":"Agda.Primitive.Level"},[]],"tag":"App"},"name":"a"},{"contents":"Set @0","tag":"Sort"}],"tag":"Pi"},"original":{"contents":[{"item":{"contents":[{"Left":"Agda.Primitive.Level"},[]],"tag":"App"},"name":"a"},{"contents":"Set @0","tag":"Sort"}],"tag":"Pi"},"reduced":{"contents":[{"item":{"contents":[{"Left":"Agda.Primitive.Level"},[]],"tag":"App"},"name":"a"},{"contents":"Set @0","tag":"Sort"}],"tag":"Pi"},"simplified":{"contents":[{"item":{"contents":[{"Left":"Agda.Primitive.Level"},[]],"tag":"App"},"name":"a"},{"contents":"Set @0","tag":"Sort"}],"tag":"Pi"}}},"name":"FunNary.⊤"},{"item":{"pretty":"{a : Level} → ⊤","thing":{"normalised":{"contents":[{"item":{"contents":[{"Left":"Agda.Primitive.Level"},[]],"tag":"App"},"name":"a"},{"contents":[{"Left":"FunNary.⊤"},[{"contents":[{"Right":0},[]],"tag":"App"}]],"tag":"App"}],"tag":"Pi"},"original":{"contents":[{"item":{"contents":[{"Left":"Agda.Primitive.Level"},[]],"tag":"App"},"name":"a"},{"contents":[{"Left":"FunNary.⊤"},[{"contents":[{"Right":0},[]],"tag":"App"}]],"tag":"App"}],"tag":"Pi"},"reduced":{"contents":[{"item":{"contents":[{"Left":"Agda.Primitive.Level"},[]],"tag":"App"},"name":"a"},{"contents":[{"Left":"FunNary.⊤"},[{"contents":[{"Right":0},[]],"tag":"App"}]],"tag":"App"}],"tag":"Pi"},"simplified":{"contents":[{"item":{"contents":[{"Left":"Agda.Primitive.Level"},[]],"tag":"App"},"name":"a"},{"contents":[{"Left":"FunNary.⊤"},[{"contents":[{"Right":0},[]],"tag":"App"}]],"tag":"App"}],"tag":"Pi"}}},"name":"FunNary.⊤.tt"},{"item":{"pretty":"ℕ → Set","thing":{"normalised":{"contents":[{"item":{"contents":[{"Left":"FunNary.ℕ"},[]],"tag":"App"},"name":"_"},{"contents":"Set","tag":"Sort"}],"tag":"Pi"},"original":{"contents":[{"item":{"contents":[{"Left":"FunNary.ℕ"},[]],"tag":"App"},"name":"_"},{"contents":"Set","tag":"Sort"}],"tag":"Pi"},"reduced":{"contents":[{"item":{"contents":[{"Left":"FunNary.ℕ"},[]],"tag":"App"},"name":"_"},{"contents":"Set","tag":"Sort"}],"tag":"Pi"},"simplified":{"contents":[{"item":{"contents":[{"Left":"FunNary.ℕ"},[]],"tag":"App"},"name":"_"},{"contents":"Set","tag":"Sort"}],"tag":"Pi"}}},"name":"FunNary.Levels"},{"item":{"pretty":"(n : ℕ) → Levels n → Level","thing":{"normalised":{"contents":[{"item":{"contents":[{"Left":"FunNary.ℕ"},[]],"tag":"App"},"name":"n"},{"contents":[{"item":{"contents":[{"Left":"FunNary.Levels"},[{"contents":[{"Right":0},[]],"tag":"App"}]],"tag":"App"},"name":"_"},{"contents":[{"Left":"Agda.Primitive.Level"},[]],"tag":"App"}],"tag":"Pi"}],"tag":"Pi"},"original":{"contents":[{"item":{"contents":[{"Left":"FunNary.ℕ"},[]],"tag":"App"},"name":"n"},{"contents":[{"item":{"contents":[{"Left":"FunNary.Levels"},[{"contents":[{"Right":0},[]],"tag":"App"}]],"tag":"App"},"name":"_"},{"contents":[{"Left":"Agda.Primitive.Level"},[]],"tag":"App"}],"tag":"Pi"}],"tag":"Pi"},"reduced":{"contents":[{"item":{"contents":[{"Left":"FunNary.ℕ"},[]],"tag":"App"},"name":"n"},{"contents":[{"item":{"contents":[{"Left":"FunNary.Levels"},[{"contents":[{"Right":0},[]],"tag":"App"}]],"tag":"App"},"name":"_"},{"contents":[{"Left":"Agda.Primitive.Level"},[]],"tag":"App"}],"tag":"Pi"}],"tag":"Pi"},"simplified":{"contents":[{"item":{"contents":[{"Left":"FunNary.ℕ"},[]],"tag":"App"},"name":"n"},{"contents":[{"item":{"contents":[{"Left":"FunNary.Levels"},[{"contents":[{"Right":0},[]],"tag":"App"}]],"tag":"App"},"name":"_"},{"contents":[{"Left":"Agda.Primitive.Level"},[]],"tag":"App"}],"tag":"Pi"}],"tag":"Pi"}}},"name":"FunNary.⨆"},{"item":{"pretty":"(n : ℕ) (ls : Levels n) → Set (Level.suc (⨆ n ls))","thing":{"normalised":{"contents":[{"item":{"contents":[{"Left":"FunNary.ℕ"},[]],"tag":"App"},"name":"n"},{"contents":[{"item":{"contents":[{"Left":"FunNary.Levels"},[{"contents":[{"Right":0},[]],"tag":"App"}]],"tag":"App"},"name":"ls"},{"contents":"Set (lsuc (FunNary.⨆ @1 @0))","tag":"Sort"}],"tag":"Pi"}],"tag":"Pi"},"original":{"contents":[{"item":{"contents":[{"Left":"FunNary.ℕ"},[]],"tag":"App"},"name":"n"},{"contents":[{"item":{"contents":[{"Left":"FunNary.Levels"},[{"contents":[{"Right":0},[]],"tag":"App"}]],"tag":"App"},"name":"ls"},{"contents":"Set (lsuc (FunNary.⨆ @1 @0))","tag":"Sort"}],"tag":"Pi"}],"tag":"Pi"},"reduced":{"contents":[{"item":{"contents":[{"Left":"FunNary.ℕ"},[]],"tag":"App"},"name":"n"},{"contents":[{"item":{"contents":[{"Left":"FunNary.Levels"},[{"contents":[{"Right":0},[]],"tag":"App"}]],"tag":"App"},"name":"ls"},{"contents":"Set (lsuc (FunNary.⨆ @1 @0))","tag":"Sort"}],"tag":"Pi"}],"tag":"Pi"},"simplified":{"contents":[{"item":{"contents":[{"Left":"FunNary.ℕ"},[]],"tag":"App"},"name":"n"},{"contents":[{"item":{"contents":[{"Left":"FunNary.Levels"},[{"contents":[{"Right":0},[]],"tag":"App"}]],"tag":"App"},"name":"ls"},{"contents":"Set (lsuc (FunNary.⨆ @1 @0))","tag":"Sort"}],"tag":"Pi"}],"tag":"Pi"}}},"name":"FunNary.Sets"},{"item":{"pretty":"({l : Level} → Set l → Set l) →\n{n : ℕ} {ls : Levels n} → Sets n ls → Sets n ls","thing":{"normalised":{"contents":[{"item":{"contents":[{"item":{"contents":[{"Left":"Agda.Primitive.Level"},[]],"tag":"App"},"name":"l"},{"contents":[{"item":{"contents":"Set @0","tag":"Sort"},"name":"_"},{"contents":"Set @0","tag":"Sort"}],"tag":"Pi"}],"tag":"Pi"},"name":"_"},{"contents":[{"item":{"contents":[{"Left":"FunNary.ℕ"},[]],"tag":"App"},"name":"n"},{"contents":[{"item":{"contents":[{"Left":"FunNary.Levels"},[{"contents":[{"Right":0},[]],"tag":"App"}]],"tag":"App"},"name":"ls"},{"contents":[{"item":{"contents":[{"Left":"FunNary.Sets"},[{"contents":[{"Right":1},[]],"tag":"App"},{"contents":[{"Right":0},[]],"tag":"App"}]],"tag":"App"},"name":"_"},{"contents":[{"Left":"FunNary.Sets"},[{"contents":[{"Right":1},[]],"tag":"App"},{"contents":[{"Right":0},[]],"tag":"App"}]],"tag":"App"}],"tag":"Pi"}],"tag":"Pi"}],"tag":"Pi"}],"tag":"Pi"},"original":{"contents":[{"item":{"contents":[{"item":{"contents":[{"Left":"Agda.Primitive.Level"},[]],"tag":"App"},"name":"l"},{"contents":[{"item":{"contents":"Set @0","tag":"Sort"},"name":"_"},{"contents":"Set @0","tag":"Sort"}],"tag":"Pi"}],"tag":"Pi"},"name":"_"},{"contents":[{"item":{"contents":[{"Left":"FunNary.ℕ"},[]],"tag":"App"},"name":"n"},{"contents":[{"item":{"contents":[{"Left":"FunNary.Levels"},[{"contents":[{"Right":0},[]],"tag":"App"}]],"tag":"App"},"name":"ls"},{"contents":[{"item":{"contents":[{"Left":"FunNary.Sets"},[{"contents":[{"Right":1},[]],"tag":"App"},{"contents":[{"Right":0},[]],"tag":"App"}]],"tag":"App"},"name":"_"},{"contents":[{"Left":"FunNary.Sets"},[{"contents":[{"Right":1},[]],"tag":"App"},{"contents":[{"Right":0},[]],"tag":"App"}]],"tag":"App"}],"tag":"Pi"}],"tag":"Pi"}],"tag":"Pi"}],"tag":"Pi"},"reduced":{"contents":[{"item":{"contents":[{"item":{"contents":[{"Left":"Agda.Primitive.Level"},[]],"tag":"App"},"name":"l"},{"contents":[{"item":{"contents":"Set @0","tag":"Sort"},"name":"_"},{"contents":"Set @0","tag":"Sort"}],"tag":"Pi"}],"tag":"Pi"},"name":"_"},{"contents":[{"item":{"contents":[{"Left":"FunNary.ℕ"},[]],"tag":"App"},"name":"n"},{"contents":[{"item":{"contents":[{"Left":"FunNary.Levels"},[{"contents":[{"Right":0},[]],"tag":"App"}]],"tag":"App"},"name":"ls"},{"contents":[{"item":{"contents":[{"Left":"FunNary.Sets"},[{"contents":[{"Right":1},[]],"tag":"App"},{"contents":[{"Right":0},[]],"tag":"App"}]],"tag":"App"},"name":"_"},{"contents":[{"Left":"FunNary.Sets"},[{"contents":[{"Right":1},[]],"tag":"App"},{"contents":[{"Right":0},[]],"tag":"App"}]],"tag":"App"}],"tag":"Pi"}],"tag":"Pi"}],"tag":"Pi"}],"tag":"Pi"},"simplified":{"contents":[{"item":{"contents":[{"item":{"contents":[{"Left":"Agda.Primitive.Level"},[]],"tag":"App"},"name":"l"},{"contents":[{"item":{"contents":"Set @0","tag":"Sort"},"name":"_"},{"contents":"Set @0","tag":"Sort"}],"tag":"Pi"}],"tag":"Pi"},"name":"_"},{"contents":[{"item":{"contents":[{"Left":"FunNary.ℕ"},[]],"tag":"App"},"name":"n"},{"contents":[{"item":{"contents":[{"Left":"FunNary.Levels"},[{"contents":[{"Right":0},[]],"tag":"App"}]],"tag":"App"},"name":"ls"},{"contents":[{"item":{"contents":[{"Left":"FunNary.Sets"},[{"contents":[{"Right":1},[]],"tag":"App"},{"contents":[{"Right":0},[]],"tag":"App"}]],"tag":"App"},"name":"_"},{"contents":[{"Left":"FunNary.Sets"},[{"contents":[{"Right":1},[]],"tag":"App"},{"contents":[{"Right":0},[]],"tag":"App"}]],"tag":"App"}],"tag":"Pi"}],"tag":"Pi"}],"tag":"Pi"}],"tag":"Pi"}}},"name":"FunNary._<$>_"}],"name":"FunNary"},"samples":[{"ctx":{"pretty":"","thing":[]},"goal":{"pretty":"Set","thing":{"normalised":{"contents":"Set","tag":"Sort"},"original":{"contents":"Set","tag":"Sort"},"reduced":{"contents":"Set","tag":"Sort"},"simplified":{"contents":"Set","tag":"Sort"}}},"term":{"pretty":"⊤","thing":{"normalised":{"contents":[{"Left":"FunNary.⊤"},[{"contents":"lzero","tag":"Level"}]],"tag":"App"},"original":{"contents":[{"Left":"FunNary.⊤"},[{"contents":"lzero","tag":"Level"}]],"tag":"App"},"reduced":{"contents":[{"Left":"FunNary.⊤"},[{"contents":"lzero","tag":"Level"}]],"tag":"App"},"simplified":{"contents":[{"Left":"FunNary.⊤"},[{"contents":"lzero","tag":"Level"}]],"tag":"App"}}},"namesUsed":["FunNary.⊤"]},{"ctx":{"pretty":"(n : ℕ)","thing":[{"item":{"contents":[{"Left":"FunNary.ℕ"},[]],"tag":"App"},"name":"n"}]},"goal":{"pretty":"Set","thing":{"normalised":{"contents":"Set","tag":"Sort"},"original":{"contents":"Set","tag":"Sort"},"reduced":{"contents":"Set","tag":"Sort"},"simplified":{"contents":"Set","tag":"Sort"}}},"term":{"pretty":"Level × Levels n","thing":{"normalised":{"contents":[{"Left":"FunNary._×_"},[{"contents":"lzero","tag":"Level"},{"contents":"lzero","tag":"Level"},{"contents":[{"Left":"Agda.Primitive.Level"},[]],"tag":"App"},{"contents":[{"Left":"FunNary.Levels"},[{"contents":[{"Right":0},[]],"tag":"App"}]],"tag":"App"}]],"tag":"App"},"original":{"contents":[{"Left":"FunNary._×_"},[{"contents":"lzero","tag":"Level"},{"contents":"lzero","tag":"Level"},{"contents":[{"Left":"Agda.Primitive.Level"},[]],"tag":"App"},{"contents":[{"Left":"FunNary.Levels"},[{"contents":[{"Right":0},[]],"tag":"App"}]],"tag":"App"}]],"tag":"App"},"reduced":{"contents":[{"Left":"FunNary._×_"},[{"contents":"lzero","tag":"Level"},{"contents":"lzero","tag":"Level"},{"contents":[{"Left":"Agda.Primitive.Level"},[]],"tag":"App"},{"contents":[{"Left":"FunNary.Levels"},[{"contents":[{"Right":0},[]],"tag":"App"}]],"tag":"App"}]],"tag":"App"},"simplified":{"contents":[{"Left":"FunNary._×_"},[{"contents":"lzero","tag":"Level"},{"contents":"lzero","tag":"Level"},{"contents":[{"Left":"Agda.Primitive.Level"},[]],"tag":"App"},{"contents":[{"Left":"FunNary.Levels"},[{"contents":[{"Right":0},[]],"tag":"App"}]],"tag":"App"}]],"tag":"App"}}},"namesUsed":["FunNary._×_","Agda.Primitive.Level","FunNary.Levels"]},{"ctx":{"pretty":"(n₁ : ℕ)","thing":[{"item":{"contents":[{"Left":"FunNary.ℕ"},[]],"tag":"App"},"name":"n"}]},"goal":{"pretty":"Set","thing":{"normalised":{"contents":"Set","tag":"Sort"},"original":{"contents":"Set lzero","tag":"Sort"},"reduced":{"contents":"Set lzero","tag":"Sort"},"simplified":{"contents":"Set","tag":"Sort"}}},"term":{"pretty":"Level","thing":{"normalised":{"contents":[{"Left":"Agda.Primitive.Level"},[]],"tag":"App"},"original":{"contents":[{"Left":"Agda.Primitive.Level"},[]],"tag":"App"},"reduced":{"contents":[{"Left":"Agda.Primitive.Level"},[]],"tag":"App"},"simplified":{"contents":[{"Left":"Agda.Primitive.Level"},[]],"tag":"App"}}},"namesUsed":["Agda.Primitive.Level"]},{"ctx":{"pretty":"(n₁ : ℕ)","thing":[{"item":{"contents":[{"Left":"FunNary.ℕ"},[]],"tag":"App"},"name":"n"}]},"goal":{"pretty":"Set","thing":{"normalised":{"contents":"Set","tag":"Sort"},"original":{"contents":"Set lzero","tag":"Sort"},"reduced":{"contents":"Set lzero","tag":"Sort"},"simplified":{"contents":"Set","tag":"Sort"}}},"term":{"pretty":"Levels n","thing":{"normalised":{"contents":[{"Left":"FunNary.Levels"},[{"contents":[{"Right":0},[]],"tag":"App"}]],"tag":"App"},"original":{"contents":[{"Left":"FunNary.Levels"},[{"contents":[{"Right":0},[]],"tag":"App"}]],"tag":"App"},"reduced":{"contents":[{"Left":"FunNary.Levels"},[{"contents":[{"Right":0},[]],"tag":"App"}]],"tag":"App"},"simplified":{"contents":[{"Left":"FunNary.Levels"},[{"contents":[{"Right":0},[]],"tag":"App"}]],"tag":"App"}}},"namesUsed":["FunNary.Levels"]},{"ctx":{"pretty":"(n : ℕ) (l : Level) (ls : Levels n)","thing":[{"item":{"contents":[{"Left":"FunNary.ℕ"},[]],"tag":"App"},"name":"n"},{"item":{"contents":[{"Left":"Agda.Primitive.Level"},[]],"tag":"App"},"name":"l"},{"item":{"contents":[{"Left":"FunNary.Levels"},[{"contents":[{"Right":1},[]],"tag":"App"}]],"tag":"App"},"name":"ls"}]},"goal":{"pretty":"Level","thing":{"normalised":{"contents":[{"Left":"Agda.Primitive.Level"},[]],"tag":"App"},"original":{"contents":[{"Left":"Agda.Primitive.Level"},[]],"tag":"App"},"reduced":{"contents":[{"Left":"Agda.Primitive.Level"},[]],"tag":"App"},"simplified":{"contents":[{"Left":"Agda.Primitive.Level"},[]],"tag":"App"}}},"term":{"pretty":"l ⊔ ⨆ n ls","thing":{"normalised":{"contents":"lub @1 (FunNary.⨆ @2 @0)","tag":"Level"},"original":{"contents":[{"Left":"Agda.Primitive._⊔_"},[{"contents":[{"Right":1},[]],"tag":"App"},{"contents":[{"Left":"FunNary.⨆"},[{"contents":[{"Right":2},[]],"tag":"App"},{"contents":[{"Right":0},[]],"tag":"App"}]],"tag":"App"}]],"tag":"App"},"reduced":{"contents":"lub @1 (FunNary.⨆ @2 @0)","tag":"Level"},"simplified":{"contents":"lub @1 (FunNary.⨆ @2 @0)","tag":"Level"}}},"namesUsed":["Agda.Primitive._⊔_","FunNary.⨆"]},{"ctx":{"pretty":"(n₁ : ℕ) (l₁ : Level) (ls₁ : Levels n₁)","thing":[{"item":{"contents":[{"Left":"FunNary.ℕ"},[]],"tag":"App"},"name":"n"},{"item":{"contents":[{"Left":"Agda.Primitive.Level"},[]],"tag":"App"},"name":"l"},{"item":{"contents":[{"Left":"FunNary.Levels"},[{"contents":[{"Right":1},[]],"tag":"App"}]],"tag":"App"},"name":"ls"}]},"goal":{"pretty":"Level","thing":{"normalised":{"contents":[{"Left":"Agda.Primitive.Level"},[]],"tag":"App"},"original":{"contents":[{"Left":"Agda.Primitive.Level"},[]],"tag":"App"},"reduced":{"contents":[{"Left":"Agda.Primitive.Level"},[]],"tag":"App"},"simplified":{"contents":[{"Left":"Agda.Primitive.Level"},[]],"tag":"App"}}},"term":{"pretty":"⨆ n ls","thing":{"normalised":{"contents":[{"Left":"FunNary.⨆"},[{"contents":[{"Right":2},[]],"tag":"App"},{"contents":[{"Right":0},[]],"tag":"App"}]],"tag":"App"},"original":{"contents":[{"Left":"FunNary.⨆"},[{"contents":[{"Right":2},[]],"tag":"App"},{"contents":[{"Right":0},[]],"tag":"App"}]],"tag":"App"},"reduced":{"contents":[{"Left":"FunNary.⨆"},[{"contents":[{"Right":2},[]],"tag":"App"},{"contents":[{"Right":0},[]],"tag":"App"}]],"tag":"App"},"simplified":{"contents":[{"Left":"FunNary.⨆"},[{"contents":[{"Right":2},[]],"tag":"App"},{"contents":[{"Right":0},[]],"tag":"App"}]],"tag":"App"}}},"namesUsed":["FunNary.⨆"]},{"ctx":{"pretty":"(ls : Levels zero)","thing":[{"item":{"contents":[{"Left":"FunNary.Levels"},[{"contents":[{"Left":"FunNary.ℕ.zero"},[]],"tag":"App"}]],"tag":"App"},"name":"ls"}]},"goal":{"pretty":"Set (Level.suc (⨆ zero ls))","thing":{"normalised":{"contents":"Set1","tag":"Sort"},"original":{"contents":"Set (lsuc (FunNary.⨆ FunNary.ℕ.zero @0))","tag":"Sort"},"reduced":{"contents":"Set (lsuc (FunNary.⨆ FunNary.ℕ.zero @0))","tag":"Sort"},"simplified":{"contents":"Set1","tag":"Sort"}}},"term":{"pretty":"⊤","thing":{"normalised":{"contents":[{"Left":"FunNary.⊤"},[{"contents":"lsuc lzero","tag":"Level"}]],"tag":"App"},"original":{"contents":[{"Left":"FunNary.⊤"},[{"contents":"lsuc lzero","tag":"Level"}]],"tag":"App"},"reduced":{"contents":[{"Left":"FunNary.⊤"},[{"contents":"lsuc lzero","tag":"Level"}]],"tag":"App"},"simplified":{"contents":[{"Left":"FunNary.⊤"},[{"contents":"lsuc lzero","tag":"Level"}]],"tag":"App"}}},"namesUsed":["FunNary.⊤"]},{"ctx":{"pretty":"(n : ℕ) (l : Level) (ls : Levels n)","thing":[{"item":{"contents":[{"Left":"FunNary.ℕ"},[]],"tag":"App"},"name":"n"},{"item":{"contents":[{"Left":"Agda.Primitive.Level"},[]],"tag":"App"},"name":"l"},{"item":{"contents":[{"Left":"FunNary.Levels"},[{"contents":[{"Right":1},[]],"tag":"App"}]],"tag":"App"},"name":"ls"}]},"goal":{"pretty":"Set (Level.suc (⨆ (suc n) (l , ls)))","thing":{"normalised":{"contents":"Set (lub (lsuc @1) (lsuc (FunNary.⨆ @2 @0)))","tag":"Sort"},"original":{"contents":"Set (lsuc (FunNary.⨆ (FunNary.ℕ.suc @2) (FunNary._,_ @1 @0)))","tag":"Sort"},"reduced":{"contents":"Set (lsuc (FunNary.⨆ (FunNary.ℕ.suc @2) (FunNary._,_ @1 @0)))","tag":"Sort"},"simplified":{"contents":"Set (lub (lsuc @1) (lsuc (FunNary.⨆ @2 @0)))","tag":"Sort"}}},"term":{"pretty":"Set l × Sets n ls","thing":{"normalised":{"contents":[{"Left":"FunNary._×_"},[{"contents":"lsuc @1","tag":"Level"},{"contents":"lsuc (FunNary.⨆ @2 @0)","tag":"Level"},{"contents":"Set @1","tag":"Sort"},{"contents":[{"Left":"FunNary.Sets"},[{"contents":[{"Right":2},[]],"tag":"App"},{"contents":[{"Right":0},[]],"tag":"App"}]],"tag":"App"}]],"tag":"App"},"original":{"contents":[{"Left":"FunNary._×_"},[{"contents":"lsuc @1","tag":"Level"},{"contents":"lsuc (FunNary.⨆ @2 @0)","tag":"Level"},{"contents":"Set @1","tag":"Sort"},{"contents":[{"Left":"FunNary.Sets"},[{"contents":[{"Right":2},[]],"tag":"App"},{"contents":[{"Right":0},[]],"tag":"App"}]],"tag":"App"}]],"tag":"App"},"reduced":{"contents":[{"Left":"FunNary._×_"},[{"contents":"lsuc @1","tag":"Level"},{"contents":"lsuc (FunNary.⨆ @2 @0)","tag":"Level"},{"contents":"Set @1","tag":"Sort"},{"contents":[{"Left":"FunNary.Sets"},[{"contents":[{"Right":2},[]],"tag":"App"},{"contents":[{"Right":0},[]],"tag":"App"}]],"tag":"App"}]],"tag":"App"},"simplified":{"contents":[{"Left":"FunNary._×_"},[{"contents":"lsuc @1","tag":"Level"},{"contents":"lsuc (FunNary.⨆ @2 @0)","tag":"Level"},{"contents":"Set @1","tag":"Sort"},{"contents":[{"Left":"FunNary.Sets"},[{"contents":[{"Right":2},[]],"tag":"App"},{"contents":[{"Right":0},[]],"tag":"App"}]],"tag":"App"}]],"tag":"App"}}},"namesUsed":["FunNary._×_","FunNary.⨆","FunNary.Sets"]},{"ctx":{"pretty":"(n₁ : ℕ) (l₁ : Level) (ls₁ : Levels n₁)","thing":[{"item":{"contents":[{"Left":"FunNary.ℕ"},[]],"tag":"App"},"name":"n"},{"item":{"contents":[{"Left":"Agda.Primitive.Level"},[]],"tag":"App"},"name":"l"},{"item":{"contents":[{"Left":"FunNary.Levels"},[{"contents":[{"Right":1},[]],"tag":"App"}]],"tag":"App"},"name":"ls"}]},"goal":{"pretty":"Level","thing":{"normalised":{"contents":[{"Left":"Agda.Primitive.Level"},[]],"tag":"App"},"original":{"contents":[{"Left":"Agda.Primitive.Level"},[]],"tag":"App"},"reduced":{"contents":[{"Left":"Agda.Primitive.Level"},[]],"tag":"App"},"simplified":{"contents":[{"Left":"Agda.Primitive.Level"},[]],"tag":"App"}}},"term":{"pretty":"Level.suc (⨆ n ls)","thing":{"normalised":{"contents":"lsuc (FunNary.⨆ @2 @0)","tag":"Level"},"original":{"contents":"lsuc (FunNary.⨆ @2 @0)","tag":"Level"},"reduced":{"contents":"lsuc (FunNary.⨆ @2 @0)","tag":"Level"},"simplified":{"contents":"lsuc (FunNary.⨆ @2 @0)","tag":"Level"}}},"namesUsed":["FunNary.⨆"]},{"ctx":{"pretty":"(n₁ : ℕ) (l₁ : Level) (ls₁ : Levels n₁)","thing":[{"item":{"contents":[{"Left":"FunNary.ℕ"},[]],"tag":"App"},"name":"n"},{"item":{"contents":[{"Left":"Agda.Primitive.Level"},[]],"tag":"App"},"name":"l"},{"item":{"contents":[{"Left":"FunNary.Levels"},[{"contents":[{"Right":1},[]],"tag":"App"}]],"tag":"App"},"name":"ls"}]},"goal":{"pretty":"Level","thing":{"normalised":{"contents":[{"Left":"Agda.Primitive.Level"},[]],"tag":"App"},"original":{"contents":[{"Left":"Agda.Primitive.Level"},[]],"tag":"App"},"reduced":{"contents":[{"Left":"Agda.Primitive.Level"},[]],"tag":"App"},"simplified":{"contents":[{"Left":"Agda.Primitive.Level"},[]],"tag":"App"}}},"term":{"pretty":"⨆ n ls","thing":{"normalised":{"contents":[{"Left":"FunNary.⨆"},[{"contents":[{"Right":2},[]],"tag":"App"},{"contents":[{"Right":0},[]],"tag":"App"}]],"tag":"App"},"original":{"contents":[{"Left":"FunNary.⨆"},[{"contents":[{"Right":2},[]],"tag":"App"},{"contents":[{"Right":0},[]],"tag":"App"}]],"tag":"App"},"reduced":{"contents":[{"Left":"FunNary.⨆"},[{"contents":[{"Right":2},[]],"tag":"App"},{"contents":[{"Right":0},[]],"tag":"App"}]],"tag":"App"},"simplified":{"contents":[{"Left":"FunNary.⨆"},[{"contents":[{"Right":2},[]],"tag":"App"},{"contents":[{"Right":0},[]],"tag":"App"}]],"tag":"App"}}},"namesUsed":["FunNary.⨆"]},{"ctx":{"pretty":"(n₁ : ℕ) (l₁ : Level) (ls₁ : Levels n₁)","thing":[{"item":{"contents":[{"Left":"FunNary.ℕ"},[]],"tag":"App"},"name":"n"},{"item":{"contents":[{"Left":"Agda.Primitive.Level"},[]],"tag":"App"},"name":"l"},{"item":{"contents":[{"Left":"FunNary.Levels"},[{"contents":[{"Right":1},[]],"tag":"App"}]],"tag":"App"},"name":"ls"}]},"goal":{"pretty":"Set (Level.suc (⨆ n ls))","thing":{"normalised":{"contents":"Set (lsuc (FunNary.⨆ @2 @0))","tag":"Sort"},"original":{"contents":"Set (lsuc (FunNary.⨆ @2 @0))","tag":"Sort"},"reduced":{"contents":"Set (lsuc (FunNary.⨆ @2 @0))","tag":"Sort"},"simplified":{"contents":"Set (lsuc (FunNary.⨆ @2 @0))","tag":"Sort"}}},"term":{"pretty":"Sets n ls","thing":{"normalised":{"contents":[{"Left":"FunNary.Sets"},[{"contents":[{"Right":2},[]],"tag":"App"},{"contents":[{"Right":0},[]],"tag":"App"}]],"tag":"App"},"original":{"contents":[{"Left":"FunNary.Sets"},[{"contents":[{"Right":2},[]],"tag":"App"},{"contents":[{"Right":0},[]],"tag":"App"}]],"tag":"App"},"reduced":{"contents":[{"Left":"FunNary.Sets"},[{"contents":[{"Right":2},[]],"tag":"App"},{"contents":[{"Right":0},[]],"tag":"App"}]],"tag":"App"},"simplified":{"contents":[{"Left":"FunNary.Sets"},[{"contents":[{"Right":2},[]],"tag":"App"},{"contents":[{"Right":0},[]],"tag":"App"}]],"tag":"App"}}},"namesUsed":["FunNary.Sets"]},{"ctx":{"pretty":"(f : {l : Level} → Set l → Set l) {ls : Levels zero}\n(as : Sets zero ls)","thing":[{"item":{"contents":[{"item":{"contents":[{"Left":"Agda.Primitive.Level"},[]],"tag":"App"},"name":"l"},{"contents":[{"item":{"contents":"Set @0","tag":"Sort"},"name":"_"},{"contents":"Set @0","tag":"Sort"}],"tag":"Pi"}],"tag":"Pi"},"name":"f"},{"item":{"contents":[{"Left":"FunNary.Levels"},[{"contents":[{"Left":"FunNary.ℕ.zero"},[]],"tag":"App"}]],"tag":"App"},"name":"ls"},{"item":{"contents":[{"Left":"FunNary.Sets"},[{"contents":[{"Left":"FunNary.ℕ.zero"},[]],"tag":"App"},{"contents":[{"Right":0},[]],"tag":"App"}]],"tag":"App"},"name":"as"}]},"goal":{"pretty":"Sets zero ls","thing":{"normalised":{"contents":[{"Left":"FunNary.⊤"},[{"contents":"lsuc lzero","tag":"Level"}]],"tag":"App"},"original":{"contents":[{"Left":"FunNary.Sets"},[{"contents":[{"Left":"FunNary.ℕ.zero"},[]],"tag":"App"},{"contents":[{"Right":1},[]],"tag":"App"}]],"tag":"App"},"reduced":{"contents":[{"Left":"FunNary.⊤"},[{"contents":"lsuc lzero","tag":"Level"}]],"tag":"App"},"simplified":{"contents":[{"Left":"FunNary.⊤"},[{"contents":"lsuc lzero","tag":"Level"}]],"tag":"App"}}},"term":{"pretty":"tt","thing":{"normalised":{"contents":[{"Left":"FunNary.⊤.tt"},[]],"tag":"App"},"original":{"contents":[{"Left":"FunNary.⊤.tt"},[]],"tag":"App"},"reduced":{"contents":[{"Left":"FunNary.⊤.tt"},[]],"tag":"App"},"simplified":{"contents":[{"Left":"FunNary.⊤.tt"},[]],"tag":"App"}}},"namesUsed":["FunNary.⊤.tt"]},{"ctx":{"pretty":"(f : {l : Level} → Set l → Set l) (n : ℕ) {ls : Levels (suc n)}\n(a : Set (_×_.fst ls)) (as : Sets n (_×_.snd ls))","thing":[{"item":{"contents":[{"item":{"contents":[{"Left":"Agda.Primitive.Level"},[]],"tag":"App"},"name":"l"},{"contents":[{"item":{"contents":"Set @0","tag":"Sort"},"name":"_"},{"contents":"Set @0","tag":"Sort"}],"tag":"Pi"}],"tag":"Pi"},"name":"f"},{"item":{"contents":[{"Left":"FunNary.ℕ"},[]],"tag":"App"},"name":"n"},{"item":{"contents":[{"Left":"FunNary.Levels"},[{"contents":[{"Left":"FunNary.ℕ.suc"},[{"contents":[{"Right":0},[]],"tag":"App"}]],"tag":"App"}]],"tag":"App"},"name":"ls"},{"item":{"contents":"Set (@0 .FunNary._×_.fst)","tag":"Sort"},"name":"a"},{"item":{"contents":[{"Left":"FunNary.Sets"},[{"contents":[{"Right":2},[]],"tag":"App"},{"contents":[{"Right":1},[{"contents":[{"Left":"FunNary._×_.snd"},[]],"tag":"App"}]],"tag":"App"}]],"tag":"App"},"name":"as"}]},"goal":{"pretty":"Sets (suc n) ls","thing":{"normalised":{"contents":[{"Left":"FunNary._×_"},[{"contents":"lsuc (@2 .FunNary._×_.fst)","tag":"Level"},{"contents":"lsuc (FunNary.⨆ @3 (@2 .FunNary._×_.snd))","tag":"Level"},{"contents":"Set (@2 .FunNary._×_.fst)","tag":"Sort"},{"contents":[{"Left":"FunNary.Sets"},[{"contents":[{"Right":3},[]],"tag":"App"},{"contents":[{"Right":2},[{"contents":[{"Left":"FunNary._×_.snd"},[]],"tag":"App"}]],"tag":"App"}]],"tag":"App"}]],"tag":"App"},"original":{"contents":[{"Left":"FunNary.Sets"},[{"contents":[{"Left":"FunNary.ℕ.suc"},[{"contents":[{"Right":3},[]],"tag":"App"}]],"tag":"App"},{"contents":[{"Right":2},[]],"tag":"App"}]],"tag":"App"},"reduced":{"contents":[{"Left":"FunNary._×_"},[{"contents":"lsuc (@2 .FunNary._×_.fst)","tag":"Level"},{"contents":"lsuc (FunNary.⨆ @3 (@2 .FunNary._×_.snd))","tag":"Level"},{"contents":"Set (@2 .FunNary._×_.fst)","tag":"Sort"},{"contents":[{"Left":"FunNary.Sets"},[{"contents":[{"Right":3},[]],"tag":"App"},{"contents":[{"Right":2},[{"contents":[{"Left":"FunNary._×_.snd"},[]],"tag":"App"}]],"tag":"App"}]],"tag":"App"}]],"tag":"App"},"simplified":{"contents":[{"Left":"FunNary._×_"},[{"contents":"lsuc (@2 .FunNary._×_.fst)","tag":"Level"},{"contents":"lsuc (FunNary.⨆ @3 (@2 .FunNary._×_.snd))","tag":"Level"},{"contents":"Set (@2 .FunNary._×_.fst)","tag":"Sort"},{"contents":[{"Left":"FunNary.Sets"},[{"contents":[{"Right":3},[]],"tag":"App"},{"contents":[{"Right":2},[{"contents":[{"Left":"FunNary._×_.snd"},[]],"tag":"App"}]],"tag":"App"}]],"tag":"App"}]],"tag":"App"}}},"term":{"pretty":"f a , (f <$> as)","thing":{"normalised":{"contents":[{"Left":"FunNary._,_"},[{"contents":[{"Right":4},[{"contents":[{"Right":2},[{"contents":[{"Left":"FunNary._×_.fst"},[]],"tag":"App"}]],"tag":"App"},{"contents":[{"Right":1},[]],"tag":"App"}]],"tag":"App"},{"contents":[{"Left":"FunNary._<$>_"},[{"contents":[{"Right":4},[]],"tag":"App"},{"contents":[{"Right":3},[]],"tag":"App"},{"contents":[{"Right":2},[{"contents":[{"Left":"FunNary._×_.snd"},[]],"tag":"App"}]],"tag":"App"},{"contents":[{"Right":0},[]],"tag":"App"}]],"tag":"App"}]],"tag":"App"},"original":{"contents":[{"Left":"FunNary._,_"},[{"contents":[{"Right":4},[{"contents":[{"Right":2},[{"contents":[{"Left":"FunNary._×_.fst"},[]],"tag":"App"}]],"tag":"App"},{"contents":[{"Right":1},[]],"tag":"App"}]],"tag":"App"},{"contents":[{"Left":"FunNary._<$>_"},[{"contents":[{"Right":4},[]],"tag":"App"},{"contents":[{"Right":3},[]],"tag":"App"},{"contents":[{"Right":2},[{"contents":[{"Left":"FunNary._×_.snd"},[]],"tag":"App"}]],"tag":"App"},{"contents":[{"Right":0},[]],"tag":"App"}]],"tag":"App"}]],"tag":"App"},"reduced":{"contents":[{"Left":"FunNary._,_"},[{"contents":[{"Right":4},[{"contents":[{"Right":2},[{"contents":[{"Left":"FunNary._×_.fst"},[]],"tag":"App"}]],"tag":"App"},{"contents":[{"Right":1},[]],"tag":"App"}]],"tag":"App"},{"contents":[{"Left":"FunNary._<$>_"},[{"contents":[{"Right":4},[]],"tag":"App"},{"contents":[{"Right":3},[]],"tag":"App"},{"contents":[{"Right":2},[{"contents":[{"Left":"FunNary._×_.snd"},[]],"tag":"App"}]],"tag":"App"},{"contents":[{"Right":0},[]],"tag":"App"}]],"tag":"App"}]],"tag":"App"},"simplified":{"contents":[{"Left":"FunNary._,_"},[{"contents":[{"Right":4},[{"contents":[{"Right":2},[{"contents":[{"Left":"FunNary._×_.fst"},[]],"tag":"App"}]],"tag":"App"},{"contents":[{"Right":1},[]],"tag":"App"}]],"tag":"App"},{"contents":[{"Left":"FunNary._<$>_"},[{"contents":[{"Right":4},[]],"tag":"App"},{"contents":[{"Right":3},[]],"tag":"App"},{"contents":[{"Right":2},[{"contents":[{"Left":"FunNary._×_.snd"},[]],"tag":"App"}]],"tag":"App"},{"contents":[{"Right":0},[]],"tag":"App"}]],"tag":"App"}]],"tag":"App"}}},"namesUsed":["FunNary._,_","FunNary._<$>_"]},{"ctx":{"pretty":"(f₁ : {l : Level} → Set l → Set l) (n₁ : ℕ)\n{ls = ls₁ : Levels (suc n₁)} (a₁ : Set (_×_.fst ls₁))\n(as₁ : Sets n₁ (_×_.snd ls₁))","thing":[{"item":{"contents":[{"item":{"contents":[{"Left":"Agda.Primitive.Level"},[]],"tag":"App"},"name":"l"},{"contents":[{"item":{"contents":"Set @0","tag":"Sort"},"name":"_"},{"contents":"Set @0","tag":"Sort"}],"tag":"Pi"}],"tag":"Pi"},"name":"f"},{"item":{"contents":[{"Left":"FunNary.ℕ"},[]],"tag":"App"},"name":"n"},{"item":{"contents":[{"Left":"FunNary.Levels"},[{"contents":[{"Left":"FunNary.ℕ.suc"},[{"contents":[{"Right":0},[]],"tag":"App"}]],"tag":"App"}]],"tag":"App"},"name":"ls"},{"item":{"contents":"Set (@0 .FunNary._×_.fst)","tag":"Sort"},"name":"a"},{"item":{"contents":[{"Left":"FunNary.Sets"},[{"contents":[{"Right":2},[]],"tag":"App"},{"contents":[{"Right":1},[{"contents":[{"Left":"FunNary._×_.snd"},[]],"tag":"App"}]],"tag":"App"}]],"tag":"App"},"name":"as"}]},"goal":{"pretty":"Sets n (_×_.snd ls)","thing":{"normalised":{"contents":[{"Left":"FunNary.Sets"},[{"contents":[{"Right":3},[]],"tag":"App"},{"contents":[{"Right":2},[{"contents":[{"Left":"FunNary._×_.snd"},[]],"tag":"App"}]],"tag":"App"}]],"tag":"App"},"original":{"contents":[{"Left":"FunNary.Sets"},[{"contents":[{"Right":3},[]],"tag":"App"},{"contents":[{"Right":2},[{"contents":[{"Left":"FunNary._×_.snd"},[]],"tag":"App"}]],"tag":"App"}]],"tag":"App"},"reduced":{"contents":[{"Left":"FunNary.Sets"},[{"contents":[{"Right":3},[]],"tag":"App"},{"contents":[{"Right":2},[{"contents":[{"Left":"FunNary._×_.snd"},[]],"tag":"App"}]],"tag":"App"}]],"tag":"App"},"simplified":{"contents":[{"Left":"FunNary.Sets"},[{"contents":[{"Right":3},[]],"tag":"App"},{"contents":[{"Right":2},[{"contents":[{"Left":"FunNary._×_.snd"},[]],"tag":"App"}]],"tag":"App"}]],"tag":"App"}}},"term":{"pretty":"f <$> as","thing":{"normalised":{"contents":[{"Left":"FunNary._<$>_"},[{"contents":[{"Right":4},[]],"tag":"App"},{"contents":[{"Right":3},[]],"tag":"App"},{"contents":[{"Right":2},[{"contents":[{"Left":"FunNary._×_.snd"},[]],"tag":"App"}]],"tag":"App"},{"contents":[{"Right":0},[]],"tag":"App"}]],"tag":"App"},"original":{"contents":[{"Left":"FunNary._<$>_"},[{"contents":[{"Right":4},[]],"tag":"App"},{"contents":[{"Right":3},[]],"tag":"App"},{"contents":[{"Right":2},[{"contents":[{"Left":"FunNary._×_.snd"},[]],"tag":"App"}]],"tag":"App"},{"contents":[{"Right":0},[]],"tag":"App"}]],"tag":"App"},"reduced":{"contents":[{"Left":"FunNary._<$>_"},[{"contents":[{"Right":4},[]],"tag":"App"},{"contents":[{"Right":3},[]],"tag":"App"},{"contents":[{"Right":2},[{"contents":[{"Left":"FunNary._×_.snd"},[]],"tag":"App"}]],"tag":"App"},{"contents":[{"Right":0},[]],"tag":"App"}]],"tag":"App"},"simplified":{"contents":[{"Left":"FunNary._<$>_"},[{"contents":[{"Right":4},[]],"tag":"App"},{"contents":[{"Right":3},[]],"tag":"App"},{"contents":[{"Right":2},[{"contents":[{"Left":"FunNary._×_.snd"},[]],"tag":"App"}]],"tag":"App"},{"contents":[{"Right":0},[]],"tag":"App"}]],"tag":"App"}}},"namesUsed":["FunNary._<$>_"]}]}