{"scope":{"item":[{"item":{"pretty":"Set","thing":{"normalised":{"contents":"Set","tag":"Sort"},"original":{"contents":"Set","tag":"Sort"},"reduced":{"contents":"Set","tag":"Sort"},"simplified":{"contents":"Set","tag":"Sort"}}},"name":"IsTotalPreorder.A"},{"item":{"pretty":"A → A → Set","thing":{"normalised":{"contents":[{"item":{"contents":[{"Left":"IsTotalPreorder.A"},[]],"tag":"App"},"name":"_"},{"contents":[{"item":{"contents":[{"Left":"IsTotalPreorder.A"},[]],"tag":"App"},"name":"_"},{"contents":"Set","tag":"Sort"}],"tag":"Pi"}],"tag":"Pi"},"original":{"contents":[{"item":{"contents":[{"Left":"IsTotalPreorder.A"},[]],"tag":"App"},"name":"_"},{"contents":[{"item":{"contents":[{"Left":"IsTotalPreorder.A"},[]],"tag":"App"},"name":"_"},{"contents":"Set","tag":"Sort"}],"tag":"Pi"}],"tag":"Pi"},"reduced":{"contents":[{"item":{"contents":[{"Left":"IsTotalPreorder.A"},[]],"tag":"App"},"name":"_"},{"contents":[{"item":{"contents":[{"Left":"IsTotalPreorder.A"},[]],"tag":"App"},"name":"_"},{"contents":"Set","tag":"Sort"}],"tag":"Pi"}],"tag":"Pi"},"simplified":{"contents":[{"item":{"contents":[{"Left":"IsTotalPreorder.A"},[]],"tag":"App"},"name":"_"},{"contents":[{"item":{"contents":[{"Left":"IsTotalPreorder.A"},[]],"tag":"App"},"name":"_"},{"contents":"Set","tag":"Sort"}],"tag":"Pi"}],"tag":"Pi"}}},"name":"IsTotalPreorder._≈_"},{"item":{"pretty":"(A → A → Set) → Set","thing":{"normalised":{"contents":[{"item":{"contents":[{"item":{"contents":[{"Left":"IsTotalPreorder.A"},[]],"tag":"App"},"name":"_"},{"contents":[{"item":{"contents":[{"Left":"IsTotalPreorder.A"},[]],"tag":"App"},"name":"_"},{"contents":"Set","tag":"Sort"}],"tag":"Pi"}],"tag":"Pi"},"name":"_"},{"contents":"Set","tag":"Sort"}],"tag":"Pi"},"original":{"contents":[{"item":{"contents":[{"item":{"contents":[{"Left":"IsTotalPreorder.A"},[]],"tag":"App"},"name":"_"},{"contents":[{"item":{"contents":[{"Left":"IsTotalPreorder.A"},[]],"tag":"App"},"name":"_"},{"contents":"Set","tag":"Sort"}],"tag":"Pi"}],"tag":"Pi"},"name":"_"},{"contents":"Set","tag":"Sort"}],"tag":"Pi"},"reduced":{"contents":[{"item":{"contents":[{"item":{"contents":[{"Left":"IsTotalPreorder.A"},[]],"tag":"App"},"name":"_"},{"contents":[{"item":{"contents":[{"Left":"IsTotalPreorder.A"},[]],"tag":"App"},"name":"_"},{"contents":"Set","tag":"Sort"}],"tag":"Pi"}],"tag":"Pi"},"name":"_"},{"contents":"Set","tag":"Sort"}],"tag":"Pi"},"simplified":{"contents":[{"item":{"contents":[{"item":{"contents":[{"Left":"IsTotalPreorder.A"},[]],"tag":"App"},"name":"_"},{"contents":[{"item":{"contents":[{"Left":"IsTotalPreorder.A"},[]],"tag":"App"},"name":"_"},{"contents":"Set","tag":"Sort"}],"tag":"Pi"}],"tag":"Pi"},"name":"_"},{"contents":"Set","tag":"Sort"}],"tag":"Pi"}}},"name":"IsTotalPreorder.Reflexive"},{"item":{"pretty":"Set","thing":{"normalised":{"contents":"Set","tag":"Sort"},"original":{"contents":"Set","tag":"Sort"},"reduced":{"contents":"Set","tag":"Sort"},"simplified":{"contents":"Set","tag":"Sort"}}},"name":"IsTotalPreorder.IsEquivalence"},{"item":{"pretty":"(_∼_ : A → A → Set) → Set","thing":{"normalised":{"contents":[{"item":{"contents":[{"item":{"contents":[{"Left":"IsTotalPreorder.A"},[]],"tag":"App"},"name":"_"},{"contents":[{"item":{"contents":[{"Left":"IsTotalPreorder.A"},[]],"tag":"App"},"name":"_"},{"contents":"Set","tag":"Sort"}],"tag":"Pi"}],"tag":"Pi"},"name":"_∼_"},{"contents":"Set","tag":"Sort"}],"tag":"Pi"},"original":{"contents":[{"item":{"contents":[{"item":{"contents":[{"Left":"IsTotalPreorder.A"},[]],"tag":"App"},"name":"_"},{"contents":[{"item":{"contents":[{"Left":"IsTotalPreorder.A"},[]],"tag":"App"},"name":"_"},{"contents":"Set","tag":"Sort"}],"tag":"Pi"}],"tag":"Pi"},"name":"_∼_"},{"contents":"Set","tag":"Sort"}],"tag":"Pi"},"reduced":{"contents":[{"item":{"contents":[{"item":{"contents":[{"Left":"IsTotalPreorder.A"},[]],"tag":"App"},"name":"_"},{"contents":[{"item":{"contents":[{"Left":"IsTotalPreorder.A"},[]],"tag":"App"},"name":"_"},{"contents":"Set","tag":"Sort"}],"tag":"Pi"}],"tag":"Pi"},"name":"_∼_"},{"contents":"Set","tag":"Sort"}],"tag":"Pi"},"simplified":{"contents":[{"item":{"contents":[{"item":{"contents":[{"Left":"IsTotalPreorder.A"},[]],"tag":"App"},"name":"_"},{"contents":[{"item":{"contents":[{"Left":"IsTotalPreorder.A"},[]],"tag":"App"},"name":"_"},{"contents":"Set","tag":"Sort"}],"tag":"Pi"}],"tag":"Pi"},"name":"_∼_"},{"contents":"Set","tag":"Sort"}],"tag":"Pi"}}},"name":"IsTotalPreorder.IsPreorder"},{"item":{"pretty":"(_≲_ : A → A → Set) → Set","thing":{"normalised":{"contents":[{"item":{"contents":[{"item":{"contents":[{"Left":"IsTotalPreorder.A"},[]],"tag":"App"},"name":"_"},{"contents":[{"item":{"contents":[{"Left":"IsTotalPreorder.A"},[]],"tag":"App"},"name":"_"},{"contents":"Set","tag":"Sort"}],"tag":"Pi"}],"tag":"Pi"},"name":"_≲_"},{"contents":"Set","tag":"Sort"}],"tag":"Pi"},"original":{"contents":[{"item":{"contents":[{"item":{"contents":[{"Left":"IsTotalPreorder.A"},[]],"tag":"App"},"name":"_"},{"contents":[{"item":{"contents":[{"Left":"IsTotalPreorder.A"},[]],"tag":"App"},"name":"_"},{"contents":"Set","tag":"Sort"}],"tag":"Pi"}],"tag":"Pi"},"name":"_≲_"},{"contents":"Set","tag":"Sort"}],"tag":"Pi"},"reduced":{"contents":[{"item":{"contents":[{"item":{"contents":[{"Left":"IsTotalPreorder.A"},[]],"tag":"App"},"name":"_"},{"contents":[{"item":{"contents":[{"Left":"IsTotalPreorder.A"},[]],"tag":"App"},"name":"_"},{"contents":"Set","tag":"Sort"}],"tag":"Pi"}],"tag":"Pi"},"name":"_≲_"},{"contents":"Set","tag":"Sort"}],"tag":"Pi"},"simplified":{"contents":[{"item":{"contents":[{"item":{"contents":[{"Left":"IsTotalPreorder.A"},[]],"tag":"App"},"name":"_"},{"contents":[{"item":{"contents":[{"Left":"IsTotalPreorder.A"},[]],"tag":"App"},"name":"_"},{"contents":"Set","tag":"Sort"}],"tag":"Pi"}],"tag":"Pi"},"name":"_≲_"},{"contents":"Set","tag":"Sort"}],"tag":"Pi"}}},"name":"IsTotalPreorder.IsTotalPreorder"}],"name":"IsTotalPreorder"},"samples":[{"ctx":{"pretty":"(_∼_ : A → A → Set)","thing":[{"item":{"contents":[{"item":{"contents":[{"Left":"IsTotalPreorder.A"},[]],"tag":"App"},"name":"_"},{"contents":[{"item":{"contents":[{"Left":"IsTotalPreorder.A"},[]],"tag":"App"},"name":"_"},{"contents":"Set","tag":"Sort"}],"tag":"Pi"}],"tag":"Pi"},"name":"_∼_"}]},"goal":{"pretty":"Set","thing":{"normalised":{"contents":"Set","tag":"Sort"},"original":{"contents":"Set","tag":"Sort"},"reduced":{"contents":"Set","tag":"Sort"},"simplified":{"contents":"Set","tag":"Sort"}}},"term":{"pretty":"{x : A} → x ∼ x","thing":{"normalised":{"contents":[{"item":{"contents":[{"Left":"IsTotalPreorder.A"},[]],"tag":"App"},"name":"x"},{"contents":[{"Right":1},[{"contents":[{"Right":0},[]],"tag":"App"},{"contents":[{"Right":0},[]],"tag":"App"}]],"tag":"App"}],"tag":"Pi"},"original":{"contents":[{"item":{"contents":[{"Left":"IsTotalPreorder.A"},[]],"tag":"App"},"name":"x"},{"contents":[{"Right":1},[{"contents":[{"Right":0},[]],"tag":"App"},{"contents":[{"Right":0},[]],"tag":"App"}]],"tag":"App"}],"tag":"Pi"},"reduced":{"contents":[{"item":{"contents":[{"Left":"IsTotalPreorder.A"},[]],"tag":"App"},"name":"x"},{"contents":[{"Right":1},[{"contents":[{"Right":0},[]],"tag":"App"},{"contents":[{"Right":0},[]],"tag":"App"}]],"tag":"App"}],"tag":"Pi"},"simplified":{"contents":[{"item":{"contents":[{"Left":"IsTotalPreorder.A"},[]],"tag":"App"},"name":"x"},{"contents":[{"Right":1},[{"contents":[{"Right":0},[]],"tag":"App"},{"contents":[{"Right":0},[]],"tag":"App"}]],"tag":"App"}],"tag":"Pi"}}},"namesUsed":["IsTotalPreorder.A"]},{"ctx":{"pretty":"(_∼₁_ : A → A → Set)","thing":[{"item":{"contents":[{"item":{"contents":[{"Left":"IsTotalPreorder.A"},[]],"tag":"App"},"name":"_"},{"contents":[{"item":{"contents":[{"Left":"IsTotalPreorder.A"},[]],"tag":"App"},"name":"_"},{"contents":"Set","tag":"Sort"}],"tag":"Pi"}],"tag":"Pi"},"name":"_∼_"}]},"goal":{"pretty":"Set","thing":{"normalised":{"contents":"Set","tag":"Sort"},"original":{"contents":"Set","tag":"Sort"},"reduced":{"contents":"Set","tag":"Sort"},"simplified":{"contents":"Set","tag":"Sort"}}},"term":{"pretty":"A","thing":{"normalised":{"contents":[{"Left":"IsTotalPreorder.A"},[]],"tag":"App"},"original":{"contents":[{"Left":"IsTotalPreorder.A"},[]],"tag":"App"},"reduced":{"contents":[{"Left":"IsTotalPreorder.A"},[]],"tag":"App"},"simplified":{"contents":[{"Left":"IsTotalPreorder.A"},[]],"tag":"App"}}},"namesUsed":["IsTotalPreorder.A"]}]}