{"scope":{"item":[{"item":{"pretty":"Set → Set₁","thing":{"normalised":{"contents":[{"item":{"contents":"Set","tag":"Sort"},"name":"_"},{"contents":"Set1","tag":"Sort"}],"tag":"Pi"},"original":{"contents":[{"item":{"contents":"Set","tag":"Sort"},"name":"_"},{"contents":"Set1","tag":"Sort"}],"tag":"Pi"},"reduced":{"contents":[{"item":{"contents":"Set","tag":"Sort"},"name":"_"},{"contents":"Set1","tag":"Sort"}],"tag":"Pi"},"simplified":{"contents":[{"item":{"contents":"Set","tag":"Sort"},"name":"_"},{"contents":"Set1","tag":"Sort"}],"tag":"Pi"}}},"name":"Importee.Rel₂"},{"item":{"pretty":"Set → Set","thing":{"normalised":{"contents":[{"item":{"contents":"Set","tag":"Sort"},"name":"_"},{"contents":"Set","tag":"Sort"}],"tag":"Pi"},"original":{"contents":[{"item":{"contents":"Set","tag":"Sort"},"name":"_"},{"contents":"Set","tag":"Sort"}],"tag":"Pi"},"reduced":{"contents":[{"item":{"contents":"Set","tag":"Sort"},"name":"_"},{"contents":"Set","tag":"Sort"}],"tag":"Pi"},"simplified":{"contents":[{"item":{"contents":"Set","tag":"Sort"},"name":"_"},{"contents":"Set","tag":"Sort"}],"tag":"Pi"}}},"name":"Importee.Op₂"},{"item":{"pretty":"Set","thing":{"normalised":{"contents":"Set","tag":"Sort"},"original":{"contents":"Set","tag":"Sort"},"reduced":{"contents":"Set","tag":"Sort"},"simplified":{"contents":"Set","tag":"Sort"}}},"name":"Importee.ℕ"},{"item":{"pretty":"ℕ","thing":{"normalised":{"contents":[{"Left":"Importee.ℕ"},[]],"tag":"App"},"original":{"contents":[{"Left":"Importee.ℕ"},[]],"tag":"App"},"reduced":{"contents":[{"Left":"Importee.ℕ"},[]],"tag":"App"},"simplified":{"contents":[{"Left":"Importee.ℕ"},[]],"tag":"App"}}},"name":"Importee.𝟘"},{"item":{"pretty":"ℕ","thing":{"normalised":{"contents":[{"Left":"Importee.ℕ"},[]],"tag":"App"},"original":{"contents":[{"Left":"Importee.ℕ"},[]],"tag":"App"},"reduced":{"contents":[{"Left":"Importee.ℕ"},[]],"tag":"App"},"simplified":{"contents":[{"Left":"Importee.ℕ"},[]],"tag":"App"}}},"name":"Importee.𝟙"},{"item":{"pretty":"Set","thing":{"normalised":{"contents":"Set","tag":"Sort"},"original":{"contents":"Set","tag":"Sort"},"reduced":{"contents":"Set","tag":"Sort"},"simplified":{"contents":"Set","tag":"Sort"}}},"name":"OpenModule.A"},{"item":{"pretty":"ℕ","thing":{"normalised":{"contents":[{"Left":"Importee.ℕ"},[]],"tag":"App"},"original":{"contents":[{"Left":"Importee.ℕ"},[]],"tag":"App"},"reduced":{"contents":[{"Left":"Importee.ℕ"},[]],"tag":"App"},"simplified":{"contents":[{"Left":"Importee.ℕ"},[]],"tag":"App"}}},"name":"Importee.𝟚"},{"item":{"pretty":"ℕ","thing":{"normalised":{"contents":[{"Left":"Importee.ℕ"},[]],"tag":"App"},"original":{"contents":[{"Left":"Importee.ℕ"},[]],"tag":"App"},"reduced":{"contents":[{"Left":"Importee.ℕ"},[]],"tag":"App"},"simplified":{"contents":[{"Left":"Importee.ℕ"},[]],"tag":"App"}}},"name":"Importee.𝟛"},{"item":{"pretty":"A → Set","thing":{"normalised":{"contents":[{"item":{"contents":[{"Left":"OpenModule.A"},[]],"tag":"App"},"name":"_"},{"contents":"Set","tag":"Sort"}],"tag":"Pi"},"original":{"contents":[{"item":{"contents":[{"Left":"OpenModule.A"},[]],"tag":"App"},"name":"_"},{"contents":"Set","tag":"Sort"}],"tag":"Pi"},"reduced":{"contents":[{"item":{"contents":[{"Left":"OpenModule.A"},[]],"tag":"App"},"name":"_"},{"contents":"Set","tag":"Sort"}],"tag":"Pi"},"simplified":{"contents":[{"item":{"contents":[{"Left":"OpenModule.A"},[]],"tag":"App"},"name":"_"},{"contents":"Set","tag":"Sort"}],"tag":"Pi"}}},"name":"OpenModule._.P"},{"item":{"pretty":"Rel₂ ℕ","thing":{"normalised":{"contents":[{"item":{"contents":[{"Left":"Importee.ℕ"},[]],"tag":"App"},"name":"_"},{"contents":[{"item":{"contents":[{"Left":"Importee.ℕ"},[]],"tag":"App"},"name":"_"},{"contents":"Set","tag":"Sort"}],"tag":"Pi"}],"tag":"Pi"},"original":{"contents":[{"Left":"Importee.Rel₂"},[{"contents":[{"Left":"Importee.ℕ"},[]],"tag":"App"}]],"tag":"App"},"reduced":{"contents":[{"item":{"contents":[{"Left":"Importee.ℕ"},[]],"tag":"App"},"name":"_"},{"contents":[{"item":{"contents":[{"Left":"Importee.ℕ"},[]],"tag":"App"},"name":"_"},{"contents":"Set","tag":"Sort"}],"tag":"Pi"}],"tag":"Pi"},"simplified":{"contents":[{"Left":"Importee.Rel₂"},[{"contents":[{"Left":"Importee.ℕ"},[]],"tag":"App"}]],"tag":"App"}}},"name":"Importee._≡_"},{"item":{"pretty":"(x : A) → P x → P x","thing":{"normalised":{"contents":[{"item":{"contents":[{"Left":"OpenModule.A"},[]],"tag":"App"},"name":"x"},{"contents":[{"item":{"contents":[{"Left":"OpenModule.M.P"},[{"contents":[{"Left":"OpenModule.A"},[]],"tag":"App"},{"contents":[{"Right":0},[]],"tag":"App"}]],"tag":"App"},"name":"_"},{"contents":[{"Left":"OpenModule.M.P"},[{"contents":[{"Left":"OpenModule.A"},[]],"tag":"App"},{"contents":[{"Right":0},[]],"tag":"App"}]],"tag":"App"}],"tag":"Pi"}],"tag":"Pi"},"original":{"contents":[{"item":{"contents":[{"Left":"OpenModule.A"},[]],"tag":"App"},"name":"x"},{"contents":[{"item":{"contents":[{"Left":"OpenModule.M.P"},[{"contents":[{"Left":"OpenModule.A"},[]],"tag":"App"},{"contents":[{"Right":0},[]],"tag":"App"}]],"tag":"App"},"name":"_"},{"contents":[{"Left":"OpenModule.M.P"},[{"contents":[{"Left":"OpenModule.A"},[]],"tag":"App"},{"contents":[{"Right":0},[]],"tag":"App"}]],"tag":"App"}],"tag":"Pi"}],"tag":"Pi"},"reduced":{"contents":[{"item":{"contents":[{"Left":"OpenModule.A"},[]],"tag":"App"},"name":"x"},{"contents":[{"item":{"contents":[{"Left":"OpenModule.M.P"},[{"contents":[{"Left":"OpenModule.A"},[]],"tag":"App"},{"contents":[{"Right":0},[]],"tag":"App"}]],"tag":"App"},"name":"_"},{"contents":[{"Left":"OpenModule.M.P"},[{"contents":[{"Left":"OpenModule.A"},[]],"tag":"App"},{"contents":[{"Right":0},[]],"tag":"App"}]],"tag":"App"}],"tag":"Pi"}],"tag":"Pi"},"simplified":{"contents":[{"item":{"contents":[{"Left":"OpenModule.A"},[]],"tag":"App"},"name":"x"},{"contents":[{"item":{"contents":[{"Left":"OpenModule.M.P"},[{"contents":[{"Left":"OpenModule.A"},[]],"tag":"App"},{"contents":[{"Right":0},[]],"tag":"App"}]],"tag":"App"},"name":"_"},{"contents":[{"Left":"OpenModule.M.P"},[{"contents":[{"Left":"OpenModule.A"},[]],"tag":"App"},{"contents":[{"Right":0},[]],"tag":"App"}]],"tag":"App"}],"tag":"Pi"}],"tag":"Pi"}}},"name":"OpenModule._.f"},{"item":{"pretty":"Op₂ ℕ","thing":{"normalised":{"contents":[{"item":{"contents":[{"Left":"Importee.ℕ"},[]],"tag":"App"},"name":"_"},{"contents":[{"item":{"contents":[{"Left":"Importee.ℕ"},[]],"tag":"App"},"name":"_"},{"contents":[{"Left":"Importee.ℕ"},[]],"tag":"App"}],"tag":"Pi"}],"tag":"Pi"},"original":{"contents":[{"Left":"Importee.Op₂"},[{"contents":[{"Left":"Importee.ℕ"},[]],"tag":"App"}]],"tag":"App"},"reduced":{"contents":[{"item":{"contents":[{"Left":"Importee.ℕ"},[]],"tag":"App"},"name":"_"},{"contents":[{"item":{"contents":[{"Left":"Importee.ℕ"},[]],"tag":"App"},"name":"_"},{"contents":[{"Left":"Importee.ℕ"},[]],"tag":"App"}],"tag":"Pi"}],"tag":"Pi"},"simplified":{"contents":[{"Left":"Importee.Op₂"},[{"contents":[{"Left":"Importee.ℕ"},[]],"tag":"App"}]],"tag":"App"}}},"name":"Importee._+_"},{"item":{"pretty":"Op₂ ℕ","thing":{"normalised":{"contents":[{"item":{"contents":[{"Left":"Importee.ℕ"},[]],"tag":"App"},"name":"_"},{"contents":[{"item":{"contents":[{"Left":"Importee.ℕ"},[]],"tag":"App"},"name":"_"},{"contents":[{"Left":"Importee.ℕ"},[]],"tag":"App"}],"tag":"Pi"}],"tag":"Pi"},"original":{"contents":[{"Left":"Importee.Op₂"},[{"contents":[{"Left":"Importee.ℕ"},[]],"tag":"App"}]],"tag":"App"},"reduced":{"contents":[{"item":{"contents":[{"Left":"Importee.ℕ"},[]],"tag":"App"},"name":"_"},{"contents":[{"item":{"contents":[{"Left":"Importee.ℕ"},[]],"tag":"App"},"name":"_"},{"contents":[{"Left":"Importee.ℕ"},[]],"tag":"App"}],"tag":"Pi"}],"tag":"Pi"},"simplified":{"contents":[{"Left":"Importee.Op₂"},[{"contents":[{"Left":"Importee.ℕ"},[]],"tag":"App"}]],"tag":"App"}}},"name":"Importee._*_"},{"item":{"pretty":"Op₂ ℕ","thing":{"normalised":{"contents":[{"item":{"contents":[{"Left":"Importee.ℕ"},[]],"tag":"App"},"name":"_"},{"contents":[{"item":{"contents":[{"Left":"Importee.ℕ"},[]],"tag":"App"},"name":"_"},{"contents":[{"Left":"Importee.ℕ"},[]],"tag":"App"}],"tag":"Pi"}],"tag":"Pi"},"original":{"contents":[{"Left":"Importee.Op₂"},[{"contents":[{"Left":"Importee.ℕ"},[]],"tag":"App"}]],"tag":"App"},"reduced":{"contents":[{"item":{"contents":[{"Left":"Importee.ℕ"},[]],"tag":"App"},"name":"_"},{"contents":[{"item":{"contents":[{"Left":"Importee.ℕ"},[]],"tag":"App"},"name":"_"},{"contents":[{"Left":"Importee.ℕ"},[]],"tag":"App"}],"tag":"Pi"}],"tag":"Pi"},"simplified":{"contents":[{"Left":"Importee.Op₂"},[{"contents":[{"Left":"Importee.ℕ"},[]],"tag":"App"}]],"tag":"App"}}},"name":"Importee._/_"},{"item":{"pretty":"Op₂ ℕ","thing":{"normalised":{"contents":[{"item":{"contents":[{"Left":"Importee.ℕ"},[]],"tag":"App"},"name":"_"},{"contents":[{"item":{"contents":[{"Left":"Importee.ℕ"},[]],"tag":"App"},"name":"_"},{"contents":[{"Left":"Importee.ℕ"},[]],"tag":"App"}],"tag":"Pi"}],"tag":"Pi"},"original":{"contents":[{"Left":"Importee.Op₂"},[{"contents":[{"Left":"Importee.ℕ"},[]],"tag":"App"}]],"tag":"App"},"reduced":{"contents":[{"item":{"contents":[{"Left":"Importee.ℕ"},[]],"tag":"App"},"name":"_"},{"contents":[{"item":{"contents":[{"Left":"Importee.ℕ"},[]],"tag":"App"},"name":"_"},{"contents":[{"Left":"Importee.ℕ"},[]],"tag":"App"}],"tag":"Pi"}],"tag":"Pi"},"simplified":{"contents":[{"Left":"Importee.Op₂"},[{"contents":[{"Left":"Importee.ℕ"},[]],"tag":"App"}]],"tag":"App"}}},"name":"Importee._-_"},{"item":{"pretty":"{x y : ℕ} → (x + y) ≡ (y + x)","thing":{"normalised":{"contents":[{"item":{"contents":[{"Left":"Importee.ℕ"},[]],"tag":"App"},"name":"x"},{"contents":[{"item":{"contents":[{"Left":"Importee.ℕ"},[]],"tag":"App"},"name":"y"},{"contents":[{"Left":"Importee._≡_"},[{"contents":[{"Left":"Importee._+_"},[{"contents":[{"Right":1},[]],"tag":"App"},{"contents":[{"Right":0},[]],"tag":"App"}]],"tag":"App"},{"contents":[{"Left":"Importee._+_"},[{"contents":[{"Right":0},[]],"tag":"App"},{"contents":[{"Right":1},[]],"tag":"App"}]],"tag":"App"}]],"tag":"App"}],"tag":"Pi"}],"tag":"Pi"},"original":{"contents":[{"item":{"contents":[{"Left":"Importee.ℕ"},[]],"tag":"App"},"name":"x"},{"contents":[{"item":{"contents":[{"Left":"Importee.ℕ"},[]],"tag":"App"},"name":"y"},{"contents":[{"Left":"Importee._≡_"},[{"contents":[{"Left":"Importee._+_"},[{"contents":[{"Right":1},[]],"tag":"App"},{"contents":[{"Right":0},[]],"tag":"App"}]],"tag":"App"},{"contents":[{"Left":"Importee._+_"},[{"contents":[{"Right":0},[]],"tag":"App"},{"contents":[{"Right":1},[]],"tag":"App"}]],"tag":"App"}]],"tag":"App"}],"tag":"Pi"}],"tag":"Pi"},"reduced":{"contents":[{"item":{"contents":[{"Left":"Importee.ℕ"},[]],"tag":"App"},"name":"x"},{"contents":[{"item":{"contents":[{"Left":"Importee.ℕ"},[]],"tag":"App"},"name":"y"},{"contents":[{"Left":"Importee._≡_"},[{"contents":[{"Left":"Importee._+_"},[{"contents":[{"Right":1},[]],"tag":"App"},{"contents":[{"Right":0},[]],"tag":"App"}]],"tag":"App"},{"contents":[{"Left":"Importee._+_"},[{"contents":[{"Right":0},[]],"tag":"App"},{"contents":[{"Right":1},[]],"tag":"App"}]],"tag":"App"}]],"tag":"App"}],"tag":"Pi"}],"tag":"Pi"},"simplified":{"contents":[{"item":{"contents":[{"Left":"Importee.ℕ"},[]],"tag":"App"},"name":"x"},{"contents":[{"item":{"contents":[{"Left":"Importee.ℕ"},[]],"tag":"App"},"name":"y"},{"contents":[{"Left":"Importee._≡_"},[{"contents":[{"Left":"Importee._+_"},[{"contents":[{"Right":1},[]],"tag":"App"},{"contents":[{"Right":0},[]],"tag":"App"}]],"tag":"App"},{"contents":[{"Left":"Importee._+_"},[{"contents":[{"Right":0},[]],"tag":"App"},{"contents":[{"Right":1},[]],"tag":"App"}]],"tag":"App"}]],"tag":"App"}],"tag":"Pi"}],"tag":"Pi"}}},"name":"Importee.+-comm"},{"item":{"pretty":"{x y z : ℕ} → (x + (y + z)) ≡ ((x + y) + z)","thing":{"normalised":{"contents":[{"item":{"contents":[{"Left":"Importee.ℕ"},[]],"tag":"App"},"name":"x"},{"contents":[{"item":{"contents":[{"Left":"Importee.ℕ"},[]],"tag":"App"},"name":"y"},{"contents":[{"item":{"contents":[{"Left":"Importee.ℕ"},[]],"tag":"App"},"name":"z"},{"contents":[{"Left":"Importee._≡_"},[{"contents":[{"Left":"Importee._+_"},[{"contents":[{"Right":2},[]],"tag":"App"},{"contents":[{"Left":"Importee._+_"},[{"contents":[{"Right":1},[]],"tag":"App"},{"contents":[{"Right":0},[]],"tag":"App"}]],"tag":"App"}]],"tag":"App"},{"contents":[{"Left":"Importee._+_"},[{"contents":[{"Left":"Importee._+_"},[{"contents":[{"Right":2},[]],"tag":"App"},{"contents":[{"Right":1},[]],"tag":"App"}]],"tag":"App"},{"contents":[{"Right":0},[]],"tag":"App"}]],"tag":"App"}]],"tag":"App"}],"tag":"Pi"}],"tag":"Pi"}],"tag":"Pi"},"original":{"contents":[{"item":{"contents":[{"Left":"Importee.ℕ"},[]],"tag":"App"},"name":"x"},{"contents":[{"item":{"contents":[{"Left":"Importee.ℕ"},[]],"tag":"App"},"name":"y"},{"contents":[{"item":{"contents":[{"Left":"Importee.ℕ"},[]],"tag":"App"},"name":"z"},{"contents":[{"Left":"Importee._≡_"},[{"contents":[{"Left":"Importee._+_"},[{"contents":[{"Right":2},[]],"tag":"App"},{"contents":[{"Left":"Importee._+_"},[{"contents":[{"Right":1},[]],"tag":"App"},{"contents":[{"Right":0},[]],"tag":"App"}]],"tag":"App"}]],"tag":"App"},{"contents":[{"Left":"Importee._+_"},[{"contents":[{"Left":"Importee._+_"},[{"contents":[{"Right":2},[]],"tag":"App"},{"contents":[{"Right":1},[]],"tag":"App"}]],"tag":"App"},{"contents":[{"Right":0},[]],"tag":"App"}]],"tag":"App"}]],"tag":"App"}],"tag":"Pi"}],"tag":"Pi"}],"tag":"Pi"},"reduced":{"contents":[{"item":{"contents":[{"Left":"Importee.ℕ"},[]],"tag":"App"},"name":"x"},{"contents":[{"item":{"contents":[{"Left":"Importee.ℕ"},[]],"tag":"App"},"name":"y"},{"contents":[{"item":{"contents":[{"Left":"Importee.ℕ"},[]],"tag":"App"},"name":"z"},{"contents":[{"Left":"Importee._≡_"},[{"contents":[{"Left":"Importee._+_"},[{"contents":[{"Right":2},[]],"tag":"App"},{"contents":[{"Left":"Importee._+_"},[{"contents":[{"Right":1},[]],"tag":"App"},{"contents":[{"Right":0},[]],"tag":"App"}]],"tag":"App"}]],"tag":"App"},{"contents":[{"Left":"Importee._+_"},[{"contents":[{"Left":"Importee._+_"},[{"contents":[{"Right":2},[]],"tag":"App"},{"contents":[{"Right":1},[]],"tag":"App"}]],"tag":"App"},{"contents":[{"Right":0},[]],"tag":"App"}]],"tag":"App"}]],"tag":"App"}],"tag":"Pi"}],"tag":"Pi"}],"tag":"Pi"},"simplified":{"contents":[{"item":{"contents":[{"Left":"Importee.ℕ"},[]],"tag":"App"},"name":"x"},{"contents":[{"item":{"contents":[{"Left":"Importee.ℕ"},[]],"tag":"App"},"name":"y"},{"contents":[{"item":{"contents":[{"Left":"Importee.ℕ"},[]],"tag":"App"},"name":"z"},{"contents":[{"Left":"Importee._≡_"},[{"contents":[{"Left":"Importee._+_"},[{"contents":[{"Right":2},[]],"tag":"App"},{"contents":[{"Left":"Importee._+_"},[{"contents":[{"Right":1},[]],"tag":"App"},{"contents":[{"Right":0},[]],"tag":"App"}]],"tag":"App"}]],"tag":"App"},{"contents":[{"Left":"Importee._+_"},[{"contents":[{"Left":"Importee._+_"},[{"contents":[{"Right":2},[]],"tag":"App"},{"contents":[{"Right":1},[]],"tag":"App"}]],"tag":"App"},{"contents":[{"Right":0},[]],"tag":"App"}]],"tag":"App"}]],"tag":"App"}],"tag":"Pi"}],"tag":"Pi"}],"tag":"Pi"}}},"name":"Importee.+-assoc"},{"item":{"pretty":"(𝟙 + 𝟙) ≡ 𝟚","thing":{"normalised":{"contents":[{"Left":"Importee._≡_"},[{"contents":[{"Left":"Importee._+_"},[{"contents":[{"Left":"Importee.𝟙"},[]],"tag":"App"},{"contents":[{"Left":"Importee.𝟙"},[]],"tag":"App"}]],"tag":"App"},{"contents":[{"Left":"Importee.𝟚"},[]],"tag":"App"}]],"tag":"App"},"original":{"contents":[{"Left":"Importee._≡_"},[{"contents":[{"Left":"Importee._+_"},[{"contents":[{"Left":"Importee.𝟙"},[]],"tag":"App"},{"contents":[{"Left":"Importee.𝟙"},[]],"tag":"App"}]],"tag":"App"},{"contents":[{"Left":"Importee.𝟚"},[]],"tag":"App"}]],"tag":"App"},"reduced":{"contents":[{"Left":"Importee._≡_"},[{"contents":[{"Left":"Importee._+_"},[{"contents":[{"Left":"Importee.𝟙"},[]],"tag":"App"},{"contents":[{"Left":"Importee.𝟙"},[]],"tag":"App"}]],"tag":"App"},{"contents":[{"Left":"Importee.𝟚"},[]],"tag":"App"}]],"tag":"App"},"simplified":{"contents":[{"Left":"Importee._≡_"},[{"contents":[{"Left":"Importee._+_"},[{"contents":[{"Left":"Importee.𝟙"},[]],"tag":"App"},{"contents":[{"Left":"Importee.𝟙"},[]],"tag":"App"}]],"tag":"App"},{"contents":[{"Left":"Importee.𝟚"},[]],"tag":"App"}]],"tag":"App"}}},"name":"Importee.example"},{"item":{"pretty":"ℕ → ℕ","thing":{"normalised":{"contents":[{"item":{"contents":[{"Left":"Importee.ℕ"},[]],"tag":"App"},"name":"_"},{"contents":[{"Left":"Importee.ℕ"},[]],"tag":"App"}],"tag":"Pi"},"original":{"contents":[{"item":{"contents":[{"Left":"Importee.ℕ"},[]],"tag":"App"},"name":"_"},{"contents":[{"Left":"Importee.ℕ"},[]],"tag":"App"}],"tag":"Pi"},"reduced":{"contents":[{"item":{"contents":[{"Left":"Importee.ℕ"},[]],"tag":"App"},"name":"_"},{"contents":[{"Left":"Importee.ℕ"},[]],"tag":"App"}],"tag":"Pi"},"simplified":{"contents":[{"item":{"contents":[{"Left":"Importee.ℕ"},[]],"tag":"App"},"name":"_"},{"contents":[{"Left":"Importee.ℕ"},[]],"tag":"App"}],"tag":"Pi"}}},"name":"Importee._+nasty"},{"item":{"pretty":"ℕ → ℕ","thing":{"normalised":{"contents":[{"item":{"contents":[{"Left":"Importee.ℕ"},[]],"tag":"App"},"name":"_"},{"contents":[{"Left":"Importee.ℕ"},[]],"tag":"App"}],"tag":"Pi"},"original":{"contents":[{"item":{"contents":[{"Left":"Importee.ℕ"},[]],"tag":"App"},"name":"_"},{"contents":[{"Left":"Importee.ℕ"},[]],"tag":"App"}],"tag":"Pi"},"reduced":{"contents":[{"item":{"contents":[{"Left":"Importee.ℕ"},[]],"tag":"App"},"name":"_"},{"contents":[{"Left":"Importee.ℕ"},[]],"tag":"App"}],"tag":"Pi"},"simplified":{"contents":[{"item":{"contents":[{"Left":"Importee.ℕ"},[]],"tag":"App"},"name":"_"},{"contents":[{"Left":"Importee.ℕ"},[]],"tag":"App"}],"tag":"Pi"}}},"name":"Importee._+nasty'"},{"item":{"pretty":"ℕ → ℕ","thing":{"normalised":{"contents":[{"item":{"contents":[{"Left":"Importee.ℕ"},[]],"tag":"App"},"name":"_"},{"contents":[{"Left":"Importee.ℕ"},[]],"tag":"App"}],"tag":"Pi"},"original":{"contents":[{"item":{"contents":[{"Left":"Importee.ℕ"},[]],"tag":"App"},"name":"_"},{"contents":[{"Left":"Importee.ℕ"},[]],"tag":"App"}],"tag":"Pi"},"reduced":{"contents":[{"item":{"contents":[{"Left":"Importee.ℕ"},[]],"tag":"App"},"name":"_"},{"contents":[{"Left":"Importee.ℕ"},[]],"tag":"App"}],"tag":"Pi"},"simplified":{"contents":[{"item":{"contents":[{"Left":"Importee.ℕ"},[]],"tag":"App"},"name":"_"},{"contents":[{"Left":"Importee.ℕ"},[]],"tag":"App"}],"tag":"Pi"}}},"name":"Importee._+2"}],"name":"OpenModule"},"samples":[{"ctx":{"pretty":"","thing":[]},"goal":{"pretty":"Set","thing":{"normalised":{"contents":"Set","tag":"Sort"},"original":{"contents":"Set","tag":"Sort"},"reduced":{"contents":"Set","tag":"Sort"},"simplified":{"contents":"Set","tag":"Sort"}}},"term":{"pretty":"A","thing":{"normalised":{"contents":[{"Left":"OpenModule.A"},[]],"tag":"App"},"original":{"contents":[{"Left":"OpenModule.A"},[]],"tag":"App"},"reduced":{"contents":[{"Left":"OpenModule.A"},[]],"tag":"App"},"simplified":{"contents":[{"Left":"OpenModule.A"},[]],"tag":"App"}}},"namesUsed":["OpenModule.A"]}]}