{"scope":{"item":[{"item":{"pretty":"Set","thing":{"normalised":{"contents":"Set","tag":"Sort"},"original":{"contents":"Set","tag":"Sort"},"reduced":{"contents":"Set","tag":"Sort"},"simplified":{"contents":"Set","tag":"Sort"}}},"name":"Reduction.A#"},{"item":{"pretty":"A#","thing":{"normalised":{"contents":[{"Left":"Reduction.A#"},[]],"tag":"App"},"original":{"contents":[{"Left":"Reduction.A#"},[]],"tag":"App"},"reduced":{"contents":[{"Left":"Reduction.A#"},[]],"tag":"App"},"simplified":{"contents":[{"Left":"Reduction.A#"},[]],"tag":"App"}}},"name":"Reduction.A#.a#"},{"item":{"pretty":"Set","thing":{"normalised":{"contents":"Set","tag":"Sort"},"original":{"contents":"Set","tag":"Sort"},"reduced":{"contents":"Set","tag":"Sort"},"simplified":{"contents":"Set","tag":"Sort"}}},"name":"Reduction.A"},{"item":{"pretty":"A","thing":{"normalised":{"contents":[{"Left":"Reduction.A#"},[]],"tag":"App"},"original":{"contents":[{"Left":"Reduction.A"},[]],"tag":"App"},"reduced":{"contents":[{"Left":"Reduction.A#"},[]],"tag":"App"},"simplified":{"contents":[{"Left":"Reduction.A"},[]],"tag":"App"}}},"name":"Reduction.a"},{"item":{"pretty":"A → A","thing":{"normalised":{"contents":[{"item":{"contents":[{"Left":"Reduction.A#"},[]],"tag":"App"},"name":"_"},{"contents":[{"Left":"Reduction.A#"},[]],"tag":"App"}],"tag":"Pi"},"original":{"contents":[{"item":{"contents":[{"Left":"Reduction.A"},[]],"tag":"App"},"name":"_"},{"contents":[{"Left":"Reduction.A"},[]],"tag":"App"}],"tag":"Pi"},"reduced":{"contents":[{"item":{"contents":[{"Left":"Reduction.A"},[]],"tag":"App"},"name":"_"},{"contents":[{"Left":"Reduction.A"},[]],"tag":"App"}],"tag":"Pi"},"simplified":{"contents":[{"item":{"contents":[{"Left":"Reduction.A"},[]],"tag":"App"},"name":"_"},{"contents":[{"Left":"Reduction.A"},[]],"tag":"App"}],"tag":"Pi"}}},"name":"Reduction.f"},{"item":{"pretty":"{a = a₁ : Agda.Primitive.Level} {A = A₁ : Set a₁} →\nA₁ → A₁ → Set a₁","thing":{"normalised":{"contents":[{"item":{"contents":[{"Left":"Agda.Primitive.Level"},[]],"tag":"App"},"name":"a"},{"contents":[{"item":{"contents":"Set @0","tag":"Sort"},"name":"A"},{"contents":[{"item":{"contents":[{"Right":0},[]],"tag":"App"},"name":"x"},{"contents":[{"item":{"contents":[{"Right":0},[]],"tag":"App"},"name":"_"},{"contents":"Set @1","tag":"Sort"}],"tag":"Pi"}],"tag":"Pi"}],"tag":"Pi"}],"tag":"Pi"},"original":{"contents":[{"item":{"contents":[{"Left":"Agda.Primitive.Level"},[]],"tag":"App"},"name":"a"},{"contents":[{"item":{"contents":"Set @0","tag":"Sort"},"name":"A"},{"contents":[{"item":{"contents":[{"Right":0},[]],"tag":"App"},"name":"x"},{"contents":[{"item":{"contents":[{"Right":0},[]],"tag":"App"},"name":"_"},{"contents":"Set @1","tag":"Sort"}],"tag":"Pi"}],"tag":"Pi"}],"tag":"Pi"}],"tag":"Pi"},"reduced":{"contents":[{"item":{"contents":[{"Left":"Agda.Primitive.Level"},[]],"tag":"App"},"name":"a"},{"contents":[{"item":{"contents":"Set @0","tag":"Sort"},"name":"A"},{"contents":[{"item":{"contents":[{"Right":0},[]],"tag":"App"},"name":"x"},{"contents":[{"item":{"contents":[{"Right":0},[]],"tag":"App"},"name":"_"},{"contents":"Set @1","tag":"Sort"}],"tag":"Pi"}],"tag":"Pi"}],"tag":"Pi"}],"tag":"Pi"},"simplified":{"contents":[{"item":{"contents":[{"Left":"Agda.Primitive.Level"},[]],"tag":"App"},"name":"a"},{"contents":[{"item":{"contents":"Set @0","tag":"Sort"},"name":"A"},{"contents":[{"item":{"contents":[{"Right":0},[]],"tag":"App"},"name":"x"},{"contents":[{"item":{"contents":[{"Right":0},[]],"tag":"App"},"name":"_"},{"contents":"Set @1","tag":"Sort"}],"tag":"Pi"}],"tag":"Pi"}],"tag":"Pi"}],"tag":"Pi"}}},"name":"Agda.Builtin.Equality._≡_"},{"item":{"pretty":"f a ≡ f a","thing":{"normalised":{"contents":[{"Left":"Agda.Builtin.Equality._≡_"},[{"contents":"lzero","tag":"Level"},{"contents":[{"Left":"Reduction.A#"},[]],"tag":"App"},{"contents":[{"Left":"Reduction.A#.a#"},[]],"tag":"App"},{"contents":[{"Left":"Reduction.A#.a#"},[]],"tag":"App"}]],"tag":"App"},"original":{"contents":[{"Left":"Agda.Builtin.Equality._≡_"},[{"contents":"lzero","tag":"Level"},{"contents":[{"Left":"Reduction.A#"},[]],"tag":"App"},{"contents":[{"Left":"Reduction.f"},[{"contents":[{"Left":"Reduction.a"},[]],"tag":"App"}]],"tag":"App"},{"contents":[{"Left":"Reduction.f"},[{"contents":[{"Left":"Reduction.a"},[]],"tag":"App"}]],"tag":"App"}]],"tag":"App"},"reduced":{"contents":[{"Left":"Agda.Builtin.Equality._≡_"},[{"contents":"lzero","tag":"Level"},{"contents":[{"Left":"Reduction.A#"},[]],"tag":"App"},{"contents":[{"Left":"Reduction.f"},[{"contents":[{"Left":"Reduction.a"},[]],"tag":"App"}]],"tag":"App"},{"contents":[{"Left":"Reduction.f"},[{"contents":[{"Left":"Reduction.a"},[]],"tag":"App"}]],"tag":"App"}]],"tag":"App"},"simplified":{"contents":[{"Left":"Agda.Builtin.Equality._≡_"},[{"contents":"lzero","tag":"Level"},{"contents":[{"Left":"Reduction.A#"},[]],"tag":"App"},{"contents":[{"Left":"Reduction.a"},[]],"tag":"App"},{"contents":[{"Left":"Reduction.a"},[]],"tag":"App"}]],"tag":"App"}}},"name":"Reduction.eq"},{"item":{"pretty":"Set","thing":{"normalised":{"contents":"Set","tag":"Sort"},"original":{"contents":"Set","tag":"Sort"},"reduced":{"contents":"Set","tag":"Sort"},"simplified":{"contents":"Set","tag":"Sort"}}},"name":"Reduction.Nat"},{"item":{"pretty":"Nat","thing":{"normalised":{"contents":[{"Left":"Reduction.Nat"},[]],"tag":"App"},"original":{"contents":[{"Left":"Reduction.Nat"},[]],"tag":"App"},"reduced":{"contents":[{"Left":"Reduction.Nat"},[]],"tag":"App"},"simplified":{"contents":[{"Left":"Reduction.Nat"},[]],"tag":"App"}}},"name":"Reduction.Nat.zero"},{"item":{"pretty":"Nat → Nat","thing":{"normalised":{"contents":[{"item":{"contents":[{"Left":"Reduction.Nat"},[]],"tag":"App"},"name":"_"},{"contents":[{"Left":"Reduction.Nat"},[]],"tag":"App"}],"tag":"Pi"},"original":{"contents":[{"item":{"contents":[{"Left":"Reduction.Nat"},[]],"tag":"App"},"name":"_"},{"contents":[{"Left":"Reduction.Nat"},[]],"tag":"App"}],"tag":"Pi"},"reduced":{"contents":[{"item":{"contents":[{"Left":"Reduction.Nat"},[]],"tag":"App"},"name":"_"},{"contents":[{"Left":"Reduction.Nat"},[]],"tag":"App"}],"tag":"Pi"},"simplified":{"contents":[{"item":{"contents":[{"Left":"Reduction.Nat"},[]],"tag":"App"},"name":"_"},{"contents":[{"Left":"Reduction.Nat"},[]],"tag":"App"}],"tag":"Pi"}}},"name":"Reduction.Nat.suc"},{"item":{"pretty":"{a = a₁ : Agda.Primitive.Level} {A = A₁ : Set a₁} {x : A₁} → x ≡ x","thing":{"normalised":{"contents":[{"item":{"contents":[{"Left":"Agda.Primitive.Level"},[]],"tag":"App"},"name":"a"},{"contents":[{"item":{"contents":"Set @0","tag":"Sort"},"name":"A"},{"contents":[{"item":{"contents":[{"Right":0},[]],"tag":"App"},"name":"x"},{"contents":[{"Left":"Agda.Builtin.Equality._≡_"},[{"contents":[{"Right":2},[]],"tag":"App"},{"contents":[{"Right":1},[]],"tag":"App"},{"contents":[{"Right":0},[]],"tag":"App"},{"contents":[{"Right":0},[]],"tag":"App"}]],"tag":"App"}],"tag":"Pi"}],"tag":"Pi"}],"tag":"Pi"},"original":{"contents":[{"item":{"contents":[{"Left":"Agda.Primitive.Level"},[]],"tag":"App"},"name":"a"},{"contents":[{"item":{"contents":"Set @0","tag":"Sort"},"name":"A"},{"contents":[{"item":{"contents":[{"Right":0},[]],"tag":"App"},"name":"x"},{"contents":[{"Left":"Agda.Builtin.Equality._≡_"},[{"contents":[{"Right":2},[]],"tag":"App"},{"contents":[{"Right":1},[]],"tag":"App"},{"contents":[{"Right":0},[]],"tag":"App"},{"contents":[{"Right":0},[]],"tag":"App"}]],"tag":"App"}],"tag":"Pi"}],"tag":"Pi"}],"tag":"Pi"},"reduced":{"contents":[{"item":{"contents":[{"Left":"Agda.Primitive.Level"},[]],"tag":"App"},"name":"a"},{"contents":[{"item":{"contents":"Set @0","tag":"Sort"},"name":"A"},{"contents":[{"item":{"contents":[{"Right":0},[]],"tag":"App"},"name":"x"},{"contents":[{"Left":"Agda.Builtin.Equality._≡_"},[{"contents":[{"Right":2},[]],"tag":"App"},{"contents":[{"Right":1},[]],"tag":"App"},{"contents":[{"Right":0},[]],"tag":"App"},{"contents":[{"Right":0},[]],"tag":"App"}]],"tag":"App"}],"tag":"Pi"}],"tag":"Pi"}],"tag":"Pi"},"simplified":{"contents":[{"item":{"contents":[{"Left":"Agda.Primitive.Level"},[]],"tag":"App"},"name":"a"},{"contents":[{"item":{"contents":"Set @0","tag":"Sort"},"name":"A"},{"contents":[{"item":{"contents":[{"Right":0},[]],"tag":"App"},"name":"x"},{"contents":[{"Left":"Agda.Builtin.Equality._≡_"},[{"contents":[{"Right":2},[]],"tag":"App"},{"contents":[{"Right":1},[]],"tag":"App"},{"contents":[{"Right":0},[]],"tag":"App"},{"contents":[{"Right":0},[]],"tag":"App"}]],"tag":"App"}],"tag":"Pi"}],"tag":"Pi"}],"tag":"Pi"}}},"name":"Agda.Builtin.Equality._≡_.refl"},{"item":{"pretty":"Nat","thing":{"normalised":{"contents":[{"Left":"Reduction.Nat"},[]],"tag":"App"},"original":{"contents":[{"Left":"Reduction.Nat"},[]],"tag":"App"},"reduced":{"contents":[{"Left":"Reduction.Nat"},[]],"tag":"App"},"simplified":{"contents":[{"Left":"Reduction.Nat"},[]],"tag":"App"}}},"name":"Reduction.one"},{"item":{"pretty":"Nat","thing":{"normalised":{"contents":[{"Left":"Reduction.Nat"},[]],"tag":"App"},"original":{"contents":[{"Left":"Reduction.Nat"},[]],"tag":"App"},"reduced":{"contents":[{"Left":"Reduction.Nat"},[]],"tag":"App"},"simplified":{"contents":[{"Left":"Reduction.Nat"},[]],"tag":"App"}}},"name":"Reduction.two"},{"item":{"pretty":"Nat","thing":{"normalised":{"contents":[{"Left":"Reduction.Nat"},[]],"tag":"App"},"original":{"contents":[{"Left":"Reduction.Nat"},[]],"tag":"App"},"reduced":{"contents":[{"Left":"Reduction.Nat"},[]],"tag":"App"},"simplified":{"contents":[{"Left":"Reduction.Nat"},[]],"tag":"App"}}},"name":"Reduction.three"},{"item":{"pretty":"Nat → Nat","thing":{"normalised":{"contents":[{"item":{"contents":[{"Left":"Reduction.Nat"},[]],"tag":"App"},"name":"_"},{"contents":[{"Left":"Reduction.Nat"},[]],"tag":"App"}],"tag":"Pi"},"original":{"contents":[{"item":{"contents":[{"Left":"Reduction.Nat"},[]],"tag":"App"},"name":"_"},{"contents":[{"Left":"Reduction.Nat"},[]],"tag":"App"}],"tag":"Pi"},"reduced":{"contents":[{"item":{"contents":[{"Left":"Reduction.Nat"},[]],"tag":"App"},"name":"_"},{"contents":[{"Left":"Reduction.Nat"},[]],"tag":"App"}],"tag":"Pi"},"simplified":{"contents":[{"item":{"contents":[{"Left":"Reduction.Nat"},[]],"tag":"App"},"name":"_"},{"contents":[{"Left":"Reduction.Nat"},[]],"tag":"App"}],"tag":"Pi"}}},"name":"Reduction.twice"},{"item":{"pretty":"Nat → Nat","thing":{"normalised":{"contents":[{"item":{"contents":[{"Left":"Reduction.Nat"},[]],"tag":"App"},"name":"_"},{"contents":[{"Left":"Reduction.Nat"},[]],"tag":"App"}],"tag":"Pi"},"original":{"contents":[{"item":{"contents":[{"Left":"Reduction.Nat"},[]],"tag":"App"},"name":"_"},{"contents":[{"Left":"Reduction.Nat"},[]],"tag":"App"}],"tag":"Pi"},"reduced":{"contents":[{"item":{"contents":[{"Left":"Reduction.Nat"},[]],"tag":"App"},"name":"_"},{"contents":[{"Left":"Reduction.Nat"},[]],"tag":"App"}],"tag":"Pi"},"simplified":{"contents":[{"item":{"contents":[{"Left":"Reduction.Nat"},[]],"tag":"App"},"name":"_"},{"contents":[{"Left":"Reduction.Nat"},[]],"tag":"App"}],"tag":"Pi"}}},"name":"Reduction.pow2"},{"item":{"pretty":"Nat → Nat","thing":{"normalised":{"contents":[{"item":{"contents":[{"Left":"Reduction.Nat"},[]],"tag":"App"},"name":"_"},{"contents":[{"Left":"Reduction.Nat"},[]],"tag":"App"}],"tag":"Pi"},"original":{"contents":[{"item":{"contents":[{"Left":"Reduction.Nat"},[]],"tag":"App"},"name":"_"},{"contents":[{"Left":"Reduction.Nat"},[]],"tag":"App"}],"tag":"Pi"},"reduced":{"contents":[{"item":{"contents":[{"Left":"Reduction.Nat"},[]],"tag":"App"},"name":"_"},{"contents":[{"Left":"Reduction.Nat"},[]],"tag":"App"}],"tag":"Pi"},"simplified":{"contents":[{"item":{"contents":[{"Left":"Reduction.Nat"},[]],"tag":"App"},"name":"_"},{"contents":[{"Left":"Reduction.Nat"},[]],"tag":"App"}],"tag":"Pi"}}},"name":"Reduction.consume"},{"item":{"pretty":"Nat","thing":{"normalised":{"contents":[{"Left":"Reduction.Nat"},[]],"tag":"App"},"original":{"contents":[{"Left":"Reduction.Nat"},[]],"tag":"App"},"reduced":{"contents":[{"Left":"Reduction.Nat"},[]],"tag":"App"},"simplified":{"contents":[{"Left":"Reduction.Nat"},[]],"tag":"App"}}},"name":"Reduction.test2"}],"name":"Reduction"},"samples":[{"ctx":{"pretty":"","thing":[]},"goal":{"pretty":"Set","thing":{"normalised":{"contents":"Set","tag":"Sort"},"original":{"contents":"Set","tag":"Sort"},"reduced":{"contents":"Set","tag":"Sort"},"simplified":{"contents":"Set","tag":"Sort"}}},"term":{"pretty":"A#","thing":{"normalised":{"contents":[{"Left":"Reduction.A#"},[]],"tag":"App"},"original":{"contents":[{"Left":"Reduction.A#"},[]],"tag":"App"},"reduced":{"contents":[{"Left":"Reduction.A#"},[]],"tag":"App"},"simplified":{"contents":[{"Left":"Reduction.A#"},[]],"tag":"App"}}},"namesUsed":["Reduction.A#"]},{"ctx":{"pretty":"","thing":[]},"goal":{"pretty":"A","thing":{"normalised":{"contents":[{"Left":"Reduction.A#"},[]],"tag":"App"},"original":{"contents":[{"Left":"Reduction.A"},[]],"tag":"App"},"reduced":{"contents":[{"Left":"Reduction.A#"},[]],"tag":"App"},"simplified":{"contents":[{"Left":"Reduction.A"},[]],"tag":"App"}}},"term":{"pretty":"a#","thing":{"normalised":{"contents":[{"Left":"Reduction.A#.a#"},[]],"tag":"App"},"original":{"contents":[{"Left":"Reduction.A#.a#"},[]],"tag":"App"},"reduced":{"contents":[{"Left":"Reduction.A#.a#"},[]],"tag":"App"},"simplified":{"contents":[{"Left":"Reduction.A#.a#"},[]],"tag":"App"}}},"namesUsed":["Reduction.A#.a#"]},{"ctx":{"pretty":"","thing":[]},"goal":{"pretty":"A","thing":{"normalised":{"contents":[{"Left":"Reduction.A#"},[]],"tag":"App"},"original":{"contents":[{"Left":"Reduction.A"},[]],"tag":"App"},"reduced":{"contents":[{"Left":"Reduction.A#"},[]],"tag":"App"},"simplified":{"contents":[{"Left":"Reduction.A"},[]],"tag":"App"}}},"term":{"pretty":"a","thing":{"normalised":{"contents":[{"Left":"Reduction.A#.a#"},[]],"tag":"App"},"original":{"contents":[{"Left":"Reduction.a"},[]],"tag":"App"},"reduced":{"contents":[{"Left":"Reduction.A#.a#"},[]],"tag":"App"},"simplified":{"contents":[{"Left":"Reduction.a"},[]],"tag":"App"}}},"namesUsed":["Reduction.a"]},{"ctx":{"pretty":"","thing":[]},"goal":{"pretty":"f a ≡ f a","thing":{"normalised":{"contents":[{"Left":"Agda.Builtin.Equality._≡_"},[{"contents":"lzero","tag":"Level"},{"contents":[{"Left":"Reduction.A#"},[]],"tag":"App"},{"contents":[{"Left":"Reduction.A#.a#"},[]],"tag":"App"},{"contents":[{"Left":"Reduction.A#.a#"},[]],"tag":"App"}]],"tag":"App"},"original":{"contents":[{"Left":"Agda.Builtin.Equality._≡_"},[{"contents":"lzero","tag":"Level"},{"contents":[{"Left":"Reduction.A#"},[]],"tag":"App"},{"contents":[{"Left":"Reduction.f"},[{"contents":[{"Left":"Reduction.a"},[]],"tag":"App"}]],"tag":"App"},{"contents":[{"Left":"Reduction.f"},[{"contents":[{"Left":"Reduction.a"},[]],"tag":"App"}]],"tag":"App"}]],"tag":"App"},"reduced":{"contents":[{"Left":"Agda.Builtin.Equality._≡_"},[{"contents":"lzero","tag":"Level"},{"contents":[{"Left":"Reduction.A#"},[]],"tag":"App"},{"contents":[{"Left":"Reduction.f"},[{"contents":[{"Left":"Reduction.a"},[]],"tag":"App"}]],"tag":"App"},{"contents":[{"Left":"Reduction.f"},[{"contents":[{"Left":"Reduction.a"},[]],"tag":"App"}]],"tag":"App"}]],"tag":"App"},"simplified":{"contents":[{"Left":"Agda.Builtin.Equality._≡_"},[{"contents":"lzero","tag":"Level"},{"contents":[{"Left":"Reduction.A#"},[]],"tag":"App"},{"contents":[{"Left":"Reduction.a"},[]],"tag":"App"},{"contents":[{"Left":"Reduction.a"},[]],"tag":"App"}]],"tag":"App"}}},"term":{"pretty":"refl","thing":{"normalised":{"contents":[{"Left":"Agda.Builtin.Equality._≡_.refl"},[]],"tag":"App"},"original":{"contents":[{"Left":"Agda.Builtin.Equality._≡_.refl"},[]],"tag":"App"},"reduced":{"contents":[{"Left":"Agda.Builtin.Equality._≡_.refl"},[]],"tag":"App"},"simplified":{"contents":[{"Left":"Agda.Builtin.Equality._≡_.refl"},[]],"tag":"App"}}},"namesUsed":["Agda.Builtin.Equality._≡_.refl"]},{"ctx":{"pretty":"","thing":[]},"goal":{"pretty":"Nat","thing":{"normalised":{"contents":[{"Left":"Reduction.Nat"},[]],"tag":"App"},"original":{"contents":[{"Left":"Reduction.Nat"},[]],"tag":"App"},"reduced":{"contents":[{"Left":"Reduction.Nat"},[]],"tag":"App"},"simplified":{"contents":[{"Left":"Reduction.Nat"},[]],"tag":"App"}}},"term":{"pretty":"suc zero","thing":{"normalised":{"contents":[{"Left":"Reduction.Nat.suc"},[{"contents":[{"Left":"Reduction.Nat.zero"},[]],"tag":"App"}]],"tag":"App"},"original":{"contents":[{"Left":"Reduction.Nat.suc"},[{"contents":[{"Left":"Reduction.Nat.zero"},[]],"tag":"App"}]],"tag":"App"},"reduced":{"contents":[{"Left":"Reduction.Nat.suc"},[{"contents":[{"Left":"Reduction.Nat.zero"},[]],"tag":"App"}]],"tag":"App"},"simplified":{"contents":[{"Left":"Reduction.Nat.suc"},[{"contents":[{"Left":"Reduction.Nat.zero"},[]],"tag":"App"}]],"tag":"App"}}},"namesUsed":["Reduction.Nat.suc","Reduction.Nat.zero"]},{"ctx":{"pretty":"","thing":[]},"goal":{"pretty":"Nat","thing":{"normalised":{"contents":[{"Left":"Reduction.Nat"},[]],"tag":"App"},"original":{"contents":[{"Left":"Reduction.Nat"},[]],"tag":"App"},"reduced":{"contents":[{"Left":"Reduction.Nat"},[]],"tag":"App"},"simplified":{"contents":[{"Left":"Reduction.Nat"},[]],"tag":"App"}}},"term":{"pretty":"zero","thing":{"normalised":{"contents":[{"Left":"Reduction.Nat.zero"},[]],"tag":"App"},"original":{"contents":[{"Left":"Reduction.Nat.zero"},[]],"tag":"App"},"reduced":{"contents":[{"Left":"Reduction.Nat.zero"},[]],"tag":"App"},"simplified":{"contents":[{"Left":"Reduction.Nat.zero"},[]],"tag":"App"}}},"namesUsed":["Reduction.Nat.zero"]},{"ctx":{"pretty":"","thing":[]},"goal":{"pretty":"Nat","thing":{"normalised":{"contents":[{"Left":"Reduction.Nat"},[]],"tag":"App"},"original":{"contents":[{"Left":"Reduction.Nat"},[]],"tag":"App"},"reduced":{"contents":[{"Left":"Reduction.Nat"},[]],"tag":"App"},"simplified":{"contents":[{"Left":"Reduction.Nat"},[]],"tag":"App"}}},"term":{"pretty":"suc one","thing":{"normalised":{"contents":[{"Left":"Reduction.Nat.suc"},[{"contents":[{"Left":"Reduction.Nat.suc"},[{"contents":[{"Left":"Reduction.Nat.zero"},[]],"tag":"App"}]],"tag":"App"}]],"tag":"App"},"original":{"contents":[{"Left":"Reduction.Nat.suc"},[{"contents":[{"Left":"Reduction.one"},[]],"tag":"App"}]],"tag":"App"},"reduced":{"contents":[{"Left":"Reduction.Nat.suc"},[{"contents":[{"Left":"Reduction.one"},[]],"tag":"App"}]],"tag":"App"},"simplified":{"contents":[{"Left":"Reduction.Nat.suc"},[{"contents":[{"Left":"Reduction.one"},[]],"tag":"App"}]],"tag":"App"}}},"namesUsed":["Reduction.Nat.suc","Reduction.one"]},{"ctx":{"pretty":"","thing":[]},"goal":{"pretty":"Nat","thing":{"normalised":{"contents":[{"Left":"Reduction.Nat"},[]],"tag":"App"},"original":{"contents":[{"Left":"Reduction.Nat"},[]],"tag":"App"},"reduced":{"contents":[{"Left":"Reduction.Nat"},[]],"tag":"App"},"simplified":{"contents":[{"Left":"Reduction.Nat"},[]],"tag":"App"}}},"term":{"pretty":"one","thing":{"normalised":{"contents":[{"Left":"Reduction.Nat.suc"},[{"contents":[{"Left":"Reduction.Nat.zero"},[]],"tag":"App"}]],"tag":"App"},"original":{"contents":[{"Left":"Reduction.one"},[]],"tag":"App"},"reduced":{"contents":[{"Left":"Reduction.Nat.suc"},[{"contents":[{"Left":"Reduction.Nat.zero"},[]],"tag":"App"}]],"tag":"App"},"simplified":{"contents":[{"Left":"Reduction.one"},[]],"tag":"App"}}},"namesUsed":["Reduction.one"]},{"ctx":{"pretty":"","thing":[]},"goal":{"pretty":"Nat","thing":{"normalised":{"contents":[{"Left":"Reduction.Nat"},[]],"tag":"App"},"original":{"contents":[{"Left":"Reduction.Nat"},[]],"tag":"App"},"reduced":{"contents":[{"Left":"Reduction.Nat"},[]],"tag":"App"},"simplified":{"contents":[{"Left":"Reduction.Nat"},[]],"tag":"App"}}},"term":{"pretty":"suc two","thing":{"normalised":{"contents":[{"Left":"Reduction.Nat.suc"},[{"contents":[{"Left":"Reduction.Nat.suc"},[{"contents":[{"Left":"Reduction.Nat.suc"},[{"contents":[{"Left":"Reduction.Nat.zero"},[]],"tag":"App"}]],"tag":"App"}]],"tag":"App"}]],"tag":"App"},"original":{"contents":[{"Left":"Reduction.Nat.suc"},[{"contents":[{"Left":"Reduction.two"},[]],"tag":"App"}]],"tag":"App"},"reduced":{"contents":[{"Left":"Reduction.Nat.suc"},[{"contents":[{"Left":"Reduction.two"},[]],"tag":"App"}]],"tag":"App"},"simplified":{"contents":[{"Left":"Reduction.Nat.suc"},[{"contents":[{"Left":"Reduction.two"},[]],"tag":"App"}]],"tag":"App"}}},"namesUsed":["Reduction.Nat.suc","Reduction.two"]},{"ctx":{"pretty":"","thing":[]},"goal":{"pretty":"Nat","thing":{"normalised":{"contents":[{"Left":"Reduction.Nat"},[]],"tag":"App"},"original":{"contents":[{"Left":"Reduction.Nat"},[]],"tag":"App"},"reduced":{"contents":[{"Left":"Reduction.Nat"},[]],"tag":"App"},"simplified":{"contents":[{"Left":"Reduction.Nat"},[]],"tag":"App"}}},"term":{"pretty":"two","thing":{"normalised":{"contents":[{"Left":"Reduction.Nat.suc"},[{"contents":[{"Left":"Reduction.Nat.suc"},[{"contents":[{"Left":"Reduction.Nat.zero"},[]],"tag":"App"}]],"tag":"App"}]],"tag":"App"},"original":{"contents":[{"Left":"Reduction.two"},[]],"tag":"App"},"reduced":{"contents":[{"Left":"Reduction.Nat.suc"},[{"contents":[{"Left":"Reduction.one"},[]],"tag":"App"}]],"tag":"App"},"simplified":{"contents":[{"Left":"Reduction.two"},[]],"tag":"App"}}},"namesUsed":["Reduction.two"]},{"ctx":{"pretty":"","thing":[]},"goal":{"pretty":"Nat","thing":{"normalised":{"contents":[{"Left":"Reduction.Nat"},[]],"tag":"App"},"original":{"contents":[{"Left":"Reduction.Nat"},[]],"tag":"App"},"reduced":{"contents":[{"Left":"Reduction.Nat"},[]],"tag":"App"},"simplified":{"contents":[{"Left":"Reduction.Nat"},[]],"tag":"App"}}},"term":{"pretty":"zero","thing":{"normalised":{"contents":[{"Left":"Reduction.Nat.zero"},[]],"tag":"App"},"original":{"contents":[{"Left":"Reduction.Nat.zero"},[]],"tag":"App"},"reduced":{"contents":[{"Left":"Reduction.Nat.zero"},[]],"tag":"App"},"simplified":{"contents":[{"Left":"Reduction.Nat.zero"},[]],"tag":"App"}}},"namesUsed":["Reduction.Nat.zero"]},{"ctx":{"pretty":"(n : Nat)","thing":[{"item":{"contents":[{"Left":"Reduction.Nat"},[]],"tag":"App"},"name":"n"}]},"goal":{"pretty":"Nat","thing":{"normalised":{"contents":[{"Left":"Reduction.Nat"},[]],"tag":"App"},"original":{"contents":[{"Left":"Reduction.Nat"},[]],"tag":"App"},"reduced":{"contents":[{"Left":"Reduction.Nat"},[]],"tag":"App"},"simplified":{"contents":[{"Left":"Reduction.Nat"},[]],"tag":"App"}}},"term":{"pretty":"suc (suc (twice n))","thing":{"normalised":{"contents":[{"Left":"Reduction.Nat.suc"},[{"contents":[{"Left":"Reduction.Nat.suc"},[{"contents":[{"Left":"Reduction.twice"},[{"contents":[{"Right":0},[]],"tag":"App"}]],"tag":"App"}]],"tag":"App"}]],"tag":"App"},"original":{"contents":[{"Left":"Reduction.Nat.suc"},[{"contents":[{"Left":"Reduction.Nat.suc"},[{"contents":[{"Left":"Reduction.twice"},[{"contents":[{"Right":0},[]],"tag":"App"}]],"tag":"App"}]],"tag":"App"}]],"tag":"App"},"reduced":{"contents":[{"Left":"Reduction.Nat.suc"},[{"contents":[{"Left":"Reduction.Nat.suc"},[{"contents":[{"Left":"Reduction.twice"},[{"contents":[{"Right":0},[]],"tag":"App"}]],"tag":"App"}]],"tag":"App"}]],"tag":"App"},"simplified":{"contents":[{"Left":"Reduction.Nat.suc"},[{"contents":[{"Left":"Reduction.Nat.suc"},[{"contents":[{"Left":"Reduction.twice"},[{"contents":[{"Right":0},[]],"tag":"App"}]],"tag":"App"}]],"tag":"App"}]],"tag":"App"}}},"namesUsed":["Reduction.Nat.suc","Reduction.Nat.suc","Reduction.twice"]},{"ctx":{"pretty":"(n₁ : Nat)","thing":[{"item":{"contents":[{"Left":"Reduction.Nat"},[]],"tag":"App"},"name":"n"}]},"goal":{"pretty":"Nat","thing":{"normalised":{"contents":[{"Left":"Reduction.Nat"},[]],"tag":"App"},"original":{"contents":[{"Left":"Reduction.Nat"},[]],"tag":"App"},"reduced":{"contents":[{"Left":"Reduction.Nat"},[]],"tag":"App"},"simplified":{"contents":[{"Left":"Reduction.Nat"},[]],"tag":"App"}}},"term":{"pretty":"suc (twice n)","thing":{"normalised":{"contents":[{"Left":"Reduction.Nat.suc"},[{"contents":[{"Left":"Reduction.twice"},[{"contents":[{"Right":0},[]],"tag":"App"}]],"tag":"App"}]],"tag":"App"},"original":{"contents":[{"Left":"Reduction.Nat.suc"},[{"contents":[{"Left":"Reduction.twice"},[{"contents":[{"Right":0},[]],"tag":"App"}]],"tag":"App"}]],"tag":"App"},"reduced":{"contents":[{"Left":"Reduction.Nat.suc"},[{"contents":[{"Left":"Reduction.twice"},[{"contents":[{"Right":0},[]],"tag":"App"}]],"tag":"App"}]],"tag":"App"},"simplified":{"contents":[{"Left":"Reduction.Nat.suc"},[{"contents":[{"Left":"Reduction.twice"},[{"contents":[{"Right":0},[]],"tag":"App"}]],"tag":"App"}]],"tag":"App"}}},"namesUsed":["Reduction.Nat.suc","Reduction.twice"]},{"ctx":{"pretty":"(n₁ : Nat)","thing":[{"item":{"contents":[{"Left":"Reduction.Nat"},[]],"tag":"App"},"name":"n"}]},"goal":{"pretty":"Nat","thing":{"normalised":{"contents":[{"Left":"Reduction.Nat"},[]],"tag":"App"},"original":{"contents":[{"Left":"Reduction.Nat"},[]],"tag":"App"},"reduced":{"contents":[{"Left":"Reduction.Nat"},[]],"tag":"App"},"simplified":{"contents":[{"Left":"Reduction.Nat"},[]],"tag":"App"}}},"term":{"pretty":"twice n","thing":{"normalised":{"contents":[{"Left":"Reduction.twice"},[{"contents":[{"Right":0},[]],"tag":"App"}]],"tag":"App"},"original":{"contents":[{"Left":"Reduction.twice"},[{"contents":[{"Right":0},[]],"tag":"App"}]],"tag":"App"},"reduced":{"contents":[{"Left":"Reduction.twice"},[{"contents":[{"Right":0},[]],"tag":"App"}]],"tag":"App"},"simplified":{"contents":[{"Left":"Reduction.twice"},[{"contents":[{"Right":0},[]],"tag":"App"}]],"tag":"App"}}},"namesUsed":["Reduction.twice"]},{"ctx":{"pretty":"","thing":[]},"goal":{"pretty":"Nat","thing":{"normalised":{"contents":[{"Left":"Reduction.Nat"},[]],"tag":"App"},"original":{"contents":[{"Left":"Reduction.Nat"},[]],"tag":"App"},"reduced":{"contents":[{"Left":"Reduction.Nat"},[]],"tag":"App"},"simplified":{"contents":[{"Left":"Reduction.Nat"},[]],"tag":"App"}}},"term":{"pretty":"suc zero","thing":{"normalised":{"contents":[{"Left":"Reduction.Nat.suc"},[{"contents":[{"Left":"Reduction.Nat.zero"},[]],"tag":"App"}]],"tag":"App"},"original":{"contents":[{"Left":"Reduction.Nat.suc"},[{"contents":[{"Left":"Reduction.Nat.zero"},[]],"tag":"App"}]],"tag":"App"},"reduced":{"contents":[{"Left":"Reduction.Nat.suc"},[{"contents":[{"Left":"Reduction.Nat.zero"},[]],"tag":"App"}]],"tag":"App"},"simplified":{"contents":[{"Left":"Reduction.Nat.suc"},[{"contents":[{"Left":"Reduction.Nat.zero"},[]],"tag":"App"}]],"tag":"App"}}},"namesUsed":["Reduction.Nat.suc","Reduction.Nat.zero"]},{"ctx":{"pretty":"","thing":[]},"goal":{"pretty":"Nat","thing":{"normalised":{"contents":[{"Left":"Reduction.Nat"},[]],"tag":"App"},"original":{"contents":[{"Left":"Reduction.Nat"},[]],"tag":"App"},"reduced":{"contents":[{"Left":"Reduction.Nat"},[]],"tag":"App"},"simplified":{"contents":[{"Left":"Reduction.Nat"},[]],"tag":"App"}}},"term":{"pretty":"zero","thing":{"normalised":{"contents":[{"Left":"Reduction.Nat.zero"},[]],"tag":"App"},"original":{"contents":[{"Left":"Reduction.Nat.zero"},[]],"tag":"App"},"reduced":{"contents":[{"Left":"Reduction.Nat.zero"},[]],"tag":"App"},"simplified":{"contents":[{"Left":"Reduction.Nat.zero"},[]],"tag":"App"}}},"namesUsed":["Reduction.Nat.zero"]},{"ctx":{"pretty":"(n : Nat)","thing":[{"item":{"contents":[{"Left":"Reduction.Nat"},[]],"tag":"App"},"name":"n"}]},"goal":{"pretty":"Nat","thing":{"normalised":{"contents":[{"Left":"Reduction.Nat"},[]],"tag":"App"},"original":{"contents":[{"Left":"Reduction.Nat"},[]],"tag":"App"},"reduced":{"contents":[{"Left":"Reduction.Nat"},[]],"tag":"App"},"simplified":{"contents":[{"Left":"Reduction.Nat"},[]],"tag":"App"}}},"term":{"pretty":"twice (pow2 n)","thing":{"normalised":{"contents":[{"Left":"Reduction.twice"},[{"contents":[{"Left":"Reduction.pow2"},[{"contents":[{"Right":0},[]],"tag":"App"}]],"tag":"App"}]],"tag":"App"},"original":{"contents":[{"Left":"Reduction.twice"},[{"contents":[{"Left":"Reduction.pow2"},[{"contents":[{"Right":0},[]],"tag":"App"}]],"tag":"App"}]],"tag":"App"},"reduced":{"contents":[{"Left":"Reduction.twice"},[{"contents":[{"Left":"Reduction.pow2"},[{"contents":[{"Right":0},[]],"tag":"App"}]],"tag":"App"}]],"tag":"App"},"simplified":{"contents":[{"Left":"Reduction.twice"},[{"contents":[{"Left":"Reduction.pow2"},[{"contents":[{"Right":0},[]],"tag":"App"}]],"tag":"App"}]],"tag":"App"}}},"namesUsed":["Reduction.twice","Reduction.pow2"]},{"ctx":{"pretty":"(n₁ : Nat)","thing":[{"item":{"contents":[{"Left":"Reduction.Nat"},[]],"tag":"App"},"name":"n"}]},"goal":{"pretty":"Nat","thing":{"normalised":{"contents":[{"Left":"Reduction.Nat"},[]],"tag":"App"},"original":{"contents":[{"Left":"Reduction.Nat"},[]],"tag":"App"},"reduced":{"contents":[{"Left":"Reduction.Nat"},[]],"tag":"App"},"simplified":{"contents":[{"Left":"Reduction.Nat"},[]],"tag":"App"}}},"term":{"pretty":"pow2 n","thing":{"normalised":{"contents":[{"Left":"Reduction.pow2"},[{"contents":[{"Right":0},[]],"tag":"App"}]],"tag":"App"},"original":{"contents":[{"Left":"Reduction.pow2"},[{"contents":[{"Right":0},[]],"tag":"App"}]],"tag":"App"},"reduced":{"contents":[{"Left":"Reduction.pow2"},[{"contents":[{"Right":0},[]],"tag":"App"}]],"tag":"App"},"simplified":{"contents":[{"Left":"Reduction.pow2"},[{"contents":[{"Right":0},[]],"tag":"App"}]],"tag":"App"}}},"namesUsed":["Reduction.pow2"]},{"ctx":{"pretty":"","thing":[]},"goal":{"pretty":"Nat","thing":{"normalised":{"contents":[{"Left":"Reduction.Nat"},[]],"tag":"App"},"original":{"contents":[{"Left":"Reduction.Nat"},[]],"tag":"App"},"reduced":{"contents":[{"Left":"Reduction.Nat"},[]],"tag":"App"},"simplified":{"contents":[{"Left":"Reduction.Nat"},[]],"tag":"App"}}},"term":{"pretty":"zero","thing":{"normalised":{"contents":[{"Left":"Reduction.Nat.zero"},[]],"tag":"App"},"original":{"contents":[{"Left":"Reduction.Nat.zero"},[]],"tag":"App"},"reduced":{"contents":[{"Left":"Reduction.Nat.zero"},[]],"tag":"App"},"simplified":{"contents":[{"Left":"Reduction.Nat.zero"},[]],"tag":"App"}}},"namesUsed":["Reduction.Nat.zero"]},{"ctx":{"pretty":"(n : Nat)","thing":[{"item":{"contents":[{"Left":"Reduction.Nat"},[]],"tag":"App"},"name":"n"}]},"goal":{"pretty":"Nat","thing":{"normalised":{"contents":[{"Left":"Reduction.Nat"},[]],"tag":"App"},"original":{"contents":[{"Left":"Reduction.Nat"},[]],"tag":"App"},"reduced":{"contents":[{"Left":"Reduction.Nat"},[]],"tag":"App"},"simplified":{"contents":[{"Left":"Reduction.Nat"},[]],"tag":"App"}}},"term":{"pretty":"consume n","thing":{"normalised":{"contents":[{"Left":"Reduction.consume"},[{"contents":[{"Right":0},[]],"tag":"App"}]],"tag":"App"},"original":{"contents":[{"Left":"Reduction.consume"},[{"contents":[{"Right":0},[]],"tag":"App"}]],"tag":"App"},"reduced":{"contents":[{"Left":"Reduction.consume"},[{"contents":[{"Right":0},[]],"tag":"App"}]],"tag":"App"},"simplified":{"contents":[{"Left":"Reduction.consume"},[{"contents":[{"Right":0},[]],"tag":"App"}]],"tag":"App"}}},"namesUsed":["Reduction.consume"]},{"ctx":{"pretty":"","thing":[]},"goal":{"pretty":"Nat","thing":{"normalised":{"contents":[{"Left":"Reduction.Nat"},[]],"tag":"App"},"original":{"contents":[{"Left":"Reduction.Nat"},[]],"tag":"App"},"reduced":{"contents":[{"Left":"Reduction.Nat"},[]],"tag":"App"},"simplified":{"contents":[{"Left":"Reduction.Nat"},[]],"tag":"App"}}},"term":{"pretty":"consume (pow2 (twice (twice (twice three))))","thing":{"normalised":null,"original":{"contents":[{"Left":"Reduction.consume"},[{"contents":[{"Left":"Reduction.pow2"},[{"contents":[{"Left":"Reduction.twice"},[{"contents":[{"Left":"Reduction.twice"},[{"contents":[{"Left":"Reduction.twice"},[{"contents":[{"Left":"Reduction.three"},[]],"tag":"App"}]],"tag":"App"}]],"tag":"App"}]],"tag":"App"}]],"tag":"App"}]],"tag":"App"},"reduced":null,"simplified":null}},"namesUsed":["Reduction.consume","Reduction.pow2","Reduction.twice","Reduction.twice","Reduction.twice","Reduction.three"]},{"ctx":{"pretty":"","thing":[]},"goal":{"pretty":"Nat","thing":{"normalised":{"contents":[{"Left":"Reduction.Nat"},[]],"tag":"App"},"original":{"contents":[{"Left":"Reduction.Nat"},[]],"tag":"App"},"reduced":{"contents":[{"Left":"Reduction.Nat"},[]],"tag":"App"},"simplified":{"contents":[{"Left":"Reduction.Nat"},[]],"tag":"App"}}},"term":{"pretty":"pow2 (twice (twice (twice three)))","thing":{"normalised":null,"original":{"contents":[{"Left":"Reduction.pow2"},[{"contents":[{"Left":"Reduction.twice"},[{"contents":[{"Left":"Reduction.twice"},[{"contents":[{"Left":"Reduction.twice"},[{"contents":[{"Left":"Reduction.three"},[]],"tag":"App"}]],"tag":"App"}]],"tag":"App"}]],"tag":"App"}]],"tag":"App"},"reduced":{"contents":[{"Left":"Reduction.Nat.suc"},[{"contents":[{"Left":"Reduction.Nat.suc"},[{"contents":[{"Left":"Reduction.twice"},[{"contents":[{"Left":"Reduction.Nat.suc"},[{"contents":[{"Left":"Reduction.twice"},[{"contents":[{"Left":"Reduction.Nat.suc"},[{"contents":[{"Left":"Reduction.twice"},[{"contents":[{"Left":"Reduction.Nat.suc"},[{"contents":[{"Left":"Reduction.twice"},[{"contents":[{"Left":"Reduction.Nat.suc"},[{"contents":[{"Left":"Reduction.twice"},[{"contents":[{"Left":"Reduction.Nat.suc"},[{"contents":[{"Left":"Reduction.twice"},[{"contents":[{"Left":"Reduction.Nat.suc"},[{"contents":[{"Left":"Reduction.twice"},[{"contents":[{"Left":"Reduction.Nat.suc"},[{"contents":[{"Left":"Reduction.twice"},[{"contents":[{"Left":"Reduction.Nat.suc"},[{"contents":[{"Left":"Reduction.twice"},[{"contents":[{"Left":"Reduction.Nat.suc"},[{"contents":[{"Left":"Reduction.twice"},[{"contents":[{"Left":"Reduction.Nat.suc"},[{"contents":[{"Left":"Reduction.twice"},[{"contents":[{"Left":"Reduction.Nat.suc"},[{"contents":[{"Left":"Reduction.twice"},[{"contents":[{"Left":"Reduction.Nat.suc"},[{"contents":[{"Left":"Reduction.twice"},[{"contents":[{"Left":"Reduction.Nat.suc"},[{"contents":[{"Left":"Reduction.twice"},[{"contents":[{"Left":"Reduction.Nat.suc"},[{"contents":[{"Left":"Reduction.twice"},[{"contents":[{"Left":"Reduction.Nat.suc"},[{"contents":[{"Left":"Reduction.twice"},[{"contents":[{"Left":"Reduction.Nat.suc"},[{"contents":[{"Left":"Reduction.twice"},[{"contents":[{"Left":"Reduction.Nat.suc"},[{"contents":[{"Left":"Reduction.twice"},[{"contents":[{"Left":"Reduction.Nat.suc"},[{"contents":[{"Left":"Reduction.twice"},[{"contents":[{"Left":"Reduction.Nat.suc"},[{"contents":[{"Left":"Reduction.twice"},[{"contents":[{"Left":"Reduction.Nat.suc"},[{"contents":[{"Left":"Reduction.twice"},[{"contents":[{"Left":"Reduction.Nat.suc"},[{"contents":[{"Left":"Reduction.twice"},[{"contents":[{"Left":"Reduction.Nat.suc"},[{"contents":[{"Left":"Reduction.twice"},[{"contents":[{"Left":"Reduction.Nat.suc"},[{"contents":[{"Left":"Reduction.twice"},[{"contents":[{"Left":"Reduction.Nat.zero"},[]],"tag":"App"}]],"tag":"App"}]],"tag":"App"}]],"tag":"App"}]],"tag":"App"}]],"tag":"App"}]],"tag":"App"}]],"tag":"App"}]],"tag":"App"}]],"tag":"App"}]],"tag":"App"}]],"tag":"App"}]],"tag":"App"}]],"tag":"App"}]],"tag":"App"}]],"tag":"App"}]],"tag":"App"}]],"tag":"App"}]],"tag":"App"}]],"tag":"App"}]],"tag":"App"}]],"tag":"App"}]],"tag":"App"}]],"tag":"App"}]],"tag":"App"}]],"tag":"App"}]],"tag":"App"}]],"tag":"App"}]],"tag":"App"}]],"tag":"App"}]],"tag":"App"}]],"tag":"App"}]],"tag":"App"}]],"tag":"App"}]],"tag":"App"}]],"tag":"App"}]],"tag":"App"}]],"tag":"App"}]],"tag":"App"}]],"tag":"App"}]],"tag":"App"}]],"tag":"App"}]],"tag":"App"}]],"tag":"App"}]],"tag":"App"}]],"tag":"App"}]],"tag":"App"}]],"tag":"App"}]],"tag":"App"}]],"tag":"App"},"simplified":null}},"namesUsed":["Reduction.pow2","Reduction.twice","Reduction.twice","Reduction.twice","Reduction.three"]},{"ctx":{"pretty":"","thing":[]},"goal":{"pretty":"Nat","thing":{"normalised":{"contents":[{"Left":"Reduction.Nat"},[]],"tag":"App"},"original":{"contents":[{"Left":"Reduction.Nat"},[]],"tag":"App"},"reduced":{"contents":[{"Left":"Reduction.Nat"},[]],"tag":"App"},"simplified":{"contents":[{"Left":"Reduction.Nat"},[]],"tag":"App"}}},"term":{"pretty":"twice (twice (twice three))","thing":{"normalised":{"contents":[{"Left":"Reduction.Nat.suc"},[{"contents":[{"Left":"Reduction.Nat.suc"},[{"contents":[{"Left":"Reduction.Nat.suc"},[{"contents":[{"Left":"Reduction.Nat.suc"},[{"contents":[{"Left":"Reduction.Nat.suc"},[{"contents":[{"Left":"Reduction.Nat.suc"},[{"contents":[{"Left":"Reduction.Nat.suc"},[{"contents":[{"Left":"Reduction.Nat.suc"},[{"contents":[{"Left":"Reduction.Nat.suc"},[{"contents":[{"Left":"Reduction.Nat.suc"},[{"contents":[{"Left":"Reduction.Nat.suc"},[{"contents":[{"Left":"Reduction.Nat.suc"},[{"contents":[{"Left":"Reduction.Nat.suc"},[{"contents":[{"Left":"Reduction.Nat.suc"},[{"contents":[{"Left":"Reduction.Nat.suc"},[{"contents":[{"Left":"Reduction.Nat.suc"},[{"contents":[{"Left":"Reduction.Nat.suc"},[{"contents":[{"Left":"Reduction.Nat.suc"},[{"contents":[{"Left":"Reduction.Nat.suc"},[{"contents":[{"Left":"Reduction.Nat.suc"},[{"contents":[{"Left":"Reduction.Nat.suc"},[{"contents":[{"Left":"Reduction.Nat.suc"},[{"contents":[{"Left":"Reduction.Nat.suc"},[{"contents":[{"Left":"Reduction.Nat.suc"},[{"contents":[{"Left":"Reduction.Nat.zero"},[]],"tag":"App"}]],"tag":"App"}]],"tag":"App"}]],"tag":"App"}]],"tag":"App"}]],"tag":"App"}]],"tag":"App"}]],"tag":"App"}]],"tag":"App"}]],"tag":"App"}]],"tag":"App"}]],"tag":"App"}]],"tag":"App"}]],"tag":"App"}]],"tag":"App"}]],"tag":"App"}]],"tag":"App"}]],"tag":"App"}]],"tag":"App"}]],"tag":"App"}]],"tag":"App"}]],"tag":"App"}]],"tag":"App"}]],"tag":"App"}]],"tag":"App"},"original":{"contents":[{"Left":"Reduction.twice"},[{"contents":[{"Left":"Reduction.twice"},[{"contents":[{"Left":"Reduction.twice"},[{"contents":[{"Left":"Reduction.three"},[]],"tag":"App"}]],"tag":"App"}]],"tag":"App"}]],"tag":"App"},"reduced":{"contents":[{"Left":"Reduction.Nat.suc"},[{"contents":[{"Left":"Reduction.Nat.suc"},[{"contents":[{"Left":"Reduction.twice"},[{"contents":[{"Left":"Reduction.Nat.suc"},[{"contents":[{"Left":"Reduction.twice"},[{"contents":[{"Left":"Reduction.Nat.suc"},[{"contents":[{"Left":"Reduction.twice"},[{"contents":[{"Left":"Reduction.two"},[]],"tag":"App"}]],"tag":"App"}]],"tag":"App"}]],"tag":"App"}]],"tag":"App"}]],"tag":"App"}]],"tag":"App"}]],"tag":"App"},"simplified":{"contents":[{"Left":"Reduction.Nat.suc"},[{"contents":[{"Left":"Reduction.Nat.suc"},[{"contents":[{"Left":"Reduction.Nat.suc"},[{"contents":[{"Left":"Reduction.Nat.suc"},[{"contents":[{"Left":"Reduction.Nat.suc"},[{"contents":[{"Left":"Reduction.Nat.suc"},[{"contents":[{"Left":"Reduction.Nat.suc"},[{"contents":[{"Left":"Reduction.Nat.suc"},[{"contents":[{"Left":"Reduction.Nat.suc"},[{"contents":[{"Left":"Reduction.Nat.suc"},[{"contents":[{"Left":"Reduction.Nat.suc"},[{"contents":[{"Left":"Reduction.Nat.suc"},[{"contents":[{"Left":"Reduction.Nat.suc"},[{"contents":[{"Left":"Reduction.Nat.suc"},[{"contents":[{"Left":"Reduction.Nat.suc"},[{"contents":[{"Left":"Reduction.Nat.suc"},[{"contents":[{"Left":"Reduction.Nat.suc"},[{"contents":[{"Left":"Reduction.Nat.suc"},[{"contents":[{"Left":"Reduction.Nat.suc"},[{"contents":[{"Left":"Reduction.Nat.suc"},[{"contents":[{"Left":"Reduction.Nat.suc"},[{"contents":[{"Left":"Reduction.Nat.suc"},[{"contents":[{"Left":"Reduction.Nat.suc"},[{"contents":[{"Left":"Reduction.Nat.suc"},[{"contents":[{"Left":"Reduction.Nat.zero"},[]],"tag":"App"}]],"tag":"App"}]],"tag":"App"}]],"tag":"App"}]],"tag":"App"}]],"tag":"App"}]],"tag":"App"}]],"tag":"App"}]],"tag":"App"}]],"tag":"App"}]],"tag":"App"}]],"tag":"App"}]],"tag":"App"}]],"tag":"App"}]],"tag":"App"}]],"tag":"App"}]],"tag":"App"}]],"tag":"App"}]],"tag":"App"}]],"tag":"App"}]],"tag":"App"}]],"tag":"App"}]],"tag":"App"}]],"tag":"App"}]],"tag":"App"}}},"namesUsed":["Reduction.twice","Reduction.twice","Reduction.twice","Reduction.three"]},{"ctx":{"pretty":"","thing":[]},"goal":{"pretty":"Nat","thing":{"normalised":{"contents":[{"Left":"Reduction.Nat"},[]],"tag":"App"},"original":{"contents":[{"Left":"Reduction.Nat"},[]],"tag":"App"},"reduced":{"contents":[{"Left":"Reduction.Nat"},[]],"tag":"App"},"simplified":{"contents":[{"Left":"Reduction.Nat"},[]],"tag":"App"}}},"term":{"pretty":"twice (twice three)","thing":{"normalised":{"contents":[{"Left":"Reduction.Nat.suc"},[{"contents":[{"Left":"Reduction.Nat.suc"},[{"contents":[{"Left":"Reduction.Nat.suc"},[{"contents":[{"Left":"Reduction.Nat.suc"},[{"contents":[{"Left":"Reduction.Nat.suc"},[{"contents":[{"Left":"Reduction.Nat.suc"},[{"contents":[{"Left":"Reduction.Nat.suc"},[{"contents":[{"Left":"Reduction.Nat.suc"},[{"contents":[{"Left":"Reduction.Nat.suc"},[{"contents":[{"Left":"Reduction.Nat.suc"},[{"contents":[{"Left":"Reduction.Nat.suc"},[{"contents":[{"Left":"Reduction.Nat.suc"},[{"contents":[{"Left":"Reduction.Nat.zero"},[]],"tag":"App"}]],"tag":"App"}]],"tag":"App"}]],"tag":"App"}]],"tag":"App"}]],"tag":"App"}]],"tag":"App"}]],"tag":"App"}]],"tag":"App"}]],"tag":"App"}]],"tag":"App"}]],"tag":"App"}]],"tag":"App"},"original":{"contents":[{"Left":"Reduction.twice"},[{"contents":[{"Left":"Reduction.twice"},[{"contents":[{"Left":"Reduction.three"},[]],"tag":"App"}]],"tag":"App"}]],"tag":"App"},"reduced":{"contents":[{"Left":"Reduction.Nat.suc"},[{"contents":[{"Left":"Reduction.Nat.suc"},[{"contents":[{"Left":"Reduction.twice"},[{"contents":[{"Left":"Reduction.Nat.suc"},[{"contents":[{"Left":"Reduction.twice"},[{"contents":[{"Left":"Reduction.two"},[]],"tag":"App"}]],"tag":"App"}]],"tag":"App"}]],"tag":"App"}]],"tag":"App"}]],"tag":"App"},"simplified":{"contents":[{"Left":"Reduction.Nat.suc"},[{"contents":[{"Left":"Reduction.Nat.suc"},[{"contents":[{"Left":"Reduction.Nat.suc"},[{"contents":[{"Left":"Reduction.Nat.suc"},[{"contents":[{"Left":"Reduction.Nat.suc"},[{"contents":[{"Left":"Reduction.Nat.suc"},[{"contents":[{"Left":"Reduction.Nat.suc"},[{"contents":[{"Left":"Reduction.Nat.suc"},[{"contents":[{"Left":"Reduction.Nat.suc"},[{"contents":[{"Left":"Reduction.Nat.suc"},[{"contents":[{"Left":"Reduction.Nat.suc"},[{"contents":[{"Left":"Reduction.Nat.suc"},[{"contents":[{"Left":"Reduction.Nat.zero"},[]],"tag":"App"}]],"tag":"App"}]],"tag":"App"}]],"tag":"App"}]],"tag":"App"}]],"tag":"App"}]],"tag":"App"}]],"tag":"App"}]],"tag":"App"}]],"tag":"App"}]],"tag":"App"}]],"tag":"App"}]],"tag":"App"}}},"namesUsed":["Reduction.twice","Reduction.twice","Reduction.three"]},{"ctx":{"pretty":"","thing":[]},"goal":{"pretty":"Nat","thing":{"normalised":{"contents":[{"Left":"Reduction.Nat"},[]],"tag":"App"},"original":{"contents":[{"Left":"Reduction.Nat"},[]],"tag":"App"},"reduced":{"contents":[{"Left":"Reduction.Nat"},[]],"tag":"App"},"simplified":{"contents":[{"Left":"Reduction.Nat"},[]],"tag":"App"}}},"term":{"pretty":"twice three","thing":{"normalised":{"contents":[{"Left":"Reduction.Nat.suc"},[{"contents":[{"Left":"Reduction.Nat.suc"},[{"contents":[{"Left":"Reduction.Nat.suc"},[{"contents":[{"Left":"Reduction.Nat.suc"},[{"contents":[{"Left":"Reduction.Nat.suc"},[{"contents":[{"Left":"Reduction.Nat.suc"},[{"contents":[{"Left":"Reduction.Nat.zero"},[]],"tag":"App"}]],"tag":"App"}]],"tag":"App"}]],"tag":"App"}]],"tag":"App"}]],"tag":"App"}]],"tag":"App"},"original":{"contents":[{"Left":"Reduction.twice"},[{"contents":[{"Left":"Reduction.three"},[]],"tag":"App"}]],"tag":"App"},"reduced":{"contents":[{"Left":"Reduction.Nat.suc"},[{"contents":[{"Left":"Reduction.Nat.suc"},[{"contents":[{"Left":"Reduction.twice"},[{"contents":[{"Left":"Reduction.two"},[]],"tag":"App"}]],"tag":"App"}]],"tag":"App"}]],"tag":"App"},"simplified":{"contents":[{"Left":"Reduction.Nat.suc"},[{"contents":[{"Left":"Reduction.Nat.suc"},[{"contents":[{"Left":"Reduction.Nat.suc"},[{"contents":[{"Left":"Reduction.Nat.suc"},[{"contents":[{"Left":"Reduction.Nat.suc"},[{"contents":[{"Left":"Reduction.Nat.suc"},[{"contents":[{"Left":"Reduction.Nat.zero"},[]],"tag":"App"}]],"tag":"App"}]],"tag":"App"}]],"tag":"App"}]],"tag":"App"}]],"tag":"App"}]],"tag":"App"}}},"namesUsed":["Reduction.twice","Reduction.three"]},{"ctx":{"pretty":"","thing":[]},"goal":{"pretty":"Nat","thing":{"normalised":{"contents":[{"Left":"Reduction.Nat"},[]],"tag":"App"},"original":{"contents":[{"Left":"Reduction.Nat"},[]],"tag":"App"},"reduced":{"contents":[{"Left":"Reduction.Nat"},[]],"tag":"App"},"simplified":{"contents":[{"Left":"Reduction.Nat"},[]],"tag":"App"}}},"term":{"pretty":"three","thing":{"normalised":{"contents":[{"Left":"Reduction.Nat.suc"},[{"contents":[{"Left":"Reduction.Nat.suc"},[{"contents":[{"Left":"Reduction.Nat.suc"},[{"contents":[{"Left":"Reduction.Nat.zero"},[]],"tag":"App"}]],"tag":"App"}]],"tag":"App"}]],"tag":"App"},"original":{"contents":[{"Left":"Reduction.three"},[]],"tag":"App"},"reduced":{"contents":[{"Left":"Reduction.Nat.suc"},[{"contents":[{"Left":"Reduction.two"},[]],"tag":"App"}]],"tag":"App"},"simplified":{"contents":[{"Left":"Reduction.three"},[]],"tag":"App"}}},"namesUsed":["Reduction.three"]}]}