{"scope":{"item":[{"item":{"pretty":"Set","thing":{"normalised":{"contents":"Set","tag":"Sort"},"original":{"contents":"Set","tag":"Sort"},"reduced":{"contents":"Set","tag":"Sort"},"simplified":{"contents":"Set","tag":"Sort"}}},"name":"TotalPreorder.A"},{"item":{"pretty":"A","thing":{"normalised":{"contents":[{"Left":"TotalPreorder.A"},[]],"tag":"App"},"original":{"contents":[{"Left":"TotalPreorder.A"},[]],"tag":"App"},"reduced":{"contents":[{"Left":"TotalPreorder.A"},[]],"tag":"App"},"simplified":{"contents":[{"Left":"TotalPreorder.A"},[]],"tag":"App"}}},"name":"TotalPreorder.a0"},{"item":{"pretty":"Set","thing":{"normalised":{"contents":"Set","tag":"Sort"},"original":{"contents":"Set","tag":"Sort"},"reduced":{"contents":"Set","tag":"Sort"},"simplified":{"contents":"Set","tag":"Sort"}}},"name":"TotalPreorder.X"},{"item":{"pretty":"(a : A) → Set","thing":{"normalised":{"contents":[{"item":{"contents":[{"Left":"TotalPreorder.A"},[]],"tag":"App"},"name":"a"},{"contents":"Set","tag":"Sort"}],"tag":"Pi"},"original":{"contents":[{"item":{"contents":[{"Left":"TotalPreorder.A"},[]],"tag":"App"},"name":"a"},{"contents":"Set","tag":"Sort"}],"tag":"Pi"},"reduced":{"contents":[{"item":{"contents":[{"Left":"TotalPreorder.A"},[]],"tag":"App"},"name":"a"},{"contents":"Set","tag":"Sort"}],"tag":"Pi"},"simplified":{"contents":[{"item":{"contents":[{"Left":"TotalPreorder.A"},[]],"tag":"App"},"name":"a"},{"contents":"Set","tag":"Sort"}],"tag":"Pi"}}},"name":"TotalPreorder.Y"},{"item":{"pretty":"Set","thing":{"normalised":{"contents":"Set","tag":"Sort"},"original":{"contents":"Set","tag":"Sort"},"reduced":{"contents":"Set","tag":"Sort"},"simplified":{"contents":"Set","tag":"Sort"}}},"name":"TotalPreorder.Z"}],"name":"TotalPreorder"},"samples":[]}