{"scope":{"item":[{"item":{"pretty":"Set","thing":{"normalised":{"contents":"Set","tag":"Sort"},"original":{"contents":"Set","tag":"Sort"},"reduced":{"contents":"Set","tag":"Sort"},"simplified":{"contents":"Set","tag":"Sort"}}},"name":"With.P"},{"item":{"pretty":"(A : Set) (_ : A → P) → Set","thing":{"normalised":{"contents":[{"item":{"contents":"Set","tag":"Sort"},"name":"A"},{"contents":[{"item":{"contents":[{"item":{"contents":[{"Right":0},[]],"tag":"App"},"name":"_"},{"contents":[{"Left":"With.P"},[]],"tag":"App"}],"tag":"Pi"},"name":"_"},{"contents":"Set","tag":"Sort"}],"tag":"Pi"}],"tag":"Pi"},"original":{"contents":[{"item":{"contents":"Set","tag":"Sort"},"name":"A"},{"contents":[{"item":{"contents":[{"item":{"contents":[{"Right":0},[]],"tag":"App"},"name":"_"},{"contents":[{"Left":"With.P"},[]],"tag":"App"}],"tag":"Pi"},"name":"_"},{"contents":"Set","tag":"Sort"}],"tag":"Pi"}],"tag":"Pi"},"reduced":{"contents":[{"item":{"contents":"Set","tag":"Sort"},"name":"A"},{"contents":[{"item":{"contents":[{"item":{"contents":[{"Right":0},[]],"tag":"App"},"name":"_"},{"contents":[{"Left":"With.P"},[]],"tag":"App"}],"tag":"Pi"},"name":"_"},{"contents":"Set","tag":"Sort"}],"tag":"Pi"}],"tag":"Pi"},"simplified":{"contents":[{"item":{"contents":"Set","tag":"Sort"},"name":"A"},{"contents":[{"item":{"contents":[{"item":{"contents":[{"Right":0},[]],"tag":"App"},"name":"_"},{"contents":[{"Left":"With.P"},[]],"tag":"App"}],"tag":"Pi"},"name":"_"},{"contents":"Set","tag":"Sort"}],"tag":"Pi"}],"tag":"Pi"}}},"name":"With.Manifest-Σ"},{"item":{"pretty":"{A : Set} {_ = z : A → P} (proj₁ : A) → Manifest-Σ A z","thing":{"normalised":{"contents":[{"item":{"contents":"Set","tag":"Sort"},"name":"A"},{"contents":[{"item":{"contents":[{"item":{"contents":[{"Right":0},[]],"tag":"App"},"name":"_"},{"contents":[{"Left":"With.P"},[]],"tag":"App"}],"tag":"Pi"},"name":"_"},{"contents":[{"item":{"contents":[{"Right":1},[]],"tag":"App"},"name":"proj₁"},{"contents":[{"Left":"With.Manifest-Σ"},[{"contents":[{"Right":2},[]],"tag":"App"},{"contents":[{"Right":1},[]],"tag":"App"}]],"tag":"App"}],"tag":"Pi"}],"tag":"Pi"}],"tag":"Pi"},"original":{"contents":[{"item":{"contents":"Set","tag":"Sort"},"name":"A"},{"contents":[{"item":{"contents":[{"item":{"contents":[{"Right":0},[]],"tag":"App"},"name":"_"},{"contents":[{"Left":"With.P"},[]],"tag":"App"}],"tag":"Pi"},"name":"_"},{"contents":[{"item":{"contents":[{"Right":1},[]],"tag":"App"},"name":"proj₁"},{"contents":[{"Left":"With.Manifest-Σ"},[{"contents":[{"Right":2},[]],"tag":"App"},{"contents":[{"Right":1},[]],"tag":"App"}]],"tag":"App"}],"tag":"Pi"}],"tag":"Pi"}],"tag":"Pi"},"reduced":{"contents":[{"item":{"contents":"Set","tag":"Sort"},"name":"A"},{"contents":[{"item":{"contents":[{"item":{"contents":[{"Right":0},[]],"tag":"App"},"name":"_"},{"contents":[{"Left":"With.P"},[]],"tag":"App"}],"tag":"Pi"},"name":"_"},{"contents":[{"item":{"contents":[{"Right":1},[]],"tag":"App"},"name":"proj₁"},{"contents":[{"Left":"With.Manifest-Σ"},[{"contents":[{"Right":2},[]],"tag":"App"},{"contents":[{"Right":1},[]],"tag":"App"}]],"tag":"App"}],"tag":"Pi"}],"tag":"Pi"}],"tag":"Pi"},"simplified":{"contents":[{"item":{"contents":"Set","tag":"Sort"},"name":"A"},{"contents":[{"item":{"contents":[{"item":{"contents":[{"Right":0},[]],"tag":"App"},"name":"_"},{"contents":[{"Left":"With.P"},[]],"tag":"App"}],"tag":"Pi"},"name":"_"},{"contents":[{"item":{"contents":[{"Right":1},[]],"tag":"App"},"name":"proj₁"},{"contents":[{"Left":"With.Manifest-Σ"},[{"contents":[{"Right":2},[]],"tag":"App"},{"contents":[{"Right":1},[]],"tag":"App"}]],"tag":"App"}],"tag":"Pi"}],"tag":"Pi"}],"tag":"Pi"}}},"name":"With._,"},{"item":{"pretty":"Set₁","thing":{"normalised":{"contents":"Set1","tag":"Sort"},"original":{"contents":"Set1","tag":"Sort"},"reduced":{"contents":"Set1","tag":"Sort"},"simplified":{"contents":"Set1","tag":"Sort"}}},"name":"With.Sig"},{"item":{"pretty":"(s : Sig) → Set","thing":{"normalised":{"contents":[{"item":{"contents":[{"Left":"With.Sig"},[]],"tag":"App"},"name":"s"},{"contents":"Set","tag":"Sort"}],"tag":"Pi"},"original":{"contents":[{"item":{"contents":[{"Left":"With.Sig"},[]],"tag":"App"},"name":"s"},{"contents":"Set","tag":"Sort"}],"tag":"Pi"},"reduced":{"contents":[{"item":{"contents":[{"Left":"With.Sig"},[]],"tag":"App"},"name":"s"},{"contents":"Set","tag":"Sort"}],"tag":"Pi"},"simplified":{"contents":[{"item":{"contents":[{"Left":"With.Sig"},[]],"tag":"App"},"name":"s"},{"contents":"Set","tag":"Sort"}],"tag":"Pi"}}},"name":"With.Record"},{"item":{"pretty":"(s : Sig) (f : Record s → P) → Sig","thing":{"normalised":{"contents":[{"item":{"contents":[{"Left":"With.Sig"},[]],"tag":"App"},"name":"s"},{"contents":[{"item":{"contents":[{"item":{"contents":[{"Left":"With.Record"},[{"contents":[{"Right":0},[]],"tag":"App"}]],"tag":"App"},"name":"_"},{"contents":[{"Left":"With.P"},[]],"tag":"App"}],"tag":"Pi"},"name":"f"},{"contents":[{"Left":"With.Sig"},[]],"tag":"App"}],"tag":"Pi"}],"tag":"Pi"},"original":{"contents":[{"item":{"contents":[{"Left":"With.Sig"},[]],"tag":"App"},"name":"s"},{"contents":[{"item":{"contents":[{"item":{"contents":[{"Left":"With.Record"},[{"contents":[{"Right":0},[]],"tag":"App"}]],"tag":"App"},"name":"_"},{"contents":[{"Left":"With.P"},[]],"tag":"App"}],"tag":"Pi"},"name":"f"},{"contents":[{"Left":"With.Sig"},[]],"tag":"App"}],"tag":"Pi"}],"tag":"Pi"},"reduced":{"contents":[{"item":{"contents":[{"Left":"With.Sig"},[]],"tag":"App"},"name":"s"},{"contents":[{"item":{"contents":[{"item":{"contents":[{"Left":"With.Record"},[{"contents":[{"Right":0},[]],"tag":"App"}]],"tag":"App"},"name":"_"},{"contents":[{"Left":"With.P"},[]],"tag":"App"}],"tag":"Pi"},"name":"f"},{"contents":[{"Left":"With.Sig"},[]],"tag":"App"}],"tag":"Pi"}],"tag":"Pi"},"simplified":{"contents":[{"item":{"contents":[{"Left":"With.Sig"},[]],"tag":"App"},"name":"s"},{"contents":[{"item":{"contents":[{"item":{"contents":[{"Left":"With.Record"},[{"contents":[{"Right":0},[]],"tag":"App"}]],"tag":"App"},"name":"_"},{"contents":[{"Left":"With.P"},[]],"tag":"App"}],"tag":"Pi"},"name":"f"},{"contents":[{"Left":"With.Sig"},[]],"tag":"App"}],"tag":"Pi"}],"tag":"Pi"}}},"name":"With._≔_"},{"item":{"pretty":"{s : Sig} (fun : Manifest-Σ (Record (s .Sig.s)) (s .Sig.f)) →\nRecord s","thing":{"normalised":{"contents":[{"item":{"contents":[{"Left":"With.Sig"},[]],"tag":"App"},"name":"s"},{"contents":[{"item":{"contents":[{"Left":"With.Manifest-Σ"},[{"contents":[{"Left":"With.Record"},[{"contents":[{"Right":0},[{"contents":[{"Left":"With.Sig.s"},[]],"tag":"App"}]],"tag":"App"}]],"tag":"App"},{"contents":[{"Right":0},[{"contents":[{"Left":"With.Sig.f"},[]],"tag":"App"}]],"tag":"App"}]],"tag":"App"},"name":"fun"},{"contents":[{"Left":"With.Record"},[{"contents":[{"Right":1},[]],"tag":"App"}]],"tag":"App"}],"tag":"Pi"}],"tag":"Pi"},"original":{"contents":[{"item":{"contents":[{"Left":"With.Sig"},[]],"tag":"App"},"name":"s"},{"contents":[{"item":{"contents":[{"Left":"With.Manifest-Σ"},[{"contents":[{"Left":"With.Record"},[{"contents":[{"Right":0},[{"contents":[{"Left":"With.Sig.s"},[]],"tag":"App"}]],"tag":"App"}]],"tag":"App"},{"contents":[{"Right":0},[{"contents":[{"Left":"With.Sig.f"},[]],"tag":"App"}]],"tag":"App"}]],"tag":"App"},"name":"fun"},{"contents":[{"Left":"With.Record"},[{"contents":[{"Right":1},[]],"tag":"App"}]],"tag":"App"}],"tag":"Pi"}],"tag":"Pi"},"reduced":{"contents":[{"item":{"contents":[{"Left":"With.Sig"},[]],"tag":"App"},"name":"s"},{"contents":[{"item":{"contents":[{"Left":"With.Manifest-Σ"},[{"contents":[{"Left":"With.Record"},[{"contents":[{"Right":0},[{"contents":[{"Left":"With.Sig.s"},[]],"tag":"App"}]],"tag":"App"}]],"tag":"App"},{"contents":[{"Right":0},[{"contents":[{"Left":"With.Sig.f"},[]],"tag":"App"}]],"tag":"App"}]],"tag":"App"},"name":"fun"},{"contents":[{"Left":"With.Record"},[{"contents":[{"Right":1},[]],"tag":"App"}]],"tag":"App"}],"tag":"Pi"}],"tag":"Pi"},"simplified":{"contents":[{"item":{"contents":[{"Left":"With.Sig"},[]],"tag":"App"},"name":"s"},{"contents":[{"item":{"contents":[{"Left":"With.Manifest-Σ"},[{"contents":[{"Left":"With.Record"},[{"contents":[{"Right":0},[{"contents":[{"Left":"With.Sig.s"},[]],"tag":"App"}]],"tag":"App"}]],"tag":"App"},{"contents":[{"Right":0},[{"contents":[{"Left":"With.Sig.f"},[]],"tag":"App"}]],"tag":"App"}]],"tag":"App"},"name":"fun"},{"contents":[{"Left":"With.Record"},[{"contents":[{"Right":1},[]],"tag":"App"}]],"tag":"App"}],"tag":"Pi"}],"tag":"Pi"}}},"name":"With.rec"},{"item":{"pretty":"(s : Sig) → (Record (s .Sig.s) → P) → Sig","thing":{"normalised":{"contents":[{"item":{"contents":[{"Left":"With.Sig"},[]],"tag":"App"},"name":"s"},{"contents":[{"item":{"contents":[{"item":{"contents":[{"Left":"With.Record"},[{"contents":[{"Right":0},[{"contents":[{"Left":"With.Sig.s"},[]],"tag":"App"}]],"tag":"App"}]],"tag":"App"},"name":"_"},{"contents":[{"Left":"With.P"},[]],"tag":"App"}],"tag":"Pi"},"name":"_"},{"contents":[{"Left":"With.Sig"},[]],"tag":"App"}],"tag":"Pi"}],"tag":"Pi"},"original":{"contents":[{"item":{"contents":[{"Left":"With.Sig"},[]],"tag":"App"},"name":"s"},{"contents":[{"item":{"contents":[{"item":{"contents":[{"Left":"With.Record"},[{"contents":[{"Right":0},[{"contents":[{"Left":"With.Sig.s"},[]],"tag":"App"}]],"tag":"App"}]],"tag":"App"},"name":"_"},{"contents":[{"Left":"With.P"},[]],"tag":"App"}],"tag":"Pi"},"name":"_"},{"contents":[{"Left":"With.Sig"},[]],"tag":"App"}],"tag":"Pi"}],"tag":"Pi"},"reduced":{"contents":[{"item":{"contents":[{"Left":"With.Sig"},[]],"tag":"App"},"name":"s"},{"contents":[{"item":{"contents":[{"item":{"contents":[{"Left":"With.Record"},[{"contents":[{"Right":0},[{"contents":[{"Left":"With.Sig.s"},[]],"tag":"App"}]],"tag":"App"}]],"tag":"App"},"name":"_"},{"contents":[{"Left":"With.P"},[]],"tag":"App"}],"tag":"Pi"},"name":"_"},{"contents":[{"Left":"With.Sig"},[]],"tag":"App"}],"tag":"Pi"}],"tag":"Pi"},"simplified":{"contents":[{"item":{"contents":[{"Left":"With.Sig"},[]],"tag":"App"},"name":"s"},{"contents":[{"item":{"contents":[{"item":{"contents":[{"Left":"With.Record"},[{"contents":[{"Right":0},[{"contents":[{"Left":"With.Sig.s"},[]],"tag":"App"}]],"tag":"App"}]],"tag":"App"},"name":"_"},{"contents":[{"Left":"With.P"},[]],"tag":"App"}],"tag":"Pi"},"name":"_"},{"contents":[{"Left":"With.Sig"},[]],"tag":"App"}],"tag":"Pi"}],"tag":"Pi"}}},"name":"With.$_≔_"},{"item":{"pretty":"{s : Sig} {f : Record (s .Sig.s) → P} → Record ($ s ≔ f) → Record s","thing":{"normalised":{"contents":[{"item":{"contents":[{"Left":"With.Sig"},[]],"tag":"App"},"name":"s"},{"contents":[{"item":{"contents":[{"item":{"contents":[{"Left":"With.Record"},[{"contents":[{"Right":0},[{"contents":[{"Left":"With.Sig.s"},[]],"tag":"App"}]],"tag":"App"}]],"tag":"App"},"name":"_"},{"contents":[{"Left":"With.P"},[]],"tag":"App"}],"tag":"Pi"},"name":"f"},{"contents":[{"item":{"contents":[{"Left":"With.Record"},[{"contents":[{"Left":"With._≔_"},[{"contents":[{"Right":1},[{"contents":[{"Left":"With.Sig.s"},[]],"tag":"App"}]],"tag":"App"},{"contents":[{"Right":0},[]],"tag":"App"}]],"tag":"App"}]],"tag":"App"},"name":"_"},{"contents":[{"Left":"With.Record"},[{"contents":[{"Right":1},[]],"tag":"App"}]],"tag":"App"}],"tag":"Pi"}],"tag":"Pi"}],"tag":"Pi"},"original":{"contents":[{"item":{"contents":[{"Left":"With.Sig"},[]],"tag":"App"},"name":"s"},{"contents":[{"item":{"contents":[{"item":{"contents":[{"Left":"With.Record"},[{"contents":[{"Right":0},[{"contents":[{"Left":"With.Sig.s"},[]],"tag":"App"}]],"tag":"App"}]],"tag":"App"},"name":"_"},{"contents":[{"Left":"With.P"},[]],"tag":"App"}],"tag":"Pi"},"name":"f"},{"contents":[{"item":{"contents":[{"Left":"With.Record"},[{"contents":[{"Left":"With.$_≔_"},[{"contents":[{"Right":1},[]],"tag":"App"},{"contents":[{"Right":0},[]],"tag":"App"}]],"tag":"App"}]],"tag":"App"},"name":"_"},{"contents":[{"Left":"With.Record"},[{"contents":[{"Right":1},[]],"tag":"App"}]],"tag":"App"}],"tag":"Pi"}],"tag":"Pi"}],"tag":"Pi"},"reduced":{"contents":[{"item":{"contents":[{"Left":"With.Sig"},[]],"tag":"App"},"name":"s"},{"contents":[{"item":{"contents":[{"item":{"contents":[{"Left":"With.Record"},[{"contents":[{"Right":0},[{"contents":[{"Left":"With.Sig.s"},[]],"tag":"App"}]],"tag":"App"}]],"tag":"App"},"name":"_"},{"contents":[{"Left":"With.P"},[]],"tag":"App"}],"tag":"Pi"},"name":"f"},{"contents":[{"item":{"contents":[{"Left":"With.Record"},[{"contents":[{"Left":"With.$_≔_"},[{"contents":[{"Right":1},[]],"tag":"App"},{"contents":[{"Right":0},[]],"tag":"App"}]],"tag":"App"}]],"tag":"App"},"name":"_"},{"contents":[{"Left":"With.Record"},[{"contents":[{"Right":1},[]],"tag":"App"}]],"tag":"App"}],"tag":"Pi"}],"tag":"Pi"}],"tag":"Pi"},"simplified":{"contents":[{"item":{"contents":[{"Left":"With.Sig"},[]],"tag":"App"},"name":"s"},{"contents":[{"item":{"contents":[{"item":{"contents":[{"Left":"With.Record"},[{"contents":[{"Right":0},[{"contents":[{"Left":"With.Sig.s"},[]],"tag":"App"}]],"tag":"App"}]],"tag":"App"},"name":"_"},{"contents":[{"Left":"With.P"},[]],"tag":"App"}],"tag":"Pi"},"name":"f"},{"contents":[{"item":{"contents":[{"Left":"With.Record"},[{"contents":[{"Left":"With.$_≔_"},[{"contents":[{"Right":1},[]],"tag":"App"},{"contents":[{"Right":0},[]],"tag":"App"}]],"tag":"App"}]],"tag":"App"},"name":"_"},{"contents":[{"Left":"With.Record"},[{"contents":[{"Right":1},[]],"tag":"App"}]],"tag":"App"}],"tag":"Pi"}],"tag":"Pi"}],"tag":"Pi"}}},"name":"With.FAIL"}],"name":"With"},"samples":[{"ctx":{"pretty":"(s : Sig) (f : Record s → P) (f₁ : Record s → P)","thing":[{"item":{"contents":[{"Left":"With.Sig"},[]],"tag":"App"},"name":"s"},{"item":{"contents":[{"item":{"contents":[{"Left":"With.Record"},[{"contents":[{"Right":0},[]],"tag":"App"}]],"tag":"App"},"name":"_"},{"contents":[{"Left":"With.P"},[]],"tag":"App"}],"tag":"Pi"},"name":"f"},{"item":{"contents":[{"item":{"contents":[{"Left":"With.Record"},[{"contents":[{"Right":1},[]],"tag":"App"}]],"tag":"App"},"name":"_"},{"contents":[{"Left":"With.P"},[]],"tag":"App"}],"tag":"Pi"},"name":"f"}]},"goal":{"pretty":"Sig","thing":{"normalised":{"contents":[{"Left":"With.Sig"},[]],"tag":"App"},"original":{"contents":[{"Left":"With.Sig"},[]],"tag":"App"},"reduced":{"contents":[{"Left":"With.Sig"},[]],"tag":"App"},"simplified":{"contents":[{"Left":"With.Sig"},[]],"tag":"App"}}},"term":{"pretty":"s ≔ f","thing":{"normalised":{"contents":[{"Left":"With._≔_"},[{"contents":[{"Right":2},[]],"tag":"App"},{"contents":[{"Right":0},[]],"tag":"App"}]],"tag":"App"},"original":{"contents":[{"Left":"With._≔_"},[{"contents":[{"Right":2},[]],"tag":"App"},{"contents":[{"Right":0},[]],"tag":"App"}]],"tag":"App"},"reduced":{"contents":[{"Left":"With._≔_"},[{"contents":[{"Right":2},[]],"tag":"App"},{"contents":[{"Right":0},[]],"tag":"App"}]],"tag":"App"},"simplified":{"contents":[{"Left":"With._≔_"},[{"contents":[{"Right":2},[]],"tag":"App"},{"contents":[{"Right":0},[]],"tag":"App"}]],"tag":"App"}}},"namesUsed":["With._≔_"]}]}