{"scope":{"item":[{"item":{"pretty":"Agda.Primitive.Setω","thing":{"normalised":{"contents":"Setω","tag":"Sort"},"original":{"contents":"Setω","tag":"Sort"},"reduced":{"contents":"Setω","tag":"Sort"},"simplified":{"contents":"Setω","tag":"Sort"}}},"name":"Agda.Builtin.Size.SizeUniv"},{"item":{"pretty":"SizeUniv","thing":{"normalised":{"contents":"SizeUniv","tag":"Sort"},"original":{"contents":"SizeUniv","tag":"Sort"},"reduced":{"contents":"SizeUniv","tag":"Sort"},"simplified":{"contents":"SizeUniv","tag":"Sort"}}},"name":"Agda.Builtin.Size.Size"},{"item":{"pretty":"..Size → SizeUniv","thing":{"normalised":{"contents":[{"item":{"contents":[{"Left":"Agda.Builtin.Size.Size"},[]],"tag":"App"},"name":"_"},{"contents":"SizeUniv","tag":"Sort"}],"tag":"Pi"},"original":{"contents":[{"item":{"contents":[{"Left":"Agda.Builtin.Size.Size"},[]],"tag":"App"},"name":"_"},{"contents":"SizeUniv","tag":"Sort"}],"tag":"Pi"},"reduced":{"contents":[{"item":{"contents":[{"Left":"Agda.Builtin.Size.Size"},[]],"tag":"App"},"name":"_"},{"contents":"SizeUniv","tag":"Sort"}],"tag":"Pi"},"simplified":{"contents":[{"item":{"contents":[{"Left":"Agda.Builtin.Size.Size"},[]],"tag":"App"},"name":"_"},{"contents":"SizeUniv","tag":"Sort"}],"tag":"Pi"}}},"name":"Agda.Builtin.Size.Size<_"},{"item":{"pretty":"Size → Size","thing":{"normalised":{"contents":[{"item":{"contents":[{"Left":"Agda.Builtin.Size.Size"},[]],"tag":"App"},"name":"_"},{"contents":[{"Left":"Agda.Builtin.Size.Size"},[]],"tag":"App"}],"tag":"Pi"},"original":{"contents":[{"item":{"contents":[{"Left":"Agda.Builtin.Size.Size"},[]],"tag":"App"},"name":"_"},{"contents":[{"Left":"Agda.Builtin.Size.Size"},[]],"tag":"App"}],"tag":"Pi"},"reduced":{"contents":[{"item":{"contents":[{"Left":"Agda.Builtin.Size.Size"},[]],"tag":"App"},"name":"_"},{"contents":[{"Left":"Agda.Builtin.Size.Size"},[]],"tag":"App"}],"tag":"Pi"},"simplified":{"contents":[{"item":{"contents":[{"Left":"Agda.Builtin.Size.Size"},[]],"tag":"App"},"name":"_"},{"contents":[{"Left":"Agda.Builtin.Size.Size"},[]],"tag":"App"}],"tag":"Pi"}}},"name":"Agda.Builtin.Size.↑_"},{"item":{"pretty":"Size","thing":{"normalised":{"contents":[{"Left":"Agda.Builtin.Size.Size"},[]],"tag":"App"},"original":{"contents":[{"Left":"Agda.Builtin.Size.Size"},[]],"tag":"App"},"reduced":{"contents":[{"Left":"Agda.Builtin.Size.Size"},[]],"tag":"App"},"simplified":{"contents":[{"Left":"Agda.Builtin.Size.Size"},[]],"tag":"App"}}},"name":"Agda.Builtin.Size.∞"},{"item":{"pretty":"Size → Size → Size","thing":{"normalised":{"contents":[{"item":{"contents":[{"Left":"Agda.Builtin.Size.Size"},[]],"tag":"App"},"name":"_"},{"contents":[{"item":{"contents":[{"Left":"Agda.Builtin.Size.Size"},[]],"tag":"App"},"name":"_"},{"contents":[{"Left":"Agda.Builtin.Size.Size"},[]],"tag":"App"}],"tag":"Pi"}],"tag":"Pi"},"original":{"contents":[{"item":{"contents":[{"Left":"Agda.Builtin.Size.Size"},[]],"tag":"App"},"name":"_"},{"contents":[{"item":{"contents":[{"Left":"Agda.Builtin.Size.Size"},[]],"tag":"App"},"name":"_"},{"contents":[{"Left":"Agda.Builtin.Size.Size"},[]],"tag":"App"}],"tag":"Pi"}],"tag":"Pi"},"reduced":{"contents":[{"item":{"contents":[{"Left":"Agda.Builtin.Size.Size"},[]],"tag":"App"},"name":"_"},{"contents":[{"item":{"contents":[{"Left":"Agda.Builtin.Size.Size"},[]],"tag":"App"},"name":"_"},{"contents":[{"Left":"Agda.Builtin.Size.Size"},[]],"tag":"App"}],"tag":"Pi"}],"tag":"Pi"},"simplified":{"contents":[{"item":{"contents":[{"Left":"Agda.Builtin.Size.Size"},[]],"tag":"App"},"name":"_"},{"contents":[{"item":{"contents":[{"Left":"Agda.Builtin.Size.Size"},[]],"tag":"App"},"name":"_"},{"contents":[{"Left":"Agda.Builtin.Size.Size"},[]],"tag":"App"}],"tag":"Pi"}],"tag":"Pi"}}},"name":"Agda.Builtin.Size._⊔ˢ_"}],"name":"Agda.Builtin.Size"},"samples":[]}