{"scope":{"item":[{"item":{"pretty":"Set₁","thing":{"normalised":{"contents":"Set1","tag":"Sort"},"original":{"contents":"Set1","tag":"Sort"},"reduced":{"contents":"Set1","tag":"Sort"},"simplified":{"contents":"Set1","tag":"Sort"}}},"name":"Agda.Primitive.Set"},{"item":{"pretty":"Set₁","thing":{"normalised":{"contents":"Set1","tag":"Sort"},"original":{"contents":"Set1","tag":"Sort"},"reduced":{"contents":"Set1","tag":"Sort"},"simplified":{"contents":"Set1","tag":"Sort"}}},"name":"Agda.Primitive.Prop"},{"item":{"pretty":"Setω₁","thing":{"normalised":{"contents":"Setω1","tag":"Sort"},"original":{"contents":"Setω1","tag":"Sort"},"reduced":{"contents":"Setω1","tag":"Sort"},"simplified":{"contents":"Setω1","tag":"Sort"}}},"name":"Agda.Primitive.Setω"},{"item":{"pretty":"SSet (lsuc lzero)","thing":{"normalised":{"contents":"SSet (lsuc lzero)","tag":"Sort"},"original":{"contents":"SSet (lsuc lzero)","tag":"Sort"},"reduced":{"contents":"SSet (lsuc lzero)","tag":"Sort"},"simplified":{"contents":"SSet (lsuc lzero)","tag":"Sort"}}},"name":"Agda.Primitive.SSet"},{"item":{"pretty":"SSetω₁","thing":{"normalised":{"contents":"SSetω1","tag":"Sort"},"original":{"contents":"SSetω1","tag":"Sort"},"reduced":{"contents":"SSetω1","tag":"Sort"},"simplified":{"contents":"SSetω1","tag":"Sort"}}},"name":"Agda.Primitive.SSetω"},{"item":{"pretty":"Set","thing":{"normalised":{"contents":"Set","tag":"Sort"},"original":{"contents":"Set","tag":"Sort"},"reduced":{"contents":"Set","tag":"Sort"},"simplified":{"contents":"Set","tag":"Sort"}}},"name":"Agda.Primitive.Level"},{"item":{"pretty":"{a b : Level} (A : Set a) (B : A → Set b) → Set (a ⊔ b)","thing":{"normalised":{"contents":[{"item":{"contents":[{"Left":"Agda.Primitive.Level"},[]],"tag":"App"},"name":"a"},{"contents":[{"item":{"contents":[{"Left":"Agda.Primitive.Level"},[]],"tag":"App"},"name":"b"},{"contents":[{"item":{"contents":"Set @1","tag":"Sort"},"name":"A"},{"contents":[{"item":{"contents":[{"item":{"contents":[{"Right":0},[]],"tag":"App"},"name":"_"},{"contents":"Set @1","tag":"Sort"}],"tag":"Pi"},"name":"B"},{"contents":"Set (lub @3 @2)","tag":"Sort"}],"tag":"Pi"}],"tag":"Pi"}],"tag":"Pi"}],"tag":"Pi"},"original":{"contents":[{"item":{"contents":[{"Left":"Agda.Primitive.Level"},[]],"tag":"App"},"name":"a"},{"contents":[{"item":{"contents":[{"Left":"Agda.Primitive.Level"},[]],"tag":"App"},"name":"b"},{"contents":[{"item":{"contents":"Set @1","tag":"Sort"},"name":"A"},{"contents":[{"item":{"contents":[{"item":{"contents":[{"Right":0},[]],"tag":"App"},"name":"_"},{"contents":"Set @1","tag":"Sort"}],"tag":"Pi"},"name":"B"},{"contents":"Set (lub @3 @2)","tag":"Sort"}],"tag":"Pi"}],"tag":"Pi"}],"tag":"Pi"}],"tag":"Pi"},"reduced":{"contents":[{"item":{"contents":[{"Left":"Agda.Primitive.Level"},[]],"tag":"App"},"name":"a"},{"contents":[{"item":{"contents":[{"Left":"Agda.Primitive.Level"},[]],"tag":"App"},"name":"b"},{"contents":[{"item":{"contents":"Set @1","tag":"Sort"},"name":"A"},{"contents":[{"item":{"contents":[{"item":{"contents":[{"Right":0},[]],"tag":"App"},"name":"_"},{"contents":"Set @1","tag":"Sort"}],"tag":"Pi"},"name":"B"},{"contents":"Set (lub @3 @2)","tag":"Sort"}],"tag":"Pi"}],"tag":"Pi"}],"tag":"Pi"}],"tag":"Pi"},"simplified":{"contents":[{"item":{"contents":[{"Left":"Agda.Primitive.Level"},[]],"tag":"App"},"name":"a"},{"contents":[{"item":{"contents":[{"Left":"Agda.Primitive.Level"},[]],"tag":"App"},"name":"b"},{"contents":[{"item":{"contents":"Set @1","tag":"Sort"},"name":"A"},{"contents":[{"item":{"contents":[{"item":{"contents":[{"Right":0},[]],"tag":"App"},"name":"_"},{"contents":"Set @1","tag":"Sort"}],"tag":"Pi"},"name":"B"},{"contents":"Set (lub @3 @2)","tag":"Sort"}],"tag":"Pi"}],"tag":"Pi"}],"tag":"Pi"}],"tag":"Pi"}}},"name":"Agda.Builtin.Sigma.Σ"},{"item":{"pretty":"Level","thing":{"normalised":{"contents":[{"Left":"Agda.Primitive.Level"},[]],"tag":"App"},"original":{"contents":[{"Left":"Agda.Primitive.Level"},[]],"tag":"App"},"reduced":{"contents":[{"Left":"Agda.Primitive.Level"},[]],"tag":"App"},"simplified":{"contents":[{"Left":"Agda.Primitive.Level"},[]],"tag":"App"}}},"name":"Agda.Primitive.lzero"},{"item":{"pretty":"Level → Level","thing":{"normalised":{"contents":[{"item":{"contents":[{"Left":"Agda.Primitive.Level"},[]],"tag":"App"},"name":"ℓ"},{"contents":[{"Left":"Agda.Primitive.Level"},[]],"tag":"App"}],"tag":"Pi"},"original":{"contents":[{"item":{"contents":[{"Left":"Agda.Primitive.Level"},[]],"tag":"App"},"name":"ℓ"},{"contents":[{"Left":"Agda.Primitive.Level"},[]],"tag":"App"}],"tag":"Pi"},"reduced":{"contents":[{"item":{"contents":[{"Left":"Agda.Primitive.Level"},[]],"tag":"App"},"name":"ℓ"},{"contents":[{"Left":"Agda.Primitive.Level"},[]],"tag":"App"}],"tag":"Pi"},"simplified":{"contents":[{"item":{"contents":[{"Left":"Agda.Primitive.Level"},[]],"tag":"App"},"name":"ℓ"},{"contents":[{"Left":"Agda.Primitive.Level"},[]],"tag":"App"}],"tag":"Pi"}}},"name":"Agda.Primitive.lsuc"},{"item":{"pretty":"Level → Level → Level","thing":{"normalised":{"contents":[{"item":{"contents":[{"Left":"Agda.Primitive.Level"},[]],"tag":"App"},"name":"ℓ₁"},{"contents":[{"item":{"contents":[{"Left":"Agda.Primitive.Level"},[]],"tag":"App"},"name":"ℓ₂"},{"contents":[{"Left":"Agda.Primitive.Level"},[]],"tag":"App"}],"tag":"Pi"}],"tag":"Pi"},"original":{"contents":[{"item":{"contents":[{"Left":"Agda.Primitive.Level"},[]],"tag":"App"},"name":"ℓ₁"},{"contents":[{"item":{"contents":[{"Left":"Agda.Primitive.Level"},[]],"tag":"App"},"name":"ℓ₂"},{"contents":[{"Left":"Agda.Primitive.Level"},[]],"tag":"App"}],"tag":"Pi"}],"tag":"Pi"},"reduced":{"contents":[{"item":{"contents":[{"Left":"Agda.Primitive.Level"},[]],"tag":"App"},"name":"ℓ₁"},{"contents":[{"item":{"contents":[{"Left":"Agda.Primitive.Level"},[]],"tag":"App"},"name":"ℓ₂"},{"contents":[{"Left":"Agda.Primitive.Level"},[]],"tag":"App"}],"tag":"Pi"}],"tag":"Pi"},"simplified":{"contents":[{"item":{"contents":[{"Left":"Agda.Primitive.Level"},[]],"tag":"App"},"name":"ℓ₁"},{"contents":[{"item":{"contents":[{"Left":"Agda.Primitive.Level"},[]],"tag":"App"},"name":"ℓ₂"},{"contents":[{"Left":"Agda.Primitive.Level"},[]],"tag":"App"}],"tag":"Pi"}],"tag":"Pi"}}},"name":"Agda.Primitive._⊔_"},{"item":{"pretty":"{a b : Level} {A : Set a} {B : A → Set b} → Σ A B → A","thing":{"normalised":{"contents":[{"item":{"contents":[{"Left":"Agda.Primitive.Level"},[]],"tag":"App"},"name":"a"},{"contents":[{"item":{"contents":[{"Left":"Agda.Primitive.Level"},[]],"tag":"App"},"name":"b"},{"contents":[{"item":{"contents":"Set @1","tag":"Sort"},"name":"A"},{"contents":[{"item":{"contents":[{"item":{"contents":[{"Right":0},[]],"tag":"App"},"name":"_"},{"contents":"Set @1","tag":"Sort"}],"tag":"Pi"},"name":"B"},{"contents":[{"item":{"contents":[{"Left":"Agda.Builtin.Sigma.Σ"},[{"contents":[{"Right":3},[]],"tag":"App"},{"contents":[{"Right":2},[]],"tag":"App"},{"contents":[{"Right":1},[]],"tag":"App"},{"contents":[{"Right":0},[]],"tag":"App"}]],"tag":"App"},"name":"r"},{"contents":[{"Right":1},[]],"tag":"App"}],"tag":"Pi"}],"tag":"Pi"}],"tag":"Pi"}],"tag":"Pi"}],"tag":"Pi"},"original":{"contents":[{"item":{"contents":[{"Left":"Agda.Primitive.Level"},[]],"tag":"App"},"name":"a"},{"contents":[{"item":{"contents":[{"Left":"Agda.Primitive.Level"},[]],"tag":"App"},"name":"b"},{"contents":[{"item":{"contents":"Set @1","tag":"Sort"},"name":"A"},{"contents":[{"item":{"contents":[{"item":{"contents":[{"Right":0},[]],"tag":"App"},"name":"_"},{"contents":"Set @1","tag":"Sort"}],"tag":"Pi"},"name":"B"},{"contents":[{"item":{"contents":[{"Left":"Agda.Builtin.Sigma.Σ"},[{"contents":[{"Right":3},[]],"tag":"App"},{"contents":[{"Right":2},[]],"tag":"App"},{"contents":[{"Right":1},[]],"tag":"App"},{"contents":[{"Right":0},[]],"tag":"App"}]],"tag":"App"},"name":"r"},{"contents":[{"Right":1},[]],"tag":"App"}],"tag":"Pi"}],"tag":"Pi"}],"tag":"Pi"}],"tag":"Pi"}],"tag":"Pi"},"reduced":{"contents":[{"item":{"contents":[{"Left":"Agda.Primitive.Level"},[]],"tag":"App"},"name":"a"},{"contents":[{"item":{"contents":[{"Left":"Agda.Primitive.Level"},[]],"tag":"App"},"name":"b"},{"contents":[{"item":{"contents":"Set @1","tag":"Sort"},"name":"A"},{"contents":[{"item":{"contents":[{"item":{"contents":[{"Right":0},[]],"tag":"App"},"name":"_"},{"contents":"Set @1","tag":"Sort"}],"tag":"Pi"},"name":"B"},{"contents":[{"item":{"contents":[{"Left":"Agda.Builtin.Sigma.Σ"},[{"contents":[{"Right":3},[]],"tag":"App"},{"contents":[{"Right":2},[]],"tag":"App"},{"contents":[{"Right":1},[]],"tag":"App"},{"contents":[{"Right":0},[]],"tag":"App"}]],"tag":"App"},"name":"r"},{"contents":[{"Right":1},[]],"tag":"App"}],"tag":"Pi"}],"tag":"Pi"}],"tag":"Pi"}],"tag":"Pi"}],"tag":"Pi"},"simplified":{"contents":[{"item":{"contents":[{"Left":"Agda.Primitive.Level"},[]],"tag":"App"},"name":"a"},{"contents":[{"item":{"contents":[{"Left":"Agda.Primitive.Level"},[]],"tag":"App"},"name":"b"},{"contents":[{"item":{"contents":"Set @1","tag":"Sort"},"name":"A"},{"contents":[{"item":{"contents":[{"item":{"contents":[{"Right":0},[]],"tag":"App"},"name":"_"},{"contents":"Set @1","tag":"Sort"}],"tag":"Pi"},"name":"B"},{"contents":[{"item":{"contents":[{"Left":"Agda.Builtin.Sigma.Σ"},[{"contents":[{"Right":3},[]],"tag":"App"},{"contents":[{"Right":2},[]],"tag":"App"},{"contents":[{"Right":1},[]],"tag":"App"},{"contents":[{"Right":0},[]],"tag":"App"}]],"tag":"App"},"name":"r"},{"contents":[{"Right":1},[]],"tag":"App"}],"tag":"Pi"}],"tag":"Pi"}],"tag":"Pi"}],"tag":"Pi"}],"tag":"Pi"}}},"name":"Agda.Builtin.Sigma.Σ.fst"},{"item":{"pretty":"{a b : Level} {A : Set a} {B : A → Set b} (r : Σ A B) → B (fst r)","thing":{"normalised":{"contents":[{"item":{"contents":[{"Left":"Agda.Primitive.Level"},[]],"tag":"App"},"name":"a"},{"contents":[{"item":{"contents":[{"Left":"Agda.Primitive.Level"},[]],"tag":"App"},"name":"b"},{"contents":[{"item":{"contents":"Set @1","tag":"Sort"},"name":"A"},{"contents":[{"item":{"contents":[{"item":{"contents":[{"Right":0},[]],"tag":"App"},"name":"_"},{"contents":"Set @1","tag":"Sort"}],"tag":"Pi"},"name":"B"},{"contents":[{"item":{"contents":[{"Left":"Agda.Builtin.Sigma.Σ"},[{"contents":[{"Right":3},[]],"tag":"App"},{"contents":[{"Right":2},[]],"tag":"App"},{"contents":[{"Right":1},[]],"tag":"App"},{"contents":[{"Right":0},[]],"tag":"App"}]],"tag":"App"},"name":"r"},{"contents":[{"Right":1},[{"contents":[{"Right":0},[{"contents":[{"Left":"Agda.Builtin.Sigma.Σ.fst"},[]],"tag":"App"}]],"tag":"App"}]],"tag":"App"}],"tag":"Pi"}],"tag":"Pi"}],"tag":"Pi"}],"tag":"Pi"}],"tag":"Pi"},"original":{"contents":[{"item":{"contents":[{"Left":"Agda.Primitive.Level"},[]],"tag":"App"},"name":"a"},{"contents":[{"item":{"contents":[{"Left":"Agda.Primitive.Level"},[]],"tag":"App"},"name":"b"},{"contents":[{"item":{"contents":"Set @1","tag":"Sort"},"name":"A"},{"contents":[{"item":{"contents":[{"item":{"contents":[{"Right":0},[]],"tag":"App"},"name":"_"},{"contents":"Set @1","tag":"Sort"}],"tag":"Pi"},"name":"B"},{"contents":[{"item":{"contents":[{"Left":"Agda.Builtin.Sigma.Σ"},[{"contents":[{"Right":3},[]],"tag":"App"},{"contents":[{"Right":2},[]],"tag":"App"},{"contents":[{"Right":1},[]],"tag":"App"},{"contents":[{"Right":0},[]],"tag":"App"}]],"tag":"App"},"name":"r"},{"contents":[{"Right":1},[{"contents":[{"Right":0},[{"contents":[{"Left":"Agda.Builtin.Sigma.Σ.fst"},[]],"tag":"App"}]],"tag":"App"}]],"tag":"App"}],"tag":"Pi"}],"tag":"Pi"}],"tag":"Pi"}],"tag":"Pi"}],"tag":"Pi"},"reduced":{"contents":[{"item":{"contents":[{"Left":"Agda.Primitive.Level"},[]],"tag":"App"},"name":"a"},{"contents":[{"item":{"contents":[{"Left":"Agda.Primitive.Level"},[]],"tag":"App"},"name":"b"},{"contents":[{"item":{"contents":"Set @1","tag":"Sort"},"name":"A"},{"contents":[{"item":{"contents":[{"item":{"contents":[{"Right":0},[]],"tag":"App"},"name":"_"},{"contents":"Set @1","tag":"Sort"}],"tag":"Pi"},"name":"B"},{"contents":[{"item":{"contents":[{"Left":"Agda.Builtin.Sigma.Σ"},[{"contents":[{"Right":3},[]],"tag":"App"},{"contents":[{"Right":2},[]],"tag":"App"},{"contents":[{"Right":1},[]],"tag":"App"},{"contents":[{"Right":0},[]],"tag":"App"}]],"tag":"App"},"name":"r"},{"contents":[{"Right":1},[{"contents":[{"Right":0},[{"contents":[{"Left":"Agda.Builtin.Sigma.Σ.fst"},[]],"tag":"App"}]],"tag":"App"}]],"tag":"App"}],"tag":"Pi"}],"tag":"Pi"}],"tag":"Pi"}],"tag":"Pi"}],"tag":"Pi"},"simplified":{"contents":[{"item":{"contents":[{"Left":"Agda.Primitive.Level"},[]],"tag":"App"},"name":"a"},{"contents":[{"item":{"contents":[{"Left":"Agda.Primitive.Level"},[]],"tag":"App"},"name":"b"},{"contents":[{"item":{"contents":"Set @1","tag":"Sort"},"name":"A"},{"contents":[{"item":{"contents":[{"item":{"contents":[{"Right":0},[]],"tag":"App"},"name":"_"},{"contents":"Set @1","tag":"Sort"}],"tag":"Pi"},"name":"B"},{"contents":[{"item":{"contents":[{"Left":"Agda.Builtin.Sigma.Σ"},[{"contents":[{"Right":3},[]],"tag":"App"},{"contents":[{"Right":2},[]],"tag":"App"},{"contents":[{"Right":1},[]],"tag":"App"},{"contents":[{"Right":0},[]],"tag":"App"}]],"tag":"App"},"name":"r"},{"contents":[{"Right":1},[{"contents":[{"Right":0},[{"contents":[{"Left":"Agda.Builtin.Sigma.Σ.fst"},[]],"tag":"App"}]],"tag":"App"}]],"tag":"App"}],"tag":"Pi"}],"tag":"Pi"}],"tag":"Pi"}],"tag":"Pi"}],"tag":"Pi"}}},"name":"Agda.Builtin.Sigma.Σ.snd"},{"item":{"pretty":"{a b : Level} {A : Set a} {B : A → Set b} (fst₁ : A)\n(snd₁ : B fst₁) →\nΣ A B","thing":{"normalised":{"contents":[{"item":{"contents":[{"Left":"Agda.Primitive.Level"},[]],"tag":"App"},"name":"a"},{"contents":[{"item":{"contents":[{"Left":"Agda.Primitive.Level"},[]],"tag":"App"},"name":"b"},{"contents":[{"item":{"contents":"Set @1","tag":"Sort"},"name":"A"},{"contents":[{"item":{"contents":[{"item":{"contents":[{"Right":0},[]],"tag":"App"},"name":"_"},{"contents":"Set @1","tag":"Sort"}],"tag":"Pi"},"name":"B"},{"contents":[{"item":{"contents":[{"Right":1},[]],"tag":"App"},"name":"fst"},{"contents":[{"item":{"contents":[{"Right":1},[{"contents":[{"Right":0},[]],"tag":"App"}]],"tag":"App"},"name":"snd"},{"contents":[{"Left":"Agda.Builtin.Sigma.Σ"},[{"contents":[{"Right":5},[]],"tag":"App"},{"contents":[{"Right":4},[]],"tag":"App"},{"contents":[{"Right":3},[]],"tag":"App"},{"contents":[{"Right":2},[]],"tag":"App"}]],"tag":"App"}],"tag":"Pi"}],"tag":"Pi"}],"tag":"Pi"}],"tag":"Pi"}],"tag":"Pi"}],"tag":"Pi"},"original":{"contents":[{"item":{"contents":[{"Left":"Agda.Primitive.Level"},[]],"tag":"App"},"name":"a"},{"contents":[{"item":{"contents":[{"Left":"Agda.Primitive.Level"},[]],"tag":"App"},"name":"b"},{"contents":[{"item":{"contents":"Set @1","tag":"Sort"},"name":"A"},{"contents":[{"item":{"contents":[{"item":{"contents":[{"Right":0},[]],"tag":"App"},"name":"_"},{"contents":"Set @1","tag":"Sort"}],"tag":"Pi"},"name":"B"},{"contents":[{"item":{"contents":[{"Right":1},[]],"tag":"App"},"name":"fst"},{"contents":[{"item":{"contents":[{"Right":1},[{"contents":[{"Right":0},[]],"tag":"App"}]],"tag":"App"},"name":"snd"},{"contents":[{"Left":"Agda.Builtin.Sigma.Σ"},[{"contents":[{"Right":5},[]],"tag":"App"},{"contents":[{"Right":4},[]],"tag":"App"},{"contents":[{"Right":3},[]],"tag":"App"},{"contents":[{"Right":2},[]],"tag":"App"}]],"tag":"App"}],"tag":"Pi"}],"tag":"Pi"}],"tag":"Pi"}],"tag":"Pi"}],"tag":"Pi"}],"tag":"Pi"},"reduced":{"contents":[{"item":{"contents":[{"Left":"Agda.Primitive.Level"},[]],"tag":"App"},"name":"a"},{"contents":[{"item":{"contents":[{"Left":"Agda.Primitive.Level"},[]],"tag":"App"},"name":"b"},{"contents":[{"item":{"contents":"Set @1","tag":"Sort"},"name":"A"},{"contents":[{"item":{"contents":[{"item":{"contents":[{"Right":0},[]],"tag":"App"},"name":"_"},{"contents":"Set @1","tag":"Sort"}],"tag":"Pi"},"name":"B"},{"contents":[{"item":{"contents":[{"Right":1},[]],"tag":"App"},"name":"fst"},{"contents":[{"item":{"contents":[{"Right":1},[{"contents":[{"Right":0},[]],"tag":"App"}]],"tag":"App"},"name":"snd"},{"contents":[{"Left":"Agda.Builtin.Sigma.Σ"},[{"contents":[{"Right":5},[]],"tag":"App"},{"contents":[{"Right":4},[]],"tag":"App"},{"contents":[{"Right":3},[]],"tag":"App"},{"contents":[{"Right":2},[]],"tag":"App"}]],"tag":"App"}],"tag":"Pi"}],"tag":"Pi"}],"tag":"Pi"}],"tag":"Pi"}],"tag":"Pi"}],"tag":"Pi"},"simplified":{"contents":[{"item":{"contents":[{"Left":"Agda.Primitive.Level"},[]],"tag":"App"},"name":"a"},{"contents":[{"item":{"contents":[{"Left":"Agda.Primitive.Level"},[]],"tag":"App"},"name":"b"},{"contents":[{"item":{"contents":"Set @1","tag":"Sort"},"name":"A"},{"contents":[{"item":{"contents":[{"item":{"contents":[{"Right":0},[]],"tag":"App"},"name":"_"},{"contents":"Set @1","tag":"Sort"}],"tag":"Pi"},"name":"B"},{"contents":[{"item":{"contents":[{"Right":1},[]],"tag":"App"},"name":"fst"},{"contents":[{"item":{"contents":[{"Right":1},[{"contents":[{"Right":0},[]],"tag":"App"}]],"tag":"App"},"name":"snd"},{"contents":[{"Left":"Agda.Builtin.Sigma.Σ"},[{"contents":[{"Right":5},[]],"tag":"App"},{"contents":[{"Right":4},[]],"tag":"App"},{"contents":[{"Right":3},[]],"tag":"App"},{"contents":[{"Right":2},[]],"tag":"App"}]],"tag":"App"}],"tag":"Pi"}],"tag":"Pi"}],"tag":"Pi"}],"tag":"Pi"}],"tag":"Pi"}],"tag":"Pi"}}},"name":"Agda.Builtin.Sigma._,_"}],"name":"Agda.Builtin.Sigma"},"samples":[]}