{"scope":{"item":[{"item":{"pretty":"Set","thing":{"normalised":{"contents":"Set","tag":"Sort"},"original":{"contents":"Set","tag":"Sort"},"reduced":{"contents":"Set","tag":"Sort"},"simplified":{"contents":"Set","tag":"Sort"}}},"name":"Agda.Builtin.Float.Float"},{"item":{"pretty":"Float → Float → Agda.Builtin.Bool.Bool","thing":{"normalised":{"contents":[{"item":{"contents":[{"Left":"Agda.Builtin.Float.Float"},[]],"tag":"App"},"name":"_"},{"contents":[{"item":{"contents":[{"Left":"Agda.Builtin.Float.Float"},[]],"tag":"App"},"name":"_"},{"contents":[{"Left":"Agda.Builtin.Bool.Bool"},[]],"tag":"App"}],"tag":"Pi"}],"tag":"Pi"},"original":{"contents":[{"item":{"contents":[{"Left":"Agda.Builtin.Float.Float"},[]],"tag":"App"},"name":"_"},{"contents":[{"item":{"contents":[{"Left":"Agda.Builtin.Float.Float"},[]],"tag":"App"},"name":"_"},{"contents":[{"Left":"Agda.Builtin.Bool.Bool"},[]],"tag":"App"}],"tag":"Pi"}],"tag":"Pi"},"reduced":{"contents":[{"item":{"contents":[{"Left":"Agda.Builtin.Float.Float"},[]],"tag":"App"},"name":"_"},{"contents":[{"item":{"contents":[{"Left":"Agda.Builtin.Float.Float"},[]],"tag":"App"},"name":"_"},{"contents":[{"Left":"Agda.Builtin.Bool.Bool"},[]],"tag":"App"}],"tag":"Pi"}],"tag":"Pi"},"simplified":{"contents":[{"item":{"contents":[{"Left":"Agda.Builtin.Float.Float"},[]],"tag":"App"},"name":"_"},{"contents":[{"item":{"contents":[{"Left":"Agda.Builtin.Float.Float"},[]],"tag":"App"},"name":"_"},{"contents":[{"Left":"Agda.Builtin.Bool.Bool"},[]],"tag":"App"}],"tag":"Pi"}],"tag":"Pi"}}},"name":"Agda.Builtin.Float.primFloatInequality"},{"item":{"pretty":"Float → Float → Agda.Builtin.Bool.Bool","thing":{"normalised":{"contents":[{"item":{"contents":[{"Left":"Agda.Builtin.Float.Float"},[]],"tag":"App"},"name":"_"},{"contents":[{"item":{"contents":[{"Left":"Agda.Builtin.Float.Float"},[]],"tag":"App"},"name":"_"},{"contents":[{"Left":"Agda.Builtin.Bool.Bool"},[]],"tag":"App"}],"tag":"Pi"}],"tag":"Pi"},"original":{"contents":[{"item":{"contents":[{"Left":"Agda.Builtin.Float.Float"},[]],"tag":"App"},"name":"_"},{"contents":[{"item":{"contents":[{"Left":"Agda.Builtin.Float.Float"},[]],"tag":"App"},"name":"_"},{"contents":[{"Left":"Agda.Builtin.Bool.Bool"},[]],"tag":"App"}],"tag":"Pi"}],"tag":"Pi"},"reduced":{"contents":[{"item":{"contents":[{"Left":"Agda.Builtin.Float.Float"},[]],"tag":"App"},"name":"_"},{"contents":[{"item":{"contents":[{"Left":"Agda.Builtin.Float.Float"},[]],"tag":"App"},"name":"_"},{"contents":[{"Left":"Agda.Builtin.Bool.Bool"},[]],"tag":"App"}],"tag":"Pi"}],"tag":"Pi"},"simplified":{"contents":[{"item":{"contents":[{"Left":"Agda.Builtin.Float.Float"},[]],"tag":"App"},"name":"_"},{"contents":[{"item":{"contents":[{"Left":"Agda.Builtin.Float.Float"},[]],"tag":"App"},"name":"_"},{"contents":[{"Left":"Agda.Builtin.Bool.Bool"},[]],"tag":"App"}],"tag":"Pi"}],"tag":"Pi"}}},"name":"Agda.Builtin.Float.primFloatEquality"},{"item":{"pretty":"{a : Agda.Primitive.Level} {A : Set a} → A → A → Set a","thing":{"normalised":{"contents":[{"item":{"contents":[{"Left":"Agda.Primitive.Level"},[]],"tag":"App"},"name":"a"},{"contents":[{"item":{"contents":"Set @0","tag":"Sort"},"name":"A"},{"contents":[{"item":{"contents":[{"Right":0},[]],"tag":"App"},"name":"x"},{"contents":[{"item":{"contents":[{"Right":0},[]],"tag":"App"},"name":"_"},{"contents":"Set @1","tag":"Sort"}],"tag":"Pi"}],"tag":"Pi"}],"tag":"Pi"}],"tag":"Pi"},"original":{"contents":[{"item":{"contents":[{"Left":"Agda.Primitive.Level"},[]],"tag":"App"},"name":"a"},{"contents":[{"item":{"contents":"Set @0","tag":"Sort"},"name":"A"},{"contents":[{"item":{"contents":[{"Right":0},[]],"tag":"App"},"name":"x"},{"contents":[{"item":{"contents":[{"Right":0},[]],"tag":"App"},"name":"_"},{"contents":"Set @1","tag":"Sort"}],"tag":"Pi"}],"tag":"Pi"}],"tag":"Pi"}],"tag":"Pi"},"reduced":{"contents":[{"item":{"contents":[{"Left":"Agda.Primitive.Level"},[]],"tag":"App"},"name":"a"},{"contents":[{"item":{"contents":"Set @0","tag":"Sort"},"name":"A"},{"contents":[{"item":{"contents":[{"Right":0},[]],"tag":"App"},"name":"x"},{"contents":[{"item":{"contents":[{"Right":0},[]],"tag":"App"},"name":"_"},{"contents":"Set @1","tag":"Sort"}],"tag":"Pi"}],"tag":"Pi"}],"tag":"Pi"}],"tag":"Pi"},"simplified":{"contents":[{"item":{"contents":[{"Left":"Agda.Primitive.Level"},[]],"tag":"App"},"name":"a"},{"contents":[{"item":{"contents":"Set @0","tag":"Sort"},"name":"A"},{"contents":[{"item":{"contents":[{"Right":0},[]],"tag":"App"},"name":"x"},{"contents":[{"item":{"contents":[{"Right":0},[]],"tag":"App"},"name":"_"},{"contents":"Set @1","tag":"Sort"}],"tag":"Pi"}],"tag":"Pi"}],"tag":"Pi"}],"tag":"Pi"}}},"name":"Agda.Builtin.Equality._≡_"},{"item":{"pretty":"Float → Float → Agda.Builtin.Bool.Bool","thing":{"normalised":{"contents":[{"item":{"contents":[{"Left":"Agda.Builtin.Float.Float"},[]],"tag":"App"},"name":"_"},{"contents":[{"item":{"contents":[{"Left":"Agda.Builtin.Float.Float"},[]],"tag":"App"},"name":"_"},{"contents":[{"Left":"Agda.Builtin.Bool.Bool"},[]],"tag":"App"}],"tag":"Pi"}],"tag":"Pi"},"original":{"contents":[{"item":{"contents":[{"Left":"Agda.Builtin.Float.Float"},[]],"tag":"App"},"name":"_"},{"contents":[{"item":{"contents":[{"Left":"Agda.Builtin.Float.Float"},[]],"tag":"App"},"name":"_"},{"contents":[{"Left":"Agda.Builtin.Bool.Bool"},[]],"tag":"App"}],"tag":"Pi"}],"tag":"Pi"},"reduced":{"contents":[{"item":{"contents":[{"Left":"Agda.Builtin.Float.Float"},[]],"tag":"App"},"name":"_"},{"contents":[{"item":{"contents":[{"Left":"Agda.Builtin.Float.Float"},[]],"tag":"App"},"name":"_"},{"contents":[{"Left":"Agda.Builtin.Bool.Bool"},[]],"tag":"App"}],"tag":"Pi"}],"tag":"Pi"},"simplified":{"contents":[{"item":{"contents":[{"Left":"Agda.Builtin.Float.Float"},[]],"tag":"App"},"name":"_"},{"contents":[{"item":{"contents":[{"Left":"Agda.Builtin.Float.Float"},[]],"tag":"App"},"name":"_"},{"contents":[{"Left":"Agda.Builtin.Bool.Bool"},[]],"tag":"App"}],"tag":"Pi"}],"tag":"Pi"}}},"name":"Agda.Builtin.Float.primFloatLess"},{"item":{"pretty":"(a b : Float) → primFloatToWord64 a ≡ primFloatToWord64 b → a ≡ b","thing":{"normalised":{"contents":[{"item":{"contents":[{"Left":"Agda.Builtin.Float.Float"},[]],"tag":"App"},"name":"a"},{"contents":[{"item":{"contents":[{"Left":"Agda.Builtin.Float.Float"},[]],"tag":"App"},"name":"b"},{"contents":[{"item":{"contents":[{"Left":"Agda.Builtin.Equality._≡_"},[{"contents":"lzero","tag":"Level"},{"contents":[{"Left":"Agda.Builtin.Maybe.Maybe"},[{"contents":"lzero","tag":"Level"},{"contents":[{"Left":"Agda.Builtin.Word.Word64"},[]],"tag":"App"}]],"tag":"App"},{"contents":[{"Left":"Agda.Builtin.Float.primFloatToWord64"},[{"contents":[{"Right":1},[]],"tag":"App"}]],"tag":"App"},{"contents":[{"Left":"Agda.Builtin.Float.primFloatToWord64"},[{"contents":[{"Right":0},[]],"tag":"App"}]],"tag":"App"}]],"tag":"App"},"name":"_"},{"contents":[{"Left":"Agda.Builtin.Equality._≡_"},[{"contents":"lzero","tag":"Level"},{"contents":[{"Left":"Agda.Builtin.Float.Float"},[]],"tag":"App"},{"contents":[{"Right":1},[]],"tag":"App"},{"contents":[{"Right":0},[]],"tag":"App"}]],"tag":"App"}],"tag":"Pi"}],"tag":"Pi"}],"tag":"Pi"},"original":{"contents":[{"item":{"contents":[{"Left":"Agda.Builtin.Float.Float"},[]],"tag":"App"},"name":"a"},{"contents":[{"item":{"contents":[{"Left":"Agda.Builtin.Float.Float"},[]],"tag":"App"},"name":"b"},{"contents":[{"item":{"contents":[{"Left":"Agda.Builtin.Equality._≡_"},[{"contents":"lzero","tag":"Level"},{"contents":[{"Left":"Agda.Builtin.Maybe.Maybe"},[{"contents":"lzero","tag":"Level"},{"contents":[{"Left":"Agda.Builtin.Word.Word64"},[]],"tag":"App"}]],"tag":"App"},{"contents":[{"Left":"Agda.Builtin.Float.primFloatToWord64"},[{"contents":[{"Right":1},[]],"tag":"App"}]],"tag":"App"},{"contents":[{"Left":"Agda.Builtin.Float.primFloatToWord64"},[{"contents":[{"Right":0},[]],"tag":"App"}]],"tag":"App"}]],"tag":"App"},"name":"_"},{"contents":[{"Left":"Agda.Builtin.Equality._≡_"},[{"contents":"lzero","tag":"Level"},{"contents":[{"Left":"Agda.Builtin.Float.Float"},[]],"tag":"App"},{"contents":[{"Right":1},[]],"tag":"App"},{"contents":[{"Right":0},[]],"tag":"App"}]],"tag":"App"}],"tag":"Pi"}],"tag":"Pi"}],"tag":"Pi"},"reduced":{"contents":[{"item":{"contents":[{"Left":"Agda.Builtin.Float.Float"},[]],"tag":"App"},"name":"a"},{"contents":[{"item":{"contents":[{"Left":"Agda.Builtin.Float.Float"},[]],"tag":"App"},"name":"b"},{"contents":[{"item":{"contents":[{"Left":"Agda.Builtin.Equality._≡_"},[{"contents":"lzero","tag":"Level"},{"contents":[{"Left":"Agda.Builtin.Maybe.Maybe"},[{"contents":"lzero","tag":"Level"},{"contents":[{"Left":"Agda.Builtin.Word.Word64"},[]],"tag":"App"}]],"tag":"App"},{"contents":[{"Left":"Agda.Builtin.Float.primFloatToWord64"},[{"contents":[{"Right":1},[]],"tag":"App"}]],"tag":"App"},{"contents":[{"Left":"Agda.Builtin.Float.primFloatToWord64"},[{"contents":[{"Right":0},[]],"tag":"App"}]],"tag":"App"}]],"tag":"App"},"name":"_"},{"contents":[{"Left":"Agda.Builtin.Equality._≡_"},[{"contents":"lzero","tag":"Level"},{"contents":[{"Left":"Agda.Builtin.Float.Float"},[]],"tag":"App"},{"contents":[{"Right":1},[]],"tag":"App"},{"contents":[{"Right":0},[]],"tag":"App"}]],"tag":"App"}],"tag":"Pi"}],"tag":"Pi"}],"tag":"Pi"},"simplified":{"contents":[{"item":{"contents":[{"Left":"Agda.Builtin.Float.Float"},[]],"tag":"App"},"name":"a"},{"contents":[{"item":{"contents":[{"Left":"Agda.Builtin.Float.Float"},[]],"tag":"App"},"name":"b"},{"contents":[{"item":{"contents":[{"Left":"Agda.Builtin.Equality._≡_"},[{"contents":"lzero","tag":"Level"},{"contents":[{"Left":"Agda.Builtin.Maybe.Maybe"},[{"contents":"lzero","tag":"Level"},{"contents":[{"Left":"Agda.Builtin.Word.Word64"},[]],"tag":"App"}]],"tag":"App"},{"contents":[{"Left":"Agda.Builtin.Float.primFloatToWord64"},[{"contents":[{"Right":1},[]],"tag":"App"}]],"tag":"App"},{"contents":[{"Left":"Agda.Builtin.Float.primFloatToWord64"},[{"contents":[{"Right":0},[]],"tag":"App"}]],"tag":"App"}]],"tag":"App"},"name":"_"},{"contents":[{"Left":"Agda.Builtin.Equality._≡_"},[{"contents":"lzero","tag":"Level"},{"contents":[{"Left":"Agda.Builtin.Float.Float"},[]],"tag":"App"},{"contents":[{"Right":1},[]],"tag":"App"},{"contents":[{"Right":0},[]],"tag":"App"}]],"tag":"App"}],"tag":"Pi"}],"tag":"Pi"}],"tag":"Pi"}}},"name":"Agda.Builtin.Float.Properties.primFloatToWord64Injective"},{"item":{"pretty":"Float → Agda.Builtin.Bool.Bool","thing":{"normalised":{"contents":[{"item":{"contents":[{"Left":"Agda.Builtin.Float.Float"},[]],"tag":"App"},"name":"_"},{"contents":[{"Left":"Agda.Builtin.Bool.Bool"},[]],"tag":"App"}],"tag":"Pi"},"original":{"contents":[{"item":{"contents":[{"Left":"Agda.Builtin.Float.Float"},[]],"tag":"App"},"name":"_"},{"contents":[{"Left":"Agda.Builtin.Bool.Bool"},[]],"tag":"App"}],"tag":"Pi"},"reduced":{"contents":[{"item":{"contents":[{"Left":"Agda.Builtin.Float.Float"},[]],"tag":"App"},"name":"_"},{"contents":[{"Left":"Agda.Builtin.Bool.Bool"},[]],"tag":"App"}],"tag":"Pi"},"simplified":{"contents":[{"item":{"contents":[{"Left":"Agda.Builtin.Float.Float"},[]],"tag":"App"},"name":"_"},{"contents":[{"Left":"Agda.Builtin.Bool.Bool"},[]],"tag":"App"}],"tag":"Pi"}}},"name":"Agda.Builtin.Float.primFloatIsInfinite"},{"item":{"pretty":"Float → Agda.Builtin.Bool.Bool","thing":{"normalised":{"contents":[{"item":{"contents":[{"Left":"Agda.Builtin.Float.Float"},[]],"tag":"App"},"name":"_"},{"contents":[{"Left":"Agda.Builtin.Bool.Bool"},[]],"tag":"App"}],"tag":"Pi"},"original":{"contents":[{"item":{"contents":[{"Left":"Agda.Builtin.Float.Float"},[]],"tag":"App"},"name":"_"},{"contents":[{"Left":"Agda.Builtin.Bool.Bool"},[]],"tag":"App"}],"tag":"Pi"},"reduced":{"contents":[{"item":{"contents":[{"Left":"Agda.Builtin.Float.Float"},[]],"tag":"App"},"name":"_"},{"contents":[{"Left":"Agda.Builtin.Bool.Bool"},[]],"tag":"App"}],"tag":"Pi"},"simplified":{"contents":[{"item":{"contents":[{"Left":"Agda.Builtin.Float.Float"},[]],"tag":"App"},"name":"_"},{"contents":[{"Left":"Agda.Builtin.Bool.Bool"},[]],"tag":"App"}],"tag":"Pi"}}},"name":"Agda.Builtin.Float.primFloatIsNaN"},{"item":{"pretty":"Float → Agda.Builtin.Bool.Bool","thing":{"normalised":{"contents":[{"item":{"contents":[{"Left":"Agda.Builtin.Float.Float"},[]],"tag":"App"},"name":"_"},{"contents":[{"Left":"Agda.Builtin.Bool.Bool"},[]],"tag":"App"}],"tag":"Pi"},"original":{"contents":[{"item":{"contents":[{"Left":"Agda.Builtin.Float.Float"},[]],"tag":"App"},"name":"_"},{"contents":[{"Left":"Agda.Builtin.Bool.Bool"},[]],"tag":"App"}],"tag":"Pi"},"reduced":{"contents":[{"item":{"contents":[{"Left":"Agda.Builtin.Float.Float"},[]],"tag":"App"},"name":"_"},{"contents":[{"Left":"Agda.Builtin.Bool.Bool"},[]],"tag":"App"}],"tag":"Pi"},"simplified":{"contents":[{"item":{"contents":[{"Left":"Agda.Builtin.Float.Float"},[]],"tag":"App"},"name":"_"},{"contents":[{"Left":"Agda.Builtin.Bool.Bool"},[]],"tag":"App"}],"tag":"Pi"}}},"name":"Agda.Builtin.Float.primFloatIsNegativeZero"},{"item":{"pretty":"{a : Agda.Primitive.Level} {A : Set a} {x : A} → x ≡ x","thing":{"normalised":{"contents":[{"item":{"contents":[{"Left":"Agda.Primitive.Level"},[]],"tag":"App"},"name":"a"},{"contents":[{"item":{"contents":"Set @0","tag":"Sort"},"name":"A"},{"contents":[{"item":{"contents":[{"Right":0},[]],"tag":"App"},"name":"x"},{"contents":[{"Left":"Agda.Builtin.Equality._≡_"},[{"contents":[{"Right":2},[]],"tag":"App"},{"contents":[{"Right":1},[]],"tag":"App"},{"contents":[{"Right":0},[]],"tag":"App"},{"contents":[{"Right":0},[]],"tag":"App"}]],"tag":"App"}],"tag":"Pi"}],"tag":"Pi"}],"tag":"Pi"},"original":{"contents":[{"item":{"contents":[{"Left":"Agda.Primitive.Level"},[]],"tag":"App"},"name":"a"},{"contents":[{"item":{"contents":"Set @0","tag":"Sort"},"name":"A"},{"contents":[{"item":{"contents":[{"Right":0},[]],"tag":"App"},"name":"x"},{"contents":[{"Left":"Agda.Builtin.Equality._≡_"},[{"contents":[{"Right":2},[]],"tag":"App"},{"contents":[{"Right":1},[]],"tag":"App"},{"contents":[{"Right":0},[]],"tag":"App"},{"contents":[{"Right":0},[]],"tag":"App"}]],"tag":"App"}],"tag":"Pi"}],"tag":"Pi"}],"tag":"Pi"},"reduced":{"contents":[{"item":{"contents":[{"Left":"Agda.Primitive.Level"},[]],"tag":"App"},"name":"a"},{"contents":[{"item":{"contents":"Set @0","tag":"Sort"},"name":"A"},{"contents":[{"item":{"contents":[{"Right":0},[]],"tag":"App"},"name":"x"},{"contents":[{"Left":"Agda.Builtin.Equality._≡_"},[{"contents":[{"Right":2},[]],"tag":"App"},{"contents":[{"Right":1},[]],"tag":"App"},{"contents":[{"Right":0},[]],"tag":"App"},{"contents":[{"Right":0},[]],"tag":"App"}]],"tag":"App"}],"tag":"Pi"}],"tag":"Pi"}],"tag":"Pi"},"simplified":{"contents":[{"item":{"contents":[{"Left":"Agda.Primitive.Level"},[]],"tag":"App"},"name":"a"},{"contents":[{"item":{"contents":"Set @0","tag":"Sort"},"name":"A"},{"contents":[{"item":{"contents":[{"Right":0},[]],"tag":"App"},"name":"x"},{"contents":[{"Left":"Agda.Builtin.Equality._≡_"},[{"contents":[{"Right":2},[]],"tag":"App"},{"contents":[{"Right":1},[]],"tag":"App"},{"contents":[{"Right":0},[]],"tag":"App"},{"contents":[{"Right":0},[]],"tag":"App"}]],"tag":"App"}],"tag":"Pi"}],"tag":"Pi"}],"tag":"Pi"}}},"name":"Agda.Builtin.Equality._≡_.refl"},{"item":{"pretty":"Float → Agda.Builtin.Bool.Bool","thing":{"normalised":{"contents":[{"item":{"contents":[{"Left":"Agda.Builtin.Float.Float"},[]],"tag":"App"},"name":"_"},{"contents":[{"Left":"Agda.Builtin.Bool.Bool"},[]],"tag":"App"}],"tag":"Pi"},"original":{"contents":[{"item":{"contents":[{"Left":"Agda.Builtin.Float.Float"},[]],"tag":"App"},"name":"_"},{"contents":[{"Left":"Agda.Builtin.Bool.Bool"},[]],"tag":"App"}],"tag":"Pi"},"reduced":{"contents":[{"item":{"contents":[{"Left":"Agda.Builtin.Float.Float"},[]],"tag":"App"},"name":"_"},{"contents":[{"Left":"Agda.Builtin.Bool.Bool"},[]],"tag":"App"}],"tag":"Pi"},"simplified":{"contents":[{"item":{"contents":[{"Left":"Agda.Builtin.Float.Float"},[]],"tag":"App"},"name":"_"},{"contents":[{"Left":"Agda.Builtin.Bool.Bool"},[]],"tag":"App"}],"tag":"Pi"}}},"name":"Agda.Builtin.Float.primFloatIsSafeInteger"},{"item":{"pretty":"Float → Agda.Builtin.Maybe.Maybe Agda.Builtin.Word.Word64","thing":{"normalised":{"contents":[{"item":{"contents":[{"Left":"Agda.Builtin.Float.Float"},[]],"tag":"App"},"name":"_"},{"contents":[{"Left":"Agda.Builtin.Maybe.Maybe"},[{"contents":"lzero","tag":"Level"},{"contents":[{"Left":"Agda.Builtin.Word.Word64"},[]],"tag":"App"}]],"tag":"App"}],"tag":"Pi"},"original":{"contents":[{"item":{"contents":[{"Left":"Agda.Builtin.Float.Float"},[]],"tag":"App"},"name":"_"},{"contents":[{"Left":"Agda.Builtin.Maybe.Maybe"},[{"contents":"lzero","tag":"Level"},{"contents":[{"Left":"Agda.Builtin.Word.Word64"},[]],"tag":"App"}]],"tag":"App"}],"tag":"Pi"},"reduced":{"contents":[{"item":{"contents":[{"Left":"Agda.Builtin.Float.Float"},[]],"tag":"App"},"name":"_"},{"contents":[{"Left":"Agda.Builtin.Maybe.Maybe"},[{"contents":"lzero","tag":"Level"},{"contents":[{"Left":"Agda.Builtin.Word.Word64"},[]],"tag":"App"}]],"tag":"App"}],"tag":"Pi"},"simplified":{"contents":[{"item":{"contents":[{"Left":"Agda.Builtin.Float.Float"},[]],"tag":"App"},"name":"_"},{"contents":[{"Left":"Agda.Builtin.Maybe.Maybe"},[{"contents":"lzero","tag":"Level"},{"contents":[{"Left":"Agda.Builtin.Word.Word64"},[]],"tag":"App"}]],"tag":"App"}],"tag":"Pi"}}},"name":"Agda.Builtin.Float.primFloatToWord64"},{"item":{"pretty":"Agda.Builtin.Nat.Nat → Float","thing":{"normalised":{"contents":[{"item":{"contents":[{"Left":"Agda.Builtin.Nat.Nat"},[]],"tag":"App"},"name":"_"},{"contents":[{"Left":"Agda.Builtin.Float.Float"},[]],"tag":"App"}],"tag":"Pi"},"original":{"contents":[{"item":{"contents":[{"Left":"Agda.Builtin.Nat.Nat"},[]],"tag":"App"},"name":"_"},{"contents":[{"Left":"Agda.Builtin.Float.Float"},[]],"tag":"App"}],"tag":"Pi"},"reduced":{"contents":[{"item":{"contents":[{"Left":"Agda.Builtin.Nat.Nat"},[]],"tag":"App"},"name":"_"},{"contents":[{"Left":"Agda.Builtin.Float.Float"},[]],"tag":"App"}],"tag":"Pi"},"simplified":{"contents":[{"item":{"contents":[{"Left":"Agda.Builtin.Nat.Nat"},[]],"tag":"App"},"name":"_"},{"contents":[{"Left":"Agda.Builtin.Float.Float"},[]],"tag":"App"}],"tag":"Pi"}}},"name":"Agda.Builtin.Float.primNatToFloat"},{"item":{"pretty":"Agda.Builtin.Int.Int → Float","thing":{"normalised":{"contents":[{"item":{"contents":[{"Left":"Agda.Builtin.Int.Int"},[]],"tag":"App"},"name":"_"},{"contents":[{"Left":"Agda.Builtin.Float.Float"},[]],"tag":"App"}],"tag":"Pi"},"original":{"contents":[{"item":{"contents":[{"Left":"Agda.Builtin.Int.Int"},[]],"tag":"App"},"name":"_"},{"contents":[{"Left":"Agda.Builtin.Float.Float"},[]],"tag":"App"}],"tag":"Pi"},"reduced":{"contents":[{"item":{"contents":[{"Left":"Agda.Builtin.Int.Int"},[]],"tag":"App"},"name":"_"},{"contents":[{"Left":"Agda.Builtin.Float.Float"},[]],"tag":"App"}],"tag":"Pi"},"simplified":{"contents":[{"item":{"contents":[{"Left":"Agda.Builtin.Int.Int"},[]],"tag":"App"},"name":"_"},{"contents":[{"Left":"Agda.Builtin.Float.Float"},[]],"tag":"App"}],"tag":"Pi"}}},"name":"Agda.Builtin.Float.primIntToFloat"},{"item":{"pretty":"Float → Agda.Builtin.Maybe.Maybe Agda.Builtin.Int.Int","thing":{"normalised":{"contents":[{"item":{"contents":[{"Left":"Agda.Builtin.Float.Float"},[]],"tag":"App"},"name":"_"},{"contents":[{"Left":"Agda.Builtin.Maybe.Maybe"},[{"contents":"lzero","tag":"Level"},{"contents":[{"Left":"Agda.Builtin.Int.Int"},[]],"tag":"App"}]],"tag":"App"}],"tag":"Pi"},"original":{"contents":[{"item":{"contents":[{"Left":"Agda.Builtin.Float.Float"},[]],"tag":"App"},"name":"_"},{"contents":[{"Left":"Agda.Builtin.Maybe.Maybe"},[{"contents":"lzero","tag":"Level"},{"contents":[{"Left":"Agda.Builtin.Int.Int"},[]],"tag":"App"}]],"tag":"App"}],"tag":"Pi"},"reduced":{"contents":[{"item":{"contents":[{"Left":"Agda.Builtin.Float.Float"},[]],"tag":"App"},"name":"_"},{"contents":[{"Left":"Agda.Builtin.Maybe.Maybe"},[{"contents":"lzero","tag":"Level"},{"contents":[{"Left":"Agda.Builtin.Int.Int"},[]],"tag":"App"}]],"tag":"App"}],"tag":"Pi"},"simplified":{"contents":[{"item":{"contents":[{"Left":"Agda.Builtin.Float.Float"},[]],"tag":"App"},"name":"_"},{"contents":[{"Left":"Agda.Builtin.Maybe.Maybe"},[{"contents":"lzero","tag":"Level"},{"contents":[{"Left":"Agda.Builtin.Int.Int"},[]],"tag":"App"}]],"tag":"App"}],"tag":"Pi"}}},"name":"Agda.Builtin.Float.primFloatRound"},{"item":{"pretty":"Float → Agda.Builtin.Maybe.Maybe Agda.Builtin.Int.Int","thing":{"normalised":{"contents":[{"item":{"contents":[{"Left":"Agda.Builtin.Float.Float"},[]],"tag":"App"},"name":"_"},{"contents":[{"Left":"Agda.Builtin.Maybe.Maybe"},[{"contents":"lzero","tag":"Level"},{"contents":[{"Left":"Agda.Builtin.Int.Int"},[]],"tag":"App"}]],"tag":"App"}],"tag":"Pi"},"original":{"contents":[{"item":{"contents":[{"Left":"Agda.Builtin.Float.Float"},[]],"tag":"App"},"name":"_"},{"contents":[{"Left":"Agda.Builtin.Maybe.Maybe"},[{"contents":"lzero","tag":"Level"},{"contents":[{"Left":"Agda.Builtin.Int.Int"},[]],"tag":"App"}]],"tag":"App"}],"tag":"Pi"},"reduced":{"contents":[{"item":{"contents":[{"Left":"Agda.Builtin.Float.Float"},[]],"tag":"App"},"name":"_"},{"contents":[{"Left":"Agda.Builtin.Maybe.Maybe"},[{"contents":"lzero","tag":"Level"},{"contents":[{"Left":"Agda.Builtin.Int.Int"},[]],"tag":"App"}]],"tag":"App"}],"tag":"Pi"},"simplified":{"contents":[{"item":{"contents":[{"Left":"Agda.Builtin.Float.Float"},[]],"tag":"App"},"name":"_"},{"contents":[{"Left":"Agda.Builtin.Maybe.Maybe"},[{"contents":"lzero","tag":"Level"},{"contents":[{"Left":"Agda.Builtin.Int.Int"},[]],"tag":"App"}]],"tag":"App"}],"tag":"Pi"}}},"name":"Agda.Builtin.Float.primFloatFloor"},{"item":{"pretty":"Float → Agda.Builtin.Maybe.Maybe Agda.Builtin.Int.Int","thing":{"normalised":{"contents":[{"item":{"contents":[{"Left":"Agda.Builtin.Float.Float"},[]],"tag":"App"},"name":"_"},{"contents":[{"Left":"Agda.Builtin.Maybe.Maybe"},[{"contents":"lzero","tag":"Level"},{"contents":[{"Left":"Agda.Builtin.Int.Int"},[]],"tag":"App"}]],"tag":"App"}],"tag":"Pi"},"original":{"contents":[{"item":{"contents":[{"Left":"Agda.Builtin.Float.Float"},[]],"tag":"App"},"name":"_"},{"contents":[{"Left":"Agda.Builtin.Maybe.Maybe"},[{"contents":"lzero","tag":"Level"},{"contents":[{"Left":"Agda.Builtin.Int.Int"},[]],"tag":"App"}]],"tag":"App"}],"tag":"Pi"},"reduced":{"contents":[{"item":{"contents":[{"Left":"Agda.Builtin.Float.Float"},[]],"tag":"App"},"name":"_"},{"contents":[{"Left":"Agda.Builtin.Maybe.Maybe"},[{"contents":"lzero","tag":"Level"},{"contents":[{"Left":"Agda.Builtin.Int.Int"},[]],"tag":"App"}]],"tag":"App"}],"tag":"Pi"},"simplified":{"contents":[{"item":{"contents":[{"Left":"Agda.Builtin.Float.Float"},[]],"tag":"App"},"name":"_"},{"contents":[{"Left":"Agda.Builtin.Maybe.Maybe"},[{"contents":"lzero","tag":"Level"},{"contents":[{"Left":"Agda.Builtin.Int.Int"},[]],"tag":"App"}]],"tag":"App"}],"tag":"Pi"}}},"name":"Agda.Builtin.Float.primFloatCeiling"},{"item":{"pretty":"Float →\nAgda.Builtin.Sigma.Σ Agda.Builtin.Int.Int\n(λ _ → Agda.Builtin.Int.Int)","thing":{"normalised":{"contents":[{"item":{"contents":[{"Left":"Agda.Builtin.Float.Float"},[]],"tag":"App"},"name":"_"},{"contents":[{"Left":"Agda.Builtin.Sigma.Σ"},[{"contents":"lzero","tag":"Level"},{"contents":"lzero","tag":"Level"},{"contents":[{"Left":"Agda.Builtin.Int.Int"},[]],"tag":"App"},{"contents":{"item":{"contents":[{"Left":"Agda.Builtin.Int.Int"},[]],"tag":"App"},"name":"_"},"tag":"Lam"}]],"tag":"App"}],"tag":"Pi"},"original":{"contents":[{"item":{"contents":[{"Left":"Agda.Builtin.Float.Float"},[]],"tag":"App"},"name":"_"},{"contents":[{"Left":"Agda.Builtin.Sigma.Σ"},[{"contents":"lzero","tag":"Level"},{"contents":"lzero","tag":"Level"},{"contents":[{"Left":"Agda.Builtin.Int.Int"},[]],"tag":"App"},{"contents":{"item":{"contents":[{"Left":"Agda.Builtin.Int.Int"},[]],"tag":"App"},"name":"_"},"tag":"Lam"}]],"tag":"App"}],"tag":"Pi"},"reduced":{"contents":[{"item":{"contents":[{"Left":"Agda.Builtin.Float.Float"},[]],"tag":"App"},"name":"_"},{"contents":[{"Left":"Agda.Builtin.Sigma.Σ"},[{"contents":"lzero","tag":"Level"},{"contents":"lzero","tag":"Level"},{"contents":[{"Left":"Agda.Builtin.Int.Int"},[]],"tag":"App"},{"contents":{"item":{"contents":[{"Left":"Agda.Builtin.Int.Int"},[]],"tag":"App"},"name":"_"},"tag":"Lam"}]],"tag":"App"}],"tag":"Pi"},"simplified":{"contents":[{"item":{"contents":[{"Left":"Agda.Builtin.Float.Float"},[]],"tag":"App"},"name":"_"},{"contents":[{"Left":"Agda.Builtin.Sigma.Σ"},[{"contents":"lzero","tag":"Level"},{"contents":"lzero","tag":"Level"},{"contents":[{"Left":"Agda.Builtin.Int.Int"},[]],"tag":"App"},{"contents":{"item":{"contents":[{"Left":"Agda.Builtin.Int.Int"},[]],"tag":"App"},"name":"_"},"tag":"Lam"}]],"tag":"App"}],"tag":"Pi"}}},"name":"Agda.Builtin.Float.primFloatToRatio"},{"item":{"pretty":"Agda.Builtin.Int.Int → Agda.Builtin.Int.Int → Float","thing":{"normalised":{"contents":[{"item":{"contents":[{"Left":"Agda.Builtin.Int.Int"},[]],"tag":"App"},"name":"_"},{"contents":[{"item":{"contents":[{"Left":"Agda.Builtin.Int.Int"},[]],"tag":"App"},"name":"_"},{"contents":[{"Left":"Agda.Builtin.Float.Float"},[]],"tag":"App"}],"tag":"Pi"}],"tag":"Pi"},"original":{"contents":[{"item":{"contents":[{"Left":"Agda.Builtin.Int.Int"},[]],"tag":"App"},"name":"_"},{"contents":[{"item":{"contents":[{"Left":"Agda.Builtin.Int.Int"},[]],"tag":"App"},"name":"_"},{"contents":[{"Left":"Agda.Builtin.Float.Float"},[]],"tag":"App"}],"tag":"Pi"}],"tag":"Pi"},"reduced":{"contents":[{"item":{"contents":[{"Left":"Agda.Builtin.Int.Int"},[]],"tag":"App"},"name":"_"},{"contents":[{"item":{"contents":[{"Left":"Agda.Builtin.Int.Int"},[]],"tag":"App"},"name":"_"},{"contents":[{"Left":"Agda.Builtin.Float.Float"},[]],"tag":"App"}],"tag":"Pi"}],"tag":"Pi"},"simplified":{"contents":[{"item":{"contents":[{"Left":"Agda.Builtin.Int.Int"},[]],"tag":"App"},"name":"_"},{"contents":[{"item":{"contents":[{"Left":"Agda.Builtin.Int.Int"},[]],"tag":"App"},"name":"_"},{"contents":[{"Left":"Agda.Builtin.Float.Float"},[]],"tag":"App"}],"tag":"Pi"}],"tag":"Pi"}}},"name":"Agda.Builtin.Float.primRatioToFloat"},{"item":{"pretty":"Float →\nAgda.Builtin.Maybe.Maybe\n(Agda.Builtin.Sigma.Σ Agda.Builtin.Int.Int\n (λ _ → Agda.Builtin.Int.Int))","thing":{"normalised":{"contents":[{"item":{"contents":[{"Left":"Agda.Builtin.Float.Float"},[]],"tag":"App"},"name":"_"},{"contents":[{"Left":"Agda.Builtin.Maybe.Maybe"},[{"contents":"lzero","tag":"Level"},{"contents":[{"Left":"Agda.Builtin.Sigma.Σ"},[{"contents":"lzero","tag":"Level"},{"contents":"lzero","tag":"Level"},{"contents":[{"Left":"Agda.Builtin.Int.Int"},[]],"tag":"App"},{"contents":{"item":{"contents":[{"Left":"Agda.Builtin.Int.Int"},[]],"tag":"App"},"name":"_"},"tag":"Lam"}]],"tag":"App"}]],"tag":"App"}],"tag":"Pi"},"original":{"contents":[{"item":{"contents":[{"Left":"Agda.Builtin.Float.Float"},[]],"tag":"App"},"name":"_"},{"contents":[{"Left":"Agda.Builtin.Maybe.Maybe"},[{"contents":"lzero","tag":"Level"},{"contents":[{"Left":"Agda.Builtin.Sigma.Σ"},[{"contents":"lzero","tag":"Level"},{"contents":"lzero","tag":"Level"},{"contents":[{"Left":"Agda.Builtin.Int.Int"},[]],"tag":"App"},{"contents":{"item":{"contents":[{"Left":"Agda.Builtin.Int.Int"},[]],"tag":"App"},"name":"_"},"tag":"Lam"}]],"tag":"App"}]],"tag":"App"}],"tag":"Pi"},"reduced":{"contents":[{"item":{"contents":[{"Left":"Agda.Builtin.Float.Float"},[]],"tag":"App"},"name":"_"},{"contents":[{"Left":"Agda.Builtin.Maybe.Maybe"},[{"contents":"lzero","tag":"Level"},{"contents":[{"Left":"Agda.Builtin.Sigma.Σ"},[{"contents":"lzero","tag":"Level"},{"contents":"lzero","tag":"Level"},{"contents":[{"Left":"Agda.Builtin.Int.Int"},[]],"tag":"App"},{"contents":{"item":{"contents":[{"Left":"Agda.Builtin.Int.Int"},[]],"tag":"App"},"name":"_"},"tag":"Lam"}]],"tag":"App"}]],"tag":"App"}],"tag":"Pi"},"simplified":{"contents":[{"item":{"contents":[{"Left":"Agda.Builtin.Float.Float"},[]],"tag":"App"},"name":"_"},{"contents":[{"Left":"Agda.Builtin.Maybe.Maybe"},[{"contents":"lzero","tag":"Level"},{"contents":[{"Left":"Agda.Builtin.Sigma.Σ"},[{"contents":"lzero","tag":"Level"},{"contents":"lzero","tag":"Level"},{"contents":[{"Left":"Agda.Builtin.Int.Int"},[]],"tag":"App"},{"contents":{"item":{"contents":[{"Left":"Agda.Builtin.Int.Int"},[]],"tag":"App"},"name":"_"},"tag":"Lam"}]],"tag":"App"}]],"tag":"App"}],"tag":"Pi"}}},"name":"Agda.Builtin.Float.primFloatDecode"},{"item":{"pretty":"Agda.Builtin.Int.Int →\nAgda.Builtin.Int.Int → Agda.Builtin.Maybe.Maybe Float","thing":{"normalised":{"contents":[{"item":{"contents":[{"Left":"Agda.Builtin.Int.Int"},[]],"tag":"App"},"name":"_"},{"contents":[{"item":{"contents":[{"Left":"Agda.Builtin.Int.Int"},[]],"tag":"App"},"name":"_"},{"contents":[{"Left":"Agda.Builtin.Maybe.Maybe"},[{"contents":"lzero","tag":"Level"},{"contents":[{"Left":"Agda.Builtin.Float.Float"},[]],"tag":"App"}]],"tag":"App"}],"tag":"Pi"}],"tag":"Pi"},"original":{"contents":[{"item":{"contents":[{"Left":"Agda.Builtin.Int.Int"},[]],"tag":"App"},"name":"_"},{"contents":[{"item":{"contents":[{"Left":"Agda.Builtin.Int.Int"},[]],"tag":"App"},"name":"_"},{"contents":[{"Left":"Agda.Builtin.Maybe.Maybe"},[{"contents":"lzero","tag":"Level"},{"contents":[{"Left":"Agda.Builtin.Float.Float"},[]],"tag":"App"}]],"tag":"App"}],"tag":"Pi"}],"tag":"Pi"},"reduced":{"contents":[{"item":{"contents":[{"Left":"Agda.Builtin.Int.Int"},[]],"tag":"App"},"name":"_"},{"contents":[{"item":{"contents":[{"Left":"Agda.Builtin.Int.Int"},[]],"tag":"App"},"name":"_"},{"contents":[{"Left":"Agda.Builtin.Maybe.Maybe"},[{"contents":"lzero","tag":"Level"},{"contents":[{"Left":"Agda.Builtin.Float.Float"},[]],"tag":"App"}]],"tag":"App"}],"tag":"Pi"}],"tag":"Pi"},"simplified":{"contents":[{"item":{"contents":[{"Left":"Agda.Builtin.Int.Int"},[]],"tag":"App"},"name":"_"},{"contents":[{"item":{"contents":[{"Left":"Agda.Builtin.Int.Int"},[]],"tag":"App"},"name":"_"},{"contents":[{"Left":"Agda.Builtin.Maybe.Maybe"},[{"contents":"lzero","tag":"Level"},{"contents":[{"Left":"Agda.Builtin.Float.Float"},[]],"tag":"App"}]],"tag":"App"}],"tag":"Pi"}],"tag":"Pi"}}},"name":"Agda.Builtin.Float.primFloatEncode"},{"item":{"pretty":"Float → Agda.Builtin.String.String","thing":{"normalised":{"contents":[{"item":{"contents":[{"Left":"Agda.Builtin.Float.Float"},[]],"tag":"App"},"name":"_"},{"contents":[{"Left":"Agda.Builtin.String.String"},[]],"tag":"App"}],"tag":"Pi"},"original":{"contents":[{"item":{"contents":[{"Left":"Agda.Builtin.Float.Float"},[]],"tag":"App"},"name":"_"},{"contents":[{"Left":"Agda.Builtin.String.String"},[]],"tag":"App"}],"tag":"Pi"},"reduced":{"contents":[{"item":{"contents":[{"Left":"Agda.Builtin.Float.Float"},[]],"tag":"App"},"name":"_"},{"contents":[{"Left":"Agda.Builtin.String.String"},[]],"tag":"App"}],"tag":"Pi"},"simplified":{"contents":[{"item":{"contents":[{"Left":"Agda.Builtin.Float.Float"},[]],"tag":"App"},"name":"_"},{"contents":[{"Left":"Agda.Builtin.String.String"},[]],"tag":"App"}],"tag":"Pi"}}},"name":"Agda.Builtin.Float.primShowFloat"},{"item":{"pretty":"Float → Float → Float","thing":{"normalised":{"contents":[{"item":{"contents":[{"Left":"Agda.Builtin.Float.Float"},[]],"tag":"App"},"name":"_"},{"contents":[{"item":{"contents":[{"Left":"Agda.Builtin.Float.Float"},[]],"tag":"App"},"name":"_"},{"contents":[{"Left":"Agda.Builtin.Float.Float"},[]],"tag":"App"}],"tag":"Pi"}],"tag":"Pi"},"original":{"contents":[{"item":{"contents":[{"Left":"Agda.Builtin.Float.Float"},[]],"tag":"App"},"name":"_"},{"contents":[{"item":{"contents":[{"Left":"Agda.Builtin.Float.Float"},[]],"tag":"App"},"name":"_"},{"contents":[{"Left":"Agda.Builtin.Float.Float"},[]],"tag":"App"}],"tag":"Pi"}],"tag":"Pi"},"reduced":{"contents":[{"item":{"contents":[{"Left":"Agda.Builtin.Float.Float"},[]],"tag":"App"},"name":"_"},{"contents":[{"item":{"contents":[{"Left":"Agda.Builtin.Float.Float"},[]],"tag":"App"},"name":"_"},{"contents":[{"Left":"Agda.Builtin.Float.Float"},[]],"tag":"App"}],"tag":"Pi"}],"tag":"Pi"},"simplified":{"contents":[{"item":{"contents":[{"Left":"Agda.Builtin.Float.Float"},[]],"tag":"App"},"name":"_"},{"contents":[{"item":{"contents":[{"Left":"Agda.Builtin.Float.Float"},[]],"tag":"App"},"name":"_"},{"contents":[{"Left":"Agda.Builtin.Float.Float"},[]],"tag":"App"}],"tag":"Pi"}],"tag":"Pi"}}},"name":"Agda.Builtin.Float.primFloatPlus"},{"item":{"pretty":"Float → Float → Float","thing":{"normalised":{"contents":[{"item":{"contents":[{"Left":"Agda.Builtin.Float.Float"},[]],"tag":"App"},"name":"_"},{"contents":[{"item":{"contents":[{"Left":"Agda.Builtin.Float.Float"},[]],"tag":"App"},"name":"_"},{"contents":[{"Left":"Agda.Builtin.Float.Float"},[]],"tag":"App"}],"tag":"Pi"}],"tag":"Pi"},"original":{"contents":[{"item":{"contents":[{"Left":"Agda.Builtin.Float.Float"},[]],"tag":"App"},"name":"_"},{"contents":[{"item":{"contents":[{"Left":"Agda.Builtin.Float.Float"},[]],"tag":"App"},"name":"_"},{"contents":[{"Left":"Agda.Builtin.Float.Float"},[]],"tag":"App"}],"tag":"Pi"}],"tag":"Pi"},"reduced":{"contents":[{"item":{"contents":[{"Left":"Agda.Builtin.Float.Float"},[]],"tag":"App"},"name":"_"},{"contents":[{"item":{"contents":[{"Left":"Agda.Builtin.Float.Float"},[]],"tag":"App"},"name":"_"},{"contents":[{"Left":"Agda.Builtin.Float.Float"},[]],"tag":"App"}],"tag":"Pi"}],"tag":"Pi"},"simplified":{"contents":[{"item":{"contents":[{"Left":"Agda.Builtin.Float.Float"},[]],"tag":"App"},"name":"_"},{"contents":[{"item":{"contents":[{"Left":"Agda.Builtin.Float.Float"},[]],"tag":"App"},"name":"_"},{"contents":[{"Left":"Agda.Builtin.Float.Float"},[]],"tag":"App"}],"tag":"Pi"}],"tag":"Pi"}}},"name":"Agda.Builtin.Float.primFloatMinus"},{"item":{"pretty":"Float → Float → Float","thing":{"normalised":{"contents":[{"item":{"contents":[{"Left":"Agda.Builtin.Float.Float"},[]],"tag":"App"},"name":"_"},{"contents":[{"item":{"contents":[{"Left":"Agda.Builtin.Float.Float"},[]],"tag":"App"},"name":"_"},{"contents":[{"Left":"Agda.Builtin.Float.Float"},[]],"tag":"App"}],"tag":"Pi"}],"tag":"Pi"},"original":{"contents":[{"item":{"contents":[{"Left":"Agda.Builtin.Float.Float"},[]],"tag":"App"},"name":"_"},{"contents":[{"item":{"contents":[{"Left":"Agda.Builtin.Float.Float"},[]],"tag":"App"},"name":"_"},{"contents":[{"Left":"Agda.Builtin.Float.Float"},[]],"tag":"App"}],"tag":"Pi"}],"tag":"Pi"},"reduced":{"contents":[{"item":{"contents":[{"Left":"Agda.Builtin.Float.Float"},[]],"tag":"App"},"name":"_"},{"contents":[{"item":{"contents":[{"Left":"Agda.Builtin.Float.Float"},[]],"tag":"App"},"name":"_"},{"contents":[{"Left":"Agda.Builtin.Float.Float"},[]],"tag":"App"}],"tag":"Pi"}],"tag":"Pi"},"simplified":{"contents":[{"item":{"contents":[{"Left":"Agda.Builtin.Float.Float"},[]],"tag":"App"},"name":"_"},{"contents":[{"item":{"contents":[{"Left":"Agda.Builtin.Float.Float"},[]],"tag":"App"},"name":"_"},{"contents":[{"Left":"Agda.Builtin.Float.Float"},[]],"tag":"App"}],"tag":"Pi"}],"tag":"Pi"}}},"name":"Agda.Builtin.Float.primFloatTimes"},{"item":{"pretty":"Float → Float → Float","thing":{"normalised":{"contents":[{"item":{"contents":[{"Left":"Agda.Builtin.Float.Float"},[]],"tag":"App"},"name":"_"},{"contents":[{"item":{"contents":[{"Left":"Agda.Builtin.Float.Float"},[]],"tag":"App"},"name":"_"},{"contents":[{"Left":"Agda.Builtin.Float.Float"},[]],"tag":"App"}],"tag":"Pi"}],"tag":"Pi"},"original":{"contents":[{"item":{"contents":[{"Left":"Agda.Builtin.Float.Float"},[]],"tag":"App"},"name":"_"},{"contents":[{"item":{"contents":[{"Left":"Agda.Builtin.Float.Float"},[]],"tag":"App"},"name":"_"},{"contents":[{"Left":"Agda.Builtin.Float.Float"},[]],"tag":"App"}],"tag":"Pi"}],"tag":"Pi"},"reduced":{"contents":[{"item":{"contents":[{"Left":"Agda.Builtin.Float.Float"},[]],"tag":"App"},"name":"_"},{"contents":[{"item":{"contents":[{"Left":"Agda.Builtin.Float.Float"},[]],"tag":"App"},"name":"_"},{"contents":[{"Left":"Agda.Builtin.Float.Float"},[]],"tag":"App"}],"tag":"Pi"}],"tag":"Pi"},"simplified":{"contents":[{"item":{"contents":[{"Left":"Agda.Builtin.Float.Float"},[]],"tag":"App"},"name":"_"},{"contents":[{"item":{"contents":[{"Left":"Agda.Builtin.Float.Float"},[]],"tag":"App"},"name":"_"},{"contents":[{"Left":"Agda.Builtin.Float.Float"},[]],"tag":"App"}],"tag":"Pi"}],"tag":"Pi"}}},"name":"Agda.Builtin.Float.primFloatDiv"},{"item":{"pretty":"Float → Float → Float","thing":{"normalised":{"contents":[{"item":{"contents":[{"Left":"Agda.Builtin.Float.Float"},[]],"tag":"App"},"name":"_"},{"contents":[{"item":{"contents":[{"Left":"Agda.Builtin.Float.Float"},[]],"tag":"App"},"name":"_"},{"contents":[{"Left":"Agda.Builtin.Float.Float"},[]],"tag":"App"}],"tag":"Pi"}],"tag":"Pi"},"original":{"contents":[{"item":{"contents":[{"Left":"Agda.Builtin.Float.Float"},[]],"tag":"App"},"name":"_"},{"contents":[{"item":{"contents":[{"Left":"Agda.Builtin.Float.Float"},[]],"tag":"App"},"name":"_"},{"contents":[{"Left":"Agda.Builtin.Float.Float"},[]],"tag":"App"}],"tag":"Pi"}],"tag":"Pi"},"reduced":{"contents":[{"item":{"contents":[{"Left":"Agda.Builtin.Float.Float"},[]],"tag":"App"},"name":"_"},{"contents":[{"item":{"contents":[{"Left":"Agda.Builtin.Float.Float"},[]],"tag":"App"},"name":"_"},{"contents":[{"Left":"Agda.Builtin.Float.Float"},[]],"tag":"App"}],"tag":"Pi"}],"tag":"Pi"},"simplified":{"contents":[{"item":{"contents":[{"Left":"Agda.Builtin.Float.Float"},[]],"tag":"App"},"name":"_"},{"contents":[{"item":{"contents":[{"Left":"Agda.Builtin.Float.Float"},[]],"tag":"App"},"name":"_"},{"contents":[{"Left":"Agda.Builtin.Float.Float"},[]],"tag":"App"}],"tag":"Pi"}],"tag":"Pi"}}},"name":"Agda.Builtin.Float.primFloatPow"},{"item":{"pretty":"Float → Float","thing":{"normalised":{"contents":[{"item":{"contents":[{"Left":"Agda.Builtin.Float.Float"},[]],"tag":"App"},"name":"_"},{"contents":[{"Left":"Agda.Builtin.Float.Float"},[]],"tag":"App"}],"tag":"Pi"},"original":{"contents":[{"item":{"contents":[{"Left":"Agda.Builtin.Float.Float"},[]],"tag":"App"},"name":"_"},{"contents":[{"Left":"Agda.Builtin.Float.Float"},[]],"tag":"App"}],"tag":"Pi"},"reduced":{"contents":[{"item":{"contents":[{"Left":"Agda.Builtin.Float.Float"},[]],"tag":"App"},"name":"_"},{"contents":[{"Left":"Agda.Builtin.Float.Float"},[]],"tag":"App"}],"tag":"Pi"},"simplified":{"contents":[{"item":{"contents":[{"Left":"Agda.Builtin.Float.Float"},[]],"tag":"App"},"name":"_"},{"contents":[{"Left":"Agda.Builtin.Float.Float"},[]],"tag":"App"}],"tag":"Pi"}}},"name":"Agda.Builtin.Float.primFloatNegate"},{"item":{"pretty":"Float → Float","thing":{"normalised":{"contents":[{"item":{"contents":[{"Left":"Agda.Builtin.Float.Float"},[]],"tag":"App"},"name":"_"},{"contents":[{"Left":"Agda.Builtin.Float.Float"},[]],"tag":"App"}],"tag":"Pi"},"original":{"contents":[{"item":{"contents":[{"Left":"Agda.Builtin.Float.Float"},[]],"tag":"App"},"name":"_"},{"contents":[{"Left":"Agda.Builtin.Float.Float"},[]],"tag":"App"}],"tag":"Pi"},"reduced":{"contents":[{"item":{"contents":[{"Left":"Agda.Builtin.Float.Float"},[]],"tag":"App"},"name":"_"},{"contents":[{"Left":"Agda.Builtin.Float.Float"},[]],"tag":"App"}],"tag":"Pi"},"simplified":{"contents":[{"item":{"contents":[{"Left":"Agda.Builtin.Float.Float"},[]],"tag":"App"},"name":"_"},{"contents":[{"Left":"Agda.Builtin.Float.Float"},[]],"tag":"App"}],"tag":"Pi"}}},"name":"Agda.Builtin.Float.primFloatSqrt"},{"item":{"pretty":"Float → Float","thing":{"normalised":{"contents":[{"item":{"contents":[{"Left":"Agda.Builtin.Float.Float"},[]],"tag":"App"},"name":"_"},{"contents":[{"Left":"Agda.Builtin.Float.Float"},[]],"tag":"App"}],"tag":"Pi"},"original":{"contents":[{"item":{"contents":[{"Left":"Agda.Builtin.Float.Float"},[]],"tag":"App"},"name":"_"},{"contents":[{"Left":"Agda.Builtin.Float.Float"},[]],"tag":"App"}],"tag":"Pi"},"reduced":{"contents":[{"item":{"contents":[{"Left":"Agda.Builtin.Float.Float"},[]],"tag":"App"},"name":"_"},{"contents":[{"Left":"Agda.Builtin.Float.Float"},[]],"tag":"App"}],"tag":"Pi"},"simplified":{"contents":[{"item":{"contents":[{"Left":"Agda.Builtin.Float.Float"},[]],"tag":"App"},"name":"_"},{"contents":[{"Left":"Agda.Builtin.Float.Float"},[]],"tag":"App"}],"tag":"Pi"}}},"name":"Agda.Builtin.Float.primFloatExp"},{"item":{"pretty":"Float → Float","thing":{"normalised":{"contents":[{"item":{"contents":[{"Left":"Agda.Builtin.Float.Float"},[]],"tag":"App"},"name":"_"},{"contents":[{"Left":"Agda.Builtin.Float.Float"},[]],"tag":"App"}],"tag":"Pi"},"original":{"contents":[{"item":{"contents":[{"Left":"Agda.Builtin.Float.Float"},[]],"tag":"App"},"name":"_"},{"contents":[{"Left":"Agda.Builtin.Float.Float"},[]],"tag":"App"}],"tag":"Pi"},"reduced":{"contents":[{"item":{"contents":[{"Left":"Agda.Builtin.Float.Float"},[]],"tag":"App"},"name":"_"},{"contents":[{"Left":"Agda.Builtin.Float.Float"},[]],"tag":"App"}],"tag":"Pi"},"simplified":{"contents":[{"item":{"contents":[{"Left":"Agda.Builtin.Float.Float"},[]],"tag":"App"},"name":"_"},{"contents":[{"Left":"Agda.Builtin.Float.Float"},[]],"tag":"App"}],"tag":"Pi"}}},"name":"Agda.Builtin.Float.primFloatLog"},{"item":{"pretty":"Float → Float","thing":{"normalised":{"contents":[{"item":{"contents":[{"Left":"Agda.Builtin.Float.Float"},[]],"tag":"App"},"name":"_"},{"contents":[{"Left":"Agda.Builtin.Float.Float"},[]],"tag":"App"}],"tag":"Pi"},"original":{"contents":[{"item":{"contents":[{"Left":"Agda.Builtin.Float.Float"},[]],"tag":"App"},"name":"_"},{"contents":[{"Left":"Agda.Builtin.Float.Float"},[]],"tag":"App"}],"tag":"Pi"},"reduced":{"contents":[{"item":{"contents":[{"Left":"Agda.Builtin.Float.Float"},[]],"tag":"App"},"name":"_"},{"contents":[{"Left":"Agda.Builtin.Float.Float"},[]],"tag":"App"}],"tag":"Pi"},"simplified":{"contents":[{"item":{"contents":[{"Left":"Agda.Builtin.Float.Float"},[]],"tag":"App"},"name":"_"},{"contents":[{"Left":"Agda.Builtin.Float.Float"},[]],"tag":"App"}],"tag":"Pi"}}},"name":"Agda.Builtin.Float.primFloatSin"},{"item":{"pretty":"Float → Float","thing":{"normalised":{"contents":[{"item":{"contents":[{"Left":"Agda.Builtin.Float.Float"},[]],"tag":"App"},"name":"_"},{"contents":[{"Left":"Agda.Builtin.Float.Float"},[]],"tag":"App"}],"tag":"Pi"},"original":{"contents":[{"item":{"contents":[{"Left":"Agda.Builtin.Float.Float"},[]],"tag":"App"},"name":"_"},{"contents":[{"Left":"Agda.Builtin.Float.Float"},[]],"tag":"App"}],"tag":"Pi"},"reduced":{"contents":[{"item":{"contents":[{"Left":"Agda.Builtin.Float.Float"},[]],"tag":"App"},"name":"_"},{"contents":[{"Left":"Agda.Builtin.Float.Float"},[]],"tag":"App"}],"tag":"Pi"},"simplified":{"contents":[{"item":{"contents":[{"Left":"Agda.Builtin.Float.Float"},[]],"tag":"App"},"name":"_"},{"contents":[{"Left":"Agda.Builtin.Float.Float"},[]],"tag":"App"}],"tag":"Pi"}}},"name":"Agda.Builtin.Float.primFloatCos"},{"item":{"pretty":"Float → Float","thing":{"normalised":{"contents":[{"item":{"contents":[{"Left":"Agda.Builtin.Float.Float"},[]],"tag":"App"},"name":"_"},{"contents":[{"Left":"Agda.Builtin.Float.Float"},[]],"tag":"App"}],"tag":"Pi"},"original":{"contents":[{"item":{"contents":[{"Left":"Agda.Builtin.Float.Float"},[]],"tag":"App"},"name":"_"},{"contents":[{"Left":"Agda.Builtin.Float.Float"},[]],"tag":"App"}],"tag":"Pi"},"reduced":{"contents":[{"item":{"contents":[{"Left":"Agda.Builtin.Float.Float"},[]],"tag":"App"},"name":"_"},{"contents":[{"Left":"Agda.Builtin.Float.Float"},[]],"tag":"App"}],"tag":"Pi"},"simplified":{"contents":[{"item":{"contents":[{"Left":"Agda.Builtin.Float.Float"},[]],"tag":"App"},"name":"_"},{"contents":[{"Left":"Agda.Builtin.Float.Float"},[]],"tag":"App"}],"tag":"Pi"}}},"name":"Agda.Builtin.Float.primFloatTan"},{"item":{"pretty":"Float → Float","thing":{"normalised":{"contents":[{"item":{"contents":[{"Left":"Agda.Builtin.Float.Float"},[]],"tag":"App"},"name":"_"},{"contents":[{"Left":"Agda.Builtin.Float.Float"},[]],"tag":"App"}],"tag":"Pi"},"original":{"contents":[{"item":{"contents":[{"Left":"Agda.Builtin.Float.Float"},[]],"tag":"App"},"name":"_"},{"contents":[{"Left":"Agda.Builtin.Float.Float"},[]],"tag":"App"}],"tag":"Pi"},"reduced":{"contents":[{"item":{"contents":[{"Left":"Agda.Builtin.Float.Float"},[]],"tag":"App"},"name":"_"},{"contents":[{"Left":"Agda.Builtin.Float.Float"},[]],"tag":"App"}],"tag":"Pi"},"simplified":{"contents":[{"item":{"contents":[{"Left":"Agda.Builtin.Float.Float"},[]],"tag":"App"},"name":"_"},{"contents":[{"Left":"Agda.Builtin.Float.Float"},[]],"tag":"App"}],"tag":"Pi"}}},"name":"Agda.Builtin.Float.primFloatASin"},{"item":{"pretty":"Float → Float","thing":{"normalised":{"contents":[{"item":{"contents":[{"Left":"Agda.Builtin.Float.Float"},[]],"tag":"App"},"name":"_"},{"contents":[{"Left":"Agda.Builtin.Float.Float"},[]],"tag":"App"}],"tag":"Pi"},"original":{"contents":[{"item":{"contents":[{"Left":"Agda.Builtin.Float.Float"},[]],"tag":"App"},"name":"_"},{"contents":[{"Left":"Agda.Builtin.Float.Float"},[]],"tag":"App"}],"tag":"Pi"},"reduced":{"contents":[{"item":{"contents":[{"Left":"Agda.Builtin.Float.Float"},[]],"tag":"App"},"name":"_"},{"contents":[{"Left":"Agda.Builtin.Float.Float"},[]],"tag":"App"}],"tag":"Pi"},"simplified":{"contents":[{"item":{"contents":[{"Left":"Agda.Builtin.Float.Float"},[]],"tag":"App"},"name":"_"},{"contents":[{"Left":"Agda.Builtin.Float.Float"},[]],"tag":"App"}],"tag":"Pi"}}},"name":"Agda.Builtin.Float.primFloatACos"},{"item":{"pretty":"Float → Float","thing":{"normalised":{"contents":[{"item":{"contents":[{"Left":"Agda.Builtin.Float.Float"},[]],"tag":"App"},"name":"_"},{"contents":[{"Left":"Agda.Builtin.Float.Float"},[]],"tag":"App"}],"tag":"Pi"},"original":{"contents":[{"item":{"contents":[{"Left":"Agda.Builtin.Float.Float"},[]],"tag":"App"},"name":"_"},{"contents":[{"Left":"Agda.Builtin.Float.Float"},[]],"tag":"App"}],"tag":"Pi"},"reduced":{"contents":[{"item":{"contents":[{"Left":"Agda.Builtin.Float.Float"},[]],"tag":"App"},"name":"_"},{"contents":[{"Left":"Agda.Builtin.Float.Float"},[]],"tag":"App"}],"tag":"Pi"},"simplified":{"contents":[{"item":{"contents":[{"Left":"Agda.Builtin.Float.Float"},[]],"tag":"App"},"name":"_"},{"contents":[{"Left":"Agda.Builtin.Float.Float"},[]],"tag":"App"}],"tag":"Pi"}}},"name":"Agda.Builtin.Float.primFloatATan"},{"item":{"pretty":"Float → Float → Float","thing":{"normalised":{"contents":[{"item":{"contents":[{"Left":"Agda.Builtin.Float.Float"},[]],"tag":"App"},"name":"_"},{"contents":[{"item":{"contents":[{"Left":"Agda.Builtin.Float.Float"},[]],"tag":"App"},"name":"_"},{"contents":[{"Left":"Agda.Builtin.Float.Float"},[]],"tag":"App"}],"tag":"Pi"}],"tag":"Pi"},"original":{"contents":[{"item":{"contents":[{"Left":"Agda.Builtin.Float.Float"},[]],"tag":"App"},"name":"_"},{"contents":[{"item":{"contents":[{"Left":"Agda.Builtin.Float.Float"},[]],"tag":"App"},"name":"_"},{"contents":[{"Left":"Agda.Builtin.Float.Float"},[]],"tag":"App"}],"tag":"Pi"}],"tag":"Pi"},"reduced":{"contents":[{"item":{"contents":[{"Left":"Agda.Builtin.Float.Float"},[]],"tag":"App"},"name":"_"},{"contents":[{"item":{"contents":[{"Left":"Agda.Builtin.Float.Float"},[]],"tag":"App"},"name":"_"},{"contents":[{"Left":"Agda.Builtin.Float.Float"},[]],"tag":"App"}],"tag":"Pi"}],"tag":"Pi"},"simplified":{"contents":[{"item":{"contents":[{"Left":"Agda.Builtin.Float.Float"},[]],"tag":"App"},"name":"_"},{"contents":[{"item":{"contents":[{"Left":"Agda.Builtin.Float.Float"},[]],"tag":"App"},"name":"_"},{"contents":[{"Left":"Agda.Builtin.Float.Float"},[]],"tag":"App"}],"tag":"Pi"}],"tag":"Pi"}}},"name":"Agda.Builtin.Float.primFloatATan2"},{"item":{"pretty":"Float → Float","thing":{"normalised":{"contents":[{"item":{"contents":[{"Left":"Agda.Builtin.Float.Float"},[]],"tag":"App"},"name":"_"},{"contents":[{"Left":"Agda.Builtin.Float.Float"},[]],"tag":"App"}],"tag":"Pi"},"original":{"contents":[{"item":{"contents":[{"Left":"Agda.Builtin.Float.Float"},[]],"tag":"App"},"name":"_"},{"contents":[{"Left":"Agda.Builtin.Float.Float"},[]],"tag":"App"}],"tag":"Pi"},"reduced":{"contents":[{"item":{"contents":[{"Left":"Agda.Builtin.Float.Float"},[]],"tag":"App"},"name":"_"},{"contents":[{"Left":"Agda.Builtin.Float.Float"},[]],"tag":"App"}],"tag":"Pi"},"simplified":{"contents":[{"item":{"contents":[{"Left":"Agda.Builtin.Float.Float"},[]],"tag":"App"},"name":"_"},{"contents":[{"Left":"Agda.Builtin.Float.Float"},[]],"tag":"App"}],"tag":"Pi"}}},"name":"Agda.Builtin.Float.primFloatSinh"},{"item":{"pretty":"Float → Float","thing":{"normalised":{"contents":[{"item":{"contents":[{"Left":"Agda.Builtin.Float.Float"},[]],"tag":"App"},"name":"_"},{"contents":[{"Left":"Agda.Builtin.Float.Float"},[]],"tag":"App"}],"tag":"Pi"},"original":{"contents":[{"item":{"contents":[{"Left":"Agda.Builtin.Float.Float"},[]],"tag":"App"},"name":"_"},{"contents":[{"Left":"Agda.Builtin.Float.Float"},[]],"tag":"App"}],"tag":"Pi"},"reduced":{"contents":[{"item":{"contents":[{"Left":"Agda.Builtin.Float.Float"},[]],"tag":"App"},"name":"_"},{"contents":[{"Left":"Agda.Builtin.Float.Float"},[]],"tag":"App"}],"tag":"Pi"},"simplified":{"contents":[{"item":{"contents":[{"Left":"Agda.Builtin.Float.Float"},[]],"tag":"App"},"name":"_"},{"contents":[{"Left":"Agda.Builtin.Float.Float"},[]],"tag":"App"}],"tag":"Pi"}}},"name":"Agda.Builtin.Float.primFloatCosh"},{"item":{"pretty":"Float → Float","thing":{"normalised":{"contents":[{"item":{"contents":[{"Left":"Agda.Builtin.Float.Float"},[]],"tag":"App"},"name":"_"},{"contents":[{"Left":"Agda.Builtin.Float.Float"},[]],"tag":"App"}],"tag":"Pi"},"original":{"contents":[{"item":{"contents":[{"Left":"Agda.Builtin.Float.Float"},[]],"tag":"App"},"name":"_"},{"contents":[{"Left":"Agda.Builtin.Float.Float"},[]],"tag":"App"}],"tag":"Pi"},"reduced":{"contents":[{"item":{"contents":[{"Left":"Agda.Builtin.Float.Float"},[]],"tag":"App"},"name":"_"},{"contents":[{"Left":"Agda.Builtin.Float.Float"},[]],"tag":"App"}],"tag":"Pi"},"simplified":{"contents":[{"item":{"contents":[{"Left":"Agda.Builtin.Float.Float"},[]],"tag":"App"},"name":"_"},{"contents":[{"Left":"Agda.Builtin.Float.Float"},[]],"tag":"App"}],"tag":"Pi"}}},"name":"Agda.Builtin.Float.primFloatTanh"},{"item":{"pretty":"Float → Float","thing":{"normalised":{"contents":[{"item":{"contents":[{"Left":"Agda.Builtin.Float.Float"},[]],"tag":"App"},"name":"_"},{"contents":[{"Left":"Agda.Builtin.Float.Float"},[]],"tag":"App"}],"tag":"Pi"},"original":{"contents":[{"item":{"contents":[{"Left":"Agda.Builtin.Float.Float"},[]],"tag":"App"},"name":"_"},{"contents":[{"Left":"Agda.Builtin.Float.Float"},[]],"tag":"App"}],"tag":"Pi"},"reduced":{"contents":[{"item":{"contents":[{"Left":"Agda.Builtin.Float.Float"},[]],"tag":"App"},"name":"_"},{"contents":[{"Left":"Agda.Builtin.Float.Float"},[]],"tag":"App"}],"tag":"Pi"},"simplified":{"contents":[{"item":{"contents":[{"Left":"Agda.Builtin.Float.Float"},[]],"tag":"App"},"name":"_"},{"contents":[{"Left":"Agda.Builtin.Float.Float"},[]],"tag":"App"}],"tag":"Pi"}}},"name":"Agda.Builtin.Float.primFloatASinh"},{"item":{"pretty":"Float → Float","thing":{"normalised":{"contents":[{"item":{"contents":[{"Left":"Agda.Builtin.Float.Float"},[]],"tag":"App"},"name":"_"},{"contents":[{"Left":"Agda.Builtin.Float.Float"},[]],"tag":"App"}],"tag":"Pi"},"original":{"contents":[{"item":{"contents":[{"Left":"Agda.Builtin.Float.Float"},[]],"tag":"App"},"name":"_"},{"contents":[{"Left":"Agda.Builtin.Float.Float"},[]],"tag":"App"}],"tag":"Pi"},"reduced":{"contents":[{"item":{"contents":[{"Left":"Agda.Builtin.Float.Float"},[]],"tag":"App"},"name":"_"},{"contents":[{"Left":"Agda.Builtin.Float.Float"},[]],"tag":"App"}],"tag":"Pi"},"simplified":{"contents":[{"item":{"contents":[{"Left":"Agda.Builtin.Float.Float"},[]],"tag":"App"},"name":"_"},{"contents":[{"Left":"Agda.Builtin.Float.Float"},[]],"tag":"App"}],"tag":"Pi"}}},"name":"Agda.Builtin.Float.primFloatACosh"},{"item":{"pretty":"Float → Float","thing":{"normalised":{"contents":[{"item":{"contents":[{"Left":"Agda.Builtin.Float.Float"},[]],"tag":"App"},"name":"_"},{"contents":[{"Left":"Agda.Builtin.Float.Float"},[]],"tag":"App"}],"tag":"Pi"},"original":{"contents":[{"item":{"contents":[{"Left":"Agda.Builtin.Float.Float"},[]],"tag":"App"},"name":"_"},{"contents":[{"Left":"Agda.Builtin.Float.Float"},[]],"tag":"App"}],"tag":"Pi"},"reduced":{"contents":[{"item":{"contents":[{"Left":"Agda.Builtin.Float.Float"},[]],"tag":"App"},"name":"_"},{"contents":[{"Left":"Agda.Builtin.Float.Float"},[]],"tag":"App"}],"tag":"Pi"},"simplified":{"contents":[{"item":{"contents":[{"Left":"Agda.Builtin.Float.Float"},[]],"tag":"App"},"name":"_"},{"contents":[{"Left":"Agda.Builtin.Float.Float"},[]],"tag":"App"}],"tag":"Pi"}}},"name":"Agda.Builtin.Float.primFloatATanh"},{"item":{"pretty":"Float → Float → Agda.Builtin.Bool.Bool","thing":{"normalised":{"contents":[{"item":{"contents":[{"Left":"Agda.Builtin.Float.Float"},[]],"tag":"App"},"name":"_"},{"contents":[{"item":{"contents":[{"Left":"Agda.Builtin.Float.Float"},[]],"tag":"App"},"name":"_"},{"contents":[{"Left":"Agda.Builtin.Bool.Bool"},[]],"tag":"App"}],"tag":"Pi"}],"tag":"Pi"},"original":{"contents":[{"item":{"contents":[{"Left":"Agda.Builtin.Float.Float"},[]],"tag":"App"},"name":"_"},{"contents":[{"item":{"contents":[{"Left":"Agda.Builtin.Float.Float"},[]],"tag":"App"},"name":"_"},{"contents":[{"Left":"Agda.Builtin.Bool.Bool"},[]],"tag":"App"}],"tag":"Pi"}],"tag":"Pi"},"reduced":{"contents":[{"item":{"contents":[{"Left":"Agda.Builtin.Float.Float"},[]],"tag":"App"},"name":"_"},{"contents":[{"item":{"contents":[{"Left":"Agda.Builtin.Float.Float"},[]],"tag":"App"},"name":"_"},{"contents":[{"Left":"Agda.Builtin.Bool.Bool"},[]],"tag":"App"}],"tag":"Pi"}],"tag":"Pi"},"simplified":{"contents":[{"item":{"contents":[{"Left":"Agda.Builtin.Float.Float"},[]],"tag":"App"},"name":"_"},{"contents":[{"item":{"contents":[{"Left":"Agda.Builtin.Float.Float"},[]],"tag":"App"},"name":"_"},{"contents":[{"Left":"Agda.Builtin.Bool.Bool"},[]],"tag":"App"}],"tag":"Pi"}],"tag":"Pi"}}},"name":"Agda.Builtin.Float.primFloatNumericalEquality"},{"item":{"pretty":"Float → Float → Agda.Builtin.Bool.Bool","thing":{"normalised":{"contents":[{"item":{"contents":[{"Left":"Agda.Builtin.Float.Float"},[]],"tag":"App"},"name":"_"},{"contents":[{"item":{"contents":[{"Left":"Agda.Builtin.Float.Float"},[]],"tag":"App"},"name":"_"},{"contents":[{"Left":"Agda.Builtin.Bool.Bool"},[]],"tag":"App"}],"tag":"Pi"}],"tag":"Pi"},"original":{"contents":[{"item":{"contents":[{"Left":"Agda.Builtin.Float.Float"},[]],"tag":"App"},"name":"_"},{"contents":[{"item":{"contents":[{"Left":"Agda.Builtin.Float.Float"},[]],"tag":"App"},"name":"_"},{"contents":[{"Left":"Agda.Builtin.Bool.Bool"},[]],"tag":"App"}],"tag":"Pi"}],"tag":"Pi"},"reduced":{"contents":[{"item":{"contents":[{"Left":"Agda.Builtin.Float.Float"},[]],"tag":"App"},"name":"_"},{"contents":[{"item":{"contents":[{"Left":"Agda.Builtin.Float.Float"},[]],"tag":"App"},"name":"_"},{"contents":[{"Left":"Agda.Builtin.Bool.Bool"},[]],"tag":"App"}],"tag":"Pi"}],"tag":"Pi"},"simplified":{"contents":[{"item":{"contents":[{"Left":"Agda.Builtin.Float.Float"},[]],"tag":"App"},"name":"_"},{"contents":[{"item":{"contents":[{"Left":"Agda.Builtin.Float.Float"},[]],"tag":"App"},"name":"_"},{"contents":[{"Left":"Agda.Builtin.Bool.Bool"},[]],"tag":"App"}],"tag":"Pi"}],"tag":"Pi"}}},"name":"Agda.Builtin.Float.primFloatNumericalLess"},{"item":{"pretty":"Float → Agda.Builtin.Maybe.Maybe Agda.Builtin.Int.Int","thing":{"normalised":{"contents":[{"item":{"contents":[{"Left":"Agda.Builtin.Float.Float"},[]],"tag":"App"},"name":"_"},{"contents":[{"Left":"Agda.Builtin.Maybe.Maybe"},[{"contents":"lzero","tag":"Level"},{"contents":[{"Left":"Agda.Builtin.Int.Int"},[]],"tag":"App"}]],"tag":"App"}],"tag":"Pi"},"original":{"contents":[{"item":{"contents":[{"Left":"Agda.Builtin.Float.Float"},[]],"tag":"App"},"name":"_"},{"contents":[{"Left":"Agda.Builtin.Maybe.Maybe"},[{"contents":"lzero","tag":"Level"},{"contents":[{"Left":"Agda.Builtin.Int.Int"},[]],"tag":"App"}]],"tag":"App"}],"tag":"Pi"},"reduced":{"contents":[{"item":{"contents":[{"Left":"Agda.Builtin.Float.Float"},[]],"tag":"App"},"name":"_"},{"contents":[{"Left":"Agda.Builtin.Maybe.Maybe"},[{"contents":"lzero","tag":"Level"},{"contents":[{"Left":"Agda.Builtin.Int.Int"},[]],"tag":"App"}]],"tag":"App"}],"tag":"Pi"},"simplified":{"contents":[{"item":{"contents":[{"Left":"Agda.Builtin.Float.Float"},[]],"tag":"App"},"name":"_"},{"contents":[{"Left":"Agda.Builtin.Maybe.Maybe"},[{"contents":"lzero","tag":"Level"},{"contents":[{"Left":"Agda.Builtin.Int.Int"},[]],"tag":"App"}]],"tag":"App"}],"tag":"Pi"}}},"name":"Agda.Builtin.Float.primRound"},{"item":{"pretty":"Float → Agda.Builtin.Maybe.Maybe Agda.Builtin.Int.Int","thing":{"normalised":{"contents":[{"item":{"contents":[{"Left":"Agda.Builtin.Float.Float"},[]],"tag":"App"},"name":"_"},{"contents":[{"Left":"Agda.Builtin.Maybe.Maybe"},[{"contents":"lzero","tag":"Level"},{"contents":[{"Left":"Agda.Builtin.Int.Int"},[]],"tag":"App"}]],"tag":"App"}],"tag":"Pi"},"original":{"contents":[{"item":{"contents":[{"Left":"Agda.Builtin.Float.Float"},[]],"tag":"App"},"name":"_"},{"contents":[{"Left":"Agda.Builtin.Maybe.Maybe"},[{"contents":"lzero","tag":"Level"},{"contents":[{"Left":"Agda.Builtin.Int.Int"},[]],"tag":"App"}]],"tag":"App"}],"tag":"Pi"},"reduced":{"contents":[{"item":{"contents":[{"Left":"Agda.Builtin.Float.Float"},[]],"tag":"App"},"name":"_"},{"contents":[{"Left":"Agda.Builtin.Maybe.Maybe"},[{"contents":"lzero","tag":"Level"},{"contents":[{"Left":"Agda.Builtin.Int.Int"},[]],"tag":"App"}]],"tag":"App"}],"tag":"Pi"},"simplified":{"contents":[{"item":{"contents":[{"Left":"Agda.Builtin.Float.Float"},[]],"tag":"App"},"name":"_"},{"contents":[{"Left":"Agda.Builtin.Maybe.Maybe"},[{"contents":"lzero","tag":"Level"},{"contents":[{"Left":"Agda.Builtin.Int.Int"},[]],"tag":"App"}]],"tag":"App"}],"tag":"Pi"}}},"name":"Agda.Builtin.Float.primFloor"},{"item":{"pretty":"Float → Agda.Builtin.Maybe.Maybe Agda.Builtin.Int.Int","thing":{"normalised":{"contents":[{"item":{"contents":[{"Left":"Agda.Builtin.Float.Float"},[]],"tag":"App"},"name":"_"},{"contents":[{"Left":"Agda.Builtin.Maybe.Maybe"},[{"contents":"lzero","tag":"Level"},{"contents":[{"Left":"Agda.Builtin.Int.Int"},[]],"tag":"App"}]],"tag":"App"}],"tag":"Pi"},"original":{"contents":[{"item":{"contents":[{"Left":"Agda.Builtin.Float.Float"},[]],"tag":"App"},"name":"_"},{"contents":[{"Left":"Agda.Builtin.Maybe.Maybe"},[{"contents":"lzero","tag":"Level"},{"contents":[{"Left":"Agda.Builtin.Int.Int"},[]],"tag":"App"}]],"tag":"App"}],"tag":"Pi"},"reduced":{"contents":[{"item":{"contents":[{"Left":"Agda.Builtin.Float.Float"},[]],"tag":"App"},"name":"_"},{"contents":[{"Left":"Agda.Builtin.Maybe.Maybe"},[{"contents":"lzero","tag":"Level"},{"contents":[{"Left":"Agda.Builtin.Int.Int"},[]],"tag":"App"}]],"tag":"App"}],"tag":"Pi"},"simplified":{"contents":[{"item":{"contents":[{"Left":"Agda.Builtin.Float.Float"},[]],"tag":"App"},"name":"_"},{"contents":[{"Left":"Agda.Builtin.Maybe.Maybe"},[{"contents":"lzero","tag":"Level"},{"contents":[{"Left":"Agda.Builtin.Int.Int"},[]],"tag":"App"}]],"tag":"App"}],"tag":"Pi"}}},"name":"Agda.Builtin.Float.primCeiling"},{"item":{"pretty":"Float → Float","thing":{"normalised":{"contents":[{"item":{"contents":[{"Left":"Agda.Builtin.Float.Float"},[]],"tag":"App"},"name":"_"},{"contents":[{"Left":"Agda.Builtin.Float.Float"},[]],"tag":"App"}],"tag":"Pi"},"original":{"contents":[{"item":{"contents":[{"Left":"Agda.Builtin.Float.Float"},[]],"tag":"App"},"name":"_"},{"contents":[{"Left":"Agda.Builtin.Float.Float"},[]],"tag":"App"}],"tag":"Pi"},"reduced":{"contents":[{"item":{"contents":[{"Left":"Agda.Builtin.Float.Float"},[]],"tag":"App"},"name":"_"},{"contents":[{"Left":"Agda.Builtin.Float.Float"},[]],"tag":"App"}],"tag":"Pi"},"simplified":{"contents":[{"item":{"contents":[{"Left":"Agda.Builtin.Float.Float"},[]],"tag":"App"},"name":"_"},{"contents":[{"Left":"Agda.Builtin.Float.Float"},[]],"tag":"App"}],"tag":"Pi"}}},"name":"Agda.Builtin.Float.primExp"},{"item":{"pretty":"Float → Float","thing":{"normalised":{"contents":[{"item":{"contents":[{"Left":"Agda.Builtin.Float.Float"},[]],"tag":"App"},"name":"_"},{"contents":[{"Left":"Agda.Builtin.Float.Float"},[]],"tag":"App"}],"tag":"Pi"},"original":{"contents":[{"item":{"contents":[{"Left":"Agda.Builtin.Float.Float"},[]],"tag":"App"},"name":"_"},{"contents":[{"Left":"Agda.Builtin.Float.Float"},[]],"tag":"App"}],"tag":"Pi"},"reduced":{"contents":[{"item":{"contents":[{"Left":"Agda.Builtin.Float.Float"},[]],"tag":"App"},"name":"_"},{"contents":[{"Left":"Agda.Builtin.Float.Float"},[]],"tag":"App"}],"tag":"Pi"},"simplified":{"contents":[{"item":{"contents":[{"Left":"Agda.Builtin.Float.Float"},[]],"tag":"App"},"name":"_"},{"contents":[{"Left":"Agda.Builtin.Float.Float"},[]],"tag":"App"}],"tag":"Pi"}}},"name":"Agda.Builtin.Float.primLog"},{"item":{"pretty":"Float → Float","thing":{"normalised":{"contents":[{"item":{"contents":[{"Left":"Agda.Builtin.Float.Float"},[]],"tag":"App"},"name":"_"},{"contents":[{"Left":"Agda.Builtin.Float.Float"},[]],"tag":"App"}],"tag":"Pi"},"original":{"contents":[{"item":{"contents":[{"Left":"Agda.Builtin.Float.Float"},[]],"tag":"App"},"name":"_"},{"contents":[{"Left":"Agda.Builtin.Float.Float"},[]],"tag":"App"}],"tag":"Pi"},"reduced":{"contents":[{"item":{"contents":[{"Left":"Agda.Builtin.Float.Float"},[]],"tag":"App"},"name":"_"},{"contents":[{"Left":"Agda.Builtin.Float.Float"},[]],"tag":"App"}],"tag":"Pi"},"simplified":{"contents":[{"item":{"contents":[{"Left":"Agda.Builtin.Float.Float"},[]],"tag":"App"},"name":"_"},{"contents":[{"Left":"Agda.Builtin.Float.Float"},[]],"tag":"App"}],"tag":"Pi"}}},"name":"Agda.Builtin.Float.primSin"},{"item":{"pretty":"Float → Float","thing":{"normalised":{"contents":[{"item":{"contents":[{"Left":"Agda.Builtin.Float.Float"},[]],"tag":"App"},"name":"_"},{"contents":[{"Left":"Agda.Builtin.Float.Float"},[]],"tag":"App"}],"tag":"Pi"},"original":{"contents":[{"item":{"contents":[{"Left":"Agda.Builtin.Float.Float"},[]],"tag":"App"},"name":"_"},{"contents":[{"Left":"Agda.Builtin.Float.Float"},[]],"tag":"App"}],"tag":"Pi"},"reduced":{"contents":[{"item":{"contents":[{"Left":"Agda.Builtin.Float.Float"},[]],"tag":"App"},"name":"_"},{"contents":[{"Left":"Agda.Builtin.Float.Float"},[]],"tag":"App"}],"tag":"Pi"},"simplified":{"contents":[{"item":{"contents":[{"Left":"Agda.Builtin.Float.Float"},[]],"tag":"App"},"name":"_"},{"contents":[{"Left":"Agda.Builtin.Float.Float"},[]],"tag":"App"}],"tag":"Pi"}}},"name":"Agda.Builtin.Float.primCos"},{"item":{"pretty":"Float → Float","thing":{"normalised":{"contents":[{"item":{"contents":[{"Left":"Agda.Builtin.Float.Float"},[]],"tag":"App"},"name":"_"},{"contents":[{"Left":"Agda.Builtin.Float.Float"},[]],"tag":"App"}],"tag":"Pi"},"original":{"contents":[{"item":{"contents":[{"Left":"Agda.Builtin.Float.Float"},[]],"tag":"App"},"name":"_"},{"contents":[{"Left":"Agda.Builtin.Float.Float"},[]],"tag":"App"}],"tag":"Pi"},"reduced":{"contents":[{"item":{"contents":[{"Left":"Agda.Builtin.Float.Float"},[]],"tag":"App"},"name":"_"},{"contents":[{"Left":"Agda.Builtin.Float.Float"},[]],"tag":"App"}],"tag":"Pi"},"simplified":{"contents":[{"item":{"contents":[{"Left":"Agda.Builtin.Float.Float"},[]],"tag":"App"},"name":"_"},{"contents":[{"Left":"Agda.Builtin.Float.Float"},[]],"tag":"App"}],"tag":"Pi"}}},"name":"Agda.Builtin.Float.primTan"},{"item":{"pretty":"Float → Float","thing":{"normalised":{"contents":[{"item":{"contents":[{"Left":"Agda.Builtin.Float.Float"},[]],"tag":"App"},"name":"_"},{"contents":[{"Left":"Agda.Builtin.Float.Float"},[]],"tag":"App"}],"tag":"Pi"},"original":{"contents":[{"item":{"contents":[{"Left":"Agda.Builtin.Float.Float"},[]],"tag":"App"},"name":"_"},{"contents":[{"Left":"Agda.Builtin.Float.Float"},[]],"tag":"App"}],"tag":"Pi"},"reduced":{"contents":[{"item":{"contents":[{"Left":"Agda.Builtin.Float.Float"},[]],"tag":"App"},"name":"_"},{"contents":[{"Left":"Agda.Builtin.Float.Float"},[]],"tag":"App"}],"tag":"Pi"},"simplified":{"contents":[{"item":{"contents":[{"Left":"Agda.Builtin.Float.Float"},[]],"tag":"App"},"name":"_"},{"contents":[{"Left":"Agda.Builtin.Float.Float"},[]],"tag":"App"}],"tag":"Pi"}}},"name":"Agda.Builtin.Float.primASin"},{"item":{"pretty":"Float → Float","thing":{"normalised":{"contents":[{"item":{"contents":[{"Left":"Agda.Builtin.Float.Float"},[]],"tag":"App"},"name":"_"},{"contents":[{"Left":"Agda.Builtin.Float.Float"},[]],"tag":"App"}],"tag":"Pi"},"original":{"contents":[{"item":{"contents":[{"Left":"Agda.Builtin.Float.Float"},[]],"tag":"App"},"name":"_"},{"contents":[{"Left":"Agda.Builtin.Float.Float"},[]],"tag":"App"}],"tag":"Pi"},"reduced":{"contents":[{"item":{"contents":[{"Left":"Agda.Builtin.Float.Float"},[]],"tag":"App"},"name":"_"},{"contents":[{"Left":"Agda.Builtin.Float.Float"},[]],"tag":"App"}],"tag":"Pi"},"simplified":{"contents":[{"item":{"contents":[{"Left":"Agda.Builtin.Float.Float"},[]],"tag":"App"},"name":"_"},{"contents":[{"Left":"Agda.Builtin.Float.Float"},[]],"tag":"App"}],"tag":"Pi"}}},"name":"Agda.Builtin.Float.primACos"},{"item":{"pretty":"Float → Float","thing":{"normalised":{"contents":[{"item":{"contents":[{"Left":"Agda.Builtin.Float.Float"},[]],"tag":"App"},"name":"_"},{"contents":[{"Left":"Agda.Builtin.Float.Float"},[]],"tag":"App"}],"tag":"Pi"},"original":{"contents":[{"item":{"contents":[{"Left":"Agda.Builtin.Float.Float"},[]],"tag":"App"},"name":"_"},{"contents":[{"Left":"Agda.Builtin.Float.Float"},[]],"tag":"App"}],"tag":"Pi"},"reduced":{"contents":[{"item":{"contents":[{"Left":"Agda.Builtin.Float.Float"},[]],"tag":"App"},"name":"_"},{"contents":[{"Left":"Agda.Builtin.Float.Float"},[]],"tag":"App"}],"tag":"Pi"},"simplified":{"contents":[{"item":{"contents":[{"Left":"Agda.Builtin.Float.Float"},[]],"tag":"App"},"name":"_"},{"contents":[{"Left":"Agda.Builtin.Float.Float"},[]],"tag":"App"}],"tag":"Pi"}}},"name":"Agda.Builtin.Float.primATan"},{"item":{"pretty":"Float → Float → Float","thing":{"normalised":{"contents":[{"item":{"contents":[{"Left":"Agda.Builtin.Float.Float"},[]],"tag":"App"},"name":"_"},{"contents":[{"item":{"contents":[{"Left":"Agda.Builtin.Float.Float"},[]],"tag":"App"},"name":"_"},{"contents":[{"Left":"Agda.Builtin.Float.Float"},[]],"tag":"App"}],"tag":"Pi"}],"tag":"Pi"},"original":{"contents":[{"item":{"contents":[{"Left":"Agda.Builtin.Float.Float"},[]],"tag":"App"},"name":"_"},{"contents":[{"item":{"contents":[{"Left":"Agda.Builtin.Float.Float"},[]],"tag":"App"},"name":"_"},{"contents":[{"Left":"Agda.Builtin.Float.Float"},[]],"tag":"App"}],"tag":"Pi"}],"tag":"Pi"},"reduced":{"contents":[{"item":{"contents":[{"Left":"Agda.Builtin.Float.Float"},[]],"tag":"App"},"name":"_"},{"contents":[{"item":{"contents":[{"Left":"Agda.Builtin.Float.Float"},[]],"tag":"App"},"name":"_"},{"contents":[{"Left":"Agda.Builtin.Float.Float"},[]],"tag":"App"}],"tag":"Pi"}],"tag":"Pi"},"simplified":{"contents":[{"item":{"contents":[{"Left":"Agda.Builtin.Float.Float"},[]],"tag":"App"},"name":"_"},{"contents":[{"item":{"contents":[{"Left":"Agda.Builtin.Float.Float"},[]],"tag":"App"},"name":"_"},{"contents":[{"Left":"Agda.Builtin.Float.Float"},[]],"tag":"App"}],"tag":"Pi"}],"tag":"Pi"}}},"name":"Agda.Builtin.Float.primATan2"}],"name":"Agda.Builtin.Float.Properties"},"samples":[]}