{"scope":{"item":[{"item":{"pretty":"Set","thing":{"normalised":{"contents":"Set","tag":"Sort"},"original":{"contents":"Set","tag":"Sort"},"reduced":{"contents":"Set","tag":"Sort"},"simplified":{"contents":"Set","tag":"Sort"}}},"name":"Agda.Builtin.Unit.⊤"},{"item":{"pretty":"⊤","thing":{"normalised":{"contents":[{"Left":"Agda.Builtin.Unit.⊤"},[]],"tag":"App"},"original":{"contents":[{"Left":"Agda.Builtin.Unit.⊤"},[]],"tag":"App"},"reduced":{"contents":[{"Left":"Agda.Builtin.Unit.⊤"},[]],"tag":"App"},"simplified":{"contents":[{"Left":"Agda.Builtin.Unit.⊤"},[]],"tag":"App"}}},"name":"Agda.Builtin.Unit.tt"}],"name":"Agda.Builtin.Unit"},"samples":[]}