{"scope":{"item":[{"item":{"pretty":"Set","thing":{"normalised":{"contents":"Set","tag":"Sort"},"original":{"contents":"Set","tag":"Sort"},"reduced":{"contents":"Set","tag":"Sort"},"simplified":{"contents":"Set","tag":"Sort"}}},"name":"Agda.Builtin.Char.Char"},{"item":{"pretty":"Char → Agda.Builtin.Bool.Bool","thing":{"normalised":{"contents":[{"item":{"contents":[{"Left":"Agda.Builtin.Char.Char"},[]],"tag":"App"},"name":"_"},{"contents":[{"Left":"Agda.Builtin.Bool.Bool"},[]],"tag":"App"}],"tag":"Pi"},"original":{"contents":[{"item":{"contents":[{"Left":"Agda.Builtin.Char.Char"},[]],"tag":"App"},"name":"_"},{"contents":[{"Left":"Agda.Builtin.Bool.Bool"},[]],"tag":"App"}],"tag":"Pi"},"reduced":{"contents":[{"item":{"contents":[{"Left":"Agda.Builtin.Char.Char"},[]],"tag":"App"},"name":"_"},{"contents":[{"Left":"Agda.Builtin.Bool.Bool"},[]],"tag":"App"}],"tag":"Pi"},"simplified":{"contents":[{"item":{"contents":[{"Left":"Agda.Builtin.Char.Char"},[]],"tag":"App"},"name":"_"},{"contents":[{"Left":"Agda.Builtin.Bool.Bool"},[]],"tag":"App"}],"tag":"Pi"}}},"name":"Agda.Builtin.Char.primIsLower"},{"item":{"pretty":"Char → Agda.Builtin.Bool.Bool","thing":{"normalised":{"contents":[{"item":{"contents":[{"Left":"Agda.Builtin.Char.Char"},[]],"tag":"App"},"name":"_"},{"contents":[{"Left":"Agda.Builtin.Bool.Bool"},[]],"tag":"App"}],"tag":"Pi"},"original":{"contents":[{"item":{"contents":[{"Left":"Agda.Builtin.Char.Char"},[]],"tag":"App"},"name":"_"},{"contents":[{"Left":"Agda.Builtin.Bool.Bool"},[]],"tag":"App"}],"tag":"Pi"},"reduced":{"contents":[{"item":{"contents":[{"Left":"Agda.Builtin.Char.Char"},[]],"tag":"App"},"name":"_"},{"contents":[{"Left":"Agda.Builtin.Bool.Bool"},[]],"tag":"App"}],"tag":"Pi"},"simplified":{"contents":[{"item":{"contents":[{"Left":"Agda.Builtin.Char.Char"},[]],"tag":"App"},"name":"_"},{"contents":[{"Left":"Agda.Builtin.Bool.Bool"},[]],"tag":"App"}],"tag":"Pi"}}},"name":"Agda.Builtin.Char.primIsDigit"},{"item":{"pretty":"{a : Agda.Primitive.Level} {A : Set a} → A → A → Set a","thing":{"normalised":{"contents":[{"item":{"contents":[{"Left":"Agda.Primitive.Level"},[]],"tag":"App"},"name":"a"},{"contents":[{"item":{"contents":"Set @0","tag":"Sort"},"name":"A"},{"contents":[{"item":{"contents":[{"Right":0},[]],"tag":"App"},"name":"x"},{"contents":[{"item":{"contents":[{"Right":0},[]],"tag":"App"},"name":"_"},{"contents":"Set @1","tag":"Sort"}],"tag":"Pi"}],"tag":"Pi"}],"tag":"Pi"}],"tag":"Pi"},"original":{"contents":[{"item":{"contents":[{"Left":"Agda.Primitive.Level"},[]],"tag":"App"},"name":"a"},{"contents":[{"item":{"contents":"Set @0","tag":"Sort"},"name":"A"},{"contents":[{"item":{"contents":[{"Right":0},[]],"tag":"App"},"name":"x"},{"contents":[{"item":{"contents":[{"Right":0},[]],"tag":"App"},"name":"_"},{"contents":"Set @1","tag":"Sort"}],"tag":"Pi"}],"tag":"Pi"}],"tag":"Pi"}],"tag":"Pi"},"reduced":{"contents":[{"item":{"contents":[{"Left":"Agda.Primitive.Level"},[]],"tag":"App"},"name":"a"},{"contents":[{"item":{"contents":"Set @0","tag":"Sort"},"name":"A"},{"contents":[{"item":{"contents":[{"Right":0},[]],"tag":"App"},"name":"x"},{"contents":[{"item":{"contents":[{"Right":0},[]],"tag":"App"},"name":"_"},{"contents":"Set @1","tag":"Sort"}],"tag":"Pi"}],"tag":"Pi"}],"tag":"Pi"}],"tag":"Pi"},"simplified":{"contents":[{"item":{"contents":[{"Left":"Agda.Primitive.Level"},[]],"tag":"App"},"name":"a"},{"contents":[{"item":{"contents":"Set @0","tag":"Sort"},"name":"A"},{"contents":[{"item":{"contents":[{"Right":0},[]],"tag":"App"},"name":"x"},{"contents":[{"item":{"contents":[{"Right":0},[]],"tag":"App"},"name":"_"},{"contents":"Set @1","tag":"Sort"}],"tag":"Pi"}],"tag":"Pi"}],"tag":"Pi"}],"tag":"Pi"}}},"name":"Agda.Builtin.Equality._≡_"},{"item":{"pretty":"Char → Agda.Builtin.Bool.Bool","thing":{"normalised":{"contents":[{"item":{"contents":[{"Left":"Agda.Builtin.Char.Char"},[]],"tag":"App"},"name":"_"},{"contents":[{"Left":"Agda.Builtin.Bool.Bool"},[]],"tag":"App"}],"tag":"Pi"},"original":{"contents":[{"item":{"contents":[{"Left":"Agda.Builtin.Char.Char"},[]],"tag":"App"},"name":"_"},{"contents":[{"Left":"Agda.Builtin.Bool.Bool"},[]],"tag":"App"}],"tag":"Pi"},"reduced":{"contents":[{"item":{"contents":[{"Left":"Agda.Builtin.Char.Char"},[]],"tag":"App"},"name":"_"},{"contents":[{"Left":"Agda.Builtin.Bool.Bool"},[]],"tag":"App"}],"tag":"Pi"},"simplified":{"contents":[{"item":{"contents":[{"Left":"Agda.Builtin.Char.Char"},[]],"tag":"App"},"name":"_"},{"contents":[{"Left":"Agda.Builtin.Bool.Bool"},[]],"tag":"App"}],"tag":"Pi"}}},"name":"Agda.Builtin.Char.primIsAlpha"},{"item":{"pretty":"(a b : Char) → primCharToNat a ≡ primCharToNat b → a ≡ b","thing":{"normalised":{"contents":[{"item":{"contents":[{"Left":"Agda.Builtin.Char.Char"},[]],"tag":"App"},"name":"a"},{"contents":[{"item":{"contents":[{"Left":"Agda.Builtin.Char.Char"},[]],"tag":"App"},"name":"b"},{"contents":[{"item":{"contents":[{"Left":"Agda.Builtin.Equality._≡_"},[{"contents":"lzero","tag":"Level"},{"contents":[{"Left":"Agda.Builtin.Nat.Nat"},[]],"tag":"App"},{"contents":[{"Left":"Agda.Builtin.Char.primCharToNat"},[{"contents":[{"Right":1},[]],"tag":"App"}]],"tag":"App"},{"contents":[{"Left":"Agda.Builtin.Char.primCharToNat"},[{"contents":[{"Right":0},[]],"tag":"App"}]],"tag":"App"}]],"tag":"App"},"name":"_"},{"contents":[{"Left":"Agda.Builtin.Equality._≡_"},[{"contents":"lzero","tag":"Level"},{"contents":[{"Left":"Agda.Builtin.Char.Char"},[]],"tag":"App"},{"contents":[{"Right":1},[]],"tag":"App"},{"contents":[{"Right":0},[]],"tag":"App"}]],"tag":"App"}],"tag":"Pi"}],"tag":"Pi"}],"tag":"Pi"},"original":{"contents":[{"item":{"contents":[{"Left":"Agda.Builtin.Char.Char"},[]],"tag":"App"},"name":"a"},{"contents":[{"item":{"contents":[{"Left":"Agda.Builtin.Char.Char"},[]],"tag":"App"},"name":"b"},{"contents":[{"item":{"contents":[{"Left":"Agda.Builtin.Equality._≡_"},[{"contents":"lzero","tag":"Level"},{"contents":[{"Left":"Agda.Builtin.Nat.Nat"},[]],"tag":"App"},{"contents":[{"Left":"Agda.Builtin.Char.primCharToNat"},[{"contents":[{"Right":1},[]],"tag":"App"}]],"tag":"App"},{"contents":[{"Left":"Agda.Builtin.Char.primCharToNat"},[{"contents":[{"Right":0},[]],"tag":"App"}]],"tag":"App"}]],"tag":"App"},"name":"_"},{"contents":[{"Left":"Agda.Builtin.Equality._≡_"},[{"contents":"lzero","tag":"Level"},{"contents":[{"Left":"Agda.Builtin.Char.Char"},[]],"tag":"App"},{"contents":[{"Right":1},[]],"tag":"App"},{"contents":[{"Right":0},[]],"tag":"App"}]],"tag":"App"}],"tag":"Pi"}],"tag":"Pi"}],"tag":"Pi"},"reduced":{"contents":[{"item":{"contents":[{"Left":"Agda.Builtin.Char.Char"},[]],"tag":"App"},"name":"a"},{"contents":[{"item":{"contents":[{"Left":"Agda.Builtin.Char.Char"},[]],"tag":"App"},"name":"b"},{"contents":[{"item":{"contents":[{"Left":"Agda.Builtin.Equality._≡_"},[{"contents":"lzero","tag":"Level"},{"contents":[{"Left":"Agda.Builtin.Nat.Nat"},[]],"tag":"App"},{"contents":[{"Left":"Agda.Builtin.Char.primCharToNat"},[{"contents":[{"Right":1},[]],"tag":"App"}]],"tag":"App"},{"contents":[{"Left":"Agda.Builtin.Char.primCharToNat"},[{"contents":[{"Right":0},[]],"tag":"App"}]],"tag":"App"}]],"tag":"App"},"name":"_"},{"contents":[{"Left":"Agda.Builtin.Equality._≡_"},[{"contents":"lzero","tag":"Level"},{"contents":[{"Left":"Agda.Builtin.Char.Char"},[]],"tag":"App"},{"contents":[{"Right":1},[]],"tag":"App"},{"contents":[{"Right":0},[]],"tag":"App"}]],"tag":"App"}],"tag":"Pi"}],"tag":"Pi"}],"tag":"Pi"},"simplified":{"contents":[{"item":{"contents":[{"Left":"Agda.Builtin.Char.Char"},[]],"tag":"App"},"name":"a"},{"contents":[{"item":{"contents":[{"Left":"Agda.Builtin.Char.Char"},[]],"tag":"App"},"name":"b"},{"contents":[{"item":{"contents":[{"Left":"Agda.Builtin.Equality._≡_"},[{"contents":"lzero","tag":"Level"},{"contents":[{"Left":"Agda.Builtin.Nat.Nat"},[]],"tag":"App"},{"contents":[{"Left":"Agda.Builtin.Char.primCharToNat"},[{"contents":[{"Right":1},[]],"tag":"App"}]],"tag":"App"},{"contents":[{"Left":"Agda.Builtin.Char.primCharToNat"},[{"contents":[{"Right":0},[]],"tag":"App"}]],"tag":"App"}]],"tag":"App"},"name":"_"},{"contents":[{"Left":"Agda.Builtin.Equality._≡_"},[{"contents":"lzero","tag":"Level"},{"contents":[{"Left":"Agda.Builtin.Char.Char"},[]],"tag":"App"},{"contents":[{"Right":1},[]],"tag":"App"},{"contents":[{"Right":0},[]],"tag":"App"}]],"tag":"App"}],"tag":"Pi"}],"tag":"Pi"}],"tag":"Pi"}}},"name":"Agda.Builtin.Char.Properties.primCharToNatInjective"},{"item":{"pretty":"Char → Agda.Builtin.Bool.Bool","thing":{"normalised":{"contents":[{"item":{"contents":[{"Left":"Agda.Builtin.Char.Char"},[]],"tag":"App"},"name":"_"},{"contents":[{"Left":"Agda.Builtin.Bool.Bool"},[]],"tag":"App"}],"tag":"Pi"},"original":{"contents":[{"item":{"contents":[{"Left":"Agda.Builtin.Char.Char"},[]],"tag":"App"},"name":"_"},{"contents":[{"Left":"Agda.Builtin.Bool.Bool"},[]],"tag":"App"}],"tag":"Pi"},"reduced":{"contents":[{"item":{"contents":[{"Left":"Agda.Builtin.Char.Char"},[]],"tag":"App"},"name":"_"},{"contents":[{"Left":"Agda.Builtin.Bool.Bool"},[]],"tag":"App"}],"tag":"Pi"},"simplified":{"contents":[{"item":{"contents":[{"Left":"Agda.Builtin.Char.Char"},[]],"tag":"App"},"name":"_"},{"contents":[{"Left":"Agda.Builtin.Bool.Bool"},[]],"tag":"App"}],"tag":"Pi"}}},"name":"Agda.Builtin.Char.primIsSpace"},{"item":{"pretty":"Char → Agda.Builtin.Bool.Bool","thing":{"normalised":{"contents":[{"item":{"contents":[{"Left":"Agda.Builtin.Char.Char"},[]],"tag":"App"},"name":"_"},{"contents":[{"Left":"Agda.Builtin.Bool.Bool"},[]],"tag":"App"}],"tag":"Pi"},"original":{"contents":[{"item":{"contents":[{"Left":"Agda.Builtin.Char.Char"},[]],"tag":"App"},"name":"_"},{"contents":[{"Left":"Agda.Builtin.Bool.Bool"},[]],"tag":"App"}],"tag":"Pi"},"reduced":{"contents":[{"item":{"contents":[{"Left":"Agda.Builtin.Char.Char"},[]],"tag":"App"},"name":"_"},{"contents":[{"Left":"Agda.Builtin.Bool.Bool"},[]],"tag":"App"}],"tag":"Pi"},"simplified":{"contents":[{"item":{"contents":[{"Left":"Agda.Builtin.Char.Char"},[]],"tag":"App"},"name":"_"},{"contents":[{"Left":"Agda.Builtin.Bool.Bool"},[]],"tag":"App"}],"tag":"Pi"}}},"name":"Agda.Builtin.Char.primIsAscii"},{"item":{"pretty":"Char → Agda.Builtin.Bool.Bool","thing":{"normalised":{"contents":[{"item":{"contents":[{"Left":"Agda.Builtin.Char.Char"},[]],"tag":"App"},"name":"_"},{"contents":[{"Left":"Agda.Builtin.Bool.Bool"},[]],"tag":"App"}],"tag":"Pi"},"original":{"contents":[{"item":{"contents":[{"Left":"Agda.Builtin.Char.Char"},[]],"tag":"App"},"name":"_"},{"contents":[{"Left":"Agda.Builtin.Bool.Bool"},[]],"tag":"App"}],"tag":"Pi"},"reduced":{"contents":[{"item":{"contents":[{"Left":"Agda.Builtin.Char.Char"},[]],"tag":"App"},"name":"_"},{"contents":[{"Left":"Agda.Builtin.Bool.Bool"},[]],"tag":"App"}],"tag":"Pi"},"simplified":{"contents":[{"item":{"contents":[{"Left":"Agda.Builtin.Char.Char"},[]],"tag":"App"},"name":"_"},{"contents":[{"Left":"Agda.Builtin.Bool.Bool"},[]],"tag":"App"}],"tag":"Pi"}}},"name":"Agda.Builtin.Char.primIsLatin1"},{"item":{"pretty":"{a : Agda.Primitive.Level} {A : Set a} {x : A} → x ≡ x","thing":{"normalised":{"contents":[{"item":{"contents":[{"Left":"Agda.Primitive.Level"},[]],"tag":"App"},"name":"a"},{"contents":[{"item":{"contents":"Set @0","tag":"Sort"},"name":"A"},{"contents":[{"item":{"contents":[{"Right":0},[]],"tag":"App"},"name":"x"},{"contents":[{"Left":"Agda.Builtin.Equality._≡_"},[{"contents":[{"Right":2},[]],"tag":"App"},{"contents":[{"Right":1},[]],"tag":"App"},{"contents":[{"Right":0},[]],"tag":"App"},{"contents":[{"Right":0},[]],"tag":"App"}]],"tag":"App"}],"tag":"Pi"}],"tag":"Pi"}],"tag":"Pi"},"original":{"contents":[{"item":{"contents":[{"Left":"Agda.Primitive.Level"},[]],"tag":"App"},"name":"a"},{"contents":[{"item":{"contents":"Set @0","tag":"Sort"},"name":"A"},{"contents":[{"item":{"contents":[{"Right":0},[]],"tag":"App"},"name":"x"},{"contents":[{"Left":"Agda.Builtin.Equality._≡_"},[{"contents":[{"Right":2},[]],"tag":"App"},{"contents":[{"Right":1},[]],"tag":"App"},{"contents":[{"Right":0},[]],"tag":"App"},{"contents":[{"Right":0},[]],"tag":"App"}]],"tag":"App"}],"tag":"Pi"}],"tag":"Pi"}],"tag":"Pi"},"reduced":{"contents":[{"item":{"contents":[{"Left":"Agda.Primitive.Level"},[]],"tag":"App"},"name":"a"},{"contents":[{"item":{"contents":"Set @0","tag":"Sort"},"name":"A"},{"contents":[{"item":{"contents":[{"Right":0},[]],"tag":"App"},"name":"x"},{"contents":[{"Left":"Agda.Builtin.Equality._≡_"},[{"contents":[{"Right":2},[]],"tag":"App"},{"contents":[{"Right":1},[]],"tag":"App"},{"contents":[{"Right":0},[]],"tag":"App"},{"contents":[{"Right":0},[]],"tag":"App"}]],"tag":"App"}],"tag":"Pi"}],"tag":"Pi"}],"tag":"Pi"},"simplified":{"contents":[{"item":{"contents":[{"Left":"Agda.Primitive.Level"},[]],"tag":"App"},"name":"a"},{"contents":[{"item":{"contents":"Set @0","tag":"Sort"},"name":"A"},{"contents":[{"item":{"contents":[{"Right":0},[]],"tag":"App"},"name":"x"},{"contents":[{"Left":"Agda.Builtin.Equality._≡_"},[{"contents":[{"Right":2},[]],"tag":"App"},{"contents":[{"Right":1},[]],"tag":"App"},{"contents":[{"Right":0},[]],"tag":"App"},{"contents":[{"Right":0},[]],"tag":"App"}]],"tag":"App"}],"tag":"Pi"}],"tag":"Pi"}],"tag":"Pi"}}},"name":"Agda.Builtin.Equality._≡_.refl"},{"item":{"pretty":"Char → Agda.Builtin.Bool.Bool","thing":{"normalised":{"contents":[{"item":{"contents":[{"Left":"Agda.Builtin.Char.Char"},[]],"tag":"App"},"name":"_"},{"contents":[{"Left":"Agda.Builtin.Bool.Bool"},[]],"tag":"App"}],"tag":"Pi"},"original":{"contents":[{"item":{"contents":[{"Left":"Agda.Builtin.Char.Char"},[]],"tag":"App"},"name":"_"},{"contents":[{"Left":"Agda.Builtin.Bool.Bool"},[]],"tag":"App"}],"tag":"Pi"},"reduced":{"contents":[{"item":{"contents":[{"Left":"Agda.Builtin.Char.Char"},[]],"tag":"App"},"name":"_"},{"contents":[{"Left":"Agda.Builtin.Bool.Bool"},[]],"tag":"App"}],"tag":"Pi"},"simplified":{"contents":[{"item":{"contents":[{"Left":"Agda.Builtin.Char.Char"},[]],"tag":"App"},"name":"_"},{"contents":[{"Left":"Agda.Builtin.Bool.Bool"},[]],"tag":"App"}],"tag":"Pi"}}},"name":"Agda.Builtin.Char.primIsPrint"},{"item":{"pretty":"Char → Agda.Builtin.Bool.Bool","thing":{"normalised":{"contents":[{"item":{"contents":[{"Left":"Agda.Builtin.Char.Char"},[]],"tag":"App"},"name":"_"},{"contents":[{"Left":"Agda.Builtin.Bool.Bool"},[]],"tag":"App"}],"tag":"Pi"},"original":{"contents":[{"item":{"contents":[{"Left":"Agda.Builtin.Char.Char"},[]],"tag":"App"},"name":"_"},{"contents":[{"Left":"Agda.Builtin.Bool.Bool"},[]],"tag":"App"}],"tag":"Pi"},"reduced":{"contents":[{"item":{"contents":[{"Left":"Agda.Builtin.Char.Char"},[]],"tag":"App"},"name":"_"},{"contents":[{"Left":"Agda.Builtin.Bool.Bool"},[]],"tag":"App"}],"tag":"Pi"},"simplified":{"contents":[{"item":{"contents":[{"Left":"Agda.Builtin.Char.Char"},[]],"tag":"App"},"name":"_"},{"contents":[{"Left":"Agda.Builtin.Bool.Bool"},[]],"tag":"App"}],"tag":"Pi"}}},"name":"Agda.Builtin.Char.primIsHexDigit"},{"item":{"pretty":"Char → Char","thing":{"normalised":{"contents":[{"item":{"contents":[{"Left":"Agda.Builtin.Char.Char"},[]],"tag":"App"},"name":"_"},{"contents":[{"Left":"Agda.Builtin.Char.Char"},[]],"tag":"App"}],"tag":"Pi"},"original":{"contents":[{"item":{"contents":[{"Left":"Agda.Builtin.Char.Char"},[]],"tag":"App"},"name":"_"},{"contents":[{"Left":"Agda.Builtin.Char.Char"},[]],"tag":"App"}],"tag":"Pi"},"reduced":{"contents":[{"item":{"contents":[{"Left":"Agda.Builtin.Char.Char"},[]],"tag":"App"},"name":"_"},{"contents":[{"Left":"Agda.Builtin.Char.Char"},[]],"tag":"App"}],"tag":"Pi"},"simplified":{"contents":[{"item":{"contents":[{"Left":"Agda.Builtin.Char.Char"},[]],"tag":"App"},"name":"_"},{"contents":[{"Left":"Agda.Builtin.Char.Char"},[]],"tag":"App"}],"tag":"Pi"}}},"name":"Agda.Builtin.Char.primToUpper"},{"item":{"pretty":"Char → Char","thing":{"normalised":{"contents":[{"item":{"contents":[{"Left":"Agda.Builtin.Char.Char"},[]],"tag":"App"},"name":"_"},{"contents":[{"Left":"Agda.Builtin.Char.Char"},[]],"tag":"App"}],"tag":"Pi"},"original":{"contents":[{"item":{"contents":[{"Left":"Agda.Builtin.Char.Char"},[]],"tag":"App"},"name":"_"},{"contents":[{"Left":"Agda.Builtin.Char.Char"},[]],"tag":"App"}],"tag":"Pi"},"reduced":{"contents":[{"item":{"contents":[{"Left":"Agda.Builtin.Char.Char"},[]],"tag":"App"},"name":"_"},{"contents":[{"Left":"Agda.Builtin.Char.Char"},[]],"tag":"App"}],"tag":"Pi"},"simplified":{"contents":[{"item":{"contents":[{"Left":"Agda.Builtin.Char.Char"},[]],"tag":"App"},"name":"_"},{"contents":[{"Left":"Agda.Builtin.Char.Char"},[]],"tag":"App"}],"tag":"Pi"}}},"name":"Agda.Builtin.Char.primToLower"},{"item":{"pretty":"Char → Agda.Builtin.Nat.Nat","thing":{"normalised":{"contents":[{"item":{"contents":[{"Left":"Agda.Builtin.Char.Char"},[]],"tag":"App"},"name":"_"},{"contents":[{"Left":"Agda.Builtin.Nat.Nat"},[]],"tag":"App"}],"tag":"Pi"},"original":{"contents":[{"item":{"contents":[{"Left":"Agda.Builtin.Char.Char"},[]],"tag":"App"},"name":"_"},{"contents":[{"Left":"Agda.Builtin.Nat.Nat"},[]],"tag":"App"}],"tag":"Pi"},"reduced":{"contents":[{"item":{"contents":[{"Left":"Agda.Builtin.Char.Char"},[]],"tag":"App"},"name":"_"},{"contents":[{"Left":"Agda.Builtin.Nat.Nat"},[]],"tag":"App"}],"tag":"Pi"},"simplified":{"contents":[{"item":{"contents":[{"Left":"Agda.Builtin.Char.Char"},[]],"tag":"App"},"name":"_"},{"contents":[{"Left":"Agda.Builtin.Nat.Nat"},[]],"tag":"App"}],"tag":"Pi"}}},"name":"Agda.Builtin.Char.primCharToNat"},{"item":{"pretty":"Agda.Builtin.Nat.Nat → Char","thing":{"normalised":{"contents":[{"item":{"contents":[{"Left":"Agda.Builtin.Nat.Nat"},[]],"tag":"App"},"name":"_"},{"contents":[{"Left":"Agda.Builtin.Char.Char"},[]],"tag":"App"}],"tag":"Pi"},"original":{"contents":[{"item":{"contents":[{"Left":"Agda.Builtin.Nat.Nat"},[]],"tag":"App"},"name":"_"},{"contents":[{"Left":"Agda.Builtin.Char.Char"},[]],"tag":"App"}],"tag":"Pi"},"reduced":{"contents":[{"item":{"contents":[{"Left":"Agda.Builtin.Nat.Nat"},[]],"tag":"App"},"name":"_"},{"contents":[{"Left":"Agda.Builtin.Char.Char"},[]],"tag":"App"}],"tag":"Pi"},"simplified":{"contents":[{"item":{"contents":[{"Left":"Agda.Builtin.Nat.Nat"},[]],"tag":"App"},"name":"_"},{"contents":[{"Left":"Agda.Builtin.Char.Char"},[]],"tag":"App"}],"tag":"Pi"}}},"name":"Agda.Builtin.Char.primNatToChar"},{"item":{"pretty":"Char → Char → Agda.Builtin.Bool.Bool","thing":{"normalised":{"contents":[{"item":{"contents":[{"Left":"Agda.Builtin.Char.Char"},[]],"tag":"App"},"name":"_"},{"contents":[{"item":{"contents":[{"Left":"Agda.Builtin.Char.Char"},[]],"tag":"App"},"name":"_"},{"contents":[{"Left":"Agda.Builtin.Bool.Bool"},[]],"tag":"App"}],"tag":"Pi"}],"tag":"Pi"},"original":{"contents":[{"item":{"contents":[{"Left":"Agda.Builtin.Char.Char"},[]],"tag":"App"},"name":"_"},{"contents":[{"item":{"contents":[{"Left":"Agda.Builtin.Char.Char"},[]],"tag":"App"},"name":"_"},{"contents":[{"Left":"Agda.Builtin.Bool.Bool"},[]],"tag":"App"}],"tag":"Pi"}],"tag":"Pi"},"reduced":{"contents":[{"item":{"contents":[{"Left":"Agda.Builtin.Char.Char"},[]],"tag":"App"},"name":"_"},{"contents":[{"item":{"contents":[{"Left":"Agda.Builtin.Char.Char"},[]],"tag":"App"},"name":"_"},{"contents":[{"Left":"Agda.Builtin.Bool.Bool"},[]],"tag":"App"}],"tag":"Pi"}],"tag":"Pi"},"simplified":{"contents":[{"item":{"contents":[{"Left":"Agda.Builtin.Char.Char"},[]],"tag":"App"},"name":"_"},{"contents":[{"item":{"contents":[{"Left":"Agda.Builtin.Char.Char"},[]],"tag":"App"},"name":"_"},{"contents":[{"Left":"Agda.Builtin.Bool.Bool"},[]],"tag":"App"}],"tag":"Pi"}],"tag":"Pi"}}},"name":"Agda.Builtin.Char.primCharEquality"}],"name":"Agda.Builtin.Char.Properties"},"samples":[]}