{"scope":{"item":[{"item":{"pretty":"Set₁","thing":{"normalised":{"contents":"Set1","tag":"Sort"},"original":{"contents":"Set1","tag":"Sort"},"reduced":{"contents":"Set1","tag":"Sort"},"simplified":{"contents":"Set1","tag":"Sort"}}},"name":"Agda.Primitive.Set"},{"item":{"pretty":"Set₁","thing":{"normalised":{"contents":"Set1","tag":"Sort"},"original":{"contents":"Set1","tag":"Sort"},"reduced":{"contents":"Set1","tag":"Sort"},"simplified":{"contents":"Set1","tag":"Sort"}}},"name":"Agda.Primitive.Prop"},{"item":{"pretty":"Set","thing":{"normalised":{"contents":"Set","tag":"Sort"},"original":{"contents":"Set","tag":"Sort"},"reduced":{"contents":"Set","tag":"Sort"},"simplified":{"contents":"Set","tag":"Sort"}}},"name":"Agda.Builtin.Nat.Nat"},{"item":{"pretty":"Setω₁","thing":{"normalised":{"contents":"Setω1","tag":"Sort"},"original":{"contents":"Setω1","tag":"Sort"},"reduced":{"contents":"Setω1","tag":"Sort"},"simplified":{"contents":"Setω1","tag":"Sort"}}},"name":"Agda.Primitive.Setω"},{"item":{"pretty":"Nat","thing":{"normalised":{"contents":[{"Left":"Agda.Builtin.Nat.Nat"},[]],"tag":"App"},"original":{"contents":[{"Left":"Agda.Builtin.Nat.Nat"},[]],"tag":"App"},"reduced":{"contents":[{"Left":"Agda.Builtin.Nat.Nat"},[]],"tag":"App"},"simplified":{"contents":[{"Left":"Agda.Builtin.Nat.Nat"},[]],"tag":"App"}}},"name":"Agda.Builtin.Nat.Nat.zero"},{"item":{"pretty":"SSet (lsuc lzero)","thing":{"normalised":{"contents":"SSet (lsuc lzero)","tag":"Sort"},"original":{"contents":"SSet (lsuc lzero)","tag":"Sort"},"reduced":{"contents":"SSet (lsuc lzero)","tag":"Sort"},"simplified":{"contents":"SSet (lsuc lzero)","tag":"Sort"}}},"name":"Agda.Primitive.SSet"},{"item":{"pretty":"{a : Level} (A : Set a) → Set (lsuc a)","thing":{"normalised":{"contents":[{"item":{"contents":[{"Left":"Agda.Primitive.Level"},[]],"tag":"App"},"name":"a"},{"contents":[{"item":{"contents":"Set @0","tag":"Sort"},"name":"A"},{"contents":"Set (lsuc @1)","tag":"Sort"}],"tag":"Pi"}],"tag":"Pi"},"original":{"contents":[{"item":{"contents":[{"Left":"Agda.Primitive.Level"},[]],"tag":"App"},"name":"a"},{"contents":[{"item":{"contents":"Set @0","tag":"Sort"},"name":"A"},{"contents":"Set (lsuc @1)","tag":"Sort"}],"tag":"Pi"}],"tag":"Pi"},"reduced":{"contents":[{"item":{"contents":[{"Left":"Agda.Primitive.Level"},[]],"tag":"App"},"name":"a"},{"contents":[{"item":{"contents":"Set @0","tag":"Sort"},"name":"A"},{"contents":"Set (lsuc @1)","tag":"Sort"}],"tag":"Pi"}],"tag":"Pi"},"simplified":{"contents":[{"item":{"contents":[{"Left":"Agda.Primitive.Level"},[]],"tag":"App"},"name":"a"},{"contents":[{"item":{"contents":"Set @0","tag":"Sort"},"name":"A"},{"contents":"Set (lsuc @1)","tag":"Sort"}],"tag":"Pi"}],"tag":"Pi"}}},"name":"Agda.Builtin.FromNat.Number"},{"item":{"pretty":"SSetω₁","thing":{"normalised":{"contents":"SSetω1","tag":"Sort"},"original":{"contents":"SSetω1","tag":"Sort"},"reduced":{"contents":"SSetω1","tag":"Sort"},"simplified":{"contents":"SSetω1","tag":"Sort"}}},"name":"Agda.Primitive.SSetω"},{"item":{"pretty":"Nat → Nat","thing":{"normalised":{"contents":[{"item":{"contents":[{"Left":"Agda.Builtin.Nat.Nat"},[]],"tag":"App"},"name":"n"},{"contents":[{"Left":"Agda.Builtin.Nat.Nat"},[]],"tag":"App"}],"tag":"Pi"},"original":{"contents":[{"item":{"contents":[{"Left":"Agda.Builtin.Nat.Nat"},[]],"tag":"App"},"name":"n"},{"contents":[{"Left":"Agda.Builtin.Nat.Nat"},[]],"tag":"App"}],"tag":"Pi"},"reduced":{"contents":[{"item":{"contents":[{"Left":"Agda.Builtin.Nat.Nat"},[]],"tag":"App"},"name":"n"},{"contents":[{"Left":"Agda.Builtin.Nat.Nat"},[]],"tag":"App"}],"tag":"Pi"},"simplified":{"contents":[{"item":{"contents":[{"Left":"Agda.Builtin.Nat.Nat"},[]],"tag":"App"},"name":"n"},{"contents":[{"Left":"Agda.Builtin.Nat.Nat"},[]],"tag":"App"}],"tag":"Pi"}}},"name":"Agda.Builtin.Nat.Nat.suc"},{"item":{"pretty":"Set","thing":{"normalised":{"contents":"Set","tag":"Sort"},"original":{"contents":"Set","tag":"Sort"},"reduced":{"contents":"Set","tag":"Sort"},"simplified":{"contents":"Set","tag":"Sort"}}},"name":"Agda.Primitive.Level"},{"item":{"pretty":"Nat → Nat → Nat","thing":{"normalised":{"contents":[{"item":{"contents":[{"Left":"Agda.Builtin.Nat.Nat"},[]],"tag":"App"},"name":"_"},{"contents":[{"item":{"contents":[{"Left":"Agda.Builtin.Nat.Nat"},[]],"tag":"App"},"name":"_"},{"contents":[{"Left":"Agda.Builtin.Nat.Nat"},[]],"tag":"App"}],"tag":"Pi"}],"tag":"Pi"},"original":{"contents":[{"item":{"contents":[{"Left":"Agda.Builtin.Nat.Nat"},[]],"tag":"App"},"name":"_"},{"contents":[{"item":{"contents":[{"Left":"Agda.Builtin.Nat.Nat"},[]],"tag":"App"},"name":"_"},{"contents":[{"Left":"Agda.Builtin.Nat.Nat"},[]],"tag":"App"}],"tag":"Pi"}],"tag":"Pi"},"reduced":{"contents":[{"item":{"contents":[{"Left":"Agda.Builtin.Nat.Nat"},[]],"tag":"App"},"name":"_"},{"contents":[{"item":{"contents":[{"Left":"Agda.Builtin.Nat.Nat"},[]],"tag":"App"},"name":"_"},{"contents":[{"Left":"Agda.Builtin.Nat.Nat"},[]],"tag":"App"}],"tag":"Pi"}],"tag":"Pi"},"simplified":{"contents":[{"item":{"contents":[{"Left":"Agda.Builtin.Nat.Nat"},[]],"tag":"App"},"name":"_"},{"contents":[{"item":{"contents":[{"Left":"Agda.Builtin.Nat.Nat"},[]],"tag":"App"},"name":"_"},{"contents":[{"Left":"Agda.Builtin.Nat.Nat"},[]],"tag":"App"}],"tag":"Pi"}],"tag":"Pi"}}},"name":"Agda.Builtin.Nat._+_"},{"item":{"pretty":"Level","thing":{"normalised":{"contents":[{"Left":"Agda.Primitive.Level"},[]],"tag":"App"},"original":{"contents":[{"Left":"Agda.Primitive.Level"},[]],"tag":"App"},"reduced":{"contents":[{"Left":"Agda.Primitive.Level"},[]],"tag":"App"},"simplified":{"contents":[{"Left":"Agda.Primitive.Level"},[]],"tag":"App"}}},"name":"Agda.Primitive.lzero"},{"item":{"pretty":"Level → Level","thing":{"normalised":{"contents":[{"item":{"contents":[{"Left":"Agda.Primitive.Level"},[]],"tag":"App"},"name":"ℓ"},{"contents":[{"Left":"Agda.Primitive.Level"},[]],"tag":"App"}],"tag":"Pi"},"original":{"contents":[{"item":{"contents":[{"Left":"Agda.Primitive.Level"},[]],"tag":"App"},"name":"ℓ"},{"contents":[{"Left":"Agda.Primitive.Level"},[]],"tag":"App"}],"tag":"Pi"},"reduced":{"contents":[{"item":{"contents":[{"Left":"Agda.Primitive.Level"},[]],"tag":"App"},"name":"ℓ"},{"contents":[{"Left":"Agda.Primitive.Level"},[]],"tag":"App"}],"tag":"Pi"},"simplified":{"contents":[{"item":{"contents":[{"Left":"Agda.Primitive.Level"},[]],"tag":"App"},"name":"ℓ"},{"contents":[{"Left":"Agda.Primitive.Level"},[]],"tag":"App"}],"tag":"Pi"}}},"name":"Agda.Primitive.lsuc"},{"item":{"pretty":"Nat → Nat → Nat","thing":{"normalised":{"contents":[{"item":{"contents":[{"Left":"Agda.Builtin.Nat.Nat"},[]],"tag":"App"},"name":"_"},{"contents":[{"item":{"contents":[{"Left":"Agda.Builtin.Nat.Nat"},[]],"tag":"App"},"name":"_"},{"contents":[{"Left":"Agda.Builtin.Nat.Nat"},[]],"tag":"App"}],"tag":"Pi"}],"tag":"Pi"},"original":{"contents":[{"item":{"contents":[{"Left":"Agda.Builtin.Nat.Nat"},[]],"tag":"App"},"name":"_"},{"contents":[{"item":{"contents":[{"Left":"Agda.Builtin.Nat.Nat"},[]],"tag":"App"},"name":"_"},{"contents":[{"Left":"Agda.Builtin.Nat.Nat"},[]],"tag":"App"}],"tag":"Pi"}],"tag":"Pi"},"reduced":{"contents":[{"item":{"contents":[{"Left":"Agda.Builtin.Nat.Nat"},[]],"tag":"App"},"name":"_"},{"contents":[{"item":{"contents":[{"Left":"Agda.Builtin.Nat.Nat"},[]],"tag":"App"},"name":"_"},{"contents":[{"Left":"Agda.Builtin.Nat.Nat"},[]],"tag":"App"}],"tag":"Pi"}],"tag":"Pi"},"simplified":{"contents":[{"item":{"contents":[{"Left":"Agda.Builtin.Nat.Nat"},[]],"tag":"App"},"name":"_"},{"contents":[{"item":{"contents":[{"Left":"Agda.Builtin.Nat.Nat"},[]],"tag":"App"},"name":"_"},{"contents":[{"Left":"Agda.Builtin.Nat.Nat"},[]],"tag":"App"}],"tag":"Pi"}],"tag":"Pi"}}},"name":"Agda.Builtin.Nat._-_"},{"item":{"pretty":"Level → Level → Level","thing":{"normalised":{"contents":[{"item":{"contents":[{"Left":"Agda.Primitive.Level"},[]],"tag":"App"},"name":"ℓ₁"},{"contents":[{"item":{"contents":[{"Left":"Agda.Primitive.Level"},[]],"tag":"App"},"name":"ℓ₂"},{"contents":[{"Left":"Agda.Primitive.Level"},[]],"tag":"App"}],"tag":"Pi"}],"tag":"Pi"},"original":{"contents":[{"item":{"contents":[{"Left":"Agda.Primitive.Level"},[]],"tag":"App"},"name":"ℓ₁"},{"contents":[{"item":{"contents":[{"Left":"Agda.Primitive.Level"},[]],"tag":"App"},"name":"ℓ₂"},{"contents":[{"Left":"Agda.Primitive.Level"},[]],"tag":"App"}],"tag":"Pi"}],"tag":"Pi"},"reduced":{"contents":[{"item":{"contents":[{"Left":"Agda.Primitive.Level"},[]],"tag":"App"},"name":"ℓ₁"},{"contents":[{"item":{"contents":[{"Left":"Agda.Primitive.Level"},[]],"tag":"App"},"name":"ℓ₂"},{"contents":[{"Left":"Agda.Primitive.Level"},[]],"tag":"App"}],"tag":"Pi"}],"tag":"Pi"},"simplified":{"contents":[{"item":{"contents":[{"Left":"Agda.Primitive.Level"},[]],"tag":"App"},"name":"ℓ₁"},{"contents":[{"item":{"contents":[{"Left":"Agda.Primitive.Level"},[]],"tag":"App"},"name":"ℓ₂"},{"contents":[{"Left":"Agda.Primitive.Level"},[]],"tag":"App"}],"tag":"Pi"}],"tag":"Pi"}}},"name":"Agda.Primitive._⊔_"},{"item":{"pretty":"Nat → Nat → Nat","thing":{"normalised":{"contents":[{"item":{"contents":[{"Left":"Agda.Builtin.Nat.Nat"},[]],"tag":"App"},"name":"_"},{"contents":[{"item":{"contents":[{"Left":"Agda.Builtin.Nat.Nat"},[]],"tag":"App"},"name":"_"},{"contents":[{"Left":"Agda.Builtin.Nat.Nat"},[]],"tag":"App"}],"tag":"Pi"}],"tag":"Pi"},"original":{"contents":[{"item":{"contents":[{"Left":"Agda.Builtin.Nat.Nat"},[]],"tag":"App"},"name":"_"},{"contents":[{"item":{"contents":[{"Left":"Agda.Builtin.Nat.Nat"},[]],"tag":"App"},"name":"_"},{"contents":[{"Left":"Agda.Builtin.Nat.Nat"},[]],"tag":"App"}],"tag":"Pi"}],"tag":"Pi"},"reduced":{"contents":[{"item":{"contents":[{"Left":"Agda.Builtin.Nat.Nat"},[]],"tag":"App"},"name":"_"},{"contents":[{"item":{"contents":[{"Left":"Agda.Builtin.Nat.Nat"},[]],"tag":"App"},"name":"_"},{"contents":[{"Left":"Agda.Builtin.Nat.Nat"},[]],"tag":"App"}],"tag":"Pi"}],"tag":"Pi"},"simplified":{"contents":[{"item":{"contents":[{"Left":"Agda.Builtin.Nat.Nat"},[]],"tag":"App"},"name":"_"},{"contents":[{"item":{"contents":[{"Left":"Agda.Builtin.Nat.Nat"},[]],"tag":"App"},"name":"_"},{"contents":[{"Left":"Agda.Builtin.Nat.Nat"},[]],"tag":"App"}],"tag":"Pi"}],"tag":"Pi"}}},"name":"Agda.Builtin.Nat._*_"},{"item":{"pretty":"{a : Level} {A : Set a} ⦃ r : Number A ⦄ (n : Nat)\n⦃ _ : Number.Constraint r n ⦄ →\nA","thing":{"normalised":{"contents":[{"item":{"contents":[{"Left":"Agda.Primitive.Level"},[]],"tag":"App"},"name":"a"},{"contents":[{"item":{"contents":"Set @0","tag":"Sort"},"name":"A"},{"contents":[{"item":{"contents":[{"Left":"Agda.Builtin.FromNat.Number"},[{"contents":[{"Right":1},[]],"tag":"App"},{"contents":[{"Right":0},[]],"tag":"App"}]],"tag":"App"},"name":"r"},{"contents":[{"item":{"contents":[{"Left":"Agda.Builtin.Nat.Nat"},[]],"tag":"App"},"name":"n"},{"contents":[{"item":{"contents":[{"Right":1},[{"contents":[{"Left":"Agda.Builtin.FromNat.Number.Constraint"},[]],"tag":"App"},{"contents":[{"Right":0},[]],"tag":"App"}]],"tag":"App"},"name":"_"},{"contents":[{"Right":2},[]],"tag":"App"}],"tag":"Pi"}],"tag":"Pi"}],"tag":"Pi"}],"tag":"Pi"}],"tag":"Pi"},"original":{"contents":[{"item":{"contents":[{"Left":"Agda.Primitive.Level"},[]],"tag":"App"},"name":"a"},{"contents":[{"item":{"contents":"Set @0","tag":"Sort"},"name":"A"},{"contents":[{"item":{"contents":[{"Left":"Agda.Builtin.FromNat.Number"},[{"contents":[{"Right":1},[]],"tag":"App"},{"contents":[{"Right":0},[]],"tag":"App"}]],"tag":"App"},"name":"r"},{"contents":[{"item":{"contents":[{"Left":"Agda.Builtin.Nat.Nat"},[]],"tag":"App"},"name":"n"},{"contents":[{"item":{"contents":[{"Right":1},[{"contents":[{"Left":"Agda.Builtin.FromNat.Number.Constraint"},[]],"tag":"App"},{"contents":[{"Right":0},[]],"tag":"App"}]],"tag":"App"},"name":"_"},{"contents":[{"Right":2},[]],"tag":"App"}],"tag":"Pi"}],"tag":"Pi"}],"tag":"Pi"}],"tag":"Pi"}],"tag":"Pi"},"reduced":{"contents":[{"item":{"contents":[{"Left":"Agda.Primitive.Level"},[]],"tag":"App"},"name":"a"},{"contents":[{"item":{"contents":"Set @0","tag":"Sort"},"name":"A"},{"contents":[{"item":{"contents":[{"Left":"Agda.Builtin.FromNat.Number"},[{"contents":[{"Right":1},[]],"tag":"App"},{"contents":[{"Right":0},[]],"tag":"App"}]],"tag":"App"},"name":"r"},{"contents":[{"item":{"contents":[{"Left":"Agda.Builtin.Nat.Nat"},[]],"tag":"App"},"name":"n"},{"contents":[{"item":{"contents":[{"Right":1},[{"contents":[{"Left":"Agda.Builtin.FromNat.Number.Constraint"},[]],"tag":"App"},{"contents":[{"Right":0},[]],"tag":"App"}]],"tag":"App"},"name":"_"},{"contents":[{"Right":2},[]],"tag":"App"}],"tag":"Pi"}],"tag":"Pi"}],"tag":"Pi"}],"tag":"Pi"}],"tag":"Pi"},"simplified":{"contents":[{"item":{"contents":[{"Left":"Agda.Primitive.Level"},[]],"tag":"App"},"name":"a"},{"contents":[{"item":{"contents":"Set @0","tag":"Sort"},"name":"A"},{"contents":[{"item":{"contents":[{"Left":"Agda.Builtin.FromNat.Number"},[{"contents":[{"Right":1},[]],"tag":"App"},{"contents":[{"Right":0},[]],"tag":"App"}]],"tag":"App"},"name":"r"},{"contents":[{"item":{"contents":[{"Left":"Agda.Builtin.Nat.Nat"},[]],"tag":"App"},"name":"n"},{"contents":[{"item":{"contents":[{"Right":1},[{"contents":[{"Left":"Agda.Builtin.FromNat.Number.Constraint"},[]],"tag":"App"},{"contents":[{"Right":0},[]],"tag":"App"}]],"tag":"App"},"name":"_"},{"contents":[{"Right":2},[]],"tag":"App"}],"tag":"Pi"}],"tag":"Pi"}],"tag":"Pi"}],"tag":"Pi"}],"tag":"Pi"}}},"name":"Agda.Builtin.FromNat._.fromNat"},{"item":{"pretty":"Nat → Nat → Agda.Builtin.Bool.Bool","thing":{"normalised":{"contents":[{"item":{"contents":[{"Left":"Agda.Builtin.Nat.Nat"},[]],"tag":"App"},"name":"_"},{"contents":[{"item":{"contents":[{"Left":"Agda.Builtin.Nat.Nat"},[]],"tag":"App"},"name":"_"},{"contents":[{"Left":"Agda.Builtin.Bool.Bool"},[]],"tag":"App"}],"tag":"Pi"}],"tag":"Pi"},"original":{"contents":[{"item":{"contents":[{"Left":"Agda.Builtin.Nat.Nat"},[]],"tag":"App"},"name":"_"},{"contents":[{"item":{"contents":[{"Left":"Agda.Builtin.Nat.Nat"},[]],"tag":"App"},"name":"_"},{"contents":[{"Left":"Agda.Builtin.Bool.Bool"},[]],"tag":"App"}],"tag":"Pi"}],"tag":"Pi"},"reduced":{"contents":[{"item":{"contents":[{"Left":"Agda.Builtin.Nat.Nat"},[]],"tag":"App"},"name":"_"},{"contents":[{"item":{"contents":[{"Left":"Agda.Builtin.Nat.Nat"},[]],"tag":"App"},"name":"_"},{"contents":[{"Left":"Agda.Builtin.Bool.Bool"},[]],"tag":"App"}],"tag":"Pi"}],"tag":"Pi"},"simplified":{"contents":[{"item":{"contents":[{"Left":"Agda.Builtin.Nat.Nat"},[]],"tag":"App"},"name":"_"},{"contents":[{"item":{"contents":[{"Left":"Agda.Builtin.Nat.Nat"},[]],"tag":"App"},"name":"_"},{"contents":[{"Left":"Agda.Builtin.Bool.Bool"},[]],"tag":"App"}],"tag":"Pi"}],"tag":"Pi"}}},"name":"Agda.Builtin.Nat._==_"},{"item":{"pretty":"Nat → Nat → Agda.Builtin.Bool.Bool","thing":{"normalised":{"contents":[{"item":{"contents":[{"Left":"Agda.Builtin.Nat.Nat"},[]],"tag":"App"},"name":"_"},{"contents":[{"item":{"contents":[{"Left":"Agda.Builtin.Nat.Nat"},[]],"tag":"App"},"name":"_"},{"contents":[{"Left":"Agda.Builtin.Bool.Bool"},[]],"tag":"App"}],"tag":"Pi"}],"tag":"Pi"},"original":{"contents":[{"item":{"contents":[{"Left":"Agda.Builtin.Nat.Nat"},[]],"tag":"App"},"name":"_"},{"contents":[{"item":{"contents":[{"Left":"Agda.Builtin.Nat.Nat"},[]],"tag":"App"},"name":"_"},{"contents":[{"Left":"Agda.Builtin.Bool.Bool"},[]],"tag":"App"}],"tag":"Pi"}],"tag":"Pi"},"reduced":{"contents":[{"item":{"contents":[{"Left":"Agda.Builtin.Nat.Nat"},[]],"tag":"App"},"name":"_"},{"contents":[{"item":{"contents":[{"Left":"Agda.Builtin.Nat.Nat"},[]],"tag":"App"},"name":"_"},{"contents":[{"Left":"Agda.Builtin.Bool.Bool"},[]],"tag":"App"}],"tag":"Pi"}],"tag":"Pi"},"simplified":{"contents":[{"item":{"contents":[{"Left":"Agda.Builtin.Nat.Nat"},[]],"tag":"App"},"name":"_"},{"contents":[{"item":{"contents":[{"Left":"Agda.Builtin.Nat.Nat"},[]],"tag":"App"},"name":"_"},{"contents":[{"Left":"Agda.Builtin.Bool.Bool"},[]],"tag":"App"}],"tag":"Pi"}],"tag":"Pi"}}},"name":"Agda.Builtin.Nat._<_"},{"item":{"pretty":"Nat → Nat → Nat → Nat → Nat","thing":{"normalised":{"contents":[{"item":{"contents":[{"Left":"Agda.Builtin.Nat.Nat"},[]],"tag":"App"},"name":"k"},{"contents":[{"item":{"contents":[{"Left":"Agda.Builtin.Nat.Nat"},[]],"tag":"App"},"name":"m"},{"contents":[{"item":{"contents":[{"Left":"Agda.Builtin.Nat.Nat"},[]],"tag":"App"},"name":"n"},{"contents":[{"item":{"contents":[{"Left":"Agda.Builtin.Nat.Nat"},[]],"tag":"App"},"name":"j"},{"contents":[{"Left":"Agda.Builtin.Nat.Nat"},[]],"tag":"App"}],"tag":"Pi"}],"tag":"Pi"}],"tag":"Pi"}],"tag":"Pi"},"original":{"contents":[{"item":{"contents":[{"Left":"Agda.Builtin.Nat.Nat"},[]],"tag":"App"},"name":"k"},{"contents":[{"item":{"contents":[{"Left":"Agda.Builtin.Nat.Nat"},[]],"tag":"App"},"name":"m"},{"contents":[{"item":{"contents":[{"Left":"Agda.Builtin.Nat.Nat"},[]],"tag":"App"},"name":"n"},{"contents":[{"item":{"contents":[{"Left":"Agda.Builtin.Nat.Nat"},[]],"tag":"App"},"name":"j"},{"contents":[{"Left":"Agda.Builtin.Nat.Nat"},[]],"tag":"App"}],"tag":"Pi"}],"tag":"Pi"}],"tag":"Pi"}],"tag":"Pi"},"reduced":{"contents":[{"item":{"contents":[{"Left":"Agda.Builtin.Nat.Nat"},[]],"tag":"App"},"name":"k"},{"contents":[{"item":{"contents":[{"Left":"Agda.Builtin.Nat.Nat"},[]],"tag":"App"},"name":"m"},{"contents":[{"item":{"contents":[{"Left":"Agda.Builtin.Nat.Nat"},[]],"tag":"App"},"name":"n"},{"contents":[{"item":{"contents":[{"Left":"Agda.Builtin.Nat.Nat"},[]],"tag":"App"},"name":"j"},{"contents":[{"Left":"Agda.Builtin.Nat.Nat"},[]],"tag":"App"}],"tag":"Pi"}],"tag":"Pi"}],"tag":"Pi"}],"tag":"Pi"},"simplified":{"contents":[{"item":{"contents":[{"Left":"Agda.Builtin.Nat.Nat"},[]],"tag":"App"},"name":"k"},{"contents":[{"item":{"contents":[{"Left":"Agda.Builtin.Nat.Nat"},[]],"tag":"App"},"name":"m"},{"contents":[{"item":{"contents":[{"Left":"Agda.Builtin.Nat.Nat"},[]],"tag":"App"},"name":"n"},{"contents":[{"item":{"contents":[{"Left":"Agda.Builtin.Nat.Nat"},[]],"tag":"App"},"name":"j"},{"contents":[{"Left":"Agda.Builtin.Nat.Nat"},[]],"tag":"App"}],"tag":"Pi"}],"tag":"Pi"}],"tag":"Pi"}],"tag":"Pi"}}},"name":"Agda.Builtin.Nat.div-helper"},{"item":{"pretty":"Nat → Nat → Nat → Nat → Nat","thing":{"normalised":{"contents":[{"item":{"contents":[{"Left":"Agda.Builtin.Nat.Nat"},[]],"tag":"App"},"name":"k"},{"contents":[{"item":{"contents":[{"Left":"Agda.Builtin.Nat.Nat"},[]],"tag":"App"},"name":"m"},{"contents":[{"item":{"contents":[{"Left":"Agda.Builtin.Nat.Nat"},[]],"tag":"App"},"name":"n"},{"contents":[{"item":{"contents":[{"Left":"Agda.Builtin.Nat.Nat"},[]],"tag":"App"},"name":"j"},{"contents":[{"Left":"Agda.Builtin.Nat.Nat"},[]],"tag":"App"}],"tag":"Pi"}],"tag":"Pi"}],"tag":"Pi"}],"tag":"Pi"},"original":{"contents":[{"item":{"contents":[{"Left":"Agda.Builtin.Nat.Nat"},[]],"tag":"App"},"name":"k"},{"contents":[{"item":{"contents":[{"Left":"Agda.Builtin.Nat.Nat"},[]],"tag":"App"},"name":"m"},{"contents":[{"item":{"contents":[{"Left":"Agda.Builtin.Nat.Nat"},[]],"tag":"App"},"name":"n"},{"contents":[{"item":{"contents":[{"Left":"Agda.Builtin.Nat.Nat"},[]],"tag":"App"},"name":"j"},{"contents":[{"Left":"Agda.Builtin.Nat.Nat"},[]],"tag":"App"}],"tag":"Pi"}],"tag":"Pi"}],"tag":"Pi"}],"tag":"Pi"},"reduced":{"contents":[{"item":{"contents":[{"Left":"Agda.Builtin.Nat.Nat"},[]],"tag":"App"},"name":"k"},{"contents":[{"item":{"contents":[{"Left":"Agda.Builtin.Nat.Nat"},[]],"tag":"App"},"name":"m"},{"contents":[{"item":{"contents":[{"Left":"Agda.Builtin.Nat.Nat"},[]],"tag":"App"},"name":"n"},{"contents":[{"item":{"contents":[{"Left":"Agda.Builtin.Nat.Nat"},[]],"tag":"App"},"name":"j"},{"contents":[{"Left":"Agda.Builtin.Nat.Nat"},[]],"tag":"App"}],"tag":"Pi"}],"tag":"Pi"}],"tag":"Pi"}],"tag":"Pi"},"simplified":{"contents":[{"item":{"contents":[{"Left":"Agda.Builtin.Nat.Nat"},[]],"tag":"App"},"name":"k"},{"contents":[{"item":{"contents":[{"Left":"Agda.Builtin.Nat.Nat"},[]],"tag":"App"},"name":"m"},{"contents":[{"item":{"contents":[{"Left":"Agda.Builtin.Nat.Nat"},[]],"tag":"App"},"name":"n"},{"contents":[{"item":{"contents":[{"Left":"Agda.Builtin.Nat.Nat"},[]],"tag":"App"},"name":"j"},{"contents":[{"Left":"Agda.Builtin.Nat.Nat"},[]],"tag":"App"}],"tag":"Pi"}],"tag":"Pi"}],"tag":"Pi"}],"tag":"Pi"}}},"name":"Agda.Builtin.Nat.mod-helper"}],"name":"Agda.Builtin.FromNat"},"samples":[]}