{"scope":{"item":[{"item":{"pretty":"{a ℓ : Agda.Primitive.Level} (M : CommutativeMonoid a ℓ) →\nℕ →\nAlgebra.Bundles.RawMonoid.Carrier\n(Algebra.Bundles.Monoid.rawMonoid (CommutativeMonoid.monoid M)) →\nAlgebra.Bundles.RawMonoid.Carrier\n(Algebra.Bundles.Monoid.rawMonoid (CommutativeMonoid.monoid M))","thing":{"normalised":{"contents":[{"item":{"contents":[{"Left":"Agda.Primitive.Level"},[]],"tag":"App"},"name":"a"},{"contents":[{"item":{"contents":[{"Left":"Agda.Primitive.Level"},[]],"tag":"App"},"name":"ℓ"},{"contents":[{"item":{"contents":[{"Left":"Algebra.Bundles.CommutativeMonoid"},[{"contents":[{"Right":1},[]],"tag":"App"},{"contents":[{"Right":0},[]],"tag":"App"}]],"tag":"App"},"name":"M"},{"contents":[{"item":{"contents":[{"Left":"Agda.Builtin.Nat.Nat"},[]],"tag":"App"},"name":"_"},{"contents":[{"item":{"contents":[{"Right":0},[{"contents":[{"Left":"Algebra.Bundles.CommutativeMonoid.Carrier"},[]],"tag":"App"}]],"tag":"App"},"name":"_"},{"contents":[{"Right":0},[{"contents":[{"Left":"Algebra.Bundles.CommutativeMonoid.Carrier"},[]],"tag":"App"}]],"tag":"App"}],"tag":"Pi"}],"tag":"Pi"}],"tag":"Pi"}],"tag":"Pi"}],"tag":"Pi"},"original":{"contents":[{"item":{"contents":[{"Left":"Agda.Primitive.Level"},[]],"tag":"App"},"name":"a"},{"contents":[{"item":{"contents":[{"Left":"Agda.Primitive.Level"},[]],"tag":"App"},"name":"ℓ"},{"contents":[{"item":{"contents":[{"Left":"Algebra.Bundles.CommutativeMonoid"},[{"contents":[{"Right":1},[]],"tag":"App"},{"contents":[{"Right":0},[]],"tag":"App"}]],"tag":"App"},"name":"M"},{"contents":[{"item":{"contents":[{"Left":"Agda.Builtin.Nat.Nat"},[]],"tag":"App"},"name":"_"},{"contents":[{"item":{"contents":[{"Left":"Algebra.Bundles.Monoid.rawMonoid"},[{"contents":[{"Right":2},[]],"tag":"App"},{"contents":[{"Right":1},[]],"tag":"App"},{"contents":[{"Left":"Algebra.Bundles.CommutativeMonoid.monoid"},[{"contents":[{"Right":2},[]],"tag":"App"},{"contents":[{"Right":1},[]],"tag":"App"},{"contents":[{"Right":0},[]],"tag":"App"}]],"tag":"App"},{"contents":[{"Left":"Algebra.Bundles.RawMonoid.Carrier"},[]],"tag":"App"}]],"tag":"App"},"name":"_"},{"contents":[{"Left":"Algebra.Bundles.Monoid.rawMonoid"},[{"contents":[{"Right":2},[]],"tag":"App"},{"contents":[{"Right":1},[]],"tag":"App"},{"contents":[{"Left":"Algebra.Bundles.CommutativeMonoid.monoid"},[{"contents":[{"Right":2},[]],"tag":"App"},{"contents":[{"Right":1},[]],"tag":"App"},{"contents":[{"Right":0},[]],"tag":"App"}]],"tag":"App"},{"contents":[{"Left":"Algebra.Bundles.RawMonoid.Carrier"},[]],"tag":"App"}]],"tag":"App"}],"tag":"Pi"}],"tag":"Pi"}],"tag":"Pi"}],"tag":"Pi"}],"tag":"Pi"},"reduced":{"contents":[{"item":{"contents":[{"Left":"Agda.Primitive.Level"},[]],"tag":"App"},"name":"a"},{"contents":[{"item":{"contents":[{"Left":"Agda.Primitive.Level"},[]],"tag":"App"},"name":"ℓ"},{"contents":[{"item":{"contents":[{"Left":"Algebra.Bundles.CommutativeMonoid"},[{"contents":[{"Right":1},[]],"tag":"App"},{"contents":[{"Right":0},[]],"tag":"App"}]],"tag":"App"},"name":"M"},{"contents":[{"item":{"contents":[{"Left":"Agda.Builtin.Nat.Nat"},[]],"tag":"App"},"name":"_"},{"contents":[{"item":{"contents":[{"Left":"Algebra.Bundles.Monoid.rawMonoid"},[{"contents":[{"Right":2},[]],"tag":"App"},{"contents":[{"Right":1},[]],"tag":"App"},{"contents":[{"Left":"Algebra.Bundles.CommutativeMonoid.monoid"},[{"contents":[{"Right":2},[]],"tag":"App"},{"contents":[{"Right":1},[]],"tag":"App"},{"contents":[{"Right":0},[]],"tag":"App"}]],"tag":"App"},{"contents":[{"Left":"Algebra.Bundles.RawMonoid.Carrier"},[]],"tag":"App"}]],"tag":"App"},"name":"_"},{"contents":[{"Left":"Algebra.Bundles.Monoid.rawMonoid"},[{"contents":[{"Right":2},[]],"tag":"App"},{"contents":[{"Right":1},[]],"tag":"App"},{"contents":[{"Left":"Algebra.Bundles.CommutativeMonoid.monoid"},[{"contents":[{"Right":2},[]],"tag":"App"},{"contents":[{"Right":1},[]],"tag":"App"},{"contents":[{"Right":0},[]],"tag":"App"}]],"tag":"App"},{"contents":[{"Left":"Algebra.Bundles.RawMonoid.Carrier"},[]],"tag":"App"}]],"tag":"App"}],"tag":"Pi"}],"tag":"Pi"}],"tag":"Pi"}],"tag":"Pi"}],"tag":"Pi"},"simplified":{"contents":[{"item":{"contents":[{"Left":"Agda.Primitive.Level"},[]],"tag":"App"},"name":"a"},{"contents":[{"item":{"contents":[{"Left":"Agda.Primitive.Level"},[]],"tag":"App"},"name":"ℓ"},{"contents":[{"item":{"contents":[{"Left":"Algebra.Bundles.CommutativeMonoid"},[{"contents":[{"Right":1},[]],"tag":"App"},{"contents":[{"Right":0},[]],"tag":"App"}]],"tag":"App"},"name":"M"},{"contents":[{"item":{"contents":[{"Left":"Agda.Builtin.Nat.Nat"},[]],"tag":"App"},"name":"_"},{"contents":[{"item":{"contents":[{"Right":0},[{"contents":[{"Left":"Algebra.Bundles.CommutativeMonoid.Carrier"},[]],"tag":"App"}]],"tag":"App"},"name":"_"},{"contents":[{"Right":0},[{"contents":[{"Left":"Algebra.Bundles.CommutativeMonoid.Carrier"},[]],"tag":"App"}]],"tag":"App"}],"tag":"Pi"}],"tag":"Pi"}],"tag":"Pi"}],"tag":"Pi"}],"tag":"Pi"}}},"name":"Algebra.Properties.CommutativeMonoid.Mult._._×_"},{"item":{"pretty":"{a ℓ : Agda.Primitive.Level} (M : CommutativeMonoid a ℓ)\n(x\n : Algebra.Bundles.RawMonoid.Carrier\n   (Algebra.Bundles.Monoid.rawMonoid (CommutativeMonoid.monoid M)))\n(m n : ℕ) →\n(CommutativeMonoid.monoid M Algebra.Bundles.Monoid.≈\n (Algebra.Bundles.Monoid.rawMonoid (CommutativeMonoid.monoid M)\n  Algebra.Definitions.RawMonoid.× m)\n ((Algebra.Bundles.Monoid.rawMonoid (CommutativeMonoid.monoid M)\n   Algebra.Definitions.RawMonoid.× n)\n  x))\n((Algebra.Bundles.Monoid.rawMonoid (CommutativeMonoid.monoid M)\n  Algebra.Definitions.RawMonoid.× (m ℕ.* n))\n x)","thing":{"normalised":{"contents":[{"item":{"contents":[{"Left":"Agda.Primitive.Level"},[]],"tag":"App"},"name":"a"},{"contents":[{"item":{"contents":[{"Left":"Agda.Primitive.Level"},[]],"tag":"App"},"name":"ℓ"},{"contents":[{"item":{"contents":[{"Left":"Algebra.Bundles.CommutativeMonoid"},[{"contents":[{"Right":1},[]],"tag":"App"},{"contents":[{"Right":0},[]],"tag":"App"}]],"tag":"App"},"name":"M"},{"contents":[{"item":{"contents":[{"Right":0},[{"contents":[{"Left":"Algebra.Bundles.CommutativeMonoid.Carrier"},[]],"tag":"App"}]],"tag":"App"},"name":"x"},{"contents":[{"item":{"contents":[{"Left":"Agda.Builtin.Nat.Nat"},[]],"tag":"App"},"name":"m"},{"contents":[{"item":{"contents":[{"Left":"Agda.Builtin.Nat.Nat"},[]],"tag":"App"},"name":"n"},{"contents":[{"Right":3},[{"contents":[{"Left":"Algebra.Bundles.CommutativeMonoid._≈_"},[]],"tag":"App"},{"contents":[{"Left":"Algebra.Definitions.RawMonoid._×_"},[{"contents":[{"Right":5},[]],"tag":"App"},{"contents":[{"Right":4},[]],"tag":"App"},{"contents":[{"Left":"Algebra.Bundles.Monoid.rawMonoid"},[{"contents":[{"Right":5},[]],"tag":"App"},{"contents":[{"Right":4},[]],"tag":"App"},{"contents":[{"Left":"Algebra.Bundles.CommutativeMonoid.monoid"},[{"contents":[{"Right":5},[]],"tag":"App"},{"contents":[{"Right":4},[]],"tag":"App"},{"contents":[{"Right":3},[]],"tag":"App"}]],"tag":"App"}]],"tag":"App"},{"contents":[{"Right":1},[]],"tag":"App"},{"contents":[{"Left":"Algebra.Definitions.RawMonoid._×_"},[{"contents":[{"Right":5},[]],"tag":"App"},{"contents":[{"Right":4},[]],"tag":"App"},{"contents":[{"Left":"Algebra.Bundles.Monoid.rawMonoid"},[{"contents":[{"Right":5},[]],"tag":"App"},{"contents":[{"Right":4},[]],"tag":"App"},{"contents":[{"Left":"Algebra.Bundles.CommutativeMonoid.monoid"},[{"contents":[{"Right":5},[]],"tag":"App"},{"contents":[{"Right":4},[]],"tag":"App"},{"contents":[{"Right":3},[]],"tag":"App"}]],"tag":"App"}]],"tag":"App"},{"contents":[{"Right":0},[]],"tag":"App"},{"contents":[{"Right":2},[]],"tag":"App"}]],"tag":"App"}]],"tag":"App"},{"contents":[{"Left":"Algebra.Definitions.RawMonoid._×_"},[{"contents":[{"Right":5},[]],"tag":"App"},{"contents":[{"Right":4},[]],"tag":"App"},{"contents":[{"Left":"Algebra.Bundles.Monoid.rawMonoid"},[{"contents":[{"Right":5},[]],"tag":"App"},{"contents":[{"Right":4},[]],"tag":"App"},{"contents":[{"Left":"Algebra.Bundles.CommutativeMonoid.monoid"},[{"contents":[{"Right":5},[]],"tag":"App"},{"contents":[{"Right":4},[]],"tag":"App"},{"contents":[{"Right":3},[]],"tag":"App"}]],"tag":"App"}]],"tag":"App"},{"contents":[{"Left":"Agda.Builtin.Nat._*_"},[{"contents":[{"Right":1},[]],"tag":"App"},{"contents":[{"Right":0},[]],"tag":"App"}]],"tag":"App"},{"contents":[{"Right":2},[]],"tag":"App"}]],"tag":"App"}]],"tag":"App"}],"tag":"Pi"}],"tag":"Pi"}],"tag":"Pi"}],"tag":"Pi"}],"tag":"Pi"}],"tag":"Pi"},"original":{"contents":[{"item":{"contents":[{"Left":"Agda.Primitive.Level"},[]],"tag":"App"},"name":"a"},{"contents":[{"item":{"contents":[{"Left":"Agda.Primitive.Level"},[]],"tag":"App"},"name":"ℓ"},{"contents":[{"item":{"contents":[{"Left":"Algebra.Bundles.CommutativeMonoid"},[{"contents":[{"Right":1},[]],"tag":"App"},{"contents":[{"Right":0},[]],"tag":"App"}]],"tag":"App"},"name":"M"},{"contents":[{"item":{"contents":[{"Left":"Algebra.Bundles.Monoid.rawMonoid"},[{"contents":[{"Right":2},[]],"tag":"App"},{"contents":[{"Right":1},[]],"tag":"App"},{"contents":[{"Left":"Algebra.Bundles.CommutativeMonoid.monoid"},[{"contents":[{"Right":2},[]],"tag":"App"},{"contents":[{"Right":1},[]],"tag":"App"},{"contents":[{"Right":0},[]],"tag":"App"}]],"tag":"App"},{"contents":[{"Left":"Algebra.Bundles.RawMonoid.Carrier"},[]],"tag":"App"}]],"tag":"App"},"name":"x"},{"contents":[{"item":{"contents":[{"Left":"Agda.Builtin.Nat.Nat"},[]],"tag":"App"},"name":"m"},{"contents":[{"item":{"contents":[{"Left":"Agda.Builtin.Nat.Nat"},[]],"tag":"App"},"name":"n"},{"contents":[{"Left":"Algebra.Bundles.CommutativeMonoid.monoid"},[{"contents":[{"Right":5},[]],"tag":"App"},{"contents":[{"Right":4},[]],"tag":"App"},{"contents":[{"Right":3},[]],"tag":"App"},{"contents":[{"Left":"Algebra.Bundles.Monoid._≈_"},[]],"tag":"App"},{"contents":[{"Left":"Algebra.Properties.Monoid.Mult._._×_"},[{"contents":[{"Right":5},[]],"tag":"App"},{"contents":[{"Right":4},[]],"tag":"App"},{"contents":[{"Left":"Algebra.Bundles.CommutativeMonoid.monoid"},[{"contents":[{"Right":5},[]],"tag":"App"},{"contents":[{"Right":4},[]],"tag":"App"},{"contents":[{"Right":3},[]],"tag":"App"}]],"tag":"App"},{"contents":[{"Right":1},[]],"tag":"App"},{"contents":[{"Left":"Algebra.Properties.Monoid.Mult._._×_"},[{"contents":[{"Right":5},[]],"tag":"App"},{"contents":[{"Right":4},[]],"tag":"App"},{"contents":[{"Left":"Algebra.Bundles.CommutativeMonoid.monoid"},[{"contents":[{"Right":5},[]],"tag":"App"},{"contents":[{"Right":4},[]],"tag":"App"},{"contents":[{"Right":3},[]],"tag":"App"}]],"tag":"App"},{"contents":[{"Right":0},[]],"tag":"App"},{"contents":[{"Right":2},[]],"tag":"App"}]],"tag":"App"}]],"tag":"App"},{"contents":[{"Left":"Algebra.Properties.Monoid.Mult._._×_"},[{"contents":[{"Right":5},[]],"tag":"App"},{"contents":[{"Right":4},[]],"tag":"App"},{"contents":[{"Left":"Algebra.Bundles.CommutativeMonoid.monoid"},[{"contents":[{"Right":5},[]],"tag":"App"},{"contents":[{"Right":4},[]],"tag":"App"},{"contents":[{"Right":3},[]],"tag":"App"}]],"tag":"App"},{"contents":[{"Left":"Agda.Builtin.Nat._*_"},[{"contents":[{"Right":1},[]],"tag":"App"},{"contents":[{"Right":0},[]],"tag":"App"}]],"tag":"App"},{"contents":[{"Right":2},[]],"tag":"App"}]],"tag":"App"}]],"tag":"App"}],"tag":"Pi"}],"tag":"Pi"}],"tag":"Pi"}],"tag":"Pi"}],"tag":"Pi"}],"tag":"Pi"},"reduced":{"contents":[{"item":{"contents":[{"Left":"Agda.Primitive.Level"},[]],"tag":"App"},"name":"a"},{"contents":[{"item":{"contents":[{"Left":"Agda.Primitive.Level"},[]],"tag":"App"},"name":"ℓ"},{"contents":[{"item":{"contents":[{"Left":"Algebra.Bundles.CommutativeMonoid"},[{"contents":[{"Right":1},[]],"tag":"App"},{"contents":[{"Right":0},[]],"tag":"App"}]],"tag":"App"},"name":"M"},{"contents":[{"item":{"contents":[{"Left":"Algebra.Bundles.Monoid.rawMonoid"},[{"contents":[{"Right":2},[]],"tag":"App"},{"contents":[{"Right":1},[]],"tag":"App"},{"contents":[{"Left":"Algebra.Bundles.CommutativeMonoid.monoid"},[{"contents":[{"Right":2},[]],"tag":"App"},{"contents":[{"Right":1},[]],"tag":"App"},{"contents":[{"Right":0},[]],"tag":"App"}]],"tag":"App"},{"contents":[{"Left":"Algebra.Bundles.RawMonoid.Carrier"},[]],"tag":"App"}]],"tag":"App"},"name":"x"},{"contents":[{"item":{"contents":[{"Left":"Agda.Builtin.Nat.Nat"},[]],"tag":"App"},"name":"m"},{"contents":[{"item":{"contents":[{"Left":"Agda.Builtin.Nat.Nat"},[]],"tag":"App"},"name":"n"},{"contents":[{"Left":"Algebra.Bundles.CommutativeMonoid.monoid"},[{"contents":[{"Right":5},[]],"tag":"App"},{"contents":[{"Right":4},[]],"tag":"App"},{"contents":[{"Right":3},[]],"tag":"App"},{"contents":[{"Left":"Algebra.Bundles.Monoid._≈_"},[]],"tag":"App"},{"contents":[{"Left":"Algebra.Properties.Monoid.Mult._._×_"},[{"contents":[{"Right":5},[]],"tag":"App"},{"contents":[{"Right":4},[]],"tag":"App"},{"contents":[{"Left":"Algebra.Bundles.CommutativeMonoid.monoid"},[{"contents":[{"Right":5},[]],"tag":"App"},{"contents":[{"Right":4},[]],"tag":"App"},{"contents":[{"Right":3},[]],"tag":"App"}]],"tag":"App"},{"contents":[{"Right":1},[]],"tag":"App"},{"contents":[{"Left":"Algebra.Properties.Monoid.Mult._._×_"},[{"contents":[{"Right":5},[]],"tag":"App"},{"contents":[{"Right":4},[]],"tag":"App"},{"contents":[{"Left":"Algebra.Bundles.CommutativeMonoid.monoid"},[{"contents":[{"Right":5},[]],"tag":"App"},{"contents":[{"Right":4},[]],"tag":"App"},{"contents":[{"Right":3},[]],"tag":"App"}]],"tag":"App"},{"contents":[{"Right":0},[]],"tag":"App"},{"contents":[{"Right":2},[]],"tag":"App"}]],"tag":"App"}]],"tag":"App"},{"contents":[{"Left":"Algebra.Properties.Monoid.Mult._._×_"},[{"contents":[{"Right":5},[]],"tag":"App"},{"contents":[{"Right":4},[]],"tag":"App"},{"contents":[{"Left":"Algebra.Bundles.CommutativeMonoid.monoid"},[{"contents":[{"Right":5},[]],"tag":"App"},{"contents":[{"Right":4},[]],"tag":"App"},{"contents":[{"Right":3},[]],"tag":"App"}]],"tag":"App"},{"contents":[{"Left":"Agda.Builtin.Nat._*_"},[{"contents":[{"Right":1},[]],"tag":"App"},{"contents":[{"Right":0},[]],"tag":"App"}]],"tag":"App"},{"contents":[{"Right":2},[]],"tag":"App"}]],"tag":"App"}]],"tag":"App"}],"tag":"Pi"}],"tag":"Pi"}],"tag":"Pi"}],"tag":"Pi"}],"tag":"Pi"}],"tag":"Pi"},"simplified":{"contents":[{"item":{"contents":[{"Left":"Agda.Primitive.Level"},[]],"tag":"App"},"name":"a"},{"contents":[{"item":{"contents":[{"Left":"Agda.Primitive.Level"},[]],"tag":"App"},"name":"ℓ"},{"contents":[{"item":{"contents":[{"Left":"Algebra.Bundles.CommutativeMonoid"},[{"contents":[{"Right":1},[]],"tag":"App"},{"contents":[{"Right":0},[]],"tag":"App"}]],"tag":"App"},"name":"M"},{"contents":[{"item":{"contents":[{"Right":0},[{"contents":[{"Left":"Algebra.Bundles.CommutativeMonoid.Carrier"},[]],"tag":"App"}]],"tag":"App"},"name":"x"},{"contents":[{"item":{"contents":[{"Left":"Agda.Builtin.Nat.Nat"},[]],"tag":"App"},"name":"m"},{"contents":[{"item":{"contents":[{"Left":"Agda.Builtin.Nat.Nat"},[]],"tag":"App"},"name":"n"},{"contents":[{"Right":3},[{"contents":[{"Left":"Algebra.Bundles.CommutativeMonoid._≈_"},[]],"tag":"App"},{"contents":[{"Left":"Algebra.Properties.Monoid.Mult._._×_"},[{"contents":[{"Right":5},[]],"tag":"App"},{"contents":[{"Right":4},[]],"tag":"App"},{"contents":[{"Left":"Algebra.Bundles.CommutativeMonoid.monoid"},[{"contents":[{"Right":5},[]],"tag":"App"},{"contents":[{"Right":4},[]],"tag":"App"},{"contents":[{"Right":3},[]],"tag":"App"}]],"tag":"App"},{"contents":[{"Right":1},[]],"tag":"App"},{"contents":[{"Left":"Algebra.Properties.Monoid.Mult._._×_"},[{"contents":[{"Right":5},[]],"tag":"App"},{"contents":[{"Right":4},[]],"tag":"App"},{"contents":[{"Left":"Algebra.Bundles.CommutativeMonoid.monoid"},[{"contents":[{"Right":5},[]],"tag":"App"},{"contents":[{"Right":4},[]],"tag":"App"},{"contents":[{"Right":3},[]],"tag":"App"}]],"tag":"App"},{"contents":[{"Right":0},[]],"tag":"App"},{"contents":[{"Right":2},[]],"tag":"App"}]],"tag":"App"}]],"tag":"App"},{"contents":[{"Left":"Algebra.Properties.Monoid.Mult._._×_"},[{"contents":[{"Right":5},[]],"tag":"App"},{"contents":[{"Right":4},[]],"tag":"App"},{"contents":[{"Left":"Algebra.Bundles.CommutativeMonoid.monoid"},[{"contents":[{"Right":5},[]],"tag":"App"},{"contents":[{"Right":4},[]],"tag":"App"},{"contents":[{"Right":3},[]],"tag":"App"}]],"tag":"App"},{"contents":[{"Left":"Agda.Builtin.Nat._*_"},[{"contents":[{"Right":1},[]],"tag":"App"},{"contents":[{"Right":0},[]],"tag":"App"}]],"tag":"App"},{"contents":[{"Right":2},[]],"tag":"App"}]],"tag":"App"}]],"tag":"App"}],"tag":"Pi"}],"tag":"Pi"}],"tag":"Pi"}],"tag":"Pi"}],"tag":"Pi"}],"tag":"Pi"}}},"name":"Algebra.Properties.CommutativeMonoid.Mult._.×-assocˡ"},{"item":{"pretty":"{a ℓ : Agda.Primitive.Level} (M : CommutativeMonoid a ℓ) →\nAlgebra.Definitions.RawMonoid._×_\n(Algebra.Bundles.Monoid.rawMonoid (CommutativeMonoid.monoid M))\nRelation.Binary.Core.Preserves₂ Agda.Builtin.Equality._≡_ ⟶\nAlgebra.Bundles.Monoid._≈_ (CommutativeMonoid.monoid M) ⟶\nAlgebra.Bundles.Monoid._≈_ (CommutativeMonoid.monoid M)","thing":{"normalised":{"contents":[{"item":{"contents":[{"Left":"Agda.Primitive.Level"},[]],"tag":"App"},"name":"a"},{"contents":[{"item":{"contents":[{"Left":"Agda.Primitive.Level"},[]],"tag":"App"},"name":"ℓ"},{"contents":[{"item":{"contents":[{"Left":"Algebra.Bundles.CommutativeMonoid"},[{"contents":[{"Right":1},[]],"tag":"App"},{"contents":[{"Right":0},[]],"tag":"App"}]],"tag":"App"},"name":"M"},{"contents":[{"item":{"contents":[{"Left":"Agda.Builtin.Nat.Nat"},[]],"tag":"App"},"name":"x"},{"contents":[{"item":{"contents":[{"Left":"Agda.Builtin.Nat.Nat"},[]],"tag":"App"},"name":"y"},{"contents":[{"item":{"contents":[{"Right":2},[{"contents":[{"Left":"Algebra.Bundles.CommutativeMonoid.Carrier"},[]],"tag":"App"}]],"tag":"App"},"name":"u"},{"contents":[{"item":{"contents":[{"Right":3},[{"contents":[{"Left":"Algebra.Bundles.CommutativeMonoid.Carrier"},[]],"tag":"App"}]],"tag":"App"},"name":"v"},{"contents":[{"item":{"contents":[{"Left":"Agda.Builtin.Equality._≡_"},[{"contents":"lzero","tag":"Level"},{"contents":[{"Left":"Agda.Builtin.Nat.Nat"},[]],"tag":"App"},{"contents":[{"Right":3},[]],"tag":"App"},{"contents":[{"Right":2},[]],"tag":"App"}]],"tag":"App"},"name":"_"},{"contents":[{"item":{"contents":[{"Right":4},[{"contents":[{"Left":"Algebra.Bundles.CommutativeMonoid._≈_"},[]],"tag":"App"},{"contents":[{"Right":1},[]],"tag":"App"},{"contents":[{"Right":0},[]],"tag":"App"}]],"tag":"App"},"name":"_"},{"contents":[{"Right":4},[{"contents":[{"Left":"Algebra.Bundles.CommutativeMonoid._≈_"},[]],"tag":"App"},{"contents":[{"Left":"Algebra.Definitions.RawMonoid._×_"},[{"contents":[{"Right":6},[]],"tag":"App"},{"contents":[{"Right":5},[]],"tag":"App"},{"contents":[{"Left":"Algebra.Bundles.Monoid.rawMonoid"},[{"contents":[{"Right":6},[]],"tag":"App"},{"contents":[{"Right":5},[]],"tag":"App"},{"contents":[{"Left":"Algebra.Bundles.CommutativeMonoid.monoid"},[{"contents":[{"Right":6},[]],"tag":"App"},{"contents":[{"Right":5},[]],"tag":"App"},{"contents":[{"Right":4},[]],"tag":"App"}]],"tag":"App"}]],"tag":"App"},{"contents":[{"Right":3},[]],"tag":"App"},{"contents":[{"Right":1},[]],"tag":"App"}]],"tag":"App"},{"contents":[{"Left":"Algebra.Definitions.RawMonoid._×_"},[{"contents":[{"Right":6},[]],"tag":"App"},{"contents":[{"Right":5},[]],"tag":"App"},{"contents":[{"Left":"Algebra.Bundles.Monoid.rawMonoid"},[{"contents":[{"Right":6},[]],"tag":"App"},{"contents":[{"Right":5},[]],"tag":"App"},{"contents":[{"Left":"Algebra.Bundles.CommutativeMonoid.monoid"},[{"contents":[{"Right":6},[]],"tag":"App"},{"contents":[{"Right":5},[]],"tag":"App"},{"contents":[{"Right":4},[]],"tag":"App"}]],"tag":"App"}]],"tag":"App"},{"contents":[{"Right":2},[]],"tag":"App"},{"contents":[{"Right":0},[]],"tag":"App"}]],"tag":"App"}]],"tag":"App"}],"tag":"Pi"}],"tag":"Pi"}],"tag":"Pi"}],"tag":"Pi"}],"tag":"Pi"}],"tag":"Pi"}],"tag":"Pi"}],"tag":"Pi"}],"tag":"Pi"},"original":{"contents":[{"item":{"contents":[{"Left":"Agda.Primitive.Level"},[]],"tag":"App"},"name":"a"},{"contents":[{"item":{"contents":[{"Left":"Agda.Primitive.Level"},[]],"tag":"App"},"name":"ℓ"},{"contents":[{"item":{"contents":[{"Left":"Algebra.Bundles.CommutativeMonoid"},[{"contents":[{"Right":1},[]],"tag":"App"},{"contents":[{"Right":0},[]],"tag":"App"}]],"tag":"App"},"name":"M"},{"contents":[{"Left":"Relation.Binary.Core._Preserves₂_⟶_⟶_"},[{"contents":"lzero","tag":"Level"},{"contents":[{"Left":"Agda.Builtin.Nat.Nat"},[]],"tag":"App"},{"contents":[{"Right":2},[]],"tag":"App"},{"contents":[{"Left":"Algebra.Bundles.Monoid.rawMonoid"},[{"contents":[{"Right":2},[]],"tag":"App"},{"contents":[{"Right":1},[]],"tag":"App"},{"contents":[{"Left":"Algebra.Bundles.CommutativeMonoid.monoid"},[{"contents":[{"Right":2},[]],"tag":"App"},{"contents":[{"Right":1},[]],"tag":"App"},{"contents":[{"Right":0},[]],"tag":"App"}]],"tag":"App"},{"contents":[{"Left":"Algebra.Bundles.RawMonoid.Carrier"},[]],"tag":"App"}]],"tag":"App"},{"contents":[{"Right":2},[]],"tag":"App"},{"contents":[{"Left":"Algebra.Bundles.Monoid.rawMonoid"},[{"contents":[{"Right":2},[]],"tag":"App"},{"contents":[{"Right":1},[]],"tag":"App"},{"contents":[{"Left":"Algebra.Bundles.CommutativeMonoid.monoid"},[{"contents":[{"Right":2},[]],"tag":"App"},{"contents":[{"Right":1},[]],"tag":"App"},{"contents":[{"Right":0},[]],"tag":"App"}]],"tag":"App"},{"contents":[{"Left":"Algebra.Bundles.RawMonoid.Carrier"},[]],"tag":"App"}]],"tag":"App"},{"contents":"lzero","tag":"Level"},{"contents":[{"Right":1},[]],"tag":"App"},{"contents":[{"Right":1},[]],"tag":"App"},{"contents":[{"Left":"Algebra.Properties.Monoid.Mult._._×_"},[{"contents":[{"Right":2},[]],"tag":"App"},{"contents":[{"Right":1},[]],"tag":"App"},{"contents":[{"Left":"Algebra.Bundles.CommutativeMonoid.monoid"},[{"contents":[{"Right":2},[]],"tag":"App"},{"contents":[{"Right":1},[]],"tag":"App"},{"contents":[{"Right":0},[]],"tag":"App"}]],"tag":"App"}]],"tag":"App"},{"contents":[{"Left":"Agda.Builtin.Equality._≡_"},[{"contents":"lzero","tag":"Level"},{"contents":[{"Left":"Agda.Builtin.Nat.Nat"},[]],"tag":"App"}]],"tag":"App"},{"contents":[{"Left":"Algebra.Bundles.CommutativeMonoid.monoid"},[{"contents":[{"Right":2},[]],"tag":"App"},{"contents":[{"Right":1},[]],"tag":"App"},{"contents":[{"Right":0},[]],"tag":"App"},{"contents":[{"Left":"Algebra.Bundles.Monoid._≈_"},[]],"tag":"App"}]],"tag":"App"},{"contents":[{"Left":"Algebra.Bundles.CommutativeMonoid.monoid"},[{"contents":[{"Right":2},[]],"tag":"App"},{"contents":[{"Right":1},[]],"tag":"App"},{"contents":[{"Right":0},[]],"tag":"App"},{"contents":[{"Left":"Algebra.Bundles.Monoid._≈_"},[]],"tag":"App"}]],"tag":"App"}]],"tag":"App"}],"tag":"Pi"}],"tag":"Pi"}],"tag":"Pi"},"reduced":{"contents":[{"item":{"contents":[{"Left":"Agda.Primitive.Level"},[]],"tag":"App"},"name":"a"},{"contents":[{"item":{"contents":[{"Left":"Agda.Primitive.Level"},[]],"tag":"App"},"name":"ℓ"},{"contents":[{"item":{"contents":[{"Left":"Algebra.Bundles.CommutativeMonoid"},[{"contents":[{"Right":1},[]],"tag":"App"},{"contents":[{"Right":0},[]],"tag":"App"}]],"tag":"App"},"name":"M"},{"contents":[{"Left":"Relation.Binary.Core._Preserves₂_⟶_⟶_"},[{"contents":"lzero","tag":"Level"},{"contents":[{"Left":"Agda.Builtin.Nat.Nat"},[]],"tag":"App"},{"contents":[{"Right":2},[]],"tag":"App"},{"contents":[{"Left":"Algebra.Bundles.Monoid.rawMonoid"},[{"contents":[{"Right":2},[]],"tag":"App"},{"contents":[{"Right":1},[]],"tag":"App"},{"contents":[{"Left":"Algebra.Bundles.CommutativeMonoid.monoid"},[{"contents":[{"Right":2},[]],"tag":"App"},{"contents":[{"Right":1},[]],"tag":"App"},{"contents":[{"Right":0},[]],"tag":"App"}]],"tag":"App"},{"contents":[{"Left":"Algebra.Bundles.RawMonoid.Carrier"},[]],"tag":"App"}]],"tag":"App"},{"contents":[{"Right":2},[]],"tag":"App"},{"contents":[{"Left":"Algebra.Bundles.Monoid.rawMonoid"},[{"contents":[{"Right":2},[]],"tag":"App"},{"contents":[{"Right":1},[]],"tag":"App"},{"contents":[{"Left":"Algebra.Bundles.CommutativeMonoid.monoid"},[{"contents":[{"Right":2},[]],"tag":"App"},{"contents":[{"Right":1},[]],"tag":"App"},{"contents":[{"Right":0},[]],"tag":"App"}]],"tag":"App"},{"contents":[{"Left":"Algebra.Bundles.RawMonoid.Carrier"},[]],"tag":"App"}]],"tag":"App"},{"contents":"lzero","tag":"Level"},{"contents":[{"Right":1},[]],"tag":"App"},{"contents":[{"Right":1},[]],"tag":"App"},{"contents":[{"Left":"Algebra.Properties.Monoid.Mult._._×_"},[{"contents":[{"Right":2},[]],"tag":"App"},{"contents":[{"Right":1},[]],"tag":"App"},{"contents":[{"Left":"Algebra.Bundles.CommutativeMonoid.monoid"},[{"contents":[{"Right":2},[]],"tag":"App"},{"contents":[{"Right":1},[]],"tag":"App"},{"contents":[{"Right":0},[]],"tag":"App"}]],"tag":"App"}]],"tag":"App"},{"contents":[{"Left":"Agda.Builtin.Equality._≡_"},[{"contents":"lzero","tag":"Level"},{"contents":[{"Left":"Agda.Builtin.Nat.Nat"},[]],"tag":"App"}]],"tag":"App"},{"contents":[{"Left":"Algebra.Bundles.CommutativeMonoid.monoid"},[{"contents":[{"Right":2},[]],"tag":"App"},{"contents":[{"Right":1},[]],"tag":"App"},{"contents":[{"Right":0},[]],"tag":"App"},{"contents":[{"Left":"Algebra.Bundles.Monoid._≈_"},[]],"tag":"App"}]],"tag":"App"},{"contents":[{"Left":"Algebra.Bundles.CommutativeMonoid.monoid"},[{"contents":[{"Right":2},[]],"tag":"App"},{"contents":[{"Right":1},[]],"tag":"App"},{"contents":[{"Right":0},[]],"tag":"App"},{"contents":[{"Left":"Algebra.Bundles.Monoid._≈_"},[]],"tag":"App"}]],"tag":"App"}]],"tag":"App"}],"tag":"Pi"}],"tag":"Pi"}],"tag":"Pi"},"simplified":{"contents":[{"item":{"contents":[{"Left":"Agda.Primitive.Level"},[]],"tag":"App"},"name":"a"},{"contents":[{"item":{"contents":[{"Left":"Agda.Primitive.Level"},[]],"tag":"App"},"name":"ℓ"},{"contents":[{"item":{"contents":[{"Left":"Algebra.Bundles.CommutativeMonoid"},[{"contents":[{"Right":1},[]],"tag":"App"},{"contents":[{"Right":0},[]],"tag":"App"}]],"tag":"App"},"name":"M"},{"contents":[{"Left":"Relation.Binary.Core._Preserves₂_⟶_⟶_"},[{"contents":"lzero","tag":"Level"},{"contents":[{"Left":"Agda.Builtin.Nat.Nat"},[]],"tag":"App"},{"contents":[{"Right":2},[]],"tag":"App"},{"contents":[{"Right":0},[{"contents":[{"Left":"Algebra.Bundles.CommutativeMonoid.Carrier"},[]],"tag":"App"}]],"tag":"App"},{"contents":[{"Right":2},[]],"tag":"App"},{"contents":[{"Right":0},[{"contents":[{"Left":"Algebra.Bundles.CommutativeMonoid.Carrier"},[]],"tag":"App"}]],"tag":"App"},{"contents":"lzero","tag":"Level"},{"contents":[{"Right":1},[]],"tag":"App"},{"contents":[{"Right":1},[]],"tag":"App"},{"contents":[{"Left":"Algebra.Properties.Monoid.Mult._._×_"},[{"contents":[{"Right":2},[]],"tag":"App"},{"contents":[{"Right":1},[]],"tag":"App"},{"contents":[{"Left":"Algebra.Bundles.CommutativeMonoid.monoid"},[{"contents":[{"Right":2},[]],"tag":"App"},{"contents":[{"Right":1},[]],"tag":"App"},{"contents":[{"Right":0},[]],"tag":"App"}]],"tag":"App"}]],"tag":"App"},{"contents":[{"Left":"Agda.Builtin.Equality._≡_"},[{"contents":"lzero","tag":"Level"},{"contents":[{"Left":"Agda.Builtin.Nat.Nat"},[]],"tag":"App"}]],"tag":"App"},{"contents":[{"Right":0},[{"contents":[{"Left":"Algebra.Bundles.CommutativeMonoid._≈_"},[]],"tag":"App"}]],"tag":"App"},{"contents":[{"Right":0},[{"contents":[{"Left":"Algebra.Bundles.CommutativeMonoid._≈_"},[]],"tag":"App"}]],"tag":"App"}]],"tag":"App"}],"tag":"Pi"}],"tag":"Pi"}],"tag":"Pi"}}},"name":"Algebra.Properties.CommutativeMonoid.Mult._.×-cong"},{"item":{"pretty":"{a ℓ : Agda.Primitive.Level} (M : CommutativeMonoid a ℓ) (n : ℕ) →\n(Algebra.Bundles.Monoid.rawMonoid (CommutativeMonoid.monoid M)\n Algebra.Definitions.RawMonoid.× n)\nRelation.Binary.Core.Preserves\nAlgebra.Bundles.Monoid._≈_ (CommutativeMonoid.monoid M) ⟶\nAlgebra.Bundles.Monoid._≈_ (CommutativeMonoid.monoid M)","thing":{"normalised":{"contents":[{"item":{"contents":[{"Left":"Agda.Primitive.Level"},[]],"tag":"App"},"name":"a"},{"contents":[{"item":{"contents":[{"Left":"Agda.Primitive.Level"},[]],"tag":"App"},"name":"ℓ"},{"contents":[{"item":{"contents":[{"Left":"Algebra.Bundles.CommutativeMonoid"},[{"contents":[{"Right":1},[]],"tag":"App"},{"contents":[{"Right":0},[]],"tag":"App"}]],"tag":"App"},"name":"M"},{"contents":[{"item":{"contents":[{"Left":"Agda.Builtin.Nat.Nat"},[]],"tag":"App"},"name":"n"},{"contents":[{"item":{"contents":[{"Right":1},[{"contents":[{"Left":"Algebra.Bundles.CommutativeMonoid.Carrier"},[]],"tag":"App"}]],"tag":"App"},"name":"x"},{"contents":[{"item":{"contents":[{"Right":2},[{"contents":[{"Left":"Algebra.Bundles.CommutativeMonoid.Carrier"},[]],"tag":"App"}]],"tag":"App"},"name":"y"},{"contents":[{"item":{"contents":[{"Right":3},[{"contents":[{"Left":"Algebra.Bundles.CommutativeMonoid._≈_"},[]],"tag":"App"},{"contents":[{"Right":1},[]],"tag":"App"},{"contents":[{"Right":0},[]],"tag":"App"}]],"tag":"App"},"name":"_"},{"contents":[{"Right":3},[{"contents":[{"Left":"Algebra.Bundles.CommutativeMonoid._≈_"},[]],"tag":"App"},{"contents":[{"Left":"Algebra.Definitions.RawMonoid._×_"},[{"contents":[{"Right":5},[]],"tag":"App"},{"contents":[{"Right":4},[]],"tag":"App"},{"contents":[{"Left":"Algebra.Bundles.Monoid.rawMonoid"},[{"contents":[{"Right":5},[]],"tag":"App"},{"contents":[{"Right":4},[]],"tag":"App"},{"contents":[{"Left":"Algebra.Bundles.CommutativeMonoid.monoid"},[{"contents":[{"Right":5},[]],"tag":"App"},{"contents":[{"Right":4},[]],"tag":"App"},{"contents":[{"Right":3},[]],"tag":"App"}]],"tag":"App"}]],"tag":"App"},{"contents":[{"Right":2},[]],"tag":"App"},{"contents":[{"Right":1},[]],"tag":"App"}]],"tag":"App"},{"contents":[{"Left":"Algebra.Definitions.RawMonoid._×_"},[{"contents":[{"Right":5},[]],"tag":"App"},{"contents":[{"Right":4},[]],"tag":"App"},{"contents":[{"Left":"Algebra.Bundles.Monoid.rawMonoid"},[{"contents":[{"Right":5},[]],"tag":"App"},{"contents":[{"Right":4},[]],"tag":"App"},{"contents":[{"Left":"Algebra.Bundles.CommutativeMonoid.monoid"},[{"contents":[{"Right":5},[]],"tag":"App"},{"contents":[{"Right":4},[]],"tag":"App"},{"contents":[{"Right":3},[]],"tag":"App"}]],"tag":"App"}]],"tag":"App"},{"contents":[{"Right":2},[]],"tag":"App"},{"contents":[{"Right":0},[]],"tag":"App"}]],"tag":"App"}]],"tag":"App"}],"tag":"Pi"}],"tag":"Pi"}],"tag":"Pi"}],"tag":"Pi"}],"tag":"Pi"}],"tag":"Pi"}],"tag":"Pi"},"original":{"contents":[{"item":{"contents":[{"Left":"Agda.Primitive.Level"},[]],"tag":"App"},"name":"a"},{"contents":[{"item":{"contents":[{"Left":"Agda.Primitive.Level"},[]],"tag":"App"},"name":"ℓ"},{"contents":[{"item":{"contents":[{"Left":"Algebra.Bundles.CommutativeMonoid"},[{"contents":[{"Right":1},[]],"tag":"App"},{"contents":[{"Right":0},[]],"tag":"App"}]],"tag":"App"},"name":"M"},{"contents":[{"item":{"contents":[{"Left":"Agda.Builtin.Nat.Nat"},[]],"tag":"App"},"name":"n"},{"contents":[{"Left":"Relation.Binary.Core._Preserves_⟶_"},[{"contents":[{"Right":3},[]],"tag":"App"},{"contents":[{"Left":"Algebra.Bundles.Monoid.rawMonoid"},[{"contents":[{"Right":3},[]],"tag":"App"},{"contents":[{"Right":2},[]],"tag":"App"},{"contents":[{"Left":"Algebra.Bundles.CommutativeMonoid.monoid"},[{"contents":[{"Right":3},[]],"tag":"App"},{"contents":[{"Right":2},[]],"tag":"App"},{"contents":[{"Right":1},[]],"tag":"App"}]],"tag":"App"},{"contents":[{"Left":"Algebra.Bundles.RawMonoid.Carrier"},[]],"tag":"App"}]],"tag":"App"},{"contents":[{"Right":3},[]],"tag":"App"},{"contents":[{"Left":"Algebra.Bundles.CommutativeMonoid.monoid"},[{"contents":[{"Right":3},[]],"tag":"App"},{"contents":[{"Right":2},[]],"tag":"App"},{"contents":[{"Right":1},[]],"tag":"App"},{"contents":[{"Left":"Algebra.Bundles.Monoid.Carrier"},[]],"tag":"App"}]],"tag":"App"},{"contents":[{"Right":2},[]],"tag":"App"},{"contents":[{"Right":2},[]],"tag":"App"},{"contents":[{"Left":"Algebra.Properties.Monoid.Mult._._×_"},[{"contents":[{"Right":3},[]],"tag":"App"},{"contents":[{"Right":2},[]],"tag":"App"},{"contents":[{"Left":"Algebra.Bundles.CommutativeMonoid.monoid"},[{"contents":[{"Right":3},[]],"tag":"App"},{"contents":[{"Right":2},[]],"tag":"App"},{"contents":[{"Right":1},[]],"tag":"App"}]],"tag":"App"},{"contents":[{"Right":0},[]],"tag":"App"}]],"tag":"App"},{"contents":[{"Left":"Algebra.Bundles.CommutativeMonoid.monoid"},[{"contents":[{"Right":3},[]],"tag":"App"},{"contents":[{"Right":2},[]],"tag":"App"},{"contents":[{"Right":1},[]],"tag":"App"},{"contents":[{"Left":"Algebra.Bundles.Monoid._≈_"},[]],"tag":"App"}]],"tag":"App"},{"contents":[{"Left":"Algebra.Bundles.CommutativeMonoid.monoid"},[{"contents":[{"Right":3},[]],"tag":"App"},{"contents":[{"Right":2},[]],"tag":"App"},{"contents":[{"Right":1},[]],"tag":"App"},{"contents":[{"Left":"Algebra.Bundles.Monoid._≈_"},[]],"tag":"App"}]],"tag":"App"}]],"tag":"App"}],"tag":"Pi"}],"tag":"Pi"}],"tag":"Pi"}],"tag":"Pi"},"reduced":{"contents":[{"item":{"contents":[{"Left":"Agda.Primitive.Level"},[]],"tag":"App"},"name":"a"},{"contents":[{"item":{"contents":[{"Left":"Agda.Primitive.Level"},[]],"tag":"App"},"name":"ℓ"},{"contents":[{"item":{"contents":[{"Left":"Algebra.Bundles.CommutativeMonoid"},[{"contents":[{"Right":1},[]],"tag":"App"},{"contents":[{"Right":0},[]],"tag":"App"}]],"tag":"App"},"name":"M"},{"contents":[{"item":{"contents":[{"Left":"Agda.Builtin.Nat.Nat"},[]],"tag":"App"},"name":"n"},{"contents":[{"Left":"Relation.Binary.Core._Preserves_⟶_"},[{"contents":[{"Right":3},[]],"tag":"App"},{"contents":[{"Left":"Algebra.Bundles.Monoid.rawMonoid"},[{"contents":[{"Right":3},[]],"tag":"App"},{"contents":[{"Right":2},[]],"tag":"App"},{"contents":[{"Left":"Algebra.Bundles.CommutativeMonoid.monoid"},[{"contents":[{"Right":3},[]],"tag":"App"},{"contents":[{"Right":2},[]],"tag":"App"},{"contents":[{"Right":1},[]],"tag":"App"}]],"tag":"App"},{"contents":[{"Left":"Algebra.Bundles.RawMonoid.Carrier"},[]],"tag":"App"}]],"tag":"App"},{"contents":[{"Right":3},[]],"tag":"App"},{"contents":[{"Left":"Algebra.Bundles.CommutativeMonoid.monoid"},[{"contents":[{"Right":3},[]],"tag":"App"},{"contents":[{"Right":2},[]],"tag":"App"},{"contents":[{"Right":1},[]],"tag":"App"},{"contents":[{"Left":"Algebra.Bundles.Monoid.Carrier"},[]],"tag":"App"}]],"tag":"App"},{"contents":[{"Right":2},[]],"tag":"App"},{"contents":[{"Right":2},[]],"tag":"App"},{"contents":[{"Left":"Algebra.Properties.Monoid.Mult._._×_"},[{"contents":[{"Right":3},[]],"tag":"App"},{"contents":[{"Right":2},[]],"tag":"App"},{"contents":[{"Left":"Algebra.Bundles.CommutativeMonoid.monoid"},[{"contents":[{"Right":3},[]],"tag":"App"},{"contents":[{"Right":2},[]],"tag":"App"},{"contents":[{"Right":1},[]],"tag":"App"}]],"tag":"App"},{"contents":[{"Right":0},[]],"tag":"App"}]],"tag":"App"},{"contents":[{"Left":"Algebra.Bundles.CommutativeMonoid.monoid"},[{"contents":[{"Right":3},[]],"tag":"App"},{"contents":[{"Right":2},[]],"tag":"App"},{"contents":[{"Right":1},[]],"tag":"App"},{"contents":[{"Left":"Algebra.Bundles.Monoid._≈_"},[]],"tag":"App"}]],"tag":"App"},{"contents":[{"Left":"Algebra.Bundles.CommutativeMonoid.monoid"},[{"contents":[{"Right":3},[]],"tag":"App"},{"contents":[{"Right":2},[]],"tag":"App"},{"contents":[{"Right":1},[]],"tag":"App"},{"contents":[{"Left":"Algebra.Bundles.Monoid._≈_"},[]],"tag":"App"}]],"tag":"App"}]],"tag":"App"}],"tag":"Pi"}],"tag":"Pi"}],"tag":"Pi"}],"tag":"Pi"},"simplified":{"contents":[{"item":{"contents":[{"Left":"Agda.Primitive.Level"},[]],"tag":"App"},"name":"a"},{"contents":[{"item":{"contents":[{"Left":"Agda.Primitive.Level"},[]],"tag":"App"},"name":"ℓ"},{"contents":[{"item":{"contents":[{"Left":"Algebra.Bundles.CommutativeMonoid"},[{"contents":[{"Right":1},[]],"tag":"App"},{"contents":[{"Right":0},[]],"tag":"App"}]],"tag":"App"},"name":"M"},{"contents":[{"item":{"contents":[{"Left":"Agda.Builtin.Nat.Nat"},[]],"tag":"App"},"name":"n"},{"contents":[{"Left":"Relation.Binary.Core._Preserves_⟶_"},[{"contents":[{"Right":3},[]],"tag":"App"},{"contents":[{"Right":1},[{"contents":[{"Left":"Algebra.Bundles.CommutativeMonoid.Carrier"},[]],"tag":"App"}]],"tag":"App"},{"contents":[{"Right":3},[]],"tag":"App"},{"contents":[{"Right":1},[{"contents":[{"Left":"Algebra.Bundles.CommutativeMonoid.Carrier"},[]],"tag":"App"}]],"tag":"App"},{"contents":[{"Right":2},[]],"tag":"App"},{"contents":[{"Right":2},[]],"tag":"App"},{"contents":[{"Left":"Algebra.Properties.Monoid.Mult._._×_"},[{"contents":[{"Right":3},[]],"tag":"App"},{"contents":[{"Right":2},[]],"tag":"App"},{"contents":[{"Left":"Algebra.Bundles.CommutativeMonoid.monoid"},[{"contents":[{"Right":3},[]],"tag":"App"},{"contents":[{"Right":2},[]],"tag":"App"},{"contents":[{"Right":1},[]],"tag":"App"}]],"tag":"App"},{"contents":[{"Right":0},[]],"tag":"App"}]],"tag":"App"},{"contents":[{"Right":1},[{"contents":[{"Left":"Algebra.Bundles.CommutativeMonoid._≈_"},[]],"tag":"App"}]],"tag":"App"},{"contents":[{"Right":1},[{"contents":[{"Left":"Algebra.Bundles.CommutativeMonoid._≈_"},[]],"tag":"App"}]],"tag":"App"}]],"tag":"App"}],"tag":"Pi"}],"tag":"Pi"}],"tag":"Pi"}],"tag":"Pi"}}},"name":"Algebra.Properties.CommutativeMonoid.Mult._.×-congʳ"},{"item":{"pretty":"{a ℓ : Agda.Primitive.Level} (M : CommutativeMonoid a ℓ)\n(x\n : Algebra.Bundles.RawMonoid.Carrier\n   (Algebra.Bundles.Monoid.rawMonoid (CommutativeMonoid.monoid M)))\n(m n : ℕ) →\n(CommutativeMonoid.monoid M Algebra.Bundles.Monoid.≈\n (Algebra.Bundles.Monoid.rawMonoid (CommutativeMonoid.monoid M)\n  Algebra.Definitions.RawMonoid.× (m ℕ.+ n))\n x)\n((CommutativeMonoid.monoid M Algebra.Bundles.Monoid.∙\n  (Algebra.Bundles.Monoid.rawMonoid (CommutativeMonoid.monoid M)\n   Algebra.Definitions.RawMonoid.× m)\n  x)\n ((Algebra.Bundles.Monoid.rawMonoid (CommutativeMonoid.monoid M)\n   Algebra.Definitions.RawMonoid.× n)\n  x))","thing":{"normalised":{"contents":[{"item":{"contents":[{"Left":"Agda.Primitive.Level"},[]],"tag":"App"},"name":"a"},{"contents":[{"item":{"contents":[{"Left":"Agda.Primitive.Level"},[]],"tag":"App"},"name":"ℓ"},{"contents":[{"item":{"contents":[{"Left":"Algebra.Bundles.CommutativeMonoid"},[{"contents":[{"Right":1},[]],"tag":"App"},{"contents":[{"Right":0},[]],"tag":"App"}]],"tag":"App"},"name":"M"},{"contents":[{"item":{"contents":[{"Right":0},[{"contents":[{"Left":"Algebra.Bundles.CommutativeMonoid.Carrier"},[]],"tag":"App"}]],"tag":"App"},"name":"x"},{"contents":[{"item":{"contents":[{"Left":"Agda.Builtin.Nat.Nat"},[]],"tag":"App"},"name":"m"},{"contents":[{"item":{"contents":[{"Left":"Agda.Builtin.Nat.Nat"},[]],"tag":"App"},"name":"n"},{"contents":[{"Right":3},[{"contents":[{"Left":"Algebra.Bundles.CommutativeMonoid._≈_"},[]],"tag":"App"},{"contents":[{"Left":"Algebra.Definitions.RawMonoid._×_"},[{"contents":[{"Right":5},[]],"tag":"App"},{"contents":[{"Right":4},[]],"tag":"App"},{"contents":[{"Left":"Algebra.Bundles.Monoid.rawMonoid"},[{"contents":[{"Right":5},[]],"tag":"App"},{"contents":[{"Right":4},[]],"tag":"App"},{"contents":[{"Left":"Algebra.Bundles.CommutativeMonoid.monoid"},[{"contents":[{"Right":5},[]],"tag":"App"},{"contents":[{"Right":4},[]],"tag":"App"},{"contents":[{"Right":3},[]],"tag":"App"}]],"tag":"App"}]],"tag":"App"},{"contents":[{"Left":"Agda.Builtin.Nat._+_"},[{"contents":[{"Right":1},[]],"tag":"App"},{"contents":[{"Right":0},[]],"tag":"App"}]],"tag":"App"},{"contents":[{"Right":2},[]],"tag":"App"}]],"tag":"App"},{"contents":[{"Right":3},[{"contents":[{"Left":"Algebra.Bundles.CommutativeMonoid._∙_"},[]],"tag":"App"},{"contents":[{"Left":"Algebra.Definitions.RawMonoid._×_"},[{"contents":[{"Right":5},[]],"tag":"App"},{"contents":[{"Right":4},[]],"tag":"App"},{"contents":[{"Left":"Algebra.Bundles.Monoid.rawMonoid"},[{"contents":[{"Right":5},[]],"tag":"App"},{"contents":[{"Right":4},[]],"tag":"App"},{"contents":[{"Left":"Algebra.Bundles.CommutativeMonoid.monoid"},[{"contents":[{"Right":5},[]],"tag":"App"},{"contents":[{"Right":4},[]],"tag":"App"},{"contents":[{"Right":3},[]],"tag":"App"}]],"tag":"App"}]],"tag":"App"},{"contents":[{"Right":1},[]],"tag":"App"},{"contents":[{"Right":2},[]],"tag":"App"}]],"tag":"App"},{"contents":[{"Left":"Algebra.Definitions.RawMonoid._×_"},[{"contents":[{"Right":5},[]],"tag":"App"},{"contents":[{"Right":4},[]],"tag":"App"},{"contents":[{"Left":"Algebra.Bundles.Monoid.rawMonoid"},[{"contents":[{"Right":5},[]],"tag":"App"},{"contents":[{"Right":4},[]],"tag":"App"},{"contents":[{"Left":"Algebra.Bundles.CommutativeMonoid.monoid"},[{"contents":[{"Right":5},[]],"tag":"App"},{"contents":[{"Right":4},[]],"tag":"App"},{"contents":[{"Right":3},[]],"tag":"App"}]],"tag":"App"}]],"tag":"App"},{"contents":[{"Right":0},[]],"tag":"App"},{"contents":[{"Right":2},[]],"tag":"App"}]],"tag":"App"}]],"tag":"App"}]],"tag":"App"}],"tag":"Pi"}],"tag":"Pi"}],"tag":"Pi"}],"tag":"Pi"}],"tag":"Pi"}],"tag":"Pi"},"original":{"contents":[{"item":{"contents":[{"Left":"Agda.Primitive.Level"},[]],"tag":"App"},"name":"a"},{"contents":[{"item":{"contents":[{"Left":"Agda.Primitive.Level"},[]],"tag":"App"},"name":"ℓ"},{"contents":[{"item":{"contents":[{"Left":"Algebra.Bundles.CommutativeMonoid"},[{"contents":[{"Right":1},[]],"tag":"App"},{"contents":[{"Right":0},[]],"tag":"App"}]],"tag":"App"},"name":"M"},{"contents":[{"item":{"contents":[{"Left":"Algebra.Bundles.Monoid.rawMonoid"},[{"contents":[{"Right":2},[]],"tag":"App"},{"contents":[{"Right":1},[]],"tag":"App"},{"contents":[{"Left":"Algebra.Bundles.CommutativeMonoid.monoid"},[{"contents":[{"Right":2},[]],"tag":"App"},{"contents":[{"Right":1},[]],"tag":"App"},{"contents":[{"Right":0},[]],"tag":"App"}]],"tag":"App"},{"contents":[{"Left":"Algebra.Bundles.RawMonoid.Carrier"},[]],"tag":"App"}]],"tag":"App"},"name":"x"},{"contents":[{"item":{"contents":[{"Left":"Agda.Builtin.Nat.Nat"},[]],"tag":"App"},"name":"m"},{"contents":[{"item":{"contents":[{"Left":"Agda.Builtin.Nat.Nat"},[]],"tag":"App"},"name":"n"},{"contents":[{"Left":"Algebra.Bundles.CommutativeMonoid.monoid"},[{"contents":[{"Right":5},[]],"tag":"App"},{"contents":[{"Right":4},[]],"tag":"App"},{"contents":[{"Right":3},[]],"tag":"App"},{"contents":[{"Left":"Algebra.Bundles.Monoid._≈_"},[]],"tag":"App"},{"contents":[{"Left":"Algebra.Properties.Monoid.Mult._._×_"},[{"contents":[{"Right":5},[]],"tag":"App"},{"contents":[{"Right":4},[]],"tag":"App"},{"contents":[{"Left":"Algebra.Bundles.CommutativeMonoid.monoid"},[{"contents":[{"Right":5},[]],"tag":"App"},{"contents":[{"Right":4},[]],"tag":"App"},{"contents":[{"Right":3},[]],"tag":"App"}]],"tag":"App"},{"contents":[{"Left":"Agda.Builtin.Nat._+_"},[{"contents":[{"Right":1},[]],"tag":"App"},{"contents":[{"Right":0},[]],"tag":"App"}]],"tag":"App"},{"contents":[{"Right":2},[]],"tag":"App"}]],"tag":"App"},{"contents":[{"Left":"Algebra.Bundles.CommutativeMonoid.monoid"},[{"contents":[{"Right":5},[]],"tag":"App"},{"contents":[{"Right":4},[]],"tag":"App"},{"contents":[{"Right":3},[]],"tag":"App"},{"contents":[{"Left":"Algebra.Bundles.Monoid._∙_"},[]],"tag":"App"},{"contents":[{"Left":"Algebra.Properties.Monoid.Mult._._×_"},[{"contents":[{"Right":5},[]],"tag":"App"},{"contents":[{"Right":4},[]],"tag":"App"},{"contents":[{"Left":"Algebra.Bundles.CommutativeMonoid.monoid"},[{"contents":[{"Right":5},[]],"tag":"App"},{"contents":[{"Right":4},[]],"tag":"App"},{"contents":[{"Right":3},[]],"tag":"App"}]],"tag":"App"},{"contents":[{"Right":1},[]],"tag":"App"},{"contents":[{"Right":2},[]],"tag":"App"}]],"tag":"App"},{"contents":[{"Left":"Algebra.Properties.Monoid.Mult._._×_"},[{"contents":[{"Right":5},[]],"tag":"App"},{"contents":[{"Right":4},[]],"tag":"App"},{"contents":[{"Left":"Algebra.Bundles.CommutativeMonoid.monoid"},[{"contents":[{"Right":5},[]],"tag":"App"},{"contents":[{"Right":4},[]],"tag":"App"},{"contents":[{"Right":3},[]],"tag":"App"}]],"tag":"App"},{"contents":[{"Right":0},[]],"tag":"App"},{"contents":[{"Right":2},[]],"tag":"App"}]],"tag":"App"}]],"tag":"App"}]],"tag":"App"}],"tag":"Pi"}],"tag":"Pi"}],"tag":"Pi"}],"tag":"Pi"}],"tag":"Pi"}],"tag":"Pi"},"reduced":{"contents":[{"item":{"contents":[{"Left":"Agda.Primitive.Level"},[]],"tag":"App"},"name":"a"},{"contents":[{"item":{"contents":[{"Left":"Agda.Primitive.Level"},[]],"tag":"App"},"name":"ℓ"},{"contents":[{"item":{"contents":[{"Left":"Algebra.Bundles.CommutativeMonoid"},[{"contents":[{"Right":1},[]],"tag":"App"},{"contents":[{"Right":0},[]],"tag":"App"}]],"tag":"App"},"name":"M"},{"contents":[{"item":{"contents":[{"Left":"Algebra.Bundles.Monoid.rawMonoid"},[{"contents":[{"Right":2},[]],"tag":"App"},{"contents":[{"Right":1},[]],"tag":"App"},{"contents":[{"Left":"Algebra.Bundles.CommutativeMonoid.monoid"},[{"contents":[{"Right":2},[]],"tag":"App"},{"contents":[{"Right":1},[]],"tag":"App"},{"contents":[{"Right":0},[]],"tag":"App"}]],"tag":"App"},{"contents":[{"Left":"Algebra.Bundles.RawMonoid.Carrier"},[]],"tag":"App"}]],"tag":"App"},"name":"x"},{"contents":[{"item":{"contents":[{"Left":"Agda.Builtin.Nat.Nat"},[]],"tag":"App"},"name":"m"},{"contents":[{"item":{"contents":[{"Left":"Agda.Builtin.Nat.Nat"},[]],"tag":"App"},"name":"n"},{"contents":[{"Left":"Algebra.Bundles.CommutativeMonoid.monoid"},[{"contents":[{"Right":5},[]],"tag":"App"},{"contents":[{"Right":4},[]],"tag":"App"},{"contents":[{"Right":3},[]],"tag":"App"},{"contents":[{"Left":"Algebra.Bundles.Monoid._≈_"},[]],"tag":"App"},{"contents":[{"Left":"Algebra.Properties.Monoid.Mult._._×_"},[{"contents":[{"Right":5},[]],"tag":"App"},{"contents":[{"Right":4},[]],"tag":"App"},{"contents":[{"Left":"Algebra.Bundles.CommutativeMonoid.monoid"},[{"contents":[{"Right":5},[]],"tag":"App"},{"contents":[{"Right":4},[]],"tag":"App"},{"contents":[{"Right":3},[]],"tag":"App"}]],"tag":"App"},{"contents":[{"Left":"Agda.Builtin.Nat._+_"},[{"contents":[{"Right":1},[]],"tag":"App"},{"contents":[{"Right":0},[]],"tag":"App"}]],"tag":"App"},{"contents":[{"Right":2},[]],"tag":"App"}]],"tag":"App"},{"contents":[{"Left":"Algebra.Bundles.CommutativeMonoid.monoid"},[{"contents":[{"Right":5},[]],"tag":"App"},{"contents":[{"Right":4},[]],"tag":"App"},{"contents":[{"Right":3},[]],"tag":"App"},{"contents":[{"Left":"Algebra.Bundles.Monoid._∙_"},[]],"tag":"App"},{"contents":[{"Left":"Algebra.Properties.Monoid.Mult._._×_"},[{"contents":[{"Right":5},[]],"tag":"App"},{"contents":[{"Right":4},[]],"tag":"App"},{"contents":[{"Left":"Algebra.Bundles.CommutativeMonoid.monoid"},[{"contents":[{"Right":5},[]],"tag":"App"},{"contents":[{"Right":4},[]],"tag":"App"},{"contents":[{"Right":3},[]],"tag":"App"}]],"tag":"App"},{"contents":[{"Right":1},[]],"tag":"App"},{"contents":[{"Right":2},[]],"tag":"App"}]],"tag":"App"},{"contents":[{"Left":"Algebra.Properties.Monoid.Mult._._×_"},[{"contents":[{"Right":5},[]],"tag":"App"},{"contents":[{"Right":4},[]],"tag":"App"},{"contents":[{"Left":"Algebra.Bundles.CommutativeMonoid.monoid"},[{"contents":[{"Right":5},[]],"tag":"App"},{"contents":[{"Right":4},[]],"tag":"App"},{"contents":[{"Right":3},[]],"tag":"App"}]],"tag":"App"},{"contents":[{"Right":0},[]],"tag":"App"},{"contents":[{"Right":2},[]],"tag":"App"}]],"tag":"App"}]],"tag":"App"}]],"tag":"App"}],"tag":"Pi"}],"tag":"Pi"}],"tag":"Pi"}],"tag":"Pi"}],"tag":"Pi"}],"tag":"Pi"},"simplified":{"contents":[{"item":{"contents":[{"Left":"Agda.Primitive.Level"},[]],"tag":"App"},"name":"a"},{"contents":[{"item":{"contents":[{"Left":"Agda.Primitive.Level"},[]],"tag":"App"},"name":"ℓ"},{"contents":[{"item":{"contents":[{"Left":"Algebra.Bundles.CommutativeMonoid"},[{"contents":[{"Right":1},[]],"tag":"App"},{"contents":[{"Right":0},[]],"tag":"App"}]],"tag":"App"},"name":"M"},{"contents":[{"item":{"contents":[{"Right":0},[{"contents":[{"Left":"Algebra.Bundles.CommutativeMonoid.Carrier"},[]],"tag":"App"}]],"tag":"App"},"name":"x"},{"contents":[{"item":{"contents":[{"Left":"Agda.Builtin.Nat.Nat"},[]],"tag":"App"},"name":"m"},{"contents":[{"item":{"contents":[{"Left":"Agda.Builtin.Nat.Nat"},[]],"tag":"App"},"name":"n"},{"contents":[{"Right":3},[{"contents":[{"Left":"Algebra.Bundles.CommutativeMonoid._≈_"},[]],"tag":"App"},{"contents":[{"Left":"Algebra.Properties.Monoid.Mult._._×_"},[{"contents":[{"Right":5},[]],"tag":"App"},{"contents":[{"Right":4},[]],"tag":"App"},{"contents":[{"Left":"Algebra.Bundles.CommutativeMonoid.monoid"},[{"contents":[{"Right":5},[]],"tag":"App"},{"contents":[{"Right":4},[]],"tag":"App"},{"contents":[{"Right":3},[]],"tag":"App"}]],"tag":"App"},{"contents":[{"Left":"Agda.Builtin.Nat._+_"},[{"contents":[{"Right":1},[]],"tag":"App"},{"contents":[{"Right":0},[]],"tag":"App"}]],"tag":"App"},{"contents":[{"Right":2},[]],"tag":"App"}]],"tag":"App"},{"contents":[{"Right":3},[{"contents":[{"Left":"Algebra.Bundles.CommutativeMonoid._∙_"},[]],"tag":"App"},{"contents":[{"Left":"Algebra.Properties.Monoid.Mult._._×_"},[{"contents":[{"Right":5},[]],"tag":"App"},{"contents":[{"Right":4},[]],"tag":"App"},{"contents":[{"Left":"Algebra.Bundles.CommutativeMonoid.monoid"},[{"contents":[{"Right":5},[]],"tag":"App"},{"contents":[{"Right":4},[]],"tag":"App"},{"contents":[{"Right":3},[]],"tag":"App"}]],"tag":"App"},{"contents":[{"Right":1},[]],"tag":"App"},{"contents":[{"Right":2},[]],"tag":"App"}]],"tag":"App"},{"contents":[{"Left":"Algebra.Properties.Monoid.Mult._._×_"},[{"contents":[{"Right":5},[]],"tag":"App"},{"contents":[{"Right":4},[]],"tag":"App"},{"contents":[{"Left":"Algebra.Bundles.CommutativeMonoid.monoid"},[{"contents":[{"Right":5},[]],"tag":"App"},{"contents":[{"Right":4},[]],"tag":"App"},{"contents":[{"Right":3},[]],"tag":"App"}]],"tag":"App"},{"contents":[{"Right":0},[]],"tag":"App"},{"contents":[{"Right":2},[]],"tag":"App"}]],"tag":"App"}]],"tag":"App"}]],"tag":"App"}],"tag":"Pi"}],"tag":"Pi"}],"tag":"Pi"}],"tag":"Pi"}],"tag":"Pi"}],"tag":"Pi"}}},"name":"Algebra.Properties.CommutativeMonoid.Mult._.×-homo-+"},{"item":{"pretty":"{a ℓ : Agda.Primitive.Level} (M : CommutativeMonoid a ℓ)\n{c : Algebra.Bundles.Monoid.Carrier (CommutativeMonoid.monoid M)} →\n(Algebra.Bundles.Monoid._≈_ (CommutativeMonoid.monoid M)\n Algebra.Definitions.IdempotentOn\n Algebra.Bundles.Monoid._∙_ (CommutativeMonoid.monoid M))\nc →\n(n : ℕ) .⦃ _ : ℕ.NonZero n ⦄ →\n(CommutativeMonoid.monoid M Algebra.Bundles.Monoid.≈\n (Algebra.Bundles.Monoid.rawMonoid (CommutativeMonoid.monoid M)\n  Algebra.Definitions.RawMonoid.× n)\n c)\nc","thing":{"normalised":{"contents":[{"item":{"contents":[{"Left":"Agda.Primitive.Level"},[]],"tag":"App"},"name":"a"},{"contents":[{"item":{"contents":[{"Left":"Agda.Primitive.Level"},[]],"tag":"App"},"name":"ℓ"},{"contents":[{"item":{"contents":[{"Left":"Algebra.Bundles.CommutativeMonoid"},[{"contents":[{"Right":1},[]],"tag":"App"},{"contents":[{"Right":0},[]],"tag":"App"}]],"tag":"App"},"name":"M"},{"contents":[{"item":{"contents":[{"Right":0},[{"contents":[{"Left":"Algebra.Bundles.CommutativeMonoid.Carrier"},[]],"tag":"App"}]],"tag":"App"},"name":"c"},{"contents":[{"item":{"contents":[{"Right":1},[{"contents":[{"Left":"Algebra.Bundles.CommutativeMonoid._≈_"},[]],"tag":"App"},{"contents":[{"Right":1},[{"contents":[{"Left":"Algebra.Bundles.CommutativeMonoid._∙_"},[]],"tag":"App"},{"contents":[{"Right":0},[]],"tag":"App"},{"contents":[{"Right":0},[]],"tag":"App"}]],"tag":"App"},{"contents":[{"Right":0},[]],"tag":"App"}]],"tag":"App"},"name":"_"},{"contents":[{"item":{"contents":[{"Left":"Agda.Builtin.Nat.Nat"},[]],"tag":"App"},"name":"n"},{"contents":[{"item":{"contents":[{"Left":"Data.Nat.Base.NonZero"},[{"contents":[{"Right":0},[]],"tag":"App"}]],"tag":"App"},"name":"_"},{"contents":[{"Right":2},[{"contents":[{"Left":"Algebra.Bundles.CommutativeMonoid._≈_"},[]],"tag":"App"},{"contents":[{"Left":"Algebra.Definitions.RawMonoid._×_"},[{"contents":[{"Right":4},[]],"tag":"App"},{"contents":[{"Right":3},[]],"tag":"App"},{"contents":[{"Left":"Algebra.Bundles.Monoid.rawMonoid"},[{"contents":[{"Right":4},[]],"tag":"App"},{"contents":[{"Right":3},[]],"tag":"App"},{"contents":[{"Left":"Algebra.Bundles.CommutativeMonoid.monoid"},[{"contents":[{"Right":4},[]],"tag":"App"},{"contents":[{"Right":3},[]],"tag":"App"},{"contents":[{"Right":2},[]],"tag":"App"}]],"tag":"App"}]],"tag":"App"},{"contents":[{"Right":0},[]],"tag":"App"},{"contents":[{"Right":1},[]],"tag":"App"}]],"tag":"App"},{"contents":[{"Right":1},[]],"tag":"App"}]],"tag":"App"}],"tag":"Pi"}],"tag":"Pi"}],"tag":"Pi"}],"tag":"Pi"}],"tag":"Pi"}],"tag":"Pi"}],"tag":"Pi"},"original":{"contents":[{"item":{"contents":[{"Left":"Agda.Primitive.Level"},[]],"tag":"App"},"name":"a"},{"contents":[{"item":{"contents":[{"Left":"Agda.Primitive.Level"},[]],"tag":"App"},"name":"ℓ"},{"contents":[{"item":{"contents":[{"Left":"Algebra.Bundles.CommutativeMonoid"},[{"contents":[{"Right":1},[]],"tag":"App"},{"contents":[{"Right":0},[]],"tag":"App"}]],"tag":"App"},"name":"M"},{"contents":[{"item":{"contents":[{"Left":"Algebra.Bundles.CommutativeMonoid.monoid"},[{"contents":[{"Right":2},[]],"tag":"App"},{"contents":[{"Right":1},[]],"tag":"App"},{"contents":[{"Right":0},[]],"tag":"App"},{"contents":[{"Left":"Algebra.Bundles.Monoid.Carrier"},[]],"tag":"App"}]],"tag":"App"},"name":"c"},{"contents":[{"item":{"contents":[{"Left":"Algebra.Properties.Monoid.Mult._._IdempotentOn_"},[{"contents":[{"Right":3},[]],"tag":"App"},{"contents":[{"Right":2},[]],"tag":"App"},{"contents":[{"Left":"Algebra.Bundles.CommutativeMonoid.monoid"},[{"contents":[{"Right":3},[]],"tag":"App"},{"contents":[{"Right":2},[]],"tag":"App"},{"contents":[{"Right":1},[]],"tag":"App"}]],"tag":"App"},{"contents":[{"Left":"Algebra.Bundles.CommutativeMonoid.monoid"},[{"contents":[{"Right":3},[]],"tag":"App"},{"contents":[{"Right":2},[]],"tag":"App"},{"contents":[{"Right":1},[]],"tag":"App"},{"contents":[{"Left":"Algebra.Bundles.Monoid._∙_"},[]],"tag":"App"}]],"tag":"App"},{"contents":[{"Right":0},[]],"tag":"App"}]],"tag":"App"},"name":"_"},{"contents":[{"item":{"contents":[{"Left":"Agda.Builtin.Nat.Nat"},[]],"tag":"App"},"name":"n"},{"contents":[{"item":{"contents":[{"Left":"Data.Nat.Base.NonZero"},[{"contents":[{"Right":0},[]],"tag":"App"}]],"tag":"App"},"name":"_"},{"contents":[{"Left":"Algebra.Bundles.CommutativeMonoid.monoid"},[{"contents":[{"Right":4},[]],"tag":"App"},{"contents":[{"Right":3},[]],"tag":"App"},{"contents":[{"Right":2},[]],"tag":"App"},{"contents":[{"Left":"Algebra.Bundles.Monoid._≈_"},[]],"tag":"App"},{"contents":[{"Left":"Algebra.Properties.Monoid.Mult._._×_"},[{"contents":[{"Right":4},[]],"tag":"App"},{"contents":[{"Right":3},[]],"tag":"App"},{"contents":[{"Left":"Algebra.Bundles.CommutativeMonoid.monoid"},[{"contents":[{"Right":4},[]],"tag":"App"},{"contents":[{"Right":3},[]],"tag":"App"},{"contents":[{"Right":2},[]],"tag":"App"}]],"tag":"App"},{"contents":[{"Right":0},[]],"tag":"App"},{"contents":[{"Right":1},[]],"tag":"App"}]],"tag":"App"},{"contents":[{"Right":1},[]],"tag":"App"}]],"tag":"App"}],"tag":"Pi"}],"tag":"Pi"}],"tag":"Pi"}],"tag":"Pi"}],"tag":"Pi"}],"tag":"Pi"}],"tag":"Pi"},"reduced":{"contents":[{"item":{"contents":[{"Left":"Agda.Primitive.Level"},[]],"tag":"App"},"name":"a"},{"contents":[{"item":{"contents":[{"Left":"Agda.Primitive.Level"},[]],"tag":"App"},"name":"ℓ"},{"contents":[{"item":{"contents":[{"Left":"Algebra.Bundles.CommutativeMonoid"},[{"contents":[{"Right":1},[]],"tag":"App"},{"contents":[{"Right":0},[]],"tag":"App"}]],"tag":"App"},"name":"M"},{"contents":[{"item":{"contents":[{"Left":"Algebra.Bundles.CommutativeMonoid.monoid"},[{"contents":[{"Right":2},[]],"tag":"App"},{"contents":[{"Right":1},[]],"tag":"App"},{"contents":[{"Right":0},[]],"tag":"App"},{"contents":[{"Left":"Algebra.Bundles.Monoid.Carrier"},[]],"tag":"App"}]],"tag":"App"},"name":"c"},{"contents":[{"item":{"contents":[{"Left":"Algebra.Properties.Monoid.Mult._._IdempotentOn_"},[{"contents":[{"Right":3},[]],"tag":"App"},{"contents":[{"Right":2},[]],"tag":"App"},{"contents":[{"Left":"Algebra.Bundles.CommutativeMonoid.monoid"},[{"contents":[{"Right":3},[]],"tag":"App"},{"contents":[{"Right":2},[]],"tag":"App"},{"contents":[{"Right":1},[]],"tag":"App"}]],"tag":"App"},{"contents":[{"Left":"Algebra.Bundles.CommutativeMonoid.monoid"},[{"contents":[{"Right":3},[]],"tag":"App"},{"contents":[{"Right":2},[]],"tag":"App"},{"contents":[{"Right":1},[]],"tag":"App"},{"contents":[{"Left":"Algebra.Bundles.Monoid._∙_"},[]],"tag":"App"}]],"tag":"App"},{"contents":[{"Right":0},[]],"tag":"App"}]],"tag":"App"},"name":"_"},{"contents":[{"item":{"contents":[{"Left":"Agda.Builtin.Nat.Nat"},[]],"tag":"App"},"name":"n"},{"contents":[{"item":{"contents":[{"Left":"Data.Nat.Base.NonZero"},[{"contents":[{"Right":0},[]],"tag":"App"}]],"tag":"App"},"name":"_"},{"contents":[{"Left":"Algebra.Bundles.CommutativeMonoid.monoid"},[{"contents":[{"Right":4},[]],"tag":"App"},{"contents":[{"Right":3},[]],"tag":"App"},{"contents":[{"Right":2},[]],"tag":"App"},{"contents":[{"Left":"Algebra.Bundles.Monoid._≈_"},[]],"tag":"App"},{"contents":[{"Left":"Algebra.Properties.Monoid.Mult._._×_"},[{"contents":[{"Right":4},[]],"tag":"App"},{"contents":[{"Right":3},[]],"tag":"App"},{"contents":[{"Left":"Algebra.Bundles.CommutativeMonoid.monoid"},[{"contents":[{"Right":4},[]],"tag":"App"},{"contents":[{"Right":3},[]],"tag":"App"},{"contents":[{"Right":2},[]],"tag":"App"}]],"tag":"App"},{"contents":[{"Right":0},[]],"tag":"App"},{"contents":[{"Right":1},[]],"tag":"App"}]],"tag":"App"},{"contents":[{"Right":1},[]],"tag":"App"}]],"tag":"App"}],"tag":"Pi"}],"tag":"Pi"}],"tag":"Pi"}],"tag":"Pi"}],"tag":"Pi"}],"tag":"Pi"}],"tag":"Pi"},"simplified":{"contents":[{"item":{"contents":[{"Left":"Agda.Primitive.Level"},[]],"tag":"App"},"name":"a"},{"contents":[{"item":{"contents":[{"Left":"Agda.Primitive.Level"},[]],"tag":"App"},"name":"ℓ"},{"contents":[{"item":{"contents":[{"Left":"Algebra.Bundles.CommutativeMonoid"},[{"contents":[{"Right":1},[]],"tag":"App"},{"contents":[{"Right":0},[]],"tag":"App"}]],"tag":"App"},"name":"M"},{"contents":[{"item":{"contents":[{"Right":0},[{"contents":[{"Left":"Algebra.Bundles.CommutativeMonoid.Carrier"},[]],"tag":"App"}]],"tag":"App"},"name":"c"},{"contents":[{"item":{"contents":[{"Left":"Algebra.Properties.Monoid.Mult._._IdempotentOn_"},[{"contents":[{"Right":3},[]],"tag":"App"},{"contents":[{"Right":2},[]],"tag":"App"},{"contents":[{"Left":"Algebra.Bundles.CommutativeMonoid.monoid"},[{"contents":[{"Right":3},[]],"tag":"App"},{"contents":[{"Right":2},[]],"tag":"App"},{"contents":[{"Right":1},[]],"tag":"App"}]],"tag":"App"},{"contents":[{"Right":1},[{"contents":[{"Left":"Algebra.Bundles.CommutativeMonoid._∙_"},[]],"tag":"App"}]],"tag":"App"},{"contents":[{"Right":0},[]],"tag":"App"}]],"tag":"App"},"name":"_"},{"contents":[{"item":{"contents":[{"Left":"Agda.Builtin.Nat.Nat"},[]],"tag":"App"},"name":"n"},{"contents":[{"item":{"contents":[{"Left":"Data.Nat.Base.NonZero"},[{"contents":[{"Right":0},[]],"tag":"App"}]],"tag":"App"},"name":"_"},{"contents":[{"Right":2},[{"contents":[{"Left":"Algebra.Bundles.CommutativeMonoid._≈_"},[]],"tag":"App"},{"contents":[{"Left":"Algebra.Properties.Monoid.Mult._._×_"},[{"contents":[{"Right":4},[]],"tag":"App"},{"contents":[{"Right":3},[]],"tag":"App"},{"contents":[{"Left":"Algebra.Bundles.CommutativeMonoid.monoid"},[{"contents":[{"Right":4},[]],"tag":"App"},{"contents":[{"Right":3},[]],"tag":"App"},{"contents":[{"Right":2},[]],"tag":"App"}]],"tag":"App"},{"contents":[{"Right":0},[]],"tag":"App"},{"contents":[{"Right":1},[]],"tag":"App"}]],"tag":"App"},{"contents":[{"Right":1},[]],"tag":"App"}]],"tag":"App"}],"tag":"Pi"}],"tag":"Pi"}],"tag":"Pi"}],"tag":"Pi"}],"tag":"Pi"}],"tag":"Pi"}],"tag":"Pi"}}},"name":"Algebra.Properties.CommutativeMonoid.Mult._.×-idem"},{"item":{"pretty":"{a ℓ : Agda.Primitive.Level} (M : CommutativeMonoid a ℓ)\n(x y : CommutativeMonoid.Carrier M) (n : ℕ) →\n(M CommutativeMonoid.≈ (M × n) ((M CommutativeMonoid.∙ x) y))\n((M CommutativeMonoid.∙ (M × n) x) ((M × n) y))","thing":{"normalised":{"contents":[{"item":{"contents":[{"Left":"Agda.Primitive.Level"},[]],"tag":"App"},"name":"a"},{"contents":[{"item":{"contents":[{"Left":"Agda.Primitive.Level"},[]],"tag":"App"},"name":"ℓ"},{"contents":[{"item":{"contents":[{"Left":"Algebra.Bundles.CommutativeMonoid"},[{"contents":[{"Right":1},[]],"tag":"App"},{"contents":[{"Right":0},[]],"tag":"App"}]],"tag":"App"},"name":"M"},{"contents":[{"item":{"contents":[{"Right":0},[{"contents":[{"Left":"Algebra.Bundles.CommutativeMonoid.Carrier"},[]],"tag":"App"}]],"tag":"App"},"name":"x"},{"contents":[{"item":{"contents":[{"Right":1},[{"contents":[{"Left":"Algebra.Bundles.CommutativeMonoid.Carrier"},[]],"tag":"App"}]],"tag":"App"},"name":"y"},{"contents":[{"item":{"contents":[{"Left":"Agda.Builtin.Nat.Nat"},[]],"tag":"App"},"name":"n"},{"contents":[{"Right":3},[{"contents":[{"Left":"Algebra.Bundles.CommutativeMonoid._≈_"},[]],"tag":"App"},{"contents":[{"Left":"Algebra.Definitions.RawMonoid._×_"},[{"contents":[{"Right":5},[]],"tag":"App"},{"contents":[{"Right":4},[]],"tag":"App"},{"contents":[{"Left":"Algebra.Bundles.Monoid.rawMonoid"},[{"contents":[{"Right":5},[]],"tag":"App"},{"contents":[{"Right":4},[]],"tag":"App"},{"contents":[{"Left":"Algebra.Bundles.CommutativeMonoid.monoid"},[{"contents":[{"Right":5},[]],"tag":"App"},{"contents":[{"Right":4},[]],"tag":"App"},{"contents":[{"Right":3},[]],"tag":"App"}]],"tag":"App"}]],"tag":"App"},{"contents":[{"Right":0},[]],"tag":"App"},{"contents":[{"Right":3},[{"contents":[{"Left":"Algebra.Bundles.CommutativeMonoid._∙_"},[]],"tag":"App"},{"contents":[{"Right":2},[]],"tag":"App"},{"contents":[{"Right":1},[]],"tag":"App"}]],"tag":"App"}]],"tag":"App"},{"contents":[{"Right":3},[{"contents":[{"Left":"Algebra.Bundles.CommutativeMonoid._∙_"},[]],"tag":"App"},{"contents":[{"Left":"Algebra.Definitions.RawMonoid._×_"},[{"contents":[{"Right":5},[]],"tag":"App"},{"contents":[{"Right":4},[]],"tag":"App"},{"contents":[{"Left":"Algebra.Bundles.Monoid.rawMonoid"},[{"contents":[{"Right":5},[]],"tag":"App"},{"contents":[{"Right":4},[]],"tag":"App"},{"contents":[{"Left":"Algebra.Bundles.CommutativeMonoid.monoid"},[{"contents":[{"Right":5},[]],"tag":"App"},{"contents":[{"Right":4},[]],"tag":"App"},{"contents":[{"Right":3},[]],"tag":"App"}]],"tag":"App"}]],"tag":"App"},{"contents":[{"Right":0},[]],"tag":"App"},{"contents":[{"Right":2},[]],"tag":"App"}]],"tag":"App"},{"contents":[{"Left":"Algebra.Definitions.RawMonoid._×_"},[{"contents":[{"Right":5},[]],"tag":"App"},{"contents":[{"Right":4},[]],"tag":"App"},{"contents":[{"Left":"Algebra.Bundles.Monoid.rawMonoid"},[{"contents":[{"Right":5},[]],"tag":"App"},{"contents":[{"Right":4},[]],"tag":"App"},{"contents":[{"Left":"Algebra.Bundles.CommutativeMonoid.monoid"},[{"contents":[{"Right":5},[]],"tag":"App"},{"contents":[{"Right":4},[]],"tag":"App"},{"contents":[{"Right":3},[]],"tag":"App"}]],"tag":"App"}]],"tag":"App"},{"contents":[{"Right":0},[]],"tag":"App"},{"contents":[{"Right":1},[]],"tag":"App"}]],"tag":"App"}]],"tag":"App"}]],"tag":"App"}],"tag":"Pi"}],"tag":"Pi"}],"tag":"Pi"}],"tag":"Pi"}],"tag":"Pi"}],"tag":"Pi"},"original":{"contents":[{"item":{"contents":[{"Left":"Agda.Primitive.Level"},[]],"tag":"App"},"name":"a"},{"contents":[{"item":{"contents":[{"Left":"Agda.Primitive.Level"},[]],"tag":"App"},"name":"ℓ"},{"contents":[{"item":{"contents":[{"Left":"Algebra.Bundles.CommutativeMonoid"},[{"contents":[{"Right":1},[]],"tag":"App"},{"contents":[{"Right":0},[]],"tag":"App"}]],"tag":"App"},"name":"M"},{"contents":[{"item":{"contents":[{"Right":0},[{"contents":[{"Left":"Algebra.Bundles.CommutativeMonoid.Carrier"},[]],"tag":"App"}]],"tag":"App"},"name":"x"},{"contents":[{"item":{"contents":[{"Right":1},[{"contents":[{"Left":"Algebra.Bundles.CommutativeMonoid.Carrier"},[]],"tag":"App"}]],"tag":"App"},"name":"y"},{"contents":[{"item":{"contents":[{"Left":"Agda.Builtin.Nat.Nat"},[]],"tag":"App"},"name":"n"},{"contents":[{"Right":3},[{"contents":[{"Left":"Algebra.Bundles.CommutativeMonoid._≈_"},[]],"tag":"App"},{"contents":[{"Left":"Algebra.Properties.CommutativeMonoid.Mult._._×_"},[{"contents":[{"Right":5},[]],"tag":"App"},{"contents":[{"Right":4},[]],"tag":"App"},{"contents":[{"Right":3},[]],"tag":"App"},{"contents":[{"Right":0},[]],"tag":"App"},{"contents":[{"Right":3},[{"contents":[{"Left":"Algebra.Bundles.CommutativeMonoid._∙_"},[]],"tag":"App"},{"contents":[{"Right":2},[]],"tag":"App"},{"contents":[{"Right":1},[]],"tag":"App"}]],"tag":"App"}]],"tag":"App"},{"contents":[{"Right":3},[{"contents":[{"Left":"Algebra.Bundles.CommutativeMonoid._∙_"},[]],"tag":"App"},{"contents":[{"Left":"Algebra.Properties.CommutativeMonoid.Mult._._×_"},[{"contents":[{"Right":5},[]],"tag":"App"},{"contents":[{"Right":4},[]],"tag":"App"},{"contents":[{"Right":3},[]],"tag":"App"},{"contents":[{"Right":0},[]],"tag":"App"},{"contents":[{"Right":2},[]],"tag":"App"}]],"tag":"App"},{"contents":[{"Left":"Algebra.Properties.CommutativeMonoid.Mult._._×_"},[{"contents":[{"Right":5},[]],"tag":"App"},{"contents":[{"Right":4},[]],"tag":"App"},{"contents":[{"Right":3},[]],"tag":"App"},{"contents":[{"Right":0},[]],"tag":"App"},{"contents":[{"Right":1},[]],"tag":"App"}]],"tag":"App"}]],"tag":"App"}]],"tag":"App"}],"tag":"Pi"}],"tag":"Pi"}],"tag":"Pi"}],"tag":"Pi"}],"tag":"Pi"}],"tag":"Pi"},"reduced":{"contents":[{"item":{"contents":[{"Left":"Agda.Primitive.Level"},[]],"tag":"App"},"name":"a"},{"contents":[{"item":{"contents":[{"Left":"Agda.Primitive.Level"},[]],"tag":"App"},"name":"ℓ"},{"contents":[{"item":{"contents":[{"Left":"Algebra.Bundles.CommutativeMonoid"},[{"contents":[{"Right":1},[]],"tag":"App"},{"contents":[{"Right":0},[]],"tag":"App"}]],"tag":"App"},"name":"M"},{"contents":[{"item":{"contents":[{"Right":0},[{"contents":[{"Left":"Algebra.Bundles.CommutativeMonoid.Carrier"},[]],"tag":"App"}]],"tag":"App"},"name":"x"},{"contents":[{"item":{"contents":[{"Right":1},[{"contents":[{"Left":"Algebra.Bundles.CommutativeMonoid.Carrier"},[]],"tag":"App"}]],"tag":"App"},"name":"y"},{"contents":[{"item":{"contents":[{"Left":"Agda.Builtin.Nat.Nat"},[]],"tag":"App"},"name":"n"},{"contents":[{"Right":3},[{"contents":[{"Left":"Algebra.Bundles.CommutativeMonoid._≈_"},[]],"tag":"App"},{"contents":[{"Left":"Algebra.Properties.CommutativeMonoid.Mult._._×_"},[{"contents":[{"Right":5},[]],"tag":"App"},{"contents":[{"Right":4},[]],"tag":"App"},{"contents":[{"Right":3},[]],"tag":"App"},{"contents":[{"Right":0},[]],"tag":"App"},{"contents":[{"Right":3},[{"contents":[{"Left":"Algebra.Bundles.CommutativeMonoid._∙_"},[]],"tag":"App"},{"contents":[{"Right":2},[]],"tag":"App"},{"contents":[{"Right":1},[]],"tag":"App"}]],"tag":"App"}]],"tag":"App"},{"contents":[{"Right":3},[{"contents":[{"Left":"Algebra.Bundles.CommutativeMonoid._∙_"},[]],"tag":"App"},{"contents":[{"Left":"Algebra.Properties.CommutativeMonoid.Mult._._×_"},[{"contents":[{"Right":5},[]],"tag":"App"},{"contents":[{"Right":4},[]],"tag":"App"},{"contents":[{"Right":3},[]],"tag":"App"},{"contents":[{"Right":0},[]],"tag":"App"},{"contents":[{"Right":2},[]],"tag":"App"}]],"tag":"App"},{"contents":[{"Left":"Algebra.Properties.CommutativeMonoid.Mult._._×_"},[{"contents":[{"Right":5},[]],"tag":"App"},{"contents":[{"Right":4},[]],"tag":"App"},{"contents":[{"Right":3},[]],"tag":"App"},{"contents":[{"Right":0},[]],"tag":"App"},{"contents":[{"Right":1},[]],"tag":"App"}]],"tag":"App"}]],"tag":"App"}]],"tag":"App"}],"tag":"Pi"}],"tag":"Pi"}],"tag":"Pi"}],"tag":"Pi"}],"tag":"Pi"}],"tag":"Pi"},"simplified":{"contents":[{"item":{"contents":[{"Left":"Agda.Primitive.Level"},[]],"tag":"App"},"name":"a"},{"contents":[{"item":{"contents":[{"Left":"Agda.Primitive.Level"},[]],"tag":"App"},"name":"ℓ"},{"contents":[{"item":{"contents":[{"Left":"Algebra.Bundles.CommutativeMonoid"},[{"contents":[{"Right":1},[]],"tag":"App"},{"contents":[{"Right":0},[]],"tag":"App"}]],"tag":"App"},"name":"M"},{"contents":[{"item":{"contents":[{"Right":0},[{"contents":[{"Left":"Algebra.Bundles.CommutativeMonoid.Carrier"},[]],"tag":"App"}]],"tag":"App"},"name":"x"},{"contents":[{"item":{"contents":[{"Right":1},[{"contents":[{"Left":"Algebra.Bundles.CommutativeMonoid.Carrier"},[]],"tag":"App"}]],"tag":"App"},"name":"y"},{"contents":[{"item":{"contents":[{"Left":"Agda.Builtin.Nat.Nat"},[]],"tag":"App"},"name":"n"},{"contents":[{"Right":3},[{"contents":[{"Left":"Algebra.Bundles.CommutativeMonoid._≈_"},[]],"tag":"App"},{"contents":[{"Left":"Algebra.Properties.CommutativeMonoid.Mult._._×_"},[{"contents":[{"Right":5},[]],"tag":"App"},{"contents":[{"Right":4},[]],"tag":"App"},{"contents":[{"Right":3},[]],"tag":"App"},{"contents":[{"Right":0},[]],"tag":"App"},{"contents":[{"Right":3},[{"contents":[{"Left":"Algebra.Bundles.CommutativeMonoid._∙_"},[]],"tag":"App"},{"contents":[{"Right":2},[]],"tag":"App"},{"contents":[{"Right":1},[]],"tag":"App"}]],"tag":"App"}]],"tag":"App"},{"contents":[{"Right":3},[{"contents":[{"Left":"Algebra.Bundles.CommutativeMonoid._∙_"},[]],"tag":"App"},{"contents":[{"Left":"Algebra.Properties.CommutativeMonoid.Mult._._×_"},[{"contents":[{"Right":5},[]],"tag":"App"},{"contents":[{"Right":4},[]],"tag":"App"},{"contents":[{"Right":3},[]],"tag":"App"},{"contents":[{"Right":0},[]],"tag":"App"},{"contents":[{"Right":2},[]],"tag":"App"}]],"tag":"App"},{"contents":[{"Left":"Algebra.Properties.CommutativeMonoid.Mult._._×_"},[{"contents":[{"Right":5},[]],"tag":"App"},{"contents":[{"Right":4},[]],"tag":"App"},{"contents":[{"Right":3},[]],"tag":"App"},{"contents":[{"Right":0},[]],"tag":"App"},{"contents":[{"Right":1},[]],"tag":"App"}]],"tag":"App"}]],"tag":"App"}]],"tag":"App"}],"tag":"Pi"}],"tag":"Pi"}],"tag":"Pi"}],"tag":"Pi"}],"tag":"Pi"}],"tag":"Pi"}}},"name":"Algebra.Properties.CommutativeMonoid.Mult.×-distrib-+"}],"name":"Algebra.Properties.CommutativeMonoid.Mult"},"samples":[{"ctx":{"pretty":"{a : Agda.Primitive.Level} {ℓ : Agda.Primitive.Level}\n(M : CommutativeMonoid a ℓ) (x : CommutativeMonoid.Carrier M)\n(y : CommutativeMonoid.Carrier M) (n : ℕ)","thing":[{"item":{"contents":[{"Left":"Agda.Primitive.Level"},[]],"tag":"App"},"name":"a"},{"item":{"contents":[{"Left":"Agda.Primitive.Level"},[]],"tag":"App"},"name":"ℓ"},{"item":{"contents":[{"Left":"Algebra.Bundles.CommutativeMonoid"},[{"contents":[{"Right":1},[]],"tag":"App"},{"contents":[{"Right":0},[]],"tag":"App"}]],"tag":"App"},"name":"M"},{"item":{"contents":[{"Right":0},[{"contents":[{"Left":"Algebra.Bundles.CommutativeMonoid.Carrier"},[]],"tag":"App"}]],"tag":"App"},"name":"x"},{"item":{"contents":[{"Right":1},[{"contents":[{"Left":"Algebra.Bundles.CommutativeMonoid.Carrier"},[]],"tag":"App"}]],"tag":"App"},"name":"y"},{"item":{"contents":[{"Left":"Agda.Builtin.Nat.Nat"},[]],"tag":"App"},"name":"n"}]},"goal":{"pretty":"CommutativeMonoid.Carrier M","thing":{"normalised":{"contents":[{"Right":3},[{"contents":[{"Left":"Algebra.Bundles.CommutativeMonoid.Carrier"},[]],"tag":"App"}]],"tag":"App"},"original":{"contents":[{"Right":3},[{"contents":[{"Left":"Algebra.Bundles.CommutativeMonoid.Carrier"},[]],"tag":"App"}]],"tag":"App"},"reduced":{"contents":[{"Right":3},[{"contents":[{"Left":"Algebra.Bundles.CommutativeMonoid.Carrier"},[]],"tag":"App"}]],"tag":"App"},"simplified":{"contents":[{"Right":3},[{"contents":[{"Left":"Algebra.Bundles.CommutativeMonoid.Carrier"},[]],"tag":"App"}]],"tag":"App"}}},"term":{"pretty":"(M × n) ((M CommutativeMonoid.∙ x) y)","thing":{"normalised":{"contents":[{"Left":"Algebra.Definitions.RawMonoid._×_"},[{"contents":[{"Right":5},[]],"tag":"App"},{"contents":[{"Right":4},[]],"tag":"App"},{"contents":[{"Left":"Algebra.Bundles.Monoid.rawMonoid"},[{"contents":[{"Right":5},[]],"tag":"App"},{"contents":[{"Right":4},[]],"tag":"App"},{"contents":[{"Left":"Algebra.Bundles.CommutativeMonoid.monoid"},[{"contents":[{"Right":5},[]],"tag":"App"},{"contents":[{"Right":4},[]],"tag":"App"},{"contents":[{"Right":3},[]],"tag":"App"}]],"tag":"App"}]],"tag":"App"},{"contents":[{"Right":0},[]],"tag":"App"},{"contents":[{"Right":3},[{"contents":[{"Left":"Algebra.Bundles.CommutativeMonoid._∙_"},[]],"tag":"App"},{"contents":[{"Right":2},[]],"tag":"App"},{"contents":[{"Right":1},[]],"tag":"App"}]],"tag":"App"}]],"tag":"App"},"original":{"contents":[{"Left":"Algebra.Properties.CommutativeMonoid.Mult._._×_"},[{"contents":[{"Right":5},[]],"tag":"App"},{"contents":[{"Right":4},[]],"tag":"App"},{"contents":[{"Right":3},[]],"tag":"App"},{"contents":[{"Right":0},[]],"tag":"App"},{"contents":[{"Right":3},[{"contents":[{"Left":"Algebra.Bundles.CommutativeMonoid._∙_"},[]],"tag":"App"},{"contents":[{"Right":2},[]],"tag":"App"},{"contents":[{"Right":1},[]],"tag":"App"}]],"tag":"App"}]],"tag":"App"},"reduced":{"contents":[{"Left":"Algebra.Definitions.RawMonoid._×_"},[{"contents":[{"Right":5},[]],"tag":"App"},{"contents":[{"Right":4},[]],"tag":"App"},{"contents":[{"Left":"Algebra.Bundles.Monoid.rawMonoid"},[{"contents":[{"Right":5},[]],"tag":"App"},{"contents":[{"Right":4},[]],"tag":"App"},{"contents":[{"Left":"Algebra.Bundles.CommutativeMonoid.monoid"},[{"contents":[{"Right":5},[]],"tag":"App"},{"contents":[{"Right":4},[]],"tag":"App"},{"contents":[{"Right":3},[]],"tag":"App"}]],"tag":"App"}]],"tag":"App"},{"contents":[{"Right":0},[]],"tag":"App"},{"contents":[{"Right":3},[{"contents":[{"Left":"Algebra.Bundles.CommutativeMonoid._∙_"},[]],"tag":"App"},{"contents":[{"Right":2},[]],"tag":"App"},{"contents":[{"Right":1},[]],"tag":"App"}]],"tag":"App"}]],"tag":"App"},"simplified":{"contents":[{"Left":"Algebra.Properties.CommutativeMonoid.Mult._._×_"},[{"contents":[{"Right":5},[]],"tag":"App"},{"contents":[{"Right":4},[]],"tag":"App"},{"contents":[{"Right":3},[]],"tag":"App"},{"contents":[{"Right":0},[]],"tag":"App"},{"contents":[{"Right":3},[{"contents":[{"Left":"Algebra.Bundles.CommutativeMonoid._∙_"},[]],"tag":"App"},{"contents":[{"Right":2},[]],"tag":"App"},{"contents":[{"Right":1},[]],"tag":"App"}]],"tag":"App"}]],"tag":"App"}}},"namesUsed":["Algebra.Properties.CommutativeMonoid.Mult._._×_"]},{"ctx":{"pretty":"{a : Agda.Primitive.Level} {ℓ : Agda.Primitive.Level}\n(M₁ : CommutativeMonoid a ℓ) (x₁ : CommutativeMonoid.Carrier M₁)\n(y₁ : CommutativeMonoid.Carrier M₁) (n₁ : ℕ)","thing":[{"item":{"contents":[{"Left":"Agda.Primitive.Level"},[]],"tag":"App"},"name":"a"},{"item":{"contents":[{"Left":"Agda.Primitive.Level"},[]],"tag":"App"},"name":"ℓ"},{"item":{"contents":[{"Left":"Algebra.Bundles.CommutativeMonoid"},[{"contents":[{"Right":1},[]],"tag":"App"},{"contents":[{"Right":0},[]],"tag":"App"}]],"tag":"App"},"name":"M"},{"item":{"contents":[{"Right":0},[{"contents":[{"Left":"Algebra.Bundles.CommutativeMonoid.Carrier"},[]],"tag":"App"}]],"tag":"App"},"name":"x"},{"item":{"contents":[{"Right":1},[{"contents":[{"Left":"Algebra.Bundles.CommutativeMonoid.Carrier"},[]],"tag":"App"}]],"tag":"App"},"name":"y"},{"item":{"contents":[{"Left":"Agda.Builtin.Nat.Nat"},[]],"tag":"App"},"name":"n"}]},"goal":{"pretty":"CommutativeMonoid.Carrier M","thing":{"normalised":{"contents":[{"Right":3},[{"contents":[{"Left":"Algebra.Bundles.CommutativeMonoid.Carrier"},[]],"tag":"App"}]],"tag":"App"},"original":{"contents":[{"Right":3},[{"contents":[{"Left":"Algebra.Bundles.CommutativeMonoid.Carrier"},[]],"tag":"App"}]],"tag":"App"},"reduced":{"contents":[{"Right":3},[{"contents":[{"Left":"Algebra.Bundles.CommutativeMonoid.Carrier"},[]],"tag":"App"}]],"tag":"App"},"simplified":{"contents":[{"Right":3},[{"contents":[{"Left":"Algebra.Bundles.CommutativeMonoid.Carrier"},[]],"tag":"App"}]],"tag":"App"}}},"term":{"pretty":"(M CommutativeMonoid.∙ (M × n) x) ((M × n) y)","thing":{"normalised":{"contents":[{"Right":3},[{"contents":[{"Left":"Algebra.Bundles.CommutativeMonoid._∙_"},[]],"tag":"App"},{"contents":[{"Left":"Algebra.Definitions.RawMonoid._×_"},[{"contents":[{"Right":5},[]],"tag":"App"},{"contents":[{"Right":4},[]],"tag":"App"},{"contents":[{"Left":"Algebra.Bundles.Monoid.rawMonoid"},[{"contents":[{"Right":5},[]],"tag":"App"},{"contents":[{"Right":4},[]],"tag":"App"},{"contents":[{"Left":"Algebra.Bundles.CommutativeMonoid.monoid"},[{"contents":[{"Right":5},[]],"tag":"App"},{"contents":[{"Right":4},[]],"tag":"App"},{"contents":[{"Right":3},[]],"tag":"App"}]],"tag":"App"}]],"tag":"App"},{"contents":[{"Right":0},[]],"tag":"App"},{"contents":[{"Right":2},[]],"tag":"App"}]],"tag":"App"},{"contents":[{"Left":"Algebra.Definitions.RawMonoid._×_"},[{"contents":[{"Right":5},[]],"tag":"App"},{"contents":[{"Right":4},[]],"tag":"App"},{"contents":[{"Left":"Algebra.Bundles.Monoid.rawMonoid"},[{"contents":[{"Right":5},[]],"tag":"App"},{"contents":[{"Right":4},[]],"tag":"App"},{"contents":[{"Left":"Algebra.Bundles.CommutativeMonoid.monoid"},[{"contents":[{"Right":5},[]],"tag":"App"},{"contents":[{"Right":4},[]],"tag":"App"},{"contents":[{"Right":3},[]],"tag":"App"}]],"tag":"App"}]],"tag":"App"},{"contents":[{"Right":0},[]],"tag":"App"},{"contents":[{"Right":1},[]],"tag":"App"}]],"tag":"App"}]],"tag":"App"},"original":{"contents":[{"Right":3},[{"contents":[{"Left":"Algebra.Bundles.CommutativeMonoid._∙_"},[]],"tag":"App"},{"contents":[{"Left":"Algebra.Properties.CommutativeMonoid.Mult._._×_"},[{"contents":[{"Right":5},[]],"tag":"App"},{"contents":[{"Right":4},[]],"tag":"App"},{"contents":[{"Right":3},[]],"tag":"App"},{"contents":[{"Right":0},[]],"tag":"App"},{"contents":[{"Right":2},[]],"tag":"App"}]],"tag":"App"},{"contents":[{"Left":"Algebra.Properties.CommutativeMonoid.Mult._._×_"},[{"contents":[{"Right":5},[]],"tag":"App"},{"contents":[{"Right":4},[]],"tag":"App"},{"contents":[{"Right":3},[]],"tag":"App"},{"contents":[{"Right":0},[]],"tag":"App"},{"contents":[{"Right":1},[]],"tag":"App"}]],"tag":"App"}]],"tag":"App"},"reduced":{"contents":[{"Right":3},[{"contents":[{"Left":"Algebra.Bundles.CommutativeMonoid._∙_"},[]],"tag":"App"},{"contents":[{"Left":"Algebra.Properties.CommutativeMonoid.Mult._._×_"},[{"contents":[{"Right":5},[]],"tag":"App"},{"contents":[{"Right":4},[]],"tag":"App"},{"contents":[{"Right":3},[]],"tag":"App"},{"contents":[{"Right":0},[]],"tag":"App"},{"contents":[{"Right":2},[]],"tag":"App"}]],"tag":"App"},{"contents":[{"Left":"Algebra.Properties.CommutativeMonoid.Mult._._×_"},[{"contents":[{"Right":5},[]],"tag":"App"},{"contents":[{"Right":4},[]],"tag":"App"},{"contents":[{"Right":3},[]],"tag":"App"},{"contents":[{"Right":0},[]],"tag":"App"},{"contents":[{"Right":1},[]],"tag":"App"}]],"tag":"App"}]],"tag":"App"},"simplified":{"contents":[{"Right":3},[{"contents":[{"Left":"Algebra.Bundles.CommutativeMonoid._∙_"},[]],"tag":"App"},{"contents":[{"Left":"Algebra.Properties.CommutativeMonoid.Mult._._×_"},[{"contents":[{"Right":5},[]],"tag":"App"},{"contents":[{"Right":4},[]],"tag":"App"},{"contents":[{"Right":3},[]],"tag":"App"},{"contents":[{"Right":0},[]],"tag":"App"},{"contents":[{"Right":2},[]],"tag":"App"}]],"tag":"App"},{"contents":[{"Left":"Algebra.Properties.CommutativeMonoid.Mult._._×_"},[{"contents":[{"Right":5},[]],"tag":"App"},{"contents":[{"Right":4},[]],"tag":"App"},{"contents":[{"Right":3},[]],"tag":"App"},{"contents":[{"Right":0},[]],"tag":"App"},{"contents":[{"Right":1},[]],"tag":"App"}]],"tag":"App"}]],"tag":"App"}}},"namesUsed":["Algebra.Properties.CommutativeMonoid.Mult._._×_","Algebra.Properties.CommutativeMonoid.Mult._._×_"]},{"ctx":{"pretty":"{a : Agda.Primitive.Level} {ℓ : Agda.Primitive.Level}\n(M₁ : CommutativeMonoid a ℓ) (x₁ : CommutativeMonoid.Carrier M₁)\n(y₁ : CommutativeMonoid.Carrier M₁) (n₁ : ℕ)","thing":[{"item":{"contents":[{"Left":"Agda.Primitive.Level"},[]],"tag":"App"},"name":"a"},{"item":{"contents":[{"Left":"Agda.Primitive.Level"},[]],"tag":"App"},"name":"ℓ"},{"item":{"contents":[{"Left":"Algebra.Bundles.CommutativeMonoid"},[{"contents":[{"Right":1},[]],"tag":"App"},{"contents":[{"Right":0},[]],"tag":"App"}]],"tag":"App"},"name":"M"},{"item":{"contents":[{"Right":0},[{"contents":[{"Left":"Algebra.Bundles.CommutativeMonoid.Carrier"},[]],"tag":"App"}]],"tag":"App"},"name":"x"},{"item":{"contents":[{"Right":1},[{"contents":[{"Left":"Algebra.Bundles.CommutativeMonoid.Carrier"},[]],"tag":"App"}]],"tag":"App"},"name":"y"},{"item":{"contents":[{"Left":"Agda.Builtin.Nat.Nat"},[]],"tag":"App"},"name":"n"}]},"goal":{"pretty":"CommutativeMonoid.Carrier M","thing":{"normalised":{"contents":[{"Right":3},[{"contents":[{"Left":"Algebra.Bundles.CommutativeMonoid.Carrier"},[]],"tag":"App"}]],"tag":"App"},"original":{"contents":[{"Right":3},[{"contents":[{"Left":"Algebra.Bundles.CommutativeMonoid.Carrier"},[]],"tag":"App"}]],"tag":"App"},"reduced":{"contents":[{"Right":3},[{"contents":[{"Left":"Algebra.Bundles.CommutativeMonoid.Carrier"},[]],"tag":"App"}]],"tag":"App"},"simplified":{"contents":[{"Right":3},[{"contents":[{"Left":"Algebra.Bundles.CommutativeMonoid.Carrier"},[]],"tag":"App"}]],"tag":"App"}}},"term":{"pretty":"(M × n) x","thing":{"normalised":{"contents":[{"Left":"Algebra.Definitions.RawMonoid._×_"},[{"contents":[{"Right":5},[]],"tag":"App"},{"contents":[{"Right":4},[]],"tag":"App"},{"contents":[{"Left":"Algebra.Bundles.Monoid.rawMonoid"},[{"contents":[{"Right":5},[]],"tag":"App"},{"contents":[{"Right":4},[]],"tag":"App"},{"contents":[{"Left":"Algebra.Bundles.CommutativeMonoid.monoid"},[{"contents":[{"Right":5},[]],"tag":"App"},{"contents":[{"Right":4},[]],"tag":"App"},{"contents":[{"Right":3},[]],"tag":"App"}]],"tag":"App"}]],"tag":"App"},{"contents":[{"Right":0},[]],"tag":"App"},{"contents":[{"Right":2},[]],"tag":"App"}]],"tag":"App"},"original":{"contents":[{"Left":"Algebra.Properties.CommutativeMonoid.Mult._._×_"},[{"contents":[{"Right":5},[]],"tag":"App"},{"contents":[{"Right":4},[]],"tag":"App"},{"contents":[{"Right":3},[]],"tag":"App"},{"contents":[{"Right":0},[]],"tag":"App"},{"contents":[{"Right":2},[]],"tag":"App"}]],"tag":"App"},"reduced":{"contents":[{"Left":"Algebra.Definitions.RawMonoid._×_"},[{"contents":[{"Right":5},[]],"tag":"App"},{"contents":[{"Right":4},[]],"tag":"App"},{"contents":[{"Left":"Algebra.Bundles.Monoid.rawMonoid"},[{"contents":[{"Right":5},[]],"tag":"App"},{"contents":[{"Right":4},[]],"tag":"App"},{"contents":[{"Left":"Algebra.Bundles.CommutativeMonoid.monoid"},[{"contents":[{"Right":5},[]],"tag":"App"},{"contents":[{"Right":4},[]],"tag":"App"},{"contents":[{"Right":3},[]],"tag":"App"}]],"tag":"App"}]],"tag":"App"},{"contents":[{"Right":0},[]],"tag":"App"},{"contents":[{"Right":2},[]],"tag":"App"}]],"tag":"App"},"simplified":{"contents":[{"Left":"Algebra.Properties.CommutativeMonoid.Mult._._×_"},[{"contents":[{"Right":5},[]],"tag":"App"},{"contents":[{"Right":4},[]],"tag":"App"},{"contents":[{"Right":3},[]],"tag":"App"},{"contents":[{"Right":0},[]],"tag":"App"},{"contents":[{"Right":2},[]],"tag":"App"}]],"tag":"App"}}},"namesUsed":["Algebra.Properties.CommutativeMonoid.Mult._._×_"]},{"ctx":{"pretty":"{a : Agda.Primitive.Level} {ℓ : Agda.Primitive.Level}\n(M₁ : CommutativeMonoid a ℓ) (x₁ : CommutativeMonoid.Carrier M₁)\n(y₁ : CommutativeMonoid.Carrier M₁) (n₁ : ℕ)","thing":[{"item":{"contents":[{"Left":"Agda.Primitive.Level"},[]],"tag":"App"},"name":"a"},{"item":{"contents":[{"Left":"Agda.Primitive.Level"},[]],"tag":"App"},"name":"ℓ"},{"item":{"contents":[{"Left":"Algebra.Bundles.CommutativeMonoid"},[{"contents":[{"Right":1},[]],"tag":"App"},{"contents":[{"Right":0},[]],"tag":"App"}]],"tag":"App"},"name":"M"},{"item":{"contents":[{"Right":0},[{"contents":[{"Left":"Algebra.Bundles.CommutativeMonoid.Carrier"},[]],"tag":"App"}]],"tag":"App"},"name":"x"},{"item":{"contents":[{"Right":1},[{"contents":[{"Left":"Algebra.Bundles.CommutativeMonoid.Carrier"},[]],"tag":"App"}]],"tag":"App"},"name":"y"},{"item":{"contents":[{"Left":"Agda.Builtin.Nat.Nat"},[]],"tag":"App"},"name":"n"}]},"goal":{"pretty":"CommutativeMonoid.Carrier M","thing":{"normalised":{"contents":[{"Right":3},[{"contents":[{"Left":"Algebra.Bundles.CommutativeMonoid.Carrier"},[]],"tag":"App"}]],"tag":"App"},"original":{"contents":[{"Right":3},[{"contents":[{"Left":"Algebra.Bundles.CommutativeMonoid.Carrier"},[]],"tag":"App"}]],"tag":"App"},"reduced":{"contents":[{"Right":3},[{"contents":[{"Left":"Algebra.Bundles.CommutativeMonoid.Carrier"},[]],"tag":"App"}]],"tag":"App"},"simplified":{"contents":[{"Right":3},[{"contents":[{"Left":"Algebra.Bundles.CommutativeMonoid.Carrier"},[]],"tag":"App"}]],"tag":"App"}}},"term":{"pretty":"(M × n) y","thing":{"normalised":{"contents":[{"Left":"Algebra.Definitions.RawMonoid._×_"},[{"contents":[{"Right":5},[]],"tag":"App"},{"contents":[{"Right":4},[]],"tag":"App"},{"contents":[{"Left":"Algebra.Bundles.Monoid.rawMonoid"},[{"contents":[{"Right":5},[]],"tag":"App"},{"contents":[{"Right":4},[]],"tag":"App"},{"contents":[{"Left":"Algebra.Bundles.CommutativeMonoid.monoid"},[{"contents":[{"Right":5},[]],"tag":"App"},{"contents":[{"Right":4},[]],"tag":"App"},{"contents":[{"Right":3},[]],"tag":"App"}]],"tag":"App"}]],"tag":"App"},{"contents":[{"Right":0},[]],"tag":"App"},{"contents":[{"Right":1},[]],"tag":"App"}]],"tag":"App"},"original":{"contents":[{"Left":"Algebra.Properties.CommutativeMonoid.Mult._._×_"},[{"contents":[{"Right":5},[]],"tag":"App"},{"contents":[{"Right":4},[]],"tag":"App"},{"contents":[{"Right":3},[]],"tag":"App"},{"contents":[{"Right":0},[]],"tag":"App"},{"contents":[{"Right":1},[]],"tag":"App"}]],"tag":"App"},"reduced":{"contents":[{"Left":"Algebra.Definitions.RawMonoid._×_"},[{"contents":[{"Right":5},[]],"tag":"App"},{"contents":[{"Right":4},[]],"tag":"App"},{"contents":[{"Left":"Algebra.Bundles.Monoid.rawMonoid"},[{"contents":[{"Right":5},[]],"tag":"App"},{"contents":[{"Right":4},[]],"tag":"App"},{"contents":[{"Left":"Algebra.Bundles.CommutativeMonoid.monoid"},[{"contents":[{"Right":5},[]],"tag":"App"},{"contents":[{"Right":4},[]],"tag":"App"},{"contents":[{"Right":3},[]],"tag":"App"}]],"tag":"App"}]],"tag":"App"},{"contents":[{"Right":0},[]],"tag":"App"},{"contents":[{"Right":1},[]],"tag":"App"}]],"tag":"App"},"simplified":{"contents":[{"Left":"Algebra.Properties.CommutativeMonoid.Mult._._×_"},[{"contents":[{"Right":5},[]],"tag":"App"},{"contents":[{"Right":4},[]],"tag":"App"},{"contents":[{"Right":3},[]],"tag":"App"},{"contents":[{"Right":0},[]],"tag":"App"},{"contents":[{"Right":1},[]],"tag":"App"}]],"tag":"App"}}},"namesUsed":["Algebra.Properties.CommutativeMonoid.Mult._._×_"]},{"ctx":{"pretty":"{a : Agda.Primitive.Level} {ℓ : Agda.Primitive.Level}\n(M₁ : CommutativeMonoid a ℓ) (x₁ : CommutativeMonoid.Carrier M₁)\n(y₁ : CommutativeMonoid.Carrier M₁) (n₁ : ℕ)","thing":[{"item":{"contents":[{"Left":"Agda.Primitive.Level"},[]],"tag":"App"},"name":"a"},{"item":{"contents":[{"Left":"Agda.Primitive.Level"},[]],"tag":"App"},"name":"ℓ"},{"item":{"contents":[{"Left":"Algebra.Bundles.CommutativeMonoid"},[{"contents":[{"Right":1},[]],"tag":"App"},{"contents":[{"Right":0},[]],"tag":"App"}]],"tag":"App"},"name":"M"},{"item":{"contents":[{"Right":0},[{"contents":[{"Left":"Algebra.Bundles.CommutativeMonoid.Carrier"},[]],"tag":"App"}]],"tag":"App"},"name":"x"},{"item":{"contents":[{"Right":1},[{"contents":[{"Left":"Algebra.Bundles.CommutativeMonoid.Carrier"},[]],"tag":"App"}]],"tag":"App"},"name":"y"},{"item":{"contents":[{"Left":"Agda.Builtin.Nat.Nat"},[]],"tag":"App"},"name":"n"}]},"goal":{"pretty":"(M CommutativeMonoid.≈ (M × n) ((M CommutativeMonoid.∙ x) y))\n((M CommutativeMonoid.∙ (M × n) x) ((M × n) y))","thing":{"normalised":{"contents":[{"Right":3},[{"contents":[{"Left":"Algebra.Bundles.CommutativeMonoid._≈_"},[]],"tag":"App"},{"contents":[{"Left":"Algebra.Definitions.RawMonoid._×_"},[{"contents":[{"Right":5},[]],"tag":"App"},{"contents":[{"Right":4},[]],"tag":"App"},{"contents":[{"Left":"Algebra.Bundles.Monoid.rawMonoid"},[{"contents":[{"Right":5},[]],"tag":"App"},{"contents":[{"Right":4},[]],"tag":"App"},{"contents":[{"Left":"Algebra.Bundles.CommutativeMonoid.monoid"},[{"contents":[{"Right":5},[]],"tag":"App"},{"contents":[{"Right":4},[]],"tag":"App"},{"contents":[{"Right":3},[]],"tag":"App"}]],"tag":"App"}]],"tag":"App"},{"contents":[{"Right":0},[]],"tag":"App"},{"contents":[{"Right":3},[{"contents":[{"Left":"Algebra.Bundles.CommutativeMonoid._∙_"},[]],"tag":"App"},{"contents":[{"Right":2},[]],"tag":"App"},{"contents":[{"Right":1},[]],"tag":"App"}]],"tag":"App"}]],"tag":"App"},{"contents":[{"Right":3},[{"contents":[{"Left":"Algebra.Bundles.CommutativeMonoid._∙_"},[]],"tag":"App"},{"contents":[{"Left":"Algebra.Definitions.RawMonoid._×_"},[{"contents":[{"Right":5},[]],"tag":"App"},{"contents":[{"Right":4},[]],"tag":"App"},{"contents":[{"Left":"Algebra.Bundles.Monoid.rawMonoid"},[{"contents":[{"Right":5},[]],"tag":"App"},{"contents":[{"Right":4},[]],"tag":"App"},{"contents":[{"Left":"Algebra.Bundles.CommutativeMonoid.monoid"},[{"contents":[{"Right":5},[]],"tag":"App"},{"contents":[{"Right":4},[]],"tag":"App"},{"contents":[{"Right":3},[]],"tag":"App"}]],"tag":"App"}]],"tag":"App"},{"contents":[{"Right":0},[]],"tag":"App"},{"contents":[{"Right":2},[]],"tag":"App"}]],"tag":"App"},{"contents":[{"Left":"Algebra.Definitions.RawMonoid._×_"},[{"contents":[{"Right":5},[]],"tag":"App"},{"contents":[{"Right":4},[]],"tag":"App"},{"contents":[{"Left":"Algebra.Bundles.Monoid.rawMonoid"},[{"contents":[{"Right":5},[]],"tag":"App"},{"contents":[{"Right":4},[]],"tag":"App"},{"contents":[{"Left":"Algebra.Bundles.CommutativeMonoid.monoid"},[{"contents":[{"Right":5},[]],"tag":"App"},{"contents":[{"Right":4},[]],"tag":"App"},{"contents":[{"Right":3},[]],"tag":"App"}]],"tag":"App"}]],"tag":"App"},{"contents":[{"Right":0},[]],"tag":"App"},{"contents":[{"Right":1},[]],"tag":"App"}]],"tag":"App"}]],"tag":"App"}]],"tag":"App"},"original":{"contents":[{"Right":3},[{"contents":[{"Left":"Algebra.Bundles.CommutativeMonoid._≈_"},[]],"tag":"App"},{"contents":[{"Left":"Algebra.Properties.CommutativeMonoid.Mult._._×_"},[{"contents":[{"Right":5},[]],"tag":"App"},{"contents":[{"Right":4},[]],"tag":"App"},{"contents":[{"Right":3},[]],"tag":"App"},{"contents":[{"Right":0},[]],"tag":"App"},{"contents":[{"Right":3},[{"contents":[{"Left":"Algebra.Bundles.CommutativeMonoid._∙_"},[]],"tag":"App"},{"contents":[{"Right":2},[]],"tag":"App"},{"contents":[{"Right":1},[]],"tag":"App"}]],"tag":"App"}]],"tag":"App"},{"contents":[{"Right":3},[{"contents":[{"Left":"Algebra.Bundles.CommutativeMonoid._∙_"},[]],"tag":"App"},{"contents":[{"Left":"Algebra.Properties.CommutativeMonoid.Mult._._×_"},[{"contents":[{"Right":5},[]],"tag":"App"},{"contents":[{"Right":4},[]],"tag":"App"},{"contents":[{"Right":3},[]],"tag":"App"},{"contents":[{"Right":0},[]],"tag":"App"},{"contents":[{"Right":2},[]],"tag":"App"}]],"tag":"App"},{"contents":[{"Left":"Algebra.Properties.CommutativeMonoid.Mult._._×_"},[{"contents":[{"Right":5},[]],"tag":"App"},{"contents":[{"Right":4},[]],"tag":"App"},{"contents":[{"Right":3},[]],"tag":"App"},{"contents":[{"Right":0},[]],"tag":"App"},{"contents":[{"Right":1},[]],"tag":"App"}]],"tag":"App"}]],"tag":"App"}]],"tag":"App"},"reduced":{"contents":[{"Right":3},[{"contents":[{"Left":"Algebra.Bundles.CommutativeMonoid._≈_"},[]],"tag":"App"},{"contents":[{"Left":"Algebra.Properties.CommutativeMonoid.Mult._._×_"},[{"contents":[{"Right":5},[]],"tag":"App"},{"contents":[{"Right":4},[]],"tag":"App"},{"contents":[{"Right":3},[]],"tag":"App"},{"contents":[{"Right":0},[]],"tag":"App"},{"contents":[{"Right":3},[{"contents":[{"Left":"Algebra.Bundles.CommutativeMonoid._∙_"},[]],"tag":"App"},{"contents":[{"Right":2},[]],"tag":"App"},{"contents":[{"Right":1},[]],"tag":"App"}]],"tag":"App"}]],"tag":"App"},{"contents":[{"Right":3},[{"contents":[{"Left":"Algebra.Bundles.CommutativeMonoid._∙_"},[]],"tag":"App"},{"contents":[{"Left":"Algebra.Properties.CommutativeMonoid.Mult._._×_"},[{"contents":[{"Right":5},[]],"tag":"App"},{"contents":[{"Right":4},[]],"tag":"App"},{"contents":[{"Right":3},[]],"tag":"App"},{"contents":[{"Right":0},[]],"tag":"App"},{"contents":[{"Right":2},[]],"tag":"App"}]],"tag":"App"},{"contents":[{"Left":"Algebra.Properties.CommutativeMonoid.Mult._._×_"},[{"contents":[{"Right":5},[]],"tag":"App"},{"contents":[{"Right":4},[]],"tag":"App"},{"contents":[{"Right":3},[]],"tag":"App"},{"contents":[{"Right":0},[]],"tag":"App"},{"contents":[{"Right":1},[]],"tag":"App"}]],"tag":"App"}]],"tag":"App"}]],"tag":"App"},"simplified":{"contents":[{"Right":3},[{"contents":[{"Left":"Algebra.Bundles.CommutativeMonoid._≈_"},[]],"tag":"App"},{"contents":[{"Left":"Algebra.Properties.CommutativeMonoid.Mult._._×_"},[{"contents":[{"Right":5},[]],"tag":"App"},{"contents":[{"Right":4},[]],"tag":"App"},{"contents":[{"Right":3},[]],"tag":"App"},{"contents":[{"Right":0},[]],"tag":"App"},{"contents":[{"Right":3},[{"contents":[{"Left":"Algebra.Bundles.CommutativeMonoid._∙_"},[]],"tag":"App"},{"contents":[{"Right":2},[]],"tag":"App"},{"contents":[{"Right":1},[]],"tag":"App"}]],"tag":"App"}]],"tag":"App"},{"contents":[{"Right":3},[{"contents":[{"Left":"Algebra.Bundles.CommutativeMonoid._∙_"},[]],"tag":"App"},{"contents":[{"Left":"Algebra.Properties.CommutativeMonoid.Mult._._×_"},[{"contents":[{"Right":5},[]],"tag":"App"},{"contents":[{"Right":4},[]],"tag":"App"},{"contents":[{"Right":3},[]],"tag":"App"},{"contents":[{"Right":0},[]],"tag":"App"},{"contents":[{"Right":2},[]],"tag":"App"}]],"tag":"App"},{"contents":[{"Left":"Algebra.Properties.CommutativeMonoid.Mult._._×_"},[{"contents":[{"Right":5},[]],"tag":"App"},{"contents":[{"Right":4},[]],"tag":"App"},{"contents":[{"Right":3},[]],"tag":"App"},{"contents":[{"Right":0},[]],"tag":"App"},{"contents":[{"Right":1},[]],"tag":"App"}]],"tag":"App"}]],"tag":"App"}]],"tag":"App"}}},"term":{"pretty":"×-distrib-+ M x y n","thing":{"normalised":{"contents":[{"Left":"Algebra.Properties.CommutativeMonoid.Mult.×-distrib-+"},[{"contents":[{"Right":5},[]],"tag":"App"},{"contents":[{"Right":4},[]],"tag":"App"},{"contents":[{"Right":3},[]],"tag":"App"},{"contents":[{"Right":2},[]],"tag":"App"},{"contents":[{"Right":1},[]],"tag":"App"},{"contents":[{"Right":0},[]],"tag":"App"}]],"tag":"App"},"original":{"contents":[{"Left":"Algebra.Properties.CommutativeMonoid.Mult.×-distrib-+"},[{"contents":[{"Right":5},[]],"tag":"App"},{"contents":[{"Right":4},[]],"tag":"App"},{"contents":[{"Right":3},[]],"tag":"App"},{"contents":[{"Right":2},[]],"tag":"App"},{"contents":[{"Right":1},[]],"tag":"App"},{"contents":[{"Right":0},[]],"tag":"App"}]],"tag":"App"},"reduced":{"contents":[{"Left":"Algebra.Properties.CommutativeMonoid.Mult.×-distrib-+"},[{"contents":[{"Right":5},[]],"tag":"App"},{"contents":[{"Right":4},[]],"tag":"App"},{"contents":[{"Right":3},[]],"tag":"App"},{"contents":[{"Right":2},[]],"tag":"App"},{"contents":[{"Right":1},[]],"tag":"App"},{"contents":[{"Right":0},[]],"tag":"App"}]],"tag":"App"},"simplified":{"contents":[{"Left":"Algebra.Properties.CommutativeMonoid.Mult.×-distrib-+"},[{"contents":[{"Right":5},[]],"tag":"App"},{"contents":[{"Right":4},[]],"tag":"App"},{"contents":[{"Right":3},[]],"tag":"App"},{"contents":[{"Right":2},[]],"tag":"App"},{"contents":[{"Right":1},[]],"tag":"App"},{"contents":[{"Right":0},[]],"tag":"App"}]],"tag":"App"}}},"namesUsed":["Algebra.Properties.CommutativeMonoid.Mult.×-distrib-+"]}]}