{"scope":{"item":[{"item":{"pretty":"{n : Agda.Builtin.Nat.Nat} →\nData.Fin.Base.Fin (Agda.Builtin.Nat.Nat.suc n)","thing":{"normalised":{"contents":[{"item":{"contents":[{"Left":"Agda.Builtin.Nat.Nat"},[]],"tag":"App"},"name":"n"},{"contents":[{"Left":"Data.Fin.Base.Fin"},[{"contents":[{"Left":"Agda.Builtin.Nat.Nat.suc"},[{"contents":[{"Right":0},[]],"tag":"App"}]],"tag":"App"}]],"tag":"App"}],"tag":"Pi"},"original":{"contents":[{"item":{"contents":[{"Left":"Agda.Builtin.Nat.Nat"},[]],"tag":"App"},"name":"n"},{"contents":[{"Left":"Data.Fin.Base.Fin"},[{"contents":[{"Left":"Agda.Builtin.Nat.Nat.suc"},[{"contents":[{"Right":0},[]],"tag":"App"}]],"tag":"App"}]],"tag":"App"}],"tag":"Pi"},"reduced":{"contents":[{"item":{"contents":[{"Left":"Agda.Builtin.Nat.Nat"},[]],"tag":"App"},"name":"n"},{"contents":[{"Left":"Data.Fin.Base.Fin"},[{"contents":[{"Left":"Agda.Builtin.Nat.Nat.suc"},[{"contents":[{"Right":0},[]],"tag":"App"}]],"tag":"App"}]],"tag":"App"}],"tag":"Pi"},"simplified":{"contents":[{"item":{"contents":[{"Left":"Agda.Builtin.Nat.Nat"},[]],"tag":"App"},"name":"n"},{"contents":[{"Left":"Data.Fin.Base.Fin"},[{"contents":[{"Left":"Agda.Builtin.Nat.Nat.suc"},[{"contents":[{"Right":0},[]],"tag":"App"}]],"tag":"App"}]],"tag":"App"}],"tag":"Pi"}}},"name":"Data.Fin.Base.Fin.zero"},{"item":{"pretty":"{a : Agda.Primitive.Level} {A : Set a} → A → A → Set a","thing":{"normalised":{"contents":[{"item":{"contents":[{"Left":"Agda.Primitive.Level"},[]],"tag":"App"},"name":"a"},{"contents":[{"item":{"contents":"Set @0","tag":"Sort"},"name":"A"},{"contents":[{"item":{"contents":[{"Right":0},[]],"tag":"App"},"name":"x"},{"contents":[{"item":{"contents":[{"Right":0},[]],"tag":"App"},"name":"_"},{"contents":"Set @1","tag":"Sort"}],"tag":"Pi"}],"tag":"Pi"}],"tag":"Pi"}],"tag":"Pi"},"original":{"contents":[{"item":{"contents":[{"Left":"Agda.Primitive.Level"},[]],"tag":"App"},"name":"a"},{"contents":[{"item":{"contents":"Set @0","tag":"Sort"},"name":"A"},{"contents":[{"item":{"contents":[{"Right":0},[]],"tag":"App"},"name":"x"},{"contents":[{"item":{"contents":[{"Right":0},[]],"tag":"App"},"name":"_"},{"contents":"Set @1","tag":"Sort"}],"tag":"Pi"}],"tag":"Pi"}],"tag":"Pi"}],"tag":"Pi"},"reduced":{"contents":[{"item":{"contents":[{"Left":"Agda.Primitive.Level"},[]],"tag":"App"},"name":"a"},{"contents":[{"item":{"contents":"Set @0","tag":"Sort"},"name":"A"},{"contents":[{"item":{"contents":[{"Right":0},[]],"tag":"App"},"name":"x"},{"contents":[{"item":{"contents":[{"Right":0},[]],"tag":"App"},"name":"_"},{"contents":"Set @1","tag":"Sort"}],"tag":"Pi"}],"tag":"Pi"}],"tag":"Pi"}],"tag":"Pi"},"simplified":{"contents":[{"item":{"contents":[{"Left":"Agda.Primitive.Level"},[]],"tag":"App"},"name":"a"},{"contents":[{"item":{"contents":"Set @0","tag":"Sort"},"name":"A"},{"contents":[{"item":{"contents":[{"Right":0},[]],"tag":"App"},"name":"x"},{"contents":[{"item":{"contents":[{"Right":0},[]],"tag":"App"},"name":"_"},{"contents":"Set @1","tag":"Sort"}],"tag":"Pi"}],"tag":"Pi"}],"tag":"Pi"}],"tag":"Pi"}}},"name":"Agda.Builtin.Equality._≡_"},{"item":{"pretty":"{n : Agda.Builtin.Nat.Nat} →\nData.Fin.Base.Fin n →\nData.Fin.Base.Fin (Agda.Builtin.Nat.Nat.suc n)","thing":{"normalised":{"contents":[{"item":{"contents":[{"Left":"Agda.Builtin.Nat.Nat"},[]],"tag":"App"},"name":"n"},{"contents":[{"item":{"contents":[{"Left":"Data.Fin.Base.Fin"},[{"contents":[{"Right":0},[]],"tag":"App"}]],"tag":"App"},"name":"i"},{"contents":[{"Left":"Data.Fin.Base.Fin"},[{"contents":[{"Left":"Agda.Builtin.Nat.Nat.suc"},[{"contents":[{"Right":0},[]],"tag":"App"}]],"tag":"App"}]],"tag":"App"}],"tag":"Pi"}],"tag":"Pi"},"original":{"contents":[{"item":{"contents":[{"Left":"Agda.Builtin.Nat.Nat"},[]],"tag":"App"},"name":"n"},{"contents":[{"item":{"contents":[{"Left":"Data.Fin.Base.Fin"},[{"contents":[{"Right":0},[]],"tag":"App"}]],"tag":"App"},"name":"i"},{"contents":[{"Left":"Data.Fin.Base.Fin"},[{"contents":[{"Left":"Agda.Builtin.Nat.Nat.suc"},[{"contents":[{"Right":0},[]],"tag":"App"}]],"tag":"App"}]],"tag":"App"}],"tag":"Pi"}],"tag":"Pi"},"reduced":{"contents":[{"item":{"contents":[{"Left":"Agda.Builtin.Nat.Nat"},[]],"tag":"App"},"name":"n"},{"contents":[{"item":{"contents":[{"Left":"Data.Fin.Base.Fin"},[{"contents":[{"Right":0},[]],"tag":"App"}]],"tag":"App"},"name":"i"},{"contents":[{"Left":"Data.Fin.Base.Fin"},[{"contents":[{"Left":"Agda.Builtin.Nat.Nat.suc"},[{"contents":[{"Right":0},[]],"tag":"App"}]],"tag":"App"}]],"tag":"App"}],"tag":"Pi"}],"tag":"Pi"},"simplified":{"contents":[{"item":{"contents":[{"Left":"Agda.Builtin.Nat.Nat"},[]],"tag":"App"},"name":"n"},{"contents":[{"item":{"contents":[{"Left":"Data.Fin.Base.Fin"},[{"contents":[{"Right":0},[]],"tag":"App"}]],"tag":"App"},"name":"i"},{"contents":[{"Left":"Data.Fin.Base.Fin"},[{"contents":[{"Left":"Agda.Builtin.Nat.Nat.suc"},[{"contents":[{"Right":0},[]],"tag":"App"}]],"tag":"App"}]],"tag":"App"}],"tag":"Pi"}],"tag":"Pi"}}},"name":"Data.Fin.Base.Fin.suc"},{"item":{"pretty":"{a : Agda.Primitive.Level} {A : Set a} →\nData.Vec.Base.Vec A Agda.Builtin.Nat.Nat.zero","thing":{"normalised":{"contents":[{"item":{"contents":[{"Left":"Agda.Primitive.Level"},[]],"tag":"App"},"name":"a"},{"contents":[{"item":{"contents":"Set @0","tag":"Sort"},"name":"A"},{"contents":[{"Left":"Data.Vec.Base.Vec"},[{"contents":[{"Right":1},[]],"tag":"App"},{"contents":[{"Right":0},[]],"tag":"App"},{"contents":"0","tag":"Lit"}]],"tag":"App"}],"tag":"Pi"}],"tag":"Pi"},"original":{"contents":[{"item":{"contents":[{"Left":"Agda.Primitive.Level"},[]],"tag":"App"},"name":"a"},{"contents":[{"item":{"contents":"Set @0","tag":"Sort"},"name":"A"},{"contents":[{"Left":"Data.Vec.Base.Vec"},[{"contents":[{"Right":1},[]],"tag":"App"},{"contents":[{"Right":0},[]],"tag":"App"},{"contents":[{"Left":"Agda.Builtin.Nat.Nat.zero"},[]],"tag":"App"}]],"tag":"App"}],"tag":"Pi"}],"tag":"Pi"},"reduced":{"contents":[{"item":{"contents":[{"Left":"Agda.Primitive.Level"},[]],"tag":"App"},"name":"a"},{"contents":[{"item":{"contents":"Set @0","tag":"Sort"},"name":"A"},{"contents":[{"Left":"Data.Vec.Base.Vec"},[{"contents":[{"Right":1},[]],"tag":"App"},{"contents":[{"Right":0},[]],"tag":"App"},{"contents":[{"Left":"Agda.Builtin.Nat.Nat.zero"},[]],"tag":"App"}]],"tag":"App"}],"tag":"Pi"}],"tag":"Pi"},"simplified":{"contents":[{"item":{"contents":[{"Left":"Agda.Primitive.Level"},[]],"tag":"App"},"name":"a"},{"contents":[{"item":{"contents":"Set @0","tag":"Sort"},"name":"A"},{"contents":[{"Left":"Data.Vec.Base.Vec"},[{"contents":[{"Right":1},[]],"tag":"App"},{"contents":[{"Right":0},[]],"tag":"App"},{"contents":[{"Left":"Agda.Builtin.Nat.Nat.zero"},[]],"tag":"App"}]],"tag":"App"}],"tag":"Pi"}],"tag":"Pi"}}},"name":"Data.Vec.Base.Vec.[]"},{"item":{"pretty":"Data.Bool.Base.Bool → Data.Bool.Base.Bool → Data.Bool.Base.Bool","thing":{"normalised":{"contents":[{"item":{"contents":[{"Left":"Agda.Builtin.Bool.Bool"},[]],"tag":"App"},"name":"_"},{"contents":[{"item":{"contents":[{"Left":"Agda.Builtin.Bool.Bool"},[]],"tag":"App"},"name":"_"},{"contents":[{"Left":"Agda.Builtin.Bool.Bool"},[]],"tag":"App"}],"tag":"Pi"}],"tag":"Pi"},"original":{"contents":[{"item":{"contents":[{"Left":"Agda.Builtin.Bool.Bool"},[]],"tag":"App"},"name":"_"},{"contents":[{"item":{"contents":[{"Left":"Agda.Builtin.Bool.Bool"},[]],"tag":"App"},"name":"_"},{"contents":[{"Left":"Agda.Builtin.Bool.Bool"},[]],"tag":"App"}],"tag":"Pi"}],"tag":"Pi"},"reduced":{"contents":[{"item":{"contents":[{"Left":"Agda.Builtin.Bool.Bool"},[]],"tag":"App"},"name":"_"},{"contents":[{"item":{"contents":[{"Left":"Agda.Builtin.Bool.Bool"},[]],"tag":"App"},"name":"_"},{"contents":[{"Left":"Agda.Builtin.Bool.Bool"},[]],"tag":"App"}],"tag":"Pi"}],"tag":"Pi"},"simplified":{"contents":[{"item":{"contents":[{"Left":"Agda.Builtin.Bool.Bool"},[]],"tag":"App"},"name":"_"},{"contents":[{"item":{"contents":[{"Left":"Agda.Builtin.Bool.Bool"},[]],"tag":"App"},"name":"_"},{"contents":[{"Left":"Agda.Builtin.Bool.Bool"},[]],"tag":"App"}],"tag":"Pi"}],"tag":"Pi"}}},"name":"Data.Bool.Base._∨_"},{"item":{"pretty":"{a : Agda.Primitive.Level} {A : Set a} {n : Agda.Builtin.Nat.Nat} →\nA →\nData.Vec.Base.Vec A n →\nData.Vec.Base.Vec A (Agda.Builtin.Nat.Nat.suc n)","thing":{"normalised":{"contents":[{"item":{"contents":[{"Left":"Agda.Primitive.Level"},[]],"tag":"App"},"name":"a"},{"contents":[{"item":{"contents":"Set @0","tag":"Sort"},"name":"A"},{"contents":[{"item":{"contents":[{"Left":"Agda.Builtin.Nat.Nat"},[]],"tag":"App"},"name":"n"},{"contents":[{"item":{"contents":[{"Right":1},[]],"tag":"App"},"name":"x"},{"contents":[{"item":{"contents":[{"Left":"Data.Vec.Base.Vec"},[{"contents":[{"Right":2},[]],"tag":"App"},{"contents":[{"Right":1},[]],"tag":"App"},{"contents":[{"Right":0},[]],"tag":"App"}]],"tag":"App"},"name":"xs"},{"contents":[{"Left":"Data.Vec.Base.Vec"},[{"contents":[{"Right":2},[]],"tag":"App"},{"contents":[{"Right":1},[]],"tag":"App"},{"contents":[{"Left":"Agda.Builtin.Nat.Nat.suc"},[{"contents":[{"Right":0},[]],"tag":"App"}]],"tag":"App"}]],"tag":"App"}],"tag":"Pi"}],"tag":"Pi"}],"tag":"Pi"}],"tag":"Pi"}],"tag":"Pi"},"original":{"contents":[{"item":{"contents":[{"Left":"Agda.Primitive.Level"},[]],"tag":"App"},"name":"a"},{"contents":[{"item":{"contents":"Set @0","tag":"Sort"},"name":"A"},{"contents":[{"item":{"contents":[{"Left":"Agda.Builtin.Nat.Nat"},[]],"tag":"App"},"name":"n"},{"contents":[{"item":{"contents":[{"Right":1},[]],"tag":"App"},"name":"x"},{"contents":[{"item":{"contents":[{"Left":"Data.Vec.Base.Vec"},[{"contents":[{"Right":2},[]],"tag":"App"},{"contents":[{"Right":1},[]],"tag":"App"},{"contents":[{"Right":0},[]],"tag":"App"}]],"tag":"App"},"name":"xs"},{"contents":[{"Left":"Data.Vec.Base.Vec"},[{"contents":[{"Right":2},[]],"tag":"App"},{"contents":[{"Right":1},[]],"tag":"App"},{"contents":[{"Left":"Agda.Builtin.Nat.Nat.suc"},[{"contents":[{"Right":0},[]],"tag":"App"}]],"tag":"App"}]],"tag":"App"}],"tag":"Pi"}],"tag":"Pi"}],"tag":"Pi"}],"tag":"Pi"}],"tag":"Pi"},"reduced":{"contents":[{"item":{"contents":[{"Left":"Agda.Primitive.Level"},[]],"tag":"App"},"name":"a"},{"contents":[{"item":{"contents":"Set @0","tag":"Sort"},"name":"A"},{"contents":[{"item":{"contents":[{"Left":"Agda.Builtin.Nat.Nat"},[]],"tag":"App"},"name":"n"},{"contents":[{"item":{"contents":[{"Right":1},[]],"tag":"App"},"name":"x"},{"contents":[{"item":{"contents":[{"Left":"Data.Vec.Base.Vec"},[{"contents":[{"Right":2},[]],"tag":"App"},{"contents":[{"Right":1},[]],"tag":"App"},{"contents":[{"Right":0},[]],"tag":"App"}]],"tag":"App"},"name":"xs"},{"contents":[{"Left":"Data.Vec.Base.Vec"},[{"contents":[{"Right":2},[]],"tag":"App"},{"contents":[{"Right":1},[]],"tag":"App"},{"contents":[{"Left":"Agda.Builtin.Nat.Nat.suc"},[{"contents":[{"Right":0},[]],"tag":"App"}]],"tag":"App"}]],"tag":"App"}],"tag":"Pi"}],"tag":"Pi"}],"tag":"Pi"}],"tag":"Pi"}],"tag":"Pi"},"simplified":{"contents":[{"item":{"contents":[{"Left":"Agda.Primitive.Level"},[]],"tag":"App"},"name":"a"},{"contents":[{"item":{"contents":"Set @0","tag":"Sort"},"name":"A"},{"contents":[{"item":{"contents":[{"Left":"Agda.Builtin.Nat.Nat"},[]],"tag":"App"},"name":"n"},{"contents":[{"item":{"contents":[{"Right":1},[]],"tag":"App"},"name":"x"},{"contents":[{"item":{"contents":[{"Left":"Data.Vec.Base.Vec"},[{"contents":[{"Right":2},[]],"tag":"App"},{"contents":[{"Right":1},[]],"tag":"App"},{"contents":[{"Right":0},[]],"tag":"App"}]],"tag":"App"},"name":"xs"},{"contents":[{"Left":"Data.Vec.Base.Vec"},[{"contents":[{"Right":2},[]],"tag":"App"},{"contents":[{"Right":1},[]],"tag":"App"},{"contents":[{"Left":"Agda.Builtin.Nat.Nat.suc"},[{"contents":[{"Right":0},[]],"tag":"App"}]],"tag":"App"}]],"tag":"App"}],"tag":"Pi"}],"tag":"Pi"}],"tag":"Pi"}],"tag":"Pi"}],"tag":"Pi"}}},"name":"Data.Vec.Base.Vec._∷_"},{"item":{"pretty":"(x y z : Data.Bool.Base.Bool) → (x ∨ y) ∨ x ∨ z ≡ (z ∨ y) ∨ x ∨ x","thing":{"normalised":{"contents":[{"item":{"contents":[{"Left":"Agda.Builtin.Bool.Bool"},[]],"tag":"App"},"name":"x"},{"contents":[{"item":{"contents":[{"Left":"Agda.Builtin.Bool.Bool"},[]],"tag":"App"},"name":"y"},{"contents":[{"item":{"contents":[{"Left":"Agda.Builtin.Bool.Bool"},[]],"tag":"App"},"name":"z"},{"contents":[{"Left":"Agda.Builtin.Equality._≡_"},[{"contents":"lzero","tag":"Level"},{"contents":[{"Left":"Agda.Builtin.Bool.Bool"},[]],"tag":"App"},{"contents":[{"Left":"Data.Bool.Base._∨_"},[{"contents":[{"Left":"Data.Bool.Base._∨_"},[{"contents":[{"Right":2},[]],"tag":"App"},{"contents":[{"Right":1},[]],"tag":"App"}]],"tag":"App"},{"contents":[{"Left":"Data.Bool.Base._∨_"},[{"contents":[{"Right":2},[]],"tag":"App"},{"contents":[{"Right":0},[]],"tag":"App"}]],"tag":"App"}]],"tag":"App"},{"contents":[{"Left":"Data.Bool.Base._∨_"},[{"contents":[{"Left":"Data.Bool.Base._∨_"},[{"contents":[{"Right":0},[]],"tag":"App"},{"contents":[{"Right":1},[]],"tag":"App"}]],"tag":"App"},{"contents":[{"Left":"Data.Bool.Base._∨_"},[{"contents":[{"Right":2},[]],"tag":"App"},{"contents":[{"Right":2},[]],"tag":"App"}]],"tag":"App"}]],"tag":"App"}]],"tag":"App"}],"tag":"Pi"}],"tag":"Pi"}],"tag":"Pi"},"original":{"contents":[{"item":{"contents":[{"Left":"Agda.Builtin.Bool.Bool"},[]],"tag":"App"},"name":"x"},{"contents":[{"item":{"contents":[{"Left":"Agda.Builtin.Bool.Bool"},[]],"tag":"App"},"name":"y"},{"contents":[{"item":{"contents":[{"Left":"Agda.Builtin.Bool.Bool"},[]],"tag":"App"},"name":"z"},{"contents":[{"Left":"Agda.Builtin.Equality._≡_"},[{"contents":"lzero","tag":"Level"},{"contents":[{"Left":"Agda.Builtin.Bool.Bool"},[]],"tag":"App"},{"contents":[{"Left":"Data.Bool.Base._∨_"},[{"contents":[{"Left":"Data.Bool.Base._∨_"},[{"contents":[{"Right":2},[]],"tag":"App"},{"contents":[{"Right":1},[]],"tag":"App"}]],"tag":"App"},{"contents":[{"Left":"Data.Bool.Base._∨_"},[{"contents":[{"Right":2},[]],"tag":"App"},{"contents":[{"Right":0},[]],"tag":"App"}]],"tag":"App"}]],"tag":"App"},{"contents":[{"Left":"Data.Bool.Base._∨_"},[{"contents":[{"Left":"Data.Bool.Base._∨_"},[{"contents":[{"Right":0},[]],"tag":"App"},{"contents":[{"Right":1},[]],"tag":"App"}]],"tag":"App"},{"contents":[{"Left":"Data.Bool.Base._∨_"},[{"contents":[{"Right":2},[]],"tag":"App"},{"contents":[{"Right":2},[]],"tag":"App"}]],"tag":"App"}]],"tag":"App"}]],"tag":"App"}],"tag":"Pi"}],"tag":"Pi"}],"tag":"Pi"},"reduced":{"contents":[{"item":{"contents":[{"Left":"Agda.Builtin.Bool.Bool"},[]],"tag":"App"},"name":"x"},{"contents":[{"item":{"contents":[{"Left":"Agda.Builtin.Bool.Bool"},[]],"tag":"App"},"name":"y"},{"contents":[{"item":{"contents":[{"Left":"Agda.Builtin.Bool.Bool"},[]],"tag":"App"},"name":"z"},{"contents":[{"Left":"Agda.Builtin.Equality._≡_"},[{"contents":"lzero","tag":"Level"},{"contents":[{"Left":"Agda.Builtin.Bool.Bool"},[]],"tag":"App"},{"contents":[{"Left":"Data.Bool.Base._∨_"},[{"contents":[{"Left":"Data.Bool.Base._∨_"},[{"contents":[{"Right":2},[]],"tag":"App"},{"contents":[{"Right":1},[]],"tag":"App"}]],"tag":"App"},{"contents":[{"Left":"Data.Bool.Base._∨_"},[{"contents":[{"Right":2},[]],"tag":"App"},{"contents":[{"Right":0},[]],"tag":"App"}]],"tag":"App"}]],"tag":"App"},{"contents":[{"Left":"Data.Bool.Base._∨_"},[{"contents":[{"Left":"Data.Bool.Base._∨_"},[{"contents":[{"Right":0},[]],"tag":"App"},{"contents":[{"Right":1},[]],"tag":"App"}]],"tag":"App"},{"contents":[{"Left":"Data.Bool.Base._∨_"},[{"contents":[{"Right":2},[]],"tag":"App"},{"contents":[{"Right":2},[]],"tag":"App"}]],"tag":"App"}]],"tag":"App"}]],"tag":"App"}],"tag":"Pi"}],"tag":"Pi"}],"tag":"Pi"},"simplified":{"contents":[{"item":{"contents":[{"Left":"Agda.Builtin.Bool.Bool"},[]],"tag":"App"},"name":"x"},{"contents":[{"item":{"contents":[{"Left":"Agda.Builtin.Bool.Bool"},[]],"tag":"App"},"name":"y"},{"contents":[{"item":{"contents":[{"Left":"Agda.Builtin.Bool.Bool"},[]],"tag":"App"},"name":"z"},{"contents":[{"Left":"Agda.Builtin.Equality._≡_"},[{"contents":"lzero","tag":"Level"},{"contents":[{"Left":"Agda.Builtin.Bool.Bool"},[]],"tag":"App"},{"contents":[{"Left":"Data.Bool.Base._∨_"},[{"contents":[{"Left":"Data.Bool.Base._∨_"},[{"contents":[{"Right":2},[]],"tag":"App"},{"contents":[{"Right":1},[]],"tag":"App"}]],"tag":"App"},{"contents":[{"Left":"Data.Bool.Base._∨_"},[{"contents":[{"Right":2},[]],"tag":"App"},{"contents":[{"Right":0},[]],"tag":"App"}]],"tag":"App"}]],"tag":"App"},{"contents":[{"Left":"Data.Bool.Base._∨_"},[{"contents":[{"Left":"Data.Bool.Base._∨_"},[{"contents":[{"Right":0},[]],"tag":"App"},{"contents":[{"Right":1},[]],"tag":"App"}]],"tag":"App"},{"contents":[{"Left":"Data.Bool.Base._∨_"},[{"contents":[{"Right":2},[]],"tag":"App"},{"contents":[{"Right":2},[]],"tag":"App"}]],"tag":"App"}]],"tag":"App"}]],"tag":"App"}],"tag":"Pi"}],"tag":"Pi"}],"tag":"Pi"}}},"name":"Algebra.Solver.CommutativeMonoid.Example.test"},{"item":{"pretty":"Algebra.Bundles.CommutativeMonoid Level.0ℓ Level.0ℓ","thing":{"normalised":{"contents":[{"Left":"Algebra.Bundles.CommutativeMonoid"},[{"contents":"lzero","tag":"Level"},{"contents":"lzero","tag":"Level"}]],"tag":"App"},"original":{"contents":[{"Left":"Algebra.Bundles.CommutativeMonoid"},[{"contents":[{"Left":"Level.0ℓ"},[]],"tag":"App"},{"contents":[{"Left":"Level.0ℓ"},[]],"tag":"App"}]],"tag":"App"},"reduced":{"contents":[{"Left":"Algebra.Bundles.CommutativeMonoid"},[{"contents":[{"Left":"Level.0ℓ"},[]],"tag":"App"},{"contents":[{"Left":"Level.0ℓ"},[]],"tag":"App"}]],"tag":"App"},"simplified":{"contents":[{"Left":"Algebra.Bundles.CommutativeMonoid"},[{"contents":[{"Left":"Level.0ℓ"},[]],"tag":"App"},{"contents":[{"Left":"Level.0ℓ"},[]],"tag":"App"}]],"tag":"App"}}},"name":"Data.Bool.Properties.∨-commutativeMonoid"}],"name":"Algebra.Solver.CommutativeMonoid.Example"},"samples":[{"ctx":{"pretty":"","thing":[]},"goal":{"pretty":"Algebra.Bundles.CommutativeMonoid Level.0ℓ Level.0ℓ","thing":{"normalised":{"contents":[{"Left":"Algebra.Bundles.CommutativeMonoid"},[{"contents":"lzero","tag":"Level"},{"contents":"lzero","tag":"Level"}]],"tag":"App"},"original":{"contents":[{"Left":"Algebra.Bundles.CommutativeMonoid"},[{"contents":[{"Left":"Level.0ℓ"},[]],"tag":"App"},{"contents":[{"Left":"Level.0ℓ"},[]],"tag":"App"}]],"tag":"App"},"reduced":{"contents":[{"Left":"Algebra.Bundles.CommutativeMonoid"},[{"contents":[{"Left":"Level.0ℓ"},[]],"tag":"App"},{"contents":[{"Left":"Level.0ℓ"},[]],"tag":"App"}]],"tag":"App"},"simplified":{"contents":[{"Left":"Algebra.Bundles.CommutativeMonoid"},[{"contents":[{"Left":"Level.0ℓ"},[]],"tag":"App"},{"contents":[{"Left":"Level.0ℓ"},[]],"tag":"App"}]],"tag":"App"}}},"term":{"pretty":"∨-commutativeMonoid","thing":{"normalised":{"contents":[{"Left":"Data.Bool.Properties.∨-commutativeMonoid"},[]],"tag":"App"},"original":{"contents":[{"Left":"Data.Bool.Properties.∨-commutativeMonoid"},[]],"tag":"App"},"reduced":{"contents":[{"Left":"Data.Bool.Properties.∨-commutativeMonoid"},[]],"tag":"App"},"simplified":{"contents":[{"Left":"Data.Bool.Properties.∨-commutativeMonoid"},[]],"tag":"App"}}},"namesUsed":["Data.Bool.Properties.∨-commutativeMonoid"]},{"ctx":{"pretty":"","thing":[]},"goal":{"pretty":"Algebra.Bundles.CommutativeMonoid Level.0ℓ Level.0ℓ","thing":{"normalised":{"contents":[{"Left":"Algebra.Bundles.CommutativeMonoid"},[{"contents":"lzero","tag":"Level"},{"contents":"lzero","tag":"Level"}]],"tag":"App"},"original":{"contents":[{"Left":"Algebra.Bundles.CommutativeMonoid"},[{"contents":[{"Left":"Level.0ℓ"},[]],"tag":"App"},{"contents":[{"Left":"Level.0ℓ"},[]],"tag":"App"}]],"tag":"App"},"reduced":{"contents":[{"Left":"Algebra.Bundles.CommutativeMonoid"},[{"contents":[{"Left":"Level.0ℓ"},[]],"tag":"App"},{"contents":[{"Left":"Level.0ℓ"},[]],"tag":"App"}]],"tag":"App"},"simplified":{"contents":[{"Left":"Algebra.Bundles.CommutativeMonoid"},[{"contents":[{"Left":"Level.0ℓ"},[]],"tag":"App"},{"contents":[{"Left":"Level.0ℓ"},[]],"tag":"App"}]],"tag":"App"}}},"term":{"pretty":"∨-commutativeMonoid","thing":{"normalised":{"contents":[{"Left":"Data.Bool.Properties.∨-commutativeMonoid"},[]],"tag":"App"},"original":{"contents":[{"Left":"Data.Bool.Properties.∨-commutativeMonoid"},[]],"tag":"App"},"reduced":{"contents":[{"Left":"Data.Bool.Properties.∨-commutativeMonoid"},[]],"tag":"App"},"simplified":{"contents":[{"Left":"Data.Bool.Properties.∨-commutativeMonoid"},[]],"tag":"App"}}},"namesUsed":["Data.Bool.Properties.∨-commutativeMonoid"]},{"ctx":{"pretty":"","thing":[]},"goal":{"pretty":"Algebra.Bundles.CommutativeMonoid Level.0ℓ Level.0ℓ","thing":{"normalised":{"contents":[{"Left":"Algebra.Bundles.CommutativeMonoid"},[{"contents":"lzero","tag":"Level"},{"contents":"lzero","tag":"Level"}]],"tag":"App"},"original":{"contents":[{"Left":"Algebra.Bundles.CommutativeMonoid"},[{"contents":[{"Left":"Level.0ℓ"},[]],"tag":"App"},{"contents":[{"Left":"Level.0ℓ"},[]],"tag":"App"}]],"tag":"App"},"reduced":{"contents":[{"Left":"Algebra.Bundles.CommutativeMonoid"},[{"contents":[{"Left":"Level.0ℓ"},[]],"tag":"App"},{"contents":[{"Left":"Level.0ℓ"},[]],"tag":"App"}]],"tag":"App"},"simplified":{"contents":[{"Left":"Algebra.Bundles.CommutativeMonoid"},[{"contents":[{"Left":"Level.0ℓ"},[]],"tag":"App"},{"contents":[{"Left":"Level.0ℓ"},[]],"tag":"App"}]],"tag":"App"}}},"term":{"pretty":"∨-commutativeMonoid","thing":{"normalised":{"contents":[{"Left":"Data.Bool.Properties.∨-commutativeMonoid"},[]],"tag":"App"},"original":{"contents":[{"Left":"Data.Bool.Properties.∨-commutativeMonoid"},[]],"tag":"App"},"reduced":{"contents":[{"Left":"Data.Bool.Properties.∨-commutativeMonoid"},[]],"tag":"App"},"simplified":{"contents":[{"Left":"Data.Bool.Properties.∨-commutativeMonoid"},[]],"tag":"App"}}},"namesUsed":["Data.Bool.Properties.∨-commutativeMonoid"]},{"ctx":{"pretty":"","thing":[]},"goal":{"pretty":"Algebra.Bundles.CommutativeMonoid Level.0ℓ Level.0ℓ","thing":{"normalised":{"contents":[{"Left":"Algebra.Bundles.CommutativeMonoid"},[{"contents":"lzero","tag":"Level"},{"contents":"lzero","tag":"Level"}]],"tag":"App"},"original":{"contents":[{"Left":"Algebra.Bundles.CommutativeMonoid"},[{"contents":[{"Left":"Level.0ℓ"},[]],"tag":"App"},{"contents":[{"Left":"Level.0ℓ"},[]],"tag":"App"}]],"tag":"App"},"reduced":{"contents":[{"Left":"Algebra.Bundles.CommutativeMonoid"},[{"contents":[{"Left":"Level.0ℓ"},[]],"tag":"App"},{"contents":[{"Left":"Level.0ℓ"},[]],"tag":"App"}]],"tag":"App"},"simplified":{"contents":[{"Left":"Algebra.Bundles.CommutativeMonoid"},[{"contents":[{"Left":"Level.0ℓ"},[]],"tag":"App"},{"contents":[{"Left":"Level.0ℓ"},[]],"tag":"App"}]],"tag":"App"}}},"term":{"pretty":"∨-commutativeMonoid","thing":{"normalised":{"contents":[{"Left":"Data.Bool.Properties.∨-commutativeMonoid"},[]],"tag":"App"},"original":{"contents":[{"Left":"Data.Bool.Properties.∨-commutativeMonoid"},[]],"tag":"App"},"reduced":{"contents":[{"Left":"Data.Bool.Properties.∨-commutativeMonoid"},[]],"tag":"App"},"simplified":{"contents":[{"Left":"Data.Bool.Properties.∨-commutativeMonoid"},[]],"tag":"App"}}},"namesUsed":["Data.Bool.Properties.∨-commutativeMonoid"]},{"ctx":{"pretty":"(a : Data.Bool.Base.Bool) (b : Data.Bool.Base.Bool)\n(c : Data.Bool.Base.Bool)","thing":[{"item":{"contents":[{"Left":"Agda.Builtin.Bool.Bool"},[]],"tag":"App"},"name":"a"},{"item":{"contents":[{"Left":"Agda.Builtin.Bool.Bool"},[]],"tag":"App"},"name":"b"},{"item":{"contents":[{"Left":"Agda.Builtin.Bool.Bool"},[]],"tag":"App"},"name":"c"}]},"goal":{"pretty":"Algebra.Bundles.CommutativeMonoid Level.0ℓ Level.0ℓ","thing":{"normalised":{"contents":[{"Left":"Algebra.Bundles.CommutativeMonoid"},[{"contents":"lzero","tag":"Level"},{"contents":"lzero","tag":"Level"}]],"tag":"App"},"original":{"contents":[{"Left":"Algebra.Bundles.CommutativeMonoid"},[{"contents":[{"Left":"Level.0ℓ"},[]],"tag":"App"},{"contents":[{"Left":"Level.0ℓ"},[]],"tag":"App"}]],"tag":"App"},"reduced":{"contents":[{"Left":"Algebra.Bundles.CommutativeMonoid"},[{"contents":[{"Left":"Level.0ℓ"},[]],"tag":"App"},{"contents":[{"Left":"Level.0ℓ"},[]],"tag":"App"}]],"tag":"App"},"simplified":{"contents":[{"Left":"Algebra.Bundles.CommutativeMonoid"},[{"contents":[{"Left":"Level.0ℓ"},[]],"tag":"App"},{"contents":[{"Left":"Level.0ℓ"},[]],"tag":"App"}]],"tag":"App"}}},"term":{"pretty":"∨-commutativeMonoid","thing":{"normalised":{"contents":[{"Left":"Data.Bool.Properties.∨-commutativeMonoid"},[]],"tag":"App"},"original":{"contents":[{"Left":"Data.Bool.Properties.∨-commutativeMonoid"},[]],"tag":"App"},"reduced":{"contents":[{"Left":"Data.Bool.Properties.∨-commutativeMonoid"},[]],"tag":"App"},"simplified":{"contents":[{"Left":"Data.Bool.Properties.∨-commutativeMonoid"},[]],"tag":"App"}}},"namesUsed":["Data.Bool.Properties.∨-commutativeMonoid"]},{"ctx":{"pretty":"(a : Data.Bool.Base.Bool) (b : Data.Bool.Base.Bool)\n(c : Data.Bool.Base.Bool)","thing":[{"item":{"contents":[{"Left":"Agda.Builtin.Bool.Bool"},[]],"tag":"App"},"name":"a"},{"item":{"contents":[{"Left":"Agda.Builtin.Bool.Bool"},[]],"tag":"App"},"name":"b"},{"item":{"contents":[{"Left":"Agda.Builtin.Bool.Bool"},[]],"tag":"App"},"name":"c"}]},"goal":{"pretty":"Algebra.Solver.CommutativeMonoid.Env ∨-commutativeMonoid 3","thing":{"normalised":{"contents":[{"Left":"Data.Vec.Base.Vec"},[{"contents":"lzero","tag":"Level"},{"contents":[{"Left":"Agda.Builtin.Bool.Bool"},[]],"tag":"App"},{"contents":"3","tag":"Lit"}]],"tag":"App"},"original":{"contents":[{"Left":"Algebra.Solver.CommutativeMonoid.Env"},[{"contents":[{"Left":"Level.0ℓ"},[]],"tag":"App"},{"contents":[{"Left":"Level.0ℓ"},[]],"tag":"App"},{"contents":[{"Left":"Data.Bool.Properties.∨-commutativeMonoid"},[]],"tag":"App"},{"contents":"3","tag":"Lit"}]],"tag":"App"},"reduced":{"contents":[{"Left":"Data.Vec.Base.Vec"},[{"contents":[{"Left":"Level.0ℓ"},[]],"tag":"App"},{"contents":[{"Left":"Data.Bool.Properties.∨-commutativeMonoid"},[{"contents":[{"Left":"Algebra.Bundles.CommutativeMonoid.Carrier"},[]],"tag":"App"}]],"tag":"App"},{"contents":"3","tag":"Lit"}]],"tag":"App"},"simplified":{"contents":[{"Left":"Algebra.Solver.CommutativeMonoid.Env"},[{"contents":[{"Left":"Level.0ℓ"},[]],"tag":"App"},{"contents":[{"Left":"Level.0ℓ"},[]],"tag":"App"},{"contents":[{"Left":"Data.Bool.Properties.∨-commutativeMonoid"},[]],"tag":"App"},{"contents":"3","tag":"Lit"}]],"tag":"App"}}},"term":{"pretty":"a ∷ b ∷ c ∷ []","thing":{"normalised":{"contents":[{"Left":"Data.Vec.Base.Vec._∷_"},[{"contents":"2","tag":"Lit"},{"contents":[{"Right":2},[]],"tag":"App"},{"contents":[{"Left":"Data.Vec.Base.Vec._∷_"},[{"contents":"1","tag":"Lit"},{"contents":[{"Right":1},[]],"tag":"App"},{"contents":[{"Left":"Data.Vec.Base.Vec._∷_"},[{"contents":"0","tag":"Lit"},{"contents":[{"Right":0},[]],"tag":"App"},{"contents":[{"Left":"Data.Vec.Base.Vec.[]"},[]],"tag":"App"}]],"tag":"App"}]],"tag":"App"}]],"tag":"App"},"original":{"contents":[{"Left":"Data.Vec.Base.Vec._∷_"},[{"contents":"2","tag":"Lit"},{"contents":[{"Right":2},[]],"tag":"App"},{"contents":[{"Left":"Data.Vec.Base.Vec._∷_"},[{"contents":"1","tag":"Lit"},{"contents":[{"Right":1},[]],"tag":"App"},{"contents":[{"Left":"Data.Vec.Base.Vec._∷_"},[{"contents":"0","tag":"Lit"},{"contents":[{"Right":0},[]],"tag":"App"},{"contents":[{"Left":"Data.Vec.Base.Vec.[]"},[]],"tag":"App"}]],"tag":"App"}]],"tag":"App"}]],"tag":"App"},"reduced":{"contents":[{"Left":"Data.Vec.Base.Vec._∷_"},[{"contents":"2","tag":"Lit"},{"contents":[{"Right":2},[]],"tag":"App"},{"contents":[{"Left":"Data.Vec.Base.Vec._∷_"},[{"contents":"1","tag":"Lit"},{"contents":[{"Right":1},[]],"tag":"App"},{"contents":[{"Left":"Data.Vec.Base.Vec._∷_"},[{"contents":"0","tag":"Lit"},{"contents":[{"Right":0},[]],"tag":"App"},{"contents":[{"Left":"Data.Vec.Base.Vec.[]"},[]],"tag":"App"}]],"tag":"App"}]],"tag":"App"}]],"tag":"App"},"simplified":{"contents":[{"Left":"Data.Vec.Base.Vec._∷_"},[{"contents":"2","tag":"Lit"},{"contents":[{"Right":2},[]],"tag":"App"},{"contents":[{"Left":"Data.Vec.Base.Vec._∷_"},[{"contents":"1","tag":"Lit"},{"contents":[{"Right":1},[]],"tag":"App"},{"contents":[{"Left":"Data.Vec.Base.Vec._∷_"},[{"contents":"0","tag":"Lit"},{"contents":[{"Right":0},[]],"tag":"App"},{"contents":[{"Left":"Data.Vec.Base.Vec.[]"},[]],"tag":"App"}]],"tag":"App"}]],"tag":"App"}]],"tag":"App"}}},"namesUsed":["Data.Vec.Base.Vec._∷_","Data.Vec.Base.Vec._∷_","Data.Vec.Base.Vec._∷_","Data.Vec.Base.Vec.[]"]},{"ctx":{"pretty":"(a₁ : Data.Bool.Base.Bool) (b₁ : Data.Bool.Base.Bool)\n(c₁ : Data.Bool.Base.Bool)","thing":[{"item":{"contents":[{"Left":"Agda.Builtin.Bool.Bool"},[]],"tag":"App"},"name":"a"},{"item":{"contents":[{"Left":"Agda.Builtin.Bool.Bool"},[]],"tag":"App"},"name":"b"},{"item":{"contents":[{"Left":"Agda.Builtin.Bool.Bool"},[]],"tag":"App"},"name":"c"}]},"goal":{"pretty":"Data.Vec.Base.Vec\n(Algebra.Bundles.CommutativeMonoid.Carrier ∨-commutativeMonoid) 2","thing":{"normalised":{"contents":[{"Left":"Data.Vec.Base.Vec"},[{"contents":"lzero","tag":"Level"},{"contents":[{"Left":"Agda.Builtin.Bool.Bool"},[]],"tag":"App"},{"contents":"2","tag":"Lit"}]],"tag":"App"},"original":{"contents":[{"Left":"Data.Vec.Base.Vec"},[{"contents":[{"Left":"Level.0ℓ"},[]],"tag":"App"},{"contents":[{"Left":"Data.Bool.Properties.∨-commutativeMonoid"},[{"contents":[{"Left":"Algebra.Bundles.CommutativeMonoid.Carrier"},[]],"tag":"App"}]],"tag":"App"},{"contents":"2","tag":"Lit"}]],"tag":"App"},"reduced":{"contents":[{"Left":"Data.Vec.Base.Vec"},[{"contents":[{"Left":"Level.0ℓ"},[]],"tag":"App"},{"contents":[{"Left":"Data.Bool.Properties.∨-commutativeMonoid"},[{"contents":[{"Left":"Algebra.Bundles.CommutativeMonoid.Carrier"},[]],"tag":"App"}]],"tag":"App"},{"contents":"2","tag":"Lit"}]],"tag":"App"},"simplified":{"contents":[{"Left":"Data.Vec.Base.Vec"},[{"contents":[{"Left":"Level.0ℓ"},[]],"tag":"App"},{"contents":[{"Left":"Agda.Builtin.Bool.Bool"},[]],"tag":"App"},{"contents":"2","tag":"Lit"}]],"tag":"App"}}},"term":{"pretty":"b ∷ c ∷ []","thing":{"normalised":{"contents":[{"Left":"Data.Vec.Base.Vec._∷_"},[{"contents":"1","tag":"Lit"},{"contents":[{"Right":1},[]],"tag":"App"},{"contents":[{"Left":"Data.Vec.Base.Vec._∷_"},[{"contents":"0","tag":"Lit"},{"contents":[{"Right":0},[]],"tag":"App"},{"contents":[{"Left":"Data.Vec.Base.Vec.[]"},[]],"tag":"App"}]],"tag":"App"}]],"tag":"App"},"original":{"contents":[{"Left":"Data.Vec.Base.Vec._∷_"},[{"contents":"1","tag":"Lit"},{"contents":[{"Right":1},[]],"tag":"App"},{"contents":[{"Left":"Data.Vec.Base.Vec._∷_"},[{"contents":"0","tag":"Lit"},{"contents":[{"Right":0},[]],"tag":"App"},{"contents":[{"Left":"Data.Vec.Base.Vec.[]"},[]],"tag":"App"}]],"tag":"App"}]],"tag":"App"},"reduced":{"contents":[{"Left":"Data.Vec.Base.Vec._∷_"},[{"contents":"1","tag":"Lit"},{"contents":[{"Right":1},[]],"tag":"App"},{"contents":[{"Left":"Data.Vec.Base.Vec._∷_"},[{"contents":"0","tag":"Lit"},{"contents":[{"Right":0},[]],"tag":"App"},{"contents":[{"Left":"Data.Vec.Base.Vec.[]"},[]],"tag":"App"}]],"tag":"App"}]],"tag":"App"},"simplified":{"contents":[{"Left":"Data.Vec.Base.Vec._∷_"},[{"contents":"1","tag":"Lit"},{"contents":[{"Right":1},[]],"tag":"App"},{"contents":[{"Left":"Data.Vec.Base.Vec._∷_"},[{"contents":"0","tag":"Lit"},{"contents":[{"Right":0},[]],"tag":"App"},{"contents":[{"Left":"Data.Vec.Base.Vec.[]"},[]],"tag":"App"}]],"tag":"App"}]],"tag":"App"}}},"namesUsed":["Data.Vec.Base.Vec._∷_","Data.Vec.Base.Vec._∷_","Data.Vec.Base.Vec.[]"]},{"ctx":{"pretty":"(a₁ : Data.Bool.Base.Bool) (b₁ : Data.Bool.Base.Bool)\n(c₁ : Data.Bool.Base.Bool)","thing":[{"item":{"contents":[{"Left":"Agda.Builtin.Bool.Bool"},[]],"tag":"App"},"name":"a"},{"item":{"contents":[{"Left":"Agda.Builtin.Bool.Bool"},[]],"tag":"App"},"name":"b"},{"item":{"contents":[{"Left":"Agda.Builtin.Bool.Bool"},[]],"tag":"App"},"name":"c"}]},"goal":{"pretty":"Data.Vec.Base.Vec\n(Algebra.Bundles.CommutativeMonoid.Carrier ∨-commutativeMonoid) 1","thing":{"normalised":{"contents":[{"Left":"Data.Vec.Base.Vec"},[{"contents":"lzero","tag":"Level"},{"contents":[{"Left":"Agda.Builtin.Bool.Bool"},[]],"tag":"App"},{"contents":"1","tag":"Lit"}]],"tag":"App"},"original":{"contents":[{"Left":"Data.Vec.Base.Vec"},[{"contents":[{"Left":"Level.0ℓ"},[]],"tag":"App"},{"contents":[{"Left":"Data.Bool.Properties.∨-commutativeMonoid"},[{"contents":[{"Left":"Algebra.Bundles.CommutativeMonoid.Carrier"},[]],"tag":"App"}]],"tag":"App"},{"contents":"1","tag":"Lit"}]],"tag":"App"},"reduced":{"contents":[{"Left":"Data.Vec.Base.Vec"},[{"contents":[{"Left":"Level.0ℓ"},[]],"tag":"App"},{"contents":[{"Left":"Data.Bool.Properties.∨-commutativeMonoid"},[{"contents":[{"Left":"Algebra.Bundles.CommutativeMonoid.Carrier"},[]],"tag":"App"}]],"tag":"App"},{"contents":"1","tag":"Lit"}]],"tag":"App"},"simplified":{"contents":[{"Left":"Data.Vec.Base.Vec"},[{"contents":[{"Left":"Level.0ℓ"},[]],"tag":"App"},{"contents":[{"Left":"Agda.Builtin.Bool.Bool"},[]],"tag":"App"},{"contents":"1","tag":"Lit"}]],"tag":"App"}}},"term":{"pretty":"c ∷ []","thing":{"normalised":{"contents":[{"Left":"Data.Vec.Base.Vec._∷_"},[{"contents":"0","tag":"Lit"},{"contents":[{"Right":0},[]],"tag":"App"},{"contents":[{"Left":"Data.Vec.Base.Vec.[]"},[]],"tag":"App"}]],"tag":"App"},"original":{"contents":[{"Left":"Data.Vec.Base.Vec._∷_"},[{"contents":"0","tag":"Lit"},{"contents":[{"Right":0},[]],"tag":"App"},{"contents":[{"Left":"Data.Vec.Base.Vec.[]"},[]],"tag":"App"}]],"tag":"App"},"reduced":{"contents":[{"Left":"Data.Vec.Base.Vec._∷_"},[{"contents":"0","tag":"Lit"},{"contents":[{"Right":0},[]],"tag":"App"},{"contents":[{"Left":"Data.Vec.Base.Vec.[]"},[]],"tag":"App"}]],"tag":"App"},"simplified":{"contents":[{"Left":"Data.Vec.Base.Vec._∷_"},[{"contents":"0","tag":"Lit"},{"contents":[{"Right":0},[]],"tag":"App"},{"contents":[{"Left":"Data.Vec.Base.Vec.[]"},[]],"tag":"App"}]],"tag":"App"}}},"namesUsed":["Data.Vec.Base.Vec._∷_","Data.Vec.Base.Vec.[]"]},{"ctx":{"pretty":"(a₁ : Data.Bool.Base.Bool) (b₁ : Data.Bool.Base.Bool)\n(c₁ : Data.Bool.Base.Bool)","thing":[{"item":{"contents":[{"Left":"Agda.Builtin.Bool.Bool"},[]],"tag":"App"},"name":"a"},{"item":{"contents":[{"Left":"Agda.Builtin.Bool.Bool"},[]],"tag":"App"},"name":"b"},{"item":{"contents":[{"Left":"Agda.Builtin.Bool.Bool"},[]],"tag":"App"},"name":"c"}]},"goal":{"pretty":"Data.Vec.Base.Vec\n(Algebra.Bundles.CommutativeMonoid.Carrier ∨-commutativeMonoid) 0","thing":{"normalised":{"contents":[{"Left":"Data.Vec.Base.Vec"},[{"contents":"lzero","tag":"Level"},{"contents":[{"Left":"Agda.Builtin.Bool.Bool"},[]],"tag":"App"},{"contents":"0","tag":"Lit"}]],"tag":"App"},"original":{"contents":[{"Left":"Data.Vec.Base.Vec"},[{"contents":[{"Left":"Level.0ℓ"},[]],"tag":"App"},{"contents":[{"Left":"Data.Bool.Properties.∨-commutativeMonoid"},[{"contents":[{"Left":"Algebra.Bundles.CommutativeMonoid.Carrier"},[]],"tag":"App"}]],"tag":"App"},{"contents":"0","tag":"Lit"}]],"tag":"App"},"reduced":{"contents":[{"Left":"Data.Vec.Base.Vec"},[{"contents":[{"Left":"Level.0ℓ"},[]],"tag":"App"},{"contents":[{"Left":"Data.Bool.Properties.∨-commutativeMonoid"},[{"contents":[{"Left":"Algebra.Bundles.CommutativeMonoid.Carrier"},[]],"tag":"App"}]],"tag":"App"},{"contents":"0","tag":"Lit"}]],"tag":"App"},"simplified":{"contents":[{"Left":"Data.Vec.Base.Vec"},[{"contents":[{"Left":"Level.0ℓ"},[]],"tag":"App"},{"contents":[{"Left":"Agda.Builtin.Bool.Bool"},[]],"tag":"App"},{"contents":"0","tag":"Lit"}]],"tag":"App"}}},"term":{"pretty":"[]","thing":{"normalised":{"contents":[{"Left":"Data.Vec.Base.Vec.[]"},[]],"tag":"App"},"original":{"contents":[{"Left":"Data.Vec.Base.Vec.[]"},[]],"tag":"App"},"reduced":{"contents":[{"Left":"Data.Vec.Base.Vec.[]"},[]],"tag":"App"},"simplified":{"contents":[{"Left":"Data.Vec.Base.Vec.[]"},[]],"tag":"App"}}},"namesUsed":["Data.Vec.Base.Vec.[]"]},{"ctx":{"pretty":"(a : Data.Bool.Base.Bool) (b : Data.Bool.Base.Bool)\n(c : Data.Bool.Base.Bool)","thing":[{"item":{"contents":[{"Left":"Agda.Builtin.Bool.Bool"},[]],"tag":"App"},"name":"a"},{"item":{"contents":[{"Left":"Agda.Builtin.Bool.Bool"},[]],"tag":"App"},"name":"b"},{"item":{"contents":[{"Left":"Agda.Builtin.Bool.Bool"},[]],"tag":"App"},"name":"c"}]},"goal":{"pretty":"Data.Fin.Base.Fin 3","thing":{"normalised":{"contents":[{"Left":"Data.Fin.Base.Fin"},[{"contents":"3","tag":"Lit"}]],"tag":"App"},"original":{"contents":[{"Left":"Data.Fin.Base.Fin"},[{"contents":[{"Left":"Agda.Builtin.Nat.Nat.suc"},[{"contents":"2","tag":"Lit"}]],"tag":"App"}]],"tag":"App"},"reduced":{"contents":[{"Left":"Data.Fin.Base.Fin"},[{"contents":[{"Left":"Agda.Builtin.Nat.Nat.suc"},[{"contents":"2","tag":"Lit"}]],"tag":"App"}]],"tag":"App"},"simplified":{"contents":[{"Left":"Data.Fin.Base.Fin"},[{"contents":[{"Left":"Agda.Builtin.Nat.Nat.suc"},[{"contents":"2","tag":"Lit"}]],"tag":"App"}]],"tag":"App"}}},"term":{"pretty":"zero","thing":{"normalised":{"contents":[{"Left":"Data.Fin.Base.Fin.zero"},[{"contents":"2","tag":"Lit"}]],"tag":"App"},"original":{"contents":[{"Left":"Data.Fin.Base.Fin.zero"},[{"contents":"2","tag":"Lit"}]],"tag":"App"},"reduced":{"contents":[{"Left":"Data.Fin.Base.Fin.zero"},[{"contents":"2","tag":"Lit"}]],"tag":"App"},"simplified":{"contents":[{"Left":"Data.Fin.Base.Fin.zero"},[{"contents":"2","tag":"Lit"}]],"tag":"App"}}},"namesUsed":["Data.Fin.Base.Fin.zero"]},{"ctx":{"pretty":"(a : Data.Bool.Base.Bool) (b : Data.Bool.Base.Bool)\n(c : Data.Bool.Base.Bool)","thing":[{"item":{"contents":[{"Left":"Agda.Builtin.Bool.Bool"},[]],"tag":"App"},"name":"a"},{"item":{"contents":[{"Left":"Agda.Builtin.Bool.Bool"},[]],"tag":"App"},"name":"b"},{"item":{"contents":[{"Left":"Agda.Builtin.Bool.Bool"},[]],"tag":"App"},"name":"c"}]},"goal":{"pretty":"Data.Fin.Base.Fin 2","thing":{"normalised":{"contents":[{"Left":"Data.Fin.Base.Fin"},[{"contents":"2","tag":"Lit"}]],"tag":"App"},"original":{"contents":[{"Left":"Data.Fin.Base.Fin"},[{"contents":[{"Left":"Agda.Builtin.Nat.Nat.suc"},[{"contents":"1","tag":"Lit"}]],"tag":"App"}]],"tag":"App"},"reduced":{"contents":[{"Left":"Data.Fin.Base.Fin"},[{"contents":[{"Left":"Agda.Builtin.Nat.Nat.suc"},[{"contents":"1","tag":"Lit"}]],"tag":"App"}]],"tag":"App"},"simplified":{"contents":[{"Left":"Data.Fin.Base.Fin"},[{"contents":[{"Left":"Agda.Builtin.Nat.Nat.suc"},[{"contents":"1","tag":"Lit"}]],"tag":"App"}]],"tag":"App"}}},"term":{"pretty":"zero","thing":{"normalised":{"contents":[{"Left":"Data.Fin.Base.Fin.zero"},[{"contents":"1","tag":"Lit"}]],"tag":"App"},"original":{"contents":[{"Left":"Data.Fin.Base.Fin.zero"},[{"contents":"1","tag":"Lit"}]],"tag":"App"},"reduced":{"contents":[{"Left":"Data.Fin.Base.Fin.zero"},[{"contents":"1","tag":"Lit"}]],"tag":"App"},"simplified":{"contents":[{"Left":"Data.Fin.Base.Fin.zero"},[{"contents":"1","tag":"Lit"}]],"tag":"App"}}},"namesUsed":["Data.Fin.Base.Fin.zero"]},{"ctx":{"pretty":"(a : Data.Bool.Base.Bool) (b : Data.Bool.Base.Bool)\n(c : Data.Bool.Base.Bool)","thing":[{"item":{"contents":[{"Left":"Agda.Builtin.Bool.Bool"},[]],"tag":"App"},"name":"a"},{"item":{"contents":[{"Left":"Agda.Builtin.Bool.Bool"},[]],"tag":"App"},"name":"b"},{"item":{"contents":[{"Left":"Agda.Builtin.Bool.Bool"},[]],"tag":"App"},"name":"c"}]},"goal":{"pretty":"Data.Fin.Base.Fin 1","thing":{"normalised":{"contents":[{"Left":"Data.Fin.Base.Fin"},[{"contents":"1","tag":"Lit"}]],"tag":"App"},"original":{"contents":[{"Left":"Data.Fin.Base.Fin"},[{"contents":[{"Left":"Agda.Builtin.Nat.Nat.suc"},[{"contents":"0","tag":"Lit"}]],"tag":"App"}]],"tag":"App"},"reduced":{"contents":[{"Left":"Data.Fin.Base.Fin"},[{"contents":[{"Left":"Agda.Builtin.Nat.Nat.suc"},[{"contents":"0","tag":"Lit"}]],"tag":"App"}]],"tag":"App"},"simplified":{"contents":[{"Left":"Data.Fin.Base.Fin"},[{"contents":[{"Left":"Agda.Builtin.Nat.Nat.suc"},[{"contents":"0","tag":"Lit"}]],"tag":"App"}]],"tag":"App"}}},"term":{"pretty":"zero","thing":{"normalised":{"contents":[{"Left":"Data.Fin.Base.Fin.zero"},[{"contents":"0","tag":"Lit"}]],"tag":"App"},"original":{"contents":[{"Left":"Data.Fin.Base.Fin.zero"},[{"contents":"0","tag":"Lit"}]],"tag":"App"},"reduced":{"contents":[{"Left":"Data.Fin.Base.Fin.zero"},[{"contents":"0","tag":"Lit"}]],"tag":"App"},"simplified":{"contents":[{"Left":"Data.Fin.Base.Fin.zero"},[{"contents":"0","tag":"Lit"}]],"tag":"App"}}},"namesUsed":["Data.Fin.Base.Fin.zero"]}]}