{"scope":{"item":[{"item":{"pretty":"{a ℓ : Agda.Primitive.Level} (S : Semiring a ℓ) →\nRawSemiring.Carrier\n(SemiringWithoutAnnihilatingZero.rawSemiring\n (Semiring.semiringWithoutAnnihilatingZero S)) →\nℕ →\nRawSemiring.Carrier\n(SemiringWithoutAnnihilatingZero.rawSemiring\n (Semiring.semiringWithoutAnnihilatingZero S))","thing":{"normalised":{"contents":[{"item":{"contents":[{"Left":"Agda.Primitive.Level"},[]],"tag":"App"},"name":"a"},{"contents":[{"item":{"contents":[{"Left":"Agda.Primitive.Level"},[]],"tag":"App"},"name":"ℓ"},{"contents":[{"item":{"contents":[{"Left":"Algebra.Bundles.Semiring"},[{"contents":[{"Right":1},[]],"tag":"App"},{"contents":[{"Right":0},[]],"tag":"App"}]],"tag":"App"},"name":"S"},{"contents":[{"item":{"contents":[{"Right":0},[{"contents":[{"Left":"Algebra.Bundles.Semiring.Carrier"},[]],"tag":"App"}]],"tag":"App"},"name":"_"},{"contents":[{"item":{"contents":[{"Left":"Agda.Builtin.Nat.Nat"},[]],"tag":"App"},"name":"_"},{"contents":[{"Right":0},[{"contents":[{"Left":"Algebra.Bundles.Semiring.Carrier"},[]],"tag":"App"}]],"tag":"App"}],"tag":"Pi"}],"tag":"Pi"}],"tag":"Pi"}],"tag":"Pi"}],"tag":"Pi"},"original":{"contents":[{"item":{"contents":[{"Left":"Agda.Primitive.Level"},[]],"tag":"App"},"name":"a"},{"contents":[{"item":{"contents":[{"Left":"Agda.Primitive.Level"},[]],"tag":"App"},"name":"ℓ"},{"contents":[{"item":{"contents":[{"Left":"Algebra.Bundles.Semiring"},[{"contents":[{"Right":1},[]],"tag":"App"},{"contents":[{"Right":0},[]],"tag":"App"}]],"tag":"App"},"name":"S"},{"contents":[{"item":{"contents":[{"Left":"Algebra.Bundles.SemiringWithoutAnnihilatingZero.rawSemiring"},[{"contents":[{"Right":2},[]],"tag":"App"},{"contents":[{"Right":1},[]],"tag":"App"},{"contents":[{"Left":"Algebra.Bundles.Semiring.semiringWithoutAnnihilatingZero"},[{"contents":[{"Right":2},[]],"tag":"App"},{"contents":[{"Right":1},[]],"tag":"App"},{"contents":[{"Right":0},[]],"tag":"App"}]],"tag":"App"},{"contents":[{"Left":"Algebra.Bundles.RawSemiring.Carrier"},[]],"tag":"App"}]],"tag":"App"},"name":"_"},{"contents":[{"item":{"contents":[{"Left":"Agda.Builtin.Nat.Nat"},[]],"tag":"App"},"name":"_"},{"contents":[{"Left":"Algebra.Bundles.SemiringWithoutAnnihilatingZero.rawSemiring"},[{"contents":[{"Right":2},[]],"tag":"App"},{"contents":[{"Right":1},[]],"tag":"App"},{"contents":[{"Left":"Algebra.Bundles.Semiring.semiringWithoutAnnihilatingZero"},[{"contents":[{"Right":2},[]],"tag":"App"},{"contents":[{"Right":1},[]],"tag":"App"},{"contents":[{"Right":0},[]],"tag":"App"}]],"tag":"App"},{"contents":[{"Left":"Algebra.Bundles.RawSemiring.Carrier"},[]],"tag":"App"}]],"tag":"App"}],"tag":"Pi"}],"tag":"Pi"}],"tag":"Pi"}],"tag":"Pi"}],"tag":"Pi"},"reduced":{"contents":[{"item":{"contents":[{"Left":"Agda.Primitive.Level"},[]],"tag":"App"},"name":"a"},{"contents":[{"item":{"contents":[{"Left":"Agda.Primitive.Level"},[]],"tag":"App"},"name":"ℓ"},{"contents":[{"item":{"contents":[{"Left":"Algebra.Bundles.Semiring"},[{"contents":[{"Right":1},[]],"tag":"App"},{"contents":[{"Right":0},[]],"tag":"App"}]],"tag":"App"},"name":"S"},{"contents":[{"item":{"contents":[{"Left":"Algebra.Bundles.SemiringWithoutAnnihilatingZero.rawSemiring"},[{"contents":[{"Right":2},[]],"tag":"App"},{"contents":[{"Right":1},[]],"tag":"App"},{"contents":[{"Left":"Algebra.Bundles.Semiring.semiringWithoutAnnihilatingZero"},[{"contents":[{"Right":2},[]],"tag":"App"},{"contents":[{"Right":1},[]],"tag":"App"},{"contents":[{"Right":0},[]],"tag":"App"}]],"tag":"App"},{"contents":[{"Left":"Algebra.Bundles.RawSemiring.Carrier"},[]],"tag":"App"}]],"tag":"App"},"name":"_"},{"contents":[{"item":{"contents":[{"Left":"Agda.Builtin.Nat.Nat"},[]],"tag":"App"},"name":"_"},{"contents":[{"Left":"Algebra.Bundles.SemiringWithoutAnnihilatingZero.rawSemiring"},[{"contents":[{"Right":2},[]],"tag":"App"},{"contents":[{"Right":1},[]],"tag":"App"},{"contents":[{"Left":"Algebra.Bundles.Semiring.semiringWithoutAnnihilatingZero"},[{"contents":[{"Right":2},[]],"tag":"App"},{"contents":[{"Right":1},[]],"tag":"App"},{"contents":[{"Right":0},[]],"tag":"App"}]],"tag":"App"},{"contents":[{"Left":"Algebra.Bundles.RawSemiring.Carrier"},[]],"tag":"App"}]],"tag":"App"}],"tag":"Pi"}],"tag":"Pi"}],"tag":"Pi"}],"tag":"Pi"}],"tag":"Pi"},"simplified":{"contents":[{"item":{"contents":[{"Left":"Agda.Primitive.Level"},[]],"tag":"App"},"name":"a"},{"contents":[{"item":{"contents":[{"Left":"Agda.Primitive.Level"},[]],"tag":"App"},"name":"ℓ"},{"contents":[{"item":{"contents":[{"Left":"Algebra.Bundles.Semiring"},[{"contents":[{"Right":1},[]],"tag":"App"},{"contents":[{"Right":0},[]],"tag":"App"}]],"tag":"App"},"name":"S"},{"contents":[{"item":{"contents":[{"Right":0},[{"contents":[{"Left":"Algebra.Bundles.Semiring.Carrier"},[]],"tag":"App"}]],"tag":"App"},"name":"_"},{"contents":[{"item":{"contents":[{"Left":"Agda.Builtin.Nat.Nat"},[]],"tag":"App"},"name":"_"},{"contents":[{"Right":0},[{"contents":[{"Left":"Algebra.Bundles.Semiring.Carrier"},[]],"tag":"App"}]],"tag":"App"}],"tag":"Pi"}],"tag":"Pi"}],"tag":"Pi"}],"tag":"Pi"}],"tag":"Pi"}}},"name":"Algebra.Properties.Semiring.Exp._._^_"},{"item":{"pretty":"{a ℓ : Agda.Primitive.Level} (S : Semiring a ℓ) (n : ℕ) →\n(λ section → (S ^ section) n) Preserves Semiring._≈_ S ⟶\nSemiring._≈_ S","thing":{"normalised":{"contents":[{"item":{"contents":[{"Left":"Agda.Primitive.Level"},[]],"tag":"App"},"name":"a"},{"contents":[{"item":{"contents":[{"Left":"Agda.Primitive.Level"},[]],"tag":"App"},"name":"ℓ"},{"contents":[{"item":{"contents":[{"Left":"Algebra.Bundles.Semiring"},[{"contents":[{"Right":1},[]],"tag":"App"},{"contents":[{"Right":0},[]],"tag":"App"}]],"tag":"App"},"name":"S"},{"contents":[{"item":{"contents":[{"Left":"Agda.Builtin.Nat.Nat"},[]],"tag":"App"},"name":"n"},{"contents":[{"item":{"contents":[{"Right":1},[{"contents":[{"Left":"Algebra.Bundles.Semiring.Carrier"},[]],"tag":"App"}]],"tag":"App"},"name":"x"},{"contents":[{"item":{"contents":[{"Right":2},[{"contents":[{"Left":"Algebra.Bundles.Semiring.Carrier"},[]],"tag":"App"}]],"tag":"App"},"name":"y"},{"contents":[{"item":{"contents":[{"Right":3},[{"contents":[{"Left":"Algebra.Bundles.Semiring._≈_"},[]],"tag":"App"},{"contents":[{"Right":1},[]],"tag":"App"},{"contents":[{"Right":0},[]],"tag":"App"}]],"tag":"App"},"name":"_"},{"contents":[{"Right":3},[{"contents":[{"Left":"Algebra.Bundles.Semiring._≈_"},[]],"tag":"App"},{"contents":[{"Left":"Algebra.Definitions.RawMonoid._×_"},[{"contents":[{"Right":5},[]],"tag":"App"},{"contents":[{"Right":4},[]],"tag":"App"},{"contents":[{"Left":"Algebra.Bundles.RawSemiring.*-rawMonoid"},[{"contents":[{"Right":5},[]],"tag":"App"},{"contents":[{"Right":4},[]],"tag":"App"},{"contents":[{"Left":"Algebra.Bundles.SemiringWithoutAnnihilatingZero.rawSemiring"},[{"contents":[{"Right":5},[]],"tag":"App"},{"contents":[{"Right":4},[]],"tag":"App"},{"contents":[{"Left":"Algebra.Bundles.Semiring.semiringWithoutAnnihilatingZero"},[{"contents":[{"Right":5},[]],"tag":"App"},{"contents":[{"Right":4},[]],"tag":"App"},{"contents":[{"Right":3},[]],"tag":"App"}]],"tag":"App"}]],"tag":"App"}]],"tag":"App"},{"contents":[{"Right":2},[]],"tag":"App"},{"contents":[{"Right":1},[]],"tag":"App"}]],"tag":"App"},{"contents":[{"Left":"Algebra.Definitions.RawMonoid._×_"},[{"contents":[{"Right":5},[]],"tag":"App"},{"contents":[{"Right":4},[]],"tag":"App"},{"contents":[{"Left":"Algebra.Bundles.RawSemiring.*-rawMonoid"},[{"contents":[{"Right":5},[]],"tag":"App"},{"contents":[{"Right":4},[]],"tag":"App"},{"contents":[{"Left":"Algebra.Bundles.SemiringWithoutAnnihilatingZero.rawSemiring"},[{"contents":[{"Right":5},[]],"tag":"App"},{"contents":[{"Right":4},[]],"tag":"App"},{"contents":[{"Left":"Algebra.Bundles.Semiring.semiringWithoutAnnihilatingZero"},[{"contents":[{"Right":5},[]],"tag":"App"},{"contents":[{"Right":4},[]],"tag":"App"},{"contents":[{"Right":3},[]],"tag":"App"}]],"tag":"App"}]],"tag":"App"}]],"tag":"App"},{"contents":[{"Right":2},[]],"tag":"App"},{"contents":[{"Right":0},[]],"tag":"App"}]],"tag":"App"}]],"tag":"App"}],"tag":"Pi"}],"tag":"Pi"}],"tag":"Pi"}],"tag":"Pi"}],"tag":"Pi"}],"tag":"Pi"}],"tag":"Pi"},"original":{"contents":[{"item":{"contents":[{"Left":"Agda.Primitive.Level"},[]],"tag":"App"},"name":"a"},{"contents":[{"item":{"contents":[{"Left":"Agda.Primitive.Level"},[]],"tag":"App"},"name":"ℓ"},{"contents":[{"item":{"contents":[{"Left":"Algebra.Bundles.Semiring"},[{"contents":[{"Right":1},[]],"tag":"App"},{"contents":[{"Right":0},[]],"tag":"App"}]],"tag":"App"},"name":"S"},{"contents":[{"item":{"contents":[{"Left":"Agda.Builtin.Nat.Nat"},[]],"tag":"App"},"name":"n"},{"contents":[{"Left":"Relation.Binary.Core._Preserves_⟶_"},[{"contents":[{"Right":3},[]],"tag":"App"},{"contents":[{"Left":"Algebra.Bundles.SemiringWithoutAnnihilatingZero.rawSemiring"},[{"contents":[{"Right":3},[]],"tag":"App"},{"contents":[{"Right":2},[]],"tag":"App"},{"contents":[{"Left":"Algebra.Bundles.Semiring.semiringWithoutAnnihilatingZero"},[{"contents":[{"Right":3},[]],"tag":"App"},{"contents":[{"Right":2},[]],"tag":"App"},{"contents":[{"Right":1},[]],"tag":"App"}]],"tag":"App"},{"contents":[{"Left":"Algebra.Bundles.RawSemiring.Carrier"},[]],"tag":"App"}]],"tag":"App"},{"contents":[{"Right":3},[]],"tag":"App"},{"contents":[{"Right":1},[{"contents":[{"Left":"Algebra.Bundles.Semiring.Carrier"},[]],"tag":"App"}]],"tag":"App"},{"contents":[{"Right":2},[]],"tag":"App"},{"contents":[{"Right":2},[]],"tag":"App"},{"contents":{"item":{"contents":[{"Left":"Algebra.Properties.Semiring.Exp._._^_"},[{"contents":[{"Right":4},[]],"tag":"App"},{"contents":[{"Right":3},[]],"tag":"App"},{"contents":[{"Right":2},[]],"tag":"App"},{"contents":[{"Right":0},[]],"tag":"App"},{"contents":[{"Right":1},[]],"tag":"App"}]],"tag":"App"},"name":"section"},"tag":"Lam"},{"contents":[{"Right":1},[{"contents":[{"Left":"Algebra.Bundles.Semiring._≈_"},[]],"tag":"App"}]],"tag":"App"},{"contents":[{"Right":1},[{"contents":[{"Left":"Algebra.Bundles.Semiring._≈_"},[]],"tag":"App"}]],"tag":"App"}]],"tag":"App"}],"tag":"Pi"}],"tag":"Pi"}],"tag":"Pi"}],"tag":"Pi"},"reduced":{"contents":[{"item":{"contents":[{"Left":"Agda.Primitive.Level"},[]],"tag":"App"},"name":"a"},{"contents":[{"item":{"contents":[{"Left":"Agda.Primitive.Level"},[]],"tag":"App"},"name":"ℓ"},{"contents":[{"item":{"contents":[{"Left":"Algebra.Bundles.Semiring"},[{"contents":[{"Right":1},[]],"tag":"App"},{"contents":[{"Right":0},[]],"tag":"App"}]],"tag":"App"},"name":"S"},{"contents":[{"item":{"contents":[{"Left":"Agda.Builtin.Nat.Nat"},[]],"tag":"App"},"name":"n"},{"contents":[{"Left":"Relation.Binary.Core._Preserves_⟶_"},[{"contents":[{"Right":3},[]],"tag":"App"},{"contents":[{"Left":"Algebra.Bundles.SemiringWithoutAnnihilatingZero.rawSemiring"},[{"contents":[{"Right":3},[]],"tag":"App"},{"contents":[{"Right":2},[]],"tag":"App"},{"contents":[{"Left":"Algebra.Bundles.Semiring.semiringWithoutAnnihilatingZero"},[{"contents":[{"Right":3},[]],"tag":"App"},{"contents":[{"Right":2},[]],"tag":"App"},{"contents":[{"Right":1},[]],"tag":"App"}]],"tag":"App"},{"contents":[{"Left":"Algebra.Bundles.RawSemiring.Carrier"},[]],"tag":"App"}]],"tag":"App"},{"contents":[{"Right":3},[]],"tag":"App"},{"contents":[{"Right":1},[{"contents":[{"Left":"Algebra.Bundles.Semiring.Carrier"},[]],"tag":"App"}]],"tag":"App"},{"contents":[{"Right":2},[]],"tag":"App"},{"contents":[{"Right":2},[]],"tag":"App"},{"contents":{"item":{"contents":[{"Left":"Algebra.Properties.Semiring.Exp._._^_"},[{"contents":[{"Right":4},[]],"tag":"App"},{"contents":[{"Right":3},[]],"tag":"App"},{"contents":[{"Right":2},[]],"tag":"App"},{"contents":[{"Right":0},[]],"tag":"App"},{"contents":[{"Right":1},[]],"tag":"App"}]],"tag":"App"},"name":"section"},"tag":"Lam"},{"contents":[{"Right":1},[{"contents":[{"Left":"Algebra.Bundles.Semiring._≈_"},[]],"tag":"App"}]],"tag":"App"},{"contents":[{"Right":1},[{"contents":[{"Left":"Algebra.Bundles.Semiring._≈_"},[]],"tag":"App"}]],"tag":"App"}]],"tag":"App"}],"tag":"Pi"}],"tag":"Pi"}],"tag":"Pi"}],"tag":"Pi"},"simplified":{"contents":[{"item":{"contents":[{"Left":"Agda.Primitive.Level"},[]],"tag":"App"},"name":"a"},{"contents":[{"item":{"contents":[{"Left":"Agda.Primitive.Level"},[]],"tag":"App"},"name":"ℓ"},{"contents":[{"item":{"contents":[{"Left":"Algebra.Bundles.Semiring"},[{"contents":[{"Right":1},[]],"tag":"App"},{"contents":[{"Right":0},[]],"tag":"App"}]],"tag":"App"},"name":"S"},{"contents":[{"item":{"contents":[{"Left":"Agda.Builtin.Nat.Nat"},[]],"tag":"App"},"name":"n"},{"contents":[{"Left":"Relation.Binary.Core._Preserves_⟶_"},[{"contents":[{"Right":3},[]],"tag":"App"},{"contents":[{"Right":1},[{"contents":[{"Left":"Algebra.Bundles.Semiring.Carrier"},[]],"tag":"App"}]],"tag":"App"},{"contents":[{"Right":3},[]],"tag":"App"},{"contents":[{"Right":1},[{"contents":[{"Left":"Algebra.Bundles.Semiring.Carrier"},[]],"tag":"App"}]],"tag":"App"},{"contents":[{"Right":2},[]],"tag":"App"},{"contents":[{"Right":2},[]],"tag":"App"},{"contents":{"item":{"contents":[{"Left":"Algebra.Properties.Semiring.Exp._._^_"},[{"contents":[{"Right":4},[]],"tag":"App"},{"contents":[{"Right":3},[]],"tag":"App"},{"contents":[{"Right":2},[]],"tag":"App"},{"contents":[{"Right":0},[]],"tag":"App"},{"contents":[{"Right":1},[]],"tag":"App"}]],"tag":"App"},"name":"section"},"tag":"Lam"},{"contents":[{"Right":1},[{"contents":[{"Left":"Algebra.Bundles.Semiring._≈_"},[]],"tag":"App"}]],"tag":"App"},{"contents":[{"Right":1},[{"contents":[{"Left":"Algebra.Bundles.Semiring._≈_"},[]],"tag":"App"}]],"tag":"App"}]],"tag":"App"}],"tag":"Pi"}],"tag":"Pi"}],"tag":"Pi"}],"tag":"Pi"}}},"name":"Algebra.Properties.Semiring.Exp.^-congˡ"},{"item":{"pretty":"{a ℓ : Agda.Primitive.Level} (S : Semiring a ℓ) →\n_^_ S Preserves₂ Semiring._≈_ S ⟶ _≡_ ⟶ Semiring._≈_ S","thing":{"normalised":{"contents":[{"item":{"contents":[{"Left":"Agda.Primitive.Level"},[]],"tag":"App"},"name":"a"},{"contents":[{"item":{"contents":[{"Left":"Agda.Primitive.Level"},[]],"tag":"App"},"name":"ℓ"},{"contents":[{"item":{"contents":[{"Left":"Algebra.Bundles.Semiring"},[{"contents":[{"Right":1},[]],"tag":"App"},{"contents":[{"Right":0},[]],"tag":"App"}]],"tag":"App"},"name":"S"},{"contents":[{"item":{"contents":[{"Right":0},[{"contents":[{"Left":"Algebra.Bundles.Semiring.Carrier"},[]],"tag":"App"}]],"tag":"App"},"name":"x"},{"contents":[{"item":{"contents":[{"Right":1},[{"contents":[{"Left":"Algebra.Bundles.Semiring.Carrier"},[]],"tag":"App"}]],"tag":"App"},"name":"y"},{"contents":[{"item":{"contents":[{"Left":"Agda.Builtin.Nat.Nat"},[]],"tag":"App"},"name":"u"},{"contents":[{"item":{"contents":[{"Left":"Agda.Builtin.Nat.Nat"},[]],"tag":"App"},"name":"v"},{"contents":[{"item":{"contents":[{"Right":4},[{"contents":[{"Left":"Algebra.Bundles.Semiring._≈_"},[]],"tag":"App"},{"contents":[{"Right":3},[]],"tag":"App"},{"contents":[{"Right":2},[]],"tag":"App"}]],"tag":"App"},"name":"_"},{"contents":[{"item":{"contents":[{"Left":"Agda.Builtin.Equality._≡_"},[{"contents":"lzero","tag":"Level"},{"contents":[{"Left":"Agda.Builtin.Nat.Nat"},[]],"tag":"App"},{"contents":[{"Right":1},[]],"tag":"App"},{"contents":[{"Right":0},[]],"tag":"App"}]],"tag":"App"},"name":"_"},{"contents":[{"Right":4},[{"contents":[{"Left":"Algebra.Bundles.Semiring._≈_"},[]],"tag":"App"},{"contents":[{"Left":"Algebra.Definitions.RawMonoid._×_"},[{"contents":[{"Right":6},[]],"tag":"App"},{"contents":[{"Right":5},[]],"tag":"App"},{"contents":[{"Left":"Algebra.Bundles.RawSemiring.*-rawMonoid"},[{"contents":[{"Right":6},[]],"tag":"App"},{"contents":[{"Right":5},[]],"tag":"App"},{"contents":[{"Left":"Algebra.Bundles.SemiringWithoutAnnihilatingZero.rawSemiring"},[{"contents":[{"Right":6},[]],"tag":"App"},{"contents":[{"Right":5},[]],"tag":"App"},{"contents":[{"Left":"Algebra.Bundles.Semiring.semiringWithoutAnnihilatingZero"},[{"contents":[{"Right":6},[]],"tag":"App"},{"contents":[{"Right":5},[]],"tag":"App"},{"contents":[{"Right":4},[]],"tag":"App"}]],"tag":"App"}]],"tag":"App"}]],"tag":"App"},{"contents":[{"Right":1},[]],"tag":"App"},{"contents":[{"Right":3},[]],"tag":"App"}]],"tag":"App"},{"contents":[{"Left":"Algebra.Definitions.RawMonoid._×_"},[{"contents":[{"Right":6},[]],"tag":"App"},{"contents":[{"Right":5},[]],"tag":"App"},{"contents":[{"Left":"Algebra.Bundles.RawSemiring.*-rawMonoid"},[{"contents":[{"Right":6},[]],"tag":"App"},{"contents":[{"Right":5},[]],"tag":"App"},{"contents":[{"Left":"Algebra.Bundles.SemiringWithoutAnnihilatingZero.rawSemiring"},[{"contents":[{"Right":6},[]],"tag":"App"},{"contents":[{"Right":5},[]],"tag":"App"},{"contents":[{"Left":"Algebra.Bundles.Semiring.semiringWithoutAnnihilatingZero"},[{"contents":[{"Right":6},[]],"tag":"App"},{"contents":[{"Right":5},[]],"tag":"App"},{"contents":[{"Right":4},[]],"tag":"App"}]],"tag":"App"}]],"tag":"App"}]],"tag":"App"},{"contents":[{"Right":0},[]],"tag":"App"},{"contents":[{"Right":2},[]],"tag":"App"}]],"tag":"App"}]],"tag":"App"}],"tag":"Pi"}],"tag":"Pi"}],"tag":"Pi"}],"tag":"Pi"}],"tag":"Pi"}],"tag":"Pi"}],"tag":"Pi"}],"tag":"Pi"}],"tag":"Pi"},"original":{"contents":[{"item":{"contents":[{"Left":"Agda.Primitive.Level"},[]],"tag":"App"},"name":"a"},{"contents":[{"item":{"contents":[{"Left":"Agda.Primitive.Level"},[]],"tag":"App"},"name":"ℓ"},{"contents":[{"item":{"contents":[{"Left":"Algebra.Bundles.Semiring"},[{"contents":[{"Right":1},[]],"tag":"App"},{"contents":[{"Right":0},[]],"tag":"App"}]],"tag":"App"},"name":"S"},{"contents":[{"Left":"Relation.Binary.Core._Preserves₂_⟶_⟶_"},[{"contents":[{"Right":2},[]],"tag":"App"},{"contents":[{"Left":"Algebra.Bundles.SemiringWithoutAnnihilatingZero.rawSemiring"},[{"contents":[{"Right":2},[]],"tag":"App"},{"contents":[{"Right":1},[]],"tag":"App"},{"contents":[{"Left":"Algebra.Bundles.Semiring.semiringWithoutAnnihilatingZero"},[{"contents":[{"Right":2},[]],"tag":"App"},{"contents":[{"Right":1},[]],"tag":"App"},{"contents":[{"Right":0},[]],"tag":"App"}]],"tag":"App"},{"contents":[{"Left":"Algebra.Bundles.RawSemiring.Carrier"},[]],"tag":"App"}]],"tag":"App"},{"contents":"lzero","tag":"Level"},{"contents":[{"Left":"Agda.Builtin.Nat.Nat"},[]],"tag":"App"},{"contents":[{"Right":2},[]],"tag":"App"},{"contents":[{"Left":"Algebra.Bundles.SemiringWithoutAnnihilatingZero.rawSemiring"},[{"contents":[{"Right":2},[]],"tag":"App"},{"contents":[{"Right":1},[]],"tag":"App"},{"contents":[{"Left":"Algebra.Bundles.Semiring.semiringWithoutAnnihilatingZero"},[{"contents":[{"Right":2},[]],"tag":"App"},{"contents":[{"Right":1},[]],"tag":"App"},{"contents":[{"Right":0},[]],"tag":"App"}]],"tag":"App"},{"contents":[{"Left":"Algebra.Bundles.RawSemiring.Carrier"},[]],"tag":"App"}]],"tag":"App"},{"contents":[{"Right":1},[]],"tag":"App"},{"contents":"lzero","tag":"Level"},{"contents":[{"Right":1},[]],"tag":"App"},{"contents":[{"Left":"Algebra.Properties.Semiring.Exp._._^_"},[{"contents":[{"Right":2},[]],"tag":"App"},{"contents":[{"Right":1},[]],"tag":"App"},{"contents":[{"Right":0},[]],"tag":"App"}]],"tag":"App"},{"contents":[{"Right":0},[{"contents":[{"Left":"Algebra.Bundles.Semiring._≈_"},[]],"tag":"App"}]],"tag":"App"},{"contents":[{"Left":"Agda.Builtin.Equality._≡_"},[{"contents":"lzero","tag":"Level"},{"contents":[{"Left":"Agda.Builtin.Nat.Nat"},[]],"tag":"App"}]],"tag":"App"},{"contents":[{"Right":0},[{"contents":[{"Left":"Algebra.Bundles.Semiring._≈_"},[]],"tag":"App"}]],"tag":"App"}]],"tag":"App"}],"tag":"Pi"}],"tag":"Pi"}],"tag":"Pi"},"reduced":{"contents":[{"item":{"contents":[{"Left":"Agda.Primitive.Level"},[]],"tag":"App"},"name":"a"},{"contents":[{"item":{"contents":[{"Left":"Agda.Primitive.Level"},[]],"tag":"App"},"name":"ℓ"},{"contents":[{"item":{"contents":[{"Left":"Algebra.Bundles.Semiring"},[{"contents":[{"Right":1},[]],"tag":"App"},{"contents":[{"Right":0},[]],"tag":"App"}]],"tag":"App"},"name":"S"},{"contents":[{"Left":"Relation.Binary.Core._Preserves₂_⟶_⟶_"},[{"contents":[{"Right":2},[]],"tag":"App"},{"contents":[{"Left":"Algebra.Bundles.SemiringWithoutAnnihilatingZero.rawSemiring"},[{"contents":[{"Right":2},[]],"tag":"App"},{"contents":[{"Right":1},[]],"tag":"App"},{"contents":[{"Left":"Algebra.Bundles.Semiring.semiringWithoutAnnihilatingZero"},[{"contents":[{"Right":2},[]],"tag":"App"},{"contents":[{"Right":1},[]],"tag":"App"},{"contents":[{"Right":0},[]],"tag":"App"}]],"tag":"App"},{"contents":[{"Left":"Algebra.Bundles.RawSemiring.Carrier"},[]],"tag":"App"}]],"tag":"App"},{"contents":"lzero","tag":"Level"},{"contents":[{"Left":"Agda.Builtin.Nat.Nat"},[]],"tag":"App"},{"contents":[{"Right":2},[]],"tag":"App"},{"contents":[{"Left":"Algebra.Bundles.SemiringWithoutAnnihilatingZero.rawSemiring"},[{"contents":[{"Right":2},[]],"tag":"App"},{"contents":[{"Right":1},[]],"tag":"App"},{"contents":[{"Left":"Algebra.Bundles.Semiring.semiringWithoutAnnihilatingZero"},[{"contents":[{"Right":2},[]],"tag":"App"},{"contents":[{"Right":1},[]],"tag":"App"},{"contents":[{"Right":0},[]],"tag":"App"}]],"tag":"App"},{"contents":[{"Left":"Algebra.Bundles.RawSemiring.Carrier"},[]],"tag":"App"}]],"tag":"App"},{"contents":[{"Right":1},[]],"tag":"App"},{"contents":"lzero","tag":"Level"},{"contents":[{"Right":1},[]],"tag":"App"},{"contents":[{"Left":"Algebra.Properties.Semiring.Exp._._^_"},[{"contents":[{"Right":2},[]],"tag":"App"},{"contents":[{"Right":1},[]],"tag":"App"},{"contents":[{"Right":0},[]],"tag":"App"}]],"tag":"App"},{"contents":[{"Right":0},[{"contents":[{"Left":"Algebra.Bundles.Semiring._≈_"},[]],"tag":"App"}]],"tag":"App"},{"contents":[{"Left":"Agda.Builtin.Equality._≡_"},[{"contents":"lzero","tag":"Level"},{"contents":[{"Left":"Agda.Builtin.Nat.Nat"},[]],"tag":"App"}]],"tag":"App"},{"contents":[{"Right":0},[{"contents":[{"Left":"Algebra.Bundles.Semiring._≈_"},[]],"tag":"App"}]],"tag":"App"}]],"tag":"App"}],"tag":"Pi"}],"tag":"Pi"}],"tag":"Pi"},"simplified":{"contents":[{"item":{"contents":[{"Left":"Agda.Primitive.Level"},[]],"tag":"App"},"name":"a"},{"contents":[{"item":{"contents":[{"Left":"Agda.Primitive.Level"},[]],"tag":"App"},"name":"ℓ"},{"contents":[{"item":{"contents":[{"Left":"Algebra.Bundles.Semiring"},[{"contents":[{"Right":1},[]],"tag":"App"},{"contents":[{"Right":0},[]],"tag":"App"}]],"tag":"App"},"name":"S"},{"contents":[{"Left":"Relation.Binary.Core._Preserves₂_⟶_⟶_"},[{"contents":[{"Right":2},[]],"tag":"App"},{"contents":[{"Right":0},[{"contents":[{"Left":"Algebra.Bundles.Semiring.Carrier"},[]],"tag":"App"}]],"tag":"App"},{"contents":"lzero","tag":"Level"},{"contents":[{"Left":"Agda.Builtin.Nat.Nat"},[]],"tag":"App"},{"contents":[{"Right":2},[]],"tag":"App"},{"contents":[{"Right":0},[{"contents":[{"Left":"Algebra.Bundles.Semiring.Carrier"},[]],"tag":"App"}]],"tag":"App"},{"contents":[{"Right":1},[]],"tag":"App"},{"contents":"lzero","tag":"Level"},{"contents":[{"Right":1},[]],"tag":"App"},{"contents":[{"Left":"Algebra.Properties.Semiring.Exp._._^_"},[{"contents":[{"Right":2},[]],"tag":"App"},{"contents":[{"Right":1},[]],"tag":"App"},{"contents":[{"Right":0},[]],"tag":"App"}]],"tag":"App"},{"contents":[{"Right":0},[{"contents":[{"Left":"Algebra.Bundles.Semiring._≈_"},[]],"tag":"App"}]],"tag":"App"},{"contents":[{"Left":"Agda.Builtin.Equality._≡_"},[{"contents":"lzero","tag":"Level"},{"contents":[{"Left":"Agda.Builtin.Nat.Nat"},[]],"tag":"App"}]],"tag":"App"},{"contents":[{"Right":0},[{"contents":[{"Left":"Algebra.Bundles.Semiring._≈_"},[]],"tag":"App"}]],"tag":"App"}]],"tag":"App"}],"tag":"Pi"}],"tag":"Pi"}],"tag":"Pi"}}},"name":"Algebra.Properties.Semiring.Exp.^-cong"},{"item":{"pretty":"{a ℓ : Agda.Primitive.Level} (S : Semiring a ℓ)\n(x\n : RawSemiring.Carrier\n   (SemiringWithoutAnnihilatingZero.rawSemiring\n    (Semiring.semiringWithoutAnnihilatingZero S)))\n(m n : ℕ) →\n(S Semiring.≈ (S ^ x) (m ℕ.+ n))\n((S Semiring.* (S ^ x) m) ((S ^ x) n))","thing":{"normalised":{"contents":[{"item":{"contents":[{"Left":"Agda.Primitive.Level"},[]],"tag":"App"},"name":"a"},{"contents":[{"item":{"contents":[{"Left":"Agda.Primitive.Level"},[]],"tag":"App"},"name":"ℓ"},{"contents":[{"item":{"contents":[{"Left":"Algebra.Bundles.Semiring"},[{"contents":[{"Right":1},[]],"tag":"App"},{"contents":[{"Right":0},[]],"tag":"App"}]],"tag":"App"},"name":"S"},{"contents":[{"item":{"contents":[{"Right":0},[{"contents":[{"Left":"Algebra.Bundles.Semiring.Carrier"},[]],"tag":"App"}]],"tag":"App"},"name":"x"},{"contents":[{"item":{"contents":[{"Left":"Agda.Builtin.Nat.Nat"},[]],"tag":"App"},"name":"m"},{"contents":[{"item":{"contents":[{"Left":"Agda.Builtin.Nat.Nat"},[]],"tag":"App"},"name":"n"},{"contents":[{"Right":3},[{"contents":[{"Left":"Algebra.Bundles.Semiring._≈_"},[]],"tag":"App"},{"contents":[{"Left":"Algebra.Definitions.RawMonoid._×_"},[{"contents":[{"Right":5},[]],"tag":"App"},{"contents":[{"Right":4},[]],"tag":"App"},{"contents":[{"Left":"Algebra.Bundles.RawSemiring.*-rawMonoid"},[{"contents":[{"Right":5},[]],"tag":"App"},{"contents":[{"Right":4},[]],"tag":"App"},{"contents":[{"Left":"Algebra.Bundles.SemiringWithoutAnnihilatingZero.rawSemiring"},[{"contents":[{"Right":5},[]],"tag":"App"},{"contents":[{"Right":4},[]],"tag":"App"},{"contents":[{"Left":"Algebra.Bundles.Semiring.semiringWithoutAnnihilatingZero"},[{"contents":[{"Right":5},[]],"tag":"App"},{"contents":[{"Right":4},[]],"tag":"App"},{"contents":[{"Right":3},[]],"tag":"App"}]],"tag":"App"}]],"tag":"App"}]],"tag":"App"},{"contents":[{"Left":"Agda.Builtin.Nat._+_"},[{"contents":[{"Right":1},[]],"tag":"App"},{"contents":[{"Right":0},[]],"tag":"App"}]],"tag":"App"},{"contents":[{"Right":2},[]],"tag":"App"}]],"tag":"App"},{"contents":[{"Right":3},[{"contents":[{"Left":"Algebra.Bundles.Semiring._*_"},[]],"tag":"App"},{"contents":[{"Left":"Algebra.Definitions.RawMonoid._×_"},[{"contents":[{"Right":5},[]],"tag":"App"},{"contents":[{"Right":4},[]],"tag":"App"},{"contents":[{"Left":"Algebra.Bundles.RawSemiring.*-rawMonoid"},[{"contents":[{"Right":5},[]],"tag":"App"},{"contents":[{"Right":4},[]],"tag":"App"},{"contents":[{"Left":"Algebra.Bundles.SemiringWithoutAnnihilatingZero.rawSemiring"},[{"contents":[{"Right":5},[]],"tag":"App"},{"contents":[{"Right":4},[]],"tag":"App"},{"contents":[{"Left":"Algebra.Bundles.Semiring.semiringWithoutAnnihilatingZero"},[{"contents":[{"Right":5},[]],"tag":"App"},{"contents":[{"Right":4},[]],"tag":"App"},{"contents":[{"Right":3},[]],"tag":"App"}]],"tag":"App"}]],"tag":"App"}]],"tag":"App"},{"contents":[{"Right":1},[]],"tag":"App"},{"contents":[{"Right":2},[]],"tag":"App"}]],"tag":"App"},{"contents":[{"Left":"Algebra.Definitions.RawMonoid._×_"},[{"contents":[{"Right":5},[]],"tag":"App"},{"contents":[{"Right":4},[]],"tag":"App"},{"contents":[{"Left":"Algebra.Bundles.RawSemiring.*-rawMonoid"},[{"contents":[{"Right":5},[]],"tag":"App"},{"contents":[{"Right":4},[]],"tag":"App"},{"contents":[{"Left":"Algebra.Bundles.SemiringWithoutAnnihilatingZero.rawSemiring"},[{"contents":[{"Right":5},[]],"tag":"App"},{"contents":[{"Right":4},[]],"tag":"App"},{"contents":[{"Left":"Algebra.Bundles.Semiring.semiringWithoutAnnihilatingZero"},[{"contents":[{"Right":5},[]],"tag":"App"},{"contents":[{"Right":4},[]],"tag":"App"},{"contents":[{"Right":3},[]],"tag":"App"}]],"tag":"App"}]],"tag":"App"}]],"tag":"App"},{"contents":[{"Right":0},[]],"tag":"App"},{"contents":[{"Right":2},[]],"tag":"App"}]],"tag":"App"}]],"tag":"App"}]],"tag":"App"}],"tag":"Pi"}],"tag":"Pi"}],"tag":"Pi"}],"tag":"Pi"}],"tag":"Pi"}],"tag":"Pi"},"original":{"contents":[{"item":{"contents":[{"Left":"Agda.Primitive.Level"},[]],"tag":"App"},"name":"a"},{"contents":[{"item":{"contents":[{"Left":"Agda.Primitive.Level"},[]],"tag":"App"},"name":"ℓ"},{"contents":[{"item":{"contents":[{"Left":"Algebra.Bundles.Semiring"},[{"contents":[{"Right":1},[]],"tag":"App"},{"contents":[{"Right":0},[]],"tag":"App"}]],"tag":"App"},"name":"S"},{"contents":[{"item":{"contents":[{"Left":"Algebra.Bundles.SemiringWithoutAnnihilatingZero.rawSemiring"},[{"contents":[{"Right":2},[]],"tag":"App"},{"contents":[{"Right":1},[]],"tag":"App"},{"contents":[{"Left":"Algebra.Bundles.Semiring.semiringWithoutAnnihilatingZero"},[{"contents":[{"Right":2},[]],"tag":"App"},{"contents":[{"Right":1},[]],"tag":"App"},{"contents":[{"Right":0},[]],"tag":"App"}]],"tag":"App"},{"contents":[{"Left":"Algebra.Bundles.RawSemiring.Carrier"},[]],"tag":"App"}]],"tag":"App"},"name":"x"},{"contents":[{"item":{"contents":[{"Left":"Agda.Builtin.Nat.Nat"},[]],"tag":"App"},"name":"m"},{"contents":[{"item":{"contents":[{"Left":"Agda.Builtin.Nat.Nat"},[]],"tag":"App"},"name":"n"},{"contents":[{"Right":3},[{"contents":[{"Left":"Algebra.Bundles.Semiring._≈_"},[]],"tag":"App"},{"contents":[{"Left":"Algebra.Properties.Semiring.Exp._._^_"},[{"contents":[{"Right":5},[]],"tag":"App"},{"contents":[{"Right":4},[]],"tag":"App"},{"contents":[{"Right":3},[]],"tag":"App"},{"contents":[{"Right":2},[]],"tag":"App"},{"contents":[{"Left":"Agda.Builtin.Nat._+_"},[{"contents":[{"Right":1},[]],"tag":"App"},{"contents":[{"Right":0},[]],"tag":"App"}]],"tag":"App"}]],"tag":"App"},{"contents":[{"Right":3},[{"contents":[{"Left":"Algebra.Bundles.Semiring._*_"},[]],"tag":"App"},{"contents":[{"Left":"Algebra.Properties.Semiring.Exp._._^_"},[{"contents":[{"Right":5},[]],"tag":"App"},{"contents":[{"Right":4},[]],"tag":"App"},{"contents":[{"Right":3},[]],"tag":"App"},{"contents":[{"Right":2},[]],"tag":"App"},{"contents":[{"Right":1},[]],"tag":"App"}]],"tag":"App"},{"contents":[{"Left":"Algebra.Properties.Semiring.Exp._._^_"},[{"contents":[{"Right":5},[]],"tag":"App"},{"contents":[{"Right":4},[]],"tag":"App"},{"contents":[{"Right":3},[]],"tag":"App"},{"contents":[{"Right":2},[]],"tag":"App"},{"contents":[{"Right":0},[]],"tag":"App"}]],"tag":"App"}]],"tag":"App"}]],"tag":"App"}],"tag":"Pi"}],"tag":"Pi"}],"tag":"Pi"}],"tag":"Pi"}],"tag":"Pi"}],"tag":"Pi"},"reduced":{"contents":[{"item":{"contents":[{"Left":"Agda.Primitive.Level"},[]],"tag":"App"},"name":"a"},{"contents":[{"item":{"contents":[{"Left":"Agda.Primitive.Level"},[]],"tag":"App"},"name":"ℓ"},{"contents":[{"item":{"contents":[{"Left":"Algebra.Bundles.Semiring"},[{"contents":[{"Right":1},[]],"tag":"App"},{"contents":[{"Right":0},[]],"tag":"App"}]],"tag":"App"},"name":"S"},{"contents":[{"item":{"contents":[{"Left":"Algebra.Bundles.SemiringWithoutAnnihilatingZero.rawSemiring"},[{"contents":[{"Right":2},[]],"tag":"App"},{"contents":[{"Right":1},[]],"tag":"App"},{"contents":[{"Left":"Algebra.Bundles.Semiring.semiringWithoutAnnihilatingZero"},[{"contents":[{"Right":2},[]],"tag":"App"},{"contents":[{"Right":1},[]],"tag":"App"},{"contents":[{"Right":0},[]],"tag":"App"}]],"tag":"App"},{"contents":[{"Left":"Algebra.Bundles.RawSemiring.Carrier"},[]],"tag":"App"}]],"tag":"App"},"name":"x"},{"contents":[{"item":{"contents":[{"Left":"Agda.Builtin.Nat.Nat"},[]],"tag":"App"},"name":"m"},{"contents":[{"item":{"contents":[{"Left":"Agda.Builtin.Nat.Nat"},[]],"tag":"App"},"name":"n"},{"contents":[{"Right":3},[{"contents":[{"Left":"Algebra.Bundles.Semiring._≈_"},[]],"tag":"App"},{"contents":[{"Left":"Algebra.Properties.Semiring.Exp._._^_"},[{"contents":[{"Right":5},[]],"tag":"App"},{"contents":[{"Right":4},[]],"tag":"App"},{"contents":[{"Right":3},[]],"tag":"App"},{"contents":[{"Right":2},[]],"tag":"App"},{"contents":[{"Left":"Agda.Builtin.Nat._+_"},[{"contents":[{"Right":1},[]],"tag":"App"},{"contents":[{"Right":0},[]],"tag":"App"}]],"tag":"App"}]],"tag":"App"},{"contents":[{"Right":3},[{"contents":[{"Left":"Algebra.Bundles.Semiring._*_"},[]],"tag":"App"},{"contents":[{"Left":"Algebra.Properties.Semiring.Exp._._^_"},[{"contents":[{"Right":5},[]],"tag":"App"},{"contents":[{"Right":4},[]],"tag":"App"},{"contents":[{"Right":3},[]],"tag":"App"},{"contents":[{"Right":2},[]],"tag":"App"},{"contents":[{"Right":1},[]],"tag":"App"}]],"tag":"App"},{"contents":[{"Left":"Algebra.Properties.Semiring.Exp._._^_"},[{"contents":[{"Right":5},[]],"tag":"App"},{"contents":[{"Right":4},[]],"tag":"App"},{"contents":[{"Right":3},[]],"tag":"App"},{"contents":[{"Right":2},[]],"tag":"App"},{"contents":[{"Right":0},[]],"tag":"App"}]],"tag":"App"}]],"tag":"App"}]],"tag":"App"}],"tag":"Pi"}],"tag":"Pi"}],"tag":"Pi"}],"tag":"Pi"}],"tag":"Pi"}],"tag":"Pi"},"simplified":{"contents":[{"item":{"contents":[{"Left":"Agda.Primitive.Level"},[]],"tag":"App"},"name":"a"},{"contents":[{"item":{"contents":[{"Left":"Agda.Primitive.Level"},[]],"tag":"App"},"name":"ℓ"},{"contents":[{"item":{"contents":[{"Left":"Algebra.Bundles.Semiring"},[{"contents":[{"Right":1},[]],"tag":"App"},{"contents":[{"Right":0},[]],"tag":"App"}]],"tag":"App"},"name":"S"},{"contents":[{"item":{"contents":[{"Right":0},[{"contents":[{"Left":"Algebra.Bundles.Semiring.Carrier"},[]],"tag":"App"}]],"tag":"App"},"name":"x"},{"contents":[{"item":{"contents":[{"Left":"Agda.Builtin.Nat.Nat"},[]],"tag":"App"},"name":"m"},{"contents":[{"item":{"contents":[{"Left":"Agda.Builtin.Nat.Nat"},[]],"tag":"App"},"name":"n"},{"contents":[{"Right":3},[{"contents":[{"Left":"Algebra.Bundles.Semiring._≈_"},[]],"tag":"App"},{"contents":[{"Left":"Algebra.Properties.Semiring.Exp._._^_"},[{"contents":[{"Right":5},[]],"tag":"App"},{"contents":[{"Right":4},[]],"tag":"App"},{"contents":[{"Right":3},[]],"tag":"App"},{"contents":[{"Right":2},[]],"tag":"App"},{"contents":[{"Left":"Agda.Builtin.Nat._+_"},[{"contents":[{"Right":1},[]],"tag":"App"},{"contents":[{"Right":0},[]],"tag":"App"}]],"tag":"App"}]],"tag":"App"},{"contents":[{"Right":3},[{"contents":[{"Left":"Algebra.Bundles.Semiring._*_"},[]],"tag":"App"},{"contents":[{"Left":"Algebra.Properties.Semiring.Exp._._^_"},[{"contents":[{"Right":5},[]],"tag":"App"},{"contents":[{"Right":4},[]],"tag":"App"},{"contents":[{"Right":3},[]],"tag":"App"},{"contents":[{"Right":2},[]],"tag":"App"},{"contents":[{"Right":1},[]],"tag":"App"}]],"tag":"App"},{"contents":[{"Left":"Algebra.Properties.Semiring.Exp._._^_"},[{"contents":[{"Right":5},[]],"tag":"App"},{"contents":[{"Right":4},[]],"tag":"App"},{"contents":[{"Right":3},[]],"tag":"App"},{"contents":[{"Right":2},[]],"tag":"App"},{"contents":[{"Right":0},[]],"tag":"App"}]],"tag":"App"}]],"tag":"App"}]],"tag":"App"}],"tag":"Pi"}],"tag":"Pi"}],"tag":"Pi"}],"tag":"Pi"}],"tag":"Pi"}],"tag":"Pi"}}},"name":"Algebra.Properties.Semiring.Exp.^-homo-*"},{"item":{"pretty":"{a ℓ : Agda.Primitive.Level} (S : Semiring a ℓ)\n(x\n : RawSemiring.Carrier\n   (SemiringWithoutAnnihilatingZero.rawSemiring\n    (Semiring.semiringWithoutAnnihilatingZero S)))\n(m n : ℕ) →\n(S Semiring.≈ (S ^ (S ^ x) m) n) ((S ^ x) (m ℕ.* n))","thing":{"normalised":{"contents":[{"item":{"contents":[{"Left":"Agda.Primitive.Level"},[]],"tag":"App"},"name":"a"},{"contents":[{"item":{"contents":[{"Left":"Agda.Primitive.Level"},[]],"tag":"App"},"name":"ℓ"},{"contents":[{"item":{"contents":[{"Left":"Algebra.Bundles.Semiring"},[{"contents":[{"Right":1},[]],"tag":"App"},{"contents":[{"Right":0},[]],"tag":"App"}]],"tag":"App"},"name":"S"},{"contents":[{"item":{"contents":[{"Right":0},[{"contents":[{"Left":"Algebra.Bundles.Semiring.Carrier"},[]],"tag":"App"}]],"tag":"App"},"name":"x"},{"contents":[{"item":{"contents":[{"Left":"Agda.Builtin.Nat.Nat"},[]],"tag":"App"},"name":"m"},{"contents":[{"item":{"contents":[{"Left":"Agda.Builtin.Nat.Nat"},[]],"tag":"App"},"name":"n"},{"contents":[{"Right":3},[{"contents":[{"Left":"Algebra.Bundles.Semiring._≈_"},[]],"tag":"App"},{"contents":[{"Left":"Algebra.Definitions.RawMonoid._×_"},[{"contents":[{"Right":5},[]],"tag":"App"},{"contents":[{"Right":4},[]],"tag":"App"},{"contents":[{"Left":"Algebra.Bundles.RawSemiring.*-rawMonoid"},[{"contents":[{"Right":5},[]],"tag":"App"},{"contents":[{"Right":4},[]],"tag":"App"},{"contents":[{"Left":"Algebra.Bundles.SemiringWithoutAnnihilatingZero.rawSemiring"},[{"contents":[{"Right":5},[]],"tag":"App"},{"contents":[{"Right":4},[]],"tag":"App"},{"contents":[{"Left":"Algebra.Bundles.Semiring.semiringWithoutAnnihilatingZero"},[{"contents":[{"Right":5},[]],"tag":"App"},{"contents":[{"Right":4},[]],"tag":"App"},{"contents":[{"Right":3},[]],"tag":"App"}]],"tag":"App"}]],"tag":"App"}]],"tag":"App"},{"contents":[{"Right":0},[]],"tag":"App"},{"contents":[{"Left":"Algebra.Definitions.RawMonoid._×_"},[{"contents":[{"Right":5},[]],"tag":"App"},{"contents":[{"Right":4},[]],"tag":"App"},{"contents":[{"Left":"Algebra.Bundles.RawSemiring.*-rawMonoid"},[{"contents":[{"Right":5},[]],"tag":"App"},{"contents":[{"Right":4},[]],"tag":"App"},{"contents":[{"Left":"Algebra.Bundles.SemiringWithoutAnnihilatingZero.rawSemiring"},[{"contents":[{"Right":5},[]],"tag":"App"},{"contents":[{"Right":4},[]],"tag":"App"},{"contents":[{"Left":"Algebra.Bundles.Semiring.semiringWithoutAnnihilatingZero"},[{"contents":[{"Right":5},[]],"tag":"App"},{"contents":[{"Right":4},[]],"tag":"App"},{"contents":[{"Right":3},[]],"tag":"App"}]],"tag":"App"}]],"tag":"App"}]],"tag":"App"},{"contents":[{"Right":1},[]],"tag":"App"},{"contents":[{"Right":2},[]],"tag":"App"}]],"tag":"App"}]],"tag":"App"},{"contents":[{"Left":"Algebra.Definitions.RawMonoid._×_"},[{"contents":[{"Right":5},[]],"tag":"App"},{"contents":[{"Right":4},[]],"tag":"App"},{"contents":[{"Left":"Algebra.Bundles.RawSemiring.*-rawMonoid"},[{"contents":[{"Right":5},[]],"tag":"App"},{"contents":[{"Right":4},[]],"tag":"App"},{"contents":[{"Left":"Algebra.Bundles.SemiringWithoutAnnihilatingZero.rawSemiring"},[{"contents":[{"Right":5},[]],"tag":"App"},{"contents":[{"Right":4},[]],"tag":"App"},{"contents":[{"Left":"Algebra.Bundles.Semiring.semiringWithoutAnnihilatingZero"},[{"contents":[{"Right":5},[]],"tag":"App"},{"contents":[{"Right":4},[]],"tag":"App"},{"contents":[{"Right":3},[]],"tag":"App"}]],"tag":"App"}]],"tag":"App"}]],"tag":"App"},{"contents":[{"Left":"Agda.Builtin.Nat._*_"},[{"contents":[{"Right":1},[]],"tag":"App"},{"contents":[{"Right":0},[]],"tag":"App"}]],"tag":"App"},{"contents":[{"Right":2},[]],"tag":"App"}]],"tag":"App"}]],"tag":"App"}],"tag":"Pi"}],"tag":"Pi"}],"tag":"Pi"}],"tag":"Pi"}],"tag":"Pi"}],"tag":"Pi"},"original":{"contents":[{"item":{"contents":[{"Left":"Agda.Primitive.Level"},[]],"tag":"App"},"name":"a"},{"contents":[{"item":{"contents":[{"Left":"Agda.Primitive.Level"},[]],"tag":"App"},"name":"ℓ"},{"contents":[{"item":{"contents":[{"Left":"Algebra.Bundles.Semiring"},[{"contents":[{"Right":1},[]],"tag":"App"},{"contents":[{"Right":0},[]],"tag":"App"}]],"tag":"App"},"name":"S"},{"contents":[{"item":{"contents":[{"Left":"Algebra.Bundles.SemiringWithoutAnnihilatingZero.rawSemiring"},[{"contents":[{"Right":2},[]],"tag":"App"},{"contents":[{"Right":1},[]],"tag":"App"},{"contents":[{"Left":"Algebra.Bundles.Semiring.semiringWithoutAnnihilatingZero"},[{"contents":[{"Right":2},[]],"tag":"App"},{"contents":[{"Right":1},[]],"tag":"App"},{"contents":[{"Right":0},[]],"tag":"App"}]],"tag":"App"},{"contents":[{"Left":"Algebra.Bundles.RawSemiring.Carrier"},[]],"tag":"App"}]],"tag":"App"},"name":"x"},{"contents":[{"item":{"contents":[{"Left":"Agda.Builtin.Nat.Nat"},[]],"tag":"App"},"name":"m"},{"contents":[{"item":{"contents":[{"Left":"Agda.Builtin.Nat.Nat"},[]],"tag":"App"},"name":"n"},{"contents":[{"Right":3},[{"contents":[{"Left":"Algebra.Bundles.Semiring._≈_"},[]],"tag":"App"},{"contents":[{"Left":"Algebra.Properties.Semiring.Exp._._^_"},[{"contents":[{"Right":5},[]],"tag":"App"},{"contents":[{"Right":4},[]],"tag":"App"},{"contents":[{"Right":3},[]],"tag":"App"},{"contents":[{"Left":"Algebra.Properties.Semiring.Exp._._^_"},[{"contents":[{"Right":5},[]],"tag":"App"},{"contents":[{"Right":4},[]],"tag":"App"},{"contents":[{"Right":3},[]],"tag":"App"},{"contents":[{"Right":2},[]],"tag":"App"},{"contents":[{"Right":1},[]],"tag":"App"}]],"tag":"App"},{"contents":[{"Right":0},[]],"tag":"App"}]],"tag":"App"},{"contents":[{"Left":"Algebra.Properties.Semiring.Exp._._^_"},[{"contents":[{"Right":5},[]],"tag":"App"},{"contents":[{"Right":4},[]],"tag":"App"},{"contents":[{"Right":3},[]],"tag":"App"},{"contents":[{"Right":2},[]],"tag":"App"},{"contents":[{"Left":"Agda.Builtin.Nat._*_"},[{"contents":[{"Right":1},[]],"tag":"App"},{"contents":[{"Right":0},[]],"tag":"App"}]],"tag":"App"}]],"tag":"App"}]],"tag":"App"}],"tag":"Pi"}],"tag":"Pi"}],"tag":"Pi"}],"tag":"Pi"}],"tag":"Pi"}],"tag":"Pi"},"reduced":{"contents":[{"item":{"contents":[{"Left":"Agda.Primitive.Level"},[]],"tag":"App"},"name":"a"},{"contents":[{"item":{"contents":[{"Left":"Agda.Primitive.Level"},[]],"tag":"App"},"name":"ℓ"},{"contents":[{"item":{"contents":[{"Left":"Algebra.Bundles.Semiring"},[{"contents":[{"Right":1},[]],"tag":"App"},{"contents":[{"Right":0},[]],"tag":"App"}]],"tag":"App"},"name":"S"},{"contents":[{"item":{"contents":[{"Left":"Algebra.Bundles.SemiringWithoutAnnihilatingZero.rawSemiring"},[{"contents":[{"Right":2},[]],"tag":"App"},{"contents":[{"Right":1},[]],"tag":"App"},{"contents":[{"Left":"Algebra.Bundles.Semiring.semiringWithoutAnnihilatingZero"},[{"contents":[{"Right":2},[]],"tag":"App"},{"contents":[{"Right":1},[]],"tag":"App"},{"contents":[{"Right":0},[]],"tag":"App"}]],"tag":"App"},{"contents":[{"Left":"Algebra.Bundles.RawSemiring.Carrier"},[]],"tag":"App"}]],"tag":"App"},"name":"x"},{"contents":[{"item":{"contents":[{"Left":"Agda.Builtin.Nat.Nat"},[]],"tag":"App"},"name":"m"},{"contents":[{"item":{"contents":[{"Left":"Agda.Builtin.Nat.Nat"},[]],"tag":"App"},"name":"n"},{"contents":[{"Right":3},[{"contents":[{"Left":"Algebra.Bundles.Semiring._≈_"},[]],"tag":"App"},{"contents":[{"Left":"Algebra.Properties.Semiring.Exp._._^_"},[{"contents":[{"Right":5},[]],"tag":"App"},{"contents":[{"Right":4},[]],"tag":"App"},{"contents":[{"Right":3},[]],"tag":"App"},{"contents":[{"Left":"Algebra.Properties.Semiring.Exp._._^_"},[{"contents":[{"Right":5},[]],"tag":"App"},{"contents":[{"Right":4},[]],"tag":"App"},{"contents":[{"Right":3},[]],"tag":"App"},{"contents":[{"Right":2},[]],"tag":"App"},{"contents":[{"Right":1},[]],"tag":"App"}]],"tag":"App"},{"contents":[{"Right":0},[]],"tag":"App"}]],"tag":"App"},{"contents":[{"Left":"Algebra.Properties.Semiring.Exp._._^_"},[{"contents":[{"Right":5},[]],"tag":"App"},{"contents":[{"Right":4},[]],"tag":"App"},{"contents":[{"Right":3},[]],"tag":"App"},{"contents":[{"Right":2},[]],"tag":"App"},{"contents":[{"Left":"Agda.Builtin.Nat._*_"},[{"contents":[{"Right":1},[]],"tag":"App"},{"contents":[{"Right":0},[]],"tag":"App"}]],"tag":"App"}]],"tag":"App"}]],"tag":"App"}],"tag":"Pi"}],"tag":"Pi"}],"tag":"Pi"}],"tag":"Pi"}],"tag":"Pi"}],"tag":"Pi"},"simplified":{"contents":[{"item":{"contents":[{"Left":"Agda.Primitive.Level"},[]],"tag":"App"},"name":"a"},{"contents":[{"item":{"contents":[{"Left":"Agda.Primitive.Level"},[]],"tag":"App"},"name":"ℓ"},{"contents":[{"item":{"contents":[{"Left":"Algebra.Bundles.Semiring"},[{"contents":[{"Right":1},[]],"tag":"App"},{"contents":[{"Right":0},[]],"tag":"App"}]],"tag":"App"},"name":"S"},{"contents":[{"item":{"contents":[{"Right":0},[{"contents":[{"Left":"Algebra.Bundles.Semiring.Carrier"},[]],"tag":"App"}]],"tag":"App"},"name":"x"},{"contents":[{"item":{"contents":[{"Left":"Agda.Builtin.Nat.Nat"},[]],"tag":"App"},"name":"m"},{"contents":[{"item":{"contents":[{"Left":"Agda.Builtin.Nat.Nat"},[]],"tag":"App"},"name":"n"},{"contents":[{"Right":3},[{"contents":[{"Left":"Algebra.Bundles.Semiring._≈_"},[]],"tag":"App"},{"contents":[{"Left":"Algebra.Properties.Semiring.Exp._._^_"},[{"contents":[{"Right":5},[]],"tag":"App"},{"contents":[{"Right":4},[]],"tag":"App"},{"contents":[{"Right":3},[]],"tag":"App"},{"contents":[{"Left":"Algebra.Properties.Semiring.Exp._._^_"},[{"contents":[{"Right":5},[]],"tag":"App"},{"contents":[{"Right":4},[]],"tag":"App"},{"contents":[{"Right":3},[]],"tag":"App"},{"contents":[{"Right":2},[]],"tag":"App"},{"contents":[{"Right":1},[]],"tag":"App"}]],"tag":"App"},{"contents":[{"Right":0},[]],"tag":"App"}]],"tag":"App"},{"contents":[{"Left":"Algebra.Properties.Semiring.Exp._._^_"},[{"contents":[{"Right":5},[]],"tag":"App"},{"contents":[{"Right":4},[]],"tag":"App"},{"contents":[{"Right":3},[]],"tag":"App"},{"contents":[{"Right":2},[]],"tag":"App"},{"contents":[{"Left":"Agda.Builtin.Nat._*_"},[{"contents":[{"Right":1},[]],"tag":"App"},{"contents":[{"Right":0},[]],"tag":"App"}]],"tag":"App"}]],"tag":"App"}]],"tag":"App"}],"tag":"Pi"}],"tag":"Pi"}],"tag":"Pi"}],"tag":"Pi"}],"tag":"Pi"}],"tag":"Pi"}}},"name":"Algebra.Properties.Semiring.Exp.^-assocʳ"}],"name":"Algebra.Properties.Semiring.Exp"},"samples":[]}