{"scope":{"item":[{"item":{"pretty":"{a ℓ : Level.Level} (M : RawMagma a ℓ) →\nRel (RawMagma.Carrier M) (a ⊔ ℓ)","thing":{"normalised":{"contents":[{"item":{"contents":[{"Left":"Agda.Primitive.Level"},[]],"tag":"App"},"name":"a"},{"contents":[{"item":{"contents":[{"Left":"Agda.Primitive.Level"},[]],"tag":"App"},"name":"ℓ"},{"contents":[{"item":{"contents":[{"Left":"Algebra.Bundles.RawMagma"},[{"contents":[{"Right":1},[]],"tag":"App"},{"contents":[{"Right":0},[]],"tag":"App"}]],"tag":"App"},"name":"M"},{"contents":[{"item":{"contents":[{"Right":0},[{"contents":[{"Left":"Algebra.Bundles.RawMagma.Carrier"},[]],"tag":"App"}]],"tag":"App"},"name":"_"},{"contents":[{"item":{"contents":[{"Right":0},[{"contents":[{"Left":"Algebra.Bundles.RawMagma.Carrier"},[]],"tag":"App"}]],"tag":"App"},"name":"_"},{"contents":"Set (lub @2 @1)","tag":"Sort"}],"tag":"Pi"}],"tag":"Pi"}],"tag":"Pi"}],"tag":"Pi"}],"tag":"Pi"},"original":{"contents":[{"item":{"contents":[{"Left":"Agda.Primitive.Level"},[]],"tag":"App"},"name":"a"},{"contents":[{"item":{"contents":[{"Left":"Agda.Primitive.Level"},[]],"tag":"App"},"name":"ℓ"},{"contents":[{"item":{"contents":[{"Left":"Algebra.Bundles.RawMagma"},[{"contents":[{"Right":1},[]],"tag":"App"},{"contents":[{"Right":0},[]],"tag":"App"}]],"tag":"App"},"name":"M"},{"contents":[{"Left":"Relation.Binary.Core.Rel"},[{"contents":[{"Right":2},[]],"tag":"App"},{"contents":[{"Right":0},[{"contents":[{"Left":"Algebra.Bundles.RawMagma.Carrier"},[]],"tag":"App"}]],"tag":"App"},{"contents":[{"Left":"Agda.Primitive._⊔_"},[{"contents":[{"Right":2},[]],"tag":"App"},{"contents":[{"Right":1},[]],"tag":"App"}]],"tag":"App"}]],"tag":"App"}],"tag":"Pi"}],"tag":"Pi"}],"tag":"Pi"},"reduced":{"contents":[{"item":{"contents":[{"Left":"Agda.Primitive.Level"},[]],"tag":"App"},"name":"a"},{"contents":[{"item":{"contents":[{"Left":"Agda.Primitive.Level"},[]],"tag":"App"},"name":"ℓ"},{"contents":[{"item":{"contents":[{"Left":"Algebra.Bundles.RawMagma"},[{"contents":[{"Right":1},[]],"tag":"App"},{"contents":[{"Right":0},[]],"tag":"App"}]],"tag":"App"},"name":"M"},{"contents":[{"Left":"Relation.Binary.Core.Rel"},[{"contents":[{"Right":2},[]],"tag":"App"},{"contents":[{"Right":0},[{"contents":[{"Left":"Algebra.Bundles.RawMagma.Carrier"},[]],"tag":"App"}]],"tag":"App"},{"contents":[{"Left":"Agda.Primitive._⊔_"},[{"contents":[{"Right":2},[]],"tag":"App"},{"contents":[{"Right":1},[]],"tag":"App"}]],"tag":"App"}]],"tag":"App"}],"tag":"Pi"}],"tag":"Pi"}],"tag":"Pi"},"simplified":{"contents":[{"item":{"contents":[{"Left":"Agda.Primitive.Level"},[]],"tag":"App"},"name":"a"},{"contents":[{"item":{"contents":[{"Left":"Agda.Primitive.Level"},[]],"tag":"App"},"name":"ℓ"},{"contents":[{"item":{"contents":[{"Left":"Algebra.Bundles.RawMagma"},[{"contents":[{"Right":1},[]],"tag":"App"},{"contents":[{"Right":0},[]],"tag":"App"}]],"tag":"App"},"name":"M"},{"contents":[{"Left":"Relation.Binary.Core.Rel"},[{"contents":[{"Right":2},[]],"tag":"App"},{"contents":[{"Right":0},[{"contents":[{"Left":"Algebra.Bundles.RawMagma.Carrier"},[]],"tag":"App"}]],"tag":"App"},{"contents":"lub @2 @1","tag":"Level"}]],"tag":"App"}],"tag":"Pi"}],"tag":"Pi"}],"tag":"Pi"}}},"name":"Algebra.Definitions.RawMagma._∣ˡ_"},{"item":{"pretty":"{a ℓ : Level.Level} (M : RawMagma a ℓ) →\nRel (RawMagma.Carrier M) (a ⊔ ℓ)","thing":{"normalised":{"contents":[{"item":{"contents":[{"Left":"Agda.Primitive.Level"},[]],"tag":"App"},"name":"a"},{"contents":[{"item":{"contents":[{"Left":"Agda.Primitive.Level"},[]],"tag":"App"},"name":"ℓ"},{"contents":[{"item":{"contents":[{"Left":"Algebra.Bundles.RawMagma"},[{"contents":[{"Right":1},[]],"tag":"App"},{"contents":[{"Right":0},[]],"tag":"App"}]],"tag":"App"},"name":"M"},{"contents":[{"item":{"contents":[{"Right":0},[{"contents":[{"Left":"Algebra.Bundles.RawMagma.Carrier"},[]],"tag":"App"}]],"tag":"App"},"name":"_"},{"contents":[{"item":{"contents":[{"Right":0},[{"contents":[{"Left":"Algebra.Bundles.RawMagma.Carrier"},[]],"tag":"App"}]],"tag":"App"},"name":"_"},{"contents":"Set (lub @2 @1)","tag":"Sort"}],"tag":"Pi"}],"tag":"Pi"}],"tag":"Pi"}],"tag":"Pi"}],"tag":"Pi"},"original":{"contents":[{"item":{"contents":[{"Left":"Agda.Primitive.Level"},[]],"tag":"App"},"name":"a"},{"contents":[{"item":{"contents":[{"Left":"Agda.Primitive.Level"},[]],"tag":"App"},"name":"ℓ"},{"contents":[{"item":{"contents":[{"Left":"Algebra.Bundles.RawMagma"},[{"contents":[{"Right":1},[]],"tag":"App"},{"contents":[{"Right":0},[]],"tag":"App"}]],"tag":"App"},"name":"M"},{"contents":[{"Left":"Relation.Binary.Core.Rel"},[{"contents":[{"Right":2},[]],"tag":"App"},{"contents":[{"Right":0},[{"contents":[{"Left":"Algebra.Bundles.RawMagma.Carrier"},[]],"tag":"App"}]],"tag":"App"},{"contents":[{"Left":"Agda.Primitive._⊔_"},[{"contents":[{"Right":2},[]],"tag":"App"},{"contents":[{"Right":1},[]],"tag":"App"}]],"tag":"App"}]],"tag":"App"}],"tag":"Pi"}],"tag":"Pi"}],"tag":"Pi"},"reduced":{"contents":[{"item":{"contents":[{"Left":"Agda.Primitive.Level"},[]],"tag":"App"},"name":"a"},{"contents":[{"item":{"contents":[{"Left":"Agda.Primitive.Level"},[]],"tag":"App"},"name":"ℓ"},{"contents":[{"item":{"contents":[{"Left":"Algebra.Bundles.RawMagma"},[{"contents":[{"Right":1},[]],"tag":"App"},{"contents":[{"Right":0},[]],"tag":"App"}]],"tag":"App"},"name":"M"},{"contents":[{"Left":"Relation.Binary.Core.Rel"},[{"contents":[{"Right":2},[]],"tag":"App"},{"contents":[{"Right":0},[{"contents":[{"Left":"Algebra.Bundles.RawMagma.Carrier"},[]],"tag":"App"}]],"tag":"App"},{"contents":[{"Left":"Agda.Primitive._⊔_"},[{"contents":[{"Right":2},[]],"tag":"App"},{"contents":[{"Right":1},[]],"tag":"App"}]],"tag":"App"}]],"tag":"App"}],"tag":"Pi"}],"tag":"Pi"}],"tag":"Pi"},"simplified":{"contents":[{"item":{"contents":[{"Left":"Agda.Primitive.Level"},[]],"tag":"App"},"name":"a"},{"contents":[{"item":{"contents":[{"Left":"Agda.Primitive.Level"},[]],"tag":"App"},"name":"ℓ"},{"contents":[{"item":{"contents":[{"Left":"Algebra.Bundles.RawMagma"},[{"contents":[{"Right":1},[]],"tag":"App"},{"contents":[{"Right":0},[]],"tag":"App"}]],"tag":"App"},"name":"M"},{"contents":[{"Left":"Relation.Binary.Core.Rel"},[{"contents":[{"Right":2},[]],"tag":"App"},{"contents":[{"Right":0},[{"contents":[{"Left":"Algebra.Bundles.RawMagma.Carrier"},[]],"tag":"App"}]],"tag":"App"},{"contents":"lub @2 @1","tag":"Level"}]],"tag":"App"}],"tag":"Pi"}],"tag":"Pi"}],"tag":"Pi"}}},"name":"Algebra.Definitions.RawMagma._∤ˡ_"},{"item":{"pretty":"{a ℓ : Level.Level} (M : RawMagma a ℓ) →\nRel (RawMagma.Carrier M) (a ⊔ ℓ)","thing":{"normalised":{"contents":[{"item":{"contents":[{"Left":"Agda.Primitive.Level"},[]],"tag":"App"},"name":"a"},{"contents":[{"item":{"contents":[{"Left":"Agda.Primitive.Level"},[]],"tag":"App"},"name":"ℓ"},{"contents":[{"item":{"contents":[{"Left":"Algebra.Bundles.RawMagma"},[{"contents":[{"Right":1},[]],"tag":"App"},{"contents":[{"Right":0},[]],"tag":"App"}]],"tag":"App"},"name":"M"},{"contents":[{"item":{"contents":[{"Right":0},[{"contents":[{"Left":"Algebra.Bundles.RawMagma.Carrier"},[]],"tag":"App"}]],"tag":"App"},"name":"_"},{"contents":[{"item":{"contents":[{"Right":0},[{"contents":[{"Left":"Algebra.Bundles.RawMagma.Carrier"},[]],"tag":"App"}]],"tag":"App"},"name":"_"},{"contents":"Set (lub @2 @1)","tag":"Sort"}],"tag":"Pi"}],"tag":"Pi"}],"tag":"Pi"}],"tag":"Pi"}],"tag":"Pi"},"original":{"contents":[{"item":{"contents":[{"Left":"Agda.Primitive.Level"},[]],"tag":"App"},"name":"a"},{"contents":[{"item":{"contents":[{"Left":"Agda.Primitive.Level"},[]],"tag":"App"},"name":"ℓ"},{"contents":[{"item":{"contents":[{"Left":"Algebra.Bundles.RawMagma"},[{"contents":[{"Right":1},[]],"tag":"App"},{"contents":[{"Right":0},[]],"tag":"App"}]],"tag":"App"},"name":"M"},{"contents":[{"Left":"Relation.Binary.Core.Rel"},[{"contents":[{"Right":2},[]],"tag":"App"},{"contents":[{"Right":0},[{"contents":[{"Left":"Algebra.Bundles.RawMagma.Carrier"},[]],"tag":"App"}]],"tag":"App"},{"contents":[{"Left":"Agda.Primitive._⊔_"},[{"contents":[{"Right":2},[]],"tag":"App"},{"contents":[{"Right":1},[]],"tag":"App"}]],"tag":"App"}]],"tag":"App"}],"tag":"Pi"}],"tag":"Pi"}],"tag":"Pi"},"reduced":{"contents":[{"item":{"contents":[{"Left":"Agda.Primitive.Level"},[]],"tag":"App"},"name":"a"},{"contents":[{"item":{"contents":[{"Left":"Agda.Primitive.Level"},[]],"tag":"App"},"name":"ℓ"},{"contents":[{"item":{"contents":[{"Left":"Algebra.Bundles.RawMagma"},[{"contents":[{"Right":1},[]],"tag":"App"},{"contents":[{"Right":0},[]],"tag":"App"}]],"tag":"App"},"name":"M"},{"contents":[{"Left":"Relation.Binary.Core.Rel"},[{"contents":[{"Right":2},[]],"tag":"App"},{"contents":[{"Right":0},[{"contents":[{"Left":"Algebra.Bundles.RawMagma.Carrier"},[]],"tag":"App"}]],"tag":"App"},{"contents":[{"Left":"Agda.Primitive._⊔_"},[{"contents":[{"Right":2},[]],"tag":"App"},{"contents":[{"Right":1},[]],"tag":"App"}]],"tag":"App"}]],"tag":"App"}],"tag":"Pi"}],"tag":"Pi"}],"tag":"Pi"},"simplified":{"contents":[{"item":{"contents":[{"Left":"Agda.Primitive.Level"},[]],"tag":"App"},"name":"a"},{"contents":[{"item":{"contents":[{"Left":"Agda.Primitive.Level"},[]],"tag":"App"},"name":"ℓ"},{"contents":[{"item":{"contents":[{"Left":"Algebra.Bundles.RawMagma"},[{"contents":[{"Right":1},[]],"tag":"App"},{"contents":[{"Right":0},[]],"tag":"App"}]],"tag":"App"},"name":"M"},{"contents":[{"Left":"Relation.Binary.Core.Rel"},[{"contents":[{"Right":2},[]],"tag":"App"},{"contents":[{"Right":0},[{"contents":[{"Left":"Algebra.Bundles.RawMagma.Carrier"},[]],"tag":"App"}]],"tag":"App"},{"contents":"lub @2 @1","tag":"Level"}]],"tag":"App"}],"tag":"Pi"}],"tag":"Pi"}],"tag":"Pi"}}},"name":"Algebra.Definitions.RawMagma._∣ʳ_"},{"item":{"pretty":"{a ℓ : Level.Level} (M : RawMagma a ℓ) →\nRel (RawMagma.Carrier M) (a ⊔ ℓ)","thing":{"normalised":{"contents":[{"item":{"contents":[{"Left":"Agda.Primitive.Level"},[]],"tag":"App"},"name":"a"},{"contents":[{"item":{"contents":[{"Left":"Agda.Primitive.Level"},[]],"tag":"App"},"name":"ℓ"},{"contents":[{"item":{"contents":[{"Left":"Algebra.Bundles.RawMagma"},[{"contents":[{"Right":1},[]],"tag":"App"},{"contents":[{"Right":0},[]],"tag":"App"}]],"tag":"App"},"name":"M"},{"contents":[{"item":{"contents":[{"Right":0},[{"contents":[{"Left":"Algebra.Bundles.RawMagma.Carrier"},[]],"tag":"App"}]],"tag":"App"},"name":"_"},{"contents":[{"item":{"contents":[{"Right":0},[{"contents":[{"Left":"Algebra.Bundles.RawMagma.Carrier"},[]],"tag":"App"}]],"tag":"App"},"name":"_"},{"contents":"Set (lub @2 @1)","tag":"Sort"}],"tag":"Pi"}],"tag":"Pi"}],"tag":"Pi"}],"tag":"Pi"}],"tag":"Pi"},"original":{"contents":[{"item":{"contents":[{"Left":"Agda.Primitive.Level"},[]],"tag":"App"},"name":"a"},{"contents":[{"item":{"contents":[{"Left":"Agda.Primitive.Level"},[]],"tag":"App"},"name":"ℓ"},{"contents":[{"item":{"contents":[{"Left":"Algebra.Bundles.RawMagma"},[{"contents":[{"Right":1},[]],"tag":"App"},{"contents":[{"Right":0},[]],"tag":"App"}]],"tag":"App"},"name":"M"},{"contents":[{"Left":"Relation.Binary.Core.Rel"},[{"contents":[{"Right":2},[]],"tag":"App"},{"contents":[{"Right":0},[{"contents":[{"Left":"Algebra.Bundles.RawMagma.Carrier"},[]],"tag":"App"}]],"tag":"App"},{"contents":[{"Left":"Agda.Primitive._⊔_"},[{"contents":[{"Right":2},[]],"tag":"App"},{"contents":[{"Right":1},[]],"tag":"App"}]],"tag":"App"}]],"tag":"App"}],"tag":"Pi"}],"tag":"Pi"}],"tag":"Pi"},"reduced":{"contents":[{"item":{"contents":[{"Left":"Agda.Primitive.Level"},[]],"tag":"App"},"name":"a"},{"contents":[{"item":{"contents":[{"Left":"Agda.Primitive.Level"},[]],"tag":"App"},"name":"ℓ"},{"contents":[{"item":{"contents":[{"Left":"Algebra.Bundles.RawMagma"},[{"contents":[{"Right":1},[]],"tag":"App"},{"contents":[{"Right":0},[]],"tag":"App"}]],"tag":"App"},"name":"M"},{"contents":[{"Left":"Relation.Binary.Core.Rel"},[{"contents":[{"Right":2},[]],"tag":"App"},{"contents":[{"Right":0},[{"contents":[{"Left":"Algebra.Bundles.RawMagma.Carrier"},[]],"tag":"App"}]],"tag":"App"},{"contents":[{"Left":"Agda.Primitive._⊔_"},[{"contents":[{"Right":2},[]],"tag":"App"},{"contents":[{"Right":1},[]],"tag":"App"}]],"tag":"App"}]],"tag":"App"}],"tag":"Pi"}],"tag":"Pi"}],"tag":"Pi"},"simplified":{"contents":[{"item":{"contents":[{"Left":"Agda.Primitive.Level"},[]],"tag":"App"},"name":"a"},{"contents":[{"item":{"contents":[{"Left":"Agda.Primitive.Level"},[]],"tag":"App"},"name":"ℓ"},{"contents":[{"item":{"contents":[{"Left":"Algebra.Bundles.RawMagma"},[{"contents":[{"Right":1},[]],"tag":"App"},{"contents":[{"Right":0},[]],"tag":"App"}]],"tag":"App"},"name":"M"},{"contents":[{"Left":"Relation.Binary.Core.Rel"},[{"contents":[{"Right":2},[]],"tag":"App"},{"contents":[{"Right":0},[{"contents":[{"Left":"Algebra.Bundles.RawMagma.Carrier"},[]],"tag":"App"}]],"tag":"App"},{"contents":"lub @2 @1","tag":"Level"}]],"tag":"App"}],"tag":"Pi"}],"tag":"Pi"}],"tag":"Pi"}}},"name":"Algebra.Definitions.RawMagma._∤ʳ_"},{"item":{"pretty":"{a ℓ : Level.Level} (M : RawMagma a ℓ) →\nRel (RawMagma.Carrier M) (a ⊔ ℓ)","thing":{"normalised":{"contents":[{"item":{"contents":[{"Left":"Agda.Primitive.Level"},[]],"tag":"App"},"name":"a"},{"contents":[{"item":{"contents":[{"Left":"Agda.Primitive.Level"},[]],"tag":"App"},"name":"ℓ"},{"contents":[{"item":{"contents":[{"Left":"Algebra.Bundles.RawMagma"},[{"contents":[{"Right":1},[]],"tag":"App"},{"contents":[{"Right":0},[]],"tag":"App"}]],"tag":"App"},"name":"M"},{"contents":[{"item":{"contents":[{"Right":0},[{"contents":[{"Left":"Algebra.Bundles.RawMagma.Carrier"},[]],"tag":"App"}]],"tag":"App"},"name":"_"},{"contents":[{"item":{"contents":[{"Right":0},[{"contents":[{"Left":"Algebra.Bundles.RawMagma.Carrier"},[]],"tag":"App"}]],"tag":"App"},"name":"_"},{"contents":"Set (lub @2 @1)","tag":"Sort"}],"tag":"Pi"}],"tag":"Pi"}],"tag":"Pi"}],"tag":"Pi"}],"tag":"Pi"},"original":{"contents":[{"item":{"contents":[{"Left":"Agda.Primitive.Level"},[]],"tag":"App"},"name":"a"},{"contents":[{"item":{"contents":[{"Left":"Agda.Primitive.Level"},[]],"tag":"App"},"name":"ℓ"},{"contents":[{"item":{"contents":[{"Left":"Algebra.Bundles.RawMagma"},[{"contents":[{"Right":1},[]],"tag":"App"},{"contents":[{"Right":0},[]],"tag":"App"}]],"tag":"App"},"name":"M"},{"contents":[{"Left":"Relation.Binary.Core.Rel"},[{"contents":[{"Right":2},[]],"tag":"App"},{"contents":[{"Right":0},[{"contents":[{"Left":"Algebra.Bundles.RawMagma.Carrier"},[]],"tag":"App"}]],"tag":"App"},{"contents":[{"Left":"Agda.Primitive._⊔_"},[{"contents":[{"Right":2},[]],"tag":"App"},{"contents":[{"Right":1},[]],"tag":"App"}]],"tag":"App"}]],"tag":"App"}],"tag":"Pi"}],"tag":"Pi"}],"tag":"Pi"},"reduced":{"contents":[{"item":{"contents":[{"Left":"Agda.Primitive.Level"},[]],"tag":"App"},"name":"a"},{"contents":[{"item":{"contents":[{"Left":"Agda.Primitive.Level"},[]],"tag":"App"},"name":"ℓ"},{"contents":[{"item":{"contents":[{"Left":"Algebra.Bundles.RawMagma"},[{"contents":[{"Right":1},[]],"tag":"App"},{"contents":[{"Right":0},[]],"tag":"App"}]],"tag":"App"},"name":"M"},{"contents":[{"Left":"Relation.Binary.Core.Rel"},[{"contents":[{"Right":2},[]],"tag":"App"},{"contents":[{"Right":0},[{"contents":[{"Left":"Algebra.Bundles.RawMagma.Carrier"},[]],"tag":"App"}]],"tag":"App"},{"contents":[{"Left":"Agda.Primitive._⊔_"},[{"contents":[{"Right":2},[]],"tag":"App"},{"contents":[{"Right":1},[]],"tag":"App"}]],"tag":"App"}]],"tag":"App"}],"tag":"Pi"}],"tag":"Pi"}],"tag":"Pi"},"simplified":{"contents":[{"item":{"contents":[{"Left":"Agda.Primitive.Level"},[]],"tag":"App"},"name":"a"},{"contents":[{"item":{"contents":[{"Left":"Agda.Primitive.Level"},[]],"tag":"App"},"name":"ℓ"},{"contents":[{"item":{"contents":[{"Left":"Algebra.Bundles.RawMagma"},[{"contents":[{"Right":1},[]],"tag":"App"},{"contents":[{"Right":0},[]],"tag":"App"}]],"tag":"App"},"name":"M"},{"contents":[{"Left":"Relation.Binary.Core.Rel"},[{"contents":[{"Right":2},[]],"tag":"App"},{"contents":[{"Right":0},[{"contents":[{"Left":"Algebra.Bundles.RawMagma.Carrier"},[]],"tag":"App"}]],"tag":"App"},{"contents":"lub @2 @1","tag":"Level"}]],"tag":"App"}],"tag":"Pi"}],"tag":"Pi"}],"tag":"Pi"}}},"name":"Algebra.Definitions.RawMagma._∣_"},{"item":{"pretty":"{a ℓ : Level.Level} (M : RawMagma a ℓ) →\nRel (RawMagma.Carrier M) (a ⊔ ℓ)","thing":{"normalised":{"contents":[{"item":{"contents":[{"Left":"Agda.Primitive.Level"},[]],"tag":"App"},"name":"a"},{"contents":[{"item":{"contents":[{"Left":"Agda.Primitive.Level"},[]],"tag":"App"},"name":"ℓ"},{"contents":[{"item":{"contents":[{"Left":"Algebra.Bundles.RawMagma"},[{"contents":[{"Right":1},[]],"tag":"App"},{"contents":[{"Right":0},[]],"tag":"App"}]],"tag":"App"},"name":"M"},{"contents":[{"item":{"contents":[{"Right":0},[{"contents":[{"Left":"Algebra.Bundles.RawMagma.Carrier"},[]],"tag":"App"}]],"tag":"App"},"name":"_"},{"contents":[{"item":{"contents":[{"Right":0},[{"contents":[{"Left":"Algebra.Bundles.RawMagma.Carrier"},[]],"tag":"App"}]],"tag":"App"},"name":"_"},{"contents":"Set (lub @2 @1)","tag":"Sort"}],"tag":"Pi"}],"tag":"Pi"}],"tag":"Pi"}],"tag":"Pi"}],"tag":"Pi"},"original":{"contents":[{"item":{"contents":[{"Left":"Agda.Primitive.Level"},[]],"tag":"App"},"name":"a"},{"contents":[{"item":{"contents":[{"Left":"Agda.Primitive.Level"},[]],"tag":"App"},"name":"ℓ"},{"contents":[{"item":{"contents":[{"Left":"Algebra.Bundles.RawMagma"},[{"contents":[{"Right":1},[]],"tag":"App"},{"contents":[{"Right":0},[]],"tag":"App"}]],"tag":"App"},"name":"M"},{"contents":[{"Left":"Relation.Binary.Core.Rel"},[{"contents":[{"Right":2},[]],"tag":"App"},{"contents":[{"Right":0},[{"contents":[{"Left":"Algebra.Bundles.RawMagma.Carrier"},[]],"tag":"App"}]],"tag":"App"},{"contents":[{"Left":"Agda.Primitive._⊔_"},[{"contents":[{"Right":2},[]],"tag":"App"},{"contents":[{"Right":1},[]],"tag":"App"}]],"tag":"App"}]],"tag":"App"}],"tag":"Pi"}],"tag":"Pi"}],"tag":"Pi"},"reduced":{"contents":[{"item":{"contents":[{"Left":"Agda.Primitive.Level"},[]],"tag":"App"},"name":"a"},{"contents":[{"item":{"contents":[{"Left":"Agda.Primitive.Level"},[]],"tag":"App"},"name":"ℓ"},{"contents":[{"item":{"contents":[{"Left":"Algebra.Bundles.RawMagma"},[{"contents":[{"Right":1},[]],"tag":"App"},{"contents":[{"Right":0},[]],"tag":"App"}]],"tag":"App"},"name":"M"},{"contents":[{"Left":"Relation.Binary.Core.Rel"},[{"contents":[{"Right":2},[]],"tag":"App"},{"contents":[{"Right":0},[{"contents":[{"Left":"Algebra.Bundles.RawMagma.Carrier"},[]],"tag":"App"}]],"tag":"App"},{"contents":[{"Left":"Agda.Primitive._⊔_"},[{"contents":[{"Right":2},[]],"tag":"App"},{"contents":[{"Right":1},[]],"tag":"App"}]],"tag":"App"}]],"tag":"App"}],"tag":"Pi"}],"tag":"Pi"}],"tag":"Pi"},"simplified":{"contents":[{"item":{"contents":[{"Left":"Agda.Primitive.Level"},[]],"tag":"App"},"name":"a"},{"contents":[{"item":{"contents":[{"Left":"Agda.Primitive.Level"},[]],"tag":"App"},"name":"ℓ"},{"contents":[{"item":{"contents":[{"Left":"Algebra.Bundles.RawMagma"},[{"contents":[{"Right":1},[]],"tag":"App"},{"contents":[{"Right":0},[]],"tag":"App"}]],"tag":"App"},"name":"M"},{"contents":[{"Left":"Relation.Binary.Core.Rel"},[{"contents":[{"Right":2},[]],"tag":"App"},{"contents":[{"Right":0},[{"contents":[{"Left":"Algebra.Bundles.RawMagma.Carrier"},[]],"tag":"App"}]],"tag":"App"},{"contents":"lub @2 @1","tag":"Level"}]],"tag":"App"}],"tag":"Pi"}],"tag":"Pi"}],"tag":"Pi"}}},"name":"Algebra.Definitions.RawMagma._∤_"},{"item":{"pretty":"{a ℓ : Level.Level} (M : RawMagma a ℓ) →\nRel (RawMagma.Carrier M) (a ⊔ ℓ)","thing":{"normalised":{"contents":[{"item":{"contents":[{"Left":"Agda.Primitive.Level"},[]],"tag":"App"},"name":"a"},{"contents":[{"item":{"contents":[{"Left":"Agda.Primitive.Level"},[]],"tag":"App"},"name":"ℓ"},{"contents":[{"item":{"contents":[{"Left":"Algebra.Bundles.RawMagma"},[{"contents":[{"Right":1},[]],"tag":"App"},{"contents":[{"Right":0},[]],"tag":"App"}]],"tag":"App"},"name":"M"},{"contents":[{"item":{"contents":[{"Right":0},[{"contents":[{"Left":"Algebra.Bundles.RawMagma.Carrier"},[]],"tag":"App"}]],"tag":"App"},"name":"_"},{"contents":[{"item":{"contents":[{"Right":0},[{"contents":[{"Left":"Algebra.Bundles.RawMagma.Carrier"},[]],"tag":"App"}]],"tag":"App"},"name":"_"},{"contents":"Set (lub @2 @1)","tag":"Sort"}],"tag":"Pi"}],"tag":"Pi"}],"tag":"Pi"}],"tag":"Pi"}],"tag":"Pi"},"original":{"contents":[{"item":{"contents":[{"Left":"Agda.Primitive.Level"},[]],"tag":"App"},"name":"a"},{"contents":[{"item":{"contents":[{"Left":"Agda.Primitive.Level"},[]],"tag":"App"},"name":"ℓ"},{"contents":[{"item":{"contents":[{"Left":"Algebra.Bundles.RawMagma"},[{"contents":[{"Right":1},[]],"tag":"App"},{"contents":[{"Right":0},[]],"tag":"App"}]],"tag":"App"},"name":"M"},{"contents":[{"Left":"Relation.Binary.Core.Rel"},[{"contents":[{"Right":2},[]],"tag":"App"},{"contents":[{"Right":0},[{"contents":[{"Left":"Algebra.Bundles.RawMagma.Carrier"},[]],"tag":"App"}]],"tag":"App"},{"contents":[{"Left":"Agda.Primitive._⊔_"},[{"contents":[{"Right":2},[]],"tag":"App"},{"contents":[{"Right":1},[]],"tag":"App"}]],"tag":"App"}]],"tag":"App"}],"tag":"Pi"}],"tag":"Pi"}],"tag":"Pi"},"reduced":{"contents":[{"item":{"contents":[{"Left":"Agda.Primitive.Level"},[]],"tag":"App"},"name":"a"},{"contents":[{"item":{"contents":[{"Left":"Agda.Primitive.Level"},[]],"tag":"App"},"name":"ℓ"},{"contents":[{"item":{"contents":[{"Left":"Algebra.Bundles.RawMagma"},[{"contents":[{"Right":1},[]],"tag":"App"},{"contents":[{"Right":0},[]],"tag":"App"}]],"tag":"App"},"name":"M"},{"contents":[{"Left":"Relation.Binary.Core.Rel"},[{"contents":[{"Right":2},[]],"tag":"App"},{"contents":[{"Right":0},[{"contents":[{"Left":"Algebra.Bundles.RawMagma.Carrier"},[]],"tag":"App"}]],"tag":"App"},{"contents":[{"Left":"Agda.Primitive._⊔_"},[{"contents":[{"Right":2},[]],"tag":"App"},{"contents":[{"Right":1},[]],"tag":"App"}]],"tag":"App"}]],"tag":"App"}],"tag":"Pi"}],"tag":"Pi"}],"tag":"Pi"},"simplified":{"contents":[{"item":{"contents":[{"Left":"Agda.Primitive.Level"},[]],"tag":"App"},"name":"a"},{"contents":[{"item":{"contents":[{"Left":"Agda.Primitive.Level"},[]],"tag":"App"},"name":"ℓ"},{"contents":[{"item":{"contents":[{"Left":"Algebra.Bundles.RawMagma"},[{"contents":[{"Right":1},[]],"tag":"App"},{"contents":[{"Right":0},[]],"tag":"App"}]],"tag":"App"},"name":"M"},{"contents":[{"Left":"Relation.Binary.Core.Rel"},[{"contents":[{"Right":2},[]],"tag":"App"},{"contents":[{"Right":0},[{"contents":[{"Left":"Algebra.Bundles.RawMagma.Carrier"},[]],"tag":"App"}]],"tag":"App"},{"contents":"lub @2 @1","tag":"Level"}]],"tag":"App"}],"tag":"Pi"}],"tag":"Pi"}],"tag":"Pi"}}},"name":"Algebra.Definitions.RawMagma._∣∣_"},{"item":{"pretty":"{a ℓ : Level.Level} (M : RawMagma a ℓ) →\nRel (RawMagma.Carrier M) (a ⊔ ℓ)","thing":{"normalised":{"contents":[{"item":{"contents":[{"Left":"Agda.Primitive.Level"},[]],"tag":"App"},"name":"a"},{"contents":[{"item":{"contents":[{"Left":"Agda.Primitive.Level"},[]],"tag":"App"},"name":"ℓ"},{"contents":[{"item":{"contents":[{"Left":"Algebra.Bundles.RawMagma"},[{"contents":[{"Right":1},[]],"tag":"App"},{"contents":[{"Right":0},[]],"tag":"App"}]],"tag":"App"},"name":"M"},{"contents":[{"item":{"contents":[{"Right":0},[{"contents":[{"Left":"Algebra.Bundles.RawMagma.Carrier"},[]],"tag":"App"}]],"tag":"App"},"name":"_"},{"contents":[{"item":{"contents":[{"Right":0},[{"contents":[{"Left":"Algebra.Bundles.RawMagma.Carrier"},[]],"tag":"App"}]],"tag":"App"},"name":"_"},{"contents":"Set (lub @2 @1)","tag":"Sort"}],"tag":"Pi"}],"tag":"Pi"}],"tag":"Pi"}],"tag":"Pi"}],"tag":"Pi"},"original":{"contents":[{"item":{"contents":[{"Left":"Agda.Primitive.Level"},[]],"tag":"App"},"name":"a"},{"contents":[{"item":{"contents":[{"Left":"Agda.Primitive.Level"},[]],"tag":"App"},"name":"ℓ"},{"contents":[{"item":{"contents":[{"Left":"Algebra.Bundles.RawMagma"},[{"contents":[{"Right":1},[]],"tag":"App"},{"contents":[{"Right":0},[]],"tag":"App"}]],"tag":"App"},"name":"M"},{"contents":[{"Left":"Relation.Binary.Core.Rel"},[{"contents":[{"Right":2},[]],"tag":"App"},{"contents":[{"Right":0},[{"contents":[{"Left":"Algebra.Bundles.RawMagma.Carrier"},[]],"tag":"App"}]],"tag":"App"},{"contents":[{"Left":"Agda.Primitive._⊔_"},[{"contents":[{"Right":2},[]],"tag":"App"},{"contents":[{"Right":1},[]],"tag":"App"}]],"tag":"App"}]],"tag":"App"}],"tag":"Pi"}],"tag":"Pi"}],"tag":"Pi"},"reduced":{"contents":[{"item":{"contents":[{"Left":"Agda.Primitive.Level"},[]],"tag":"App"},"name":"a"},{"contents":[{"item":{"contents":[{"Left":"Agda.Primitive.Level"},[]],"tag":"App"},"name":"ℓ"},{"contents":[{"item":{"contents":[{"Left":"Algebra.Bundles.RawMagma"},[{"contents":[{"Right":1},[]],"tag":"App"},{"contents":[{"Right":0},[]],"tag":"App"}]],"tag":"App"},"name":"M"},{"contents":[{"Left":"Relation.Binary.Core.Rel"},[{"contents":[{"Right":2},[]],"tag":"App"},{"contents":[{"Right":0},[{"contents":[{"Left":"Algebra.Bundles.RawMagma.Carrier"},[]],"tag":"App"}]],"tag":"App"},{"contents":[{"Left":"Agda.Primitive._⊔_"},[{"contents":[{"Right":2},[]],"tag":"App"},{"contents":[{"Right":1},[]],"tag":"App"}]],"tag":"App"}]],"tag":"App"}],"tag":"Pi"}],"tag":"Pi"}],"tag":"Pi"},"simplified":{"contents":[{"item":{"contents":[{"Left":"Agda.Primitive.Level"},[]],"tag":"App"},"name":"a"},{"contents":[{"item":{"contents":[{"Left":"Agda.Primitive.Level"},[]],"tag":"App"},"name":"ℓ"},{"contents":[{"item":{"contents":[{"Left":"Algebra.Bundles.RawMagma"},[{"contents":[{"Right":1},[]],"tag":"App"},{"contents":[{"Right":0},[]],"tag":"App"}]],"tag":"App"},"name":"M"},{"contents":[{"Left":"Relation.Binary.Core.Rel"},[{"contents":[{"Right":2},[]],"tag":"App"},{"contents":[{"Right":0},[{"contents":[{"Left":"Algebra.Bundles.RawMagma.Carrier"},[]],"tag":"App"}]],"tag":"App"},{"contents":"lub @2 @1","tag":"Level"}]],"tag":"App"}],"tag":"Pi"}],"tag":"Pi"}],"tag":"Pi"}}},"name":"Algebra.Definitions.RawMagma._∤∤_"}],"name":"Algebra.Definitions.RawMagma"},"samples":[{"ctx":{"pretty":"{a : Level.Level} {ℓ : Level.Level} (M : RawMagma a ℓ)\n(x : RawMagma.Carrier M) (y : RawMagma.Carrier M)","thing":[{"item":{"contents":[{"Left":"Agda.Primitive.Level"},[]],"tag":"App"},"name":"a"},{"item":{"contents":[{"Left":"Agda.Primitive.Level"},[]],"tag":"App"},"name":"ℓ"},{"item":{"contents":[{"Left":"Algebra.Bundles.RawMagma"},[{"contents":[{"Right":1},[]],"tag":"App"},{"contents":[{"Right":0},[]],"tag":"App"}]],"tag":"App"},"name":"M"},{"item":{"contents":[{"Right":0},[{"contents":[{"Left":"Algebra.Bundles.RawMagma.Carrier"},[]],"tag":"App"}]],"tag":"App"},"name":"x"},{"item":{"contents":[{"Right":1},[{"contents":[{"Left":"Algebra.Bundles.RawMagma.Carrier"},[]],"tag":"App"}]],"tag":"App"},"name":"y"}]},"goal":{"pretty":"Set (a ⊔ ℓ)","thing":{"normalised":{"contents":"Set (lub @4 @3)","tag":"Sort"},"original":{"contents":"Set (lub @4 @3)","tag":"Sort"},"reduced":{"contents":"Set (lub @4 @3)","tag":"Sort"},"simplified":{"contents":"Set (lub @4 @3)","tag":"Sort"}}},"term":{"pretty":"(M ∣ˡ x) y","thing":{"normalised":{"contents":[{"Left":"Agda.Builtin.Sigma.Σ"},[{"contents":[{"Right":4},[]],"tag":"App"},{"contents":[{"Right":3},[]],"tag":"App"},{"contents":[{"Right":2},[{"contents":[{"Left":"Algebra.Bundles.RawMagma.Carrier"},[]],"tag":"App"}]],"tag":"App"},{"contents":{"item":{"contents":[{"Right":3},[{"contents":[{"Left":"Algebra.Bundles.RawMagma._≈_"},[]],"tag":"App"},{"contents":[{"Right":3},[{"contents":[{"Left":"Algebra.Bundles.RawMagma._∙_"},[]],"tag":"App"},{"contents":[{"Right":2},[]],"tag":"App"},{"contents":[{"Right":0},[]],"tag":"App"}]],"tag":"App"},{"contents":[{"Right":1},[]],"tag":"App"}]],"tag":"App"},"name":"q"},"tag":"Lam"}]],"tag":"App"},"original":{"contents":[{"Left":"Algebra.Definitions.RawMagma._∣ˡ_"},[{"contents":[{"Right":4},[]],"tag":"App"},{"contents":[{"Right":3},[]],"tag":"App"},{"contents":[{"Right":2},[]],"tag":"App"},{"contents":[{"Right":1},[]],"tag":"App"},{"contents":[{"Right":0},[]],"tag":"App"}]],"tag":"App"},"reduced":{"contents":[{"Left":"Agda.Builtin.Sigma.Σ"},[{"contents":[{"Right":4},[]],"tag":"App"},{"contents":[{"Right":3},[]],"tag":"App"},{"contents":[{"Right":2},[{"contents":[{"Left":"Algebra.Bundles.RawMagma.Carrier"},[]],"tag":"App"}]],"tag":"App"},{"contents":{"item":{"contents":[{"Right":3},[{"contents":[{"Left":"Algebra.Bundles.RawMagma._≈_"},[]],"tag":"App"},{"contents":[{"Right":3},[{"contents":[{"Left":"Algebra.Bundles.RawMagma._∙_"},[]],"tag":"App"},{"contents":[{"Right":2},[]],"tag":"App"},{"contents":[{"Right":0},[]],"tag":"App"}]],"tag":"App"},{"contents":[{"Right":1},[]],"tag":"App"}]],"tag":"App"},"name":"q"},"tag":"Lam"}]],"tag":"App"},"simplified":{"contents":[{"Left":"Algebra.Definitions.RawMagma._∣ˡ_"},[{"contents":[{"Right":4},[]],"tag":"App"},{"contents":[{"Right":3},[]],"tag":"App"},{"contents":[{"Right":2},[]],"tag":"App"},{"contents":[{"Right":1},[]],"tag":"App"},{"contents":[{"Right":0},[]],"tag":"App"}]],"tag":"App"}}},"namesUsed":["Algebra.Definitions.RawMagma._∣ˡ_"]},{"ctx":{"pretty":"{a : Level.Level} {ℓ : Level.Level} (M : RawMagma a ℓ)\n(x : RawMagma.Carrier M) (y : RawMagma.Carrier M)","thing":[{"item":{"contents":[{"Left":"Agda.Primitive.Level"},[]],"tag":"App"},"name":"a"},{"item":{"contents":[{"Left":"Agda.Primitive.Level"},[]],"tag":"App"},"name":"ℓ"},{"item":{"contents":[{"Left":"Algebra.Bundles.RawMagma"},[{"contents":[{"Right":1},[]],"tag":"App"},{"contents":[{"Right":0},[]],"tag":"App"}]],"tag":"App"},"name":"M"},{"item":{"contents":[{"Right":0},[{"contents":[{"Left":"Algebra.Bundles.RawMagma.Carrier"},[]],"tag":"App"}]],"tag":"App"},"name":"x"},{"item":{"contents":[{"Right":1},[{"contents":[{"Left":"Algebra.Bundles.RawMagma.Carrier"},[]],"tag":"App"}]],"tag":"App"},"name":"y"}]},"goal":{"pretty":"Set (a ⊔ ℓ)","thing":{"normalised":{"contents":"Set (lub @4 @3)","tag":"Sort"},"original":{"contents":"Set (lub @4 @3)","tag":"Sort"},"reduced":{"contents":"Set (lub @4 @3)","tag":"Sort"},"simplified":{"contents":"Set (lub @4 @3)","tag":"Sort"}}},"term":{"pretty":"(M ∣ʳ x) y","thing":{"normalised":{"contents":[{"Left":"Agda.Builtin.Sigma.Σ"},[{"contents":[{"Right":4},[]],"tag":"App"},{"contents":[{"Right":3},[]],"tag":"App"},{"contents":[{"Right":2},[{"contents":[{"Left":"Algebra.Bundles.RawMagma.Carrier"},[]],"tag":"App"}]],"tag":"App"},{"contents":{"item":{"contents":[{"Right":3},[{"contents":[{"Left":"Algebra.Bundles.RawMagma._≈_"},[]],"tag":"App"},{"contents":[{"Right":3},[{"contents":[{"Left":"Algebra.Bundles.RawMagma._∙_"},[]],"tag":"App"},{"contents":[{"Right":0},[]],"tag":"App"},{"contents":[{"Right":2},[]],"tag":"App"}]],"tag":"App"},{"contents":[{"Right":1},[]],"tag":"App"}]],"tag":"App"},"name":"q"},"tag":"Lam"}]],"tag":"App"},"original":{"contents":[{"Left":"Algebra.Definitions.RawMagma._∣ʳ_"},[{"contents":[{"Right":4},[]],"tag":"App"},{"contents":[{"Right":3},[]],"tag":"App"},{"contents":[{"Right":2},[]],"tag":"App"},{"contents":[{"Right":1},[]],"tag":"App"},{"contents":[{"Right":0},[]],"tag":"App"}]],"tag":"App"},"reduced":{"contents":[{"Left":"Agda.Builtin.Sigma.Σ"},[{"contents":[{"Right":4},[]],"tag":"App"},{"contents":[{"Right":3},[]],"tag":"App"},{"contents":[{"Right":2},[{"contents":[{"Left":"Algebra.Bundles.RawMagma.Carrier"},[]],"tag":"App"}]],"tag":"App"},{"contents":{"item":{"contents":[{"Right":3},[{"contents":[{"Left":"Algebra.Bundles.RawMagma._≈_"},[]],"tag":"App"},{"contents":[{"Right":3},[{"contents":[{"Left":"Algebra.Bundles.RawMagma._∙_"},[]],"tag":"App"},{"contents":[{"Right":0},[]],"tag":"App"},{"contents":[{"Right":2},[]],"tag":"App"}]],"tag":"App"},{"contents":[{"Right":1},[]],"tag":"App"}]],"tag":"App"},"name":"q"},"tag":"Lam"}]],"tag":"App"},"simplified":{"contents":[{"Left":"Algebra.Definitions.RawMagma._∣ʳ_"},[{"contents":[{"Right":4},[]],"tag":"App"},{"contents":[{"Right":3},[]],"tag":"App"},{"contents":[{"Right":2},[]],"tag":"App"},{"contents":[{"Right":1},[]],"tag":"App"},{"contents":[{"Right":0},[]],"tag":"App"}]],"tag":"App"}}},"namesUsed":["Algebra.Definitions.RawMagma._∣ʳ_"]},{"ctx":{"pretty":"{a : Level.Level} {ℓ : Level.Level} (M : RawMagma a ℓ)","thing":[{"item":{"contents":[{"Left":"Agda.Primitive.Level"},[]],"tag":"App"},"name":"a"},{"item":{"contents":[{"Left":"Agda.Primitive.Level"},[]],"tag":"App"},"name":"ℓ"},{"item":{"contents":[{"Left":"Algebra.Bundles.RawMagma"},[{"contents":[{"Right":1},[]],"tag":"App"},{"contents":[{"Right":0},[]],"tag":"App"}]],"tag":"App"},"name":"M"}]},"goal":{"pretty":"Rel (RawMagma.Carrier M) (a ⊔ ℓ)","thing":{"normalised":{"contents":[{"item":{"contents":[{"Right":0},[{"contents":[{"Left":"Algebra.Bundles.RawMagma.Carrier"},[]],"tag":"App"}]],"tag":"App"},"name":"_"},{"contents":[{"item":{"contents":[{"Right":0},[{"contents":[{"Left":"Algebra.Bundles.RawMagma.Carrier"},[]],"tag":"App"}]],"tag":"App"},"name":"_"},{"contents":"Set (lub @2 @1)","tag":"Sort"}],"tag":"Pi"}],"tag":"Pi"},"original":{"contents":[{"Left":"Relation.Binary.Core.Rel"},[{"contents":[{"Right":2},[]],"tag":"App"},{"contents":[{"Right":0},[{"contents":[{"Left":"Algebra.Bundles.RawMagma.Carrier"},[]],"tag":"App"}]],"tag":"App"},{"contents":[{"Left":"Agda.Primitive._⊔_"},[{"contents":[{"Right":2},[]],"tag":"App"},{"contents":[{"Right":1},[]],"tag":"App"}]],"tag":"App"}]],"tag":"App"},"reduced":{"contents":[{"item":{"contents":[{"Right":0},[{"contents":[{"Left":"Algebra.Bundles.RawMagma.Carrier"},[]],"tag":"App"}]],"tag":"App"},"name":"_"},{"contents":[{"item":{"contents":[{"Right":0},[{"contents":[{"Left":"Algebra.Bundles.RawMagma.Carrier"},[]],"tag":"App"}]],"tag":"App"},"name":"_"},{"contents":"Set (Agda.Primitive._⊔_ @2 @1)","tag":"Sort"}],"tag":"Pi"}],"tag":"Pi"},"simplified":{"contents":[{"Left":"Relation.Binary.Core.Rel"},[{"contents":[{"Right":2},[]],"tag":"App"},{"contents":[{"Right":0},[{"contents":[{"Left":"Algebra.Bundles.RawMagma.Carrier"},[]],"tag":"App"}]],"tag":"App"},{"contents":"lub @2 @1","tag":"Level"}]],"tag":"App"}}},"term":{"pretty":"_∣ʳ_ M","thing":{"normalised":{"contents":{"item":{"contents":{"item":{"contents":[{"Left":"Agda.Builtin.Sigma.Σ"},[{"contents":[{"Right":4},[]],"tag":"App"},{"contents":[{"Right":3},[]],"tag":"App"},{"contents":[{"Right":2},[{"contents":[{"Left":"Algebra.Bundles.RawMagma.Carrier"},[]],"tag":"App"}]],"tag":"App"},{"contents":{"item":{"contents":[{"Right":3},[{"contents":[{"Left":"Algebra.Bundles.RawMagma._≈_"},[]],"tag":"App"},{"contents":[{"Right":3},[{"contents":[{"Left":"Algebra.Bundles.RawMagma._∙_"},[]],"tag":"App"},{"contents":[{"Right":0},[]],"tag":"App"},{"contents":[{"Right":2},[]],"tag":"App"}]],"tag":"App"},{"contents":[{"Right":1},[]],"tag":"App"}]],"tag":"App"},"name":"q"},"tag":"Lam"}]],"tag":"App"},"name":"y"},"tag":"Lam"},"name":"x"},"tag":"Lam"},"original":{"contents":[{"Left":"Algebra.Definitions.RawMagma._∣ʳ_"},[{"contents":[{"Right":2},[]],"tag":"App"},{"contents":[{"Right":1},[]],"tag":"App"},{"contents":[{"Right":0},[]],"tag":"App"}]],"tag":"App"},"reduced":{"contents":{"item":{"contents":{"item":{"contents":[{"Left":"Data.Product.∃"},[{"contents":[{"Right":4},[]],"tag":"App"},{"contents":[{"Right":3},[]],"tag":"App"},{"contents":[{"Right":2},[{"contents":[{"Left":"Algebra.Bundles.RawMagma.Carrier"},[]],"tag":"App"}]],"tag":"App"},{"contents":{"item":{"contents":[{"Right":3},[{"contents":[{"Left":"Algebra.Bundles.RawMagma._≈_"},[]],"tag":"App"},{"contents":[{"Right":3},[{"contents":[{"Left":"Algebra.Bundles.RawMagma._∙_"},[]],"tag":"App"},{"contents":[{"Right":0},[]],"tag":"App"},{"contents":[{"Right":2},[]],"tag":"App"}]],"tag":"App"},{"contents":[{"Right":1},[]],"tag":"App"}]],"tag":"App"},"name":"q"},"tag":"Lam"}]],"tag":"App"},"name":"y"},"tag":"Lam"},"name":"x"},"tag":"Lam"},"simplified":{"contents":[{"Left":"Algebra.Definitions.RawMagma._∣ʳ_"},[{"contents":[{"Right":2},[]],"tag":"App"},{"contents":[{"Right":1},[]],"tag":"App"},{"contents":[{"Right":0},[]],"tag":"App"}]],"tag":"App"}}},"namesUsed":["Algebra.Definitions.RawMagma._∣ʳ_"]},{"ctx":{"pretty":"{a : Level.Level} {ℓ : Level.Level} (M : RawMagma a ℓ)\n(x : RawMagma.Carrier M) (y : RawMagma.Carrier M)","thing":[{"item":{"contents":[{"Left":"Agda.Primitive.Level"},[]],"tag":"App"},"name":"a"},{"item":{"contents":[{"Left":"Agda.Primitive.Level"},[]],"tag":"App"},"name":"ℓ"},{"item":{"contents":[{"Left":"Algebra.Bundles.RawMagma"},[{"contents":[{"Right":1},[]],"tag":"App"},{"contents":[{"Right":0},[]],"tag":"App"}]],"tag":"App"},"name":"M"},{"item":{"contents":[{"Right":0},[{"contents":[{"Left":"Algebra.Bundles.RawMagma.Carrier"},[]],"tag":"App"}]],"tag":"App"},"name":"x"},{"item":{"contents":[{"Right":1},[{"contents":[{"Left":"Algebra.Bundles.RawMagma.Carrier"},[]],"tag":"App"}]],"tag":"App"},"name":"y"}]},"goal":{"pretty":"Set (a ⊔ ℓ)","thing":{"normalised":{"contents":"Set (lub @4 @3)","tag":"Sort"},"original":{"contents":"Set (lub @4 @3)","tag":"Sort"},"reduced":{"contents":"Set (lub @4 @3)","tag":"Sort"},"simplified":{"contents":"Set (lub @4 @3)","tag":"Sort"}}},"term":{"pretty":"(M ∣ x) y","thing":{"normalised":{"contents":[{"Left":"Agda.Builtin.Sigma.Σ"},[{"contents":[{"Right":4},[]],"tag":"App"},{"contents":[{"Right":3},[]],"tag":"App"},{"contents":[{"Right":2},[{"contents":[{"Left":"Algebra.Bundles.RawMagma.Carrier"},[]],"tag":"App"}]],"tag":"App"},{"contents":{"item":{"contents":[{"Right":3},[{"contents":[{"Left":"Algebra.Bundles.RawMagma._≈_"},[]],"tag":"App"},{"contents":[{"Right":3},[{"contents":[{"Left":"Algebra.Bundles.RawMagma._∙_"},[]],"tag":"App"},{"contents":[{"Right":0},[]],"tag":"App"},{"contents":[{"Right":2},[]],"tag":"App"}]],"tag":"App"},{"contents":[{"Right":1},[]],"tag":"App"}]],"tag":"App"},"name":"q"},"tag":"Lam"}]],"tag":"App"},"original":{"contents":[{"Left":"Algebra.Definitions.RawMagma._∣_"},[{"contents":[{"Right":4},[]],"tag":"App"},{"contents":[{"Right":3},[]],"tag":"App"},{"contents":[{"Right":2},[]],"tag":"App"},{"contents":[{"Right":1},[]],"tag":"App"},{"contents":[{"Right":0},[]],"tag":"App"}]],"tag":"App"},"reduced":{"contents":[{"Left":"Agda.Builtin.Sigma.Σ"},[{"contents":[{"Right":4},[]],"tag":"App"},{"contents":[{"Right":3},[]],"tag":"App"},{"contents":[{"Right":2},[{"contents":[{"Left":"Algebra.Bundles.RawMagma.Carrier"},[]],"tag":"App"}]],"tag":"App"},{"contents":{"item":{"contents":[{"Right":3},[{"contents":[{"Left":"Algebra.Bundles.RawMagma._≈_"},[]],"tag":"App"},{"contents":[{"Right":3},[{"contents":[{"Left":"Algebra.Bundles.RawMagma._∙_"},[]],"tag":"App"},{"contents":[{"Right":0},[]],"tag":"App"},{"contents":[{"Right":2},[]],"tag":"App"}]],"tag":"App"},{"contents":[{"Right":1},[]],"tag":"App"}]],"tag":"App"},"name":"q"},"tag":"Lam"}]],"tag":"App"},"simplified":{"contents":[{"Left":"Algebra.Definitions.RawMagma._∣_"},[{"contents":[{"Right":4},[]],"tag":"App"},{"contents":[{"Right":3},[]],"tag":"App"},{"contents":[{"Right":2},[]],"tag":"App"},{"contents":[{"Right":1},[]],"tag":"App"},{"contents":[{"Right":0},[]],"tag":"App"}]],"tag":"App"}}},"namesUsed":["Algebra.Definitions.RawMagma._∣_"]},{"ctx":{"pretty":"{a : Level.Level} {ℓ : Level.Level} (M : RawMagma a ℓ)\n(x : RawMagma.Carrier M) (y : RawMagma.Carrier M)","thing":[{"item":{"contents":[{"Left":"Agda.Primitive.Level"},[]],"tag":"App"},"name":"a"},{"item":{"contents":[{"Left":"Agda.Primitive.Level"},[]],"tag":"App"},"name":"ℓ"},{"item":{"contents":[{"Left":"Algebra.Bundles.RawMagma"},[{"contents":[{"Right":1},[]],"tag":"App"},{"contents":[{"Right":0},[]],"tag":"App"}]],"tag":"App"},"name":"M"},{"item":{"contents":[{"Right":0},[{"contents":[{"Left":"Algebra.Bundles.RawMagma.Carrier"},[]],"tag":"App"}]],"tag":"App"},"name":"x"},{"item":{"contents":[{"Right":1},[{"contents":[{"Left":"Algebra.Bundles.RawMagma.Carrier"},[]],"tag":"App"}]],"tag":"App"},"name":"y"}]},"goal":{"pretty":"Set (a ⊔ ℓ)","thing":{"normalised":{"contents":"Set (lub @4 @3)","tag":"Sort"},"original":{"contents":"Set (lub @4 @3)","tag":"Sort"},"reduced":{"contents":"Set (lub @4 @3)","tag":"Sort"},"simplified":{"contents":"Set (lub @4 @3)","tag":"Sort"}}},"term":{"pretty":"(M ∣ x) y","thing":{"normalised":{"contents":[{"Left":"Agda.Builtin.Sigma.Σ"},[{"contents":[{"Right":4},[]],"tag":"App"},{"contents":[{"Right":3},[]],"tag":"App"},{"contents":[{"Right":2},[{"contents":[{"Left":"Algebra.Bundles.RawMagma.Carrier"},[]],"tag":"App"}]],"tag":"App"},{"contents":{"item":{"contents":[{"Right":3},[{"contents":[{"Left":"Algebra.Bundles.RawMagma._≈_"},[]],"tag":"App"},{"contents":[{"Right":3},[{"contents":[{"Left":"Algebra.Bundles.RawMagma._∙_"},[]],"tag":"App"},{"contents":[{"Right":0},[]],"tag":"App"},{"contents":[{"Right":2},[]],"tag":"App"}]],"tag":"App"},{"contents":[{"Right":1},[]],"tag":"App"}]],"tag":"App"},"name":"q"},"tag":"Lam"}]],"tag":"App"},"original":{"contents":[{"Left":"Algebra.Definitions.RawMagma._∣_"},[{"contents":[{"Right":4},[]],"tag":"App"},{"contents":[{"Right":3},[]],"tag":"App"},{"contents":[{"Right":2},[]],"tag":"App"},{"contents":[{"Right":1},[]],"tag":"App"},{"contents":[{"Right":0},[]],"tag":"App"}]],"tag":"App"},"reduced":{"contents":[{"Left":"Agda.Builtin.Sigma.Σ"},[{"contents":[{"Right":4},[]],"tag":"App"},{"contents":[{"Right":3},[]],"tag":"App"},{"contents":[{"Right":2},[{"contents":[{"Left":"Algebra.Bundles.RawMagma.Carrier"},[]],"tag":"App"}]],"tag":"App"},{"contents":{"item":{"contents":[{"Right":3},[{"contents":[{"Left":"Algebra.Bundles.RawMagma._≈_"},[]],"tag":"App"},{"contents":[{"Right":3},[{"contents":[{"Left":"Algebra.Bundles.RawMagma._∙_"},[]],"tag":"App"},{"contents":[{"Right":0},[]],"tag":"App"},{"contents":[{"Right":2},[]],"tag":"App"}]],"tag":"App"},{"contents":[{"Right":1},[]],"tag":"App"}]],"tag":"App"},"name":"q"},"tag":"Lam"}]],"tag":"App"},"simplified":{"contents":[{"Left":"Algebra.Definitions.RawMagma._∣_"},[{"contents":[{"Right":4},[]],"tag":"App"},{"contents":[{"Right":3},[]],"tag":"App"},{"contents":[{"Right":2},[]],"tag":"App"},{"contents":[{"Right":1},[]],"tag":"App"},{"contents":[{"Right":0},[]],"tag":"App"}]],"tag":"App"}}},"namesUsed":["Algebra.Definitions.RawMagma._∣_"]},{"ctx":{"pretty":"{a = a₁ : Level.Level} {ℓ = ℓ₁ : Level.Level} (M₁ : RawMagma a₁ ℓ₁)\n(x₁ : RawMagma.Carrier M₁) (y₁ : RawMagma.Carrier M₁)","thing":[{"item":{"contents":[{"Left":"Agda.Primitive.Level"},[]],"tag":"App"},"name":"a"},{"item":{"contents":[{"Left":"Agda.Primitive.Level"},[]],"tag":"App"},"name":"ℓ"},{"item":{"contents":[{"Left":"Algebra.Bundles.RawMagma"},[{"contents":[{"Right":1},[]],"tag":"App"},{"contents":[{"Right":0},[]],"tag":"App"}]],"tag":"App"},"name":"M"},{"item":{"contents":[{"Right":0},[{"contents":[{"Left":"Algebra.Bundles.RawMagma.Carrier"},[]],"tag":"App"}]],"tag":"App"},"name":"x"},{"item":{"contents":[{"Right":1},[{"contents":[{"Left":"Algebra.Bundles.RawMagma.Carrier"},[]],"tag":"App"}]],"tag":"App"},"name":"y"}]},"goal":{"pretty":"Set (a ⊔ ℓ)","thing":{"normalised":{"contents":"Set (lub @4 @3)","tag":"Sort"},"original":{"contents":"Set (lub @4 @3)","tag":"Sort"},"reduced":{"contents":"Set (lub @4 @3)","tag":"Sort"},"simplified":{"contents":"Set (lub @4 @3)","tag":"Sort"}}},"term":{"pretty":"(M ∣ y) x","thing":{"normalised":{"contents":[{"Left":"Agda.Builtin.Sigma.Σ"},[{"contents":[{"Right":4},[]],"tag":"App"},{"contents":[{"Right":3},[]],"tag":"App"},{"contents":[{"Right":2},[{"contents":[{"Left":"Algebra.Bundles.RawMagma.Carrier"},[]],"tag":"App"}]],"tag":"App"},{"contents":{"item":{"contents":[{"Right":3},[{"contents":[{"Left":"Algebra.Bundles.RawMagma._≈_"},[]],"tag":"App"},{"contents":[{"Right":3},[{"contents":[{"Left":"Algebra.Bundles.RawMagma._∙_"},[]],"tag":"App"},{"contents":[{"Right":0},[]],"tag":"App"},{"contents":[{"Right":1},[]],"tag":"App"}]],"tag":"App"},{"contents":[{"Right":2},[]],"tag":"App"}]],"tag":"App"},"name":"q"},"tag":"Lam"}]],"tag":"App"},"original":{"contents":[{"Left":"Algebra.Definitions.RawMagma._∣_"},[{"contents":[{"Right":4},[]],"tag":"App"},{"contents":[{"Right":3},[]],"tag":"App"},{"contents":[{"Right":2},[]],"tag":"App"},{"contents":[{"Right":0},[]],"tag":"App"},{"contents":[{"Right":1},[]],"tag":"App"}]],"tag":"App"},"reduced":{"contents":[{"Left":"Agda.Builtin.Sigma.Σ"},[{"contents":[{"Right":4},[]],"tag":"App"},{"contents":[{"Right":3},[]],"tag":"App"},{"contents":[{"Right":2},[{"contents":[{"Left":"Algebra.Bundles.RawMagma.Carrier"},[]],"tag":"App"}]],"tag":"App"},{"contents":{"item":{"contents":[{"Right":3},[{"contents":[{"Left":"Algebra.Bundles.RawMagma._≈_"},[]],"tag":"App"},{"contents":[{"Right":3},[{"contents":[{"Left":"Algebra.Bundles.RawMagma._∙_"},[]],"tag":"App"},{"contents":[{"Right":0},[]],"tag":"App"},{"contents":[{"Right":1},[]],"tag":"App"}]],"tag":"App"},{"contents":[{"Right":2},[]],"tag":"App"}]],"tag":"App"},"name":"q"},"tag":"Lam"}]],"tag":"App"},"simplified":{"contents":[{"Left":"Algebra.Definitions.RawMagma._∣_"},[{"contents":[{"Right":4},[]],"tag":"App"},{"contents":[{"Right":3},[]],"tag":"App"},{"contents":[{"Right":2},[]],"tag":"App"},{"contents":[{"Right":0},[]],"tag":"App"},{"contents":[{"Right":1},[]],"tag":"App"}]],"tag":"App"}}},"namesUsed":["Algebra.Definitions.RawMagma._∣_"]},{"ctx":{"pretty":"{a : Level.Level} {ℓ : Level.Level} (M : RawMagma a ℓ)\n(x : RawMagma.Carrier M) (y : RawMagma.Carrier M)","thing":[{"item":{"contents":[{"Left":"Agda.Primitive.Level"},[]],"tag":"App"},"name":"a"},{"item":{"contents":[{"Left":"Agda.Primitive.Level"},[]],"tag":"App"},"name":"ℓ"},{"item":{"contents":[{"Left":"Algebra.Bundles.RawMagma"},[{"contents":[{"Right":1},[]],"tag":"App"},{"contents":[{"Right":0},[]],"tag":"App"}]],"tag":"App"},"name":"M"},{"item":{"contents":[{"Right":0},[{"contents":[{"Left":"Algebra.Bundles.RawMagma.Carrier"},[]],"tag":"App"}]],"tag":"App"},"name":"x"},{"item":{"contents":[{"Right":1},[{"contents":[{"Left":"Algebra.Bundles.RawMagma.Carrier"},[]],"tag":"App"}]],"tag":"App"},"name":"y"}]},"goal":{"pretty":"Set (a ⊔ ℓ)","thing":{"normalised":{"contents":"Set (lub @4 @3)","tag":"Sort"},"original":{"contents":"Set (lub @4 @3)","tag":"Sort"},"reduced":{"contents":"Set (lub @4 @3)","tag":"Sort"},"simplified":{"contents":"Set (lub @4 @3)","tag":"Sort"}}},"term":{"pretty":"(M ∣∣ x) y","thing":{"normalised":{"contents":[{"Left":"Agda.Builtin.Sigma.Σ"},[{"contents":"lub @4 @3","tag":"Level"},{"contents":"lub @4 @3","tag":"Level"},{"contents":[{"Left":"Agda.Builtin.Sigma.Σ"},[{"contents":[{"Right":4},[]],"tag":"App"},{"contents":[{"Right":3},[]],"tag":"App"},{"contents":[{"Right":2},[{"contents":[{"Left":"Algebra.Bundles.RawMagma.Carrier"},[]],"tag":"App"}]],"tag":"App"},{"contents":{"item":{"contents":[{"Right":3},[{"contents":[{"Left":"Algebra.Bundles.RawMagma._≈_"},[]],"tag":"App"},{"contents":[{"Right":3},[{"contents":[{"Left":"Algebra.Bundles.RawMagma._∙_"},[]],"tag":"App"},{"contents":[{"Right":0},[]],"tag":"App"},{"contents":[{"Right":2},[]],"tag":"App"}]],"tag":"App"},{"contents":[{"Right":1},[]],"tag":"App"}]],"tag":"App"},"name":"q"},"tag":"Lam"}]],"tag":"App"},{"contents":{"item":{"contents":[{"Left":"Agda.Builtin.Sigma.Σ"},[{"contents":[{"Right":5},[]],"tag":"App"},{"contents":[{"Right":4},[]],"tag":"App"},{"contents":[{"Right":3},[{"contents":[{"Left":"Algebra.Bundles.RawMagma.Carrier"},[]],"tag":"App"}]],"tag":"App"},{"contents":{"item":{"contents":[{"Right":4},[{"contents":[{"Left":"Algebra.Bundles.RawMagma._≈_"},[]],"tag":"App"},{"contents":[{"Right":4},[{"contents":[{"Left":"Algebra.Bundles.RawMagma._∙_"},[]],"tag":"App"},{"contents":[{"Right":0},[]],"tag":"App"},{"contents":[{"Right":2},[]],"tag":"App"}]],"tag":"App"},{"contents":[{"Right":3},[]],"tag":"App"}]],"tag":"App"},"name":"q"},"tag":"Lam"}]],"tag":"App"},"name":"x"},"tag":"Lam"}]],"tag":"App"},"original":{"contents":[{"Left":"Algebra.Definitions.RawMagma._∣∣_"},[{"contents":[{"Right":4},[]],"tag":"App"},{"contents":[{"Right":3},[]],"tag":"App"},{"contents":[{"Right":2},[]],"tag":"App"},{"contents":[{"Right":1},[]],"tag":"App"},{"contents":[{"Right":0},[]],"tag":"App"}]],"tag":"App"},"reduced":{"contents":[{"Left":"Agda.Builtin.Sigma.Σ"},[{"contents":"lub @4 @3","tag":"Level"},{"contents":"lub @4 @3","tag":"Level"},{"contents":[{"Left":"Algebra.Definitions.RawMagma._∣_"},[{"contents":[{"Right":4},[]],"tag":"App"},{"contents":[{"Right":3},[]],"tag":"App"},{"contents":[{"Right":2},[]],"tag":"App"},{"contents":[{"Right":1},[]],"tag":"App"},{"contents":[{"Right":0},[]],"tag":"App"}]],"tag":"App"},{"contents":{"item":{"contents":[{"Left":"Algebra.Definitions.RawMagma._∣_"},[{"contents":[{"Right":5},[]],"tag":"App"},{"contents":[{"Right":4},[]],"tag":"App"},{"contents":[{"Right":3},[]],"tag":"App"},{"contents":[{"Right":1},[]],"tag":"App"},{"contents":[{"Right":2},[]],"tag":"App"}]],"tag":"App"},"name":"x"},"tag":"Lam"}]],"tag":"App"},"simplified":{"contents":[{"Left":"Algebra.Definitions.RawMagma._∣∣_"},[{"contents":[{"Right":4},[]],"tag":"App"},{"contents":[{"Right":3},[]],"tag":"App"},{"contents":[{"Right":2},[]],"tag":"App"},{"contents":[{"Right":1},[]],"tag":"App"},{"contents":[{"Right":0},[]],"tag":"App"}]],"tag":"App"}}},"namesUsed":["Algebra.Definitions.RawMagma._∣∣_"]}]}