{"scope":{"item":[{"item":{"pretty":"Relation.Binary.Bundles.Setoid Level.0ℓ Level.0ℓ","thing":{"normalised":{"contents":[{"Left":"Relation.Binary.Bundles.Setoid"},[{"contents":"lzero","tag":"Level"},{"contents":"lzero","tag":"Level"}]],"tag":"App"},"original":{"contents":[{"Left":"Relation.Binary.Bundles.Setoid"},[{"contents":[{"Left":"Level.0ℓ"},[]],"tag":"App"},{"contents":[{"Left":"Level.0ℓ"},[]],"tag":"App"}]],"tag":"App"},"reduced":{"contents":[{"Left":"Relation.Binary.Bundles.Setoid"},[{"contents":[{"Left":"Level.0ℓ"},[]],"tag":"App"},{"contents":[{"Left":"Level.0ℓ"},[]],"tag":"App"}]],"tag":"App"},"simplified":{"contents":[{"Left":"Relation.Binary.Bundles.Setoid"},[{"contents":[{"Left":"Level.0ℓ"},[]],"tag":"App"},{"contents":[{"Left":"Level.0ℓ"},[]],"tag":"App"}]],"tag":"App"}}},"name":"Data.Unit.setoid"},{"item":{"pretty":"Relation.Binary.Bundles.DecSetoid Level.0ℓ Level.0ℓ","thing":{"normalised":{"contents":[{"Left":"Relation.Binary.Bundles.DecSetoid"},[{"contents":"lzero","tag":"Level"},{"contents":"lzero","tag":"Level"}]],"tag":"App"},"original":{"contents":[{"Left":"Relation.Binary.Bundles.DecSetoid"},[{"contents":[{"Left":"Level.0ℓ"},[]],"tag":"App"},{"contents":[{"Left":"Level.0ℓ"},[]],"tag":"App"}]],"tag":"App"},"reduced":{"contents":[{"Left":"Relation.Binary.Bundles.DecSetoid"},[{"contents":[{"Left":"Level.0ℓ"},[]],"tag":"App"},{"contents":[{"Left":"Level.0ℓ"},[]],"tag":"App"}]],"tag":"App"},"simplified":{"contents":[{"Left":"Relation.Binary.Bundles.DecSetoid"},[{"contents":[{"Left":"Level.0ℓ"},[]],"tag":"App"},{"contents":[{"Left":"Level.0ℓ"},[]],"tag":"App"}]],"tag":"App"}}},"name":"Data.Unit.decSetoid"},{"item":{"pretty":"{f : Level} → (Set f → Set f) → Set (suc f)","thing":{"normalised":{"contents":[{"item":{"contents":[{"Left":"Agda.Primitive.Level"},[]],"tag":"App"},"name":"f"},{"contents":[{"item":{"contents":[{"item":{"contents":"Set @0","tag":"Sort"},"name":"_"},{"contents":"Set @0","tag":"Sort"}],"tag":"Pi"},"name":"_"},{"contents":"Set (lsuc @0)","tag":"Sort"}],"tag":"Pi"}],"tag":"Pi"},"original":{"contents":[{"item":{"contents":[{"Left":"Agda.Primitive.Level"},[]],"tag":"App"},"name":"f"},{"contents":[{"item":{"contents":[{"item":{"contents":"Set @0","tag":"Sort"},"name":"_"},{"contents":"Set @0","tag":"Sort"}],"tag":"Pi"},"name":"_"},{"contents":"Set (lsuc @0)","tag":"Sort"}],"tag":"Pi"}],"tag":"Pi"},"reduced":{"contents":[{"item":{"contents":[{"Left":"Agda.Primitive.Level"},[]],"tag":"App"},"name":"f"},{"contents":[{"item":{"contents":[{"item":{"contents":"Set @0","tag":"Sort"},"name":"_"},{"contents":"Set @0","tag":"Sort"}],"tag":"Pi"},"name":"_"},{"contents":"Set (lsuc @0)","tag":"Sort"}],"tag":"Pi"}],"tag":"Pi"},"simplified":{"contents":[{"item":{"contents":[{"Left":"Agda.Primitive.Level"},[]],"tag":"App"},"name":"f"},{"contents":[{"item":{"contents":[{"item":{"contents":"Set @0","tag":"Sort"},"name":"_"},{"contents":"Set @0","tag":"Sort"}],"tag":"Pi"},"name":"_"},{"contents":"Set (lsuc @0)","tag":"Sort"}],"tag":"Pi"}],"tag":"Pi"}}},"name":"Category.Applicative.RawApplicative"},{"item":{"pretty":"Set","thing":{"normalised":{"contents":"Set","tag":"Sort"},"original":{"contents":"Set","tag":"Sort"},"reduced":{"contents":"Set","tag":"Sort"},"simplified":{"contents":"Set","tag":"Sort"}}},"name":"Agda.Builtin.Unit.⊤"},{"item":{"pretty":"Relation.Binary.Definitions.Decidable Agda.Builtin.Equality._≡_","thing":{"normalised":{"contents":[{"item":{"contents":[{"Left":"Agda.Builtin.Unit.⊤"},[]],"tag":"App"},"name":"x"},{"contents":[{"item":{"contents":[{"Left":"Agda.Builtin.Unit.⊤"},[]],"tag":"App"},"name":"y"},{"contents":[{"Left":"Relation.Nullary.Dec"},[{"contents":"lzero","tag":"Level"},{"contents":[{"Left":"Agda.Builtin.Equality._≡_"},[{"contents":"lzero","tag":"Level"},{"contents":[{"Left":"Agda.Builtin.Unit.⊤"},[]],"tag":"App"},{"contents":[{"Right":1},[]],"tag":"App"},{"contents":[{"Right":0},[]],"tag":"App"}]],"tag":"App"}]],"tag":"App"}],"tag":"Pi"}],"tag":"Pi"},"original":{"contents":[{"Left":"Relation.Binary.Definitions.Decidable"},[{"contents":"lzero","tag":"Level"},{"contents":[{"Left":"Agda.Builtin.Unit.⊤"},[]],"tag":"App"},{"contents":"lzero","tag":"Level"},{"contents":[{"Left":"Agda.Builtin.Unit.⊤"},[]],"tag":"App"},{"contents":"lzero","tag":"Level"},{"contents":[{"Left":"Agda.Builtin.Equality._≡_"},[{"contents":"lzero","tag":"Level"},{"contents":[{"Left":"Agda.Builtin.Unit.⊤"},[]],"tag":"App"}]],"tag":"App"}]],"tag":"App"},"reduced":{"contents":[{"item":{"contents":[{"Left":"Agda.Builtin.Unit.⊤"},[]],"tag":"App"},"name":"x"},{"contents":[{"item":{"contents":[{"Left":"Agda.Builtin.Unit.⊤"},[]],"tag":"App"},"name":"y"},{"contents":[{"Left":"Relation.Nullary.Dec"},[{"contents":"lzero","tag":"Level"},{"contents":[{"Left":"Agda.Builtin.Equality._≡_"},[{"contents":"lzero","tag":"Level"},{"contents":[{"Left":"Agda.Builtin.Unit.⊤"},[]],"tag":"App"},{"contents":[{"Right":1},[]],"tag":"App"},{"contents":[{"Right":0},[]],"tag":"App"}]],"tag":"App"}]],"tag":"App"}],"tag":"Pi"}],"tag":"Pi"},"simplified":{"contents":[{"Left":"Relation.Binary.Definitions.Decidable"},[{"contents":"lzero","tag":"Level"},{"contents":[{"Left":"Agda.Builtin.Unit.⊤"},[]],"tag":"App"},{"contents":"lzero","tag":"Level"},{"contents":[{"Left":"Agda.Builtin.Unit.⊤"},[]],"tag":"App"},{"contents":"lzero","tag":"Level"},{"contents":[{"Left":"Agda.Builtin.Equality._≡_"},[{"contents":"lzero","tag":"Level"},{"contents":[{"Left":"Agda.Builtin.Unit.⊤"},[]],"tag":"App"}]],"tag":"App"}]],"tag":"App"}}},"name":"Data.Unit.Properties._≟_"},{"item":{"pretty":"Relation.Binary.Definitions.Total Agda.Builtin.Equality._≡_","thing":{"normalised":{"contents":[{"item":{"contents":[{"Left":"Agda.Builtin.Unit.⊤"},[]],"tag":"App"},"name":"x"},{"contents":[{"item":{"contents":[{"Left":"Agda.Builtin.Unit.⊤"},[]],"tag":"App"},"name":"y"},{"contents":[{"Left":"Data.Sum.Base._⊎_"},[{"contents":"lzero","tag":"Level"},{"contents":"lzero","tag":"Level"},{"contents":[{"Left":"Agda.Builtin.Equality._≡_"},[{"contents":"lzero","tag":"Level"},{"contents":[{"Left":"Agda.Builtin.Unit.⊤"},[]],"tag":"App"},{"contents":[{"Right":1},[]],"tag":"App"},{"contents":[{"Right":0},[]],"tag":"App"}]],"tag":"App"},{"contents":[{"Left":"Agda.Builtin.Equality._≡_"},[{"contents":"lzero","tag":"Level"},{"contents":[{"Left":"Agda.Builtin.Unit.⊤"},[]],"tag":"App"},{"contents":[{"Right":0},[]],"tag":"App"},{"contents":[{"Right":1},[]],"tag":"App"}]],"tag":"App"}]],"tag":"App"}],"tag":"Pi"}],"tag":"Pi"},"original":{"contents":[{"Left":"Relation.Binary.Definitions.Total"},[{"contents":"lzero","tag":"Level"},{"contents":[{"Left":"Agda.Builtin.Unit.⊤"},[]],"tag":"App"},{"contents":"lzero","tag":"Level"},{"contents":[{"Left":"Agda.Builtin.Equality._≡_"},[{"contents":"lzero","tag":"Level"},{"contents":[{"Left":"Agda.Builtin.Unit.⊤"},[]],"tag":"App"}]],"tag":"App"}]],"tag":"App"},"reduced":{"contents":[{"item":{"contents":[{"Left":"Agda.Builtin.Unit.⊤"},[]],"tag":"App"},"name":"x"},{"contents":[{"item":{"contents":[{"Left":"Agda.Builtin.Unit.⊤"},[]],"tag":"App"},"name":"y"},{"contents":[{"Left":"Data.Sum.Base._⊎_"},[{"contents":"lzero","tag":"Level"},{"contents":"lzero","tag":"Level"},{"contents":[{"Left":"Agda.Builtin.Equality._≡_"},[{"contents":"lzero","tag":"Level"},{"contents":[{"Left":"Agda.Builtin.Unit.⊤"},[]],"tag":"App"},{"contents":[{"Right":1},[]],"tag":"App"},{"contents":[{"Right":0},[]],"tag":"App"}]],"tag":"App"},{"contents":[{"Left":"Agda.Builtin.Equality._≡_"},[{"contents":"lzero","tag":"Level"},{"contents":[{"Left":"Agda.Builtin.Unit.⊤"},[]],"tag":"App"},{"contents":[{"Right":0},[]],"tag":"App"},{"contents":[{"Right":1},[]],"tag":"App"}]],"tag":"App"}]],"tag":"App"}],"tag":"Pi"}],"tag":"Pi"},"simplified":{"contents":[{"Left":"Relation.Binary.Definitions.Total"},[{"contents":"lzero","tag":"Level"},{"contents":[{"Left":"Agda.Builtin.Unit.⊤"},[]],"tag":"App"},{"contents":"lzero","tag":"Level"},{"contents":[{"Left":"Agda.Builtin.Equality._≡_"},[{"contents":"lzero","tag":"Level"},{"contents":[{"Left":"Agda.Builtin.Unit.⊤"},[]],"tag":"App"}]],"tag":"App"}]],"tag":"App"}}},"name":"Data.Unit.total"},{"item":{"pretty":"⊤","thing":{"normalised":{"contents":[{"Left":"Agda.Builtin.Unit.⊤"},[]],"tag":"App"},"original":{"contents":[{"Left":"Agda.Builtin.Unit.⊤"},[]],"tag":"App"},"reduced":{"contents":[{"Left":"Agda.Builtin.Unit.⊤"},[]],"tag":"App"},"simplified":{"contents":[{"Left":"Agda.Builtin.Unit.⊤"},[]],"tag":"App"}}},"name":"Agda.Builtin.Unit.tt"},{"item":{"pretty":"Relation.Binary.Bundles.Poset Level.0ℓ Level.0ℓ Level.0ℓ","thing":{"normalised":{"contents":[{"Left":"Relation.Binary.Bundles.Poset"},[{"contents":"lzero","tag":"Level"},{"contents":"lzero","tag":"Level"},{"contents":"lzero","tag":"Level"}]],"tag":"App"},"original":{"contents":[{"Left":"Relation.Binary.Bundles.Poset"},[{"contents":[{"Left":"Level.0ℓ"},[]],"tag":"App"},{"contents":[{"Left":"Level.0ℓ"},[]],"tag":"App"},{"contents":[{"Left":"Level.0ℓ"},[]],"tag":"App"}]],"tag":"App"},"reduced":{"contents":[{"Left":"Relation.Binary.Bundles.Poset"},[{"contents":[{"Left":"Level.0ℓ"},[]],"tag":"App"},{"contents":[{"Left":"Level.0ℓ"},[]],"tag":"App"},{"contents":[{"Left":"Level.0ℓ"},[]],"tag":"App"}]],"tag":"App"},"simplified":{"contents":[{"Left":"Relation.Binary.Bundles.Poset"},[{"contents":[{"Left":"Level.0ℓ"},[]],"tag":"App"},{"contents":[{"Left":"Level.0ℓ"},[]],"tag":"App"},{"contents":[{"Left":"Level.0ℓ"},[]],"tag":"App"}]],"tag":"App"}}},"name":"Data.Unit.poset"},{"item":{"pretty":"(x y : ⊤) → Set","thing":{"normalised":{"contents":[{"item":{"contents":[{"Left":"Agda.Builtin.Unit.⊤"},[]],"tag":"App"},"name":"x"},{"contents":[{"item":{"contents":[{"Left":"Agda.Builtin.Unit.⊤"},[]],"tag":"App"},"name":"y"},{"contents":"Set","tag":"Sort"}],"tag":"Pi"}],"tag":"Pi"},"original":{"contents":[{"item":{"contents":[{"Left":"Agda.Builtin.Unit.⊤"},[]],"tag":"App"},"name":"x"},{"contents":[{"item":{"contents":[{"Left":"Agda.Builtin.Unit.⊤"},[]],"tag":"App"},"name":"y"},{"contents":"Set","tag":"Sort"}],"tag":"Pi"}],"tag":"Pi"},"reduced":{"contents":[{"item":{"contents":[{"Left":"Agda.Builtin.Unit.⊤"},[]],"tag":"App"},"name":"x"},{"contents":[{"item":{"contents":[{"Left":"Agda.Builtin.Unit.⊤"},[]],"tag":"App"},"name":"y"},{"contents":"Set","tag":"Sort"}],"tag":"Pi"}],"tag":"Pi"},"simplified":{"contents":[{"item":{"contents":[{"Left":"Agda.Builtin.Unit.⊤"},[]],"tag":"App"},"name":"x"},{"contents":[{"item":{"contents":[{"Left":"Agda.Builtin.Unit.⊤"},[]],"tag":"App"},"name":"y"},{"contents":"Set","tag":"Sort"}],"tag":"Pi"}],"tag":"Pi"}}},"name":"Data.Unit.Base._≤_"},{"item":{"pretty":"Relation.Binary.Bundles.DecTotalOrder Level.0ℓ Level.0ℓ Level.0ℓ","thing":{"normalised":{"contents":[{"Left":"Relation.Binary.Bundles.DecTotalOrder"},[{"contents":"lzero","tag":"Level"},{"contents":"lzero","tag":"Level"},{"contents":"lzero","tag":"Level"}]],"tag":"App"},"original":{"contents":[{"Left":"Relation.Binary.Bundles.DecTotalOrder"},[{"contents":[{"Left":"Level.0ℓ"},[]],"tag":"App"},{"contents":[{"Left":"Level.0ℓ"},[]],"tag":"App"},{"contents":[{"Left":"Level.0ℓ"},[]],"tag":"App"}]],"tag":"App"},"reduced":{"contents":[{"Left":"Relation.Binary.Bundles.DecTotalOrder"},[{"contents":[{"Left":"Level.0ℓ"},[]],"tag":"App"},{"contents":[{"Left":"Level.0ℓ"},[]],"tag":"App"},{"contents":[{"Left":"Level.0ℓ"},[]],"tag":"App"}]],"tag":"App"},"simplified":{"contents":[{"Left":"Relation.Binary.Bundles.DecTotalOrder"},[{"contents":[{"Left":"Level.0ℓ"},[]],"tag":"App"},{"contents":[{"Left":"Level.0ℓ"},[]],"tag":"App"},{"contents":[{"Left":"Level.0ℓ"},[]],"tag":"App"}]],"tag":"App"}}},"name":"Data.Unit.decTotalOrder"},{"item":{"pretty":"Relation.Binary.Bundles.Preorder Level.zero Level.zero Level.zero","thing":{"normalised":{"contents":[{"Left":"Relation.Binary.Bundles.Preorder"},[{"contents":"lzero","tag":"Level"},{"contents":"lzero","tag":"Level"},{"contents":"lzero","tag":"Level"}]],"tag":"App"},"original":{"contents":[{"Left":"Relation.Binary.Bundles.Preorder"},[{"contents":"lzero","tag":"Level"},{"contents":"lzero","tag":"Level"},{"contents":"lzero","tag":"Level"}]],"tag":"App"},"reduced":{"contents":[{"Left":"Relation.Binary.Bundles.Preorder"},[{"contents":"lzero","tag":"Level"},{"contents":"lzero","tag":"Level"},{"contents":"lzero","tag":"Level"}]],"tag":"App"},"simplified":{"contents":[{"Left":"Relation.Binary.Bundles.Preorder"},[{"contents":"lzero","tag":"Level"},{"contents":"lzero","tag":"Level"},{"contents":"lzero","tag":"Level"}]],"tag":"App"}}},"name":"Data.Unit.preorder"},{"item":{"pretty":"Set","thing":{"normalised":{"contents":"Set","tag":"Sort"},"original":{"contents":"Set","tag":"Sort"},"reduced":{"contents":"Set","tag":"Sort"},"simplified":{"contents":"Set","tag":"Sort"}}},"name":"Agda.Primitive.Level"},{"item":{"pretty":"Level → Level","thing":{"normalised":{"contents":[{"item":{"contents":[{"Left":"Agda.Primitive.Level"},[]],"tag":"App"},"name":"ℓ"},{"contents":[{"Left":"Agda.Primitive.Level"},[]],"tag":"App"}],"tag":"Pi"},"original":{"contents":[{"item":{"contents":[{"Left":"Agda.Primitive.Level"},[]],"tag":"App"},"name":"ℓ"},{"contents":[{"Left":"Agda.Primitive.Level"},[]],"tag":"App"}],"tag":"Pi"},"reduced":{"contents":[{"item":{"contents":[{"Left":"Agda.Primitive.Level"},[]],"tag":"App"},"name":"ℓ"},{"contents":[{"Left":"Agda.Primitive.Level"},[]],"tag":"App"}],"tag":"Pi"},"simplified":{"contents":[{"item":{"contents":[{"Left":"Agda.Primitive.Level"},[]],"tag":"App"},"name":"ℓ"},{"contents":[{"Left":"Agda.Primitive.Level"},[]],"tag":"App"}],"tag":"Pi"}}},"name":"Agda.Primitive.lsuc"},{"item":{"pretty":"{i : Level} → Set i → (ℓ : Level) → Set (i ⊔ suc ℓ)","thing":{"normalised":{"contents":[{"item":{"contents":[{"Left":"Agda.Primitive.Level"},[]],"tag":"App"},"name":"i"},{"contents":[{"item":{"contents":"Set @0","tag":"Sort"},"name":"_"},{"contents":[{"item":{"contents":[{"Left":"Agda.Primitive.Level"},[]],"tag":"App"},"name":"ℓ"},{"contents":"Set (lub @1 (lsuc @0))","tag":"Sort"}],"tag":"Pi"}],"tag":"Pi"}],"tag":"Pi"},"original":{"contents":[{"item":{"contents":[{"Left":"Agda.Primitive.Level"},[]],"tag":"App"},"name":"i"},{"contents":[{"item":{"contents":"Set @0","tag":"Sort"},"name":"_"},{"contents":[{"item":{"contents":[{"Left":"Agda.Primitive.Level"},[]],"tag":"App"},"name":"ℓ"},{"contents":"Set (lub @1 (lsuc @0))","tag":"Sort"}],"tag":"Pi"}],"tag":"Pi"}],"tag":"Pi"},"reduced":{"contents":[{"item":{"contents":[{"Left":"Agda.Primitive.Level"},[]],"tag":"App"},"name":"i"},{"contents":[{"item":{"contents":"Set @0","tag":"Sort"},"name":"_"},{"contents":[{"item":{"contents":[{"Left":"Agda.Primitive.Level"},[]],"tag":"App"},"name":"ℓ"},{"contents":"Set (lub @1 (lsuc @0))","tag":"Sort"}],"tag":"Pi"}],"tag":"Pi"}],"tag":"Pi"},"simplified":{"contents":[{"item":{"contents":[{"Left":"Agda.Primitive.Level"},[]],"tag":"App"},"name":"i"},{"contents":[{"item":{"contents":"Set @0","tag":"Sort"},"name":"_"},{"contents":[{"item":{"contents":[{"Left":"Agda.Primitive.Level"},[]],"tag":"App"},"name":"ℓ"},{"contents":"Set (lub @1 (lsuc @0))","tag":"Sort"}],"tag":"Pi"}],"tag":"Pi"}],"tag":"Pi"}}},"name":"Category.Applicative.Indexed.IFun"},{"item":{"pretty":"Level → Level → Level","thing":{"normalised":{"contents":[{"item":{"contents":[{"Left":"Agda.Primitive.Level"},[]],"tag":"App"},"name":"ℓ₁"},{"contents":[{"item":{"contents":[{"Left":"Agda.Primitive.Level"},[]],"tag":"App"},"name":"ℓ₂"},{"contents":[{"Left":"Agda.Primitive.Level"},[]],"tag":"App"}],"tag":"Pi"}],"tag":"Pi"},"original":{"contents":[{"item":{"contents":[{"Left":"Agda.Primitive.Level"},[]],"tag":"App"},"name":"ℓ₁"},{"contents":[{"item":{"contents":[{"Left":"Agda.Primitive.Level"},[]],"tag":"App"},"name":"ℓ₂"},{"contents":[{"Left":"Agda.Primitive.Level"},[]],"tag":"App"}],"tag":"Pi"}],"tag":"Pi"},"reduced":{"contents":[{"item":{"contents":[{"Left":"Agda.Primitive.Level"},[]],"tag":"App"},"name":"ℓ₁"},{"contents":[{"item":{"contents":[{"Left":"Agda.Primitive.Level"},[]],"tag":"App"},"name":"ℓ₂"},{"contents":[{"Left":"Agda.Primitive.Level"},[]],"tag":"App"}],"tag":"Pi"}],"tag":"Pi"},"simplified":{"contents":[{"item":{"contents":[{"Left":"Agda.Primitive.Level"},[]],"tag":"App"},"name":"ℓ₁"},{"contents":[{"item":{"contents":[{"Left":"Agda.Primitive.Level"},[]],"tag":"App"},"name":"ℓ₂"},{"contents":[{"Left":"Agda.Primitive.Level"},[]],"tag":"App"}],"tag":"Pi"}],"tag":"Pi"}}},"name":"Agda.Primitive._⊔_"},{"item":{"pretty":"{i f : Level} {I : Set i} (F : IFun I f) → Set (i ⊔ suc f)","thing":{"normalised":{"contents":[{"item":{"contents":[{"Left":"Agda.Primitive.Level"},[]],"tag":"App"},"name":"i"},{"contents":[{"item":{"contents":[{"Left":"Agda.Primitive.Level"},[]],"tag":"App"},"name":"f"},{"contents":[{"item":{"contents":"Set @1","tag":"Sort"},"name":"I"},{"contents":[{"item":{"contents":[{"item":{"contents":[{"Right":0},[]],"tag":"App"},"name":"_"},{"contents":[{"item":{"contents":[{"Right":0},[]],"tag":"App"},"name":"_"},{"contents":[{"item":{"contents":"Set @1","tag":"Sort"},"name":"_"},{"contents":"Set @1","tag":"Sort"}],"tag":"Pi"}],"tag":"Pi"}],"tag":"Pi"},"name":"F"},{"contents":"Set (lub @3 (lsuc @2))","tag":"Sort"}],"tag":"Pi"}],"tag":"Pi"}],"tag":"Pi"}],"tag":"Pi"},"original":{"contents":[{"item":{"contents":[{"Left":"Agda.Primitive.Level"},[]],"tag":"App"},"name":"i"},{"contents":[{"item":{"contents":[{"Left":"Agda.Primitive.Level"},[]],"tag":"App"},"name":"f"},{"contents":[{"item":{"contents":"Set @1","tag":"Sort"},"name":"I"},{"contents":[{"item":{"contents":[{"Left":"Category.Applicative.Indexed.IFun"},[{"contents":[{"Right":2},[]],"tag":"App"},{"contents":[{"Right":0},[]],"tag":"App"},{"contents":[{"Right":1},[]],"tag":"App"}]],"tag":"App"},"name":"F"},{"contents":"Set (lub @3 (lsuc @2))","tag":"Sort"}],"tag":"Pi"}],"tag":"Pi"}],"tag":"Pi"}],"tag":"Pi"},"reduced":{"contents":[{"item":{"contents":[{"Left":"Agda.Primitive.Level"},[]],"tag":"App"},"name":"i"},{"contents":[{"item":{"contents":[{"Left":"Agda.Primitive.Level"},[]],"tag":"App"},"name":"f"},{"contents":[{"item":{"contents":"Set @1","tag":"Sort"},"name":"I"},{"contents":[{"item":{"contents":[{"Left":"Category.Applicative.Indexed.IFun"},[{"contents":[{"Right":2},[]],"tag":"App"},{"contents":[{"Right":0},[]],"tag":"App"},{"contents":[{"Right":1},[]],"tag":"App"}]],"tag":"App"},"name":"F"},{"contents":"Set (lub @3 (lsuc @2))","tag":"Sort"}],"tag":"Pi"}],"tag":"Pi"}],"tag":"Pi"}],"tag":"Pi"},"simplified":{"contents":[{"item":{"contents":[{"Left":"Agda.Primitive.Level"},[]],"tag":"App"},"name":"i"},{"contents":[{"item":{"contents":[{"Left":"Agda.Primitive.Level"},[]],"tag":"App"},"name":"f"},{"contents":[{"item":{"contents":"Set @1","tag":"Sort"},"name":"I"},{"contents":[{"item":{"contents":[{"Left":"Category.Applicative.Indexed.IFun"},[{"contents":[{"Right":2},[]],"tag":"App"},{"contents":[{"Right":0},[]],"tag":"App"},{"contents":[{"Right":1},[]],"tag":"App"}]],"tag":"App"},"name":"F"},{"contents":"Set (lub @3 (lsuc @2))","tag":"Sort"}],"tag":"Pi"}],"tag":"Pi"}],"tag":"Pi"}],"tag":"Pi"}}},"name":"Category.Applicative.Indexed.RawIApplicative"},{"item":{"pretty":"Relation.Binary.Definitions.Decidable _≤_","thing":{"normalised":{"contents":[{"item":{"contents":[{"Left":"Agda.Builtin.Unit.⊤"},[]],"tag":"App"},"name":"x"},{"contents":[{"item":{"contents":[{"Left":"Agda.Builtin.Unit.⊤"},[]],"tag":"App"},"name":"y"},{"contents":[{"Left":"Relation.Nullary.Dec"},[{"contents":"lzero","tag":"Level"},{"contents":[{"Left":"Data.Unit.Base._≤_"},[{"contents":[{"Right":1},[]],"tag":"App"},{"contents":[{"Right":0},[]],"tag":"App"}]],"tag":"App"}]],"tag":"App"}],"tag":"Pi"}],"tag":"Pi"},"original":{"contents":[{"Left":"Relation.Binary.Definitions.Decidable"},[{"contents":"lzero","tag":"Level"},{"contents":[{"Left":"Agda.Builtin.Unit.⊤"},[]],"tag":"App"},{"contents":"lzero","tag":"Level"},{"contents":[{"Left":"Agda.Builtin.Unit.⊤"},[]],"tag":"App"},{"contents":"lzero","tag":"Level"},{"contents":[{"Left":"Data.Unit.Base._≤_"},[]],"tag":"App"}]],"tag":"App"},"reduced":{"contents":[{"item":{"contents":[{"Left":"Agda.Builtin.Unit.⊤"},[]],"tag":"App"},"name":"x"},{"contents":[{"item":{"contents":[{"Left":"Agda.Builtin.Unit.⊤"},[]],"tag":"App"},"name":"y"},{"contents":[{"Left":"Relation.Nullary.Dec"},[{"contents":"lzero","tag":"Level"},{"contents":[{"Left":"Data.Unit.Base._≤_"},[{"contents":[{"Right":1},[]],"tag":"App"},{"contents":[{"Right":0},[]],"tag":"App"}]],"tag":"App"}]],"tag":"App"}],"tag":"Pi"}],"tag":"Pi"},"simplified":{"contents":[{"Left":"Relation.Binary.Definitions.Decidable"},[{"contents":"lzero","tag":"Level"},{"contents":[{"Left":"Agda.Builtin.Unit.⊤"},[]],"tag":"App"},{"contents":"lzero","tag":"Level"},{"contents":[{"Left":"Agda.Builtin.Unit.⊤"},[]],"tag":"App"},{"contents":"lzero","tag":"Level"},{"contents":[{"Left":"Data.Unit.Base._≤_"},[]],"tag":"App"}]],"tag":"App"}}},"name":"Data.Unit.Properties._≤?_"},{"item":{"pretty":"{f : Level} → (Set f → Set f) → Set (suc f)","thing":{"normalised":{"contents":[{"item":{"contents":[{"Left":"Agda.Primitive.Level"},[]],"tag":"App"},"name":"f"},{"contents":[{"item":{"contents":[{"item":{"contents":"Set @0","tag":"Sort"},"name":"_"},{"contents":"Set @0","tag":"Sort"}],"tag":"Pi"},"name":"_"},{"contents":"Set (lsuc @0)","tag":"Sort"}],"tag":"Pi"}],"tag":"Pi"},"original":{"contents":[{"item":{"contents":[{"Left":"Agda.Primitive.Level"},[]],"tag":"App"},"name":"f"},{"contents":[{"item":{"contents":[{"item":{"contents":"Set @0","tag":"Sort"},"name":"_"},{"contents":"Set @0","tag":"Sort"}],"tag":"Pi"},"name":"_"},{"contents":"Set (lsuc @0)","tag":"Sort"}],"tag":"Pi"}],"tag":"Pi"},"reduced":{"contents":[{"item":{"contents":[{"Left":"Agda.Primitive.Level"},[]],"tag":"App"},"name":"f"},{"contents":[{"item":{"contents":[{"item":{"contents":"Set @0","tag":"Sort"},"name":"_"},{"contents":"Set @0","tag":"Sort"}],"tag":"Pi"},"name":"_"},{"contents":"Set (lsuc @0)","tag":"Sort"}],"tag":"Pi"}],"tag":"Pi"},"simplified":{"contents":[{"item":{"contents":[{"Left":"Agda.Primitive.Level"},[]],"tag":"App"},"name":"f"},{"contents":[{"item":{"contents":[{"item":{"contents":"Set @0","tag":"Sort"},"name":"_"},{"contents":"Set @0","tag":"Sort"}],"tag":"Pi"},"name":"_"},{"contents":"Set (lsuc @0)","tag":"Sort"}],"tag":"Pi"}],"tag":"Pi"}}},"name":"Category.Applicative.RawApplicativeZero"},{"item":{"pretty":"{f : Level} → (Set f → Set f) → Set (suc f)","thing":{"normalised":{"contents":[{"item":{"contents":[{"Left":"Agda.Primitive.Level"},[]],"tag":"App"},"name":"f"},{"contents":[{"item":{"contents":[{"item":{"contents":"Set @0","tag":"Sort"},"name":"_"},{"contents":"Set @0","tag":"Sort"}],"tag":"Pi"},"name":"_"},{"contents":"Set (lsuc @0)","tag":"Sort"}],"tag":"Pi"}],"tag":"Pi"},"original":{"contents":[{"item":{"contents":[{"Left":"Agda.Primitive.Level"},[]],"tag":"App"},"name":"f"},{"contents":[{"item":{"contents":[{"item":{"contents":"Set @0","tag":"Sort"},"name":"_"},{"contents":"Set @0","tag":"Sort"}],"tag":"Pi"},"name":"_"},{"contents":"Set (lsuc @0)","tag":"Sort"}],"tag":"Pi"}],"tag":"Pi"},"reduced":{"contents":[{"item":{"contents":[{"Left":"Agda.Primitive.Level"},[]],"tag":"App"},"name":"f"},{"contents":[{"item":{"contents":[{"item":{"contents":"Set @0","tag":"Sort"},"name":"_"},{"contents":"Set @0","tag":"Sort"}],"tag":"Pi"},"name":"_"},{"contents":"Set (lsuc @0)","tag":"Sort"}],"tag":"Pi"}],"tag":"Pi"},"simplified":{"contents":[{"item":{"contents":[{"Left":"Agda.Primitive.Level"},[]],"tag":"App"},"name":"f"},{"contents":[{"item":{"contents":[{"item":{"contents":"Set @0","tag":"Sort"},"name":"_"},{"contents":"Set @0","tag":"Sort"}],"tag":"Pi"},"name":"_"},{"contents":"Set (lsuc @0)","tag":"Sort"}],"tag":"Pi"}],"tag":"Pi"}}},"name":"Category.Applicative.RawAlternative"},{"item":{"pretty":"{i f : Level} {I : Set i} (F : IFun I f) → Set (i ⊔ suc f)","thing":{"normalised":{"contents":[{"item":{"contents":[{"Left":"Agda.Primitive.Level"},[]],"tag":"App"},"name":"i"},{"contents":[{"item":{"contents":[{"Left":"Agda.Primitive.Level"},[]],"tag":"App"},"name":"f"},{"contents":[{"item":{"contents":"Set @1","tag":"Sort"},"name":"I"},{"contents":[{"item":{"contents":[{"item":{"contents":[{"Right":0},[]],"tag":"App"},"name":"_"},{"contents":[{"item":{"contents":[{"Right":0},[]],"tag":"App"},"name":"_"},{"contents":[{"item":{"contents":"Set @1","tag":"Sort"},"name":"_"},{"contents":"Set @1","tag":"Sort"}],"tag":"Pi"}],"tag":"Pi"}],"tag":"Pi"},"name":"F"},{"contents":"Set (lub @3 (lsuc @2))","tag":"Sort"}],"tag":"Pi"}],"tag":"Pi"}],"tag":"Pi"}],"tag":"Pi"},"original":{"contents":[{"item":{"contents":[{"Left":"Agda.Primitive.Level"},[]],"tag":"App"},"name":"i"},{"contents":[{"item":{"contents":[{"Left":"Agda.Primitive.Level"},[]],"tag":"App"},"name":"f"},{"contents":[{"item":{"contents":"Set @1","tag":"Sort"},"name":"I"},{"contents":[{"item":{"contents":[{"Left":"Category.Applicative.Indexed.IFun"},[{"contents":[{"Right":2},[]],"tag":"App"},{"contents":[{"Right":0},[]],"tag":"App"},{"contents":[{"Right":1},[]],"tag":"App"}]],"tag":"App"},"name":"F"},{"contents":"Set (lub @3 (lsuc @2))","tag":"Sort"}],"tag":"Pi"}],"tag":"Pi"}],"tag":"Pi"}],"tag":"Pi"},"reduced":{"contents":[{"item":{"contents":[{"Left":"Agda.Primitive.Level"},[]],"tag":"App"},"name":"i"},{"contents":[{"item":{"contents":[{"Left":"Agda.Primitive.Level"},[]],"tag":"App"},"name":"f"},{"contents":[{"item":{"contents":"Set @1","tag":"Sort"},"name":"I"},{"contents":[{"item":{"contents":[{"Left":"Category.Applicative.Indexed.IFun"},[{"contents":[{"Right":2},[]],"tag":"App"},{"contents":[{"Right":0},[]],"tag":"App"},{"contents":[{"Right":1},[]],"tag":"App"}]],"tag":"App"},"name":"F"},{"contents":"Set (lub @3 (lsuc @2))","tag":"Sort"}],"tag":"Pi"}],"tag":"Pi"}],"tag":"Pi"}],"tag":"Pi"},"simplified":{"contents":[{"item":{"contents":[{"Left":"Agda.Primitive.Level"},[]],"tag":"App"},"name":"i"},{"contents":[{"item":{"contents":[{"Left":"Agda.Primitive.Level"},[]],"tag":"App"},"name":"f"},{"contents":[{"item":{"contents":"Set @1","tag":"Sort"},"name":"I"},{"contents":[{"item":{"contents":[{"Left":"Category.Applicative.Indexed.IFun"},[{"contents":[{"Right":2},[]],"tag":"App"},{"contents":[{"Right":0},[]],"tag":"App"},{"contents":[{"Right":1},[]],"tag":"App"}]],"tag":"App"},"name":"F"},{"contents":"Set (lub @3 (lsuc @2))","tag":"Sort"}],"tag":"Pi"}],"tag":"Pi"}],"tag":"Pi"}],"tag":"Pi"}}},"name":"Category.Applicative.Indexed.RawIApplicativeZero"},{"item":{"pretty":"{i f : Level} {I : Set i} (F : IFun I f) → Set (i ⊔ suc f)","thing":{"normalised":{"contents":[{"item":{"contents":[{"Left":"Agda.Primitive.Level"},[]],"tag":"App"},"name":"i"},{"contents":[{"item":{"contents":[{"Left":"Agda.Primitive.Level"},[]],"tag":"App"},"name":"f"},{"contents":[{"item":{"contents":"Set @1","tag":"Sort"},"name":"I"},{"contents":[{"item":{"contents":[{"item":{"contents":[{"Right":0},[]],"tag":"App"},"name":"_"},{"contents":[{"item":{"contents":[{"Right":0},[]],"tag":"App"},"name":"_"},{"contents":[{"item":{"contents":"Set @1","tag":"Sort"},"name":"_"},{"contents":"Set @1","tag":"Sort"}],"tag":"Pi"}],"tag":"Pi"}],"tag":"Pi"},"name":"F"},{"contents":"Set (lub @3 (lsuc @2))","tag":"Sort"}],"tag":"Pi"}],"tag":"Pi"}],"tag":"Pi"}],"tag":"Pi"},"original":{"contents":[{"item":{"contents":[{"Left":"Agda.Primitive.Level"},[]],"tag":"App"},"name":"i"},{"contents":[{"item":{"contents":[{"Left":"Agda.Primitive.Level"},[]],"tag":"App"},"name":"f"},{"contents":[{"item":{"contents":"Set @1","tag":"Sort"},"name":"I"},{"contents":[{"item":{"contents":[{"Left":"Category.Applicative.Indexed.IFun"},[{"contents":[{"Right":2},[]],"tag":"App"},{"contents":[{"Right":0},[]],"tag":"App"},{"contents":[{"Right":1},[]],"tag":"App"}]],"tag":"App"},"name":"F"},{"contents":"Set (lub @3 (lsuc @2))","tag":"Sort"}],"tag":"Pi"}],"tag":"Pi"}],"tag":"Pi"}],"tag":"Pi"},"reduced":{"contents":[{"item":{"contents":[{"Left":"Agda.Primitive.Level"},[]],"tag":"App"},"name":"i"},{"contents":[{"item":{"contents":[{"Left":"Agda.Primitive.Level"},[]],"tag":"App"},"name":"f"},{"contents":[{"item":{"contents":"Set @1","tag":"Sort"},"name":"I"},{"contents":[{"item":{"contents":[{"Left":"Category.Applicative.Indexed.IFun"},[{"contents":[{"Right":2},[]],"tag":"App"},{"contents":[{"Right":0},[]],"tag":"App"},{"contents":[{"Right":1},[]],"tag":"App"}]],"tag":"App"},"name":"F"},{"contents":"Set (lub @3 (lsuc @2))","tag":"Sort"}],"tag":"Pi"}],"tag":"Pi"}],"tag":"Pi"}],"tag":"Pi"},"simplified":{"contents":[{"item":{"contents":[{"Left":"Agda.Primitive.Level"},[]],"tag":"App"},"name":"i"},{"contents":[{"item":{"contents":[{"Left":"Agda.Primitive.Level"},[]],"tag":"App"},"name":"f"},{"contents":[{"item":{"contents":"Set @1","tag":"Sort"},"name":"I"},{"contents":[{"item":{"contents":[{"Left":"Category.Applicative.Indexed.IFun"},[{"contents":[{"Right":2},[]],"tag":"App"},{"contents":[{"Right":0},[]],"tag":"App"},{"contents":[{"Right":1},[]],"tag":"App"}]],"tag":"App"},"name":"F"},{"contents":"Set (lub @3 (lsuc @2))","tag":"Sort"}],"tag":"Pi"}],"tag":"Pi"}],"tag":"Pi"}],"tag":"Pi"}}},"name":"Category.Applicative.Indexed.RawIAlternative"},{"item":{"pretty":"{i f : Level} {I : Set i} {F₁ F₂ : IFun I f}\n(A₁ : RawIApplicative F₁) (A₂ : RawIApplicative F₂) →\nSet (i ⊔ suc f)","thing":{"normalised":{"contents":[{"item":{"contents":[{"Left":"Agda.Primitive.Level"},[]],"tag":"App"},"name":"i"},{"contents":[{"item":{"contents":[{"Left":"Agda.Primitive.Level"},[]],"tag":"App"},"name":"f"},{"contents":[{"item":{"contents":"Set @1","tag":"Sort"},"name":"I"},{"contents":[{"item":{"contents":[{"item":{"contents":[{"Right":0},[]],"tag":"App"},"name":"_"},{"contents":[{"item":{"contents":[{"Right":0},[]],"tag":"App"},"name":"_"},{"contents":[{"item":{"contents":"Set @1","tag":"Sort"},"name":"_"},{"contents":"Set @1","tag":"Sort"}],"tag":"Pi"}],"tag":"Pi"}],"tag":"Pi"},"name":"F₁"},{"contents":[{"item":{"contents":[{"item":{"contents":[{"Right":1},[]],"tag":"App"},"name":"_"},{"contents":[{"item":{"contents":[{"Right":1},[]],"tag":"App"},"name":"_"},{"contents":[{"item":{"contents":"Set @2","tag":"Sort"},"name":"_"},{"contents":"Set @2","tag":"Sort"}],"tag":"Pi"}],"tag":"Pi"}],"tag":"Pi"},"name":"F₂"},{"contents":[{"item":{"contents":[{"Left":"Category.Applicative.Indexed.RawIApplicative"},[{"contents":[{"Right":4},[]],"tag":"App"},{"contents":[{"Right":3},[]],"tag":"App"},{"contents":[{"Right":2},[]],"tag":"App"},{"contents":[{"Right":1},[]],"tag":"App"}]],"tag":"App"},"name":"A₁"},{"contents":[{"item":{"contents":[{"Left":"Category.Applicative.Indexed.RawIApplicative"},[{"contents":[{"Right":5},[]],"tag":"App"},{"contents":[{"Right":4},[]],"tag":"App"},{"contents":[{"Right":3},[]],"tag":"App"},{"contents":[{"Right":1},[]],"tag":"App"}]],"tag":"App"},"name":"A₂"},{"contents":"Set (lub @6 (lsuc @5))","tag":"Sort"}],"tag":"Pi"}],"tag":"Pi"}],"tag":"Pi"}],"tag":"Pi"}],"tag":"Pi"}],"tag":"Pi"}],"tag":"Pi"},"original":{"contents":[{"item":{"contents":[{"Left":"Agda.Primitive.Level"},[]],"tag":"App"},"name":"i"},{"contents":[{"item":{"contents":[{"Left":"Agda.Primitive.Level"},[]],"tag":"App"},"name":"f"},{"contents":[{"item":{"contents":"Set @1","tag":"Sort"},"name":"I"},{"contents":[{"item":{"contents":[{"Left":"Category.Applicative.Indexed.IFun"},[{"contents":[{"Right":2},[]],"tag":"App"},{"contents":[{"Right":0},[]],"tag":"App"},{"contents":[{"Right":1},[]],"tag":"App"}]],"tag":"App"},"name":"F₁"},{"contents":[{"item":{"contents":[{"Left":"Category.Applicative.Indexed.IFun"},[{"contents":[{"Right":3},[]],"tag":"App"},{"contents":[{"Right":1},[]],"tag":"App"},{"contents":[{"Right":2},[]],"tag":"App"}]],"tag":"App"},"name":"F₂"},{"contents":[{"item":{"contents":[{"Left":"Category.Applicative.Indexed.RawIApplicative"},[{"contents":[{"Right":4},[]],"tag":"App"},{"contents":[{"Right":3},[]],"tag":"App"},{"contents":[{"Right":2},[]],"tag":"App"},{"contents":[{"Right":1},[]],"tag":"App"}]],"tag":"App"},"name":"A₁"},{"contents":[{"item":{"contents":[{"Left":"Category.Applicative.Indexed.RawIApplicative"},[{"contents":[{"Right":5},[]],"tag":"App"},{"contents":[{"Right":4},[]],"tag":"App"},{"contents":[{"Right":3},[]],"tag":"App"},{"contents":[{"Right":1},[]],"tag":"App"}]],"tag":"App"},"name":"A₂"},{"contents":"Set (lub @6 (lsuc @5))","tag":"Sort"}],"tag":"Pi"}],"tag":"Pi"}],"tag":"Pi"}],"tag":"Pi"}],"tag":"Pi"}],"tag":"Pi"}],"tag":"Pi"},"reduced":{"contents":[{"item":{"contents":[{"Left":"Agda.Primitive.Level"},[]],"tag":"App"},"name":"i"},{"contents":[{"item":{"contents":[{"Left":"Agda.Primitive.Level"},[]],"tag":"App"},"name":"f"},{"contents":[{"item":{"contents":"Set @1","tag":"Sort"},"name":"I"},{"contents":[{"item":{"contents":[{"Left":"Category.Applicative.Indexed.IFun"},[{"contents":[{"Right":2},[]],"tag":"App"},{"contents":[{"Right":0},[]],"tag":"App"},{"contents":[{"Right":1},[]],"tag":"App"}]],"tag":"App"},"name":"F₁"},{"contents":[{"item":{"contents":[{"Left":"Category.Applicative.Indexed.IFun"},[{"contents":[{"Right":3},[]],"tag":"App"},{"contents":[{"Right":1},[]],"tag":"App"},{"contents":[{"Right":2},[]],"tag":"App"}]],"tag":"App"},"name":"F₂"},{"contents":[{"item":{"contents":[{"Left":"Category.Applicative.Indexed.RawIApplicative"},[{"contents":[{"Right":4},[]],"tag":"App"},{"contents":[{"Right":3},[]],"tag":"App"},{"contents":[{"Right":2},[]],"tag":"App"},{"contents":[{"Right":1},[]],"tag":"App"}]],"tag":"App"},"name":"A₁"},{"contents":[{"item":{"contents":[{"Left":"Category.Applicative.Indexed.RawIApplicative"},[{"contents":[{"Right":5},[]],"tag":"App"},{"contents":[{"Right":4},[]],"tag":"App"},{"contents":[{"Right":3},[]],"tag":"App"},{"contents":[{"Right":1},[]],"tag":"App"}]],"tag":"App"},"name":"A₂"},{"contents":"Set (lub @6 (lsuc @5))","tag":"Sort"}],"tag":"Pi"}],"tag":"Pi"}],"tag":"Pi"}],"tag":"Pi"}],"tag":"Pi"}],"tag":"Pi"}],"tag":"Pi"},"simplified":{"contents":[{"item":{"contents":[{"Left":"Agda.Primitive.Level"},[]],"tag":"App"},"name":"i"},{"contents":[{"item":{"contents":[{"Left":"Agda.Primitive.Level"},[]],"tag":"App"},"name":"f"},{"contents":[{"item":{"contents":"Set @1","tag":"Sort"},"name":"I"},{"contents":[{"item":{"contents":[{"Left":"Category.Applicative.Indexed.IFun"},[{"contents":[{"Right":2},[]],"tag":"App"},{"contents":[{"Right":0},[]],"tag":"App"},{"contents":[{"Right":1},[]],"tag":"App"}]],"tag":"App"},"name":"F₁"},{"contents":[{"item":{"contents":[{"Left":"Category.Applicative.Indexed.IFun"},[{"contents":[{"Right":3},[]],"tag":"App"},{"contents":[{"Right":1},[]],"tag":"App"},{"contents":[{"Right":2},[]],"tag":"App"}]],"tag":"App"},"name":"F₂"},{"contents":[{"item":{"contents":[{"Left":"Category.Applicative.Indexed.RawIApplicative"},[{"contents":[{"Right":4},[]],"tag":"App"},{"contents":[{"Right":3},[]],"tag":"App"},{"contents":[{"Right":2},[]],"tag":"App"},{"contents":[{"Right":1},[]],"tag":"App"}]],"tag":"App"},"name":"A₁"},{"contents":[{"item":{"contents":[{"Left":"Category.Applicative.Indexed.RawIApplicative"},[{"contents":[{"Right":5},[]],"tag":"App"},{"contents":[{"Right":4},[]],"tag":"App"},{"contents":[{"Right":3},[]],"tag":"App"},{"contents":[{"Right":1},[]],"tag":"App"}]],"tag":"App"},"name":"A₂"},{"contents":"Set (lub @6 (lsuc @5))","tag":"Sort"}],"tag":"Pi"}],"tag":"Pi"}],"tag":"Pi"}],"tag":"Pi"}],"tag":"Pi"}],"tag":"Pi"}],"tag":"Pi"}}},"name":"Category.Applicative.Indexed.Morphism"}],"name":"Category.Applicative"},"samples":[{"ctx":{"pretty":"{f : Level} (F : Set f → Set f)","thing":[{"item":{"contents":[{"Left":"Agda.Primitive.Level"},[]],"tag":"App"},"name":"f"},{"item":{"contents":[{"item":{"contents":"Set @0","tag":"Sort"},"name":"_"},{"contents":"Set @0","tag":"Sort"}],"tag":"Pi"},"name":"F"}]},"goal":{"pretty":"Set (suc f)","thing":{"normalised":{"contents":"Set (lsuc @1)","tag":"Sort"},"original":{"contents":"Set (lsuc @1)","tag":"Sort"},"reduced":{"contents":"Set (lsuc @1)","tag":"Sort"},"simplified":{"contents":"Set (lsuc @1)","tag":"Sort"}}},"term":{"pretty":"RawIApplicative (λ _ _ → F)","thing":{"normalised":{"contents":[{"Left":"Category.Applicative.Indexed.RawIApplicative"},[{"contents":"lzero","tag":"Level"},{"contents":[{"Right":1},[]],"tag":"App"},{"contents":[{"Left":"Agda.Builtin.Unit.⊤"},[]],"tag":"App"},{"contents":{"item":{"contents":{"item":{"contents":[{"Right":2},[]],"tag":"App"},"name":"_"},"tag":"Lam"},"name":"_"},"tag":"Lam"}]],"tag":"App"},"original":{"contents":[{"Left":"Category.Applicative.Indexed.RawIApplicative"},[{"contents":"lzero","tag":"Level"},{"contents":[{"Right":1},[]],"tag":"App"},{"contents":[{"Left":"Agda.Builtin.Unit.⊤"},[]],"tag":"App"},{"contents":{"item":{"contents":{"item":{"contents":[{"Right":2},[]],"tag":"App"},"name":"_"},"tag":"Lam"},"name":"_"},"tag":"Lam"}]],"tag":"App"},"reduced":{"contents":[{"Left":"Category.Applicative.Indexed.RawIApplicative"},[{"contents":"lzero","tag":"Level"},{"contents":[{"Right":1},[]],"tag":"App"},{"contents":[{"Left":"Agda.Builtin.Unit.⊤"},[]],"tag":"App"},{"contents":{"item":{"contents":{"item":{"contents":[{"Right":2},[]],"tag":"App"},"name":"_"},"tag":"Lam"},"name":"_"},"tag":"Lam"}]],"tag":"App"},"simplified":{"contents":[{"Left":"Category.Applicative.Indexed.RawIApplicative"},[{"contents":"lzero","tag":"Level"},{"contents":[{"Right":1},[]],"tag":"App"},{"contents":[{"Left":"Agda.Builtin.Unit.⊤"},[]],"tag":"App"},{"contents":{"item":{"contents":{"item":{"contents":[{"Right":2},[]],"tag":"App"},"name":"_"},"tag":"Lam"},"name":"_"},"tag":"Lam"}]],"tag":"App"}}},"namesUsed":["Category.Applicative.Indexed.RawIApplicative","Agda.Builtin.Unit.⊤"]},{"ctx":{"pretty":"{f = f₁ : Level} (F₁ : Set f₁ → Set f₁)","thing":[{"item":{"contents":[{"Left":"Agda.Primitive.Level"},[]],"tag":"App"},"name":"f"},{"item":{"contents":[{"item":{"contents":"Set @0","tag":"Sort"},"name":"_"},{"contents":"Set @0","tag":"Sort"}],"tag":"Pi"},"name":"F"}]},"goal":{"pretty":"Set","thing":{"normalised":{"contents":"Set","tag":"Sort"},"original":{"contents":"Set lzero","tag":"Sort"},"reduced":{"contents":"Set lzero","tag":"Sort"},"simplified":{"contents":"Set","tag":"Sort"}}},"term":{"pretty":"⊤","thing":{"normalised":{"contents":[{"Left":"Agda.Builtin.Unit.⊤"},[]],"tag":"App"},"original":{"contents":[{"Left":"Agda.Builtin.Unit.⊤"},[]],"tag":"App"},"reduced":{"contents":[{"Left":"Agda.Builtin.Unit.⊤"},[]],"tag":"App"},"simplified":{"contents":[{"Left":"Agda.Builtin.Unit.⊤"},[]],"tag":"App"}}},"namesUsed":["Agda.Builtin.Unit.⊤"]},{"ctx":{"pretty":"{f : Level} {F : Set f → Set f} (app : RawApplicative F)","thing":[{"item":{"contents":[{"Left":"Agda.Primitive.Level"},[]],"tag":"App"},"name":"f"},{"item":{"contents":[{"item":{"contents":"Set @0","tag":"Sort"},"name":"_"},{"contents":"Set @0","tag":"Sort"}],"tag":"Pi"},"name":"F"},{"item":{"contents":[{"Left":"Category.Applicative.RawApplicative"},[{"contents":[{"Right":1},[]],"tag":"App"},{"contents":[{"Right":0},[]],"tag":"App"}]],"tag":"App"},"name":"app"}]},"goal":{"pretty":"Set","thing":{"normalised":{"contents":"Set","tag":"Sort"},"original":{"contents":"Set lzero","tag":"Sort"},"reduced":{"contents":"Set lzero","tag":"Sort"},"simplified":{"contents":"Set","tag":"Sort"}}},"term":{"pretty":"⊤","thing":{"normalised":{"contents":[{"Left":"Agda.Builtin.Unit.⊤"},[]],"tag":"App"},"original":{"contents":[{"Left":"Agda.Builtin.Unit.⊤"},[]],"tag":"App"},"reduced":{"contents":[{"Left":"Agda.Builtin.Unit.⊤"},[]],"tag":"App"},"simplified":{"contents":[{"Left":"Agda.Builtin.Unit.⊤"},[]],"tag":"App"}}},"namesUsed":["Agda.Builtin.Unit.⊤"]},{"ctx":{"pretty":"{f : Level} {F : Set f → Set f} (app : RawApplicative F)","thing":[{"item":{"contents":[{"Left":"Agda.Primitive.Level"},[]],"tag":"App"},"name":"f"},{"item":{"contents":[{"item":{"contents":"Set @0","tag":"Sort"},"name":"_"},{"contents":"Set @0","tag":"Sort"}],"tag":"Pi"},"name":"F"},{"item":{"contents":[{"Left":"Category.Applicative.RawApplicative"},[{"contents":[{"Right":1},[]],"tag":"App"},{"contents":[{"Right":0},[]],"tag":"App"}]],"tag":"App"},"name":"app"}]},"goal":{"pretty":"Set","thing":{"normalised":{"contents":"Set","tag":"Sort"},"original":{"contents":"Set lzero","tag":"Sort"},"reduced":{"contents":"Set lzero","tag":"Sort"},"simplified":{"contents":"Set","tag":"Sort"}}},"term":{"pretty":"⊤","thing":{"normalised":{"contents":[{"Left":"Agda.Builtin.Unit.⊤"},[]],"tag":"App"},"original":{"contents":[{"Left":"Agda.Builtin.Unit.⊤"},[]],"tag":"App"},"reduced":{"contents":[{"Left":"Agda.Builtin.Unit.⊤"},[]],"tag":"App"},"simplified":{"contents":[{"Left":"Agda.Builtin.Unit.⊤"},[]],"tag":"App"}}},"namesUsed":["Agda.Builtin.Unit.⊤"]},{"ctx":{"pretty":"{f : Level} {F : Set f → Set f} (app : RawApplicative F)","thing":[{"item":{"contents":[{"Left":"Agda.Primitive.Level"},[]],"tag":"App"},"name":"f"},{"item":{"contents":[{"item":{"contents":"Set @0","tag":"Sort"},"name":"_"},{"contents":"Set @0","tag":"Sort"}],"tag":"Pi"},"name":"F"},{"item":{"contents":[{"Left":"Category.Applicative.RawApplicative"},[{"contents":[{"Right":1},[]],"tag":"App"},{"contents":[{"Right":0},[]],"tag":"App"}]],"tag":"App"},"name":"app"}]},"goal":{"pretty":"Set","thing":{"normalised":{"contents":"Set","tag":"Sort"},"original":{"contents":"Set lzero","tag":"Sort"},"reduced":{"contents":"Set lzero","tag":"Sort"},"simplified":{"contents":"Set","tag":"Sort"}}},"term":{"pretty":"⊤","thing":{"normalised":{"contents":[{"Left":"Agda.Builtin.Unit.⊤"},[]],"tag":"App"},"original":{"contents":[{"Left":"Agda.Builtin.Unit.⊤"},[]],"tag":"App"},"reduced":{"contents":[{"Left":"Agda.Builtin.Unit.⊤"},[]],"tag":"App"},"simplified":{"contents":[{"Left":"Agda.Builtin.Unit.⊤"},[]],"tag":"App"}}},"namesUsed":["Agda.Builtin.Unit.⊤"]},{"ctx":{"pretty":"{f : Level} {F : Set f → Set f} (app : RawApplicative F)","thing":[{"item":{"contents":[{"Left":"Agda.Primitive.Level"},[]],"tag":"App"},"name":"f"},{"item":{"contents":[{"item":{"contents":"Set @0","tag":"Sort"},"name":"_"},{"contents":"Set @0","tag":"Sort"}],"tag":"Pi"},"name":"F"},{"item":{"contents":[{"Left":"Category.Applicative.RawApplicative"},[{"contents":[{"Right":1},[]],"tag":"App"},{"contents":[{"Right":0},[]],"tag":"App"}]],"tag":"App"},"name":"app"}]},"goal":{"pretty":"Set","thing":{"normalised":{"contents":"Set","tag":"Sort"},"original":{"contents":"Set lzero","tag":"Sort"},"reduced":{"contents":"Set lzero","tag":"Sort"},"simplified":{"contents":"Set","tag":"Sort"}}},"term":{"pretty":"⊤","thing":{"normalised":{"contents":[{"Left":"Agda.Builtin.Unit.⊤"},[]],"tag":"App"},"original":{"contents":[{"Left":"Agda.Builtin.Unit.⊤"},[]],"tag":"App"},"reduced":{"contents":[{"Left":"Agda.Builtin.Unit.⊤"},[]],"tag":"App"},"simplified":{"contents":[{"Left":"Agda.Builtin.Unit.⊤"},[]],"tag":"App"}}},"namesUsed":["Agda.Builtin.Unit.⊤"]},{"ctx":{"pretty":"{f : Level} {F : Set f → Set f} (app : RawApplicative F)","thing":[{"item":{"contents":[{"Left":"Agda.Primitive.Level"},[]],"tag":"App"},"name":"f"},{"item":{"contents":[{"item":{"contents":"Set @0","tag":"Sort"},"name":"_"},{"contents":"Set @0","tag":"Sort"}],"tag":"Pi"},"name":"F"},{"item":{"contents":[{"Left":"Category.Applicative.RawApplicative"},[{"contents":[{"Right":1},[]],"tag":"App"},{"contents":[{"Right":0},[]],"tag":"App"}]],"tag":"App"},"name":"app"}]},"goal":{"pretty":"Set","thing":{"normalised":{"contents":"Set","tag":"Sort"},"original":{"contents":"Set lzero","tag":"Sort"},"reduced":{"contents":"Set lzero","tag":"Sort"},"simplified":{"contents":"Set","tag":"Sort"}}},"term":{"pretty":"⊤","thing":{"normalised":{"contents":[{"Left":"Agda.Builtin.Unit.⊤"},[]],"tag":"App"},"original":{"contents":[{"Left":"Agda.Builtin.Unit.⊤"},[]],"tag":"App"},"reduced":{"contents":[{"Left":"Agda.Builtin.Unit.⊤"},[]],"tag":"App"},"simplified":{"contents":[{"Left":"Agda.Builtin.Unit.⊤"},[]],"tag":"App"}}},"namesUsed":["Agda.Builtin.Unit.⊤"]},{"ctx":{"pretty":"{f : Level} {F : Set f → Set f} (app : RawApplicative F)","thing":[{"item":{"contents":[{"Left":"Agda.Primitive.Level"},[]],"tag":"App"},"name":"f"},{"item":{"contents":[{"item":{"contents":"Set @0","tag":"Sort"},"name":"_"},{"contents":"Set @0","tag":"Sort"}],"tag":"Pi"},"name":"F"},{"item":{"contents":[{"Left":"Category.Applicative.RawApplicative"},[{"contents":[{"Right":1},[]],"tag":"App"},{"contents":[{"Right":0},[]],"tag":"App"}]],"tag":"App"},"name":"app"}]},"goal":{"pretty":"Set","thing":{"normalised":{"contents":"Set","tag":"Sort"},"original":{"contents":"Set lzero","tag":"Sort"},"reduced":{"contents":"Set lzero","tag":"Sort"},"simplified":{"contents":"Set","tag":"Sort"}}},"term":{"pretty":"⊤","thing":{"normalised":{"contents":[{"Left":"Agda.Builtin.Unit.⊤"},[]],"tag":"App"},"original":{"contents":[{"Left":"Agda.Builtin.Unit.⊤"},[]],"tag":"App"},"reduced":{"contents":[{"Left":"Agda.Builtin.Unit.⊤"},[]],"tag":"App"},"simplified":{"contents":[{"Left":"Agda.Builtin.Unit.⊤"},[]],"tag":"App"}}},"namesUsed":["Agda.Builtin.Unit.⊤"]},{"ctx":{"pretty":"{f : Level} {F : Set f → Set f} (app : RawApplicative F)","thing":[{"item":{"contents":[{"Left":"Agda.Primitive.Level"},[]],"tag":"App"},"name":"f"},{"item":{"contents":[{"item":{"contents":"Set @0","tag":"Sort"},"name":"_"},{"contents":"Set @0","tag":"Sort"}],"tag":"Pi"},"name":"F"},{"item":{"contents":[{"Left":"Category.Applicative.RawApplicative"},[{"contents":[{"Right":1},[]],"tag":"App"},{"contents":[{"Right":0},[]],"tag":"App"}]],"tag":"App"},"name":"app"}]},"goal":{"pretty":"Set","thing":{"normalised":{"contents":"Set","tag":"Sort"},"original":{"contents":"Set lzero","tag":"Sort"},"reduced":{"contents":"Set lzero","tag":"Sort"},"simplified":{"contents":"Set","tag":"Sort"}}},"term":{"pretty":"⊤","thing":{"normalised":{"contents":[{"Left":"Agda.Builtin.Unit.⊤"},[]],"tag":"App"},"original":{"contents":[{"Left":"Agda.Builtin.Unit.⊤"},[]],"tag":"App"},"reduced":{"contents":[{"Left":"Agda.Builtin.Unit.⊤"},[]],"tag":"App"},"simplified":{"contents":[{"Left":"Agda.Builtin.Unit.⊤"},[]],"tag":"App"}}},"namesUsed":["Agda.Builtin.Unit.⊤"]},{"ctx":{"pretty":"{f : Level} {F : Set f → Set f} (app : RawApplicative F)","thing":[{"item":{"contents":[{"Left":"Agda.Primitive.Level"},[]],"tag":"App"},"name":"f"},{"item":{"contents":[{"item":{"contents":"Set @0","tag":"Sort"},"name":"_"},{"contents":"Set @0","tag":"Sort"}],"tag":"Pi"},"name":"F"},{"item":{"contents":[{"Left":"Category.Applicative.RawApplicative"},[{"contents":[{"Right":1},[]],"tag":"App"},{"contents":[{"Right":0},[]],"tag":"App"}]],"tag":"App"},"name":"app"}]},"goal":{"pretty":"Set","thing":{"normalised":{"contents":"Set","tag":"Sort"},"original":{"contents":"Set lzero","tag":"Sort"},"reduced":{"contents":"Set lzero","tag":"Sort"},"simplified":{"contents":"Set","tag":"Sort"}}},"term":{"pretty":"⊤","thing":{"normalised":{"contents":[{"Left":"Agda.Builtin.Unit.⊤"},[]],"tag":"App"},"original":{"contents":[{"Left":"Agda.Builtin.Unit.⊤"},[]],"tag":"App"},"reduced":{"contents":[{"Left":"Agda.Builtin.Unit.⊤"},[]],"tag":"App"},"simplified":{"contents":[{"Left":"Agda.Builtin.Unit.⊤"},[]],"tag":"App"}}},"namesUsed":["Agda.Builtin.Unit.⊤"]},{"ctx":{"pretty":"{f : Level} {F : Set f → Set f} (app : RawApplicative F)","thing":[{"item":{"contents":[{"Left":"Agda.Primitive.Level"},[]],"tag":"App"},"name":"f"},{"item":{"contents":[{"item":{"contents":"Set @0","tag":"Sort"},"name":"_"},{"contents":"Set @0","tag":"Sort"}],"tag":"Pi"},"name":"F"},{"item":{"contents":[{"Left":"Category.Applicative.RawApplicative"},[{"contents":[{"Right":1},[]],"tag":"App"},{"contents":[{"Right":0},[]],"tag":"App"}]],"tag":"App"},"name":"app"}]},"goal":{"pretty":"Set","thing":{"normalised":{"contents":"Set","tag":"Sort"},"original":{"contents":"Set lzero","tag":"Sort"},"reduced":{"contents":"Set lzero","tag":"Sort"},"simplified":{"contents":"Set","tag":"Sort"}}},"term":{"pretty":"⊤","thing":{"normalised":{"contents":[{"Left":"Agda.Builtin.Unit.⊤"},[]],"tag":"App"},"original":{"contents":[{"Left":"Agda.Builtin.Unit.⊤"},[]],"tag":"App"},"reduced":{"contents":[{"Left":"Agda.Builtin.Unit.⊤"},[]],"tag":"App"},"simplified":{"contents":[{"Left":"Agda.Builtin.Unit.⊤"},[]],"tag":"App"}}},"namesUsed":["Agda.Builtin.Unit.⊤"]},{"ctx":{"pretty":"{f : Level} (F : Set f → Set f)","thing":[{"item":{"contents":[{"Left":"Agda.Primitive.Level"},[]],"tag":"App"},"name":"f"},{"item":{"contents":[{"item":{"contents":"Set @0","tag":"Sort"},"name":"_"},{"contents":"Set @0","tag":"Sort"}],"tag":"Pi"},"name":"F"}]},"goal":{"pretty":"Set (suc f)","thing":{"normalised":{"contents":"Set (lsuc @1)","tag":"Sort"},"original":{"contents":"Set (lsuc @1)","tag":"Sort"},"reduced":{"contents":"Set (lsuc @1)","tag":"Sort"},"simplified":{"contents":"Set (lsuc @1)","tag":"Sort"}}},"term":{"pretty":"RawIApplicativeZero (λ _ _ → F)","thing":{"normalised":{"contents":[{"Left":"Category.Applicative.Indexed.RawIApplicativeZero"},[{"contents":"lzero","tag":"Level"},{"contents":[{"Right":1},[]],"tag":"App"},{"contents":[{"Left":"Agda.Builtin.Unit.⊤"},[]],"tag":"App"},{"contents":{"item":{"contents":{"item":{"contents":[{"Right":2},[]],"tag":"App"},"name":"_"},"tag":"Lam"},"name":"_"},"tag":"Lam"}]],"tag":"App"},"original":{"contents":[{"Left":"Category.Applicative.Indexed.RawIApplicativeZero"},[{"contents":"lzero","tag":"Level"},{"contents":[{"Right":1},[]],"tag":"App"},{"contents":[{"Left":"Agda.Builtin.Unit.⊤"},[]],"tag":"App"},{"contents":{"item":{"contents":{"item":{"contents":[{"Right":2},[]],"tag":"App"},"name":"_"},"tag":"Lam"},"name":"_"},"tag":"Lam"}]],"tag":"App"},"reduced":{"contents":[{"Left":"Category.Applicative.Indexed.RawIApplicativeZero"},[{"contents":"lzero","tag":"Level"},{"contents":[{"Right":1},[]],"tag":"App"},{"contents":[{"Left":"Agda.Builtin.Unit.⊤"},[]],"tag":"App"},{"contents":{"item":{"contents":{"item":{"contents":[{"Right":2},[]],"tag":"App"},"name":"_"},"tag":"Lam"},"name":"_"},"tag":"Lam"}]],"tag":"App"},"simplified":{"contents":[{"Left":"Category.Applicative.Indexed.RawIApplicativeZero"},[{"contents":"lzero","tag":"Level"},{"contents":[{"Right":1},[]],"tag":"App"},{"contents":[{"Left":"Agda.Builtin.Unit.⊤"},[]],"tag":"App"},{"contents":{"item":{"contents":{"item":{"contents":[{"Right":2},[]],"tag":"App"},"name":"_"},"tag":"Lam"},"name":"_"},"tag":"Lam"}]],"tag":"App"}}},"namesUsed":["Category.Applicative.Indexed.RawIApplicativeZero","Agda.Builtin.Unit.⊤"]},{"ctx":{"pretty":"{f = f₁ : Level} (F₁ : Set f₁ → Set f₁)","thing":[{"item":{"contents":[{"Left":"Agda.Primitive.Level"},[]],"tag":"App"},"name":"f"},{"item":{"contents":[{"item":{"contents":"Set @0","tag":"Sort"},"name":"_"},{"contents":"Set @0","tag":"Sort"}],"tag":"Pi"},"name":"F"}]},"goal":{"pretty":"Set","thing":{"normalised":{"contents":"Set","tag":"Sort"},"original":{"contents":"Set lzero","tag":"Sort"},"reduced":{"contents":"Set lzero","tag":"Sort"},"simplified":{"contents":"Set","tag":"Sort"}}},"term":{"pretty":"⊤","thing":{"normalised":{"contents":[{"Left":"Agda.Builtin.Unit.⊤"},[]],"tag":"App"},"original":{"contents":[{"Left":"Agda.Builtin.Unit.⊤"},[]],"tag":"App"},"reduced":{"contents":[{"Left":"Agda.Builtin.Unit.⊤"},[]],"tag":"App"},"simplified":{"contents":[{"Left":"Agda.Builtin.Unit.⊤"},[]],"tag":"App"}}},"namesUsed":["Agda.Builtin.Unit.⊤"]},{"ctx":{"pretty":"{f : Level} {F : Set f → Set f} (app : RawApplicativeZero F)","thing":[{"item":{"contents":[{"Left":"Agda.Primitive.Level"},[]],"tag":"App"},"name":"f"},{"item":{"contents":[{"item":{"contents":"Set @0","tag":"Sort"},"name":"_"},{"contents":"Set @0","tag":"Sort"}],"tag":"Pi"},"name":"F"},{"item":{"contents":[{"Left":"Category.Applicative.RawApplicativeZero"},[{"contents":[{"Right":1},[]],"tag":"App"},{"contents":[{"Right":0},[]],"tag":"App"}]],"tag":"App"},"name":"app"}]},"goal":{"pretty":"Set","thing":{"normalised":{"contents":"Set","tag":"Sort"},"original":{"contents":"Set lzero","tag":"Sort"},"reduced":{"contents":"Set lzero","tag":"Sort"},"simplified":{"contents":"Set","tag":"Sort"}}},"term":{"pretty":"⊤","thing":{"normalised":{"contents":[{"Left":"Agda.Builtin.Unit.⊤"},[]],"tag":"App"},"original":{"contents":[{"Left":"Agda.Builtin.Unit.⊤"},[]],"tag":"App"},"reduced":{"contents":[{"Left":"Agda.Builtin.Unit.⊤"},[]],"tag":"App"},"simplified":{"contents":[{"Left":"Agda.Builtin.Unit.⊤"},[]],"tag":"App"}}},"namesUsed":["Agda.Builtin.Unit.⊤"]},{"ctx":{"pretty":"{f : Level} {F : Set f → Set f} (app : RawApplicativeZero F)","thing":[{"item":{"contents":[{"Left":"Agda.Primitive.Level"},[]],"tag":"App"},"name":"f"},{"item":{"contents":[{"item":{"contents":"Set @0","tag":"Sort"},"name":"_"},{"contents":"Set @0","tag":"Sort"}],"tag":"Pi"},"name":"F"},{"item":{"contents":[{"Left":"Category.Applicative.RawApplicativeZero"},[{"contents":[{"Right":1},[]],"tag":"App"},{"contents":[{"Right":0},[]],"tag":"App"}]],"tag":"App"},"name":"app"}]},"goal":{"pretty":"Set","thing":{"normalised":{"contents":"Set","tag":"Sort"},"original":{"contents":"Set lzero","tag":"Sort"},"reduced":{"contents":"Set lzero","tag":"Sort"},"simplified":{"contents":"Set","tag":"Sort"}}},"term":{"pretty":"⊤","thing":{"normalised":{"contents":[{"Left":"Agda.Builtin.Unit.⊤"},[]],"tag":"App"},"original":{"contents":[{"Left":"Agda.Builtin.Unit.⊤"},[]],"tag":"App"},"reduced":{"contents":[{"Left":"Agda.Builtin.Unit.⊤"},[]],"tag":"App"},"simplified":{"contents":[{"Left":"Agda.Builtin.Unit.⊤"},[]],"tag":"App"}}},"namesUsed":["Agda.Builtin.Unit.⊤"]},{"ctx":{"pretty":"{f : Level} {F : Set f → Set f} (app : RawApplicativeZero F)","thing":[{"item":{"contents":[{"Left":"Agda.Primitive.Level"},[]],"tag":"App"},"name":"f"},{"item":{"contents":[{"item":{"contents":"Set @0","tag":"Sort"},"name":"_"},{"contents":"Set @0","tag":"Sort"}],"tag":"Pi"},"name":"F"},{"item":{"contents":[{"Left":"Category.Applicative.RawApplicativeZero"},[{"contents":[{"Right":1},[]],"tag":"App"},{"contents":[{"Right":0},[]],"tag":"App"}]],"tag":"App"},"name":"app"}]},"goal":{"pretty":"Set","thing":{"normalised":{"contents":"Set","tag":"Sort"},"original":{"contents":"Set lzero","tag":"Sort"},"reduced":{"contents":"Set lzero","tag":"Sort"},"simplified":{"contents":"Set","tag":"Sort"}}},"term":{"pretty":"⊤","thing":{"normalised":{"contents":[{"Left":"Agda.Builtin.Unit.⊤"},[]],"tag":"App"},"original":{"contents":[{"Left":"Agda.Builtin.Unit.⊤"},[]],"tag":"App"},"reduced":{"contents":[{"Left":"Agda.Builtin.Unit.⊤"},[]],"tag":"App"},"simplified":{"contents":[{"Left":"Agda.Builtin.Unit.⊤"},[]],"tag":"App"}}},"namesUsed":["Agda.Builtin.Unit.⊤"]},{"ctx":{"pretty":"{f : Level} {F : Set f → Set f} (app : RawApplicativeZero F)","thing":[{"item":{"contents":[{"Left":"Agda.Primitive.Level"},[]],"tag":"App"},"name":"f"},{"item":{"contents":[{"item":{"contents":"Set @0","tag":"Sort"},"name":"_"},{"contents":"Set @0","tag":"Sort"}],"tag":"Pi"},"name":"F"},{"item":{"contents":[{"Left":"Category.Applicative.RawApplicativeZero"},[{"contents":[{"Right":1},[]],"tag":"App"},{"contents":[{"Right":0},[]],"tag":"App"}]],"tag":"App"},"name":"app"}]},"goal":{"pretty":"Set","thing":{"normalised":{"contents":"Set","tag":"Sort"},"original":{"contents":"Set lzero","tag":"Sort"},"reduced":{"contents":"Set lzero","tag":"Sort"},"simplified":{"contents":"Set","tag":"Sort"}}},"term":{"pretty":"⊤","thing":{"normalised":{"contents":[{"Left":"Agda.Builtin.Unit.⊤"},[]],"tag":"App"},"original":{"contents":[{"Left":"Agda.Builtin.Unit.⊤"},[]],"tag":"App"},"reduced":{"contents":[{"Left":"Agda.Builtin.Unit.⊤"},[]],"tag":"App"},"simplified":{"contents":[{"Left":"Agda.Builtin.Unit.⊤"},[]],"tag":"App"}}},"namesUsed":["Agda.Builtin.Unit.⊤"]},{"ctx":{"pretty":"{f : Level} {F : Set f → Set f} (app : RawApplicativeZero F)","thing":[{"item":{"contents":[{"Left":"Agda.Primitive.Level"},[]],"tag":"App"},"name":"f"},{"item":{"contents":[{"item":{"contents":"Set @0","tag":"Sort"},"name":"_"},{"contents":"Set @0","tag":"Sort"}],"tag":"Pi"},"name":"F"},{"item":{"contents":[{"Left":"Category.Applicative.RawApplicativeZero"},[{"contents":[{"Right":1},[]],"tag":"App"},{"contents":[{"Right":0},[]],"tag":"App"}]],"tag":"App"},"name":"app"}]},"goal":{"pretty":"Set","thing":{"normalised":{"contents":"Set","tag":"Sort"},"original":{"contents":"Set lzero","tag":"Sort"},"reduced":{"contents":"Set lzero","tag":"Sort"},"simplified":{"contents":"Set","tag":"Sort"}}},"term":{"pretty":"⊤","thing":{"normalised":{"contents":[{"Left":"Agda.Builtin.Unit.⊤"},[]],"tag":"App"},"original":{"contents":[{"Left":"Agda.Builtin.Unit.⊤"},[]],"tag":"App"},"reduced":{"contents":[{"Left":"Agda.Builtin.Unit.⊤"},[]],"tag":"App"},"simplified":{"contents":[{"Left":"Agda.Builtin.Unit.⊤"},[]],"tag":"App"}}},"namesUsed":["Agda.Builtin.Unit.⊤"]},{"ctx":{"pretty":"{f : Level} {F : Set f → Set f} (app : RawApplicativeZero F)","thing":[{"item":{"contents":[{"Left":"Agda.Primitive.Level"},[]],"tag":"App"},"name":"f"},{"item":{"contents":[{"item":{"contents":"Set @0","tag":"Sort"},"name":"_"},{"contents":"Set @0","tag":"Sort"}],"tag":"Pi"},"name":"F"},{"item":{"contents":[{"Left":"Category.Applicative.RawApplicativeZero"},[{"contents":[{"Right":1},[]],"tag":"App"},{"contents":[{"Right":0},[]],"tag":"App"}]],"tag":"App"},"name":"app"}]},"goal":{"pretty":"Set","thing":{"normalised":{"contents":"Set","tag":"Sort"},"original":{"contents":"Set lzero","tag":"Sort"},"reduced":{"contents":"Set lzero","tag":"Sort"},"simplified":{"contents":"Set","tag":"Sort"}}},"term":{"pretty":"⊤","thing":{"normalised":{"contents":[{"Left":"Agda.Builtin.Unit.⊤"},[]],"tag":"App"},"original":{"contents":[{"Left":"Agda.Builtin.Unit.⊤"},[]],"tag":"App"},"reduced":{"contents":[{"Left":"Agda.Builtin.Unit.⊤"},[]],"tag":"App"},"simplified":{"contents":[{"Left":"Agda.Builtin.Unit.⊤"},[]],"tag":"App"}}},"namesUsed":["Agda.Builtin.Unit.⊤"]},{"ctx":{"pretty":"{f : Level} {F : Set f → Set f} (app : RawApplicativeZero F)","thing":[{"item":{"contents":[{"Left":"Agda.Primitive.Level"},[]],"tag":"App"},"name":"f"},{"item":{"contents":[{"item":{"contents":"Set @0","tag":"Sort"},"name":"_"},{"contents":"Set @0","tag":"Sort"}],"tag":"Pi"},"name":"F"},{"item":{"contents":[{"Left":"Category.Applicative.RawApplicativeZero"},[{"contents":[{"Right":1},[]],"tag":"App"},{"contents":[{"Right":0},[]],"tag":"App"}]],"tag":"App"},"name":"app"}]},"goal":{"pretty":"Set","thing":{"normalised":{"contents":"Set","tag":"Sort"},"original":{"contents":"Set lzero","tag":"Sort"},"reduced":{"contents":"Set lzero","tag":"Sort"},"simplified":{"contents":"Set","tag":"Sort"}}},"term":{"pretty":"⊤","thing":{"normalised":{"contents":[{"Left":"Agda.Builtin.Unit.⊤"},[]],"tag":"App"},"original":{"contents":[{"Left":"Agda.Builtin.Unit.⊤"},[]],"tag":"App"},"reduced":{"contents":[{"Left":"Agda.Builtin.Unit.⊤"},[]],"tag":"App"},"simplified":{"contents":[{"Left":"Agda.Builtin.Unit.⊤"},[]],"tag":"App"}}},"namesUsed":["Agda.Builtin.Unit.⊤"]},{"ctx":{"pretty":"{f : Level} {F : Set f → Set f} (app : RawApplicativeZero F)","thing":[{"item":{"contents":[{"Left":"Agda.Primitive.Level"},[]],"tag":"App"},"name":"f"},{"item":{"contents":[{"item":{"contents":"Set @0","tag":"Sort"},"name":"_"},{"contents":"Set @0","tag":"Sort"}],"tag":"Pi"},"name":"F"},{"item":{"contents":[{"Left":"Category.Applicative.RawApplicativeZero"},[{"contents":[{"Right":1},[]],"tag":"App"},{"contents":[{"Right":0},[]],"tag":"App"}]],"tag":"App"},"name":"app"}]},"goal":{"pretty":"Set","thing":{"normalised":{"contents":"Set","tag":"Sort"},"original":{"contents":"Set lzero","tag":"Sort"},"reduced":{"contents":"Set lzero","tag":"Sort"},"simplified":{"contents":"Set","tag":"Sort"}}},"term":{"pretty":"⊤","thing":{"normalised":{"contents":[{"Left":"Agda.Builtin.Unit.⊤"},[]],"tag":"App"},"original":{"contents":[{"Left":"Agda.Builtin.Unit.⊤"},[]],"tag":"App"},"reduced":{"contents":[{"Left":"Agda.Builtin.Unit.⊤"},[]],"tag":"App"},"simplified":{"contents":[{"Left":"Agda.Builtin.Unit.⊤"},[]],"tag":"App"}}},"namesUsed":["Agda.Builtin.Unit.⊤"]},{"ctx":{"pretty":"{f : Level} {F : Set f → Set f} (app : RawApplicativeZero F)","thing":[{"item":{"contents":[{"Left":"Agda.Primitive.Level"},[]],"tag":"App"},"name":"f"},{"item":{"contents":[{"item":{"contents":"Set @0","tag":"Sort"},"name":"_"},{"contents":"Set @0","tag":"Sort"}],"tag":"Pi"},"name":"F"},{"item":{"contents":[{"Left":"Category.Applicative.RawApplicativeZero"},[{"contents":[{"Right":1},[]],"tag":"App"},{"contents":[{"Right":0},[]],"tag":"App"}]],"tag":"App"},"name":"app"}]},"goal":{"pretty":"Set","thing":{"normalised":{"contents":"Set","tag":"Sort"},"original":{"contents":"Set lzero","tag":"Sort"},"reduced":{"contents":"Set lzero","tag":"Sort"},"simplified":{"contents":"Set","tag":"Sort"}}},"term":{"pretty":"⊤","thing":{"normalised":{"contents":[{"Left":"Agda.Builtin.Unit.⊤"},[]],"tag":"App"},"original":{"contents":[{"Left":"Agda.Builtin.Unit.⊤"},[]],"tag":"App"},"reduced":{"contents":[{"Left":"Agda.Builtin.Unit.⊤"},[]],"tag":"App"},"simplified":{"contents":[{"Left":"Agda.Builtin.Unit.⊤"},[]],"tag":"App"}}},"namesUsed":["Agda.Builtin.Unit.⊤"]},{"ctx":{"pretty":"{f : Level} {F : Set f → Set f} (app : RawApplicativeZero F)","thing":[{"item":{"contents":[{"Left":"Agda.Primitive.Level"},[]],"tag":"App"},"name":"f"},{"item":{"contents":[{"item":{"contents":"Set @0","tag":"Sort"},"name":"_"},{"contents":"Set @0","tag":"Sort"}],"tag":"Pi"},"name":"F"},{"item":{"contents":[{"Left":"Category.Applicative.RawApplicativeZero"},[{"contents":[{"Right":1},[]],"tag":"App"},{"contents":[{"Right":0},[]],"tag":"App"}]],"tag":"App"},"name":"app"}]},"goal":{"pretty":"Set","thing":{"normalised":{"contents":"Set","tag":"Sort"},"original":{"contents":"Set lzero","tag":"Sort"},"reduced":{"contents":"Set lzero","tag":"Sort"},"simplified":{"contents":"Set","tag":"Sort"}}},"term":{"pretty":"⊤","thing":{"normalised":{"contents":[{"Left":"Agda.Builtin.Unit.⊤"},[]],"tag":"App"},"original":{"contents":[{"Left":"Agda.Builtin.Unit.⊤"},[]],"tag":"App"},"reduced":{"contents":[{"Left":"Agda.Builtin.Unit.⊤"},[]],"tag":"App"},"simplified":{"contents":[{"Left":"Agda.Builtin.Unit.⊤"},[]],"tag":"App"}}},"namesUsed":["Agda.Builtin.Unit.⊤"]},{"ctx":{"pretty":"{f : Level} (F : Set f → Set f)","thing":[{"item":{"contents":[{"Left":"Agda.Primitive.Level"},[]],"tag":"App"},"name":"f"},{"item":{"contents":[{"item":{"contents":"Set @0","tag":"Sort"},"name":"_"},{"contents":"Set @0","tag":"Sort"}],"tag":"Pi"},"name":"F"}]},"goal":{"pretty":"Set (suc f)","thing":{"normalised":{"contents":"Set (lsuc @1)","tag":"Sort"},"original":{"contents":"Set (lsuc @1)","tag":"Sort"},"reduced":{"contents":"Set (lsuc @1)","tag":"Sort"},"simplified":{"contents":"Set (lsuc @1)","tag":"Sort"}}},"term":{"pretty":"RawIAlternative (λ _ _ → F)","thing":{"normalised":{"contents":[{"Left":"Category.Applicative.Indexed.RawIAlternative"},[{"contents":"lzero","tag":"Level"},{"contents":[{"Right":1},[]],"tag":"App"},{"contents":[{"Left":"Agda.Builtin.Unit.⊤"},[]],"tag":"App"},{"contents":{"item":{"contents":{"item":{"contents":[{"Right":2},[]],"tag":"App"},"name":"_"},"tag":"Lam"},"name":"_"},"tag":"Lam"}]],"tag":"App"},"original":{"contents":[{"Left":"Category.Applicative.Indexed.RawIAlternative"},[{"contents":"lzero","tag":"Level"},{"contents":[{"Right":1},[]],"tag":"App"},{"contents":[{"Left":"Agda.Builtin.Unit.⊤"},[]],"tag":"App"},{"contents":{"item":{"contents":{"item":{"contents":[{"Right":2},[]],"tag":"App"},"name":"_"},"tag":"Lam"},"name":"_"},"tag":"Lam"}]],"tag":"App"},"reduced":{"contents":[{"Left":"Category.Applicative.Indexed.RawIAlternative"},[{"contents":"lzero","tag":"Level"},{"contents":[{"Right":1},[]],"tag":"App"},{"contents":[{"Left":"Agda.Builtin.Unit.⊤"},[]],"tag":"App"},{"contents":{"item":{"contents":{"item":{"contents":[{"Right":2},[]],"tag":"App"},"name":"_"},"tag":"Lam"},"name":"_"},"tag":"Lam"}]],"tag":"App"},"simplified":{"contents":[{"Left":"Category.Applicative.Indexed.RawIAlternative"},[{"contents":"lzero","tag":"Level"},{"contents":[{"Right":1},[]],"tag":"App"},{"contents":[{"Left":"Agda.Builtin.Unit.⊤"},[]],"tag":"App"},{"contents":{"item":{"contents":{"item":{"contents":[{"Right":2},[]],"tag":"App"},"name":"_"},"tag":"Lam"},"name":"_"},"tag":"Lam"}]],"tag":"App"}}},"namesUsed":["Category.Applicative.Indexed.RawIAlternative","Agda.Builtin.Unit.⊤"]},{"ctx":{"pretty":"{f = f₁ : Level} (F₁ : Set f₁ → Set f₁)","thing":[{"item":{"contents":[{"Left":"Agda.Primitive.Level"},[]],"tag":"App"},"name":"f"},{"item":{"contents":[{"item":{"contents":"Set @0","tag":"Sort"},"name":"_"},{"contents":"Set @0","tag":"Sort"}],"tag":"Pi"},"name":"F"}]},"goal":{"pretty":"Set","thing":{"normalised":{"contents":"Set","tag":"Sort"},"original":{"contents":"Set lzero","tag":"Sort"},"reduced":{"contents":"Set lzero","tag":"Sort"},"simplified":{"contents":"Set","tag":"Sort"}}},"term":{"pretty":"⊤","thing":{"normalised":{"contents":[{"Left":"Agda.Builtin.Unit.⊤"},[]],"tag":"App"},"original":{"contents":[{"Left":"Agda.Builtin.Unit.⊤"},[]],"tag":"App"},"reduced":{"contents":[{"Left":"Agda.Builtin.Unit.⊤"},[]],"tag":"App"},"simplified":{"contents":[{"Left":"Agda.Builtin.Unit.⊤"},[]],"tag":"App"}}},"namesUsed":["Agda.Builtin.Unit.⊤"]},{"ctx":{"pretty":"{f : Level} {F : Set f → Set f} (app : RawAlternative F)","thing":[{"item":{"contents":[{"Left":"Agda.Primitive.Level"},[]],"tag":"App"},"name":"f"},{"item":{"contents":[{"item":{"contents":"Set @0","tag":"Sort"},"name":"_"},{"contents":"Set @0","tag":"Sort"}],"tag":"Pi"},"name":"F"},{"item":{"contents":[{"Left":"Category.Applicative.RawAlternative"},[{"contents":[{"Right":1},[]],"tag":"App"},{"contents":[{"Right":0},[]],"tag":"App"}]],"tag":"App"},"name":"app"}]},"goal":{"pretty":"Set","thing":{"normalised":{"contents":"Set","tag":"Sort"},"original":{"contents":"Set lzero","tag":"Sort"},"reduced":{"contents":"Set lzero","tag":"Sort"},"simplified":{"contents":"Set","tag":"Sort"}}},"term":{"pretty":"⊤","thing":{"normalised":{"contents":[{"Left":"Agda.Builtin.Unit.⊤"},[]],"tag":"App"},"original":{"contents":[{"Left":"Agda.Builtin.Unit.⊤"},[]],"tag":"App"},"reduced":{"contents":[{"Left":"Agda.Builtin.Unit.⊤"},[]],"tag":"App"},"simplified":{"contents":[{"Left":"Agda.Builtin.Unit.⊤"},[]],"tag":"App"}}},"namesUsed":["Agda.Builtin.Unit.⊤"]},{"ctx":{"pretty":"{f : Level} {F : Set f → Set f} (app : RawAlternative F)","thing":[{"item":{"contents":[{"Left":"Agda.Primitive.Level"},[]],"tag":"App"},"name":"f"},{"item":{"contents":[{"item":{"contents":"Set @0","tag":"Sort"},"name":"_"},{"contents":"Set @0","tag":"Sort"}],"tag":"Pi"},"name":"F"},{"item":{"contents":[{"Left":"Category.Applicative.RawAlternative"},[{"contents":[{"Right":1},[]],"tag":"App"},{"contents":[{"Right":0},[]],"tag":"App"}]],"tag":"App"},"name":"app"}]},"goal":{"pretty":"Set","thing":{"normalised":{"contents":"Set","tag":"Sort"},"original":{"contents":"Set lzero","tag":"Sort"},"reduced":{"contents":"Set lzero","tag":"Sort"},"simplified":{"contents":"Set","tag":"Sort"}}},"term":{"pretty":"⊤","thing":{"normalised":{"contents":[{"Left":"Agda.Builtin.Unit.⊤"},[]],"tag":"App"},"original":{"contents":[{"Left":"Agda.Builtin.Unit.⊤"},[]],"tag":"App"},"reduced":{"contents":[{"Left":"Agda.Builtin.Unit.⊤"},[]],"tag":"App"},"simplified":{"contents":[{"Left":"Agda.Builtin.Unit.⊤"},[]],"tag":"App"}}},"namesUsed":["Agda.Builtin.Unit.⊤"]},{"ctx":{"pretty":"{f : Level} {F : Set f → Set f} (app : RawAlternative F)","thing":[{"item":{"contents":[{"Left":"Agda.Primitive.Level"},[]],"tag":"App"},"name":"f"},{"item":{"contents":[{"item":{"contents":"Set @0","tag":"Sort"},"name":"_"},{"contents":"Set @0","tag":"Sort"}],"tag":"Pi"},"name":"F"},{"item":{"contents":[{"Left":"Category.Applicative.RawAlternative"},[{"contents":[{"Right":1},[]],"tag":"App"},{"contents":[{"Right":0},[]],"tag":"App"}]],"tag":"App"},"name":"app"}]},"goal":{"pretty":"Set","thing":{"normalised":{"contents":"Set","tag":"Sort"},"original":{"contents":"Set lzero","tag":"Sort"},"reduced":{"contents":"Set lzero","tag":"Sort"},"simplified":{"contents":"Set","tag":"Sort"}}},"term":{"pretty":"⊤","thing":{"normalised":{"contents":[{"Left":"Agda.Builtin.Unit.⊤"},[]],"tag":"App"},"original":{"contents":[{"Left":"Agda.Builtin.Unit.⊤"},[]],"tag":"App"},"reduced":{"contents":[{"Left":"Agda.Builtin.Unit.⊤"},[]],"tag":"App"},"simplified":{"contents":[{"Left":"Agda.Builtin.Unit.⊤"},[]],"tag":"App"}}},"namesUsed":["Agda.Builtin.Unit.⊤"]},{"ctx":{"pretty":"{f : Level} {F : Set f → Set f} (app : RawAlternative F)","thing":[{"item":{"contents":[{"Left":"Agda.Primitive.Level"},[]],"tag":"App"},"name":"f"},{"item":{"contents":[{"item":{"contents":"Set @0","tag":"Sort"},"name":"_"},{"contents":"Set @0","tag":"Sort"}],"tag":"Pi"},"name":"F"},{"item":{"contents":[{"Left":"Category.Applicative.RawAlternative"},[{"contents":[{"Right":1},[]],"tag":"App"},{"contents":[{"Right":0},[]],"tag":"App"}]],"tag":"App"},"name":"app"}]},"goal":{"pretty":"Set","thing":{"normalised":{"contents":"Set","tag":"Sort"},"original":{"contents":"Set lzero","tag":"Sort"},"reduced":{"contents":"Set lzero","tag":"Sort"},"simplified":{"contents":"Set","tag":"Sort"}}},"term":{"pretty":"⊤","thing":{"normalised":{"contents":[{"Left":"Agda.Builtin.Unit.⊤"},[]],"tag":"App"},"original":{"contents":[{"Left":"Agda.Builtin.Unit.⊤"},[]],"tag":"App"},"reduced":{"contents":[{"Left":"Agda.Builtin.Unit.⊤"},[]],"tag":"App"},"simplified":{"contents":[{"Left":"Agda.Builtin.Unit.⊤"},[]],"tag":"App"}}},"namesUsed":["Agda.Builtin.Unit.⊤"]},{"ctx":{"pretty":"{f : Level} {F : Set f → Set f} (app : RawAlternative F)","thing":[{"item":{"contents":[{"Left":"Agda.Primitive.Level"},[]],"tag":"App"},"name":"f"},{"item":{"contents":[{"item":{"contents":"Set @0","tag":"Sort"},"name":"_"},{"contents":"Set @0","tag":"Sort"}],"tag":"Pi"},"name":"F"},{"item":{"contents":[{"Left":"Category.Applicative.RawAlternative"},[{"contents":[{"Right":1},[]],"tag":"App"},{"contents":[{"Right":0},[]],"tag":"App"}]],"tag":"App"},"name":"app"}]},"goal":{"pretty":"Set","thing":{"normalised":{"contents":"Set","tag":"Sort"},"original":{"contents":"Set lzero","tag":"Sort"},"reduced":{"contents":"Set lzero","tag":"Sort"},"simplified":{"contents":"Set","tag":"Sort"}}},"term":{"pretty":"⊤","thing":{"normalised":{"contents":[{"Left":"Agda.Builtin.Unit.⊤"},[]],"tag":"App"},"original":{"contents":[{"Left":"Agda.Builtin.Unit.⊤"},[]],"tag":"App"},"reduced":{"contents":[{"Left":"Agda.Builtin.Unit.⊤"},[]],"tag":"App"},"simplified":{"contents":[{"Left":"Agda.Builtin.Unit.⊤"},[]],"tag":"App"}}},"namesUsed":["Agda.Builtin.Unit.⊤"]},{"ctx":{"pretty":"{f : Level} {F : Set f → Set f} (app : RawAlternative F)","thing":[{"item":{"contents":[{"Left":"Agda.Primitive.Level"},[]],"tag":"App"},"name":"f"},{"item":{"contents":[{"item":{"contents":"Set @0","tag":"Sort"},"name":"_"},{"contents":"Set @0","tag":"Sort"}],"tag":"Pi"},"name":"F"},{"item":{"contents":[{"Left":"Category.Applicative.RawAlternative"},[{"contents":[{"Right":1},[]],"tag":"App"},{"contents":[{"Right":0},[]],"tag":"App"}]],"tag":"App"},"name":"app"}]},"goal":{"pretty":"Set","thing":{"normalised":{"contents":"Set","tag":"Sort"},"original":{"contents":"Set lzero","tag":"Sort"},"reduced":{"contents":"Set lzero","tag":"Sort"},"simplified":{"contents":"Set","tag":"Sort"}}},"term":{"pretty":"⊤","thing":{"normalised":{"contents":[{"Left":"Agda.Builtin.Unit.⊤"},[]],"tag":"App"},"original":{"contents":[{"Left":"Agda.Builtin.Unit.⊤"},[]],"tag":"App"},"reduced":{"contents":[{"Left":"Agda.Builtin.Unit.⊤"},[]],"tag":"App"},"simplified":{"contents":[{"Left":"Agda.Builtin.Unit.⊤"},[]],"tag":"App"}}},"namesUsed":["Agda.Builtin.Unit.⊤"]},{"ctx":{"pretty":"{f : Level} {F : Set f → Set f} (app : RawAlternative F)","thing":[{"item":{"contents":[{"Left":"Agda.Primitive.Level"},[]],"tag":"App"},"name":"f"},{"item":{"contents":[{"item":{"contents":"Set @0","tag":"Sort"},"name":"_"},{"contents":"Set @0","tag":"Sort"}],"tag":"Pi"},"name":"F"},{"item":{"contents":[{"Left":"Category.Applicative.RawAlternative"},[{"contents":[{"Right":1},[]],"tag":"App"},{"contents":[{"Right":0},[]],"tag":"App"}]],"tag":"App"},"name":"app"}]},"goal":{"pretty":"Set","thing":{"normalised":{"contents":"Set","tag":"Sort"},"original":{"contents":"Set lzero","tag":"Sort"},"reduced":{"contents":"Set lzero","tag":"Sort"},"simplified":{"contents":"Set","tag":"Sort"}}},"term":{"pretty":"⊤","thing":{"normalised":{"contents":[{"Left":"Agda.Builtin.Unit.⊤"},[]],"tag":"App"},"original":{"contents":[{"Left":"Agda.Builtin.Unit.⊤"},[]],"tag":"App"},"reduced":{"contents":[{"Left":"Agda.Builtin.Unit.⊤"},[]],"tag":"App"},"simplified":{"contents":[{"Left":"Agda.Builtin.Unit.⊤"},[]],"tag":"App"}}},"namesUsed":["Agda.Builtin.Unit.⊤"]},{"ctx":{"pretty":"{f : Level} {F : Set f → Set f} (app : RawAlternative F)","thing":[{"item":{"contents":[{"Left":"Agda.Primitive.Level"},[]],"tag":"App"},"name":"f"},{"item":{"contents":[{"item":{"contents":"Set @0","tag":"Sort"},"name":"_"},{"contents":"Set @0","tag":"Sort"}],"tag":"Pi"},"name":"F"},{"item":{"contents":[{"Left":"Category.Applicative.RawAlternative"},[{"contents":[{"Right":1},[]],"tag":"App"},{"contents":[{"Right":0},[]],"tag":"App"}]],"tag":"App"},"name":"app"}]},"goal":{"pretty":"Set","thing":{"normalised":{"contents":"Set","tag":"Sort"},"original":{"contents":"Set lzero","tag":"Sort"},"reduced":{"contents":"Set lzero","tag":"Sort"},"simplified":{"contents":"Set","tag":"Sort"}}},"term":{"pretty":"⊤","thing":{"normalised":{"contents":[{"Left":"Agda.Builtin.Unit.⊤"},[]],"tag":"App"},"original":{"contents":[{"Left":"Agda.Builtin.Unit.⊤"},[]],"tag":"App"},"reduced":{"contents":[{"Left":"Agda.Builtin.Unit.⊤"},[]],"tag":"App"},"simplified":{"contents":[{"Left":"Agda.Builtin.Unit.⊤"},[]],"tag":"App"}}},"namesUsed":["Agda.Builtin.Unit.⊤"]},{"ctx":{"pretty":"{f : Level} {F : Set f → Set f} (app : RawAlternative F)","thing":[{"item":{"contents":[{"Left":"Agda.Primitive.Level"},[]],"tag":"App"},"name":"f"},{"item":{"contents":[{"item":{"contents":"Set @0","tag":"Sort"},"name":"_"},{"contents":"Set @0","tag":"Sort"}],"tag":"Pi"},"name":"F"},{"item":{"contents":[{"Left":"Category.Applicative.RawAlternative"},[{"contents":[{"Right":1},[]],"tag":"App"},{"contents":[{"Right":0},[]],"tag":"App"}]],"tag":"App"},"name":"app"}]},"goal":{"pretty":"Set","thing":{"normalised":{"contents":"Set","tag":"Sort"},"original":{"contents":"Set lzero","tag":"Sort"},"reduced":{"contents":"Set lzero","tag":"Sort"},"simplified":{"contents":"Set","tag":"Sort"}}},"term":{"pretty":"⊤","thing":{"normalised":{"contents":[{"Left":"Agda.Builtin.Unit.⊤"},[]],"tag":"App"},"original":{"contents":[{"Left":"Agda.Builtin.Unit.⊤"},[]],"tag":"App"},"reduced":{"contents":[{"Left":"Agda.Builtin.Unit.⊤"},[]],"tag":"App"},"simplified":{"contents":[{"Left":"Agda.Builtin.Unit.⊤"},[]],"tag":"App"}}},"namesUsed":["Agda.Builtin.Unit.⊤"]},{"ctx":{"pretty":"{f : Level} {F : Set f → Set f} (app : RawAlternative F)","thing":[{"item":{"contents":[{"Left":"Agda.Primitive.Level"},[]],"tag":"App"},"name":"f"},{"item":{"contents":[{"item":{"contents":"Set @0","tag":"Sort"},"name":"_"},{"contents":"Set @0","tag":"Sort"}],"tag":"Pi"},"name":"F"},{"item":{"contents":[{"Left":"Category.Applicative.RawAlternative"},[{"contents":[{"Right":1},[]],"tag":"App"},{"contents":[{"Right":0},[]],"tag":"App"}]],"tag":"App"},"name":"app"}]},"goal":{"pretty":"Set","thing":{"normalised":{"contents":"Set","tag":"Sort"},"original":{"contents":"Set lzero","tag":"Sort"},"reduced":{"contents":"Set lzero","tag":"Sort"},"simplified":{"contents":"Set","tag":"Sort"}}},"term":{"pretty":"⊤","thing":{"normalised":{"contents":[{"Left":"Agda.Builtin.Unit.⊤"},[]],"tag":"App"},"original":{"contents":[{"Left":"Agda.Builtin.Unit.⊤"},[]],"tag":"App"},"reduced":{"contents":[{"Left":"Agda.Builtin.Unit.⊤"},[]],"tag":"App"},"simplified":{"contents":[{"Left":"Agda.Builtin.Unit.⊤"},[]],"tag":"App"}}},"namesUsed":["Agda.Builtin.Unit.⊤"]}]}