{"scope":{"item":[{"item":{"pretty":"Set","thing":{"normalised":{"contents":"Set","tag":"Sort"},"original":{"contents":"Set","tag":"Sort"},"reduced":{"contents":"Set","tag":"Sort"},"simplified":{"contents":"Set","tag":"Sort"}}},"name":"Agda.Builtin.Nat.Nat"},{"item":{"pretty":"ℕ","thing":{"normalised":{"contents":[{"Left":"Agda.Builtin.Nat.Nat"},[]],"tag":"App"},"original":{"contents":[{"Left":"Agda.Builtin.Nat.Nat"},[]],"tag":"App"},"reduced":{"contents":[{"Left":"Agda.Builtin.Nat.Nat"},[]],"tag":"App"},"simplified":{"contents":[{"Left":"Agda.Builtin.Nat.Nat"},[]],"tag":"App"}}},"name":"Agda.Builtin.Nat.Nat.zero"},{"item":{"pretty":"{a : Level} → Set a → Set a","thing":{"normalised":{"contents":[{"item":{"contents":[{"Left":"Agda.Primitive.Level"},[]],"tag":"App"},"name":"a"},{"contents":[{"item":{"contents":"Set @0","tag":"Sort"},"name":"A"},{"contents":"Set @0","tag":"Sort"}],"tag":"Pi"}],"tag":"Pi"},"original":{"contents":[{"item":{"contents":[{"Left":"Agda.Primitive.Level"},[]],"tag":"App"},"name":"a"},{"contents":[{"item":{"contents":"Set @0","tag":"Sort"},"name":"A"},{"contents":"Set @0","tag":"Sort"}],"tag":"Pi"}],"tag":"Pi"},"reduced":{"contents":[{"item":{"contents":[{"Left":"Agda.Primitive.Level"},[]],"tag":"App"},"name":"a"},{"contents":[{"item":{"contents":"Set @0","tag":"Sort"},"name":"A"},{"contents":"Set @0","tag":"Sort"}],"tag":"Pi"}],"tag":"Pi"},"simplified":{"contents":[{"item":{"contents":[{"Left":"Agda.Primitive.Level"},[]],"tag":"App"},"name":"a"},{"contents":[{"item":{"contents":"Set @0","tag":"Sort"},"name":"A"},{"contents":"Set @0","tag":"Sort"}],"tag":"Pi"}],"tag":"Pi"}}},"name":"Agda.Builtin.Coinduction.∞"},{"item":{"pretty":"{a : Level} {A : Set a} → A → A → Set a","thing":{"normalised":{"contents":[{"item":{"contents":[{"Left":"Agda.Primitive.Level"},[]],"tag":"App"},"name":"a"},{"contents":[{"item":{"contents":"Set @0","tag":"Sort"},"name":"A"},{"contents":[{"item":{"contents":[{"Right":0},[]],"tag":"App"},"name":"x"},{"contents":[{"item":{"contents":[{"Right":0},[]],"tag":"App"},"name":"_"},{"contents":"Set @1","tag":"Sort"}],"tag":"Pi"}],"tag":"Pi"}],"tag":"Pi"}],"tag":"Pi"},"original":{"contents":[{"item":{"contents":[{"Left":"Agda.Primitive.Level"},[]],"tag":"App"},"name":"a"},{"contents":[{"item":{"contents":"Set @0","tag":"Sort"},"name":"A"},{"contents":[{"item":{"contents":[{"Right":0},[]],"tag":"App"},"name":"x"},{"contents":[{"item":{"contents":[{"Right":0},[]],"tag":"App"},"name":"_"},{"contents":"Set @1","tag":"Sort"}],"tag":"Pi"}],"tag":"Pi"}],"tag":"Pi"}],"tag":"Pi"},"reduced":{"contents":[{"item":{"contents":[{"Left":"Agda.Primitive.Level"},[]],"tag":"App"},"name":"a"},{"contents":[{"item":{"contents":"Set @0","tag":"Sort"},"name":"A"},{"contents":[{"item":{"contents":[{"Right":0},[]],"tag":"App"},"name":"x"},{"contents":[{"item":{"contents":[{"Right":0},[]],"tag":"App"},"name":"_"},{"contents":"Set @1","tag":"Sort"}],"tag":"Pi"}],"tag":"Pi"}],"tag":"Pi"}],"tag":"Pi"},"simplified":{"contents":[{"item":{"contents":[{"Left":"Agda.Primitive.Level"},[]],"tag":"App"},"name":"a"},{"contents":[{"item":{"contents":"Set @0","tag":"Sort"},"name":"A"},{"contents":[{"item":{"contents":[{"Right":0},[]],"tag":"App"},"name":"x"},{"contents":[{"item":{"contents":[{"Right":0},[]],"tag":"App"},"name":"_"},{"contents":"Set @1","tag":"Sort"}],"tag":"Pi"}],"tag":"Pi"}],"tag":"Pi"}],"tag":"Pi"}}},"name":"Agda.Builtin.Equality._≡_"},{"item":{"pretty":"ℕ → ℕ","thing":{"normalised":{"contents":[{"item":{"contents":[{"Left":"Agda.Builtin.Nat.Nat"},[]],"tag":"App"},"name":"n"},{"contents":[{"Left":"Agda.Builtin.Nat.Nat"},[]],"tag":"App"}],"tag":"Pi"},"original":{"contents":[{"item":{"contents":[{"Left":"Agda.Builtin.Nat.Nat"},[]],"tag":"App"},"name":"n"},{"contents":[{"Left":"Agda.Builtin.Nat.Nat"},[]],"tag":"App"}],"tag":"Pi"},"reduced":{"contents":[{"item":{"contents":[{"Left":"Agda.Builtin.Nat.Nat"},[]],"tag":"App"},"name":"n"},{"contents":[{"Left":"Agda.Builtin.Nat.Nat"},[]],"tag":"App"}],"tag":"Pi"},"simplified":{"contents":[{"item":{"contents":[{"Left":"Agda.Builtin.Nat.Nat"},[]],"tag":"App"},"name":"n"},{"contents":[{"Left":"Agda.Builtin.Nat.Nat"},[]],"tag":"App"}],"tag":"Pi"}}},"name":"Agda.Builtin.Nat.Nat.suc"},{"item":{"pretty":"Set","thing":{"normalised":{"contents":"Set","tag":"Sort"},"original":{"contents":"Set","tag":"Sort"},"reduced":{"contents":"Set","tag":"Sort"},"simplified":{"contents":"Set","tag":"Sort"}}},"name":"Agda.Primitive.Level"},{"item":{"pretty":"{a : Level} {A : Set a} → A → ∞ A","thing":{"normalised":{"contents":[{"item":{"contents":[{"Left":"Agda.Primitive.Level"},[]],"tag":"App"},"name":"a"},{"contents":[{"item":{"contents":"Set @0","tag":"Sort"},"name":"A"},{"contents":[{"item":{"contents":[{"Right":0},[]],"tag":"App"},"name":"_"},{"contents":[{"Left":"Agda.Builtin.Coinduction.∞"},[{"contents":[{"Right":1},[]],"tag":"App"},{"contents":[{"Right":0},[]],"tag":"App"}]],"tag":"App"}],"tag":"Pi"}],"tag":"Pi"}],"tag":"Pi"},"original":{"contents":[{"item":{"contents":[{"Left":"Agda.Primitive.Level"},[]],"tag":"App"},"name":"a"},{"contents":[{"item":{"contents":"Set @0","tag":"Sort"},"name":"A"},{"contents":[{"item":{"contents":[{"Right":0},[]],"tag":"App"},"name":"_"},{"contents":[{"Left":"Agda.Builtin.Coinduction.∞"},[{"contents":[{"Right":1},[]],"tag":"App"},{"contents":[{"Right":0},[]],"tag":"App"}]],"tag":"App"}],"tag":"Pi"}],"tag":"Pi"}],"tag":"Pi"},"reduced":{"contents":[{"item":{"contents":[{"Left":"Agda.Primitive.Level"},[]],"tag":"App"},"name":"a"},{"contents":[{"item":{"contents":"Set @0","tag":"Sort"},"name":"A"},{"contents":[{"item":{"contents":[{"Right":0},[]],"tag":"App"},"name":"_"},{"contents":[{"Left":"Agda.Builtin.Coinduction.∞"},[{"contents":[{"Right":1},[]],"tag":"App"},{"contents":[{"Right":0},[]],"tag":"App"}]],"tag":"App"}],"tag":"Pi"}],"tag":"Pi"}],"tag":"Pi"},"simplified":{"contents":[{"item":{"contents":[{"Left":"Agda.Primitive.Level"},[]],"tag":"App"},"name":"a"},{"contents":[{"item":{"contents":"Set @0","tag":"Sort"},"name":"A"},{"contents":[{"item":{"contents":[{"Right":0},[]],"tag":"App"},"name":"_"},{"contents":[{"Left":"Agda.Builtin.Coinduction.∞"},[{"contents":[{"Right":1},[]],"tag":"App"},{"contents":[{"Right":0},[]],"tag":"App"}]],"tag":"App"}],"tag":"Pi"}],"tag":"Pi"}],"tag":"Pi"}}},"name":"Agda.Builtin.Coinduction.♯_"},{"item":{"pretty":"{a : Level} {A : Set a} {x : A} → x ≡ x","thing":{"normalised":{"contents":[{"item":{"contents":[{"Left":"Agda.Primitive.Level"},[]],"tag":"App"},"name":"a"},{"contents":[{"item":{"contents":"Set @0","tag":"Sort"},"name":"A"},{"contents":[{"item":{"contents":[{"Right":0},[]],"tag":"App"},"name":"x"},{"contents":[{"Left":"Agda.Builtin.Equality._≡_"},[{"contents":[{"Right":2},[]],"tag":"App"},{"contents":[{"Right":1},[]],"tag":"App"},{"contents":[{"Right":0},[]],"tag":"App"},{"contents":[{"Right":0},[]],"tag":"App"}]],"tag":"App"}],"tag":"Pi"}],"tag":"Pi"}],"tag":"Pi"},"original":{"contents":[{"item":{"contents":[{"Left":"Agda.Primitive.Level"},[]],"tag":"App"},"name":"a"},{"contents":[{"item":{"contents":"Set @0","tag":"Sort"},"name":"A"},{"contents":[{"item":{"contents":[{"Right":0},[]],"tag":"App"},"name":"x"},{"contents":[{"Left":"Agda.Builtin.Equality._≡_"},[{"contents":[{"Right":2},[]],"tag":"App"},{"contents":[{"Right":1},[]],"tag":"App"},{"contents":[{"Right":0},[]],"tag":"App"},{"contents":[{"Right":0},[]],"tag":"App"}]],"tag":"App"}],"tag":"Pi"}],"tag":"Pi"}],"tag":"Pi"},"reduced":{"contents":[{"item":{"contents":[{"Left":"Agda.Primitive.Level"},[]],"tag":"App"},"name":"a"},{"contents":[{"item":{"contents":"Set @0","tag":"Sort"},"name":"A"},{"contents":[{"item":{"contents":[{"Right":0},[]],"tag":"App"},"name":"x"},{"contents":[{"Left":"Agda.Builtin.Equality._≡_"},[{"contents":[{"Right":2},[]],"tag":"App"},{"contents":[{"Right":1},[]],"tag":"App"},{"contents":[{"Right":0},[]],"tag":"App"},{"contents":[{"Right":0},[]],"tag":"App"}]],"tag":"App"}],"tag":"Pi"}],"tag":"Pi"}],"tag":"Pi"},"simplified":{"contents":[{"item":{"contents":[{"Left":"Agda.Primitive.Level"},[]],"tag":"App"},"name":"a"},{"contents":[{"item":{"contents":"Set @0","tag":"Sort"},"name":"A"},{"contents":[{"item":{"contents":[{"Right":0},[]],"tag":"App"},"name":"x"},{"contents":[{"Left":"Agda.Builtin.Equality._≡_"},[{"contents":[{"Right":2},[]],"tag":"App"},{"contents":[{"Right":1},[]],"tag":"App"},{"contents":[{"Right":0},[]],"tag":"App"},{"contents":[{"Right":0},[]],"tag":"App"}]],"tag":"App"}],"tag":"Pi"}],"tag":"Pi"}],"tag":"Pi"}}},"name":"Agda.Builtin.Equality._≡_.refl"},{"item":{"pretty":"{a : Level} → Set a → Set a","thing":{"normalised":{"contents":[{"item":{"contents":[{"Left":"Agda.Primitive.Level"},[]],"tag":"App"},"name":"a"},{"contents":[{"item":{"contents":"Set @0","tag":"Sort"},"name":"A"},{"contents":"Set @0","tag":"Sort"}],"tag":"Pi"}],"tag":"Pi"},"original":{"contents":[{"item":{"contents":[{"Left":"Agda.Primitive.Level"},[]],"tag":"App"},"name":"a"},{"contents":[{"item":{"contents":"Set @0","tag":"Sort"},"name":"A"},{"contents":"Set @0","tag":"Sort"}],"tag":"Pi"}],"tag":"Pi"},"reduced":{"contents":[{"item":{"contents":[{"Left":"Agda.Primitive.Level"},[]],"tag":"App"},"name":"a"},{"contents":[{"item":{"contents":"Set @0","tag":"Sort"},"name":"A"},{"contents":"Set @0","tag":"Sort"}],"tag":"Pi"}],"tag":"Pi"},"simplified":{"contents":[{"item":{"contents":[{"Left":"Agda.Primitive.Level"},[]],"tag":"App"},"name":"a"},{"contents":[{"item":{"contents":"Set @0","tag":"Sort"},"name":"A"},{"contents":"Set @0","tag":"Sort"}],"tag":"Pi"}],"tag":"Pi"}}},"name":"Codata.Musical.Colist.Base.Colist"},{"item":{"pretty":"{a : Level} {A : Set a} → ∞ A → A","thing":{"normalised":{"contents":[{"item":{"contents":[{"Left":"Agda.Primitive.Level"},[]],"tag":"App"},"name":"a"},{"contents":[{"item":{"contents":"Set @0","tag":"Sort"},"name":"A"},{"contents":[{"item":{"contents":[{"Left":"Agda.Builtin.Coinduction.∞"},[{"contents":[{"Right":1},[]],"tag":"App"},{"contents":[{"Right":0},[]],"tag":"App"}]],"tag":"App"},"name":"_"},{"contents":[{"Right":0},[]],"tag":"App"}],"tag":"Pi"}],"tag":"Pi"}],"tag":"Pi"},"original":{"contents":[{"item":{"contents":[{"Left":"Agda.Primitive.Level"},[]],"tag":"App"},"name":"a"},{"contents":[{"item":{"contents":"Set @0","tag":"Sort"},"name":"A"},{"contents":[{"item":{"contents":[{"Left":"Agda.Builtin.Coinduction.∞"},[{"contents":[{"Right":1},[]],"tag":"App"},{"contents":[{"Right":0},[]],"tag":"App"}]],"tag":"App"},"name":"_"},{"contents":[{"Right":0},[]],"tag":"App"}],"tag":"Pi"}],"tag":"Pi"}],"tag":"Pi"},"reduced":{"contents":[{"item":{"contents":[{"Left":"Agda.Primitive.Level"},[]],"tag":"App"},"name":"a"},{"contents":[{"item":{"contents":"Set @0","tag":"Sort"},"name":"A"},{"contents":[{"item":{"contents":[{"Left":"Agda.Builtin.Coinduction.∞"},[{"contents":[{"Right":1},[]],"tag":"App"},{"contents":[{"Right":0},[]],"tag":"App"}]],"tag":"App"},"name":"_"},{"contents":[{"Right":0},[]],"tag":"App"}],"tag":"Pi"}],"tag":"Pi"}],"tag":"Pi"},"simplified":{"contents":[{"item":{"contents":[{"Left":"Agda.Primitive.Level"},[]],"tag":"App"},"name":"a"},{"contents":[{"item":{"contents":"Set @0","tag":"Sort"},"name":"A"},{"contents":[{"item":{"contents":[{"Left":"Agda.Builtin.Coinduction.∞"},[{"contents":[{"Right":1},[]],"tag":"App"},{"contents":[{"Right":0},[]],"tag":"App"}]],"tag":"App"},"name":"_"},{"contents":[{"Right":0},[]],"tag":"App"}],"tag":"Pi"}],"tag":"Pi"}],"tag":"Pi"}}},"name":"Agda.Builtin.Coinduction.♭"},{"item":{"pretty":"{a : Level} {A : Set a} → Colist A","thing":{"normalised":{"contents":[{"item":{"contents":[{"Left":"Agda.Primitive.Level"},[]],"tag":"App"},"name":"a"},{"contents":[{"item":{"contents":"Set @0","tag":"Sort"},"name":"A"},{"contents":[{"Left":"Codata.Musical.Colist.Base.Colist"},[{"contents":[{"Right":1},[]],"tag":"App"},{"contents":[{"Right":0},[]],"tag":"App"}]],"tag":"App"}],"tag":"Pi"}],"tag":"Pi"},"original":{"contents":[{"item":{"contents":[{"Left":"Agda.Primitive.Level"},[]],"tag":"App"},"name":"a"},{"contents":[{"item":{"contents":"Set @0","tag":"Sort"},"name":"A"},{"contents":[{"Left":"Codata.Musical.Colist.Base.Colist"},[{"contents":[{"Right":1},[]],"tag":"App"},{"contents":[{"Right":0},[]],"tag":"App"}]],"tag":"App"}],"tag":"Pi"}],"tag":"Pi"},"reduced":{"contents":[{"item":{"contents":[{"Left":"Agda.Primitive.Level"},[]],"tag":"App"},"name":"a"},{"contents":[{"item":{"contents":"Set @0","tag":"Sort"},"name":"A"},{"contents":[{"Left":"Codata.Musical.Colist.Base.Colist"},[{"contents":[{"Right":1},[]],"tag":"App"},{"contents":[{"Right":0},[]],"tag":"App"}]],"tag":"App"}],"tag":"Pi"}],"tag":"Pi"},"simplified":{"contents":[{"item":{"contents":[{"Left":"Agda.Primitive.Level"},[]],"tag":"App"},"name":"a"},{"contents":[{"item":{"contents":"Set @0","tag":"Sort"},"name":"A"},{"contents":[{"Left":"Codata.Musical.Colist.Base.Colist"},[{"contents":[{"Right":1},[]],"tag":"App"},{"contents":[{"Right":0},[]],"tag":"App"}]],"tag":"App"}],"tag":"Pi"}],"tag":"Pi"}}},"name":"Codata.Musical.Colist.Base.Colist.[]"},{"item":{"pretty":"{a : Level} → Set a → (ℓ : Level) → Set (a ⊔ Level.suc ℓ)","thing":{"normalised":{"contents":[{"item":{"contents":[{"Left":"Agda.Primitive.Level"},[]],"tag":"App"},"name":"a"},{"contents":[{"item":{"contents":"Set @0","tag":"Sort"},"name":"_"},{"contents":[{"item":{"contents":[{"Left":"Agda.Primitive.Level"},[]],"tag":"App"},"name":"ℓ"},{"contents":"Set (lub @1 (lsuc @0))","tag":"Sort"}],"tag":"Pi"}],"tag":"Pi"}],"tag":"Pi"},"original":{"contents":[{"item":{"contents":[{"Left":"Agda.Primitive.Level"},[]],"tag":"App"},"name":"a"},{"contents":[{"item":{"contents":"Set @0","tag":"Sort"},"name":"_"},{"contents":[{"item":{"contents":[{"Left":"Agda.Primitive.Level"},[]],"tag":"App"},"name":"ℓ"},{"contents":"Set (lub @1 (lsuc @0))","tag":"Sort"}],"tag":"Pi"}],"tag":"Pi"}],"tag":"Pi"},"reduced":{"contents":[{"item":{"contents":[{"Left":"Agda.Primitive.Level"},[]],"tag":"App"},"name":"a"},{"contents":[{"item":{"contents":"Set @0","tag":"Sort"},"name":"_"},{"contents":[{"item":{"contents":[{"Left":"Agda.Primitive.Level"},[]],"tag":"App"},"name":"ℓ"},{"contents":"Set (lub @1 (lsuc @0))","tag":"Sort"}],"tag":"Pi"}],"tag":"Pi"}],"tag":"Pi"},"simplified":{"contents":[{"item":{"contents":[{"Left":"Agda.Primitive.Level"},[]],"tag":"App"},"name":"a"},{"contents":[{"item":{"contents":"Set @0","tag":"Sort"},"name":"_"},{"contents":[{"item":{"contents":[{"Left":"Agda.Primitive.Level"},[]],"tag":"App"},"name":"ℓ"},{"contents":"Set (lub @1 (lsuc @0))","tag":"Sort"}],"tag":"Pi"}],"tag":"Pi"}],"tag":"Pi"}}},"name":"Relation.Unary.Pred"},{"item":{"pretty":"Level → Level → Level","thing":{"normalised":{"contents":[{"item":{"contents":[{"Left":"Agda.Primitive.Level"},[]],"tag":"App"},"name":"ℓ₁"},{"contents":[{"item":{"contents":[{"Left":"Agda.Primitive.Level"},[]],"tag":"App"},"name":"ℓ₂"},{"contents":[{"Left":"Agda.Primitive.Level"},[]],"tag":"App"}],"tag":"Pi"}],"tag":"Pi"},"original":{"contents":[{"item":{"contents":[{"Left":"Agda.Primitive.Level"},[]],"tag":"App"},"name":"ℓ₁"},{"contents":[{"item":{"contents":[{"Left":"Agda.Primitive.Level"},[]],"tag":"App"},"name":"ℓ₂"},{"contents":[{"Left":"Agda.Primitive.Level"},[]],"tag":"App"}],"tag":"Pi"}],"tag":"Pi"},"reduced":{"contents":[{"item":{"contents":[{"Left":"Agda.Primitive.Level"},[]],"tag":"App"},"name":"ℓ₁"},{"contents":[{"item":{"contents":[{"Left":"Agda.Primitive.Level"},[]],"tag":"App"},"name":"ℓ₂"},{"contents":[{"Left":"Agda.Primitive.Level"},[]],"tag":"App"}],"tag":"Pi"}],"tag":"Pi"},"simplified":{"contents":[{"item":{"contents":[{"Left":"Agda.Primitive.Level"},[]],"tag":"App"},"name":"ℓ₁"},{"contents":[{"item":{"contents":[{"Left":"Agda.Primitive.Level"},[]],"tag":"App"},"name":"ℓ₂"},{"contents":[{"Left":"Agda.Primitive.Level"},[]],"tag":"App"}],"tag":"Pi"}],"tag":"Pi"}}},"name":"Agda.Primitive._⊔_"},{"item":{"pretty":"{a : Level} {A : Set a} → A → ∞ (Colist A) → Colist A","thing":{"normalised":{"contents":[{"item":{"contents":[{"Left":"Agda.Primitive.Level"},[]],"tag":"App"},"name":"a"},{"contents":[{"item":{"contents":"Set @0","tag":"Sort"},"name":"A"},{"contents":[{"item":{"contents":[{"Right":0},[]],"tag":"App"},"name":"x"},{"contents":[{"item":{"contents":[{"Left":"Agda.Builtin.Coinduction.∞"},[{"contents":[{"Right":1},[]],"tag":"App"},{"contents":[{"Left":"Codata.Musical.Colist.Base.Colist"},[{"contents":[{"Right":1},[]],"tag":"App"},{"contents":[{"Right":0},[]],"tag":"App"}]],"tag":"App"}]],"tag":"App"},"name":"xs"},{"contents":[{"Left":"Codata.Musical.Colist.Base.Colist"},[{"contents":[{"Right":1},[]],"tag":"App"},{"contents":[{"Right":0},[]],"tag":"App"}]],"tag":"App"}],"tag":"Pi"}],"tag":"Pi"}],"tag":"Pi"}],"tag":"Pi"},"original":{"contents":[{"item":{"contents":[{"Left":"Agda.Primitive.Level"},[]],"tag":"App"},"name":"a"},{"contents":[{"item":{"contents":"Set @0","tag":"Sort"},"name":"A"},{"contents":[{"item":{"contents":[{"Right":0},[]],"tag":"App"},"name":"x"},{"contents":[{"item":{"contents":[{"Left":"Agda.Builtin.Coinduction.∞"},[{"contents":[{"Right":1},[]],"tag":"App"},{"contents":[{"Left":"Codata.Musical.Colist.Base.Colist"},[{"contents":[{"Right":1},[]],"tag":"App"},{"contents":[{"Right":0},[]],"tag":"App"}]],"tag":"App"}]],"tag":"App"},"name":"xs"},{"contents":[{"Left":"Codata.Musical.Colist.Base.Colist"},[{"contents":[{"Right":1},[]],"tag":"App"},{"contents":[{"Right":0},[]],"tag":"App"}]],"tag":"App"}],"tag":"Pi"}],"tag":"Pi"}],"tag":"Pi"}],"tag":"Pi"},"reduced":{"contents":[{"item":{"contents":[{"Left":"Agda.Primitive.Level"},[]],"tag":"App"},"name":"a"},{"contents":[{"item":{"contents":"Set @0","tag":"Sort"},"name":"A"},{"contents":[{"item":{"contents":[{"Right":0},[]],"tag":"App"},"name":"x"},{"contents":[{"item":{"contents":[{"Left":"Agda.Builtin.Coinduction.∞"},[{"contents":[{"Right":1},[]],"tag":"App"},{"contents":[{"Left":"Codata.Musical.Colist.Base.Colist"},[{"contents":[{"Right":1},[]],"tag":"App"},{"contents":[{"Right":0},[]],"tag":"App"}]],"tag":"App"}]],"tag":"App"},"name":"xs"},{"contents":[{"Left":"Codata.Musical.Colist.Base.Colist"},[{"contents":[{"Right":1},[]],"tag":"App"},{"contents":[{"Right":0},[]],"tag":"App"}]],"tag":"App"}],"tag":"Pi"}],"tag":"Pi"}],"tag":"Pi"}],"tag":"Pi"},"simplified":{"contents":[{"item":{"contents":[{"Left":"Agda.Primitive.Level"},[]],"tag":"App"},"name":"a"},{"contents":[{"item":{"contents":"Set @0","tag":"Sort"},"name":"A"},{"contents":[{"item":{"contents":[{"Right":0},[]],"tag":"App"},"name":"x"},{"contents":[{"item":{"contents":[{"Left":"Agda.Builtin.Coinduction.∞"},[{"contents":[{"Right":1},[]],"tag":"App"},{"contents":[{"Left":"Codata.Musical.Colist.Base.Colist"},[{"contents":[{"Right":1},[]],"tag":"App"},{"contents":[{"Right":0},[]],"tag":"App"}]],"tag":"App"}]],"tag":"App"},"name":"xs"},{"contents":[{"Left":"Codata.Musical.Colist.Base.Colist"},[{"contents":[{"Right":1},[]],"tag":"App"},{"contents":[{"Right":0},[]],"tag":"App"}]],"tag":"App"}],"tag":"Pi"}],"tag":"Pi"}],"tag":"Pi"}],"tag":"Pi"}}},"name":"Codata.Musical.Colist.Base.Colist._∷_"},{"item":{"pretty":"{A.a : Level} {A : Set A.a} → Colist A → Agda.Builtin.Bool.Bool","thing":{"normalised":{"contents":[{"item":{"contents":[{"Left":"Agda.Primitive.Level"},[]],"tag":"App"},"name":"A.a"},{"contents":[{"item":{"contents":"Set @0","tag":"Sort"},"name":"A"},{"contents":[{"item":{"contents":[{"Left":"Codata.Musical.Colist.Base.Colist"},[{"contents":[{"Right":1},[]],"tag":"App"},{"contents":[{"Right":0},[]],"tag":"App"}]],"tag":"App"},"name":"_"},{"contents":[{"Left":"Agda.Builtin.Bool.Bool"},[]],"tag":"App"}],"tag":"Pi"}],"tag":"Pi"}],"tag":"Pi"},"original":{"contents":[{"item":{"contents":[{"Left":"Agda.Primitive.Level"},[]],"tag":"App"},"name":"A.a"},{"contents":[{"item":{"contents":"Set @0","tag":"Sort"},"name":"A"},{"contents":[{"item":{"contents":[{"Left":"Codata.Musical.Colist.Base.Colist"},[{"contents":[{"Right":1},[]],"tag":"App"},{"contents":[{"Right":0},[]],"tag":"App"}]],"tag":"App"},"name":"_"},{"contents":[{"Left":"Agda.Builtin.Bool.Bool"},[]],"tag":"App"}],"tag":"Pi"}],"tag":"Pi"}],"tag":"Pi"},"reduced":{"contents":[{"item":{"contents":[{"Left":"Agda.Primitive.Level"},[]],"tag":"App"},"name":"A.a"},{"contents":[{"item":{"contents":"Set @0","tag":"Sort"},"name":"A"},{"contents":[{"item":{"contents":[{"Left":"Codata.Musical.Colist.Base.Colist"},[{"contents":[{"Right":1},[]],"tag":"App"},{"contents":[{"Right":0},[]],"tag":"App"}]],"tag":"App"},"name":"_"},{"contents":[{"Left":"Agda.Builtin.Bool.Bool"},[]],"tag":"App"}],"tag":"Pi"}],"tag":"Pi"}],"tag":"Pi"},"simplified":{"contents":[{"item":{"contents":[{"Left":"Agda.Primitive.Level"},[]],"tag":"App"},"name":"A.a"},{"contents":[{"item":{"contents":"Set @0","tag":"Sort"},"name":"A"},{"contents":[{"item":{"contents":[{"Left":"Codata.Musical.Colist.Base.Colist"},[{"contents":[{"Right":1},[]],"tag":"App"},{"contents":[{"Right":0},[]],"tag":"App"}]],"tag":"App"},"name":"_"},{"contents":[{"Left":"Agda.Builtin.Bool.Bool"},[]],"tag":"App"}],"tag":"Pi"}],"tag":"Pi"}],"tag":"Pi"}}},"name":"Codata.Musical.Colist.Base.null"},{"item":{"pretty":"{a p : Level} {A : Set a} → Pred A p → Colist A → Set (a ⊔ p)","thing":{"normalised":{"contents":[{"item":{"contents":[{"Left":"Agda.Primitive.Level"},[]],"tag":"App"},"name":"a"},{"contents":[{"item":{"contents":[{"Left":"Agda.Primitive.Level"},[]],"tag":"App"},"name":"p"},{"contents":[{"item":{"contents":"Set @1","tag":"Sort"},"name":"A"},{"contents":[{"item":{"contents":[{"item":{"contents":[{"Right":0},[]],"tag":"App"},"name":"_"},{"contents":"Set @1","tag":"Sort"}],"tag":"Pi"},"name":"P"},{"contents":[{"item":{"contents":[{"Left":"Codata.Musical.Colist.Base.Colist"},[{"contents":[{"Right":2},[]],"tag":"App"},{"contents":[{"Right":0},[]],"tag":"App"}]],"tag":"App"},"name":"_"},{"contents":"Set (lub @2 @1)","tag":"Sort"}],"tag":"Pi"}],"tag":"Pi"}],"tag":"Pi"}],"tag":"Pi"}],"tag":"Pi"},"original":{"contents":[{"item":{"contents":[{"Left":"Agda.Primitive.Level"},[]],"tag":"App"},"name":"a"},{"contents":[{"item":{"contents":[{"Left":"Agda.Primitive.Level"},[]],"tag":"App"},"name":"p"},{"contents":[{"item":{"contents":"Set @1","tag":"Sort"},"name":"A"},{"contents":[{"item":{"contents":[{"Left":"Relation.Unary.Pred"},[{"contents":[{"Right":2},[]],"tag":"App"},{"contents":[{"Right":0},[]],"tag":"App"},{"contents":[{"Right":1},[]],"tag":"App"}]],"tag":"App"},"name":"P"},{"contents":[{"item":{"contents":[{"Left":"Codata.Musical.Colist.Base.Colist"},[{"contents":[{"Right":2},[]],"tag":"App"},{"contents":[{"Right":0},[]],"tag":"App"}]],"tag":"App"},"name":"_"},{"contents":"Set (Agda.Primitive._⊔_ @2 @1)","tag":"Sort"}],"tag":"Pi"}],"tag":"Pi"}],"tag":"Pi"}],"tag":"Pi"}],"tag":"Pi"},"reduced":{"contents":[{"item":{"contents":[{"Left":"Agda.Primitive.Level"},[]],"tag":"App"},"name":"a"},{"contents":[{"item":{"contents":[{"Left":"Agda.Primitive.Level"},[]],"tag":"App"},"name":"p"},{"contents":[{"item":{"contents":"Set @1","tag":"Sort"},"name":"A"},{"contents":[{"item":{"contents":[{"Left":"Relation.Unary.Pred"},[{"contents":[{"Right":2},[]],"tag":"App"},{"contents":[{"Right":0},[]],"tag":"App"},{"contents":[{"Right":1},[]],"tag":"App"}]],"tag":"App"},"name":"P"},{"contents":[{"item":{"contents":[{"Left":"Codata.Musical.Colist.Base.Colist"},[{"contents":[{"Right":2},[]],"tag":"App"},{"contents":[{"Right":0},[]],"tag":"App"}]],"tag":"App"},"name":"_"},{"contents":"Set (Agda.Primitive._⊔_ @2 @1)","tag":"Sort"}],"tag":"Pi"}],"tag":"Pi"}],"tag":"Pi"}],"tag":"Pi"}],"tag":"Pi"},"simplified":{"contents":[{"item":{"contents":[{"Left":"Agda.Primitive.Level"},[]],"tag":"App"},"name":"a"},{"contents":[{"item":{"contents":[{"Left":"Agda.Primitive.Level"},[]],"tag":"App"},"name":"p"},{"contents":[{"item":{"contents":"Set @1","tag":"Sort"},"name":"A"},{"contents":[{"item":{"contents":[{"Left":"Relation.Unary.Pred"},[{"contents":[{"Right":2},[]],"tag":"App"},{"contents":[{"Right":0},[]],"tag":"App"},{"contents":[{"Right":1},[]],"tag":"App"}]],"tag":"App"},"name":"P"},{"contents":[{"item":{"contents":[{"Left":"Codata.Musical.Colist.Base.Colist"},[{"contents":[{"Right":2},[]],"tag":"App"},{"contents":[{"Right":0},[]],"tag":"App"}]],"tag":"App"},"name":"_"},{"contents":"Set (lub @2 @1)","tag":"Sort"}],"tag":"Pi"}],"tag":"Pi"}],"tag":"Pi"}],"tag":"Pi"}],"tag":"Pi"}}},"name":"Codata.Musical.Colist.Relation.Unary.Any.Any"},{"item":{"pretty":"{A.a : Level} {A : Set A.a} →\nColist A → Codata.Musical.Conat.Base.Coℕ","thing":{"normalised":{"contents":[{"item":{"contents":[{"Left":"Agda.Primitive.Level"},[]],"tag":"App"},"name":"A.a"},{"contents":[{"item":{"contents":"Set @0","tag":"Sort"},"name":"A"},{"contents":[{"item":{"contents":[{"Left":"Codata.Musical.Colist.Base.Colist"},[{"contents":[{"Right":1},[]],"tag":"App"},{"contents":[{"Right":0},[]],"tag":"App"}]],"tag":"App"},"name":"_"},{"contents":[{"Left":"Codata.Musical.Conat.Base.Coℕ"},[]],"tag":"App"}],"tag":"Pi"}],"tag":"Pi"}],"tag":"Pi"},"original":{"contents":[{"item":{"contents":[{"Left":"Agda.Primitive.Level"},[]],"tag":"App"},"name":"A.a"},{"contents":[{"item":{"contents":"Set @0","tag":"Sort"},"name":"A"},{"contents":[{"item":{"contents":[{"Left":"Codata.Musical.Colist.Base.Colist"},[{"contents":[{"Right":1},[]],"tag":"App"},{"contents":[{"Right":0},[]],"tag":"App"}]],"tag":"App"},"name":"_"},{"contents":[{"Left":"Codata.Musical.Conat.Base.Coℕ"},[]],"tag":"App"}],"tag":"Pi"}],"tag":"Pi"}],"tag":"Pi"},"reduced":{"contents":[{"item":{"contents":[{"Left":"Agda.Primitive.Level"},[]],"tag":"App"},"name":"A.a"},{"contents":[{"item":{"contents":"Set @0","tag":"Sort"},"name":"A"},{"contents":[{"item":{"contents":[{"Left":"Codata.Musical.Colist.Base.Colist"},[{"contents":[{"Right":1},[]],"tag":"App"},{"contents":[{"Right":0},[]],"tag":"App"}]],"tag":"App"},"name":"_"},{"contents":[{"Left":"Codata.Musical.Conat.Base.Coℕ"},[]],"tag":"App"}],"tag":"Pi"}],"tag":"Pi"}],"tag":"Pi"},"simplified":{"contents":[{"item":{"contents":[{"Left":"Agda.Primitive.Level"},[]],"tag":"App"},"name":"A.a"},{"contents":[{"item":{"contents":"Set @0","tag":"Sort"},"name":"A"},{"contents":[{"item":{"contents":[{"Left":"Codata.Musical.Colist.Base.Colist"},[{"contents":[{"Right":1},[]],"tag":"App"},{"contents":[{"Right":0},[]],"tag":"App"}]],"tag":"App"},"name":"_"},{"contents":[{"Left":"Codata.Musical.Conat.Base.Coℕ"},[]],"tag":"App"}],"tag":"Pi"}],"tag":"Pi"}],"tag":"Pi"}}},"name":"Codata.Musical.Colist.Base.length"},{"item":{"pretty":"{A.a : Level} {A : Set A.a} {B.b : Level} {B : Set B.b} →\n(A → B) → Colist A → Colist B","thing":{"normalised":{"contents":[{"item":{"contents":[{"Left":"Agda.Primitive.Level"},[]],"tag":"App"},"name":"A.a"},{"contents":[{"item":{"contents":"Set @0","tag":"Sort"},"name":"A"},{"contents":[{"item":{"contents":[{"Left":"Agda.Primitive.Level"},[]],"tag":"App"},"name":"B.b"},{"contents":[{"item":{"contents":"Set @0","tag":"Sort"},"name":"B"},{"contents":[{"item":{"contents":[{"item":{"contents":[{"Right":2},[]],"tag":"App"},"name":"_"},{"contents":[{"Right":0},[]],"tag":"App"}],"tag":"Pi"},"name":"_"},{"contents":[{"item":{"contents":[{"Left":"Codata.Musical.Colist.Base.Colist"},[{"contents":[{"Right":3},[]],"tag":"App"},{"contents":[{"Right":2},[]],"tag":"App"}]],"tag":"App"},"name":"_"},{"contents":[{"Left":"Codata.Musical.Colist.Base.Colist"},[{"contents":[{"Right":1},[]],"tag":"App"},{"contents":[{"Right":0},[]],"tag":"App"}]],"tag":"App"}],"tag":"Pi"}],"tag":"Pi"}],"tag":"Pi"}],"tag":"Pi"}],"tag":"Pi"}],"tag":"Pi"},"original":{"contents":[{"item":{"contents":[{"Left":"Agda.Primitive.Level"},[]],"tag":"App"},"name":"A.a"},{"contents":[{"item":{"contents":"Set @0","tag":"Sort"},"name":"A"},{"contents":[{"item":{"contents":[{"Left":"Agda.Primitive.Level"},[]],"tag":"App"},"name":"B.b"},{"contents":[{"item":{"contents":"Set @0","tag":"Sort"},"name":"B"},{"contents":[{"item":{"contents":[{"item":{"contents":[{"Right":2},[]],"tag":"App"},"name":"_"},{"contents":[{"Right":0},[]],"tag":"App"}],"tag":"Pi"},"name":"_"},{"contents":[{"item":{"contents":[{"Left":"Codata.Musical.Colist.Base.Colist"},[{"contents":[{"Right":3},[]],"tag":"App"},{"contents":[{"Right":2},[]],"tag":"App"}]],"tag":"App"},"name":"_"},{"contents":[{"Left":"Codata.Musical.Colist.Base.Colist"},[{"contents":[{"Right":1},[]],"tag":"App"},{"contents":[{"Right":0},[]],"tag":"App"}]],"tag":"App"}],"tag":"Pi"}],"tag":"Pi"}],"tag":"Pi"}],"tag":"Pi"}],"tag":"Pi"}],"tag":"Pi"},"reduced":{"contents":[{"item":{"contents":[{"Left":"Agda.Primitive.Level"},[]],"tag":"App"},"name":"A.a"},{"contents":[{"item":{"contents":"Set @0","tag":"Sort"},"name":"A"},{"contents":[{"item":{"contents":[{"Left":"Agda.Primitive.Level"},[]],"tag":"App"},"name":"B.b"},{"contents":[{"item":{"contents":"Set @0","tag":"Sort"},"name":"B"},{"contents":[{"item":{"contents":[{"item":{"contents":[{"Right":2},[]],"tag":"App"},"name":"_"},{"contents":[{"Right":0},[]],"tag":"App"}],"tag":"Pi"},"name":"_"},{"contents":[{"item":{"contents":[{"Left":"Codata.Musical.Colist.Base.Colist"},[{"contents":[{"Right":3},[]],"tag":"App"},{"contents":[{"Right":2},[]],"tag":"App"}]],"tag":"App"},"name":"_"},{"contents":[{"Left":"Codata.Musical.Colist.Base.Colist"},[{"contents":[{"Right":1},[]],"tag":"App"},{"contents":[{"Right":0},[]],"tag":"App"}]],"tag":"App"}],"tag":"Pi"}],"tag":"Pi"}],"tag":"Pi"}],"tag":"Pi"}],"tag":"Pi"}],"tag":"Pi"},"simplified":{"contents":[{"item":{"contents":[{"Left":"Agda.Primitive.Level"},[]],"tag":"App"},"name":"A.a"},{"contents":[{"item":{"contents":"Set @0","tag":"Sort"},"name":"A"},{"contents":[{"item":{"contents":[{"Left":"Agda.Primitive.Level"},[]],"tag":"App"},"name":"B.b"},{"contents":[{"item":{"contents":"Set @0","tag":"Sort"},"name":"B"},{"contents":[{"item":{"contents":[{"item":{"contents":[{"Right":2},[]],"tag":"App"},"name":"_"},{"contents":[{"Right":0},[]],"tag":"App"}],"tag":"Pi"},"name":"_"},{"contents":[{"item":{"contents":[{"Left":"Codata.Musical.Colist.Base.Colist"},[{"contents":[{"Right":3},[]],"tag":"App"},{"contents":[{"Right":2},[]],"tag":"App"}]],"tag":"App"},"name":"_"},{"contents":[{"Left":"Codata.Musical.Colist.Base.Colist"},[{"contents":[{"Right":1},[]],"tag":"App"},{"contents":[{"Right":0},[]],"tag":"App"}]],"tag":"App"}],"tag":"Pi"}],"tag":"Pi"}],"tag":"Pi"}],"tag":"Pi"}],"tag":"Pi"}],"tag":"Pi"}}},"name":"Codata.Musical.Colist.Base.map"},{"item":{"pretty":"{a p : Level} {A : Set a} {P : Pred A p} {x : A}\n{xs : ∞ (Colist A)} →\nP x → Any P (x ∷ xs)","thing":{"normalised":{"contents":[{"item":{"contents":[{"Left":"Agda.Primitive.Level"},[]],"tag":"App"},"name":"a"},{"contents":[{"item":{"contents":[{"Left":"Agda.Primitive.Level"},[]],"tag":"App"},"name":"p"},{"contents":[{"item":{"contents":"Set @1","tag":"Sort"},"name":"A"},{"contents":[{"item":{"contents":[{"item":{"contents":[{"Right":0},[]],"tag":"App"},"name":"_"},{"contents":"Set @1","tag":"Sort"}],"tag":"Pi"},"name":"P"},{"contents":[{"item":{"contents":[{"Right":1},[]],"tag":"App"},"name":"x"},{"contents":[{"item":{"contents":[{"Left":"Agda.Builtin.Coinduction.∞"},[{"contents":[{"Right":4},[]],"tag":"App"},{"contents":[{"Left":"Codata.Musical.Colist.Base.Colist"},[{"contents":[{"Right":4},[]],"tag":"App"},{"contents":[{"Right":2},[]],"tag":"App"}]],"tag":"App"}]],"tag":"App"},"name":"xs"},{"contents":[{"item":{"contents":[{"Right":2},[{"contents":[{"Right":1},[]],"tag":"App"}]],"tag":"App"},"name":"px"},{"contents":[{"Left":"Codata.Musical.Colist.Relation.Unary.Any.Any"},[{"contents":[{"Right":5},[]],"tag":"App"},{"contents":[{"Right":4},[]],"tag":"App"},{"contents":[{"Right":3},[]],"tag":"App"},{"contents":[{"Right":2},[]],"tag":"App"},{"contents":[{"Left":"Codata.Musical.Colist.Base.Colist._∷_"},[{"contents":[{"Right":1},[]],"tag":"App"},{"contents":[{"Right":0},[]],"tag":"App"}]],"tag":"App"}]],"tag":"App"}],"tag":"Pi"}],"tag":"Pi"}],"tag":"Pi"}],"tag":"Pi"}],"tag":"Pi"}],"tag":"Pi"}],"tag":"Pi"},"original":{"contents":[{"item":{"contents":[{"Left":"Agda.Primitive.Level"},[]],"tag":"App"},"name":"a"},{"contents":[{"item":{"contents":[{"Left":"Agda.Primitive.Level"},[]],"tag":"App"},"name":"p"},{"contents":[{"item":{"contents":"Set @1","tag":"Sort"},"name":"A"},{"contents":[{"item":{"contents":[{"Left":"Relation.Unary.Pred"},[{"contents":[{"Right":2},[]],"tag":"App"},{"contents":[{"Right":0},[]],"tag":"App"},{"contents":[{"Right":1},[]],"tag":"App"}]],"tag":"App"},"name":"P"},{"contents":[{"item":{"contents":[{"Right":1},[]],"tag":"App"},"name":"x"},{"contents":[{"item":{"contents":[{"Left":"Agda.Builtin.Coinduction.∞"},[{"contents":[{"Right":4},[]],"tag":"App"},{"contents":[{"Left":"Codata.Musical.Colist.Base.Colist"},[{"contents":[{"Right":4},[]],"tag":"App"},{"contents":[{"Right":2},[]],"tag":"App"}]],"tag":"App"}]],"tag":"App"},"name":"xs"},{"contents":[{"item":{"contents":[{"Right":2},[{"contents":[{"Right":1},[]],"tag":"App"}]],"tag":"App"},"name":"px"},{"contents":[{"Left":"Codata.Musical.Colist.Relation.Unary.Any.Any"},[{"contents":[{"Right":5},[]],"tag":"App"},{"contents":[{"Right":4},[]],"tag":"App"},{"contents":[{"Right":3},[]],"tag":"App"},{"contents":[{"Right":2},[]],"tag":"App"},{"contents":[{"Left":"Codata.Musical.Colist.Base.Colist._∷_"},[{"contents":[{"Right":1},[]],"tag":"App"},{"contents":[{"Right":0},[]],"tag":"App"}]],"tag":"App"}]],"tag":"App"}],"tag":"Pi"}],"tag":"Pi"}],"tag":"Pi"}],"tag":"Pi"}],"tag":"Pi"}],"tag":"Pi"}],"tag":"Pi"},"reduced":{"contents":[{"item":{"contents":[{"Left":"Agda.Primitive.Level"},[]],"tag":"App"},"name":"a"},{"contents":[{"item":{"contents":[{"Left":"Agda.Primitive.Level"},[]],"tag":"App"},"name":"p"},{"contents":[{"item":{"contents":"Set @1","tag":"Sort"},"name":"A"},{"contents":[{"item":{"contents":[{"Left":"Relation.Unary.Pred"},[{"contents":[{"Right":2},[]],"tag":"App"},{"contents":[{"Right":0},[]],"tag":"App"},{"contents":[{"Right":1},[]],"tag":"App"}]],"tag":"App"},"name":"P"},{"contents":[{"item":{"contents":[{"Right":1},[]],"tag":"App"},"name":"x"},{"contents":[{"item":{"contents":[{"Left":"Agda.Builtin.Coinduction.∞"},[{"contents":[{"Right":4},[]],"tag":"App"},{"contents":[{"Left":"Codata.Musical.Colist.Base.Colist"},[{"contents":[{"Right":4},[]],"tag":"App"},{"contents":[{"Right":2},[]],"tag":"App"}]],"tag":"App"}]],"tag":"App"},"name":"xs"},{"contents":[{"item":{"contents":[{"Right":2},[{"contents":[{"Right":1},[]],"tag":"App"}]],"tag":"App"},"name":"px"},{"contents":[{"Left":"Codata.Musical.Colist.Relation.Unary.Any.Any"},[{"contents":[{"Right":5},[]],"tag":"App"},{"contents":[{"Right":4},[]],"tag":"App"},{"contents":[{"Right":3},[]],"tag":"App"},{"contents":[{"Right":2},[]],"tag":"App"},{"contents":[{"Left":"Codata.Musical.Colist.Base.Colist._∷_"},[{"contents":[{"Right":1},[]],"tag":"App"},{"contents":[{"Right":0},[]],"tag":"App"}]],"tag":"App"}]],"tag":"App"}],"tag":"Pi"}],"tag":"Pi"}],"tag":"Pi"}],"tag":"Pi"}],"tag":"Pi"}],"tag":"Pi"}],"tag":"Pi"},"simplified":{"contents":[{"item":{"contents":[{"Left":"Agda.Primitive.Level"},[]],"tag":"App"},"name":"a"},{"contents":[{"item":{"contents":[{"Left":"Agda.Primitive.Level"},[]],"tag":"App"},"name":"p"},{"contents":[{"item":{"contents":"Set @1","tag":"Sort"},"name":"A"},{"contents":[{"item":{"contents":[{"Left":"Relation.Unary.Pred"},[{"contents":[{"Right":2},[]],"tag":"App"},{"contents":[{"Right":0},[]],"tag":"App"},{"contents":[{"Right":1},[]],"tag":"App"}]],"tag":"App"},"name":"P"},{"contents":[{"item":{"contents":[{"Right":1},[]],"tag":"App"},"name":"x"},{"contents":[{"item":{"contents":[{"Left":"Agda.Builtin.Coinduction.∞"},[{"contents":[{"Right":4},[]],"tag":"App"},{"contents":[{"Left":"Codata.Musical.Colist.Base.Colist"},[{"contents":[{"Right":4},[]],"tag":"App"},{"contents":[{"Right":2},[]],"tag":"App"}]],"tag":"App"}]],"tag":"App"},"name":"xs"},{"contents":[{"item":{"contents":[{"Right":2},[{"contents":[{"Right":1},[]],"tag":"App"}]],"tag":"App"},"name":"px"},{"contents":[{"Left":"Codata.Musical.Colist.Relation.Unary.Any.Any"},[{"contents":[{"Right":5},[]],"tag":"App"},{"contents":[{"Right":4},[]],"tag":"App"},{"contents":[{"Right":3},[]],"tag":"App"},{"contents":[{"Right":2},[]],"tag":"App"},{"contents":[{"Left":"Codata.Musical.Colist.Base.Colist._∷_"},[{"contents":[{"Right":1},[]],"tag":"App"},{"contents":[{"Right":0},[]],"tag":"App"}]],"tag":"App"}]],"tag":"App"}],"tag":"Pi"}],"tag":"Pi"}],"tag":"Pi"}],"tag":"Pi"}],"tag":"Pi"}],"tag":"Pi"}],"tag":"Pi"}}},"name":"Codata.Musical.Colist.Relation.Unary.Any.Any.here"},{"item":{"pretty":"{A.a : Level} {A : Set A.a} → Agda.Builtin.List.List A → Colist A","thing":{"normalised":{"contents":[{"item":{"contents":[{"Left":"Agda.Primitive.Level"},[]],"tag":"App"},"name":"A.a"},{"contents":[{"item":{"contents":"Set @0","tag":"Sort"},"name":"A"},{"contents":[{"item":{"contents":[{"Left":"Agda.Builtin.List.List"},[{"contents":[{"Right":1},[]],"tag":"App"},{"contents":[{"Right":0},[]],"tag":"App"}]],"tag":"App"},"name":"_"},{"contents":[{"Left":"Codata.Musical.Colist.Base.Colist"},[{"contents":[{"Right":1},[]],"tag":"App"},{"contents":[{"Right":0},[]],"tag":"App"}]],"tag":"App"}],"tag":"Pi"}],"tag":"Pi"}],"tag":"Pi"},"original":{"contents":[{"item":{"contents":[{"Left":"Agda.Primitive.Level"},[]],"tag":"App"},"name":"A.a"},{"contents":[{"item":{"contents":"Set @0","tag":"Sort"},"name":"A"},{"contents":[{"item":{"contents":[{"Left":"Agda.Builtin.List.List"},[{"contents":[{"Right":1},[]],"tag":"App"},{"contents":[{"Right":0},[]],"tag":"App"}]],"tag":"App"},"name":"_"},{"contents":[{"Left":"Codata.Musical.Colist.Base.Colist"},[{"contents":[{"Right":1},[]],"tag":"App"},{"contents":[{"Right":0},[]],"tag":"App"}]],"tag":"App"}],"tag":"Pi"}],"tag":"Pi"}],"tag":"Pi"},"reduced":{"contents":[{"item":{"contents":[{"Left":"Agda.Primitive.Level"},[]],"tag":"App"},"name":"A.a"},{"contents":[{"item":{"contents":"Set @0","tag":"Sort"},"name":"A"},{"contents":[{"item":{"contents":[{"Left":"Agda.Builtin.List.List"},[{"contents":[{"Right":1},[]],"tag":"App"},{"contents":[{"Right":0},[]],"tag":"App"}]],"tag":"App"},"name":"_"},{"contents":[{"Left":"Codata.Musical.Colist.Base.Colist"},[{"contents":[{"Right":1},[]],"tag":"App"},{"contents":[{"Right":0},[]],"tag":"App"}]],"tag":"App"}],"tag":"Pi"}],"tag":"Pi"}],"tag":"Pi"},"simplified":{"contents":[{"item":{"contents":[{"Left":"Agda.Primitive.Level"},[]],"tag":"App"},"name":"A.a"},{"contents":[{"item":{"contents":"Set @0","tag":"Sort"},"name":"A"},{"contents":[{"item":{"contents":[{"Left":"Agda.Builtin.List.List"},[{"contents":[{"Right":1},[]],"tag":"App"},{"contents":[{"Right":0},[]],"tag":"App"}]],"tag":"App"},"name":"_"},{"contents":[{"Left":"Codata.Musical.Colist.Base.Colist"},[{"contents":[{"Right":1},[]],"tag":"App"},{"contents":[{"Right":0},[]],"tag":"App"}]],"tag":"App"}],"tag":"Pi"}],"tag":"Pi"}],"tag":"Pi"}}},"name":"Codata.Musical.Colist.Base.fromList"},{"item":{"pretty":"{a p : Level} {A : Set a} {P : Pred A p} {x : A}\n{xs : ∞ (Colist A)} →\nAny P (♭ xs) → Any P (x ∷ xs)","thing":{"normalised":{"contents":[{"item":{"contents":[{"Left":"Agda.Primitive.Level"},[]],"tag":"App"},"name":"a"},{"contents":[{"item":{"contents":[{"Left":"Agda.Primitive.Level"},[]],"tag":"App"},"name":"p"},{"contents":[{"item":{"contents":"Set @1","tag":"Sort"},"name":"A"},{"contents":[{"item":{"contents":[{"item":{"contents":[{"Right":0},[]],"tag":"App"},"name":"_"},{"contents":"Set @1","tag":"Sort"}],"tag":"Pi"},"name":"P"},{"contents":[{"item":{"contents":[{"Right":1},[]],"tag":"App"},"name":"x"},{"contents":[{"item":{"contents":[{"Left":"Agda.Builtin.Coinduction.∞"},[{"contents":[{"Right":4},[]],"tag":"App"},{"contents":[{"Left":"Codata.Musical.Colist.Base.Colist"},[{"contents":[{"Right":4},[]],"tag":"App"},{"contents":[{"Right":2},[]],"tag":"App"}]],"tag":"App"}]],"tag":"App"},"name":"xs"},{"contents":[{"item":{"contents":[{"Left":"Codata.Musical.Colist.Relation.Unary.Any.Any"},[{"contents":[{"Right":5},[]],"tag":"App"},{"contents":[{"Right":4},[]],"tag":"App"},{"contents":[{"Right":3},[]],"tag":"App"},{"contents":[{"Right":2},[]],"tag":"App"},{"contents":[{"Right":0},[{"contents":[{"Left":"Agda.Builtin.Coinduction.♭"},[]],"tag":"App"}]],"tag":"App"}]],"tag":"App"},"name":"pxs"},{"contents":[{"Left":"Codata.Musical.Colist.Relation.Unary.Any.Any"},[{"contents":[{"Right":5},[]],"tag":"App"},{"contents":[{"Right":4},[]],"tag":"App"},{"contents":[{"Right":3},[]],"tag":"App"},{"contents":[{"Right":2},[]],"tag":"App"},{"contents":[{"Left":"Codata.Musical.Colist.Base.Colist._∷_"},[{"contents":[{"Right":1},[]],"tag":"App"},{"contents":[{"Right":0},[]],"tag":"App"}]],"tag":"App"}]],"tag":"App"}],"tag":"Pi"}],"tag":"Pi"}],"tag":"Pi"}],"tag":"Pi"}],"tag":"Pi"}],"tag":"Pi"}],"tag":"Pi"},"original":{"contents":[{"item":{"contents":[{"Left":"Agda.Primitive.Level"},[]],"tag":"App"},"name":"a"},{"contents":[{"item":{"contents":[{"Left":"Agda.Primitive.Level"},[]],"tag":"App"},"name":"p"},{"contents":[{"item":{"contents":"Set @1","tag":"Sort"},"name":"A"},{"contents":[{"item":{"contents":[{"Left":"Relation.Unary.Pred"},[{"contents":[{"Right":2},[]],"tag":"App"},{"contents":[{"Right":0},[]],"tag":"App"},{"contents":[{"Right":1},[]],"tag":"App"}]],"tag":"App"},"name":"P"},{"contents":[{"item":{"contents":[{"Right":1},[]],"tag":"App"},"name":"x"},{"contents":[{"item":{"contents":[{"Left":"Agda.Builtin.Coinduction.∞"},[{"contents":[{"Right":4},[]],"tag":"App"},{"contents":[{"Left":"Codata.Musical.Colist.Base.Colist"},[{"contents":[{"Right":4},[]],"tag":"App"},{"contents":[{"Right":2},[]],"tag":"App"}]],"tag":"App"}]],"tag":"App"},"name":"xs"},{"contents":[{"item":{"contents":[{"Left":"Codata.Musical.Colist.Relation.Unary.Any.Any"},[{"contents":[{"Right":5},[]],"tag":"App"},{"contents":[{"Right":4},[]],"tag":"App"},{"contents":[{"Right":3},[]],"tag":"App"},{"contents":[{"Right":2},[]],"tag":"App"},{"contents":[{"Right":0},[{"contents":[{"Left":"Agda.Builtin.Coinduction.♭"},[]],"tag":"App"}]],"tag":"App"}]],"tag":"App"},"name":"pxs"},{"contents":[{"Left":"Codata.Musical.Colist.Relation.Unary.Any.Any"},[{"contents":[{"Right":5},[]],"tag":"App"},{"contents":[{"Right":4},[]],"tag":"App"},{"contents":[{"Right":3},[]],"tag":"App"},{"contents":[{"Right":2},[]],"tag":"App"},{"contents":[{"Left":"Codata.Musical.Colist.Base.Colist._∷_"},[{"contents":[{"Right":1},[]],"tag":"App"},{"contents":[{"Right":0},[]],"tag":"App"}]],"tag":"App"}]],"tag":"App"}],"tag":"Pi"}],"tag":"Pi"}],"tag":"Pi"}],"tag":"Pi"}],"tag":"Pi"}],"tag":"Pi"}],"tag":"Pi"},"reduced":{"contents":[{"item":{"contents":[{"Left":"Agda.Primitive.Level"},[]],"tag":"App"},"name":"a"},{"contents":[{"item":{"contents":[{"Left":"Agda.Primitive.Level"},[]],"tag":"App"},"name":"p"},{"contents":[{"item":{"contents":"Set @1","tag":"Sort"},"name":"A"},{"contents":[{"item":{"contents":[{"Left":"Relation.Unary.Pred"},[{"contents":[{"Right":2},[]],"tag":"App"},{"contents":[{"Right":0},[]],"tag":"App"},{"contents":[{"Right":1},[]],"tag":"App"}]],"tag":"App"},"name":"P"},{"contents":[{"item":{"contents":[{"Right":1},[]],"tag":"App"},"name":"x"},{"contents":[{"item":{"contents":[{"Left":"Agda.Builtin.Coinduction.∞"},[{"contents":[{"Right":4},[]],"tag":"App"},{"contents":[{"Left":"Codata.Musical.Colist.Base.Colist"},[{"contents":[{"Right":4},[]],"tag":"App"},{"contents":[{"Right":2},[]],"tag":"App"}]],"tag":"App"}]],"tag":"App"},"name":"xs"},{"contents":[{"item":{"contents":[{"Left":"Codata.Musical.Colist.Relation.Unary.Any.Any"},[{"contents":[{"Right":5},[]],"tag":"App"},{"contents":[{"Right":4},[]],"tag":"App"},{"contents":[{"Right":3},[]],"tag":"App"},{"contents":[{"Right":2},[]],"tag":"App"},{"contents":[{"Right":0},[{"contents":[{"Left":"Agda.Builtin.Coinduction.♭"},[]],"tag":"App"}]],"tag":"App"}]],"tag":"App"},"name":"pxs"},{"contents":[{"Left":"Codata.Musical.Colist.Relation.Unary.Any.Any"},[{"contents":[{"Right":5},[]],"tag":"App"},{"contents":[{"Right":4},[]],"tag":"App"},{"contents":[{"Right":3},[]],"tag":"App"},{"contents":[{"Right":2},[]],"tag":"App"},{"contents":[{"Left":"Codata.Musical.Colist.Base.Colist._∷_"},[{"contents":[{"Right":1},[]],"tag":"App"},{"contents":[{"Right":0},[]],"tag":"App"}]],"tag":"App"}]],"tag":"App"}],"tag":"Pi"}],"tag":"Pi"}],"tag":"Pi"}],"tag":"Pi"}],"tag":"Pi"}],"tag":"Pi"}],"tag":"Pi"},"simplified":{"contents":[{"item":{"contents":[{"Left":"Agda.Primitive.Level"},[]],"tag":"App"},"name":"a"},{"contents":[{"item":{"contents":[{"Left":"Agda.Primitive.Level"},[]],"tag":"App"},"name":"p"},{"contents":[{"item":{"contents":"Set @1","tag":"Sort"},"name":"A"},{"contents":[{"item":{"contents":[{"Left":"Relation.Unary.Pred"},[{"contents":[{"Right":2},[]],"tag":"App"},{"contents":[{"Right":0},[]],"tag":"App"},{"contents":[{"Right":1},[]],"tag":"App"}]],"tag":"App"},"name":"P"},{"contents":[{"item":{"contents":[{"Right":1},[]],"tag":"App"},"name":"x"},{"contents":[{"item":{"contents":[{"Left":"Agda.Builtin.Coinduction.∞"},[{"contents":[{"Right":4},[]],"tag":"App"},{"contents":[{"Left":"Codata.Musical.Colist.Base.Colist"},[{"contents":[{"Right":4},[]],"tag":"App"},{"contents":[{"Right":2},[]],"tag":"App"}]],"tag":"App"}]],"tag":"App"},"name":"xs"},{"contents":[{"item":{"contents":[{"Left":"Codata.Musical.Colist.Relation.Unary.Any.Any"},[{"contents":[{"Right":5},[]],"tag":"App"},{"contents":[{"Right":4},[]],"tag":"App"},{"contents":[{"Right":3},[]],"tag":"App"},{"contents":[{"Right":2},[]],"tag":"App"},{"contents":[{"Right":0},[{"contents":[{"Left":"Agda.Builtin.Coinduction.♭"},[]],"tag":"App"}]],"tag":"App"}]],"tag":"App"},"name":"pxs"},{"contents":[{"Left":"Codata.Musical.Colist.Relation.Unary.Any.Any"},[{"contents":[{"Right":5},[]],"tag":"App"},{"contents":[{"Right":4},[]],"tag":"App"},{"contents":[{"Right":3},[]],"tag":"App"},{"contents":[{"Right":2},[]],"tag":"App"},{"contents":[{"Left":"Codata.Musical.Colist.Base.Colist._∷_"},[{"contents":[{"Right":1},[]],"tag":"App"},{"contents":[{"Right":0},[]],"tag":"App"}]],"tag":"App"}]],"tag":"App"}],"tag":"Pi"}],"tag":"Pi"}],"tag":"Pi"}],"tag":"Pi"}],"tag":"Pi"}],"tag":"Pi"}],"tag":"Pi"}}},"name":"Codata.Musical.Colist.Relation.Unary.Any.Any.there"},{"item":{"pretty":"{A.a : Level} {A : Set A.a} →\nCodata.Musical.Conat.Base.Coℕ → A → Colist A","thing":{"normalised":{"contents":[{"item":{"contents":[{"Left":"Agda.Primitive.Level"},[]],"tag":"App"},"name":"A.a"},{"contents":[{"item":{"contents":"Set @0","tag":"Sort"},"name":"A"},{"contents":[{"item":{"contents":[{"Left":"Codata.Musical.Conat.Base.Coℕ"},[]],"tag":"App"},"name":"_"},{"contents":[{"item":{"contents":[{"Right":0},[]],"tag":"App"},"name":"_"},{"contents":[{"Left":"Codata.Musical.Colist.Base.Colist"},[{"contents":[{"Right":1},[]],"tag":"App"},{"contents":[{"Right":0},[]],"tag":"App"}]],"tag":"App"}],"tag":"Pi"}],"tag":"Pi"}],"tag":"Pi"}],"tag":"Pi"},"original":{"contents":[{"item":{"contents":[{"Left":"Agda.Primitive.Level"},[]],"tag":"App"},"name":"A.a"},{"contents":[{"item":{"contents":"Set @0","tag":"Sort"},"name":"A"},{"contents":[{"item":{"contents":[{"Left":"Codata.Musical.Conat.Base.Coℕ"},[]],"tag":"App"},"name":"_"},{"contents":[{"item":{"contents":[{"Right":0},[]],"tag":"App"},"name":"_"},{"contents":[{"Left":"Codata.Musical.Colist.Base.Colist"},[{"contents":[{"Right":1},[]],"tag":"App"},{"contents":[{"Right":0},[]],"tag":"App"}]],"tag":"App"}],"tag":"Pi"}],"tag":"Pi"}],"tag":"Pi"}],"tag":"Pi"},"reduced":{"contents":[{"item":{"contents":[{"Left":"Agda.Primitive.Level"},[]],"tag":"App"},"name":"A.a"},{"contents":[{"item":{"contents":"Set @0","tag":"Sort"},"name":"A"},{"contents":[{"item":{"contents":[{"Left":"Codata.Musical.Conat.Base.Coℕ"},[]],"tag":"App"},"name":"_"},{"contents":[{"item":{"contents":[{"Right":0},[]],"tag":"App"},"name":"_"},{"contents":[{"Left":"Codata.Musical.Colist.Base.Colist"},[{"contents":[{"Right":1},[]],"tag":"App"},{"contents":[{"Right":0},[]],"tag":"App"}]],"tag":"App"}],"tag":"Pi"}],"tag":"Pi"}],"tag":"Pi"}],"tag":"Pi"},"simplified":{"contents":[{"item":{"contents":[{"Left":"Agda.Primitive.Level"},[]],"tag":"App"},"name":"A.a"},{"contents":[{"item":{"contents":"Set @0","tag":"Sort"},"name":"A"},{"contents":[{"item":{"contents":[{"Left":"Codata.Musical.Conat.Base.Coℕ"},[]],"tag":"App"},"name":"_"},{"contents":[{"item":{"contents":[{"Right":0},[]],"tag":"App"},"name":"_"},{"contents":[{"Left":"Codata.Musical.Colist.Base.Colist"},[{"contents":[{"Right":1},[]],"tag":"App"},{"contents":[{"Right":0},[]],"tag":"App"}]],"tag":"App"}],"tag":"Pi"}],"tag":"Pi"}],"tag":"Pi"}],"tag":"Pi"}}},"name":"Codata.Musical.Colist.Base.replicate"},{"item":{"pretty":"{P.a : Level} {P.A : Set P.a} {P.p : Level} {P : Pred P.A P.p}\n{xs : Colist P.A} →\nAny P xs → ℕ","thing":{"normalised":{"contents":[{"item":{"contents":[{"Left":"Agda.Primitive.Level"},[]],"tag":"App"},"name":"P.a"},{"contents":[{"item":{"contents":"Set @0","tag":"Sort"},"name":"P.A"},{"contents":[{"item":{"contents":[{"Left":"Agda.Primitive.Level"},[]],"tag":"App"},"name":"P.p"},{"contents":[{"item":{"contents":[{"item":{"contents":[{"Right":1},[]],"tag":"App"},"name":"_"},{"contents":"Set @0","tag":"Sort"}],"tag":"Pi"},"name":"P"},{"contents":[{"item":{"contents":[{"Left":"Codata.Musical.Colist.Base.Colist"},[{"contents":[{"Right":3},[]],"tag":"App"},{"contents":[{"Right":2},[]],"tag":"App"}]],"tag":"App"},"name":"xs"},{"contents":[{"item":{"contents":[{"Left":"Codata.Musical.Colist.Relation.Unary.Any.Any"},[{"contents":[{"Right":4},[]],"tag":"App"},{"contents":[{"Right":2},[]],"tag":"App"},{"contents":[{"Right":3},[]],"tag":"App"},{"contents":[{"Right":1},[]],"tag":"App"},{"contents":[{"Right":0},[]],"tag":"App"}]],"tag":"App"},"name":"_"},{"contents":[{"Left":"Agda.Builtin.Nat.Nat"},[]],"tag":"App"}],"tag":"Pi"}],"tag":"Pi"}],"tag":"Pi"}],"tag":"Pi"}],"tag":"Pi"}],"tag":"Pi"},"original":{"contents":[{"item":{"contents":[{"Left":"Agda.Primitive.Level"},[]],"tag":"App"},"name":"P.a"},{"contents":[{"item":{"contents":"Set @0","tag":"Sort"},"name":"P.A"},{"contents":[{"item":{"contents":[{"Left":"Agda.Primitive.Level"},[]],"tag":"App"},"name":"P.p"},{"contents":[{"item":{"contents":[{"Left":"Relation.Unary.Pred"},[{"contents":[{"Right":2},[]],"tag":"App"},{"contents":[{"Right":1},[]],"tag":"App"},{"contents":[{"Right":0},[]],"tag":"App"}]],"tag":"App"},"name":"P"},{"contents":[{"item":{"contents":[{"Left":"Codata.Musical.Colist.Base.Colist"},[{"contents":[{"Right":3},[]],"tag":"App"},{"contents":[{"Right":2},[]],"tag":"App"}]],"tag":"App"},"name":"xs"},{"contents":[{"item":{"contents":[{"Left":"Codata.Musical.Colist.Relation.Unary.Any.Any"},[{"contents":[{"Right":4},[]],"tag":"App"},{"contents":[{"Right":2},[]],"tag":"App"},{"contents":[{"Right":3},[]],"tag":"App"},{"contents":[{"Right":1},[]],"tag":"App"},{"contents":[{"Right":0},[]],"tag":"App"}]],"tag":"App"},"name":"_"},{"contents":[{"Left":"Agda.Builtin.Nat.Nat"},[]],"tag":"App"}],"tag":"Pi"}],"tag":"Pi"}],"tag":"Pi"}],"tag":"Pi"}],"tag":"Pi"}],"tag":"Pi"},"reduced":{"contents":[{"item":{"contents":[{"Left":"Agda.Primitive.Level"},[]],"tag":"App"},"name":"P.a"},{"contents":[{"item":{"contents":"Set @0","tag":"Sort"},"name":"P.A"},{"contents":[{"item":{"contents":[{"Left":"Agda.Primitive.Level"},[]],"tag":"App"},"name":"P.p"},{"contents":[{"item":{"contents":[{"Left":"Relation.Unary.Pred"},[{"contents":[{"Right":2},[]],"tag":"App"},{"contents":[{"Right":1},[]],"tag":"App"},{"contents":[{"Right":0},[]],"tag":"App"}]],"tag":"App"},"name":"P"},{"contents":[{"item":{"contents":[{"Left":"Codata.Musical.Colist.Base.Colist"},[{"contents":[{"Right":3},[]],"tag":"App"},{"contents":[{"Right":2},[]],"tag":"App"}]],"tag":"App"},"name":"xs"},{"contents":[{"item":{"contents":[{"Left":"Codata.Musical.Colist.Relation.Unary.Any.Any"},[{"contents":[{"Right":4},[]],"tag":"App"},{"contents":[{"Right":2},[]],"tag":"App"},{"contents":[{"Right":3},[]],"tag":"App"},{"contents":[{"Right":1},[]],"tag":"App"},{"contents":[{"Right":0},[]],"tag":"App"}]],"tag":"App"},"name":"_"},{"contents":[{"Left":"Agda.Builtin.Nat.Nat"},[]],"tag":"App"}],"tag":"Pi"}],"tag":"Pi"}],"tag":"Pi"}],"tag":"Pi"}],"tag":"Pi"}],"tag":"Pi"},"simplified":{"contents":[{"item":{"contents":[{"Left":"Agda.Primitive.Level"},[]],"tag":"App"},"name":"P.a"},{"contents":[{"item":{"contents":"Set @0","tag":"Sort"},"name":"P.A"},{"contents":[{"item":{"contents":[{"Left":"Agda.Primitive.Level"},[]],"tag":"App"},"name":"P.p"},{"contents":[{"item":{"contents":[{"Left":"Relation.Unary.Pred"},[{"contents":[{"Right":2},[]],"tag":"App"},{"contents":[{"Right":1},[]],"tag":"App"},{"contents":[{"Right":0},[]],"tag":"App"}]],"tag":"App"},"name":"P"},{"contents":[{"item":{"contents":[{"Left":"Codata.Musical.Colist.Base.Colist"},[{"contents":[{"Right":3},[]],"tag":"App"},{"contents":[{"Right":2},[]],"tag":"App"}]],"tag":"App"},"name":"xs"},{"contents":[{"item":{"contents":[{"Left":"Codata.Musical.Colist.Relation.Unary.Any.Any"},[{"contents":[{"Right":4},[]],"tag":"App"},{"contents":[{"Right":2},[]],"tag":"App"},{"contents":[{"Right":3},[]],"tag":"App"},{"contents":[{"Right":1},[]],"tag":"App"},{"contents":[{"Right":0},[]],"tag":"App"}]],"tag":"App"},"name":"_"},{"contents":[{"Left":"Agda.Builtin.Nat.Nat"},[]],"tag":"App"}],"tag":"Pi"}],"tag":"Pi"}],"tag":"Pi"}],"tag":"Pi"}],"tag":"Pi"}],"tag":"Pi"}}},"name":"Codata.Musical.Colist.Relation.Unary.Any.index"},{"item":{"pretty":"{A.a : Level} {A : Set A.a} →\nℕ → Colist A → Agda.Builtin.Maybe.Maybe A","thing":{"normalised":{"contents":[{"item":{"contents":[{"Left":"Agda.Primitive.Level"},[]],"tag":"App"},"name":"A.a"},{"contents":[{"item":{"contents":"Set @0","tag":"Sort"},"name":"A"},{"contents":[{"item":{"contents":[{"Left":"Agda.Builtin.Nat.Nat"},[]],"tag":"App"},"name":"_"},{"contents":[{"item":{"contents":[{"Left":"Codata.Musical.Colist.Base.Colist"},[{"contents":[{"Right":1},[]],"tag":"App"},{"contents":[{"Right":0},[]],"tag":"App"}]],"tag":"App"},"name":"_"},{"contents":[{"Left":"Agda.Builtin.Maybe.Maybe"},[{"contents":[{"Right":1},[]],"tag":"App"},{"contents":[{"Right":0},[]],"tag":"App"}]],"tag":"App"}],"tag":"Pi"}],"tag":"Pi"}],"tag":"Pi"}],"tag":"Pi"},"original":{"contents":[{"item":{"contents":[{"Left":"Agda.Primitive.Level"},[]],"tag":"App"},"name":"A.a"},{"contents":[{"item":{"contents":"Set @0","tag":"Sort"},"name":"A"},{"contents":[{"item":{"contents":[{"Left":"Agda.Builtin.Nat.Nat"},[]],"tag":"App"},"name":"_"},{"contents":[{"item":{"contents":[{"Left":"Codata.Musical.Colist.Base.Colist"},[{"contents":[{"Right":1},[]],"tag":"App"},{"contents":[{"Right":0},[]],"tag":"App"}]],"tag":"App"},"name":"_"},{"contents":[{"Left":"Agda.Builtin.Maybe.Maybe"},[{"contents":[{"Right":1},[]],"tag":"App"},{"contents":[{"Right":0},[]],"tag":"App"}]],"tag":"App"}],"tag":"Pi"}],"tag":"Pi"}],"tag":"Pi"}],"tag":"Pi"},"reduced":{"contents":[{"item":{"contents":[{"Left":"Agda.Primitive.Level"},[]],"tag":"App"},"name":"A.a"},{"contents":[{"item":{"contents":"Set @0","tag":"Sort"},"name":"A"},{"contents":[{"item":{"contents":[{"Left":"Agda.Builtin.Nat.Nat"},[]],"tag":"App"},"name":"_"},{"contents":[{"item":{"contents":[{"Left":"Codata.Musical.Colist.Base.Colist"},[{"contents":[{"Right":1},[]],"tag":"App"},{"contents":[{"Right":0},[]],"tag":"App"}]],"tag":"App"},"name":"_"},{"contents":[{"Left":"Agda.Builtin.Maybe.Maybe"},[{"contents":[{"Right":1},[]],"tag":"App"},{"contents":[{"Right":0},[]],"tag":"App"}]],"tag":"App"}],"tag":"Pi"}],"tag":"Pi"}],"tag":"Pi"}],"tag":"Pi"},"simplified":{"contents":[{"item":{"contents":[{"Left":"Agda.Primitive.Level"},[]],"tag":"App"},"name":"A.a"},{"contents":[{"item":{"contents":"Set @0","tag":"Sort"},"name":"A"},{"contents":[{"item":{"contents":[{"Left":"Agda.Builtin.Nat.Nat"},[]],"tag":"App"},"name":"_"},{"contents":[{"item":{"contents":[{"Left":"Codata.Musical.Colist.Base.Colist"},[{"contents":[{"Right":1},[]],"tag":"App"},{"contents":[{"Right":0},[]],"tag":"App"}]],"tag":"App"},"name":"_"},{"contents":[{"Left":"Agda.Builtin.Maybe.Maybe"},[{"contents":[{"Right":1},[]],"tag":"App"},{"contents":[{"Right":0},[]],"tag":"App"}]],"tag":"App"}],"tag":"Pi"}],"tag":"Pi"}],"tag":"Pi"}],"tag":"Pi"}}},"name":"Codata.Musical.Colist.Base.lookup"},{"item":{"pretty":"{A.a : Level} {A : Set A.a} → Colist A → Colist A → Colist A","thing":{"normalised":{"contents":[{"item":{"contents":[{"Left":"Agda.Primitive.Level"},[]],"tag":"App"},"name":"A.a"},{"contents":[{"item":{"contents":"Set @0","tag":"Sort"},"name":"A"},{"contents":[{"item":{"contents":[{"Left":"Codata.Musical.Colist.Base.Colist"},[{"contents":[{"Right":1},[]],"tag":"App"},{"contents":[{"Right":0},[]],"tag":"App"}]],"tag":"App"},"name":"_"},{"contents":[{"item":{"contents":[{"Left":"Codata.Musical.Colist.Base.Colist"},[{"contents":[{"Right":1},[]],"tag":"App"},{"contents":[{"Right":0},[]],"tag":"App"}]],"tag":"App"},"name":"_"},{"contents":[{"Left":"Codata.Musical.Colist.Base.Colist"},[{"contents":[{"Right":1},[]],"tag":"App"},{"contents":[{"Right":0},[]],"tag":"App"}]],"tag":"App"}],"tag":"Pi"}],"tag":"Pi"}],"tag":"Pi"}],"tag":"Pi"},"original":{"contents":[{"item":{"contents":[{"Left":"Agda.Primitive.Level"},[]],"tag":"App"},"name":"A.a"},{"contents":[{"item":{"contents":"Set @0","tag":"Sort"},"name":"A"},{"contents":[{"item":{"contents":[{"Left":"Codata.Musical.Colist.Base.Colist"},[{"contents":[{"Right":1},[]],"tag":"App"},{"contents":[{"Right":0},[]],"tag":"App"}]],"tag":"App"},"name":"_"},{"contents":[{"item":{"contents":[{"Left":"Codata.Musical.Colist.Base.Colist"},[{"contents":[{"Right":1},[]],"tag":"App"},{"contents":[{"Right":0},[]],"tag":"App"}]],"tag":"App"},"name":"_"},{"contents":[{"Left":"Codata.Musical.Colist.Base.Colist"},[{"contents":[{"Right":1},[]],"tag":"App"},{"contents":[{"Right":0},[]],"tag":"App"}]],"tag":"App"}],"tag":"Pi"}],"tag":"Pi"}],"tag":"Pi"}],"tag":"Pi"},"reduced":{"contents":[{"item":{"contents":[{"Left":"Agda.Primitive.Level"},[]],"tag":"App"},"name":"A.a"},{"contents":[{"item":{"contents":"Set @0","tag":"Sort"},"name":"A"},{"contents":[{"item":{"contents":[{"Left":"Codata.Musical.Colist.Base.Colist"},[{"contents":[{"Right":1},[]],"tag":"App"},{"contents":[{"Right":0},[]],"tag":"App"}]],"tag":"App"},"name":"_"},{"contents":[{"item":{"contents":[{"Left":"Codata.Musical.Colist.Base.Colist"},[{"contents":[{"Right":1},[]],"tag":"App"},{"contents":[{"Right":0},[]],"tag":"App"}]],"tag":"App"},"name":"_"},{"contents":[{"Left":"Codata.Musical.Colist.Base.Colist"},[{"contents":[{"Right":1},[]],"tag":"App"},{"contents":[{"Right":0},[]],"tag":"App"}]],"tag":"App"}],"tag":"Pi"}],"tag":"Pi"}],"tag":"Pi"}],"tag":"Pi"},"simplified":{"contents":[{"item":{"contents":[{"Left":"Agda.Primitive.Level"},[]],"tag":"App"},"name":"A.a"},{"contents":[{"item":{"contents":"Set @0","tag":"Sort"},"name":"A"},{"contents":[{"item":{"contents":[{"Left":"Codata.Musical.Colist.Base.Colist"},[{"contents":[{"Right":1},[]],"tag":"App"},{"contents":[{"Right":0},[]],"tag":"App"}]],"tag":"App"},"name":"_"},{"contents":[{"item":{"contents":[{"Left":"Codata.Musical.Colist.Base.Colist"},[{"contents":[{"Right":1},[]],"tag":"App"},{"contents":[{"Right":0},[]],"tag":"App"}]],"tag":"App"},"name":"_"},{"contents":[{"Left":"Codata.Musical.Colist.Base.Colist"},[{"contents":[{"Right":1},[]],"tag":"App"},{"contents":[{"Right":0},[]],"tag":"App"}]],"tag":"App"}],"tag":"Pi"}],"tag":"Pi"}],"tag":"Pi"}],"tag":"Pi"}}},"name":"Codata.Musical.Colist.Base._++_"},{"item":{"pretty":"{A.a : Level} {A : Set A.a} → Colist A → Colist A → Colist A","thing":{"normalised":{"contents":[{"item":{"contents":[{"Left":"Agda.Primitive.Level"},[]],"tag":"App"},"name":"A.a"},{"contents":[{"item":{"contents":"Set @0","tag":"Sort"},"name":"A"},{"contents":[{"item":{"contents":[{"Left":"Codata.Musical.Colist.Base.Colist"},[{"contents":[{"Right":1},[]],"tag":"App"},{"contents":[{"Right":0},[]],"tag":"App"}]],"tag":"App"},"name":"_"},{"contents":[{"item":{"contents":[{"Left":"Codata.Musical.Colist.Base.Colist"},[{"contents":[{"Right":1},[]],"tag":"App"},{"contents":[{"Right":0},[]],"tag":"App"}]],"tag":"App"},"name":"_"},{"contents":[{"Left":"Codata.Musical.Colist.Base.Colist"},[{"contents":[{"Right":1},[]],"tag":"App"},{"contents":[{"Right":0},[]],"tag":"App"}]],"tag":"App"}],"tag":"Pi"}],"tag":"Pi"}],"tag":"Pi"}],"tag":"Pi"},"original":{"contents":[{"item":{"contents":[{"Left":"Agda.Primitive.Level"},[]],"tag":"App"},"name":"A.a"},{"contents":[{"item":{"contents":"Set @0","tag":"Sort"},"name":"A"},{"contents":[{"item":{"contents":[{"Left":"Codata.Musical.Colist.Base.Colist"},[{"contents":[{"Right":1},[]],"tag":"App"},{"contents":[{"Right":0},[]],"tag":"App"}]],"tag":"App"},"name":"_"},{"contents":[{"item":{"contents":[{"Left":"Codata.Musical.Colist.Base.Colist"},[{"contents":[{"Right":1},[]],"tag":"App"},{"contents":[{"Right":0},[]],"tag":"App"}]],"tag":"App"},"name":"_"},{"contents":[{"Left":"Codata.Musical.Colist.Base.Colist"},[{"contents":[{"Right":1},[]],"tag":"App"},{"contents":[{"Right":0},[]],"tag":"App"}]],"tag":"App"}],"tag":"Pi"}],"tag":"Pi"}],"tag":"Pi"}],"tag":"Pi"},"reduced":{"contents":[{"item":{"contents":[{"Left":"Agda.Primitive.Level"},[]],"tag":"App"},"name":"A.a"},{"contents":[{"item":{"contents":"Set @0","tag":"Sort"},"name":"A"},{"contents":[{"item":{"contents":[{"Left":"Codata.Musical.Colist.Base.Colist"},[{"contents":[{"Right":1},[]],"tag":"App"},{"contents":[{"Right":0},[]],"tag":"App"}]],"tag":"App"},"name":"_"},{"contents":[{"item":{"contents":[{"Left":"Codata.Musical.Colist.Base.Colist"},[{"contents":[{"Right":1},[]],"tag":"App"},{"contents":[{"Right":0},[]],"tag":"App"}]],"tag":"App"},"name":"_"},{"contents":[{"Left":"Codata.Musical.Colist.Base.Colist"},[{"contents":[{"Right":1},[]],"tag":"App"},{"contents":[{"Right":0},[]],"tag":"App"}]],"tag":"App"}],"tag":"Pi"}],"tag":"Pi"}],"tag":"Pi"}],"tag":"Pi"},"simplified":{"contents":[{"item":{"contents":[{"Left":"Agda.Primitive.Level"},[]],"tag":"App"},"name":"A.a"},{"contents":[{"item":{"contents":"Set @0","tag":"Sort"},"name":"A"},{"contents":[{"item":{"contents":[{"Left":"Codata.Musical.Colist.Base.Colist"},[{"contents":[{"Right":1},[]],"tag":"App"},{"contents":[{"Right":0},[]],"tag":"App"}]],"tag":"App"},"name":"_"},{"contents":[{"item":{"contents":[{"Left":"Codata.Musical.Colist.Base.Colist"},[{"contents":[{"Right":1},[]],"tag":"App"},{"contents":[{"Right":0},[]],"tag":"App"}]],"tag":"App"},"name":"_"},{"contents":[{"Left":"Codata.Musical.Colist.Base.Colist"},[{"contents":[{"Right":1},[]],"tag":"App"},{"contents":[{"Right":0},[]],"tag":"App"}]],"tag":"App"}],"tag":"Pi"}],"tag":"Pi"}],"tag":"Pi"}],"tag":"Pi"}}},"name":"Codata.Musical.Colist.Base._⋎_"},{"item":{"pretty":"{A.a : Level} {A : Set A.a} →\nColist (Data.List.NonEmpty.Base.List⁺ A) → Colist A","thing":{"normalised":{"contents":[{"item":{"contents":[{"Left":"Agda.Primitive.Level"},[]],"tag":"App"},"name":"A.a"},{"contents":[{"item":{"contents":"Set @0","tag":"Sort"},"name":"A"},{"contents":[{"item":{"contents":[{"Left":"Codata.Musical.Colist.Base.Colist"},[{"contents":[{"Right":1},[]],"tag":"App"},{"contents":[{"Left":"Data.List.NonEmpty.Base.List⁺"},[{"contents":[{"Right":1},[]],"tag":"App"},{"contents":[{"Right":0},[]],"tag":"App"}]],"tag":"App"}]],"tag":"App"},"name":"_"},{"contents":[{"Left":"Codata.Musical.Colist.Base.Colist"},[{"contents":[{"Right":1},[]],"tag":"App"},{"contents":[{"Right":0},[]],"tag":"App"}]],"tag":"App"}],"tag":"Pi"}],"tag":"Pi"}],"tag":"Pi"},"original":{"contents":[{"item":{"contents":[{"Left":"Agda.Primitive.Level"},[]],"tag":"App"},"name":"A.a"},{"contents":[{"item":{"contents":"Set @0","tag":"Sort"},"name":"A"},{"contents":[{"item":{"contents":[{"Left":"Codata.Musical.Colist.Base.Colist"},[{"contents":[{"Right":1},[]],"tag":"App"},{"contents":[{"Left":"Data.List.NonEmpty.Base.List⁺"},[{"contents":[{"Right":1},[]],"tag":"App"},{"contents":[{"Right":0},[]],"tag":"App"}]],"tag":"App"}]],"tag":"App"},"name":"_"},{"contents":[{"Left":"Codata.Musical.Colist.Base.Colist"},[{"contents":[{"Right":1},[]],"tag":"App"},{"contents":[{"Right":0},[]],"tag":"App"}]],"tag":"App"}],"tag":"Pi"}],"tag":"Pi"}],"tag":"Pi"},"reduced":{"contents":[{"item":{"contents":[{"Left":"Agda.Primitive.Level"},[]],"tag":"App"},"name":"A.a"},{"contents":[{"item":{"contents":"Set @0","tag":"Sort"},"name":"A"},{"contents":[{"item":{"contents":[{"Left":"Codata.Musical.Colist.Base.Colist"},[{"contents":[{"Right":1},[]],"tag":"App"},{"contents":[{"Left":"Data.List.NonEmpty.Base.List⁺"},[{"contents":[{"Right":1},[]],"tag":"App"},{"contents":[{"Right":0},[]],"tag":"App"}]],"tag":"App"}]],"tag":"App"},"name":"_"},{"contents":[{"Left":"Codata.Musical.Colist.Base.Colist"},[{"contents":[{"Right":1},[]],"tag":"App"},{"contents":[{"Right":0},[]],"tag":"App"}]],"tag":"App"}],"tag":"Pi"}],"tag":"Pi"}],"tag":"Pi"},"simplified":{"contents":[{"item":{"contents":[{"Left":"Agda.Primitive.Level"},[]],"tag":"App"},"name":"A.a"},{"contents":[{"item":{"contents":"Set @0","tag":"Sort"},"name":"A"},{"contents":[{"item":{"contents":[{"Left":"Codata.Musical.Colist.Base.Colist"},[{"contents":[{"Right":1},[]],"tag":"App"},{"contents":[{"Left":"Data.List.NonEmpty.Base.List⁺"},[{"contents":[{"Right":1},[]],"tag":"App"},{"contents":[{"Right":0},[]],"tag":"App"}]],"tag":"App"}]],"tag":"App"},"name":"_"},{"contents":[{"Left":"Codata.Musical.Colist.Base.Colist"},[{"contents":[{"Right":1},[]],"tag":"App"},{"contents":[{"Right":0},[]],"tag":"App"}]],"tag":"App"}],"tag":"Pi"}],"tag":"Pi"}],"tag":"Pi"}}},"name":"Codata.Musical.Colist.Base.concat"},{"item":{"pretty":"{A.a : Level} {A : Set A.a} → A → Colist A","thing":{"normalised":{"contents":[{"item":{"contents":[{"Left":"Agda.Primitive.Level"},[]],"tag":"App"},"name":"A.a"},{"contents":[{"item":{"contents":"Set @0","tag":"Sort"},"name":"A"},{"contents":[{"item":{"contents":[{"Right":0},[]],"tag":"App"},"name":"_"},{"contents":[{"Left":"Codata.Musical.Colist.Base.Colist"},[{"contents":[{"Right":1},[]],"tag":"App"},{"contents":[{"Right":0},[]],"tag":"App"}]],"tag":"App"}],"tag":"Pi"}],"tag":"Pi"}],"tag":"Pi"},"original":{"contents":[{"item":{"contents":[{"Left":"Agda.Primitive.Level"},[]],"tag":"App"},"name":"A.a"},{"contents":[{"item":{"contents":"Set @0","tag":"Sort"},"name":"A"},{"contents":[{"item":{"contents":[{"Right":0},[]],"tag":"App"},"name":"_"},{"contents":[{"Left":"Codata.Musical.Colist.Base.Colist"},[{"contents":[{"Right":1},[]],"tag":"App"},{"contents":[{"Right":0},[]],"tag":"App"}]],"tag":"App"}],"tag":"Pi"}],"tag":"Pi"}],"tag":"Pi"},"reduced":{"contents":[{"item":{"contents":[{"Left":"Agda.Primitive.Level"},[]],"tag":"App"},"name":"A.a"},{"contents":[{"item":{"contents":"Set @0","tag":"Sort"},"name":"A"},{"contents":[{"item":{"contents":[{"Right":0},[]],"tag":"App"},"name":"_"},{"contents":[{"Left":"Codata.Musical.Colist.Base.Colist"},[{"contents":[{"Right":1},[]],"tag":"App"},{"contents":[{"Right":0},[]],"tag":"App"}]],"tag":"App"}],"tag":"Pi"}],"tag":"Pi"}],"tag":"Pi"},"simplified":{"contents":[{"item":{"contents":[{"Left":"Agda.Primitive.Level"},[]],"tag":"App"},"name":"A.a"},{"contents":[{"item":{"contents":"Set @0","tag":"Sort"},"name":"A"},{"contents":[{"item":{"contents":[{"Right":0},[]],"tag":"App"},"name":"_"},{"contents":[{"Left":"Codata.Musical.Colist.Base.Colist"},[{"contents":[{"Right":1},[]],"tag":"App"},{"contents":[{"Right":0},[]],"tag":"App"}]],"tag":"App"}],"tag":"Pi"}],"tag":"Pi"}],"tag":"Pi"}}},"name":"Codata.Musical.Colist.Base.[_]"},{"item":{"pretty":"{a : Level} (A : Set a) → A → A","thing":{"normalised":{"contents":[{"item":{"contents":[{"Left":"Agda.Primitive.Level"},[]],"tag":"App"},"name":"a"},{"contents":[{"item":{"contents":"Set @0","tag":"Sort"},"name":"A"},{"contents":[{"item":{"contents":[{"Right":0},[]],"tag":"App"},"name":"_"},{"contents":[{"Right":0},[]],"tag":"App"}],"tag":"Pi"}],"tag":"Pi"}],"tag":"Pi"},"original":{"contents":[{"item":{"contents":[{"Left":"Agda.Primitive.Level"},[]],"tag":"App"},"name":"a"},{"contents":[{"item":{"contents":"Set @0","tag":"Sort"},"name":"A"},{"contents":[{"item":{"contents":[{"Right":0},[]],"tag":"App"},"name":"_"},{"contents":[{"Right":0},[]],"tag":"App"}],"tag":"Pi"}],"tag":"Pi"}],"tag":"Pi"},"reduced":{"contents":[{"item":{"contents":[{"Left":"Agda.Primitive.Level"},[]],"tag":"App"},"name":"a"},{"contents":[{"item":{"contents":"Set @0","tag":"Sort"},"name":"A"},{"contents":[{"item":{"contents":[{"Right":0},[]],"tag":"App"},"name":"_"},{"contents":[{"Right":0},[]],"tag":"App"}],"tag":"Pi"}],"tag":"Pi"}],"tag":"Pi"},"simplified":{"contents":[{"item":{"contents":[{"Left":"Agda.Primitive.Level"},[]],"tag":"App"},"name":"a"},{"contents":[{"item":{"contents":"Set @0","tag":"Sort"},"name":"A"},{"contents":[{"item":{"contents":[{"Right":0},[]],"tag":"App"},"name":"_"},{"contents":[{"Right":0},[]],"tag":"App"}],"tag":"Pi"}],"tag":"Pi"}],"tag":"Pi"}}},"name":"Function.Base._∋_"}],"name":"Codata.Musical.Colist.Relation.Unary.Any"},"samples":[{"ctx":{"pretty":"{P.a : Level} {P.A : Set P.a} {P.p : Level} {P : Pred P.A P.p}\n{x : P.A} {xs : ∞ (Colist P.A)} (px : P x)","thing":[{"item":{"contents":[{"Left":"Agda.Primitive.Level"},[]],"tag":"App"},"name":"P.a"},{"item":{"contents":"Set @0","tag":"Sort"},"name":"P.A"},{"item":{"contents":[{"Left":"Agda.Primitive.Level"},[]],"tag":"App"},"name":"P.p"},{"item":{"contents":[{"Left":"Relation.Unary.Pred"},[{"contents":[{"Right":2},[]],"tag":"App"},{"contents":[{"Right":1},[]],"tag":"App"},{"contents":[{"Right":0},[]],"tag":"App"}]],"tag":"App"},"name":"P"},{"item":{"contents":[{"Right":2},[]],"tag":"App"},"name":"x"},{"item":{"contents":[{"Left":"Agda.Builtin.Coinduction.∞"},[{"contents":[{"Right":4},[]],"tag":"App"},{"contents":[{"Left":"Codata.Musical.Colist.Base.Colist"},[{"contents":[{"Right":4},[]],"tag":"App"},{"contents":[{"Right":3},[]],"tag":"App"}]],"tag":"App"}]],"tag":"App"},"name":"xs"},{"item":{"contents":[{"Right":2},[{"contents":[{"Right":1},[]],"tag":"App"}]],"tag":"App"},"name":"px"}]},"goal":{"pretty":"ℕ","thing":{"normalised":{"contents":[{"Left":"Agda.Builtin.Nat.Nat"},[]],"tag":"App"},"original":{"contents":[{"Left":"Agda.Builtin.Nat.Nat"},[]],"tag":"App"},"reduced":{"contents":[{"Left":"Agda.Builtin.Nat.Nat"},[]],"tag":"App"},"simplified":{"contents":[{"Left":"Agda.Builtin.Nat.Nat"},[]],"tag":"App"}}},"term":{"pretty":"zero","thing":{"normalised":{"contents":"0","tag":"Lit"},"original":{"contents":[{"Left":"Agda.Builtin.Nat.Nat.zero"},[]],"tag":"App"},"reduced":{"contents":"0","tag":"Lit"},"simplified":{"contents":[{"Left":"Agda.Builtin.Nat.Nat.zero"},[]],"tag":"App"}}},"namesUsed":["Agda.Builtin.Nat.Nat.zero"]},{"ctx":{"pretty":"{P.a : Level} {P.A : Set P.a} {P.p : Level} {P : Pred P.A P.p}\n{x : P.A} {xs : ∞ (Colist P.A)} (p : Any P (♭ xs))","thing":[{"item":{"contents":[{"Left":"Agda.Primitive.Level"},[]],"tag":"App"},"name":"P.a"},{"item":{"contents":"Set @0","tag":"Sort"},"name":"P.A"},{"item":{"contents":[{"Left":"Agda.Primitive.Level"},[]],"tag":"App"},"name":"P.p"},{"item":{"contents":[{"Left":"Relation.Unary.Pred"},[{"contents":[{"Right":2},[]],"tag":"App"},{"contents":[{"Right":1},[]],"tag":"App"},{"contents":[{"Right":0},[]],"tag":"App"}]],"tag":"App"},"name":"P"},{"item":{"contents":[{"Right":2},[]],"tag":"App"},"name":"x"},{"item":{"contents":[{"Left":"Agda.Builtin.Coinduction.∞"},[{"contents":[{"Right":4},[]],"tag":"App"},{"contents":[{"Left":"Codata.Musical.Colist.Base.Colist"},[{"contents":[{"Right":4},[]],"tag":"App"},{"contents":[{"Right":3},[]],"tag":"App"}]],"tag":"App"}]],"tag":"App"},"name":"xs"},{"item":{"contents":[{"Left":"Codata.Musical.Colist.Relation.Unary.Any.Any"},[{"contents":[{"Right":5},[]],"tag":"App"},{"contents":[{"Right":3},[]],"tag":"App"},{"contents":[{"Right":4},[]],"tag":"App"},{"contents":[{"Right":2},[]],"tag":"App"},{"contents":[{"Right":0},[{"contents":[{"Left":"Agda.Builtin.Coinduction.♭"},[]],"tag":"App"}]],"tag":"App"}]],"tag":"App"},"name":"p"}]},"goal":{"pretty":"ℕ","thing":{"normalised":{"contents":[{"Left":"Agda.Builtin.Nat.Nat"},[]],"tag":"App"},"original":{"contents":[{"Left":"Agda.Builtin.Nat.Nat"},[]],"tag":"App"},"reduced":{"contents":[{"Left":"Agda.Builtin.Nat.Nat"},[]],"tag":"App"},"simplified":{"contents":[{"Left":"Agda.Builtin.Nat.Nat"},[]],"tag":"App"}}},"term":{"pretty":"suc (index p)","thing":{"normalised":{"contents":[{"Left":"Agda.Builtin.Nat.Nat.suc"},[{"contents":[{"Left":"Codata.Musical.Colist.Relation.Unary.Any.index"},[{"contents":[{"Right":6},[]],"tag":"App"},{"contents":[{"Right":5},[]],"tag":"App"},{"contents":[{"Right":4},[]],"tag":"App"},{"contents":[{"Right":3},[]],"tag":"App"},{"contents":[{"Right":1},[{"contents":[{"Left":"Agda.Builtin.Coinduction.♭"},[]],"tag":"App"}]],"tag":"App"},{"contents":[{"Right":0},[]],"tag":"App"}]],"tag":"App"}]],"tag":"App"},"original":{"contents":[{"Left":"Agda.Builtin.Nat.Nat.suc"},[{"contents":[{"Left":"Codata.Musical.Colist.Relation.Unary.Any.index"},[{"contents":[{"Right":6},[]],"tag":"App"},{"contents":[{"Right":5},[]],"tag":"App"},{"contents":[{"Right":4},[]],"tag":"App"},{"contents":[{"Right":3},[]],"tag":"App"},{"contents":[{"Right":1},[{"contents":[{"Left":"Agda.Builtin.Coinduction.♭"},[]],"tag":"App"}]],"tag":"App"},{"contents":[{"Right":0},[]],"tag":"App"}]],"tag":"App"}]],"tag":"App"},"reduced":{"contents":[{"Left":"Agda.Builtin.Nat.Nat.suc"},[{"contents":[{"Left":"Codata.Musical.Colist.Relation.Unary.Any.index"},[{"contents":[{"Right":6},[]],"tag":"App"},{"contents":[{"Right":5},[]],"tag":"App"},{"contents":[{"Right":4},[]],"tag":"App"},{"contents":[{"Right":3},[]],"tag":"App"},{"contents":[{"Right":1},[{"contents":[{"Left":"Agda.Builtin.Coinduction.♭"},[]],"tag":"App"}]],"tag":"App"},{"contents":[{"Right":0},[]],"tag":"App"}]],"tag":"App"}]],"tag":"App"},"simplified":{"contents":[{"Left":"Agda.Builtin.Nat.Nat.suc"},[{"contents":[{"Left":"Codata.Musical.Colist.Relation.Unary.Any.index"},[{"contents":[{"Right":6},[]],"tag":"App"},{"contents":[{"Right":5},[]],"tag":"App"},{"contents":[{"Right":4},[]],"tag":"App"},{"contents":[{"Right":3},[]],"tag":"App"},{"contents":[{"Right":1},[{"contents":[{"Left":"Agda.Builtin.Coinduction.♭"},[]],"tag":"App"}]],"tag":"App"},{"contents":[{"Right":0},[]],"tag":"App"}]],"tag":"App"}]],"tag":"App"}}},"namesUsed":["Agda.Builtin.Nat.Nat.suc","Codata.Musical.Colist.Relation.Unary.Any.index"]},{"ctx":{"pretty":"{P.a : Level} {P.A : Set P.a} {P.p : Level} {P : Pred P.A P.p}\n{x : P.A} {xs : ∞ (Colist P.A)} (p₁ : Any P (♭ xs))","thing":[{"item":{"contents":[{"Left":"Agda.Primitive.Level"},[]],"tag":"App"},"name":"P.a"},{"item":{"contents":"Set @0","tag":"Sort"},"name":"P.A"},{"item":{"contents":[{"Left":"Agda.Primitive.Level"},[]],"tag":"App"},"name":"P.p"},{"item":{"contents":[{"Left":"Relation.Unary.Pred"},[{"contents":[{"Right":2},[]],"tag":"App"},{"contents":[{"Right":1},[]],"tag":"App"},{"contents":[{"Right":0},[]],"tag":"App"}]],"tag":"App"},"name":"P"},{"item":{"contents":[{"Right":2},[]],"tag":"App"},"name":"x"},{"item":{"contents":[{"Left":"Agda.Builtin.Coinduction.∞"},[{"contents":[{"Right":4},[]],"tag":"App"},{"contents":[{"Left":"Codata.Musical.Colist.Base.Colist"},[{"contents":[{"Right":4},[]],"tag":"App"},{"contents":[{"Right":3},[]],"tag":"App"}]],"tag":"App"}]],"tag":"App"},"name":"xs"},{"item":{"contents":[{"Left":"Codata.Musical.Colist.Relation.Unary.Any.Any"},[{"contents":[{"Right":5},[]],"tag":"App"},{"contents":[{"Right":3},[]],"tag":"App"},{"contents":[{"Right":4},[]],"tag":"App"},{"contents":[{"Right":2},[]],"tag":"App"},{"contents":[{"Right":0},[{"contents":[{"Left":"Agda.Builtin.Coinduction.♭"},[]],"tag":"App"}]],"tag":"App"}]],"tag":"App"},"name":"p"}]},"goal":{"pretty":"ℕ","thing":{"normalised":{"contents":[{"Left":"Agda.Builtin.Nat.Nat"},[]],"tag":"App"},"original":{"contents":[{"Left":"Agda.Builtin.Nat.Nat"},[]],"tag":"App"},"reduced":{"contents":[{"Left":"Agda.Builtin.Nat.Nat"},[]],"tag":"App"},"simplified":{"contents":[{"Left":"Agda.Builtin.Nat.Nat"},[]],"tag":"App"}}},"term":{"pretty":"index p","thing":{"normalised":{"contents":[{"Left":"Codata.Musical.Colist.Relation.Unary.Any.index"},[{"contents":[{"Right":6},[]],"tag":"App"},{"contents":[{"Right":5},[]],"tag":"App"},{"contents":[{"Right":4},[]],"tag":"App"},{"contents":[{"Right":3},[]],"tag":"App"},{"contents":[{"Right":1},[{"contents":[{"Left":"Agda.Builtin.Coinduction.♭"},[]],"tag":"App"}]],"tag":"App"},{"contents":[{"Right":0},[]],"tag":"App"}]],"tag":"App"},"original":{"contents":[{"Left":"Codata.Musical.Colist.Relation.Unary.Any.index"},[{"contents":[{"Right":6},[]],"tag":"App"},{"contents":[{"Right":5},[]],"tag":"App"},{"contents":[{"Right":4},[]],"tag":"App"},{"contents":[{"Right":3},[]],"tag":"App"},{"contents":[{"Right":1},[{"contents":[{"Left":"Agda.Builtin.Coinduction.♭"},[]],"tag":"App"}]],"tag":"App"},{"contents":[{"Right":0},[]],"tag":"App"}]],"tag":"App"},"reduced":{"contents":[{"Left":"Codata.Musical.Colist.Relation.Unary.Any.index"},[{"contents":[{"Right":6},[]],"tag":"App"},{"contents":[{"Right":5},[]],"tag":"App"},{"contents":[{"Right":4},[]],"tag":"App"},{"contents":[{"Right":3},[]],"tag":"App"},{"contents":[{"Right":1},[{"contents":[{"Left":"Agda.Builtin.Coinduction.♭"},[]],"tag":"App"}]],"tag":"App"},{"contents":[{"Right":0},[]],"tag":"App"}]],"tag":"App"},"simplified":{"contents":[{"Left":"Codata.Musical.Colist.Relation.Unary.Any.index"},[{"contents":[{"Right":6},[]],"tag":"App"},{"contents":[{"Right":5},[]],"tag":"App"},{"contents":[{"Right":4},[]],"tag":"App"},{"contents":[{"Right":3},[]],"tag":"App"},{"contents":[{"Right":1},[{"contents":[{"Left":"Agda.Builtin.Coinduction.♭"},[]],"tag":"App"}]],"tag":"App"},{"contents":[{"Right":0},[]],"tag":"App"}]],"tag":"App"}}},"namesUsed":["Codata.Musical.Colist.Relation.Unary.Any.index"]}]}