{"scope":{"item":[{"item":{"pretty":"(ℓ : Agda.Primitive.Level) → Set (Agda.Primitive.lsuc ℓ)","thing":{"normalised":{"contents":[{"item":{"contents":[{"Left":"Agda.Primitive.Level"},[]],"tag":"App"},"name":"ℓ"},{"contents":"Set (lsuc @0)","tag":"Sort"}],"tag":"Pi"},"original":{"contents":[{"item":{"contents":[{"Left":"Agda.Primitive.Level"},[]],"tag":"App"},"name":"ℓ"},{"contents":"Set (lsuc @0)","tag":"Sort"}],"tag":"Pi"},"reduced":{"contents":[{"item":{"contents":[{"Left":"Agda.Primitive.Level"},[]],"tag":"App"},"name":"ℓ"},{"contents":"Set (lsuc @0)","tag":"Sort"}],"tag":"Pi"},"simplified":{"contents":[{"item":{"contents":[{"Left":"Agda.Primitive.Level"},[]],"tag":"App"},"name":"ℓ"},{"contents":"Set (lsuc @0)","tag":"Sort"}],"tag":"Pi"}}},"name":"Size.SizedSet"},{"item":{"pretty":"Agda.Primitive.Setω","thing":{"normalised":{"contents":"Setω","tag":"Sort"},"original":{"contents":"Setω","tag":"Sort"},"reduced":{"contents":"Setω","tag":"Sort"},"simplified":{"contents":"Setω","tag":"Sort"}}},"name":"Agda.Builtin.Size.SizeUniv"},{"item":{"pretty":"SizeUniv","thing":{"normalised":{"contents":"SizeUniv","tag":"Sort"},"original":{"contents":"SizeUniv","tag":"Sort"},"reduced":{"contents":"SizeUniv","tag":"Sort"},"simplified":{"contents":"SizeUniv","tag":"Sort"}}},"name":"Agda.Builtin.Size.Size"},{"item":{"pretty":"..Size → SizeUniv","thing":{"normalised":{"contents":[{"item":{"contents":[{"Left":"Agda.Builtin.Size.Size"},[]],"tag":"App"},"name":"_"},{"contents":"SizeUniv","tag":"Sort"}],"tag":"Pi"},"original":{"contents":[{"item":{"contents":[{"Left":"Agda.Builtin.Size.Size"},[]],"tag":"App"},"name":"_"},{"contents":"SizeUniv","tag":"Sort"}],"tag":"Pi"},"reduced":{"contents":[{"item":{"contents":[{"Left":"Agda.Builtin.Size.Size"},[]],"tag":"App"},"name":"_"},{"contents":"SizeUniv","tag":"Sort"}],"tag":"Pi"},"simplified":{"contents":[{"item":{"contents":[{"Left":"Agda.Builtin.Size.Size"},[]],"tag":"App"},"name":"_"},{"contents":"SizeUniv","tag":"Sort"}],"tag":"Pi"}}},"name":"Agda.Builtin.Size.Size<_"},{"item":{"pretty":"{ℓ : Agda.Primitive.Level} (F : SizedSet ℓ) (i : Size) → Set ℓ","thing":{"normalised":{"contents":[{"item":{"contents":[{"Left":"Agda.Primitive.Level"},[]],"tag":"App"},"name":"ℓ"},{"contents":[{"item":{"contents":[{"item":{"contents":[{"Left":"Agda.Builtin.Size.Size"},[]],"tag":"App"},"name":"_"},{"contents":"Set @0","tag":"Sort"}],"tag":"Pi"},"name":"F"},{"contents":[{"item":{"contents":[{"Left":"Agda.Builtin.Size.Size"},[]],"tag":"App"},"name":"i"},{"contents":"Set @2","tag":"Sort"}],"tag":"Pi"}],"tag":"Pi"}],"tag":"Pi"},"original":{"contents":[{"item":{"contents":[{"Left":"Agda.Primitive.Level"},[]],"tag":"App"},"name":"ℓ"},{"contents":[{"item":{"contents":[{"Left":"Size.SizedSet"},[{"contents":[{"Right":0},[]],"tag":"App"}]],"tag":"App"},"name":"F"},{"contents":[{"item":{"contents":[{"Left":"Agda.Builtin.Size.Size"},[]],"tag":"App"},"name":"i"},{"contents":"Set @2","tag":"Sort"}],"tag":"Pi"}],"tag":"Pi"}],"tag":"Pi"},"reduced":{"contents":[{"item":{"contents":[{"Left":"Agda.Primitive.Level"},[]],"tag":"App"},"name":"ℓ"},{"contents":[{"item":{"contents":[{"Left":"Size.SizedSet"},[{"contents":[{"Right":0},[]],"tag":"App"}]],"tag":"App"},"name":"F"},{"contents":[{"item":{"contents":[{"Left":"Agda.Builtin.Size.Size"},[]],"tag":"App"},"name":"i"},{"contents":"Set @2","tag":"Sort"}],"tag":"Pi"}],"tag":"Pi"}],"tag":"Pi"},"simplified":{"contents":[{"item":{"contents":[{"Left":"Agda.Primitive.Level"},[]],"tag":"App"},"name":"ℓ"},{"contents":[{"item":{"contents":[{"Left":"Size.SizedSet"},[{"contents":[{"Right":0},[]],"tag":"App"}]],"tag":"App"},"name":"F"},{"contents":[{"item":{"contents":[{"Left":"Agda.Builtin.Size.Size"},[]],"tag":"App"},"name":"i"},{"contents":"Set @2","tag":"Sort"}],"tag":"Pi"}],"tag":"Pi"}],"tag":"Pi"}}},"name":"Codata.Thunk.Thunk"},{"item":{"pretty":"Size → Size","thing":{"normalised":{"contents":[{"item":{"contents":[{"Left":"Agda.Builtin.Size.Size"},[]],"tag":"App"},"name":"_"},{"contents":[{"Left":"Agda.Builtin.Size.Size"},[]],"tag":"App"}],"tag":"Pi"},"original":{"contents":[{"item":{"contents":[{"Left":"Agda.Builtin.Size.Size"},[]],"tag":"App"},"name":"_"},{"contents":[{"Left":"Agda.Builtin.Size.Size"},[]],"tag":"App"}],"tag":"Pi"},"reduced":{"contents":[{"item":{"contents":[{"Left":"Agda.Builtin.Size.Size"},[]],"tag":"App"},"name":"_"},{"contents":[{"Left":"Agda.Builtin.Size.Size"},[]],"tag":"App"}],"tag":"Pi"},"simplified":{"contents":[{"item":{"contents":[{"Left":"Agda.Builtin.Size.Size"},[]],"tag":"App"},"name":"_"},{"contents":[{"Left":"Agda.Builtin.Size.Size"},[]],"tag":"App"}],"tag":"Pi"}}},"name":"Agda.Builtin.Size.↑_"},{"item":{"pretty":"{ℓ₁ ℓ₂ : Agda.Primitive.Level} →\nSizedSet ℓ₁ → SizedSet ℓ₂ → SizedSet (ℓ₁ Agda.Primitive.⊔ ℓ₂)","thing":{"normalised":{"contents":[{"item":{"contents":[{"Left":"Agda.Primitive.Level"},[]],"tag":"App"},"name":"ℓ₁"},{"contents":[{"item":{"contents":[{"Left":"Agda.Primitive.Level"},[]],"tag":"App"},"name":"ℓ₂"},{"contents":[{"item":{"contents":[{"item":{"contents":[{"Left":"Agda.Builtin.Size.Size"},[]],"tag":"App"},"name":"_"},{"contents":"Set @1","tag":"Sort"}],"tag":"Pi"},"name":"_"},{"contents":[{"item":{"contents":[{"item":{"contents":[{"Left":"Agda.Builtin.Size.Size"},[]],"tag":"App"},"name":"_"},{"contents":"Set @0","tag":"Sort"}],"tag":"Pi"},"name":"_"},{"contents":[{"item":{"contents":[{"Left":"Agda.Builtin.Size.Size"},[]],"tag":"App"},"name":"_"},{"contents":"Set (lub @1 @0)","tag":"Sort"}],"tag":"Pi"}],"tag":"Pi"}],"tag":"Pi"}],"tag":"Pi"}],"tag":"Pi"},"original":{"contents":[{"item":{"contents":[{"Left":"Agda.Primitive.Level"},[]],"tag":"App"},"name":"ℓ₁"},{"contents":[{"item":{"contents":[{"Left":"Agda.Primitive.Level"},[]],"tag":"App"},"name":"ℓ₂"},{"contents":[{"item":{"contents":[{"Left":"Size.SizedSet"},[{"contents":[{"Right":1},[]],"tag":"App"}]],"tag":"App"},"name":"_"},{"contents":[{"item":{"contents":[{"Left":"Size.SizedSet"},[{"contents":[{"Right":0},[]],"tag":"App"}]],"tag":"App"},"name":"_"},{"contents":[{"Left":"Size.SizedSet"},[{"contents":[{"Left":"Agda.Primitive._⊔_"},[{"contents":[{"Right":1},[]],"tag":"App"},{"contents":[{"Right":0},[]],"tag":"App"}]],"tag":"App"}]],"tag":"App"}],"tag":"Pi"}],"tag":"Pi"}],"tag":"Pi"}],"tag":"Pi"},"reduced":{"contents":[{"item":{"contents":[{"Left":"Agda.Primitive.Level"},[]],"tag":"App"},"name":"ℓ₁"},{"contents":[{"item":{"contents":[{"Left":"Agda.Primitive.Level"},[]],"tag":"App"},"name":"ℓ₂"},{"contents":[{"item":{"contents":[{"Left":"Size.SizedSet"},[{"contents":[{"Right":1},[]],"tag":"App"}]],"tag":"App"},"name":"_"},{"contents":[{"item":{"contents":[{"Left":"Size.SizedSet"},[{"contents":[{"Right":0},[]],"tag":"App"}]],"tag":"App"},"name":"_"},{"contents":[{"Left":"Size.SizedSet"},[{"contents":[{"Left":"Agda.Primitive._⊔_"},[{"contents":[{"Right":1},[]],"tag":"App"},{"contents":[{"Right":0},[]],"tag":"App"}]],"tag":"App"}]],"tag":"App"}],"tag":"Pi"}],"tag":"Pi"}],"tag":"Pi"}],"tag":"Pi"},"simplified":{"contents":[{"item":{"contents":[{"Left":"Agda.Primitive.Level"},[]],"tag":"App"},"name":"ℓ₁"},{"contents":[{"item":{"contents":[{"Left":"Agda.Primitive.Level"},[]],"tag":"App"},"name":"ℓ₂"},{"contents":[{"item":{"contents":[{"Left":"Size.SizedSet"},[{"contents":[{"Right":1},[]],"tag":"App"}]],"tag":"App"},"name":"_"},{"contents":[{"item":{"contents":[{"Left":"Size.SizedSet"},[{"contents":[{"Right":0},[]],"tag":"App"}]],"tag":"App"},"name":"_"},{"contents":[{"Left":"Size.SizedSet"},[{"contents":"lub @1 @0","tag":"Level"}]],"tag":"App"}],"tag":"Pi"}],"tag":"Pi"}],"tag":"Pi"}],"tag":"Pi"}}},"name":"Relation.Unary.Sized._⇒_"},{"item":{"pretty":"Size","thing":{"normalised":{"contents":[{"Left":"Agda.Builtin.Size.Size"},[]],"tag":"App"},"original":{"contents":[{"Left":"Agda.Builtin.Size.Size"},[]],"tag":"App"},"reduced":{"contents":[{"Left":"Agda.Builtin.Size.Size"},[]],"tag":"App"},"simplified":{"contents":[{"Left":"Agda.Builtin.Size.Size"},[]],"tag":"App"}}},"name":"Agda.Builtin.Size.∞"},{"item":{"pretty":"Size → Size → Size","thing":{"normalised":{"contents":[{"item":{"contents":[{"Left":"Agda.Builtin.Size.Size"},[]],"tag":"App"},"name":"_"},{"contents":[{"item":{"contents":[{"Left":"Agda.Builtin.Size.Size"},[]],"tag":"App"},"name":"_"},{"contents":[{"Left":"Agda.Builtin.Size.Size"},[]],"tag":"App"}],"tag":"Pi"}],"tag":"Pi"},"original":{"contents":[{"item":{"contents":[{"Left":"Agda.Builtin.Size.Size"},[]],"tag":"App"},"name":"_"},{"contents":[{"item":{"contents":[{"Left":"Agda.Builtin.Size.Size"},[]],"tag":"App"},"name":"_"},{"contents":[{"Left":"Agda.Builtin.Size.Size"},[]],"tag":"App"}],"tag":"Pi"}],"tag":"Pi"},"reduced":{"contents":[{"item":{"contents":[{"Left":"Agda.Builtin.Size.Size"},[]],"tag":"App"},"name":"_"},{"contents":[{"item":{"contents":[{"Left":"Agda.Builtin.Size.Size"},[]],"tag":"App"},"name":"_"},{"contents":[{"Left":"Agda.Builtin.Size.Size"},[]],"tag":"App"}],"tag":"Pi"}],"tag":"Pi"},"simplified":{"contents":[{"item":{"contents":[{"Left":"Agda.Builtin.Size.Size"},[]],"tag":"App"},"name":"_"},{"contents":[{"item":{"contents":[{"Left":"Agda.Builtin.Size.Size"},[]],"tag":"App"},"name":"_"},{"contents":[{"Left":"Agda.Builtin.Size.Size"},[]],"tag":"App"}],"tag":"Pi"}],"tag":"Pi"}}},"name":"Agda.Builtin.Size._⊔ˢ_"},{"item":{"pretty":"{ℓ : Agda.Primitive.Level} → SizedSet ℓ → Set ℓ","thing":{"normalised":{"contents":[{"item":{"contents":[{"Left":"Agda.Primitive.Level"},[]],"tag":"App"},"name":"ℓ"},{"contents":[{"item":{"contents":[{"item":{"contents":[{"Left":"Agda.Builtin.Size.Size"},[]],"tag":"App"},"name":"_"},{"contents":"Set @0","tag":"Sort"}],"tag":"Pi"},"name":"_"},{"contents":"Set @0","tag":"Sort"}],"tag":"Pi"}],"tag":"Pi"},"original":{"contents":[{"item":{"contents":[{"Left":"Agda.Primitive.Level"},[]],"tag":"App"},"name":"ℓ"},{"contents":[{"item":{"contents":[{"Left":"Size.SizedSet"},[{"contents":[{"Right":0},[]],"tag":"App"}]],"tag":"App"},"name":"_"},{"contents":"Set @0","tag":"Sort"}],"tag":"Pi"}],"tag":"Pi"},"reduced":{"contents":[{"item":{"contents":[{"Left":"Agda.Primitive.Level"},[]],"tag":"App"},"name":"ℓ"},{"contents":[{"item":{"contents":[{"Left":"Size.SizedSet"},[{"contents":[{"Right":0},[]],"tag":"App"}]],"tag":"App"},"name":"_"},{"contents":"Set @0","tag":"Sort"}],"tag":"Pi"}],"tag":"Pi"},"simplified":{"contents":[{"item":{"contents":[{"Left":"Agda.Primitive.Level"},[]],"tag":"App"},"name":"ℓ"},{"contents":[{"item":{"contents":[{"Left":"Size.SizedSet"},[{"contents":[{"Right":0},[]],"tag":"App"}]],"tag":"App"},"name":"_"},{"contents":"Set @0","tag":"Sort"}],"tag":"Pi"}],"tag":"Pi"}}},"name":"Relation.Unary.Sized.∀[_]"},{"item":{"pretty":"{ℓ : Agda.Primitive.Level} {F : SizedSet ℓ} {i : Size} →\nThunk F i → {j : Size< i} → F j","thing":{"normalised":{"contents":[{"item":{"contents":[{"Left":"Agda.Primitive.Level"},[]],"tag":"App"},"name":"ℓ"},{"contents":[{"item":{"contents":[{"item":{"contents":[{"Left":"Agda.Builtin.Size.Size"},[]],"tag":"App"},"name":"_"},{"contents":"Set @0","tag":"Sort"}],"tag":"Pi"},"name":"F"},{"contents":[{"item":{"contents":[{"Left":"Agda.Builtin.Size.Size"},[]],"tag":"App"},"name":"i"},{"contents":[{"item":{"contents":[{"Left":"Codata.Thunk.Thunk"},[{"contents":[{"Right":2},[]],"tag":"App"},{"contents":[{"Right":1},[]],"tag":"App"},{"contents":[{"Right":0},[]],"tag":"App"}]],"tag":"App"},"name":"r"},{"contents":[{"item":{"contents":[{"Left":"Agda.Builtin.Size.Size<_"},[{"contents":[{"Right":0},[]],"tag":"App"}]],"tag":"App"},"name":"j"},{"contents":[{"Right":2},[{"contents":[{"Right":0},[]],"tag":"App"}]],"tag":"App"}],"tag":"Pi"}],"tag":"Pi"}],"tag":"Pi"}],"tag":"Pi"}],"tag":"Pi"},"original":{"contents":[{"item":{"contents":[{"Left":"Agda.Primitive.Level"},[]],"tag":"App"},"name":"ℓ"},{"contents":[{"item":{"contents":[{"Left":"Size.SizedSet"},[{"contents":[{"Right":0},[]],"tag":"App"}]],"tag":"App"},"name":"F"},{"contents":[{"item":{"contents":[{"Left":"Agda.Builtin.Size.Size"},[]],"tag":"App"},"name":"i"},{"contents":[{"item":{"contents":[{"Left":"Codata.Thunk.Thunk"},[{"contents":[{"Right":2},[]],"tag":"App"},{"contents":[{"Right":1},[]],"tag":"App"},{"contents":[{"Right":0},[]],"tag":"App"}]],"tag":"App"},"name":"r"},{"contents":[{"item":{"contents":[{"Left":"Agda.Builtin.Size.Size<_"},[{"contents":[{"Right":0},[]],"tag":"App"}]],"tag":"App"},"name":"j"},{"contents":[{"Right":2},[{"contents":[{"Right":0},[]],"tag":"App"}]],"tag":"App"}],"tag":"Pi"}],"tag":"Pi"}],"tag":"Pi"}],"tag":"Pi"}],"tag":"Pi"},"reduced":{"contents":[{"item":{"contents":[{"Left":"Agda.Primitive.Level"},[]],"tag":"App"},"name":"ℓ"},{"contents":[{"item":{"contents":[{"Left":"Size.SizedSet"},[{"contents":[{"Right":0},[]],"tag":"App"}]],"tag":"App"},"name":"F"},{"contents":[{"item":{"contents":[{"Left":"Agda.Builtin.Size.Size"},[]],"tag":"App"},"name":"i"},{"contents":[{"item":{"contents":[{"Left":"Codata.Thunk.Thunk"},[{"contents":[{"Right":2},[]],"tag":"App"},{"contents":[{"Right":1},[]],"tag":"App"},{"contents":[{"Right":0},[]],"tag":"App"}]],"tag":"App"},"name":"r"},{"contents":[{"item":{"contents":[{"Left":"Agda.Builtin.Size.Size<_"},[{"contents":[{"Right":0},[]],"tag":"App"}]],"tag":"App"},"name":"j"},{"contents":[{"Right":2},[{"contents":[{"Right":0},[]],"tag":"App"}]],"tag":"App"}],"tag":"Pi"}],"tag":"Pi"}],"tag":"Pi"}],"tag":"Pi"}],"tag":"Pi"},"simplified":{"contents":[{"item":{"contents":[{"Left":"Agda.Primitive.Level"},[]],"tag":"App"},"name":"ℓ"},{"contents":[{"item":{"contents":[{"Left":"Size.SizedSet"},[{"contents":[{"Right":0},[]],"tag":"App"}]],"tag":"App"},"name":"F"},{"contents":[{"item":{"contents":[{"Left":"Agda.Builtin.Size.Size"},[]],"tag":"App"},"name":"i"},{"contents":[{"item":{"contents":[{"Left":"Codata.Thunk.Thunk"},[{"contents":[{"Right":2},[]],"tag":"App"},{"contents":[{"Right":1},[]],"tag":"App"},{"contents":[{"Right":0},[]],"tag":"App"}]],"tag":"App"},"name":"r"},{"contents":[{"item":{"contents":[{"Left":"Agda.Builtin.Size.Size<_"},[{"contents":[{"Right":0},[]],"tag":"App"}]],"tag":"App"},"name":"j"},{"contents":[{"Right":2},[{"contents":[{"Right":0},[]],"tag":"App"}]],"tag":"App"}],"tag":"Pi"}],"tag":"Pi"}],"tag":"Pi"}],"tag":"Pi"}],"tag":"Pi"}}},"name":"Codata.Thunk.Thunk.force"},{"item":{"pretty":"{f p : Agda.Primitive.Level} {F : SizedSet f} →\n(Size → F ∞ → Set p) → Size → Thunk F ∞ → Set p","thing":{"normalised":{"contents":[{"item":{"contents":[{"Left":"Agda.Primitive.Level"},[]],"tag":"App"},"name":"f"},{"contents":[{"item":{"contents":[{"Left":"Agda.Primitive.Level"},[]],"tag":"App"},"name":"p"},{"contents":[{"item":{"contents":[{"item":{"contents":[{"Left":"Agda.Builtin.Size.Size"},[]],"tag":"App"},"name":"_"},{"contents":"Set @1","tag":"Sort"}],"tag":"Pi"},"name":"F"},{"contents":[{"item":{"contents":[{"item":{"contents":[{"Left":"Agda.Builtin.Size.Size"},[]],"tag":"App"},"name":"_"},{"contents":[{"item":{"contents":[{"Right":0},[{"contents":[{"Left":"Agda.Builtin.Size.∞"},[]],"tag":"App"}]],"tag":"App"},"name":"_"},{"contents":"Set @1","tag":"Sort"}],"tag":"Pi"}],"tag":"Pi"},"name":"P"},{"contents":[{"item":{"contents":[{"Left":"Agda.Builtin.Size.Size"},[]],"tag":"App"},"name":"i"},{"contents":[{"item":{"contents":[{"Left":"Codata.Thunk.Thunk"},[{"contents":[{"Right":2},[]],"tag":"App"},{"contents":[{"Right":0},[]],"tag":"App"},{"contents":[{"Left":"Agda.Builtin.Size.∞"},[]],"tag":"App"}]],"tag":"App"},"name":"tf"},{"contents":"Set @1","tag":"Sort"}],"tag":"Pi"}],"tag":"Pi"}],"tag":"Pi"}],"tag":"Pi"}],"tag":"Pi"}],"tag":"Pi"},"original":{"contents":[{"item":{"contents":[{"Left":"Agda.Primitive.Level"},[]],"tag":"App"},"name":"f"},{"contents":[{"item":{"contents":[{"Left":"Agda.Primitive.Level"},[]],"tag":"App"},"name":"p"},{"contents":[{"item":{"contents":[{"Left":"Size.SizedSet"},[{"contents":[{"Right":1},[]],"tag":"App"}]],"tag":"App"},"name":"F"},{"contents":[{"item":{"contents":[{"item":{"contents":[{"Left":"Agda.Builtin.Size.Size"},[]],"tag":"App"},"name":"_"},{"contents":[{"item":{"contents":[{"Right":0},[{"contents":[{"Left":"Agda.Builtin.Size.∞"},[]],"tag":"App"}]],"tag":"App"},"name":"_"},{"contents":"Set @1","tag":"Sort"}],"tag":"Pi"}],"tag":"Pi"},"name":"P"},{"contents":[{"item":{"contents":[{"Left":"Agda.Builtin.Size.Size"},[]],"tag":"App"},"name":"i"},{"contents":[{"item":{"contents":[{"Left":"Codata.Thunk.Thunk"},[{"contents":[{"Right":2},[]],"tag":"App"},{"contents":[{"Right":0},[]],"tag":"App"},{"contents":[{"Left":"Agda.Builtin.Size.∞"},[]],"tag":"App"}]],"tag":"App"},"name":"tf"},{"contents":"Set @1","tag":"Sort"}],"tag":"Pi"}],"tag":"Pi"}],"tag":"Pi"}],"tag":"Pi"}],"tag":"Pi"}],"tag":"Pi"},"reduced":{"contents":[{"item":{"contents":[{"Left":"Agda.Primitive.Level"},[]],"tag":"App"},"name":"f"},{"contents":[{"item":{"contents":[{"Left":"Agda.Primitive.Level"},[]],"tag":"App"},"name":"p"},{"contents":[{"item":{"contents":[{"Left":"Size.SizedSet"},[{"contents":[{"Right":1},[]],"tag":"App"}]],"tag":"App"},"name":"F"},{"contents":[{"item":{"contents":[{"item":{"contents":[{"Left":"Agda.Builtin.Size.Size"},[]],"tag":"App"},"name":"_"},{"contents":[{"item":{"contents":[{"Right":0},[{"contents":[{"Left":"Agda.Builtin.Size.∞"},[]],"tag":"App"}]],"tag":"App"},"name":"_"},{"contents":"Set @1","tag":"Sort"}],"tag":"Pi"}],"tag":"Pi"},"name":"P"},{"contents":[{"item":{"contents":[{"Left":"Agda.Builtin.Size.Size"},[]],"tag":"App"},"name":"i"},{"contents":[{"item":{"contents":[{"Left":"Codata.Thunk.Thunk"},[{"contents":[{"Right":2},[]],"tag":"App"},{"contents":[{"Right":0},[]],"tag":"App"},{"contents":[{"Left":"Agda.Builtin.Size.∞"},[]],"tag":"App"}]],"tag":"App"},"name":"tf"},{"contents":"Set @1","tag":"Sort"}],"tag":"Pi"}],"tag":"Pi"}],"tag":"Pi"}],"tag":"Pi"}],"tag":"Pi"}],"tag":"Pi"},"simplified":{"contents":[{"item":{"contents":[{"Left":"Agda.Primitive.Level"},[]],"tag":"App"},"name":"f"},{"contents":[{"item":{"contents":[{"Left":"Agda.Primitive.Level"},[]],"tag":"App"},"name":"p"},{"contents":[{"item":{"contents":[{"Left":"Size.SizedSet"},[{"contents":[{"Right":1},[]],"tag":"App"}]],"tag":"App"},"name":"F"},{"contents":[{"item":{"contents":[{"item":{"contents":[{"Left":"Agda.Builtin.Size.Size"},[]],"tag":"App"},"name":"_"},{"contents":[{"item":{"contents":[{"Right":0},[{"contents":[{"Left":"Agda.Builtin.Size.∞"},[]],"tag":"App"}]],"tag":"App"},"name":"_"},{"contents":"Set @1","tag":"Sort"}],"tag":"Pi"}],"tag":"Pi"},"name":"P"},{"contents":[{"item":{"contents":[{"Left":"Agda.Builtin.Size.Size"},[]],"tag":"App"},"name":"i"},{"contents":[{"item":{"contents":[{"Left":"Codata.Thunk.Thunk"},[{"contents":[{"Right":2},[]],"tag":"App"},{"contents":[{"Right":0},[]],"tag":"App"},{"contents":[{"Left":"Agda.Builtin.Size.∞"},[]],"tag":"App"}]],"tag":"App"},"name":"tf"},{"contents":"Set @1","tag":"Sort"}],"tag":"Pi"}],"tag":"Pi"}],"tag":"Pi"}],"tag":"Pi"}],"tag":"Pi"}],"tag":"Pi"}}},"name":"Codata.Thunk.Thunk^P"},{"item":{"pretty":"{f g r : Agda.Primitive.Level} {F : SizedSet f} {G : SizedSet g} →\n(Size → F ∞ → G ∞ → Set r) → Size → Thunk F ∞ → Thunk G ∞ → Set r","thing":{"normalised":{"contents":[{"item":{"contents":[{"Left":"Agda.Primitive.Level"},[]],"tag":"App"},"name":"f"},{"contents":[{"item":{"contents":[{"Left":"Agda.Primitive.Level"},[]],"tag":"App"},"name":"g"},{"contents":[{"item":{"contents":[{"Left":"Agda.Primitive.Level"},[]],"tag":"App"},"name":"r"},{"contents":[{"item":{"contents":[{"item":{"contents":[{"Left":"Agda.Builtin.Size.Size"},[]],"tag":"App"},"name":"_"},{"contents":"Set @2","tag":"Sort"}],"tag":"Pi"},"name":"F"},{"contents":[{"item":{"contents":[{"item":{"contents":[{"Left":"Agda.Builtin.Size.Size"},[]],"tag":"App"},"name":"_"},{"contents":"Set @2","tag":"Sort"}],"tag":"Pi"},"name":"G"},{"contents":[{"item":{"contents":[{"item":{"contents":[{"Left":"Agda.Builtin.Size.Size"},[]],"tag":"App"},"name":"_"},{"contents":[{"item":{"contents":[{"Right":1},[{"contents":[{"Left":"Agda.Builtin.Size.∞"},[]],"tag":"App"}]],"tag":"App"},"name":"_"},{"contents":[{"item":{"contents":[{"Right":0},[{"contents":[{"Left":"Agda.Builtin.Size.∞"},[]],"tag":"App"}]],"tag":"App"},"name":"_"},{"contents":"Set @2","tag":"Sort"}],"tag":"Pi"}],"tag":"Pi"}],"tag":"Pi"},"name":"R"},{"contents":[{"item":{"contents":[{"Left":"Agda.Builtin.Size.Size"},[]],"tag":"App"},"name":"i"},{"contents":[{"item":{"contents":[{"Left":"Codata.Thunk.Thunk"},[{"contents":[{"Right":4},[]],"tag":"App"},{"contents":[{"Right":1},[]],"tag":"App"},{"contents":[{"Left":"Agda.Builtin.Size.∞"},[]],"tag":"App"}]],"tag":"App"},"name":"tf"},{"contents":[{"item":{"contents":[{"Left":"Codata.Thunk.Thunk"},[{"contents":[{"Right":3},[]],"tag":"App"},{"contents":[{"Right":0},[]],"tag":"App"},{"contents":[{"Left":"Agda.Builtin.Size.∞"},[]],"tag":"App"}]],"tag":"App"},"name":"tg"},{"contents":"Set @2","tag":"Sort"}],"tag":"Pi"}],"tag":"Pi"}],"tag":"Pi"}],"tag":"Pi"}],"tag":"Pi"}],"tag":"Pi"}],"tag":"Pi"}],"tag":"Pi"}],"tag":"Pi"},"original":{"contents":[{"item":{"contents":[{"Left":"Agda.Primitive.Level"},[]],"tag":"App"},"name":"f"},{"contents":[{"item":{"contents":[{"Left":"Agda.Primitive.Level"},[]],"tag":"App"},"name":"g"},{"contents":[{"item":{"contents":[{"Left":"Agda.Primitive.Level"},[]],"tag":"App"},"name":"r"},{"contents":[{"item":{"contents":[{"Left":"Size.SizedSet"},[{"contents":[{"Right":2},[]],"tag":"App"}]],"tag":"App"},"name":"F"},{"contents":[{"item":{"contents":[{"Left":"Size.SizedSet"},[{"contents":[{"Right":2},[]],"tag":"App"}]],"tag":"App"},"name":"G"},{"contents":[{"item":{"contents":[{"item":{"contents":[{"Left":"Agda.Builtin.Size.Size"},[]],"tag":"App"},"name":"_"},{"contents":[{"item":{"contents":[{"Right":1},[{"contents":[{"Left":"Agda.Builtin.Size.∞"},[]],"tag":"App"}]],"tag":"App"},"name":"_"},{"contents":[{"item":{"contents":[{"Right":0},[{"contents":[{"Left":"Agda.Builtin.Size.∞"},[]],"tag":"App"}]],"tag":"App"},"name":"_"},{"contents":"Set @2","tag":"Sort"}],"tag":"Pi"}],"tag":"Pi"}],"tag":"Pi"},"name":"R"},{"contents":[{"item":{"contents":[{"Left":"Agda.Builtin.Size.Size"},[]],"tag":"App"},"name":"i"},{"contents":[{"item":{"contents":[{"Left":"Codata.Thunk.Thunk"},[{"contents":[{"Right":4},[]],"tag":"App"},{"contents":[{"Right":1},[]],"tag":"App"},{"contents":[{"Left":"Agda.Builtin.Size.∞"},[]],"tag":"App"}]],"tag":"App"},"name":"tf"},{"contents":[{"item":{"contents":[{"Left":"Codata.Thunk.Thunk"},[{"contents":[{"Right":3},[]],"tag":"App"},{"contents":[{"Right":0},[]],"tag":"App"},{"contents":[{"Left":"Agda.Builtin.Size.∞"},[]],"tag":"App"}]],"tag":"App"},"name":"tg"},{"contents":"Set @2","tag":"Sort"}],"tag":"Pi"}],"tag":"Pi"}],"tag":"Pi"}],"tag":"Pi"}],"tag":"Pi"}],"tag":"Pi"}],"tag":"Pi"}],"tag":"Pi"}],"tag":"Pi"},"reduced":{"contents":[{"item":{"contents":[{"Left":"Agda.Primitive.Level"},[]],"tag":"App"},"name":"f"},{"contents":[{"item":{"contents":[{"Left":"Agda.Primitive.Level"},[]],"tag":"App"},"name":"g"},{"contents":[{"item":{"contents":[{"Left":"Agda.Primitive.Level"},[]],"tag":"App"},"name":"r"},{"contents":[{"item":{"contents":[{"Left":"Size.SizedSet"},[{"contents":[{"Right":2},[]],"tag":"App"}]],"tag":"App"},"name":"F"},{"contents":[{"item":{"contents":[{"Left":"Size.SizedSet"},[{"contents":[{"Right":2},[]],"tag":"App"}]],"tag":"App"},"name":"G"},{"contents":[{"item":{"contents":[{"item":{"contents":[{"Left":"Agda.Builtin.Size.Size"},[]],"tag":"App"},"name":"_"},{"contents":[{"item":{"contents":[{"Right":1},[{"contents":[{"Left":"Agda.Builtin.Size.∞"},[]],"tag":"App"}]],"tag":"App"},"name":"_"},{"contents":[{"item":{"contents":[{"Right":0},[{"contents":[{"Left":"Agda.Builtin.Size.∞"},[]],"tag":"App"}]],"tag":"App"},"name":"_"},{"contents":"Set @2","tag":"Sort"}],"tag":"Pi"}],"tag":"Pi"}],"tag":"Pi"},"name":"R"},{"contents":[{"item":{"contents":[{"Left":"Agda.Builtin.Size.Size"},[]],"tag":"App"},"name":"i"},{"contents":[{"item":{"contents":[{"Left":"Codata.Thunk.Thunk"},[{"contents":[{"Right":4},[]],"tag":"App"},{"contents":[{"Right":1},[]],"tag":"App"},{"contents":[{"Left":"Agda.Builtin.Size.∞"},[]],"tag":"App"}]],"tag":"App"},"name":"tf"},{"contents":[{"item":{"contents":[{"Left":"Codata.Thunk.Thunk"},[{"contents":[{"Right":3},[]],"tag":"App"},{"contents":[{"Right":0},[]],"tag":"App"},{"contents":[{"Left":"Agda.Builtin.Size.∞"},[]],"tag":"App"}]],"tag":"App"},"name":"tg"},{"contents":"Set @2","tag":"Sort"}],"tag":"Pi"}],"tag":"Pi"}],"tag":"Pi"}],"tag":"Pi"}],"tag":"Pi"}],"tag":"Pi"}],"tag":"Pi"}],"tag":"Pi"}],"tag":"Pi"},"simplified":{"contents":[{"item":{"contents":[{"Left":"Agda.Primitive.Level"},[]],"tag":"App"},"name":"f"},{"contents":[{"item":{"contents":[{"Left":"Agda.Primitive.Level"},[]],"tag":"App"},"name":"g"},{"contents":[{"item":{"contents":[{"Left":"Agda.Primitive.Level"},[]],"tag":"App"},"name":"r"},{"contents":[{"item":{"contents":[{"Left":"Size.SizedSet"},[{"contents":[{"Right":2},[]],"tag":"App"}]],"tag":"App"},"name":"F"},{"contents":[{"item":{"contents":[{"Left":"Size.SizedSet"},[{"contents":[{"Right":2},[]],"tag":"App"}]],"tag":"App"},"name":"G"},{"contents":[{"item":{"contents":[{"item":{"contents":[{"Left":"Agda.Builtin.Size.Size"},[]],"tag":"App"},"name":"_"},{"contents":[{"item":{"contents":[{"Right":1},[{"contents":[{"Left":"Agda.Builtin.Size.∞"},[]],"tag":"App"}]],"tag":"App"},"name":"_"},{"contents":[{"item":{"contents":[{"Right":0},[{"contents":[{"Left":"Agda.Builtin.Size.∞"},[]],"tag":"App"}]],"tag":"App"},"name":"_"},{"contents":"Set @2","tag":"Sort"}],"tag":"Pi"}],"tag":"Pi"}],"tag":"Pi"},"name":"R"},{"contents":[{"item":{"contents":[{"Left":"Agda.Builtin.Size.Size"},[]],"tag":"App"},"name":"i"},{"contents":[{"item":{"contents":[{"Left":"Codata.Thunk.Thunk"},[{"contents":[{"Right":4},[]],"tag":"App"},{"contents":[{"Right":1},[]],"tag":"App"},{"contents":[{"Left":"Agda.Builtin.Size.∞"},[]],"tag":"App"}]],"tag":"App"},"name":"tf"},{"contents":[{"item":{"contents":[{"Left":"Codata.Thunk.Thunk"},[{"contents":[{"Right":3},[]],"tag":"App"},{"contents":[{"Right":0},[]],"tag":"App"},{"contents":[{"Left":"Agda.Builtin.Size.∞"},[]],"tag":"App"}]],"tag":"App"},"name":"tg"},{"contents":"Set @2","tag":"Sort"}],"tag":"Pi"}],"tag":"Pi"}],"tag":"Pi"}],"tag":"Pi"}],"tag":"Pi"}],"tag":"Pi"}],"tag":"Pi"}],"tag":"Pi"}],"tag":"Pi"}}},"name":"Codata.Thunk.Thunk^R"},{"item":{"pretty":"{ℓ : Agda.Primitive.Level} → SizedSet ℓ → Size → Set ℓ","thing":{"normalised":{"contents":[{"item":{"contents":[{"Left":"Agda.Primitive.Level"},[]],"tag":"App"},"name":"ℓ"},{"contents":[{"item":{"contents":[{"item":{"contents":[{"Left":"Agda.Builtin.Size.Size"},[]],"tag":"App"},"name":"_"},{"contents":"Set @0","tag":"Sort"}],"tag":"Pi"},"name":"_"},{"contents":[{"item":{"contents":[{"Left":"Agda.Builtin.Size.Size"},[]],"tag":"App"},"name":"_"},{"contents":"Set @0","tag":"Sort"}],"tag":"Pi"}],"tag":"Pi"}],"tag":"Pi"},"original":{"contents":[{"item":{"contents":[{"Left":"Agda.Primitive.Level"},[]],"tag":"App"},"name":"ℓ"},{"contents":[{"item":{"contents":[{"Left":"Size.SizedSet"},[{"contents":[{"Right":0},[]],"tag":"App"}]],"tag":"App"},"name":"_"},{"contents":[{"item":{"contents":[{"Left":"Agda.Builtin.Size.Size"},[]],"tag":"App"},"name":"_"},{"contents":"Set @0","tag":"Sort"}],"tag":"Pi"}],"tag":"Pi"}],"tag":"Pi"},"reduced":{"contents":[{"item":{"contents":[{"Left":"Agda.Primitive.Level"},[]],"tag":"App"},"name":"ℓ"},{"contents":[{"item":{"contents":[{"Left":"Size.SizedSet"},[{"contents":[{"Right":0},[]],"tag":"App"}]],"tag":"App"},"name":"_"},{"contents":[{"item":{"contents":[{"Left":"Agda.Builtin.Size.Size"},[]],"tag":"App"},"name":"_"},{"contents":"Set @0","tag":"Sort"}],"tag":"Pi"}],"tag":"Pi"}],"tag":"Pi"},"simplified":{"contents":[{"item":{"contents":[{"Left":"Agda.Primitive.Level"},[]],"tag":"App"},"name":"ℓ"},{"contents":[{"item":{"contents":[{"Left":"Size.SizedSet"},[{"contents":[{"Right":0},[]],"tag":"App"}]],"tag":"App"},"name":"_"},{"contents":[{"item":{"contents":[{"Left":"Agda.Builtin.Size.Size"},[]],"tag":"App"},"name":"_"},{"contents":"Set @0","tag":"Sort"}],"tag":"Pi"}],"tag":"Pi"}],"tag":"Pi"}}},"name":"Codata.Thunk.Thunk-syntax"},{"item":{"pretty":"{p q : Agda.Primitive.Level} {P : SizedSet p} {Q : SizedSet q} →\n∀[ P ⇒ Q ] → ∀[ Thunk P ⇒ Thunk Q ]","thing":{"normalised":{"contents":[{"item":{"contents":[{"Left":"Agda.Primitive.Level"},[]],"tag":"App"},"name":"p"},{"contents":[{"item":{"contents":[{"Left":"Agda.Primitive.Level"},[]],"tag":"App"},"name":"q"},{"contents":[{"item":{"contents":[{"item":{"contents":[{"Left":"Agda.Builtin.Size.Size"},[]],"tag":"App"},"name":"_"},{"contents":"Set @1","tag":"Sort"}],"tag":"Pi"},"name":"P"},{"contents":[{"item":{"contents":[{"item":{"contents":[{"Left":"Agda.Builtin.Size.Size"},[]],"tag":"App"},"name":"_"},{"contents":"Set @1","tag":"Sort"}],"tag":"Pi"},"name":"Q"},{"contents":[{"item":{"contents":[{"item":{"contents":[{"Left":"Agda.Builtin.Size.Size"},[]],"tag":"App"},"name":"i"},{"contents":[{"item":{"contents":[{"Right":2},[{"contents":[{"Right":0},[]],"tag":"App"}]],"tag":"App"},"name":"_"},{"contents":[{"Right":1},[{"contents":[{"Right":0},[]],"tag":"App"}]],"tag":"App"}],"tag":"Pi"}],"tag":"Pi"},"name":"_"},{"contents":[{"item":{"contents":[{"Left":"Agda.Builtin.Size.Size"},[]],"tag":"App"},"name":"i"},{"contents":[{"item":{"contents":[{"Left":"Codata.Thunk.Thunk"},[{"contents":[{"Right":4},[]],"tag":"App"},{"contents":[{"Right":2},[]],"tag":"App"},{"contents":[{"Right":0},[]],"tag":"App"}]],"tag":"App"},"name":"_"},{"contents":[{"Left":"Codata.Thunk.Thunk"},[{"contents":[{"Right":3},[]],"tag":"App"},{"contents":[{"Right":1},[]],"tag":"App"},{"contents":[{"Right":0},[]],"tag":"App"}]],"tag":"App"}],"tag":"Pi"}],"tag":"Pi"}],"tag":"Pi"}],"tag":"Pi"}],"tag":"Pi"}],"tag":"Pi"}],"tag":"Pi"},"original":{"contents":[{"item":{"contents":[{"Left":"Agda.Primitive.Level"},[]],"tag":"App"},"name":"p"},{"contents":[{"item":{"contents":[{"Left":"Agda.Primitive.Level"},[]],"tag":"App"},"name":"q"},{"contents":[{"item":{"contents":[{"Left":"Size.SizedSet"},[{"contents":[{"Right":1},[]],"tag":"App"}]],"tag":"App"},"name":"P"},{"contents":[{"item":{"contents":[{"Left":"Size.SizedSet"},[{"contents":[{"Right":1},[]],"tag":"App"}]],"tag":"App"},"name":"Q"},{"contents":[{"item":{"contents":[{"Left":"Relation.Unary.Sized.∀[_]"},[{"contents":"lub @3 @2","tag":"Level"},{"contents":[{"Left":"Relation.Unary.Sized._⇒_"},[{"contents":[{"Right":3},[]],"tag":"App"},{"contents":[{"Right":2},[]],"tag":"App"},{"contents":[{"Right":1},[]],"tag":"App"},{"contents":[{"Right":0},[]],"tag":"App"}]],"tag":"App"}]],"tag":"App"},"name":"_"},{"contents":[{"Left":"Relation.Unary.Sized.∀[_]"},[{"contents":"lub @3 @2","tag":"Level"},{"contents":[{"Left":"Relation.Unary.Sized._⇒_"},[{"contents":[{"Right":3},[]],"tag":"App"},{"contents":[{"Right":2},[]],"tag":"App"},{"contents":[{"Left":"Codata.Thunk.Thunk"},[{"contents":[{"Right":3},[]],"tag":"App"},{"contents":[{"Right":1},[]],"tag":"App"}]],"tag":"App"},{"contents":[{"Left":"Codata.Thunk.Thunk"},[{"contents":[{"Right":2},[]],"tag":"App"},{"contents":[{"Right":0},[]],"tag":"App"}]],"tag":"App"}]],"tag":"App"}]],"tag":"App"}],"tag":"Pi"}],"tag":"Pi"}],"tag":"Pi"}],"tag":"Pi"}],"tag":"Pi"},"reduced":{"contents":[{"item":{"contents":[{"Left":"Agda.Primitive.Level"},[]],"tag":"App"},"name":"p"},{"contents":[{"item":{"contents":[{"Left":"Agda.Primitive.Level"},[]],"tag":"App"},"name":"q"},{"contents":[{"item":{"contents":[{"Left":"Size.SizedSet"},[{"contents":[{"Right":1},[]],"tag":"App"}]],"tag":"App"},"name":"P"},{"contents":[{"item":{"contents":[{"Left":"Size.SizedSet"},[{"contents":[{"Right":1},[]],"tag":"App"}]],"tag":"App"},"name":"Q"},{"contents":[{"item":{"contents":[{"Left":"Relation.Unary.Sized.∀[_]"},[{"contents":"lub @3 @2","tag":"Level"},{"contents":[{"Left":"Relation.Unary.Sized._⇒_"},[{"contents":[{"Right":3},[]],"tag":"App"},{"contents":[{"Right":2},[]],"tag":"App"},{"contents":[{"Right":1},[]],"tag":"App"},{"contents":[{"Right":0},[]],"tag":"App"}]],"tag":"App"}]],"tag":"App"},"name":"_"},{"contents":[{"Left":"Relation.Unary.Sized.∀[_]"},[{"contents":"lub @3 @2","tag":"Level"},{"contents":[{"Left":"Relation.Unary.Sized._⇒_"},[{"contents":[{"Right":3},[]],"tag":"App"},{"contents":[{"Right":2},[]],"tag":"App"},{"contents":[{"Left":"Codata.Thunk.Thunk"},[{"contents":[{"Right":3},[]],"tag":"App"},{"contents":[{"Right":1},[]],"tag":"App"}]],"tag":"App"},{"contents":[{"Left":"Codata.Thunk.Thunk"},[{"contents":[{"Right":2},[]],"tag":"App"},{"contents":[{"Right":0},[]],"tag":"App"}]],"tag":"App"}]],"tag":"App"}]],"tag":"App"}],"tag":"Pi"}],"tag":"Pi"}],"tag":"Pi"}],"tag":"Pi"}],"tag":"Pi"},"simplified":{"contents":[{"item":{"contents":[{"Left":"Agda.Primitive.Level"},[]],"tag":"App"},"name":"p"},{"contents":[{"item":{"contents":[{"Left":"Agda.Primitive.Level"},[]],"tag":"App"},"name":"q"},{"contents":[{"item":{"contents":[{"Left":"Size.SizedSet"},[{"contents":[{"Right":1},[]],"tag":"App"}]],"tag":"App"},"name":"P"},{"contents":[{"item":{"contents":[{"Left":"Size.SizedSet"},[{"contents":[{"Right":1},[]],"tag":"App"}]],"tag":"App"},"name":"Q"},{"contents":[{"item":{"contents":[{"Left":"Relation.Unary.Sized.∀[_]"},[{"contents":"lub @3 @2","tag":"Level"},{"contents":[{"Left":"Relation.Unary.Sized._⇒_"},[{"contents":[{"Right":3},[]],"tag":"App"},{"contents":[{"Right":2},[]],"tag":"App"},{"contents":[{"Right":1},[]],"tag":"App"},{"contents":[{"Right":0},[]],"tag":"App"}]],"tag":"App"}]],"tag":"App"},"name":"_"},{"contents":[{"Left":"Relation.Unary.Sized.∀[_]"},[{"contents":"lub @3 @2","tag":"Level"},{"contents":[{"Left":"Relation.Unary.Sized._⇒_"},[{"contents":[{"Right":3},[]],"tag":"App"},{"contents":[{"Right":2},[]],"tag":"App"},{"contents":[{"Left":"Codata.Thunk.Thunk"},[{"contents":[{"Right":3},[]],"tag":"App"},{"contents":[{"Right":1},[]],"tag":"App"}]],"tag":"App"},{"contents":[{"Left":"Codata.Thunk.Thunk"},[{"contents":[{"Right":2},[]],"tag":"App"},{"contents":[{"Right":0},[]],"tag":"App"}]],"tag":"App"}]],"tag":"App"}]],"tag":"App"}],"tag":"Pi"}],"tag":"Pi"}],"tag":"Pi"}],"tag":"Pi"}],"tag":"Pi"}}},"name":"Codata.Thunk._.map"},{"item":{"pretty":"{p : Agda.Primitive.Level} {P : SizedSet p} → ∀[ Thunk P ] → P ∞","thing":{"normalised":{"contents":[{"item":{"contents":[{"Left":"Agda.Primitive.Level"},[]],"tag":"App"},"name":"p"},{"contents":[{"item":{"contents":[{"item":{"contents":[{"Left":"Agda.Builtin.Size.Size"},[]],"tag":"App"},"name":"_"},{"contents":"Set @0","tag":"Sort"}],"tag":"Pi"},"name":"P"},{"contents":[{"item":{"contents":[{"item":{"contents":[{"Left":"Agda.Builtin.Size.Size"},[]],"tag":"App"},"name":"i"},{"contents":[{"Left":"Codata.Thunk.Thunk"},[{"contents":[{"Right":2},[]],"tag":"App"},{"contents":[{"Right":1},[]],"tag":"App"},{"contents":[{"Right":0},[]],"tag":"App"}]],"tag":"App"}],"tag":"Pi"},"name":"_"},{"contents":[{"Right":0},[{"contents":[{"Left":"Agda.Builtin.Size.∞"},[]],"tag":"App"}]],"tag":"App"}],"tag":"Pi"}],"tag":"Pi"}],"tag":"Pi"},"original":{"contents":[{"item":{"contents":[{"Left":"Agda.Primitive.Level"},[]],"tag":"App"},"name":"p"},{"contents":[{"item":{"contents":[{"Left":"Size.SizedSet"},[{"contents":[{"Right":0},[]],"tag":"App"}]],"tag":"App"},"name":"P"},{"contents":[{"item":{"contents":[{"Left":"Relation.Unary.Sized.∀[_]"},[{"contents":[{"Right":1},[]],"tag":"App"},{"contents":[{"Left":"Codata.Thunk.Thunk"},[{"contents":[{"Right":1},[]],"tag":"App"},{"contents":[{"Right":0},[]],"tag":"App"}]],"tag":"App"}]],"tag":"App"},"name":"_"},{"contents":[{"Right":0},[{"contents":[{"Left":"Agda.Builtin.Size.∞"},[]],"tag":"App"}]],"tag":"App"}],"tag":"Pi"}],"tag":"Pi"}],"tag":"Pi"},"reduced":{"contents":[{"item":{"contents":[{"Left":"Agda.Primitive.Level"},[]],"tag":"App"},"name":"p"},{"contents":[{"item":{"contents":[{"Left":"Size.SizedSet"},[{"contents":[{"Right":0},[]],"tag":"App"}]],"tag":"App"},"name":"P"},{"contents":[{"item":{"contents":[{"Left":"Relation.Unary.Sized.∀[_]"},[{"contents":[{"Right":1},[]],"tag":"App"},{"contents":[{"Left":"Codata.Thunk.Thunk"},[{"contents":[{"Right":1},[]],"tag":"App"},{"contents":[{"Right":0},[]],"tag":"App"}]],"tag":"App"}]],"tag":"App"},"name":"_"},{"contents":[{"Right":0},[{"contents":[{"Left":"Agda.Builtin.Size.∞"},[]],"tag":"App"}]],"tag":"App"}],"tag":"Pi"}],"tag":"Pi"}],"tag":"Pi"},"simplified":{"contents":[{"item":{"contents":[{"Left":"Agda.Primitive.Level"},[]],"tag":"App"},"name":"p"},{"contents":[{"item":{"contents":[{"Left":"Size.SizedSet"},[{"contents":[{"Right":0},[]],"tag":"App"}]],"tag":"App"},"name":"P"},{"contents":[{"item":{"contents":[{"Left":"Relation.Unary.Sized.∀[_]"},[{"contents":[{"Right":1},[]],"tag":"App"},{"contents":[{"Left":"Codata.Thunk.Thunk"},[{"contents":[{"Right":1},[]],"tag":"App"},{"contents":[{"Right":0},[]],"tag":"App"}]],"tag":"App"}]],"tag":"App"},"name":"_"},{"contents":[{"Right":0},[{"contents":[{"Left":"Agda.Builtin.Size.∞"},[]],"tag":"App"}]],"tag":"App"}],"tag":"Pi"}],"tag":"Pi"}],"tag":"Pi"}}},"name":"Codata.Thunk._.extract"},{"item":{"pretty":"{p : Agda.Primitive.Level} {P : SizedSet p} →\n∀[ Thunk P ⇒ Thunk (Thunk P) ]","thing":{"normalised":{"contents":[{"item":{"contents":[{"Left":"Agda.Primitive.Level"},[]],"tag":"App"},"name":"p"},{"contents":[{"item":{"contents":[{"item":{"contents":[{"Left":"Agda.Builtin.Size.Size"},[]],"tag":"App"},"name":"_"},{"contents":"Set @0","tag":"Sort"}],"tag":"Pi"},"name":"P"},{"contents":[{"item":{"contents":[{"Left":"Agda.Builtin.Size.Size"},[]],"tag":"App"},"name":"i"},{"contents":[{"item":{"contents":[{"Left":"Codata.Thunk.Thunk"},[{"contents":[{"Right":2},[]],"tag":"App"},{"contents":[{"Right":1},[]],"tag":"App"},{"contents":[{"Right":0},[]],"tag":"App"}]],"tag":"App"},"name":"_"},{"contents":[{"Left":"Codata.Thunk.Thunk"},[{"contents":[{"Right":2},[]],"tag":"App"},{"contents":[{"Left":"Codata.Thunk.Thunk"},[{"contents":[{"Right":2},[]],"tag":"App"},{"contents":[{"Right":1},[]],"tag":"App"}]],"tag":"App"},{"contents":[{"Right":0},[]],"tag":"App"}]],"tag":"App"}],"tag":"Pi"}],"tag":"Pi"}],"tag":"Pi"}],"tag":"Pi"},"original":{"contents":[{"item":{"contents":[{"Left":"Agda.Primitive.Level"},[]],"tag":"App"},"name":"p"},{"contents":[{"item":{"contents":[{"Left":"Size.SizedSet"},[{"contents":[{"Right":0},[]],"tag":"App"}]],"tag":"App"},"name":"P"},{"contents":[{"Left":"Relation.Unary.Sized.∀[_]"},[{"contents":[{"Right":1},[]],"tag":"App"},{"contents":[{"Left":"Relation.Unary.Sized._⇒_"},[{"contents":[{"Right":1},[]],"tag":"App"},{"contents":[{"Right":1},[]],"tag":"App"},{"contents":[{"Left":"Codata.Thunk.Thunk"},[{"contents":[{"Right":1},[]],"tag":"App"},{"contents":[{"Right":0},[]],"tag":"App"}]],"tag":"App"},{"contents":[{"Left":"Codata.Thunk.Thunk"},[{"contents":[{"Right":1},[]],"tag":"App"},{"contents":[{"Left":"Codata.Thunk.Thunk"},[{"contents":[{"Right":1},[]],"tag":"App"},{"contents":[{"Right":0},[]],"tag":"App"}]],"tag":"App"}]],"tag":"App"}]],"tag":"App"}]],"tag":"App"}],"tag":"Pi"}],"tag":"Pi"},"reduced":{"contents":[{"item":{"contents":[{"Left":"Agda.Primitive.Level"},[]],"tag":"App"},"name":"p"},{"contents":[{"item":{"contents":[{"Left":"Size.SizedSet"},[{"contents":[{"Right":0},[]],"tag":"App"}]],"tag":"App"},"name":"P"},{"contents":[{"Left":"Relation.Unary.Sized.∀[_]"},[{"contents":[{"Right":1},[]],"tag":"App"},{"contents":[{"Left":"Relation.Unary.Sized._⇒_"},[{"contents":[{"Right":1},[]],"tag":"App"},{"contents":[{"Right":1},[]],"tag":"App"},{"contents":[{"Left":"Codata.Thunk.Thunk"},[{"contents":[{"Right":1},[]],"tag":"App"},{"contents":[{"Right":0},[]],"tag":"App"}]],"tag":"App"},{"contents":[{"Left":"Codata.Thunk.Thunk"},[{"contents":[{"Right":1},[]],"tag":"App"},{"contents":[{"Left":"Codata.Thunk.Thunk"},[{"contents":[{"Right":1},[]],"tag":"App"},{"contents":[{"Right":0},[]],"tag":"App"}]],"tag":"App"}]],"tag":"App"}]],"tag":"App"}]],"tag":"App"}],"tag":"Pi"}],"tag":"Pi"},"simplified":{"contents":[{"item":{"contents":[{"Left":"Agda.Primitive.Level"},[]],"tag":"App"},"name":"p"},{"contents":[{"item":{"contents":[{"Left":"Size.SizedSet"},[{"contents":[{"Right":0},[]],"tag":"App"}]],"tag":"App"},"name":"P"},{"contents":[{"Left":"Relation.Unary.Sized.∀[_]"},[{"contents":[{"Right":1},[]],"tag":"App"},{"contents":[{"Left":"Relation.Unary.Sized._⇒_"},[{"contents":[{"Right":1},[]],"tag":"App"},{"contents":[{"Right":1},[]],"tag":"App"},{"contents":[{"Left":"Codata.Thunk.Thunk"},[{"contents":[{"Right":1},[]],"tag":"App"},{"contents":[{"Right":0},[]],"tag":"App"}]],"tag":"App"},{"contents":[{"Left":"Codata.Thunk.Thunk"},[{"contents":[{"Right":1},[]],"tag":"App"},{"contents":[{"Left":"Codata.Thunk.Thunk"},[{"contents":[{"Right":1},[]],"tag":"App"},{"contents":[{"Right":0},[]],"tag":"App"}]],"tag":"App"}]],"tag":"App"}]],"tag":"App"}]],"tag":"App"}],"tag":"Pi"}],"tag":"Pi"}}},"name":"Codata.Thunk._.duplicate"},{"item":{"pretty":"{p q : Agda.Primitive.Level} {P : SizedSet p} {Q : SizedSet q} →\n∀[ Thunk (P ⇒ Q) ⇒ Thunk P ⇒ Thunk Q ]","thing":{"normalised":{"contents":[{"item":{"contents":[{"Left":"Agda.Primitive.Level"},[]],"tag":"App"},"name":"p"},{"contents":[{"item":{"contents":[{"Left":"Agda.Primitive.Level"},[]],"tag":"App"},"name":"q"},{"contents":[{"item":{"contents":[{"item":{"contents":[{"Left":"Agda.Builtin.Size.Size"},[]],"tag":"App"},"name":"_"},{"contents":"Set @1","tag":"Sort"}],"tag":"Pi"},"name":"P"},{"contents":[{"item":{"contents":[{"item":{"contents":[{"Left":"Agda.Builtin.Size.Size"},[]],"tag":"App"},"name":"_"},{"contents":"Set @1","tag":"Sort"}],"tag":"Pi"},"name":"Q"},{"contents":[{"item":{"contents":[{"Left":"Agda.Builtin.Size.Size"},[]],"tag":"App"},"name":"i"},{"contents":[{"item":{"contents":[{"Left":"Codata.Thunk.Thunk"},[{"contents":"lub @4 @3","tag":"Level"},{"contents":{"item":{"contents":[{"item":{"contents":[{"Right":3},[{"contents":[{"Right":0},[]],"tag":"App"}]],"tag":"App"},"name":"_"},{"contents":[{"Right":2},[{"contents":[{"Right":0},[]],"tag":"App"}]],"tag":"App"}],"tag":"Pi"},"name":"i"},"tag":"Lam"},{"contents":[{"Right":0},[]],"tag":"App"}]],"tag":"App"},"name":"_"},{"contents":[{"item":{"contents":[{"Left":"Codata.Thunk.Thunk"},[{"contents":[{"Right":4},[]],"tag":"App"},{"contents":[{"Right":2},[]],"tag":"App"},{"contents":[{"Right":0},[]],"tag":"App"}]],"tag":"App"},"name":"_"},{"contents":[{"Left":"Codata.Thunk.Thunk"},[{"contents":[{"Right":3},[]],"tag":"App"},{"contents":[{"Right":1},[]],"tag":"App"},{"contents":[{"Right":0},[]],"tag":"App"}]],"tag":"App"}],"tag":"Pi"}],"tag":"Pi"}],"tag":"Pi"}],"tag":"Pi"}],"tag":"Pi"}],"tag":"Pi"}],"tag":"Pi"},"original":{"contents":[{"item":{"contents":[{"Left":"Agda.Primitive.Level"},[]],"tag":"App"},"name":"p"},{"contents":[{"item":{"contents":[{"Left":"Agda.Primitive.Level"},[]],"tag":"App"},"name":"q"},{"contents":[{"item":{"contents":[{"Left":"Size.SizedSet"},[{"contents":[{"Right":1},[]],"tag":"App"}]],"tag":"App"},"name":"P"},{"contents":[{"item":{"contents":[{"Left":"Size.SizedSet"},[{"contents":[{"Right":1},[]],"tag":"App"}]],"tag":"App"},"name":"Q"},{"contents":[{"Left":"Relation.Unary.Sized.∀[_]"},[{"contents":"lub @3 @2","tag":"Level"},{"contents":[{"Left":"Relation.Unary.Sized._⇒_"},[{"contents":"lub @3 @2","tag":"Level"},{"contents":"lub @3 @2","tag":"Level"},{"contents":[{"Left":"Codata.Thunk.Thunk"},[{"contents":"lub @3 @2","tag":"Level"},{"contents":[{"Left":"Relation.Unary.Sized._⇒_"},[{"contents":[{"Right":3},[]],"tag":"App"},{"contents":[{"Right":2},[]],"tag":"App"},{"contents":[{"Right":1},[]],"tag":"App"},{"contents":[{"Right":0},[]],"tag":"App"}]],"tag":"App"}]],"tag":"App"},{"contents":[{"Left":"Relation.Unary.Sized._⇒_"},[{"contents":[{"Right":3},[]],"tag":"App"},{"contents":[{"Right":2},[]],"tag":"App"},{"contents":[{"Left":"Codata.Thunk.Thunk"},[{"contents":[{"Right":3},[]],"tag":"App"},{"contents":[{"Right":1},[]],"tag":"App"}]],"tag":"App"},{"contents":[{"Left":"Codata.Thunk.Thunk"},[{"contents":[{"Right":2},[]],"tag":"App"},{"contents":[{"Right":0},[]],"tag":"App"}]],"tag":"App"}]],"tag":"App"}]],"tag":"App"}]],"tag":"App"}],"tag":"Pi"}],"tag":"Pi"}],"tag":"Pi"}],"tag":"Pi"},"reduced":{"contents":[{"item":{"contents":[{"Left":"Agda.Primitive.Level"},[]],"tag":"App"},"name":"p"},{"contents":[{"item":{"contents":[{"Left":"Agda.Primitive.Level"},[]],"tag":"App"},"name":"q"},{"contents":[{"item":{"contents":[{"Left":"Size.SizedSet"},[{"contents":[{"Right":1},[]],"tag":"App"}]],"tag":"App"},"name":"P"},{"contents":[{"item":{"contents":[{"Left":"Size.SizedSet"},[{"contents":[{"Right":1},[]],"tag":"App"}]],"tag":"App"},"name":"Q"},{"contents":[{"Left":"Relation.Unary.Sized.∀[_]"},[{"contents":"lub @3 @2","tag":"Level"},{"contents":[{"Left":"Relation.Unary.Sized._⇒_"},[{"contents":"lub @3 @2","tag":"Level"},{"contents":"lub @3 @2","tag":"Level"},{"contents":[{"Left":"Codata.Thunk.Thunk"},[{"contents":"lub @3 @2","tag":"Level"},{"contents":[{"Left":"Relation.Unary.Sized._⇒_"},[{"contents":[{"Right":3},[]],"tag":"App"},{"contents":[{"Right":2},[]],"tag":"App"},{"contents":[{"Right":1},[]],"tag":"App"},{"contents":[{"Right":0},[]],"tag":"App"}]],"tag":"App"}]],"tag":"App"},{"contents":[{"Left":"Relation.Unary.Sized._⇒_"},[{"contents":[{"Right":3},[]],"tag":"App"},{"contents":[{"Right":2},[]],"tag":"App"},{"contents":[{"Left":"Codata.Thunk.Thunk"},[{"contents":[{"Right":3},[]],"tag":"App"},{"contents":[{"Right":1},[]],"tag":"App"}]],"tag":"App"},{"contents":[{"Left":"Codata.Thunk.Thunk"},[{"contents":[{"Right":2},[]],"tag":"App"},{"contents":[{"Right":0},[]],"tag":"App"}]],"tag":"App"}]],"tag":"App"}]],"tag":"App"}]],"tag":"App"}],"tag":"Pi"}],"tag":"Pi"}],"tag":"Pi"}],"tag":"Pi"},"simplified":{"contents":[{"item":{"contents":[{"Left":"Agda.Primitive.Level"},[]],"tag":"App"},"name":"p"},{"contents":[{"item":{"contents":[{"Left":"Agda.Primitive.Level"},[]],"tag":"App"},"name":"q"},{"contents":[{"item":{"contents":[{"Left":"Size.SizedSet"},[{"contents":[{"Right":1},[]],"tag":"App"}]],"tag":"App"},"name":"P"},{"contents":[{"item":{"contents":[{"Left":"Size.SizedSet"},[{"contents":[{"Right":1},[]],"tag":"App"}]],"tag":"App"},"name":"Q"},{"contents":[{"Left":"Relation.Unary.Sized.∀[_]"},[{"contents":"lub @3 @2","tag":"Level"},{"contents":[{"Left":"Relation.Unary.Sized._⇒_"},[{"contents":"lub @3 @2","tag":"Level"},{"contents":"lub @3 @2","tag":"Level"},{"contents":[{"Left":"Codata.Thunk.Thunk"},[{"contents":"lub @3 @2","tag":"Level"},{"contents":[{"Left":"Relation.Unary.Sized._⇒_"},[{"contents":[{"Right":3},[]],"tag":"App"},{"contents":[{"Right":2},[]],"tag":"App"},{"contents":[{"Right":1},[]],"tag":"App"},{"contents":[{"Right":0},[]],"tag":"App"}]],"tag":"App"}]],"tag":"App"},{"contents":[{"Left":"Relation.Unary.Sized._⇒_"},[{"contents":[{"Right":3},[]],"tag":"App"},{"contents":[{"Right":2},[]],"tag":"App"},{"contents":[{"Left":"Codata.Thunk.Thunk"},[{"contents":[{"Right":3},[]],"tag":"App"},{"contents":[{"Right":1},[]],"tag":"App"}]],"tag":"App"},{"contents":[{"Left":"Codata.Thunk.Thunk"},[{"contents":[{"Right":2},[]],"tag":"App"},{"contents":[{"Right":0},[]],"tag":"App"}]],"tag":"App"}]],"tag":"App"}]],"tag":"App"}]],"tag":"App"}],"tag":"Pi"}],"tag":"Pi"}],"tag":"Pi"}],"tag":"Pi"}}},"name":"Codata.Thunk._._<*>_"},{"item":{"pretty":"{p : Agda.Primitive.Level} (P : SizedSet p) →\n∀[ Thunk P ⇒ P ] → ∀[ P ]","thing":{"normalised":{"contents":[{"item":{"contents":[{"Left":"Agda.Primitive.Level"},[]],"tag":"App"},"name":"p"},{"contents":[{"item":{"contents":[{"item":{"contents":[{"Left":"Agda.Builtin.Size.Size"},[]],"tag":"App"},"name":"_"},{"contents":"Set @0","tag":"Sort"}],"tag":"Pi"},"name":"P"},{"contents":[{"item":{"contents":[{"item":{"contents":[{"Left":"Agda.Builtin.Size.Size"},[]],"tag":"App"},"name":"i"},{"contents":[{"item":{"contents":[{"Left":"Codata.Thunk.Thunk"},[{"contents":[{"Right":2},[]],"tag":"App"},{"contents":[{"Right":1},[]],"tag":"App"},{"contents":[{"Right":0},[]],"tag":"App"}]],"tag":"App"},"name":"_"},{"contents":[{"Right":1},[{"contents":[{"Right":0},[]],"tag":"App"}]],"tag":"App"}],"tag":"Pi"}],"tag":"Pi"},"name":"_"},{"contents":[{"item":{"contents":[{"Left":"Agda.Builtin.Size.Size"},[]],"tag":"App"},"name":"i"},{"contents":[{"Right":1},[{"contents":[{"Right":0},[]],"tag":"App"}]],"tag":"App"}],"tag":"Pi"}],"tag":"Pi"}],"tag":"Pi"}],"tag":"Pi"},"original":{"contents":[{"item":{"contents":[{"Left":"Agda.Primitive.Level"},[]],"tag":"App"},"name":"p"},{"contents":[{"item":{"contents":[{"Left":"Size.SizedSet"},[{"contents":[{"Right":0},[]],"tag":"App"}]],"tag":"App"},"name":"P"},{"contents":[{"item":{"contents":[{"Left":"Relation.Unary.Sized.∀[_]"},[{"contents":[{"Right":1},[]],"tag":"App"},{"contents":[{"Left":"Relation.Unary.Sized._⇒_"},[{"contents":[{"Right":1},[]],"tag":"App"},{"contents":[{"Right":1},[]],"tag":"App"},{"contents":[{"Left":"Codata.Thunk.Thunk"},[{"contents":[{"Right":1},[]],"tag":"App"},{"contents":[{"Right":0},[]],"tag":"App"}]],"tag":"App"},{"contents":[{"Right":0},[]],"tag":"App"}]],"tag":"App"}]],"tag":"App"},"name":"_"},{"contents":[{"Left":"Relation.Unary.Sized.∀[_]"},[{"contents":[{"Right":1},[]],"tag":"App"},{"contents":[{"Right":0},[]],"tag":"App"}]],"tag":"App"}],"tag":"Pi"}],"tag":"Pi"}],"tag":"Pi"},"reduced":{"contents":[{"item":{"contents":[{"Left":"Agda.Primitive.Level"},[]],"tag":"App"},"name":"p"},{"contents":[{"item":{"contents":[{"Left":"Size.SizedSet"},[{"contents":[{"Right":0},[]],"tag":"App"}]],"tag":"App"},"name":"P"},{"contents":[{"item":{"contents":[{"Left":"Relation.Unary.Sized.∀[_]"},[{"contents":[{"Right":1},[]],"tag":"App"},{"contents":[{"Left":"Relation.Unary.Sized._⇒_"},[{"contents":[{"Right":1},[]],"tag":"App"},{"contents":[{"Right":1},[]],"tag":"App"},{"contents":[{"Left":"Codata.Thunk.Thunk"},[{"contents":[{"Right":1},[]],"tag":"App"},{"contents":[{"Right":0},[]],"tag":"App"}]],"tag":"App"},{"contents":[{"Right":0},[]],"tag":"App"}]],"tag":"App"}]],"tag":"App"},"name":"_"},{"contents":[{"Left":"Relation.Unary.Sized.∀[_]"},[{"contents":[{"Right":1},[]],"tag":"App"},{"contents":[{"Right":0},[]],"tag":"App"}]],"tag":"App"}],"tag":"Pi"}],"tag":"Pi"}],"tag":"Pi"},"simplified":{"contents":[{"item":{"contents":[{"Left":"Agda.Primitive.Level"},[]],"tag":"App"},"name":"p"},{"contents":[{"item":{"contents":[{"Left":"Size.SizedSet"},[{"contents":[{"Right":0},[]],"tag":"App"}]],"tag":"App"},"name":"P"},{"contents":[{"item":{"contents":[{"Left":"Relation.Unary.Sized.∀[_]"},[{"contents":[{"Right":1},[]],"tag":"App"},{"contents":[{"Left":"Relation.Unary.Sized._⇒_"},[{"contents":[{"Right":1},[]],"tag":"App"},{"contents":[{"Right":1},[]],"tag":"App"},{"contents":[{"Left":"Codata.Thunk.Thunk"},[{"contents":[{"Right":1},[]],"tag":"App"},{"contents":[{"Right":0},[]],"tag":"App"}]],"tag":"App"},{"contents":[{"Right":0},[]],"tag":"App"}]],"tag":"App"}]],"tag":"App"},"name":"_"},{"contents":[{"Left":"Relation.Unary.Sized.∀[_]"},[{"contents":[{"Right":1},[]],"tag":"App"},{"contents":[{"Right":0},[]],"tag":"App"}]],"tag":"App"}],"tag":"Pi"}],"tag":"Pi"}],"tag":"Pi"}}},"name":"Codata.Thunk._.cofix"}],"name":"Codata.Thunk"},"samples":[{"ctx":{"pretty":"{f : Agda.Primitive.Level} {p : Agda.Primitive.Level}\n{F : SizedSet f} (P : Size → F ∞ → Set p) (i : Size)\n(tf : Thunk F ∞)","thing":[{"item":{"contents":[{"Left":"Agda.Primitive.Level"},[]],"tag":"App"},"name":"f"},{"item":{"contents":[{"Left":"Agda.Primitive.Level"},[]],"tag":"App"},"name":"p"},{"item":{"contents":[{"Left":"Size.SizedSet"},[{"contents":[{"Right":1},[]],"tag":"App"}]],"tag":"App"},"name":"F"},{"item":{"contents":[{"item":{"contents":[{"Left":"Agda.Builtin.Size.Size"},[]],"tag":"App"},"name":"_"},{"contents":[{"item":{"contents":[{"Right":0},[{"contents":[{"Left":"Agda.Builtin.Size.∞"},[]],"tag":"App"}]],"tag":"App"},"name":"_"},{"contents":"Set @1","tag":"Sort"}],"tag":"Pi"}],"tag":"Pi"},"name":"P"},{"item":{"contents":[{"Left":"Agda.Builtin.Size.Size"},[]],"tag":"App"},"name":"i"},{"item":{"contents":[{"Left":"Codata.Thunk.Thunk"},[{"contents":[{"Right":4},[]],"tag":"App"},{"contents":[{"Right":2},[]],"tag":"App"},{"contents":[{"Left":"Agda.Builtin.Size.∞"},[]],"tag":"App"}]],"tag":"App"},"name":"tf"}]},"goal":{"pretty":"Set p","thing":{"normalised":{"contents":"Set @4","tag":"Sort"},"original":{"contents":"Set @4","tag":"Sort"},"reduced":{"contents":"Set @4","tag":"Sort"},"simplified":{"contents":"Set @4","tag":"Sort"}}},"term":{"pretty":"Thunk (λ i → P i (tf .force)) i","thing":{"normalised":{"contents":[{"Left":"Codata.Thunk.Thunk"},[{"contents":[{"Right":4},[]],"tag":"App"},{"contents":{"item":{"contents":[{"Right":3},[{"contents":[{"Right":0},[]],"tag":"App"},{"contents":[{"Right":1},[{"contents":[{"Left":"Codata.Thunk.Thunk.force"},[]],"tag":"App"},{"contents":[{"Left":"Agda.Builtin.Size.∞"},[]],"tag":"App"}]],"tag":"App"}]],"tag":"App"},"name":"i"},"tag":"Lam"},{"contents":[{"Right":1},[]],"tag":"App"}]],"tag":"App"},"original":{"contents":[{"Left":"Codata.Thunk.Thunk"},[{"contents":[{"Right":4},[]],"tag":"App"},{"contents":{"item":{"contents":[{"Right":3},[{"contents":[{"Right":0},[]],"tag":"App"},{"contents":[{"Right":1},[{"contents":[{"Left":"Codata.Thunk.Thunk.force"},[]],"tag":"App"},{"contents":[{"Left":"Agda.Builtin.Size.∞"},[]],"tag":"App"}]],"tag":"App"}]],"tag":"App"},"name":"i"},"tag":"Lam"},{"contents":[{"Right":1},[]],"tag":"App"}]],"tag":"App"},"reduced":{"contents":[{"Left":"Codata.Thunk.Thunk"},[{"contents":[{"Right":4},[]],"tag":"App"},{"contents":{"item":{"contents":[{"Right":3},[{"contents":[{"Right":0},[]],"tag":"App"},{"contents":[{"Right":1},[{"contents":[{"Left":"Codata.Thunk.Thunk.force"},[]],"tag":"App"},{"contents":[{"Left":"Agda.Builtin.Size.∞"},[]],"tag":"App"}]],"tag":"App"}]],"tag":"App"},"name":"i"},"tag":"Lam"},{"contents":[{"Right":1},[]],"tag":"App"}]],"tag":"App"},"simplified":{"contents":[{"Left":"Codata.Thunk.Thunk"},[{"contents":[{"Right":4},[]],"tag":"App"},{"contents":{"item":{"contents":[{"Right":3},[{"contents":[{"Right":0},[]],"tag":"App"},{"contents":[{"Right":1},[{"contents":[{"Left":"Codata.Thunk.Thunk.force"},[]],"tag":"App"},{"contents":[{"Left":"Agda.Builtin.Size.∞"},[]],"tag":"App"}]],"tag":"App"}]],"tag":"App"},"name":"i"},"tag":"Lam"},{"contents":[{"Right":1},[]],"tag":"App"}]],"tag":"App"}}},"namesUsed":["Codata.Thunk.Thunk","Agda.Builtin.Size.∞"]},{"ctx":{"pretty":"{f : Agda.Primitive.Level} {p = p₁ : Agda.Primitive.Level}\n{F : SizedSet f} (P₁ : Size → F ∞ → Set p₁) (i₁ : Size)\n(tf₁ : Thunk F ∞)","thing":[{"item":{"contents":[{"Left":"Agda.Primitive.Level"},[]],"tag":"App"},"name":"f"},{"item":{"contents":[{"Left":"Agda.Primitive.Level"},[]],"tag":"App"},"name":"p"},{"item":{"contents":[{"Left":"Size.SizedSet"},[{"contents":[{"Right":1},[]],"tag":"App"}]],"tag":"App"},"name":"F"},{"item":{"contents":[{"item":{"contents":[{"Left":"Agda.Builtin.Size.Size"},[]],"tag":"App"},"name":"_"},{"contents":[{"item":{"contents":[{"Right":0},[{"contents":[{"Left":"Agda.Builtin.Size.∞"},[]],"tag":"App"}]],"tag":"App"},"name":"_"},{"contents":"Set @1","tag":"Sort"}],"tag":"Pi"}],"tag":"Pi"},"name":"P"},{"item":{"contents":[{"Left":"Agda.Builtin.Size.Size"},[]],"tag":"App"},"name":"i"},{"item":{"contents":[{"Left":"Codata.Thunk.Thunk"},[{"contents":[{"Right":4},[]],"tag":"App"},{"contents":[{"Right":2},[]],"tag":"App"},{"contents":[{"Left":"Agda.Builtin.Size.∞"},[]],"tag":"App"}]],"tag":"App"},"name":"tf"}]},"goal":{"pretty":"SizedSet p","thing":{"normalised":{"contents":[{"item":{"contents":[{"Left":"Agda.Builtin.Size.Size"},[]],"tag":"App"},"name":"_"},{"contents":"Set @4","tag":"Sort"}],"tag":"Pi"},"original":{"contents":[{"Left":"Size.SizedSet"},[{"contents":[{"Right":4},[]],"tag":"App"}]],"tag":"App"},"reduced":{"contents":[{"item":{"contents":[{"Left":"Agda.Builtin.Size.Size"},[]],"tag":"App"},"name":"_"},{"contents":"Set @4","tag":"Sort"}],"tag":"Pi"},"simplified":{"contents":[{"Left":"Size.SizedSet"},[{"contents":[{"Right":4},[]],"tag":"App"}]],"tag":"App"}}},"term":{"pretty":"λ i₁ → P i₁ (tf .force)","thing":{"normalised":{"contents":{"item":{"contents":[{"Right":3},[{"contents":[{"Right":0},[]],"tag":"App"},{"contents":[{"Right":1},[{"contents":[{"Left":"Codata.Thunk.Thunk.force"},[]],"tag":"App"},{"contents":[{"Left":"Agda.Builtin.Size.∞"},[]],"tag":"App"}]],"tag":"App"}]],"tag":"App"},"name":"i"},"tag":"Lam"},"original":{"contents":{"item":{"contents":[{"Right":3},[{"contents":[{"Right":0},[]],"tag":"App"},{"contents":[{"Right":1},[{"contents":[{"Left":"Codata.Thunk.Thunk.force"},[]],"tag":"App"},{"contents":[{"Left":"Agda.Builtin.Size.∞"},[]],"tag":"App"}]],"tag":"App"}]],"tag":"App"},"name":"i"},"tag":"Lam"},"reduced":{"contents":{"item":{"contents":[{"Right":3},[{"contents":[{"Right":0},[]],"tag":"App"},{"contents":[{"Right":1},[{"contents":[{"Left":"Codata.Thunk.Thunk.force"},[]],"tag":"App"},{"contents":[{"Left":"Agda.Builtin.Size.∞"},[]],"tag":"App"}]],"tag":"App"}]],"tag":"App"},"name":"i"},"tag":"Lam"},"simplified":{"contents":{"item":{"contents":[{"Right":3},[{"contents":[{"Right":0},[]],"tag":"App"},{"contents":[{"Right":1},[{"contents":[{"Left":"Codata.Thunk.Thunk.force"},[]],"tag":"App"},{"contents":[{"Left":"Agda.Builtin.Size.∞"},[]],"tag":"App"}]],"tag":"App"}]],"tag":"App"},"name":"i"},"tag":"Lam"}}},"namesUsed":["Agda.Builtin.Size.∞"]},{"ctx":{"pretty":"{f : Agda.Primitive.Level} {p = p₁ : Agda.Primitive.Level}\n{F : SizedSet f} (P₁ : Size → F ∞ → Set p₁) (i₁ : Size)\n(tf₁ : Thunk F ∞) (i₂ : Size)","thing":[{"item":{"contents":[{"Left":"Agda.Primitive.Level"},[]],"tag":"App"},"name":"f"},{"item":{"contents":[{"Left":"Agda.Primitive.Level"},[]],"tag":"App"},"name":"p"},{"item":{"contents":[{"Left":"Size.SizedSet"},[{"contents":[{"Right":1},[]],"tag":"App"}]],"tag":"App"},"name":"F"},{"item":{"contents":[{"item":{"contents":[{"Left":"Agda.Builtin.Size.Size"},[]],"tag":"App"},"name":"_"},{"contents":[{"item":{"contents":[{"Right":0},[{"contents":[{"Left":"Agda.Builtin.Size.∞"},[]],"tag":"App"}]],"tag":"App"},"name":"_"},{"contents":"Set @1","tag":"Sort"}],"tag":"Pi"}],"tag":"Pi"},"name":"P"},{"item":{"contents":[{"Left":"Agda.Builtin.Size.Size"},[]],"tag":"App"},"name":"i"},{"item":{"contents":[{"Left":"Codata.Thunk.Thunk"},[{"contents":[{"Right":4},[]],"tag":"App"},{"contents":[{"Right":2},[]],"tag":"App"},{"contents":[{"Left":"Agda.Builtin.Size.∞"},[]],"tag":"App"}]],"tag":"App"},"name":"tf"},{"item":{"contents":[{"Left":"Agda.Builtin.Size.Size"},[]],"tag":"App"},"name":"i"}]},"goal":{"pretty":"Set p","thing":{"normalised":{"contents":"Set @5","tag":"Sort"},"original":{"contents":"Set @5","tag":"Sort"},"reduced":{"contents":"Set @5","tag":"Sort"},"simplified":{"contents":"Set @5","tag":"Sort"}}},"term":{"pretty":"P i₁ (tf .force)","thing":{"normalised":{"contents":[{"Right":3},[{"contents":[{"Right":0},[]],"tag":"App"},{"contents":[{"Right":1},[{"contents":[{"Left":"Codata.Thunk.Thunk.force"},[]],"tag":"App"},{"contents":[{"Left":"Agda.Builtin.Size.∞"},[]],"tag":"App"}]],"tag":"App"}]],"tag":"App"},"original":{"contents":[{"Right":3},[{"contents":[{"Right":0},[]],"tag":"App"},{"contents":[{"Right":1},[{"contents":[{"Left":"Codata.Thunk.Thunk.force"},[]],"tag":"App"},{"contents":[{"Left":"Agda.Builtin.Size.∞"},[]],"tag":"App"}]],"tag":"App"}]],"tag":"App"},"reduced":{"contents":[{"Right":3},[{"contents":[{"Right":0},[]],"tag":"App"},{"contents":[{"Right":1},[{"contents":[{"Left":"Codata.Thunk.Thunk.force"},[]],"tag":"App"},{"contents":[{"Left":"Agda.Builtin.Size.∞"},[]],"tag":"App"}]],"tag":"App"}]],"tag":"App"},"simplified":{"contents":[{"Right":3},[{"contents":[{"Right":0},[]],"tag":"App"},{"contents":[{"Right":1},[{"contents":[{"Left":"Codata.Thunk.Thunk.force"},[]],"tag":"App"},{"contents":[{"Left":"Agda.Builtin.Size.∞"},[]],"tag":"App"}]],"tag":"App"}]],"tag":"App"}}},"namesUsed":["Agda.Builtin.Size.∞"]},{"ctx":{"pretty":"{f : Agda.Primitive.Level} {p = p₁ : Agda.Primitive.Level}\n{F : SizedSet f} (P₁ : Size → F ∞ → Set p₁) (i₂ : Size)\n(tf₁ : Thunk F ∞) (i₃ : Size)","thing":[{"item":{"contents":[{"Left":"Agda.Primitive.Level"},[]],"tag":"App"},"name":"f"},{"item":{"contents":[{"Left":"Agda.Primitive.Level"},[]],"tag":"App"},"name":"p"},{"item":{"contents":[{"Left":"Size.SizedSet"},[{"contents":[{"Right":1},[]],"tag":"App"}]],"tag":"App"},"name":"F"},{"item":{"contents":[{"item":{"contents":[{"Left":"Agda.Builtin.Size.Size"},[]],"tag":"App"},"name":"_"},{"contents":[{"item":{"contents":[{"Right":0},[{"contents":[{"Left":"Agda.Builtin.Size.∞"},[]],"tag":"App"}]],"tag":"App"},"name":"_"},{"contents":"Set @1","tag":"Sort"}],"tag":"Pi"}],"tag":"Pi"},"name":"P"},{"item":{"contents":[{"Left":"Agda.Builtin.Size.Size"},[]],"tag":"App"},"name":"i"},{"item":{"contents":[{"Left":"Codata.Thunk.Thunk"},[{"contents":[{"Right":4},[]],"tag":"App"},{"contents":[{"Right":2},[]],"tag":"App"},{"contents":[{"Left":"Agda.Builtin.Size.∞"},[]],"tag":"App"}]],"tag":"App"},"name":"tf"},{"item":{"contents":[{"Left":"Agda.Builtin.Size.Size"},[]],"tag":"App"},"name":"i"}]},"goal":{"pretty":"F ∞","thing":{"normalised":{"contents":[{"Right":4},[{"contents":[{"Left":"Agda.Builtin.Size.∞"},[]],"tag":"App"}]],"tag":"App"},"original":{"contents":[{"Right":4},[{"contents":[{"Left":"Agda.Builtin.Size.∞"},[]],"tag":"App"}]],"tag":"App"},"reduced":{"contents":[{"Right":4},[{"contents":[{"Left":"Agda.Builtin.Size.∞"},[]],"tag":"App"}]],"tag":"App"},"simplified":{"contents":[{"Right":4},[{"contents":[{"Left":"Agda.Builtin.Size.∞"},[]],"tag":"App"}]],"tag":"App"}}},"term":{"pretty":"tf .force","thing":{"normalised":{"contents":[{"Right":1},[{"contents":[{"Left":"Codata.Thunk.Thunk.force"},[]],"tag":"App"},{"contents":[{"Left":"Agda.Builtin.Size.∞"},[]],"tag":"App"}]],"tag":"App"},"original":{"contents":[{"Right":1},[{"contents":[{"Left":"Codata.Thunk.Thunk.force"},[]],"tag":"App"},{"contents":[{"Left":"Agda.Builtin.Size.∞"},[]],"tag":"App"}]],"tag":"App"},"reduced":{"contents":[{"Right":1},[{"contents":[{"Left":"Codata.Thunk.Thunk.force"},[]],"tag":"App"},{"contents":[{"Left":"Agda.Builtin.Size.∞"},[]],"tag":"App"}]],"tag":"App"},"simplified":{"contents":[{"Right":1},[{"contents":[{"Left":"Codata.Thunk.Thunk.force"},[]],"tag":"App"},{"contents":[{"Left":"Agda.Builtin.Size.∞"},[]],"tag":"App"}]],"tag":"App"}}},"namesUsed":["Agda.Builtin.Size.∞"]},{"ctx":{"pretty":"{f : Agda.Primitive.Level} {p = p₁ : Agda.Primitive.Level}\n{F = F₁ : SizedSet f} (P₁ : Size → F₁ ∞ → Set p₁) (i₂ : Size)\n(tf₁ : Thunk F₁ ∞) (i₃ : Size)","thing":[{"item":{"contents":[{"Left":"Agda.Primitive.Level"},[]],"tag":"App"},"name":"f"},{"item":{"contents":[{"Left":"Agda.Primitive.Level"},[]],"tag":"App"},"name":"p"},{"item":{"contents":[{"Left":"Size.SizedSet"},[{"contents":[{"Right":1},[]],"tag":"App"}]],"tag":"App"},"name":"F"},{"item":{"contents":[{"item":{"contents":[{"Left":"Agda.Builtin.Size.Size"},[]],"tag":"App"},"name":"_"},{"contents":[{"item":{"contents":[{"Right":0},[{"contents":[{"Left":"Agda.Builtin.Size.∞"},[]],"tag":"App"}]],"tag":"App"},"name":"_"},{"contents":"Set @1","tag":"Sort"}],"tag":"Pi"}],"tag":"Pi"},"name":"P"},{"item":{"contents":[{"Left":"Agda.Builtin.Size.Size"},[]],"tag":"App"},"name":"i"},{"item":{"contents":[{"Left":"Codata.Thunk.Thunk"},[{"contents":[{"Right":4},[]],"tag":"App"},{"contents":[{"Right":2},[]],"tag":"App"},{"contents":[{"Left":"Agda.Builtin.Size.∞"},[]],"tag":"App"}]],"tag":"App"},"name":"tf"},{"item":{"contents":[{"Left":"Agda.Builtin.Size.Size"},[]],"tag":"App"},"name":"i"}]},"goal":{"pretty":"Size< ∞","thing":{"normalised":{"contents":[{"Left":"Agda.Builtin.Size.Size<_"},[{"contents":[{"Left":"Agda.Builtin.Size.∞"},[]],"tag":"App"}]],"tag":"App"},"original":{"contents":[{"Left":"Agda.Builtin.Size.Size<_"},[{"contents":[{"Left":"Agda.Builtin.Size.∞"},[]],"tag":"App"}]],"tag":"App"},"reduced":{"contents":[{"Left":"Agda.Builtin.Size.Size<_"},[{"contents":[{"Left":"Agda.Builtin.Size.∞"},[]],"tag":"App"}]],"tag":"App"},"simplified":{"contents":[{"Left":"Agda.Builtin.Size.Size<_"},[{"contents":[{"Left":"Agda.Builtin.Size.∞"},[]],"tag":"App"}]],"tag":"App"}}},"term":{"pretty":"∞","thing":{"normalised":{"contents":[{"Left":"Agda.Builtin.Size.∞"},[]],"tag":"App"},"original":{"contents":[{"Left":"Agda.Builtin.Size.∞"},[]],"tag":"App"},"reduced":{"contents":[{"Left":"Agda.Builtin.Size.∞"},[]],"tag":"App"},"simplified":{"contents":[{"Left":"Agda.Builtin.Size.∞"},[]],"tag":"App"}}},"namesUsed":["Agda.Builtin.Size.∞"]},{"ctx":{"pretty":"{f : Agda.Primitive.Level} {g : Agda.Primitive.Level}\n{r : Agda.Primitive.Level} {F : SizedSet f} {G : SizedSet g}\n(R : Size → F ∞ → G ∞ → Set r) (i : Size) (tf : Thunk F ∞)\n(tg : Thunk G ∞)","thing":[{"item":{"contents":[{"Left":"Agda.Primitive.Level"},[]],"tag":"App"},"name":"f"},{"item":{"contents":[{"Left":"Agda.Primitive.Level"},[]],"tag":"App"},"name":"g"},{"item":{"contents":[{"Left":"Agda.Primitive.Level"},[]],"tag":"App"},"name":"r"},{"item":{"contents":[{"Left":"Size.SizedSet"},[{"contents":[{"Right":2},[]],"tag":"App"}]],"tag":"App"},"name":"F"},{"item":{"contents":[{"Left":"Size.SizedSet"},[{"contents":[{"Right":2},[]],"tag":"App"}]],"tag":"App"},"name":"G"},{"item":{"contents":[{"item":{"contents":[{"Left":"Agda.Builtin.Size.Size"},[]],"tag":"App"},"name":"_"},{"contents":[{"item":{"contents":[{"Right":1},[{"contents":[{"Left":"Agda.Builtin.Size.∞"},[]],"tag":"App"}]],"tag":"App"},"name":"_"},{"contents":[{"item":{"contents":[{"Right":0},[{"contents":[{"Left":"Agda.Builtin.Size.∞"},[]],"tag":"App"}]],"tag":"App"},"name":"_"},{"contents":"Set @2","tag":"Sort"}],"tag":"Pi"}],"tag":"Pi"}],"tag":"Pi"},"name":"R"},{"item":{"contents":[{"Left":"Agda.Builtin.Size.Size"},[]],"tag":"App"},"name":"i"},{"item":{"contents":[{"Left":"Codata.Thunk.Thunk"},[{"contents":[{"Right":6},[]],"tag":"App"},{"contents":[{"Right":3},[]],"tag":"App"},{"contents":[{"Left":"Agda.Builtin.Size.∞"},[]],"tag":"App"}]],"tag":"App"},"name":"tf"},{"item":{"contents":[{"Left":"Codata.Thunk.Thunk"},[{"contents":[{"Right":6},[]],"tag":"App"},{"contents":[{"Right":3},[]],"tag":"App"},{"contents":[{"Left":"Agda.Builtin.Size.∞"},[]],"tag":"App"}]],"tag":"App"},"name":"tg"}]},"goal":{"pretty":"Set r","thing":{"normalised":{"contents":"Set @6","tag":"Sort"},"original":{"contents":"Set @6","tag":"Sort"},"reduced":{"contents":"Set @6","tag":"Sort"},"simplified":{"contents":"Set @6","tag":"Sort"}}},"term":{"pretty":"Thunk (λ i → R i (tf .force) (tg .force)) i","thing":{"normalised":{"contents":[{"Left":"Codata.Thunk.Thunk"},[{"contents":[{"Right":6},[]],"tag":"App"},{"contents":{"item":{"contents":[{"Right":4},[{"contents":[{"Right":0},[]],"tag":"App"},{"contents":[{"Right":2},[{"contents":[{"Left":"Codata.Thunk.Thunk.force"},[]],"tag":"App"},{"contents":[{"Left":"Agda.Builtin.Size.∞"},[]],"tag":"App"}]],"tag":"App"},{"contents":[{"Right":1},[{"contents":[{"Left":"Codata.Thunk.Thunk.force"},[]],"tag":"App"},{"contents":[{"Left":"Agda.Builtin.Size.∞"},[]],"tag":"App"}]],"tag":"App"}]],"tag":"App"},"name":"i"},"tag":"Lam"},{"contents":[{"Right":2},[]],"tag":"App"}]],"tag":"App"},"original":{"contents":[{"Left":"Codata.Thunk.Thunk"},[{"contents":[{"Right":6},[]],"tag":"App"},{"contents":{"item":{"contents":[{"Right":4},[{"contents":[{"Right":0},[]],"tag":"App"},{"contents":[{"Right":2},[{"contents":[{"Left":"Codata.Thunk.Thunk.force"},[]],"tag":"App"},{"contents":[{"Left":"Agda.Builtin.Size.∞"},[]],"tag":"App"}]],"tag":"App"},{"contents":[{"Right":1},[{"contents":[{"Left":"Codata.Thunk.Thunk.force"},[]],"tag":"App"},{"contents":[{"Left":"Agda.Builtin.Size.∞"},[]],"tag":"App"}]],"tag":"App"}]],"tag":"App"},"name":"i"},"tag":"Lam"},{"contents":[{"Right":2},[]],"tag":"App"}]],"tag":"App"},"reduced":{"contents":[{"Left":"Codata.Thunk.Thunk"},[{"contents":[{"Right":6},[]],"tag":"App"},{"contents":{"item":{"contents":[{"Right":4},[{"contents":[{"Right":0},[]],"tag":"App"},{"contents":[{"Right":2},[{"contents":[{"Left":"Codata.Thunk.Thunk.force"},[]],"tag":"App"},{"contents":[{"Left":"Agda.Builtin.Size.∞"},[]],"tag":"App"}]],"tag":"App"},{"contents":[{"Right":1},[{"contents":[{"Left":"Codata.Thunk.Thunk.force"},[]],"tag":"App"},{"contents":[{"Left":"Agda.Builtin.Size.∞"},[]],"tag":"App"}]],"tag":"App"}]],"tag":"App"},"name":"i"},"tag":"Lam"},{"contents":[{"Right":2},[]],"tag":"App"}]],"tag":"App"},"simplified":{"contents":[{"Left":"Codata.Thunk.Thunk"},[{"contents":[{"Right":6},[]],"tag":"App"},{"contents":{"item":{"contents":[{"Right":4},[{"contents":[{"Right":0},[]],"tag":"App"},{"contents":[{"Right":2},[{"contents":[{"Left":"Codata.Thunk.Thunk.force"},[]],"tag":"App"},{"contents":[{"Left":"Agda.Builtin.Size.∞"},[]],"tag":"App"}]],"tag":"App"},{"contents":[{"Right":1},[{"contents":[{"Left":"Codata.Thunk.Thunk.force"},[]],"tag":"App"},{"contents":[{"Left":"Agda.Builtin.Size.∞"},[]],"tag":"App"}]],"tag":"App"}]],"tag":"App"},"name":"i"},"tag":"Lam"},{"contents":[{"Right":2},[]],"tag":"App"}]],"tag":"App"}}},"namesUsed":["Codata.Thunk.Thunk","Agda.Builtin.Size.∞","Agda.Builtin.Size.∞"]},{"ctx":{"pretty":"{f : Agda.Primitive.Level} {g : Agda.Primitive.Level}\n{r = r₁ : Agda.Primitive.Level} {F : SizedSet f} {G : SizedSet g}\n(R₁ : Size → F ∞ → G ∞ → Set r₁) (i₁ : Size) (tf₁ : Thunk F ∞)\n(tg₁ : Thunk G ∞)","thing":[{"item":{"contents":[{"Left":"Agda.Primitive.Level"},[]],"tag":"App"},"name":"f"},{"item":{"contents":[{"Left":"Agda.Primitive.Level"},[]],"tag":"App"},"name":"g"},{"item":{"contents":[{"Left":"Agda.Primitive.Level"},[]],"tag":"App"},"name":"r"},{"item":{"contents":[{"Left":"Size.SizedSet"},[{"contents":[{"Right":2},[]],"tag":"App"}]],"tag":"App"},"name":"F"},{"item":{"contents":[{"Left":"Size.SizedSet"},[{"contents":[{"Right":2},[]],"tag":"App"}]],"tag":"App"},"name":"G"},{"item":{"contents":[{"item":{"contents":[{"Left":"Agda.Builtin.Size.Size"},[]],"tag":"App"},"name":"_"},{"contents":[{"item":{"contents":[{"Right":1},[{"contents":[{"Left":"Agda.Builtin.Size.∞"},[]],"tag":"App"}]],"tag":"App"},"name":"_"},{"contents":[{"item":{"contents":[{"Right":0},[{"contents":[{"Left":"Agda.Builtin.Size.∞"},[]],"tag":"App"}]],"tag":"App"},"name":"_"},{"contents":"Set @2","tag":"Sort"}],"tag":"Pi"}],"tag":"Pi"}],"tag":"Pi"},"name":"R"},{"item":{"contents":[{"Left":"Agda.Builtin.Size.Size"},[]],"tag":"App"},"name":"i"},{"item":{"contents":[{"Left":"Codata.Thunk.Thunk"},[{"contents":[{"Right":6},[]],"tag":"App"},{"contents":[{"Right":3},[]],"tag":"App"},{"contents":[{"Left":"Agda.Builtin.Size.∞"},[]],"tag":"App"}]],"tag":"App"},"name":"tf"},{"item":{"contents":[{"Left":"Codata.Thunk.Thunk"},[{"contents":[{"Right":6},[]],"tag":"App"},{"contents":[{"Right":3},[]],"tag":"App"},{"contents":[{"Left":"Agda.Builtin.Size.∞"},[]],"tag":"App"}]],"tag":"App"},"name":"tg"}]},"goal":{"pretty":"SizedSet r","thing":{"normalised":{"contents":[{"item":{"contents":[{"Left":"Agda.Builtin.Size.Size"},[]],"tag":"App"},"name":"_"},{"contents":"Set @6","tag":"Sort"}],"tag":"Pi"},"original":{"contents":[{"Left":"Size.SizedSet"},[{"contents":[{"Right":6},[]],"tag":"App"}]],"tag":"App"},"reduced":{"contents":[{"item":{"contents":[{"Left":"Agda.Builtin.Size.Size"},[]],"tag":"App"},"name":"_"},{"contents":"Set @6","tag":"Sort"}],"tag":"Pi"},"simplified":{"contents":[{"Left":"Size.SizedSet"},[{"contents":[{"Right":6},[]],"tag":"App"}]],"tag":"App"}}},"term":{"pretty":"λ i₁ → R i₁ (tf .force) (tg .force)","thing":{"normalised":{"contents":{"item":{"contents":[{"Right":4},[{"contents":[{"Right":0},[]],"tag":"App"},{"contents":[{"Right":2},[{"contents":[{"Left":"Codata.Thunk.Thunk.force"},[]],"tag":"App"},{"contents":[{"Left":"Agda.Builtin.Size.∞"},[]],"tag":"App"}]],"tag":"App"},{"contents":[{"Right":1},[{"contents":[{"Left":"Codata.Thunk.Thunk.force"},[]],"tag":"App"},{"contents":[{"Left":"Agda.Builtin.Size.∞"},[]],"tag":"App"}]],"tag":"App"}]],"tag":"App"},"name":"i"},"tag":"Lam"},"original":{"contents":{"item":{"contents":[{"Right":4},[{"contents":[{"Right":0},[]],"tag":"App"},{"contents":[{"Right":2},[{"contents":[{"Left":"Codata.Thunk.Thunk.force"},[]],"tag":"App"},{"contents":[{"Left":"Agda.Builtin.Size.∞"},[]],"tag":"App"}]],"tag":"App"},{"contents":[{"Right":1},[{"contents":[{"Left":"Codata.Thunk.Thunk.force"},[]],"tag":"App"},{"contents":[{"Left":"Agda.Builtin.Size.∞"},[]],"tag":"App"}]],"tag":"App"}]],"tag":"App"},"name":"i"},"tag":"Lam"},"reduced":{"contents":{"item":{"contents":[{"Right":4},[{"contents":[{"Right":0},[]],"tag":"App"},{"contents":[{"Right":2},[{"contents":[{"Left":"Codata.Thunk.Thunk.force"},[]],"tag":"App"},{"contents":[{"Left":"Agda.Builtin.Size.∞"},[]],"tag":"App"}]],"tag":"App"},{"contents":[{"Right":1},[{"contents":[{"Left":"Codata.Thunk.Thunk.force"},[]],"tag":"App"},{"contents":[{"Left":"Agda.Builtin.Size.∞"},[]],"tag":"App"}]],"tag":"App"}]],"tag":"App"},"name":"i"},"tag":"Lam"},"simplified":{"contents":{"item":{"contents":[{"Right":4},[{"contents":[{"Right":0},[]],"tag":"App"},{"contents":[{"Right":2},[{"contents":[{"Left":"Codata.Thunk.Thunk.force"},[]],"tag":"App"},{"contents":[{"Left":"Agda.Builtin.Size.∞"},[]],"tag":"App"}]],"tag":"App"},{"contents":[{"Right":1},[{"contents":[{"Left":"Codata.Thunk.Thunk.force"},[]],"tag":"App"},{"contents":[{"Left":"Agda.Builtin.Size.∞"},[]],"tag":"App"}]],"tag":"App"}]],"tag":"App"},"name":"i"},"tag":"Lam"}}},"namesUsed":["Agda.Builtin.Size.∞","Agda.Builtin.Size.∞"]},{"ctx":{"pretty":"{f : Agda.Primitive.Level} {g : Agda.Primitive.Level}\n{r = r₁ : Agda.Primitive.Level} {F : SizedSet f} {G : SizedSet g}\n(R₁ : Size → F ∞ → G ∞ → Set r₁) (i₁ : Size) (tf₁ : Thunk F ∞)\n(tg₁ : Thunk G ∞) (i₂ : Size)","thing":[{"item":{"contents":[{"Left":"Agda.Primitive.Level"},[]],"tag":"App"},"name":"f"},{"item":{"contents":[{"Left":"Agda.Primitive.Level"},[]],"tag":"App"},"name":"g"},{"item":{"contents":[{"Left":"Agda.Primitive.Level"},[]],"tag":"App"},"name":"r"},{"item":{"contents":[{"Left":"Size.SizedSet"},[{"contents":[{"Right":2},[]],"tag":"App"}]],"tag":"App"},"name":"F"},{"item":{"contents":[{"Left":"Size.SizedSet"},[{"contents":[{"Right":2},[]],"tag":"App"}]],"tag":"App"},"name":"G"},{"item":{"contents":[{"item":{"contents":[{"Left":"Agda.Builtin.Size.Size"},[]],"tag":"App"},"name":"_"},{"contents":[{"item":{"contents":[{"Right":1},[{"contents":[{"Left":"Agda.Builtin.Size.∞"},[]],"tag":"App"}]],"tag":"App"},"name":"_"},{"contents":[{"item":{"contents":[{"Right":0},[{"contents":[{"Left":"Agda.Builtin.Size.∞"},[]],"tag":"App"}]],"tag":"App"},"name":"_"},{"contents":"Set @2","tag":"Sort"}],"tag":"Pi"}],"tag":"Pi"}],"tag":"Pi"},"name":"R"},{"item":{"contents":[{"Left":"Agda.Builtin.Size.Size"},[]],"tag":"App"},"name":"i"},{"item":{"contents":[{"Left":"Codata.Thunk.Thunk"},[{"contents":[{"Right":6},[]],"tag":"App"},{"contents":[{"Right":3},[]],"tag":"App"},{"contents":[{"Left":"Agda.Builtin.Size.∞"},[]],"tag":"App"}]],"tag":"App"},"name":"tf"},{"item":{"contents":[{"Left":"Codata.Thunk.Thunk"},[{"contents":[{"Right":6},[]],"tag":"App"},{"contents":[{"Right":3},[]],"tag":"App"},{"contents":[{"Left":"Agda.Builtin.Size.∞"},[]],"tag":"App"}]],"tag":"App"},"name":"tg"},{"item":{"contents":[{"Left":"Agda.Builtin.Size.Size"},[]],"tag":"App"},"name":"i"}]},"goal":{"pretty":"Set r","thing":{"normalised":{"contents":"Set @7","tag":"Sort"},"original":{"contents":"Set @7","tag":"Sort"},"reduced":{"contents":"Set @7","tag":"Sort"},"simplified":{"contents":"Set @7","tag":"Sort"}}},"term":{"pretty":"R i₁ (tf .force) (tg .force)","thing":{"normalised":{"contents":[{"Right":4},[{"contents":[{"Right":0},[]],"tag":"App"},{"contents":[{"Right":2},[{"contents":[{"Left":"Codata.Thunk.Thunk.force"},[]],"tag":"App"},{"contents":[{"Left":"Agda.Builtin.Size.∞"},[]],"tag":"App"}]],"tag":"App"},{"contents":[{"Right":1},[{"contents":[{"Left":"Codata.Thunk.Thunk.force"},[]],"tag":"App"},{"contents":[{"Left":"Agda.Builtin.Size.∞"},[]],"tag":"App"}]],"tag":"App"}]],"tag":"App"},"original":{"contents":[{"Right":4},[{"contents":[{"Right":0},[]],"tag":"App"},{"contents":[{"Right":2},[{"contents":[{"Left":"Codata.Thunk.Thunk.force"},[]],"tag":"App"},{"contents":[{"Left":"Agda.Builtin.Size.∞"},[]],"tag":"App"}]],"tag":"App"},{"contents":[{"Right":1},[{"contents":[{"Left":"Codata.Thunk.Thunk.force"},[]],"tag":"App"},{"contents":[{"Left":"Agda.Builtin.Size.∞"},[]],"tag":"App"}]],"tag":"App"}]],"tag":"App"},"reduced":{"contents":[{"Right":4},[{"contents":[{"Right":0},[]],"tag":"App"},{"contents":[{"Right":2},[{"contents":[{"Left":"Codata.Thunk.Thunk.force"},[]],"tag":"App"},{"contents":[{"Left":"Agda.Builtin.Size.∞"},[]],"tag":"App"}]],"tag":"App"},{"contents":[{"Right":1},[{"contents":[{"Left":"Codata.Thunk.Thunk.force"},[]],"tag":"App"},{"contents":[{"Left":"Agda.Builtin.Size.∞"},[]],"tag":"App"}]],"tag":"App"}]],"tag":"App"},"simplified":{"contents":[{"Right":4},[{"contents":[{"Right":0},[]],"tag":"App"},{"contents":[{"Right":2},[{"contents":[{"Left":"Codata.Thunk.Thunk.force"},[]],"tag":"App"},{"contents":[{"Left":"Agda.Builtin.Size.∞"},[]],"tag":"App"}]],"tag":"App"},{"contents":[{"Right":1},[{"contents":[{"Left":"Codata.Thunk.Thunk.force"},[]],"tag":"App"},{"contents":[{"Left":"Agda.Builtin.Size.∞"},[]],"tag":"App"}]],"tag":"App"}]],"tag":"App"}}},"namesUsed":["Agda.Builtin.Size.∞","Agda.Builtin.Size.∞"]},{"ctx":{"pretty":"{f : Agda.Primitive.Level} {g : Agda.Primitive.Level}\n{r = r₁ : Agda.Primitive.Level} {F : SizedSet f} {G : SizedSet g}\n(R₁ : Size → F ∞ → G ∞ → Set r₁) (i₂ : Size) (tf₁ : Thunk F ∞)\n(tg₁ : Thunk G ∞) (i₃ : Size)","thing":[{"item":{"contents":[{"Left":"Agda.Primitive.Level"},[]],"tag":"App"},"name":"f"},{"item":{"contents":[{"Left":"Agda.Primitive.Level"},[]],"tag":"App"},"name":"g"},{"item":{"contents":[{"Left":"Agda.Primitive.Level"},[]],"tag":"App"},"name":"r"},{"item":{"contents":[{"Left":"Size.SizedSet"},[{"contents":[{"Right":2},[]],"tag":"App"}]],"tag":"App"},"name":"F"},{"item":{"contents":[{"Left":"Size.SizedSet"},[{"contents":[{"Right":2},[]],"tag":"App"}]],"tag":"App"},"name":"G"},{"item":{"contents":[{"item":{"contents":[{"Left":"Agda.Builtin.Size.Size"},[]],"tag":"App"},"name":"_"},{"contents":[{"item":{"contents":[{"Right":1},[{"contents":[{"Left":"Agda.Builtin.Size.∞"},[]],"tag":"App"}]],"tag":"App"},"name":"_"},{"contents":[{"item":{"contents":[{"Right":0},[{"contents":[{"Left":"Agda.Builtin.Size.∞"},[]],"tag":"App"}]],"tag":"App"},"name":"_"},{"contents":"Set @2","tag":"Sort"}],"tag":"Pi"}],"tag":"Pi"}],"tag":"Pi"},"name":"R"},{"item":{"contents":[{"Left":"Agda.Builtin.Size.Size"},[]],"tag":"App"},"name":"i"},{"item":{"contents":[{"Left":"Codata.Thunk.Thunk"},[{"contents":[{"Right":6},[]],"tag":"App"},{"contents":[{"Right":3},[]],"tag":"App"},{"contents":[{"Left":"Agda.Builtin.Size.∞"},[]],"tag":"App"}]],"tag":"App"},"name":"tf"},{"item":{"contents":[{"Left":"Codata.Thunk.Thunk"},[{"contents":[{"Right":6},[]],"tag":"App"},{"contents":[{"Right":3},[]],"tag":"App"},{"contents":[{"Left":"Agda.Builtin.Size.∞"},[]],"tag":"App"}]],"tag":"App"},"name":"tg"},{"item":{"contents":[{"Left":"Agda.Builtin.Size.Size"},[]],"tag":"App"},"name":"i"}]},"goal":{"pretty":"F ∞","thing":{"normalised":{"contents":[{"Right":6},[{"contents":[{"Left":"Agda.Builtin.Size.∞"},[]],"tag":"App"}]],"tag":"App"},"original":{"contents":[{"Right":6},[{"contents":[{"Left":"Agda.Builtin.Size.∞"},[]],"tag":"App"}]],"tag":"App"},"reduced":{"contents":[{"Right":6},[{"contents":[{"Left":"Agda.Builtin.Size.∞"},[]],"tag":"App"}]],"tag":"App"},"simplified":{"contents":[{"Right":6},[{"contents":[{"Left":"Agda.Builtin.Size.∞"},[]],"tag":"App"}]],"tag":"App"}}},"term":{"pretty":"tf .force","thing":{"normalised":{"contents":[{"Right":2},[{"contents":[{"Left":"Codata.Thunk.Thunk.force"},[]],"tag":"App"},{"contents":[{"Left":"Agda.Builtin.Size.∞"},[]],"tag":"App"}]],"tag":"App"},"original":{"contents":[{"Right":2},[{"contents":[{"Left":"Codata.Thunk.Thunk.force"},[]],"tag":"App"},{"contents":[{"Left":"Agda.Builtin.Size.∞"},[]],"tag":"App"}]],"tag":"App"},"reduced":{"contents":[{"Right":2},[{"contents":[{"Left":"Codata.Thunk.Thunk.force"},[]],"tag":"App"},{"contents":[{"Left":"Agda.Builtin.Size.∞"},[]],"tag":"App"}]],"tag":"App"},"simplified":{"contents":[{"Right":2},[{"contents":[{"Left":"Codata.Thunk.Thunk.force"},[]],"tag":"App"},{"contents":[{"Left":"Agda.Builtin.Size.∞"},[]],"tag":"App"}]],"tag":"App"}}},"namesUsed":["Agda.Builtin.Size.∞"]},{"ctx":{"pretty":"{f : Agda.Primitive.Level} {g : Agda.Primitive.Level}\n{r = r₁ : Agda.Primitive.Level} {F = F₁ : SizedSet f}\n{G : SizedSet g} (R₁ : Size → F₁ ∞ → G ∞ → Set r₁) (i₂ : Size)\n(tf₁ : Thunk F₁ ∞) (tg₁ : Thunk G ∞) (i₃ : Size)","thing":[{"item":{"contents":[{"Left":"Agda.Primitive.Level"},[]],"tag":"App"},"name":"f"},{"item":{"contents":[{"Left":"Agda.Primitive.Level"},[]],"tag":"App"},"name":"g"},{"item":{"contents":[{"Left":"Agda.Primitive.Level"},[]],"tag":"App"},"name":"r"},{"item":{"contents":[{"Left":"Size.SizedSet"},[{"contents":[{"Right":2},[]],"tag":"App"}]],"tag":"App"},"name":"F"},{"item":{"contents":[{"Left":"Size.SizedSet"},[{"contents":[{"Right":2},[]],"tag":"App"}]],"tag":"App"},"name":"G"},{"item":{"contents":[{"item":{"contents":[{"Left":"Agda.Builtin.Size.Size"},[]],"tag":"App"},"name":"_"},{"contents":[{"item":{"contents":[{"Right":1},[{"contents":[{"Left":"Agda.Builtin.Size.∞"},[]],"tag":"App"}]],"tag":"App"},"name":"_"},{"contents":[{"item":{"contents":[{"Right":0},[{"contents":[{"Left":"Agda.Builtin.Size.∞"},[]],"tag":"App"}]],"tag":"App"},"name":"_"},{"contents":"Set @2","tag":"Sort"}],"tag":"Pi"}],"tag":"Pi"}],"tag":"Pi"},"name":"R"},{"item":{"contents":[{"Left":"Agda.Builtin.Size.Size"},[]],"tag":"App"},"name":"i"},{"item":{"contents":[{"Left":"Codata.Thunk.Thunk"},[{"contents":[{"Right":6},[]],"tag":"App"},{"contents":[{"Right":3},[]],"tag":"App"},{"contents":[{"Left":"Agda.Builtin.Size.∞"},[]],"tag":"App"}]],"tag":"App"},"name":"tf"},{"item":{"contents":[{"Left":"Codata.Thunk.Thunk"},[{"contents":[{"Right":6},[]],"tag":"App"},{"contents":[{"Right":3},[]],"tag":"App"},{"contents":[{"Left":"Agda.Builtin.Size.∞"},[]],"tag":"App"}]],"tag":"App"},"name":"tg"},{"item":{"contents":[{"Left":"Agda.Builtin.Size.Size"},[]],"tag":"App"},"name":"i"}]},"goal":{"pretty":"Size< ∞","thing":{"normalised":{"contents":[{"Left":"Agda.Builtin.Size.Size<_"},[{"contents":[{"Left":"Agda.Builtin.Size.∞"},[]],"tag":"App"}]],"tag":"App"},"original":{"contents":[{"Left":"Agda.Builtin.Size.Size<_"},[{"contents":[{"Left":"Agda.Builtin.Size.∞"},[]],"tag":"App"}]],"tag":"App"},"reduced":{"contents":[{"Left":"Agda.Builtin.Size.Size<_"},[{"contents":[{"Left":"Agda.Builtin.Size.∞"},[]],"tag":"App"}]],"tag":"App"},"simplified":{"contents":[{"Left":"Agda.Builtin.Size.Size<_"},[{"contents":[{"Left":"Agda.Builtin.Size.∞"},[]],"tag":"App"}]],"tag":"App"}}},"term":{"pretty":"∞","thing":{"normalised":{"contents":[{"Left":"Agda.Builtin.Size.∞"},[]],"tag":"App"},"original":{"contents":[{"Left":"Agda.Builtin.Size.∞"},[]],"tag":"App"},"reduced":{"contents":[{"Left":"Agda.Builtin.Size.∞"},[]],"tag":"App"},"simplified":{"contents":[{"Left":"Agda.Builtin.Size.∞"},[]],"tag":"App"}}},"namesUsed":["Agda.Builtin.Size.∞"]},{"ctx":{"pretty":"{f : Agda.Primitive.Level} {g : Agda.Primitive.Level}\n{r = r₁ : Agda.Primitive.Level} {F = F₁ : SizedSet f}\n{G : SizedSet g} (R₁ : Size → F₁ ∞ → G ∞ → Set r₁) (i₂ : Size)\n(tf₁ : Thunk F₁ ∞) (tg₁ : Thunk G ∞) (i₃ : Size)","thing":[{"item":{"contents":[{"Left":"Agda.Primitive.Level"},[]],"tag":"App"},"name":"f"},{"item":{"contents":[{"Left":"Agda.Primitive.Level"},[]],"tag":"App"},"name":"g"},{"item":{"contents":[{"Left":"Agda.Primitive.Level"},[]],"tag":"App"},"name":"r"},{"item":{"contents":[{"Left":"Size.SizedSet"},[{"contents":[{"Right":2},[]],"tag":"App"}]],"tag":"App"},"name":"F"},{"item":{"contents":[{"Left":"Size.SizedSet"},[{"contents":[{"Right":2},[]],"tag":"App"}]],"tag":"App"},"name":"G"},{"item":{"contents":[{"item":{"contents":[{"Left":"Agda.Builtin.Size.Size"},[]],"tag":"App"},"name":"_"},{"contents":[{"item":{"contents":[{"Right":1},[{"contents":[{"Left":"Agda.Builtin.Size.∞"},[]],"tag":"App"}]],"tag":"App"},"name":"_"},{"contents":[{"item":{"contents":[{"Right":0},[{"contents":[{"Left":"Agda.Builtin.Size.∞"},[]],"tag":"App"}]],"tag":"App"},"name":"_"},{"contents":"Set @2","tag":"Sort"}],"tag":"Pi"}],"tag":"Pi"}],"tag":"Pi"},"name":"R"},{"item":{"contents":[{"Left":"Agda.Builtin.Size.Size"},[]],"tag":"App"},"name":"i"},{"item":{"contents":[{"Left":"Codata.Thunk.Thunk"},[{"contents":[{"Right":6},[]],"tag":"App"},{"contents":[{"Right":3},[]],"tag":"App"},{"contents":[{"Left":"Agda.Builtin.Size.∞"},[]],"tag":"App"}]],"tag":"App"},"name":"tf"},{"item":{"contents":[{"Left":"Codata.Thunk.Thunk"},[{"contents":[{"Right":6},[]],"tag":"App"},{"contents":[{"Right":3},[]],"tag":"App"},{"contents":[{"Left":"Agda.Builtin.Size.∞"},[]],"tag":"App"}]],"tag":"App"},"name":"tg"},{"item":{"contents":[{"Left":"Agda.Builtin.Size.Size"},[]],"tag":"App"},"name":"i"}]},"goal":{"pretty":"G ∞","thing":{"normalised":{"contents":[{"Right":5},[{"contents":[{"Left":"Agda.Builtin.Size.∞"},[]],"tag":"App"}]],"tag":"App"},"original":{"contents":[{"Right":5},[{"contents":[{"Left":"Agda.Builtin.Size.∞"},[]],"tag":"App"}]],"tag":"App"},"reduced":{"contents":[{"Right":5},[{"contents":[{"Left":"Agda.Builtin.Size.∞"},[]],"tag":"App"}]],"tag":"App"},"simplified":{"contents":[{"Right":5},[{"contents":[{"Left":"Agda.Builtin.Size.∞"},[]],"tag":"App"}]],"tag":"App"}}},"term":{"pretty":"tg .force","thing":{"normalised":{"contents":[{"Right":1},[{"contents":[{"Left":"Codata.Thunk.Thunk.force"},[]],"tag":"App"},{"contents":[{"Left":"Agda.Builtin.Size.∞"},[]],"tag":"App"}]],"tag":"App"},"original":{"contents":[{"Right":1},[{"contents":[{"Left":"Codata.Thunk.Thunk.force"},[]],"tag":"App"},{"contents":[{"Left":"Agda.Builtin.Size.∞"},[]],"tag":"App"}]],"tag":"App"},"reduced":{"contents":[{"Right":1},[{"contents":[{"Left":"Codata.Thunk.Thunk.force"},[]],"tag":"App"},{"contents":[{"Left":"Agda.Builtin.Size.∞"},[]],"tag":"App"}]],"tag":"App"},"simplified":{"contents":[{"Right":1},[{"contents":[{"Left":"Codata.Thunk.Thunk.force"},[]],"tag":"App"},{"contents":[{"Left":"Agda.Builtin.Size.∞"},[]],"tag":"App"}]],"tag":"App"}}},"namesUsed":["Agda.Builtin.Size.∞"]},{"ctx":{"pretty":"{f : Agda.Primitive.Level} {g : Agda.Primitive.Level}\n{r = r₁ : Agda.Primitive.Level} {F = F₁ : SizedSet f}\n{G = G₁ : SizedSet g} (R₁ : Size → F₁ ∞ → G₁ ∞ → Set r₁)\n(i₂ : Size) (tf₁ : Thunk F₁ ∞) (tg₁ : Thunk G₁ ∞) (i₃ : Size)","thing":[{"item":{"contents":[{"Left":"Agda.Primitive.Level"},[]],"tag":"App"},"name":"f"},{"item":{"contents":[{"Left":"Agda.Primitive.Level"},[]],"tag":"App"},"name":"g"},{"item":{"contents":[{"Left":"Agda.Primitive.Level"},[]],"tag":"App"},"name":"r"},{"item":{"contents":[{"Left":"Size.SizedSet"},[{"contents":[{"Right":2},[]],"tag":"App"}]],"tag":"App"},"name":"F"},{"item":{"contents":[{"Left":"Size.SizedSet"},[{"contents":[{"Right":2},[]],"tag":"App"}]],"tag":"App"},"name":"G"},{"item":{"contents":[{"item":{"contents":[{"Left":"Agda.Builtin.Size.Size"},[]],"tag":"App"},"name":"_"},{"contents":[{"item":{"contents":[{"Right":1},[{"contents":[{"Left":"Agda.Builtin.Size.∞"},[]],"tag":"App"}]],"tag":"App"},"name":"_"},{"contents":[{"item":{"contents":[{"Right":0},[{"contents":[{"Left":"Agda.Builtin.Size.∞"},[]],"tag":"App"}]],"tag":"App"},"name":"_"},{"contents":"Set @2","tag":"Sort"}],"tag":"Pi"}],"tag":"Pi"}],"tag":"Pi"},"name":"R"},{"item":{"contents":[{"Left":"Agda.Builtin.Size.Size"},[]],"tag":"App"},"name":"i"},{"item":{"contents":[{"Left":"Codata.Thunk.Thunk"},[{"contents":[{"Right":6},[]],"tag":"App"},{"contents":[{"Right":3},[]],"tag":"App"},{"contents":[{"Left":"Agda.Builtin.Size.∞"},[]],"tag":"App"}]],"tag":"App"},"name":"tf"},{"item":{"contents":[{"Left":"Codata.Thunk.Thunk"},[{"contents":[{"Right":6},[]],"tag":"App"},{"contents":[{"Right":3},[]],"tag":"App"},{"contents":[{"Left":"Agda.Builtin.Size.∞"},[]],"tag":"App"}]],"tag":"App"},"name":"tg"},{"item":{"contents":[{"Left":"Agda.Builtin.Size.Size"},[]],"tag":"App"},"name":"i"}]},"goal":{"pretty":"Size< ∞","thing":{"normalised":{"contents":[{"Left":"Agda.Builtin.Size.Size<_"},[{"contents":[{"Left":"Agda.Builtin.Size.∞"},[]],"tag":"App"}]],"tag":"App"},"original":{"contents":[{"Left":"Agda.Builtin.Size.Size<_"},[{"contents":[{"Left":"Agda.Builtin.Size.∞"},[]],"tag":"App"}]],"tag":"App"},"reduced":{"contents":[{"Left":"Agda.Builtin.Size.Size<_"},[{"contents":[{"Left":"Agda.Builtin.Size.∞"},[]],"tag":"App"}]],"tag":"App"},"simplified":{"contents":[{"Left":"Agda.Builtin.Size.Size<_"},[{"contents":[{"Left":"Agda.Builtin.Size.∞"},[]],"tag":"App"}]],"tag":"App"}}},"term":{"pretty":"∞","thing":{"normalised":{"contents":[{"Left":"Agda.Builtin.Size.∞"},[]],"tag":"App"},"original":{"contents":[{"Left":"Agda.Builtin.Size.∞"},[]],"tag":"App"},"reduced":{"contents":[{"Left":"Agda.Builtin.Size.∞"},[]],"tag":"App"},"simplified":{"contents":[{"Left":"Agda.Builtin.Size.∞"},[]],"tag":"App"}}},"namesUsed":["Agda.Builtin.Size.∞"]},{"ctx":{"pretty":"{ℓ : Agda.Primitive.Level}","thing":[{"item":{"contents":[{"Left":"Agda.Primitive.Level"},[]],"tag":"App"},"name":"ℓ"}]},"goal":{"pretty":"SizedSet ℓ → Size → Set ℓ","thing":{"normalised":{"contents":[{"item":{"contents":[{"item":{"contents":[{"Left":"Agda.Builtin.Size.Size"},[]],"tag":"App"},"name":"_"},{"contents":"Set @0","tag":"Sort"}],"tag":"Pi"},"name":"_"},{"contents":[{"item":{"contents":[{"Left":"Agda.Builtin.Size.Size"},[]],"tag":"App"},"name":"_"},{"contents":"Set @0","tag":"Sort"}],"tag":"Pi"}],"tag":"Pi"},"original":{"contents":[{"item":{"contents":[{"Left":"Size.SizedSet"},[{"contents":[{"Right":0},[]],"tag":"App"}]],"tag":"App"},"name":"_"},{"contents":[{"item":{"contents":[{"Left":"Agda.Builtin.Size.Size"},[]],"tag":"App"},"name":"_"},{"contents":"Set @0","tag":"Sort"}],"tag":"Pi"}],"tag":"Pi"},"reduced":{"contents":[{"item":{"contents":[{"Left":"Size.SizedSet"},[{"contents":[{"Right":0},[]],"tag":"App"}]],"tag":"App"},"name":"_"},{"contents":[{"item":{"contents":[{"Left":"Agda.Builtin.Size.Size"},[]],"tag":"App"},"name":"_"},{"contents":"Set @0","tag":"Sort"}],"tag":"Pi"}],"tag":"Pi"},"simplified":{"contents":[{"item":{"contents":[{"Left":"Size.SizedSet"},[{"contents":[{"Right":0},[]],"tag":"App"}]],"tag":"App"},"name":"_"},{"contents":[{"item":{"contents":[{"Left":"Agda.Builtin.Size.Size"},[]],"tag":"App"},"name":"_"},{"contents":"Set @0","tag":"Sort"}],"tag":"Pi"}],"tag":"Pi"}}},"term":{"pretty":"Thunk","thing":{"normalised":{"contents":[{"Left":"Codata.Thunk.Thunk"},[{"contents":[{"Right":0},[]],"tag":"App"}]],"tag":"App"},"original":{"contents":[{"Left":"Codata.Thunk.Thunk"},[{"contents":[{"Right":0},[]],"tag":"App"}]],"tag":"App"},"reduced":{"contents":[{"Left":"Codata.Thunk.Thunk"},[{"contents":[{"Right":0},[]],"tag":"App"}]],"tag":"App"},"simplified":{"contents":[{"Left":"Codata.Thunk.Thunk"},[{"contents":[{"Right":0},[]],"tag":"App"}]],"tag":"App"}}},"namesUsed":["Codata.Thunk.Thunk"]},{"ctx":{"pretty":"{p : Agda.Primitive.Level} {P : SizedSet p} (p₁ : ∀[ Thunk P ])","thing":[{"item":{"contents":[{"Left":"Agda.Primitive.Level"},[]],"tag":"App"},"name":"p"},{"item":{"contents":[{"Left":"Size.SizedSet"},[{"contents":[{"Right":0},[]],"tag":"App"}]],"tag":"App"},"name":"P"},{"item":{"contents":[{"Left":"Relation.Unary.Sized.∀[_]"},[{"contents":[{"Right":1},[]],"tag":"App"},{"contents":[{"Left":"Codata.Thunk.Thunk"},[{"contents":[{"Right":1},[]],"tag":"App"},{"contents":[{"Right":0},[]],"tag":"App"}]],"tag":"App"}]],"tag":"App"},"name":"p"}]},"goal":{"pretty":"P ∞","thing":{"normalised":{"contents":[{"Right":1},[{"contents":[{"Left":"Agda.Builtin.Size.∞"},[]],"tag":"App"}]],"tag":"App"},"original":{"contents":[{"Right":1},[{"contents":[{"Left":"Agda.Builtin.Size.∞"},[]],"tag":"App"}]],"tag":"App"},"reduced":{"contents":[{"Right":1},[{"contents":[{"Left":"Agda.Builtin.Size.∞"},[]],"tag":"App"}]],"tag":"App"},"simplified":{"contents":[{"Right":1},[{"contents":[{"Left":"Agda.Builtin.Size.∞"},[]],"tag":"App"}]],"tag":"App"}}},"term":{"pretty":"p .force","thing":{"normalised":{"contents":[{"Right":0},[{"contents":[{"Left":"Agda.Builtin.Size.∞"},[]],"tag":"App"},{"contents":[{"Left":"Codata.Thunk.Thunk.force"},[]],"tag":"App"},{"contents":[{"Left":"Agda.Builtin.Size.∞"},[]],"tag":"App"}]],"tag":"App"},"original":{"contents":[{"Right":0},[{"contents":[{"Left":"Agda.Builtin.Size.∞"},[]],"tag":"App"},{"contents":[{"Left":"Codata.Thunk.Thunk.force"},[]],"tag":"App"},{"contents":[{"Left":"Agda.Builtin.Size.∞"},[]],"tag":"App"}]],"tag":"App"},"reduced":{"contents":[{"Right":0},[{"contents":[{"Left":"Agda.Builtin.Size.∞"},[]],"tag":"App"},{"contents":[{"Left":"Codata.Thunk.Thunk.force"},[]],"tag":"App"},{"contents":[{"Left":"Agda.Builtin.Size.∞"},[]],"tag":"App"}]],"tag":"App"},"simplified":{"contents":[{"Right":0},[{"contents":[{"Left":"Agda.Builtin.Size.∞"},[]],"tag":"App"},{"contents":[{"Left":"Codata.Thunk.Thunk.force"},[]],"tag":"App"},{"contents":[{"Left":"Agda.Builtin.Size.∞"},[]],"tag":"App"}]],"tag":"App"}}},"namesUsed":["Agda.Builtin.Size.∞","Agda.Builtin.Size.∞"]},{"ctx":{"pretty":"{p = p₁ : Agda.Primitive.Level} {P = P₁ : SizedSet p₁}\n(p₂ : ∀[ Thunk P₁ ])","thing":[{"item":{"contents":[{"Left":"Agda.Primitive.Level"},[]],"tag":"App"},"name":"p"},{"item":{"contents":[{"Left":"Size.SizedSet"},[{"contents":[{"Right":0},[]],"tag":"App"}]],"tag":"App"},"name":"P"},{"item":{"contents":[{"Left":"Relation.Unary.Sized.∀[_]"},[{"contents":[{"Right":1},[]],"tag":"App"},{"contents":[{"Left":"Codata.Thunk.Thunk"},[{"contents":[{"Right":1},[]],"tag":"App"},{"contents":[{"Right":0},[]],"tag":"App"}]],"tag":"App"}]],"tag":"App"},"name":"p"}]},"goal":{"pretty":"Size","thing":{"normalised":{"contents":[{"Left":"Agda.Builtin.Size.Size"},[]],"tag":"App"},"original":{"contents":[{"Left":"Agda.Builtin.Size.Size"},[]],"tag":"App"},"reduced":{"contents":[{"Left":"Agda.Builtin.Size.Size"},[]],"tag":"App"},"simplified":{"contents":[{"Left":"Agda.Builtin.Size.Size"},[]],"tag":"App"}}},"term":{"pretty":"∞","thing":{"normalised":{"contents":[{"Left":"Agda.Builtin.Size.∞"},[]],"tag":"App"},"original":{"contents":[{"Left":"Agda.Builtin.Size.∞"},[]],"tag":"App"},"reduced":{"contents":[{"Left":"Agda.Builtin.Size.∞"},[]],"tag":"App"},"simplified":{"contents":[{"Left":"Agda.Builtin.Size.∞"},[]],"tag":"App"}}},"namesUsed":["Agda.Builtin.Size.∞"]},{"ctx":{"pretty":"{p = p₁ : Agda.Primitive.Level} {P = P₁ : SizedSet p₁}\n(p₂ : ∀[ Thunk P₁ ])","thing":[{"item":{"contents":[{"Left":"Agda.Primitive.Level"},[]],"tag":"App"},"name":"p"},{"item":{"contents":[{"Left":"Size.SizedSet"},[{"contents":[{"Right":0},[]],"tag":"App"}]],"tag":"App"},"name":"P"},{"item":{"contents":[{"Left":"Relation.Unary.Sized.∀[_]"},[{"contents":[{"Right":1},[]],"tag":"App"},{"contents":[{"Left":"Codata.Thunk.Thunk"},[{"contents":[{"Right":1},[]],"tag":"App"},{"contents":[{"Right":0},[]],"tag":"App"}]],"tag":"App"}]],"tag":"App"},"name":"p"}]},"goal":{"pretty":"Size< ∞","thing":{"normalised":{"contents":[{"Left":"Agda.Builtin.Size.Size<_"},[{"contents":[{"Left":"Agda.Builtin.Size.∞"},[]],"tag":"App"}]],"tag":"App"},"original":{"contents":[{"Left":"Agda.Builtin.Size.Size<_"},[{"contents":[{"Left":"Agda.Builtin.Size.∞"},[]],"tag":"App"}]],"tag":"App"},"reduced":{"contents":[{"Left":"Agda.Builtin.Size.Size<_"},[{"contents":[{"Left":"Agda.Builtin.Size.∞"},[]],"tag":"App"}]],"tag":"App"},"simplified":{"contents":[{"Left":"Agda.Builtin.Size.Size<_"},[{"contents":[{"Left":"Agda.Builtin.Size.∞"},[]],"tag":"App"}]],"tag":"App"}}},"term":{"pretty":"∞","thing":{"normalised":{"contents":[{"Left":"Agda.Builtin.Size.∞"},[]],"tag":"App"},"original":{"contents":[{"Left":"Agda.Builtin.Size.∞"},[]],"tag":"App"},"reduced":{"contents":[{"Left":"Agda.Builtin.Size.∞"},[]],"tag":"App"},"simplified":{"contents":[{"Left":"Agda.Builtin.Size.∞"},[]],"tag":"App"}}},"namesUsed":["Agda.Builtin.Size.∞"]},{"ctx":{"pretty":"{p : Agda.Primitive.Level} (P : SizedSet p) (f : ∀[ Thunk P ⇒ P ])\n{i : Size} {j : Size< i}","thing":[{"item":{"contents":[{"Left":"Agda.Primitive.Level"},[]],"tag":"App"},"name":"p"},{"item":{"contents":[{"Left":"Size.SizedSet"},[{"contents":[{"Right":0},[]],"tag":"App"}]],"tag":"App"},"name":"P"},{"item":{"contents":[{"Left":"Relation.Unary.Sized.∀[_]"},[{"contents":[{"Right":1},[]],"tag":"App"},{"contents":[{"Left":"Relation.Unary.Sized._⇒_"},[{"contents":[{"Right":1},[]],"tag":"App"},{"contents":[{"Right":1},[]],"tag":"App"},{"contents":[{"Left":"Codata.Thunk.Thunk"},[{"contents":[{"Right":1},[]],"tag":"App"},{"contents":[{"Right":0},[]],"tag":"App"}]],"tag":"App"},{"contents":[{"Right":0},[]],"tag":"App"}]],"tag":"App"}]],"tag":"App"},"name":"f"},{"item":{"contents":[{"Left":"Agda.Builtin.Size.Size"},[]],"tag":"App"},"name":"i"},{"item":{"contents":[{"Left":"Agda.Builtin.Size.Size<_"},[{"contents":[{"Right":0},[]],"tag":"App"}]],"tag":"App"},"name":"j"}]},"goal":{"pretty":"P j","thing":{"normalised":{"contents":[{"Right":3},[{"contents":[{"Right":0},[]],"tag":"App"}]],"tag":"App"},"original":{"contents":[{"Right":3},[{"contents":[{"Right":0},[]],"tag":"App"}]],"tag":"App"},"reduced":{"contents":[{"Right":3},[{"contents":[{"Right":0},[]],"tag":"App"}]],"tag":"App"},"simplified":{"contents":[{"Right":3},[{"contents":[{"Right":0},[]],"tag":"App"}]],"tag":"App"}}},"term":{"pretty":"cofix P f","thing":{"normalised":{"contents":[{"Right":2},[{"contents":[{"Right":0},[]],"tag":"App"},{"contents":[{"Left":"Codata.Thunk._..extendedlambda0"},[{"contents":[{"Right":4},[]],"tag":"App"},{"contents":[{"Right":3},[]],"tag":"App"},{"contents":[{"Right":2},[]],"tag":"App"},{"contents":[{"Right":0},[]],"tag":"App"}]],"tag":"App"}]],"tag":"App"},"original":{"contents":[{"Left":"Codata.Thunk._.cofix"},[{"contents":[{"Right":4},[]],"tag":"App"},{"contents":[{"Right":3},[]],"tag":"App"},{"contents":[{"Right":2},[]],"tag":"App"},{"contents":[{"Right":0},[]],"tag":"App"}]],"tag":"App"},"reduced":{"contents":[{"Right":2},[{"contents":[{"Right":0},[]],"tag":"App"},{"contents":[{"Left":"Codata.Thunk._..extendedlambda0"},[{"contents":[{"Right":4},[]],"tag":"App"},{"contents":[{"Right":3},[]],"tag":"App"},{"contents":[{"Right":2},[]],"tag":"App"},{"contents":[{"Right":0},[]],"tag":"App"}]],"tag":"App"}]],"tag":"App"},"simplified":{"contents":[{"Left":"Codata.Thunk._.cofix"},[{"contents":[{"Right":4},[]],"tag":"App"},{"contents":[{"Right":3},[]],"tag":"App"},{"contents":[{"Right":2},[]],"tag":"App"},{"contents":[{"Right":0},[]],"tag":"App"}]],"tag":"App"}}},"namesUsed":["Codata.Thunk._.cofix"]}]}