{"scope":{"item":[{"item":{"pretty":"{ℓ : Agda.Primitive.Level} {i : Agda.Builtin.Size.Size} →\nCategory.Functor.RawFunctor (λ A → Codata.Stream.Stream A i)","thing":{"normalised":{"contents":[{"item":{"contents":[{"Left":"Agda.Primitive.Level"},[]],"tag":"App"},"name":"ℓ"},{"contents":[{"item":{"contents":[{"Left":"Agda.Builtin.Size.Size"},[]],"tag":"App"},"name":"i"},{"contents":[{"Left":"Category.Functor.RawFunctor"},[{"contents":[{"Right":1},[]],"tag":"App"},{"contents":[{"Right":1},[]],"tag":"App"},{"contents":{"item":{"contents":[{"Left":"Codata.Stream.Stream"},[{"contents":[{"Right":2},[]],"tag":"App"},{"contents":[{"Right":0},[]],"tag":"App"},{"contents":[{"Right":1},[]],"tag":"App"}]],"tag":"App"},"name":"A"},"tag":"Lam"}]],"tag":"App"}],"tag":"Pi"}],"tag":"Pi"},"original":{"contents":[{"item":{"contents":[{"Left":"Agda.Primitive.Level"},[]],"tag":"App"},"name":"ℓ"},{"contents":[{"item":{"contents":[{"Left":"Agda.Builtin.Size.Size"},[]],"tag":"App"},"name":"i"},{"contents":[{"Left":"Category.Functor.RawFunctor"},[{"contents":[{"Right":1},[]],"tag":"App"},{"contents":[{"Right":1},[]],"tag":"App"},{"contents":{"item":{"contents":[{"Left":"Codata.Stream.Stream"},[{"contents":[{"Right":2},[]],"tag":"App"},{"contents":[{"Right":0},[]],"tag":"App"},{"contents":[{"Right":1},[]],"tag":"App"}]],"tag":"App"},"name":"A"},"tag":"Lam"}]],"tag":"App"}],"tag":"Pi"}],"tag":"Pi"},"reduced":{"contents":[{"item":{"contents":[{"Left":"Agda.Primitive.Level"},[]],"tag":"App"},"name":"ℓ"},{"contents":[{"item":{"contents":[{"Left":"Agda.Builtin.Size.Size"},[]],"tag":"App"},"name":"i"},{"contents":[{"Left":"Category.Functor.RawFunctor"},[{"contents":[{"Right":1},[]],"tag":"App"},{"contents":[{"Right":1},[]],"tag":"App"},{"contents":{"item":{"contents":[{"Left":"Codata.Stream.Stream"},[{"contents":[{"Right":2},[]],"tag":"App"},{"contents":[{"Right":0},[]],"tag":"App"},{"contents":[{"Right":1},[]],"tag":"App"}]],"tag":"App"},"name":"A"},"tag":"Lam"}]],"tag":"App"}],"tag":"Pi"}],"tag":"Pi"},"simplified":{"contents":[{"item":{"contents":[{"Left":"Agda.Primitive.Level"},[]],"tag":"App"},"name":"ℓ"},{"contents":[{"item":{"contents":[{"Left":"Agda.Builtin.Size.Size"},[]],"tag":"App"},"name":"i"},{"contents":[{"Left":"Category.Functor.RawFunctor"},[{"contents":[{"Right":1},[]],"tag":"App"},{"contents":[{"Right":1},[]],"tag":"App"},{"contents":{"item":{"contents":[{"Left":"Codata.Stream.Stream"},[{"contents":[{"Right":2},[]],"tag":"App"},{"contents":[{"Right":0},[]],"tag":"App"},{"contents":[{"Right":1},[]],"tag":"App"}]],"tag":"App"},"name":"A"},"tag":"Lam"}]],"tag":"App"}],"tag":"Pi"}],"tag":"Pi"}}},"name":"Codata.Stream.Instances.streamFunctor"},{"item":{"pretty":"{ℓ : Agda.Primitive.Level} {i : Agda.Builtin.Size.Size} →\nCategory.Applicative.RawApplicative\n(λ A → Codata.Stream.Stream A i)","thing":{"normalised":{"contents":[{"item":{"contents":[{"Left":"Agda.Primitive.Level"},[]],"tag":"App"},"name":"ℓ"},{"contents":[{"item":{"contents":[{"Left":"Agda.Builtin.Size.Size"},[]],"tag":"App"},"name":"i"},{"contents":[{"Left":"Category.Applicative.Indexed.RawIApplicative"},[{"contents":"lzero","tag":"Level"},{"contents":[{"Right":1},[]],"tag":"App"},{"contents":[{"Left":"Agda.Builtin.Unit.⊤"},[]],"tag":"App"},{"contents":{"item":{"contents":{"item":{"contents":{"item":{"contents":[{"Left":"Codata.Stream.Stream"},[{"contents":[{"Right":4},[]],"tag":"App"},{"contents":[{"Right":0},[]],"tag":"App"},{"contents":[{"Right":3},[]],"tag":"App"}]],"tag":"App"},"name":"A"},"tag":"Lam"},"name":"_"},"tag":"Lam"},"name":"_"},"tag":"Lam"}]],"tag":"App"}],"tag":"Pi"}],"tag":"Pi"},"original":{"contents":[{"item":{"contents":[{"Left":"Agda.Primitive.Level"},[]],"tag":"App"},"name":"ℓ"},{"contents":[{"item":{"contents":[{"Left":"Agda.Builtin.Size.Size"},[]],"tag":"App"},"name":"i"},{"contents":[{"Left":"Category.Applicative.RawApplicative"},[{"contents":[{"Right":1},[]],"tag":"App"},{"contents":{"item":{"contents":[{"Left":"Codata.Stream.Stream"},[{"contents":[{"Right":2},[]],"tag":"App"},{"contents":[{"Right":0},[]],"tag":"App"},{"contents":[{"Right":1},[]],"tag":"App"}]],"tag":"App"},"name":"A"},"tag":"Lam"}]],"tag":"App"}],"tag":"Pi"}],"tag":"Pi"},"reduced":{"contents":[{"item":{"contents":[{"Left":"Agda.Primitive.Level"},[]],"tag":"App"},"name":"ℓ"},{"contents":[{"item":{"contents":[{"Left":"Agda.Builtin.Size.Size"},[]],"tag":"App"},"name":"i"},{"contents":[{"Left":"Category.Applicative.RawApplicative"},[{"contents":[{"Right":1},[]],"tag":"App"},{"contents":{"item":{"contents":[{"Left":"Codata.Stream.Stream"},[{"contents":[{"Right":2},[]],"tag":"App"},{"contents":[{"Right":0},[]],"tag":"App"},{"contents":[{"Right":1},[]],"tag":"App"}]],"tag":"App"},"name":"A"},"tag":"Lam"}]],"tag":"App"}],"tag":"Pi"}],"tag":"Pi"},"simplified":{"contents":[{"item":{"contents":[{"Left":"Agda.Primitive.Level"},[]],"tag":"App"},"name":"ℓ"},{"contents":[{"item":{"contents":[{"Left":"Agda.Builtin.Size.Size"},[]],"tag":"App"},"name":"i"},{"contents":[{"Left":"Category.Applicative.RawApplicative"},[{"contents":[{"Right":1},[]],"tag":"App"},{"contents":{"item":{"contents":[{"Left":"Codata.Stream.Stream"},[{"contents":[{"Right":2},[]],"tag":"App"},{"contents":[{"Right":0},[]],"tag":"App"},{"contents":[{"Right":1},[]],"tag":"App"}]],"tag":"App"},"name":"A"},"tag":"Lam"}]],"tag":"App"}],"tag":"Pi"}],"tag":"Pi"}}},"name":"Codata.Stream.Instances.streamApplicative"},{"item":{"pretty":"{ℓ : Agda.Primitive.Level} →\nCategory.Comonad.RawComonad\n(λ A → Codata.Stream.Stream A Agda.Builtin.Size.∞)","thing":{"normalised":{"contents":[{"item":{"contents":[{"Left":"Agda.Primitive.Level"},[]],"tag":"App"},"name":"ℓ"},{"contents":[{"Left":"Category.Comonad.RawComonad"},[{"contents":[{"Right":0},[]],"tag":"App"},{"contents":{"item":{"contents":[{"Left":"Codata.Stream.Stream"},[{"contents":[{"Right":1},[]],"tag":"App"},{"contents":[{"Right":0},[]],"tag":"App"},{"contents":[{"Left":"Agda.Builtin.Size.∞"},[]],"tag":"App"}]],"tag":"App"},"name":"A"},"tag":"Lam"}]],"tag":"App"}],"tag":"Pi"},"original":{"contents":[{"item":{"contents":[{"Left":"Agda.Primitive.Level"},[]],"tag":"App"},"name":"ℓ"},{"contents":[{"Left":"Category.Comonad.RawComonad"},[{"contents":[{"Right":0},[]],"tag":"App"},{"contents":{"item":{"contents":[{"Left":"Codata.Stream.Stream"},[{"contents":[{"Right":1},[]],"tag":"App"},{"contents":[{"Right":0},[]],"tag":"App"},{"contents":[{"Left":"Agda.Builtin.Size.∞"},[]],"tag":"App"}]],"tag":"App"},"name":"A"},"tag":"Lam"}]],"tag":"App"}],"tag":"Pi"},"reduced":{"contents":[{"item":{"contents":[{"Left":"Agda.Primitive.Level"},[]],"tag":"App"},"name":"ℓ"},{"contents":[{"Left":"Category.Comonad.RawComonad"},[{"contents":[{"Right":0},[]],"tag":"App"},{"contents":{"item":{"contents":[{"Left":"Codata.Stream.Stream"},[{"contents":[{"Right":1},[]],"tag":"App"},{"contents":[{"Right":0},[]],"tag":"App"},{"contents":[{"Left":"Agda.Builtin.Size.∞"},[]],"tag":"App"}]],"tag":"App"},"name":"A"},"tag":"Lam"}]],"tag":"App"}],"tag":"Pi"},"simplified":{"contents":[{"item":{"contents":[{"Left":"Agda.Primitive.Level"},[]],"tag":"App"},"name":"ℓ"},{"contents":[{"Left":"Category.Comonad.RawComonad"},[{"contents":[{"Right":0},[]],"tag":"App"},{"contents":{"item":{"contents":[{"Left":"Codata.Stream.Stream"},[{"contents":[{"Right":1},[]],"tag":"App"},{"contents":[{"Right":0},[]],"tag":"App"},{"contents":[{"Left":"Agda.Builtin.Size.∞"},[]],"tag":"App"}]],"tag":"App"},"name":"A"},"tag":"Lam"}]],"tag":"App"}],"tag":"Pi"}}},"name":"Codata.Stream.Instances.streamComonad"},{"item":{"pretty":"{ℓ : Agda.Primitive.Level} {i : Agda.Builtin.Size.Size} →\nCategory.Functor.RawFunctor (λ A → Codata.Stream.Stream A i)","thing":{"normalised":{"contents":[{"item":{"contents":[{"Left":"Agda.Primitive.Level"},[]],"tag":"App"},"name":"ℓ"},{"contents":[{"item":{"contents":[{"Left":"Agda.Builtin.Size.Size"},[]],"tag":"App"},"name":"i"},{"contents":[{"Left":"Category.Functor.RawFunctor"},[{"contents":[{"Right":1},[]],"tag":"App"},{"contents":[{"Right":1},[]],"tag":"App"},{"contents":{"item":{"contents":[{"Left":"Codata.Stream.Stream"},[{"contents":[{"Right":2},[]],"tag":"App"},{"contents":[{"Right":0},[]],"tag":"App"},{"contents":[{"Right":1},[]],"tag":"App"}]],"tag":"App"},"name":"A"},"tag":"Lam"}]],"tag":"App"}],"tag":"Pi"}],"tag":"Pi"},"original":{"contents":[{"item":{"contents":[{"Left":"Agda.Primitive.Level"},[]],"tag":"App"},"name":"ℓ"},{"contents":[{"item":{"contents":[{"Left":"Agda.Builtin.Size.Size"},[]],"tag":"App"},"name":"i"},{"contents":[{"Left":"Category.Functor.RawFunctor"},[{"contents":[{"Right":1},[]],"tag":"App"},{"contents":[{"Right":1},[]],"tag":"App"},{"contents":{"item":{"contents":[{"Left":"Codata.Stream.Stream"},[{"contents":[{"Right":2},[]],"tag":"App"},{"contents":[{"Right":0},[]],"tag":"App"},{"contents":[{"Right":1},[]],"tag":"App"}]],"tag":"App"},"name":"A"},"tag":"Lam"}]],"tag":"App"}],"tag":"Pi"}],"tag":"Pi"},"reduced":{"contents":[{"item":{"contents":[{"Left":"Agda.Primitive.Level"},[]],"tag":"App"},"name":"ℓ"},{"contents":[{"item":{"contents":[{"Left":"Agda.Builtin.Size.Size"},[]],"tag":"App"},"name":"i"},{"contents":[{"Left":"Category.Functor.RawFunctor"},[{"contents":[{"Right":1},[]],"tag":"App"},{"contents":[{"Right":1},[]],"tag":"App"},{"contents":{"item":{"contents":[{"Left":"Codata.Stream.Stream"},[{"contents":[{"Right":2},[]],"tag":"App"},{"contents":[{"Right":0},[]],"tag":"App"},{"contents":[{"Right":1},[]],"tag":"App"}]],"tag":"App"},"name":"A"},"tag":"Lam"}]],"tag":"App"}],"tag":"Pi"}],"tag":"Pi"},"simplified":{"contents":[{"item":{"contents":[{"Left":"Agda.Primitive.Level"},[]],"tag":"App"},"name":"ℓ"},{"contents":[{"item":{"contents":[{"Left":"Agda.Builtin.Size.Size"},[]],"tag":"App"},"name":"i"},{"contents":[{"Left":"Category.Functor.RawFunctor"},[{"contents":[{"Right":1},[]],"tag":"App"},{"contents":[{"Right":1},[]],"tag":"App"},{"contents":{"item":{"contents":[{"Left":"Codata.Stream.Stream"},[{"contents":[{"Right":2},[]],"tag":"App"},{"contents":[{"Right":0},[]],"tag":"App"},{"contents":[{"Right":1},[]],"tag":"App"}]],"tag":"App"},"name":"A"},"tag":"Lam"}]],"tag":"App"}],"tag":"Pi"}],"tag":"Pi"}}},"name":"Codata.Stream.Categorical.functor"},{"item":{"pretty":"{ℓ : Agda.Primitive.Level} {i : Agda.Builtin.Size.Size} →\nCategory.Applicative.RawApplicative\n(λ A → Codata.Stream.Stream A i)","thing":{"normalised":{"contents":[{"item":{"contents":[{"Left":"Agda.Primitive.Level"},[]],"tag":"App"},"name":"ℓ"},{"contents":[{"item":{"contents":[{"Left":"Agda.Builtin.Size.Size"},[]],"tag":"App"},"name":"i"},{"contents":[{"Left":"Category.Applicative.Indexed.RawIApplicative"},[{"contents":"lzero","tag":"Level"},{"contents":[{"Right":1},[]],"tag":"App"},{"contents":[{"Left":"Agda.Builtin.Unit.⊤"},[]],"tag":"App"},{"contents":{"item":{"contents":{"item":{"contents":{"item":{"contents":[{"Left":"Codata.Stream.Stream"},[{"contents":[{"Right":4},[]],"tag":"App"},{"contents":[{"Right":0},[]],"tag":"App"},{"contents":[{"Right":3},[]],"tag":"App"}]],"tag":"App"},"name":"A"},"tag":"Lam"},"name":"_"},"tag":"Lam"},"name":"_"},"tag":"Lam"}]],"tag":"App"}],"tag":"Pi"}],"tag":"Pi"},"original":{"contents":[{"item":{"contents":[{"Left":"Agda.Primitive.Level"},[]],"tag":"App"},"name":"ℓ"},{"contents":[{"item":{"contents":[{"Left":"Agda.Builtin.Size.Size"},[]],"tag":"App"},"name":"i"},{"contents":[{"Left":"Category.Applicative.RawApplicative"},[{"contents":[{"Right":1},[]],"tag":"App"},{"contents":{"item":{"contents":[{"Left":"Codata.Stream.Stream"},[{"contents":[{"Right":2},[]],"tag":"App"},{"contents":[{"Right":0},[]],"tag":"App"},{"contents":[{"Right":1},[]],"tag":"App"}]],"tag":"App"},"name":"A"},"tag":"Lam"}]],"tag":"App"}],"tag":"Pi"}],"tag":"Pi"},"reduced":{"contents":[{"item":{"contents":[{"Left":"Agda.Primitive.Level"},[]],"tag":"App"},"name":"ℓ"},{"contents":[{"item":{"contents":[{"Left":"Agda.Builtin.Size.Size"},[]],"tag":"App"},"name":"i"},{"contents":[{"Left":"Category.Applicative.RawApplicative"},[{"contents":[{"Right":1},[]],"tag":"App"},{"contents":{"item":{"contents":[{"Left":"Codata.Stream.Stream"},[{"contents":[{"Right":2},[]],"tag":"App"},{"contents":[{"Right":0},[]],"tag":"App"},{"contents":[{"Right":1},[]],"tag":"App"}]],"tag":"App"},"name":"A"},"tag":"Lam"}]],"tag":"App"}],"tag":"Pi"}],"tag":"Pi"},"simplified":{"contents":[{"item":{"contents":[{"Left":"Agda.Primitive.Level"},[]],"tag":"App"},"name":"ℓ"},{"contents":[{"item":{"contents":[{"Left":"Agda.Builtin.Size.Size"},[]],"tag":"App"},"name":"i"},{"contents":[{"Left":"Category.Applicative.RawApplicative"},[{"contents":[{"Right":1},[]],"tag":"App"},{"contents":{"item":{"contents":[{"Left":"Codata.Stream.Stream"},[{"contents":[{"Right":2},[]],"tag":"App"},{"contents":[{"Right":0},[]],"tag":"App"},{"contents":[{"Right":1},[]],"tag":"App"}]],"tag":"App"},"name":"A"},"tag":"Lam"}]],"tag":"App"}],"tag":"Pi"}],"tag":"Pi"}}},"name":"Codata.Stream.Categorical.applicative"},{"item":{"pretty":"{ℓ : Agda.Primitive.Level} →\nCategory.Comonad.RawComonad\n(λ A → Codata.Stream.Stream A Agda.Builtin.Size.∞)","thing":{"normalised":{"contents":[{"item":{"contents":[{"Left":"Agda.Primitive.Level"},[]],"tag":"App"},"name":"ℓ"},{"contents":[{"Left":"Category.Comonad.RawComonad"},[{"contents":[{"Right":0},[]],"tag":"App"},{"contents":{"item":{"contents":[{"Left":"Codata.Stream.Stream"},[{"contents":[{"Right":1},[]],"tag":"App"},{"contents":[{"Right":0},[]],"tag":"App"},{"contents":[{"Left":"Agda.Builtin.Size.∞"},[]],"tag":"App"}]],"tag":"App"},"name":"A"},"tag":"Lam"}]],"tag":"App"}],"tag":"Pi"},"original":{"contents":[{"item":{"contents":[{"Left":"Agda.Primitive.Level"},[]],"tag":"App"},"name":"ℓ"},{"contents":[{"Left":"Category.Comonad.RawComonad"},[{"contents":[{"Right":0},[]],"tag":"App"},{"contents":{"item":{"contents":[{"Left":"Codata.Stream.Stream"},[{"contents":[{"Right":1},[]],"tag":"App"},{"contents":[{"Right":0},[]],"tag":"App"},{"contents":[{"Left":"Agda.Builtin.Size.∞"},[]],"tag":"App"}]],"tag":"App"},"name":"A"},"tag":"Lam"}]],"tag":"App"}],"tag":"Pi"},"reduced":{"contents":[{"item":{"contents":[{"Left":"Agda.Primitive.Level"},[]],"tag":"App"},"name":"ℓ"},{"contents":[{"Left":"Category.Comonad.RawComonad"},[{"contents":[{"Right":0},[]],"tag":"App"},{"contents":{"item":{"contents":[{"Left":"Codata.Stream.Stream"},[{"contents":[{"Right":1},[]],"tag":"App"},{"contents":[{"Right":0},[]],"tag":"App"},{"contents":[{"Left":"Agda.Builtin.Size.∞"},[]],"tag":"App"}]],"tag":"App"},"name":"A"},"tag":"Lam"}]],"tag":"App"}],"tag":"Pi"},"simplified":{"contents":[{"item":{"contents":[{"Left":"Agda.Primitive.Level"},[]],"tag":"App"},"name":"ℓ"},{"contents":[{"Left":"Category.Comonad.RawComonad"},[{"contents":[{"Right":0},[]],"tag":"App"},{"contents":{"item":{"contents":[{"Left":"Codata.Stream.Stream"},[{"contents":[{"Right":1},[]],"tag":"App"},{"contents":[{"Right":0},[]],"tag":"App"},{"contents":[{"Left":"Agda.Builtin.Size.∞"},[]],"tag":"App"}]],"tag":"App"},"name":"A"},"tag":"Lam"}]],"tag":"App"}],"tag":"Pi"}}},"name":"Codata.Stream.Categorical.comonad"}],"name":"Codata.Stream.Instances"},"samples":[{"ctx":{"pretty":"","thing":[]},"goal":{"pretty":"{ℓ : Agda.Primitive.Level} {i : Agda.Builtin.Size.Size} →\nCategory.Functor.RawFunctor (λ A → Codata.Stream.Stream A i)","thing":{"normalised":{"contents":[{"item":{"contents":[{"Left":"Agda.Primitive.Level"},[]],"tag":"App"},"name":"ℓ"},{"contents":[{"item":{"contents":[{"Left":"Agda.Builtin.Size.Size"},[]],"tag":"App"},"name":"i"},{"contents":[{"Left":"Category.Functor.RawFunctor"},[{"contents":[{"Right":1},[]],"tag":"App"},{"contents":[{"Right":1},[]],"tag":"App"},{"contents":{"item":{"contents":[{"Left":"Codata.Stream.Stream"},[{"contents":[{"Right":2},[]],"tag":"App"},{"contents":[{"Right":0},[]],"tag":"App"},{"contents":[{"Right":1},[]],"tag":"App"}]],"tag":"App"},"name":"A"},"tag":"Lam"}]],"tag":"App"}],"tag":"Pi"}],"tag":"Pi"},"original":{"contents":[{"item":{"contents":[{"Left":"Agda.Primitive.Level"},[]],"tag":"App"},"name":"ℓ"},{"contents":[{"item":{"contents":[{"Left":"Agda.Builtin.Size.Size"},[]],"tag":"App"},"name":"i"},{"contents":[{"Left":"Category.Functor.RawFunctor"},[{"contents":[{"Right":1},[]],"tag":"App"},{"contents":[{"Right":1},[]],"tag":"App"},{"contents":{"item":{"contents":[{"Left":"Codata.Stream.Stream"},[{"contents":[{"Right":2},[]],"tag":"App"},{"contents":[{"Right":0},[]],"tag":"App"},{"contents":[{"Right":1},[]],"tag":"App"}]],"tag":"App"},"name":"A"},"tag":"Lam"}]],"tag":"App"}],"tag":"Pi"}],"tag":"Pi"},"reduced":{"contents":[{"item":{"contents":[{"Left":"Agda.Primitive.Level"},[]],"tag":"App"},"name":"ℓ"},{"contents":[{"item":{"contents":[{"Left":"Agda.Builtin.Size.Size"},[]],"tag":"App"},"name":"i"},{"contents":[{"Left":"Category.Functor.RawFunctor"},[{"contents":[{"Right":1},[]],"tag":"App"},{"contents":[{"Right":1},[]],"tag":"App"},{"contents":{"item":{"contents":[{"Left":"Codata.Stream.Stream"},[{"contents":[{"Right":2},[]],"tag":"App"},{"contents":[{"Right":0},[]],"tag":"App"},{"contents":[{"Right":1},[]],"tag":"App"}]],"tag":"App"},"name":"A"},"tag":"Lam"}]],"tag":"App"}],"tag":"Pi"}],"tag":"Pi"},"simplified":{"contents":[{"item":{"contents":[{"Left":"Agda.Primitive.Level"},[]],"tag":"App"},"name":"ℓ"},{"contents":[{"item":{"contents":[{"Left":"Agda.Builtin.Size.Size"},[]],"tag":"App"},"name":"i"},{"contents":[{"Left":"Category.Functor.RawFunctor"},[{"contents":[{"Right":1},[]],"tag":"App"},{"contents":[{"Right":1},[]],"tag":"App"},{"contents":{"item":{"contents":[{"Left":"Codata.Stream.Stream"},[{"contents":[{"Right":2},[]],"tag":"App"},{"contents":[{"Right":0},[]],"tag":"App"},{"contents":[{"Right":1},[]],"tag":"App"}]],"tag":"App"},"name":"A"},"tag":"Lam"}]],"tag":"App"}],"tag":"Pi"}],"tag":"Pi"}}},"term":{"pretty":"functor","thing":{"normalised":{"contents":[{"Left":"Codata.Stream.Categorical.functor"},[]],"tag":"App"},"original":{"contents":[{"Left":"Codata.Stream.Categorical.functor"},[]],"tag":"App"},"reduced":{"contents":[{"Left":"Codata.Stream.Categorical.functor"},[]],"tag":"App"},"simplified":{"contents":[{"Left":"Codata.Stream.Categorical.functor"},[]],"tag":"App"}}},"namesUsed":["Codata.Stream.Categorical.functor"]},{"ctx":{"pretty":"","thing":[]},"goal":{"pretty":"{ℓ : Agda.Primitive.Level} {i : Agda.Builtin.Size.Size} →\nCategory.Applicative.RawApplicative\n(λ A → Codata.Stream.Stream A i)","thing":{"normalised":{"contents":[{"item":{"contents":[{"Left":"Agda.Primitive.Level"},[]],"tag":"App"},"name":"ℓ"},{"contents":[{"item":{"contents":[{"Left":"Agda.Builtin.Size.Size"},[]],"tag":"App"},"name":"i"},{"contents":[{"Left":"Category.Applicative.Indexed.RawIApplicative"},[{"contents":"lzero","tag":"Level"},{"contents":[{"Right":1},[]],"tag":"App"},{"contents":[{"Left":"Agda.Builtin.Unit.⊤"},[]],"tag":"App"},{"contents":{"item":{"contents":{"item":{"contents":{"item":{"contents":[{"Left":"Codata.Stream.Stream"},[{"contents":[{"Right":4},[]],"tag":"App"},{"contents":[{"Right":0},[]],"tag":"App"},{"contents":[{"Right":3},[]],"tag":"App"}]],"tag":"App"},"name":"A"},"tag":"Lam"},"name":"_"},"tag":"Lam"},"name":"_"},"tag":"Lam"}]],"tag":"App"}],"tag":"Pi"}],"tag":"Pi"},"original":{"contents":[{"item":{"contents":[{"Left":"Agda.Primitive.Level"},[]],"tag":"App"},"name":"ℓ"},{"contents":[{"item":{"contents":[{"Left":"Agda.Builtin.Size.Size"},[]],"tag":"App"},"name":"i"},{"contents":[{"Left":"Category.Applicative.RawApplicative"},[{"contents":[{"Right":1},[]],"tag":"App"},{"contents":{"item":{"contents":[{"Left":"Codata.Stream.Stream"},[{"contents":[{"Right":2},[]],"tag":"App"},{"contents":[{"Right":0},[]],"tag":"App"},{"contents":[{"Right":1},[]],"tag":"App"}]],"tag":"App"},"name":"A"},"tag":"Lam"}]],"tag":"App"}],"tag":"Pi"}],"tag":"Pi"},"reduced":{"contents":[{"item":{"contents":[{"Left":"Agda.Primitive.Level"},[]],"tag":"App"},"name":"ℓ"},{"contents":[{"item":{"contents":[{"Left":"Agda.Builtin.Size.Size"},[]],"tag":"App"},"name":"i"},{"contents":[{"Left":"Category.Applicative.RawApplicative"},[{"contents":[{"Right":1},[]],"tag":"App"},{"contents":{"item":{"contents":[{"Left":"Codata.Stream.Stream"},[{"contents":[{"Right":2},[]],"tag":"App"},{"contents":[{"Right":0},[]],"tag":"App"},{"contents":[{"Right":1},[]],"tag":"App"}]],"tag":"App"},"name":"A"},"tag":"Lam"}]],"tag":"App"}],"tag":"Pi"}],"tag":"Pi"},"simplified":{"contents":[{"item":{"contents":[{"Left":"Agda.Primitive.Level"},[]],"tag":"App"},"name":"ℓ"},{"contents":[{"item":{"contents":[{"Left":"Agda.Builtin.Size.Size"},[]],"tag":"App"},"name":"i"},{"contents":[{"Left":"Category.Applicative.RawApplicative"},[{"contents":[{"Right":1},[]],"tag":"App"},{"contents":{"item":{"contents":[{"Left":"Codata.Stream.Stream"},[{"contents":[{"Right":2},[]],"tag":"App"},{"contents":[{"Right":0},[]],"tag":"App"},{"contents":[{"Right":1},[]],"tag":"App"}]],"tag":"App"},"name":"A"},"tag":"Lam"}]],"tag":"App"}],"tag":"Pi"}],"tag":"Pi"}}},"term":{"pretty":"applicative","thing":{"normalised":{"contents":[{"Left":"Codata.Stream.Categorical.applicative"},[]],"tag":"App"},"original":{"contents":[{"Left":"Codata.Stream.Categorical.applicative"},[]],"tag":"App"},"reduced":{"contents":[{"Left":"Codata.Stream.Categorical.applicative"},[]],"tag":"App"},"simplified":{"contents":[{"Left":"Codata.Stream.Categorical.applicative"},[]],"tag":"App"}}},"namesUsed":["Codata.Stream.Categorical.applicative"]},{"ctx":{"pretty":"","thing":[]},"goal":{"pretty":"{ℓ : Agda.Primitive.Level} →\nCategory.Comonad.RawComonad\n(λ A → Codata.Stream.Stream A Agda.Builtin.Size.∞)","thing":{"normalised":{"contents":[{"item":{"contents":[{"Left":"Agda.Primitive.Level"},[]],"tag":"App"},"name":"ℓ"},{"contents":[{"Left":"Category.Comonad.RawComonad"},[{"contents":[{"Right":0},[]],"tag":"App"},{"contents":{"item":{"contents":[{"Left":"Codata.Stream.Stream"},[{"contents":[{"Right":1},[]],"tag":"App"},{"contents":[{"Right":0},[]],"tag":"App"},{"contents":[{"Left":"Agda.Builtin.Size.∞"},[]],"tag":"App"}]],"tag":"App"},"name":"A"},"tag":"Lam"}]],"tag":"App"}],"tag":"Pi"},"original":{"contents":[{"item":{"contents":[{"Left":"Agda.Primitive.Level"},[]],"tag":"App"},"name":"ℓ"},{"contents":[{"Left":"Category.Comonad.RawComonad"},[{"contents":[{"Right":0},[]],"tag":"App"},{"contents":{"item":{"contents":[{"Left":"Codata.Stream.Stream"},[{"contents":[{"Right":1},[]],"tag":"App"},{"contents":[{"Right":0},[]],"tag":"App"},{"contents":[{"Left":"Agda.Builtin.Size.∞"},[]],"tag":"App"}]],"tag":"App"},"name":"A"},"tag":"Lam"}]],"tag":"App"}],"tag":"Pi"},"reduced":{"contents":[{"item":{"contents":[{"Left":"Agda.Primitive.Level"},[]],"tag":"App"},"name":"ℓ"},{"contents":[{"Left":"Category.Comonad.RawComonad"},[{"contents":[{"Right":0},[]],"tag":"App"},{"contents":{"item":{"contents":[{"Left":"Codata.Stream.Stream"},[{"contents":[{"Right":1},[]],"tag":"App"},{"contents":[{"Right":0},[]],"tag":"App"},{"contents":[{"Left":"Agda.Builtin.Size.∞"},[]],"tag":"App"}]],"tag":"App"},"name":"A"},"tag":"Lam"}]],"tag":"App"}],"tag":"Pi"},"simplified":{"contents":[{"item":{"contents":[{"Left":"Agda.Primitive.Level"},[]],"tag":"App"},"name":"ℓ"},{"contents":[{"Left":"Category.Comonad.RawComonad"},[{"contents":[{"Right":0},[]],"tag":"App"},{"contents":{"item":{"contents":[{"Left":"Codata.Stream.Stream"},[{"contents":[{"Right":1},[]],"tag":"App"},{"contents":[{"Right":0},[]],"tag":"App"},{"contents":[{"Left":"Agda.Builtin.Size.∞"},[]],"tag":"App"}]],"tag":"App"},"name":"A"},"tag":"Lam"}]],"tag":"App"}],"tag":"Pi"}}},"term":{"pretty":"comonad","thing":{"normalised":{"contents":[{"Left":"Codata.Stream.Categorical.comonad"},[]],"tag":"App"},"original":{"contents":[{"Left":"Codata.Stream.Categorical.comonad"},[]],"tag":"App"},"reduced":{"contents":[{"Left":"Codata.Stream.Categorical.comonad"},[]],"tag":"App"},"simplified":{"contents":[{"Left":"Codata.Stream.Categorical.comonad"},[]],"tag":"App"}}},"namesUsed":["Codata.Stream.Categorical.comonad"]}]}