{"scope":{"item":[{"item":{"pretty":"Set","thing":{"normalised":{"contents":"Set","tag":"Sort"},"original":{"contents":"Set","tag":"Sort"},"reduced":{"contents":"Set","tag":"Sort"},"simplified":{"contents":"Set","tag":"Sort"}}},"name":"Agda.Builtin.Nat.Nat"},{"item":{"pretty":"Set","thing":{"normalised":{"contents":"Set","tag":"Sort"},"original":{"contents":"Set","tag":"Sort"},"reduced":{"contents":"Set","tag":"Sort"},"simplified":{"contents":"Set","tag":"Sort"}}},"name":"Codata.Musical.Conat.Base.Coℕ"},{"item":{"pretty":"ℕ","thing":{"normalised":{"contents":[{"Left":"Agda.Builtin.Nat.Nat"},[]],"tag":"App"},"original":{"contents":[{"Left":"Agda.Builtin.Nat.Nat"},[]],"tag":"App"},"reduced":{"contents":[{"Left":"Agda.Builtin.Nat.Nat"},[]],"tag":"App"},"simplified":{"contents":[{"Left":"Agda.Builtin.Nat.Nat"},[]],"tag":"App"}}},"name":"Agda.Builtin.Nat.Nat.zero"},{"item":{"pretty":"{a : Agda.Primitive.Level} → Set a → Set a","thing":{"normalised":{"contents":[{"item":{"contents":[{"Left":"Agda.Primitive.Level"},[]],"tag":"App"},"name":"a"},{"contents":[{"item":{"contents":"Set @0","tag":"Sort"},"name":"A"},{"contents":"Set @0","tag":"Sort"}],"tag":"Pi"}],"tag":"Pi"},"original":{"contents":[{"item":{"contents":[{"Left":"Agda.Primitive.Level"},[]],"tag":"App"},"name":"a"},{"contents":[{"item":{"contents":"Set @0","tag":"Sort"},"name":"A"},{"contents":"Set @0","tag":"Sort"}],"tag":"Pi"}],"tag":"Pi"},"reduced":{"contents":[{"item":{"contents":[{"Left":"Agda.Primitive.Level"},[]],"tag":"App"},"name":"a"},{"contents":[{"item":{"contents":"Set @0","tag":"Sort"},"name":"A"},{"contents":"Set @0","tag":"Sort"}],"tag":"Pi"}],"tag":"Pi"},"simplified":{"contents":[{"item":{"contents":[{"Left":"Agda.Primitive.Level"},[]],"tag":"App"},"name":"a"},{"contents":[{"item":{"contents":"Set @0","tag":"Sort"},"name":"A"},{"contents":"Set @0","tag":"Sort"}],"tag":"Pi"}],"tag":"Pi"}}},"name":"Agda.Builtin.Coinduction.∞"},{"item":{"pretty":"Coℕ","thing":{"normalised":{"contents":[{"Left":"Codata.Musical.Conat.Base.Coℕ"},[]],"tag":"App"},"original":{"contents":[{"Left":"Codata.Musical.Conat.Base.Coℕ"},[]],"tag":"App"},"reduced":{"contents":[{"Left":"Codata.Musical.Conat.Base.Coℕ"},[]],"tag":"App"},"simplified":{"contents":[{"Left":"Codata.Musical.Conat.Base.Coℕ"},[]],"tag":"App"}}},"name":"Codata.Musical.Conat.Base.Coℕ.zero"},{"item":{"pretty":"ℕ → ℕ","thing":{"normalised":{"contents":[{"item":{"contents":[{"Left":"Agda.Builtin.Nat.Nat"},[]],"tag":"App"},"name":"n"},{"contents":[{"Left":"Agda.Builtin.Nat.Nat"},[]],"tag":"App"}],"tag":"Pi"},"original":{"contents":[{"item":{"contents":[{"Left":"Agda.Builtin.Nat.Nat"},[]],"tag":"App"},"name":"n"},{"contents":[{"Left":"Agda.Builtin.Nat.Nat"},[]],"tag":"App"}],"tag":"Pi"},"reduced":{"contents":[{"item":{"contents":[{"Left":"Agda.Builtin.Nat.Nat"},[]],"tag":"App"},"name":"n"},{"contents":[{"Left":"Agda.Builtin.Nat.Nat"},[]],"tag":"App"}],"tag":"Pi"},"simplified":{"contents":[{"item":{"contents":[{"Left":"Agda.Builtin.Nat.Nat"},[]],"tag":"App"},"name":"n"},{"contents":[{"Left":"Agda.Builtin.Nat.Nat"},[]],"tag":"App"}],"tag":"Pi"}}},"name":"Agda.Builtin.Nat.Nat.suc"},{"item":{"pretty":"∞ Coℕ → Coℕ","thing":{"normalised":{"contents":[{"item":{"contents":[{"Left":"Agda.Builtin.Coinduction.∞"},[{"contents":"lzero","tag":"Level"},{"contents":[{"Left":"Codata.Musical.Conat.Base.Coℕ"},[]],"tag":"App"}]],"tag":"App"},"name":"n"},{"contents":[{"Left":"Codata.Musical.Conat.Base.Coℕ"},[]],"tag":"App"}],"tag":"Pi"},"original":{"contents":[{"item":{"contents":[{"Left":"Agda.Builtin.Coinduction.∞"},[{"contents":"lzero","tag":"Level"},{"contents":[{"Left":"Codata.Musical.Conat.Base.Coℕ"},[]],"tag":"App"}]],"tag":"App"},"name":"n"},{"contents":[{"Left":"Codata.Musical.Conat.Base.Coℕ"},[]],"tag":"App"}],"tag":"Pi"},"reduced":{"contents":[{"item":{"contents":[{"Left":"Agda.Builtin.Coinduction.∞"},[{"contents":"lzero","tag":"Level"},{"contents":[{"Left":"Codata.Musical.Conat.Base.Coℕ"},[]],"tag":"App"}]],"tag":"App"},"name":"n"},{"contents":[{"Left":"Codata.Musical.Conat.Base.Coℕ"},[]],"tag":"App"}],"tag":"Pi"},"simplified":{"contents":[{"item":{"contents":[{"Left":"Agda.Builtin.Coinduction.∞"},[{"contents":"lzero","tag":"Level"},{"contents":[{"Left":"Codata.Musical.Conat.Base.Coℕ"},[]],"tag":"App"}]],"tag":"App"},"name":"n"},{"contents":[{"Left":"Codata.Musical.Conat.Base.Coℕ"},[]],"tag":"App"}],"tag":"Pi"}}},"name":"Codata.Musical.Conat.Base.Coℕ.suc"},{"item":{"pretty":"{a : Agda.Primitive.Level} {A : Set a} → A → ∞ A","thing":{"normalised":{"contents":[{"item":{"contents":[{"Left":"Agda.Primitive.Level"},[]],"tag":"App"},"name":"a"},{"contents":[{"item":{"contents":"Set @0","tag":"Sort"},"name":"A"},{"contents":[{"item":{"contents":[{"Right":0},[]],"tag":"App"},"name":"_"},{"contents":[{"Left":"Agda.Builtin.Coinduction.∞"},[{"contents":[{"Right":1},[]],"tag":"App"},{"contents":[{"Right":0},[]],"tag":"App"}]],"tag":"App"}],"tag":"Pi"}],"tag":"Pi"}],"tag":"Pi"},"original":{"contents":[{"item":{"contents":[{"Left":"Agda.Primitive.Level"},[]],"tag":"App"},"name":"a"},{"contents":[{"item":{"contents":"Set @0","tag":"Sort"},"name":"A"},{"contents":[{"item":{"contents":[{"Right":0},[]],"tag":"App"},"name":"_"},{"contents":[{"Left":"Agda.Builtin.Coinduction.∞"},[{"contents":[{"Right":1},[]],"tag":"App"},{"contents":[{"Right":0},[]],"tag":"App"}]],"tag":"App"}],"tag":"Pi"}],"tag":"Pi"}],"tag":"Pi"},"reduced":{"contents":[{"item":{"contents":[{"Left":"Agda.Primitive.Level"},[]],"tag":"App"},"name":"a"},{"contents":[{"item":{"contents":"Set @0","tag":"Sort"},"name":"A"},{"contents":[{"item":{"contents":[{"Right":0},[]],"tag":"App"},"name":"_"},{"contents":[{"Left":"Agda.Builtin.Coinduction.∞"},[{"contents":[{"Right":1},[]],"tag":"App"},{"contents":[{"Right":0},[]],"tag":"App"}]],"tag":"App"}],"tag":"Pi"}],"tag":"Pi"}],"tag":"Pi"},"simplified":{"contents":[{"item":{"contents":[{"Left":"Agda.Primitive.Level"},[]],"tag":"App"},"name":"a"},{"contents":[{"item":{"contents":"Set @0","tag":"Sort"},"name":"A"},{"contents":[{"item":{"contents":[{"Right":0},[]],"tag":"App"},"name":"_"},{"contents":[{"Left":"Agda.Builtin.Coinduction.∞"},[{"contents":[{"Right":1},[]],"tag":"App"},{"contents":[{"Right":0},[]],"tag":"App"}]],"tag":"App"}],"tag":"Pi"}],"tag":"Pi"}],"tag":"Pi"}}},"name":"Agda.Builtin.Coinduction.♯_"},{"item":{"pretty":"Coℕ","thing":{"normalised":{"contents":[{"Left":"Codata.Musical.Conat.Base.Coℕ"},[]],"tag":"App"},"original":{"contents":[{"Left":"Codata.Musical.Conat.Base.Coℕ"},[]],"tag":"App"},"reduced":{"contents":[{"Left":"Codata.Musical.Conat.Base.Coℕ"},[]],"tag":"App"},"simplified":{"contents":[{"Left":"Codata.Musical.Conat.Base.Coℕ"},[]],"tag":"App"}}},"name":"Codata.Musical.Conat.Base.∞ℕ"},{"item":{"pretty":"Coℕ → Coℕ","thing":{"normalised":{"contents":[{"item":{"contents":[{"Left":"Codata.Musical.Conat.Base.Coℕ"},[]],"tag":"App"},"name":"_"},{"contents":[{"Left":"Codata.Musical.Conat.Base.Coℕ"},[]],"tag":"App"}],"tag":"Pi"},"original":{"contents":[{"item":{"contents":[{"Left":"Codata.Musical.Conat.Base.Coℕ"},[]],"tag":"App"},"name":"_"},{"contents":[{"Left":"Codata.Musical.Conat.Base.Coℕ"},[]],"tag":"App"}],"tag":"Pi"},"reduced":{"contents":[{"item":{"contents":[{"Left":"Codata.Musical.Conat.Base.Coℕ"},[]],"tag":"App"},"name":"_"},{"contents":[{"Left":"Codata.Musical.Conat.Base.Coℕ"},[]],"tag":"App"}],"tag":"Pi"},"simplified":{"contents":[{"item":{"contents":[{"Left":"Codata.Musical.Conat.Base.Coℕ"},[]],"tag":"App"},"name":"_"},{"contents":[{"Left":"Codata.Musical.Conat.Base.Coℕ"},[]],"tag":"App"}],"tag":"Pi"}}},"name":"Codata.Musical.Conat.Base.pred"},{"item":{"pretty":"{a : Agda.Primitive.Level} {A : Set a} → ∞ A → A","thing":{"normalised":{"contents":[{"item":{"contents":[{"Left":"Agda.Primitive.Level"},[]],"tag":"App"},"name":"a"},{"contents":[{"item":{"contents":"Set @0","tag":"Sort"},"name":"A"},{"contents":[{"item":{"contents":[{"Left":"Agda.Builtin.Coinduction.∞"},[{"contents":[{"Right":1},[]],"tag":"App"},{"contents":[{"Right":0},[]],"tag":"App"}]],"tag":"App"},"name":"_"},{"contents":[{"Right":0},[]],"tag":"App"}],"tag":"Pi"}],"tag":"Pi"}],"tag":"Pi"},"original":{"contents":[{"item":{"contents":[{"Left":"Agda.Primitive.Level"},[]],"tag":"App"},"name":"a"},{"contents":[{"item":{"contents":"Set @0","tag":"Sort"},"name":"A"},{"contents":[{"item":{"contents":[{"Left":"Agda.Builtin.Coinduction.∞"},[{"contents":[{"Right":1},[]],"tag":"App"},{"contents":[{"Right":0},[]],"tag":"App"}]],"tag":"App"},"name":"_"},{"contents":[{"Right":0},[]],"tag":"App"}],"tag":"Pi"}],"tag":"Pi"}],"tag":"Pi"},"reduced":{"contents":[{"item":{"contents":[{"Left":"Agda.Primitive.Level"},[]],"tag":"App"},"name":"a"},{"contents":[{"item":{"contents":"Set @0","tag":"Sort"},"name":"A"},{"contents":[{"item":{"contents":[{"Left":"Agda.Builtin.Coinduction.∞"},[{"contents":[{"Right":1},[]],"tag":"App"},{"contents":[{"Right":0},[]],"tag":"App"}]],"tag":"App"},"name":"_"},{"contents":[{"Right":0},[]],"tag":"App"}],"tag":"Pi"}],"tag":"Pi"}],"tag":"Pi"},"simplified":{"contents":[{"item":{"contents":[{"Left":"Agda.Primitive.Level"},[]],"tag":"App"},"name":"a"},{"contents":[{"item":{"contents":"Set @0","tag":"Sort"},"name":"A"},{"contents":[{"item":{"contents":[{"Left":"Agda.Builtin.Coinduction.∞"},[{"contents":[{"Right":1},[]],"tag":"App"},{"contents":[{"Right":0},[]],"tag":"App"}]],"tag":"App"},"name":"_"},{"contents":[{"Right":0},[]],"tag":"App"}],"tag":"Pi"}],"tag":"Pi"}],"tag":"Pi"}}},"name":"Agda.Builtin.Coinduction.♭"},{"item":{"pretty":"ℕ → Coℕ","thing":{"normalised":{"contents":[{"item":{"contents":[{"Left":"Agda.Builtin.Nat.Nat"},[]],"tag":"App"},"name":"_"},{"contents":[{"Left":"Codata.Musical.Conat.Base.Coℕ"},[]],"tag":"App"}],"tag":"Pi"},"original":{"contents":[{"item":{"contents":[{"Left":"Agda.Builtin.Nat.Nat"},[]],"tag":"App"},"name":"_"},{"contents":[{"Left":"Codata.Musical.Conat.Base.Coℕ"},[]],"tag":"App"}],"tag":"Pi"},"reduced":{"contents":[{"item":{"contents":[{"Left":"Agda.Builtin.Nat.Nat"},[]],"tag":"App"},"name":"_"},{"contents":[{"Left":"Codata.Musical.Conat.Base.Coℕ"},[]],"tag":"App"}],"tag":"Pi"},"simplified":{"contents":[{"item":{"contents":[{"Left":"Agda.Builtin.Nat.Nat"},[]],"tag":"App"},"name":"_"},{"contents":[{"Left":"Codata.Musical.Conat.Base.Coℕ"},[]],"tag":"App"}],"tag":"Pi"}}},"name":"Codata.Musical.Conat.Base.fromℕ"},{"item":{"pretty":"Coℕ → Coℕ → Coℕ","thing":{"normalised":{"contents":[{"item":{"contents":[{"Left":"Codata.Musical.Conat.Base.Coℕ"},[]],"tag":"App"},"name":"_"},{"contents":[{"item":{"contents":[{"Left":"Codata.Musical.Conat.Base.Coℕ"},[]],"tag":"App"},"name":"_"},{"contents":[{"Left":"Codata.Musical.Conat.Base.Coℕ"},[]],"tag":"App"}],"tag":"Pi"}],"tag":"Pi"},"original":{"contents":[{"item":{"contents":[{"Left":"Codata.Musical.Conat.Base.Coℕ"},[]],"tag":"App"},"name":"_"},{"contents":[{"item":{"contents":[{"Left":"Codata.Musical.Conat.Base.Coℕ"},[]],"tag":"App"},"name":"_"},{"contents":[{"Left":"Codata.Musical.Conat.Base.Coℕ"},[]],"tag":"App"}],"tag":"Pi"}],"tag":"Pi"},"reduced":{"contents":[{"item":{"contents":[{"Left":"Codata.Musical.Conat.Base.Coℕ"},[]],"tag":"App"},"name":"_"},{"contents":[{"item":{"contents":[{"Left":"Codata.Musical.Conat.Base.Coℕ"},[]],"tag":"App"},"name":"_"},{"contents":[{"Left":"Codata.Musical.Conat.Base.Coℕ"},[]],"tag":"App"}],"tag":"Pi"}],"tag":"Pi"},"simplified":{"contents":[{"item":{"contents":[{"Left":"Codata.Musical.Conat.Base.Coℕ"},[]],"tag":"App"},"name":"_"},{"contents":[{"item":{"contents":[{"Left":"Codata.Musical.Conat.Base.Coℕ"},[]],"tag":"App"},"name":"_"},{"contents":[{"Left":"Codata.Musical.Conat.Base.Coℕ"},[]],"tag":"App"}],"tag":"Pi"}],"tag":"Pi"}}},"name":"Codata.Musical.Conat.Base._+_"},{"item":{"pretty":"{a : Agda.Primitive.Level} (A : Set a) → A → A","thing":{"normalised":{"contents":[{"item":{"contents":[{"Left":"Agda.Primitive.Level"},[]],"tag":"App"},"name":"a"},{"contents":[{"item":{"contents":"Set @0","tag":"Sort"},"name":"A"},{"contents":[{"item":{"contents":[{"Right":0},[]],"tag":"App"},"name":"_"},{"contents":[{"Right":0},[]],"tag":"App"}],"tag":"Pi"}],"tag":"Pi"}],"tag":"Pi"},"original":{"contents":[{"item":{"contents":[{"Left":"Agda.Primitive.Level"},[]],"tag":"App"},"name":"a"},{"contents":[{"item":{"contents":"Set @0","tag":"Sort"},"name":"A"},{"contents":[{"item":{"contents":[{"Right":0},[]],"tag":"App"},"name":"_"},{"contents":[{"Right":0},[]],"tag":"App"}],"tag":"Pi"}],"tag":"Pi"}],"tag":"Pi"},"reduced":{"contents":[{"item":{"contents":[{"Left":"Agda.Primitive.Level"},[]],"tag":"App"},"name":"a"},{"contents":[{"item":{"contents":"Set @0","tag":"Sort"},"name":"A"},{"contents":[{"item":{"contents":[{"Right":0},[]],"tag":"App"},"name":"_"},{"contents":[{"Right":0},[]],"tag":"App"}],"tag":"Pi"}],"tag":"Pi"}],"tag":"Pi"},"simplified":{"contents":[{"item":{"contents":[{"Left":"Agda.Primitive.Level"},[]],"tag":"App"},"name":"a"},{"contents":[{"item":{"contents":"Set @0","tag":"Sort"},"name":"A"},{"contents":[{"item":{"contents":[{"Right":0},[]],"tag":"App"},"name":"_"},{"contents":[{"Right":0},[]],"tag":"App"}],"tag":"Pi"}],"tag":"Pi"}],"tag":"Pi"}}},"name":"Function.Base._∋_"}],"name":"Codata.Musical.Conat.Base"},"samples":[{"ctx":{"pretty":"","thing":[]},"goal":{"pretty":"Coℕ","thing":{"normalised":{"contents":[{"Left":"Codata.Musical.Conat.Base.Coℕ"},[]],"tag":"App"},"original":{"contents":[{"Left":"Codata.Musical.Conat.Base.Coℕ"},[]],"tag":"App"},"reduced":{"contents":[{"Left":"Codata.Musical.Conat.Base.Coℕ"},[]],"tag":"App"},"simplified":{"contents":[{"Left":"Codata.Musical.Conat.Base.Coℕ"},[]],"tag":"App"}}},"term":{"pretty":"zero","thing":{"normalised":{"contents":[{"Left":"Codata.Musical.Conat.Base.Coℕ.zero"},[]],"tag":"App"},"original":{"contents":[{"Left":"Codata.Musical.Conat.Base.Coℕ.zero"},[]],"tag":"App"},"reduced":{"contents":[{"Left":"Codata.Musical.Conat.Base.Coℕ.zero"},[]],"tag":"App"},"simplified":{"contents":[{"Left":"Codata.Musical.Conat.Base.Coℕ.zero"},[]],"tag":"App"}}},"namesUsed":["Codata.Musical.Conat.Base.Coℕ.zero"]},{"ctx":{"pretty":"","thing":[]},"goal":{"pretty":"Coℕ","thing":{"normalised":{"contents":[{"Left":"Codata.Musical.Conat.Base.Coℕ"},[]],"tag":"App"},"original":{"contents":[{"Left":"Codata.Musical.Conat.Base.Coℕ"},[]],"tag":"App"},"reduced":{"contents":[{"Left":"Codata.Musical.Conat.Base.Coℕ"},[]],"tag":"App"},"simplified":{"contents":[{"Left":"Codata.Musical.Conat.Base.Coℕ"},[]],"tag":"App"}}},"term":{"pretty":"zero","thing":{"normalised":{"contents":[{"Left":"Codata.Musical.Conat.Base.Coℕ.zero"},[]],"tag":"App"},"original":{"contents":[{"Left":"Codata.Musical.Conat.Base.Coℕ.zero"},[]],"tag":"App"},"reduced":{"contents":[{"Left":"Codata.Musical.Conat.Base.Coℕ.zero"},[]],"tag":"App"},"simplified":{"contents":[{"Left":"Codata.Musical.Conat.Base.Coℕ.zero"},[]],"tag":"App"}}},"namesUsed":["Codata.Musical.Conat.Base.Coℕ.zero"]},{"ctx":{"pretty":"","thing":[]},"goal":{"pretty":"Coℕ","thing":{"normalised":{"contents":[{"Left":"Codata.Musical.Conat.Base.Coℕ"},[]],"tag":"App"},"original":{"contents":[{"Left":"Codata.Musical.Conat.Base.Coℕ"},[]],"tag":"App"},"reduced":{"contents":[{"Left":"Codata.Musical.Conat.Base.Coℕ"},[]],"tag":"App"},"simplified":{"contents":[{"Left":"Codata.Musical.Conat.Base.Coℕ"},[]],"tag":"App"}}},"term":{"pretty":"∞ℕ","thing":{"normalised":{"contents":[{"Left":"Codata.Musical.Conat.Base.Coℕ.suc"},[{"contents":[{"Left":"Codata.Musical.Conat.Base._.♯-0"},[]],"tag":"App"}]],"tag":"App"},"original":{"contents":[{"Left":"Codata.Musical.Conat.Base.∞ℕ"},[]],"tag":"App"},"reduced":{"contents":[{"Left":"Codata.Musical.Conat.Base.Coℕ.suc"},[{"contents":[{"Left":"Codata.Musical.Conat.Base._.♯-0"},[]],"tag":"App"}]],"tag":"App"},"simplified":{"contents":[{"Left":"Codata.Musical.Conat.Base.∞ℕ"},[]],"tag":"App"}}},"namesUsed":["Codata.Musical.Conat.Base.∞ℕ"]},{"ctx":{"pretty":"(n : ℕ)","thing":[{"item":{"contents":[{"Left":"Agda.Builtin.Nat.Nat"},[]],"tag":"App"},"name":"n"}]},"goal":{"pretty":"Coℕ","thing":{"normalised":{"contents":[{"Left":"Codata.Musical.Conat.Base.Coℕ"},[]],"tag":"App"},"original":{"contents":[{"Left":"Codata.Musical.Conat.Base.Coℕ"},[]],"tag":"App"},"reduced":{"contents":[{"Left":"Codata.Musical.Conat.Base.Coℕ"},[]],"tag":"App"},"simplified":{"contents":[{"Left":"Codata.Musical.Conat.Base.Coℕ"},[]],"tag":"App"}}},"term":{"pretty":"fromℕ n","thing":{"normalised":{"contents":[{"Left":"Codata.Musical.Conat.Base.fromℕ"},[{"contents":[{"Right":0},[]],"tag":"App"}]],"tag":"App"},"original":{"contents":[{"Left":"Codata.Musical.Conat.Base.fromℕ"},[{"contents":[{"Right":0},[]],"tag":"App"}]],"tag":"App"},"reduced":{"contents":[{"Left":"Codata.Musical.Conat.Base.fromℕ"},[{"contents":[{"Right":0},[]],"tag":"App"}]],"tag":"App"},"simplified":{"contents":[{"Left":"Codata.Musical.Conat.Base.fromℕ"},[{"contents":[{"Right":0},[]],"tag":"App"}]],"tag":"App"}}},"namesUsed":["Codata.Musical.Conat.Base.fromℕ"]},{"ctx":{"pretty":"(m : ∞ Coℕ) (n : Coℕ)","thing":[{"item":{"contents":[{"Left":"Agda.Builtin.Coinduction.∞"},[{"contents":"lzero","tag":"Level"},{"contents":[{"Left":"Codata.Musical.Conat.Base.Coℕ"},[]],"tag":"App"}]],"tag":"App"},"name":"m"},{"item":{"contents":[{"Left":"Codata.Musical.Conat.Base.Coℕ"},[]],"tag":"App"},"name":"n"}]},"goal":{"pretty":"Coℕ","thing":{"normalised":{"contents":[{"Left":"Codata.Musical.Conat.Base.Coℕ"},[]],"tag":"App"},"original":{"contents":[{"Left":"Codata.Musical.Conat.Base.Coℕ"},[]],"tag":"App"},"reduced":{"contents":[{"Left":"Codata.Musical.Conat.Base.Coℕ"},[]],"tag":"App"},"simplified":{"contents":[{"Left":"Codata.Musical.Conat.Base.Coℕ"},[]],"tag":"App"}}},"term":{"pretty":"♭ m + n","thing":{"normalised":{"contents":[{"Left":"Codata.Musical.Conat.Base._+_"},[{"contents":[{"Right":1},[{"contents":[{"Left":"Agda.Builtin.Coinduction.♭"},[]],"tag":"App"}]],"tag":"App"},{"contents":[{"Right":0},[]],"tag":"App"}]],"tag":"App"},"original":{"contents":[{"Left":"Codata.Musical.Conat.Base._+_"},[{"contents":[{"Right":1},[{"contents":[{"Left":"Agda.Builtin.Coinduction.♭"},[]],"tag":"App"}]],"tag":"App"},{"contents":[{"Right":0},[]],"tag":"App"}]],"tag":"App"},"reduced":{"contents":[{"Left":"Codata.Musical.Conat.Base._+_"},[{"contents":[{"Right":1},[{"contents":[{"Left":"Agda.Builtin.Coinduction.♭"},[]],"tag":"App"}]],"tag":"App"},{"contents":[{"Right":0},[]],"tag":"App"}]],"tag":"App"},"simplified":{"contents":[{"Left":"Codata.Musical.Conat.Base._+_"},[{"contents":[{"Right":1},[{"contents":[{"Left":"Agda.Builtin.Coinduction.♭"},[]],"tag":"App"}]],"tag":"App"},{"contents":[{"Right":0},[]],"tag":"App"}]],"tag":"App"}}},"namesUsed":["Codata.Musical.Conat.Base._+_"]}]}