{"scope":{"item":[{"item":{"pretty":"{ℓ : Agda.Primitive.Level}\n{i : Codata.Conat.Conat Agda.Builtin.Size.∞}\n{n : Agda.Builtin.Size.Size} →\nCategory.Functor.RawFunctor (λ A → Codata.Covec.Covec A n i)","thing":{"normalised":{"contents":[{"item":{"contents":[{"Left":"Agda.Primitive.Level"},[]],"tag":"App"},"name":"ℓ"},{"contents":[{"item":{"contents":[{"Left":"Codata.Conat.Conat"},[{"contents":[{"Left":"Agda.Builtin.Size.∞"},[]],"tag":"App"}]],"tag":"App"},"name":"i"},{"contents":[{"item":{"contents":[{"Left":"Agda.Builtin.Size.Size"},[]],"tag":"App"},"name":"n"},{"contents":[{"Left":"Category.Functor.RawFunctor"},[{"contents":[{"Right":2},[]],"tag":"App"},{"contents":[{"Right":2},[]],"tag":"App"},{"contents":{"item":{"contents":[{"Left":"Codata.Covec.Covec"},[{"contents":[{"Right":3},[]],"tag":"App"},{"contents":[{"Right":0},[]],"tag":"App"},{"contents":[{"Right":1},[]],"tag":"App"},{"contents":[{"Right":2},[]],"tag":"App"}]],"tag":"App"},"name":"A"},"tag":"Lam"}]],"tag":"App"}],"tag":"Pi"}],"tag":"Pi"}],"tag":"Pi"},"original":{"contents":[{"item":{"contents":[{"Left":"Agda.Primitive.Level"},[]],"tag":"App"},"name":"ℓ"},{"contents":[{"item":{"contents":[{"Left":"Codata.Conat.Conat"},[{"contents":[{"Left":"Agda.Builtin.Size.∞"},[]],"tag":"App"}]],"tag":"App"},"name":"i"},{"contents":[{"item":{"contents":[{"Left":"Agda.Builtin.Size.Size"},[]],"tag":"App"},"name":"n"},{"contents":[{"Left":"Category.Functor.RawFunctor"},[{"contents":[{"Right":2},[]],"tag":"App"},{"contents":[{"Right":2},[]],"tag":"App"},{"contents":{"item":{"contents":[{"Left":"Codata.Covec.Covec"},[{"contents":[{"Right":3},[]],"tag":"App"},{"contents":[{"Right":0},[]],"tag":"App"},{"contents":[{"Right":1},[]],"tag":"App"},{"contents":[{"Right":2},[]],"tag":"App"}]],"tag":"App"},"name":"A"},"tag":"Lam"}]],"tag":"App"}],"tag":"Pi"}],"tag":"Pi"}],"tag":"Pi"},"reduced":{"contents":[{"item":{"contents":[{"Left":"Agda.Primitive.Level"},[]],"tag":"App"},"name":"ℓ"},{"contents":[{"item":{"contents":[{"Left":"Codata.Conat.Conat"},[{"contents":[{"Left":"Agda.Builtin.Size.∞"},[]],"tag":"App"}]],"tag":"App"},"name":"i"},{"contents":[{"item":{"contents":[{"Left":"Agda.Builtin.Size.Size"},[]],"tag":"App"},"name":"n"},{"contents":[{"Left":"Category.Functor.RawFunctor"},[{"contents":[{"Right":2},[]],"tag":"App"},{"contents":[{"Right":2},[]],"tag":"App"},{"contents":{"item":{"contents":[{"Left":"Codata.Covec.Covec"},[{"contents":[{"Right":3},[]],"tag":"App"},{"contents":[{"Right":0},[]],"tag":"App"},{"contents":[{"Right":1},[]],"tag":"App"},{"contents":[{"Right":2},[]],"tag":"App"}]],"tag":"App"},"name":"A"},"tag":"Lam"}]],"tag":"App"}],"tag":"Pi"}],"tag":"Pi"}],"tag":"Pi"},"simplified":{"contents":[{"item":{"contents":[{"Left":"Agda.Primitive.Level"},[]],"tag":"App"},"name":"ℓ"},{"contents":[{"item":{"contents":[{"Left":"Codata.Conat.Conat"},[{"contents":[{"Left":"Agda.Builtin.Size.∞"},[]],"tag":"App"}]],"tag":"App"},"name":"i"},{"contents":[{"item":{"contents":[{"Left":"Agda.Builtin.Size.Size"},[]],"tag":"App"},"name":"n"},{"contents":[{"Left":"Category.Functor.RawFunctor"},[{"contents":[{"Right":2},[]],"tag":"App"},{"contents":[{"Right":2},[]],"tag":"App"},{"contents":{"item":{"contents":[{"Left":"Codata.Covec.Covec"},[{"contents":[{"Right":3},[]],"tag":"App"},{"contents":[{"Right":0},[]],"tag":"App"},{"contents":[{"Right":1},[]],"tag":"App"},{"contents":[{"Right":2},[]],"tag":"App"}]],"tag":"App"},"name":"A"},"tag":"Lam"}]],"tag":"App"}],"tag":"Pi"}],"tag":"Pi"}],"tag":"Pi"}}},"name":"Codata.Covec.Instances.covecFunctor"},{"item":{"pretty":"{ℓ : Agda.Primitive.Level}\n{i : Codata.Conat.Conat Agda.Builtin.Size.∞}\n{n : Agda.Builtin.Size.Size} →\nCategory.Applicative.RawApplicative\n(λ A → Codata.Covec.Covec A n i)","thing":{"normalised":{"contents":[{"item":{"contents":[{"Left":"Agda.Primitive.Level"},[]],"tag":"App"},"name":"ℓ"},{"contents":[{"item":{"contents":[{"Left":"Codata.Conat.Conat"},[{"contents":[{"Left":"Agda.Builtin.Size.∞"},[]],"tag":"App"}]],"tag":"App"},"name":"i"},{"contents":[{"item":{"contents":[{"Left":"Agda.Builtin.Size.Size"},[]],"tag":"App"},"name":"n"},{"contents":[{"Left":"Category.Applicative.Indexed.RawIApplicative"},[{"contents":"lzero","tag":"Level"},{"contents":[{"Right":2},[]],"tag":"App"},{"contents":[{"Left":"Agda.Builtin.Unit.⊤"},[]],"tag":"App"},{"contents":{"item":{"contents":{"item":{"contents":{"item":{"contents":[{"Left":"Codata.Covec.Covec"},[{"contents":[{"Right":5},[]],"tag":"App"},{"contents":[{"Right":0},[]],"tag":"App"},{"contents":[{"Right":3},[]],"tag":"App"},{"contents":[{"Right":4},[]],"tag":"App"}]],"tag":"App"},"name":"A"},"tag":"Lam"},"name":"_"},"tag":"Lam"},"name":"_"},"tag":"Lam"}]],"tag":"App"}],"tag":"Pi"}],"tag":"Pi"}],"tag":"Pi"},"original":{"contents":[{"item":{"contents":[{"Left":"Agda.Primitive.Level"},[]],"tag":"App"},"name":"ℓ"},{"contents":[{"item":{"contents":[{"Left":"Codata.Conat.Conat"},[{"contents":[{"Left":"Agda.Builtin.Size.∞"},[]],"tag":"App"}]],"tag":"App"},"name":"i"},{"contents":[{"item":{"contents":[{"Left":"Agda.Builtin.Size.Size"},[]],"tag":"App"},"name":"n"},{"contents":[{"Left":"Category.Applicative.RawApplicative"},[{"contents":[{"Right":2},[]],"tag":"App"},{"contents":{"item":{"contents":[{"Left":"Codata.Covec.Covec"},[{"contents":[{"Right":3},[]],"tag":"App"},{"contents":[{"Right":0},[]],"tag":"App"},{"contents":[{"Right":1},[]],"tag":"App"},{"contents":[{"Right":2},[]],"tag":"App"}]],"tag":"App"},"name":"A"},"tag":"Lam"}]],"tag":"App"}],"tag":"Pi"}],"tag":"Pi"}],"tag":"Pi"},"reduced":{"contents":[{"item":{"contents":[{"Left":"Agda.Primitive.Level"},[]],"tag":"App"},"name":"ℓ"},{"contents":[{"item":{"contents":[{"Left":"Codata.Conat.Conat"},[{"contents":[{"Left":"Agda.Builtin.Size.∞"},[]],"tag":"App"}]],"tag":"App"},"name":"i"},{"contents":[{"item":{"contents":[{"Left":"Agda.Builtin.Size.Size"},[]],"tag":"App"},"name":"n"},{"contents":[{"Left":"Category.Applicative.RawApplicative"},[{"contents":[{"Right":2},[]],"tag":"App"},{"contents":{"item":{"contents":[{"Left":"Codata.Covec.Covec"},[{"contents":[{"Right":3},[]],"tag":"App"},{"contents":[{"Right":0},[]],"tag":"App"},{"contents":[{"Right":1},[]],"tag":"App"},{"contents":[{"Right":2},[]],"tag":"App"}]],"tag":"App"},"name":"A"},"tag":"Lam"}]],"tag":"App"}],"tag":"Pi"}],"tag":"Pi"}],"tag":"Pi"},"simplified":{"contents":[{"item":{"contents":[{"Left":"Agda.Primitive.Level"},[]],"tag":"App"},"name":"ℓ"},{"contents":[{"item":{"contents":[{"Left":"Codata.Conat.Conat"},[{"contents":[{"Left":"Agda.Builtin.Size.∞"},[]],"tag":"App"}]],"tag":"App"},"name":"i"},{"contents":[{"item":{"contents":[{"Left":"Agda.Builtin.Size.Size"},[]],"tag":"App"},"name":"n"},{"contents":[{"Left":"Category.Applicative.RawApplicative"},[{"contents":[{"Right":2},[]],"tag":"App"},{"contents":{"item":{"contents":[{"Left":"Codata.Covec.Covec"},[{"contents":[{"Right":3},[]],"tag":"App"},{"contents":[{"Right":0},[]],"tag":"App"},{"contents":[{"Right":1},[]],"tag":"App"},{"contents":[{"Right":2},[]],"tag":"App"}]],"tag":"App"},"name":"A"},"tag":"Lam"}]],"tag":"App"}],"tag":"Pi"}],"tag":"Pi"}],"tag":"Pi"}}},"name":"Codata.Covec.Instances.covecApplicative"},{"item":{"pretty":"{ℓ : Agda.Primitive.Level}\n{i : Codata.Conat.Conat Agda.Builtin.Size.∞}\n{n : Agda.Builtin.Size.Size} →\nCategory.Functor.RawFunctor (λ A → Codata.Covec.Covec A n i)","thing":{"normalised":{"contents":[{"item":{"contents":[{"Left":"Agda.Primitive.Level"},[]],"tag":"App"},"name":"ℓ"},{"contents":[{"item":{"contents":[{"Left":"Codata.Conat.Conat"},[{"contents":[{"Left":"Agda.Builtin.Size.∞"},[]],"tag":"App"}]],"tag":"App"},"name":"i"},{"contents":[{"item":{"contents":[{"Left":"Agda.Builtin.Size.Size"},[]],"tag":"App"},"name":"n"},{"contents":[{"Left":"Category.Functor.RawFunctor"},[{"contents":[{"Right":2},[]],"tag":"App"},{"contents":[{"Right":2},[]],"tag":"App"},{"contents":{"item":{"contents":[{"Left":"Codata.Covec.Covec"},[{"contents":[{"Right":3},[]],"tag":"App"},{"contents":[{"Right":0},[]],"tag":"App"},{"contents":[{"Right":1},[]],"tag":"App"},{"contents":[{"Right":2},[]],"tag":"App"}]],"tag":"App"},"name":"A"},"tag":"Lam"}]],"tag":"App"}],"tag":"Pi"}],"tag":"Pi"}],"tag":"Pi"},"original":{"contents":[{"item":{"contents":[{"Left":"Agda.Primitive.Level"},[]],"tag":"App"},"name":"ℓ"},{"contents":[{"item":{"contents":[{"Left":"Codata.Conat.Conat"},[{"contents":[{"Left":"Agda.Builtin.Size.∞"},[]],"tag":"App"}]],"tag":"App"},"name":"i"},{"contents":[{"item":{"contents":[{"Left":"Agda.Builtin.Size.Size"},[]],"tag":"App"},"name":"n"},{"contents":[{"Left":"Category.Functor.RawFunctor"},[{"contents":[{"Right":2},[]],"tag":"App"},{"contents":[{"Right":2},[]],"tag":"App"},{"contents":{"item":{"contents":[{"Left":"Codata.Covec.Covec"},[{"contents":[{"Right":3},[]],"tag":"App"},{"contents":[{"Right":0},[]],"tag":"App"},{"contents":[{"Right":1},[]],"tag":"App"},{"contents":[{"Right":2},[]],"tag":"App"}]],"tag":"App"},"name":"A"},"tag":"Lam"}]],"tag":"App"}],"tag":"Pi"}],"tag":"Pi"}],"tag":"Pi"},"reduced":{"contents":[{"item":{"contents":[{"Left":"Agda.Primitive.Level"},[]],"tag":"App"},"name":"ℓ"},{"contents":[{"item":{"contents":[{"Left":"Codata.Conat.Conat"},[{"contents":[{"Left":"Agda.Builtin.Size.∞"},[]],"tag":"App"}]],"tag":"App"},"name":"i"},{"contents":[{"item":{"contents":[{"Left":"Agda.Builtin.Size.Size"},[]],"tag":"App"},"name":"n"},{"contents":[{"Left":"Category.Functor.RawFunctor"},[{"contents":[{"Right":2},[]],"tag":"App"},{"contents":[{"Right":2},[]],"tag":"App"},{"contents":{"item":{"contents":[{"Left":"Codata.Covec.Covec"},[{"contents":[{"Right":3},[]],"tag":"App"},{"contents":[{"Right":0},[]],"tag":"App"},{"contents":[{"Right":1},[]],"tag":"App"},{"contents":[{"Right":2},[]],"tag":"App"}]],"tag":"App"},"name":"A"},"tag":"Lam"}]],"tag":"App"}],"tag":"Pi"}],"tag":"Pi"}],"tag":"Pi"},"simplified":{"contents":[{"item":{"contents":[{"Left":"Agda.Primitive.Level"},[]],"tag":"App"},"name":"ℓ"},{"contents":[{"item":{"contents":[{"Left":"Codata.Conat.Conat"},[{"contents":[{"Left":"Agda.Builtin.Size.∞"},[]],"tag":"App"}]],"tag":"App"},"name":"i"},{"contents":[{"item":{"contents":[{"Left":"Agda.Builtin.Size.Size"},[]],"tag":"App"},"name":"n"},{"contents":[{"Left":"Category.Functor.RawFunctor"},[{"contents":[{"Right":2},[]],"tag":"App"},{"contents":[{"Right":2},[]],"tag":"App"},{"contents":{"item":{"contents":[{"Left":"Codata.Covec.Covec"},[{"contents":[{"Right":3},[]],"tag":"App"},{"contents":[{"Right":0},[]],"tag":"App"},{"contents":[{"Right":1},[]],"tag":"App"},{"contents":[{"Right":2},[]],"tag":"App"}]],"tag":"App"},"name":"A"},"tag":"Lam"}]],"tag":"App"}],"tag":"Pi"}],"tag":"Pi"}],"tag":"Pi"}}},"name":"Codata.Covec.Categorical.functor"},{"item":{"pretty":"{ℓ : Agda.Primitive.Level}\n{i : Codata.Conat.Conat Agda.Builtin.Size.∞}\n{n : Agda.Builtin.Size.Size} →\nCategory.Applicative.RawApplicative\n(λ A → Codata.Covec.Covec A n i)","thing":{"normalised":{"contents":[{"item":{"contents":[{"Left":"Agda.Primitive.Level"},[]],"tag":"App"},"name":"ℓ"},{"contents":[{"item":{"contents":[{"Left":"Codata.Conat.Conat"},[{"contents":[{"Left":"Agda.Builtin.Size.∞"},[]],"tag":"App"}]],"tag":"App"},"name":"i"},{"contents":[{"item":{"contents":[{"Left":"Agda.Builtin.Size.Size"},[]],"tag":"App"},"name":"n"},{"contents":[{"Left":"Category.Applicative.Indexed.RawIApplicative"},[{"contents":"lzero","tag":"Level"},{"contents":[{"Right":2},[]],"tag":"App"},{"contents":[{"Left":"Agda.Builtin.Unit.⊤"},[]],"tag":"App"},{"contents":{"item":{"contents":{"item":{"contents":{"item":{"contents":[{"Left":"Codata.Covec.Covec"},[{"contents":[{"Right":5},[]],"tag":"App"},{"contents":[{"Right":0},[]],"tag":"App"},{"contents":[{"Right":3},[]],"tag":"App"},{"contents":[{"Right":4},[]],"tag":"App"}]],"tag":"App"},"name":"A"},"tag":"Lam"},"name":"_"},"tag":"Lam"},"name":"_"},"tag":"Lam"}]],"tag":"App"}],"tag":"Pi"}],"tag":"Pi"}],"tag":"Pi"},"original":{"contents":[{"item":{"contents":[{"Left":"Agda.Primitive.Level"},[]],"tag":"App"},"name":"ℓ"},{"contents":[{"item":{"contents":[{"Left":"Codata.Conat.Conat"},[{"contents":[{"Left":"Agda.Builtin.Size.∞"},[]],"tag":"App"}]],"tag":"App"},"name":"i"},{"contents":[{"item":{"contents":[{"Left":"Agda.Builtin.Size.Size"},[]],"tag":"App"},"name":"n"},{"contents":[{"Left":"Category.Applicative.RawApplicative"},[{"contents":[{"Right":2},[]],"tag":"App"},{"contents":{"item":{"contents":[{"Left":"Codata.Covec.Covec"},[{"contents":[{"Right":3},[]],"tag":"App"},{"contents":[{"Right":0},[]],"tag":"App"},{"contents":[{"Right":1},[]],"tag":"App"},{"contents":[{"Right":2},[]],"tag":"App"}]],"tag":"App"},"name":"A"},"tag":"Lam"}]],"tag":"App"}],"tag":"Pi"}],"tag":"Pi"}],"tag":"Pi"},"reduced":{"contents":[{"item":{"contents":[{"Left":"Agda.Primitive.Level"},[]],"tag":"App"},"name":"ℓ"},{"contents":[{"item":{"contents":[{"Left":"Codata.Conat.Conat"},[{"contents":[{"Left":"Agda.Builtin.Size.∞"},[]],"tag":"App"}]],"tag":"App"},"name":"i"},{"contents":[{"item":{"contents":[{"Left":"Agda.Builtin.Size.Size"},[]],"tag":"App"},"name":"n"},{"contents":[{"Left":"Category.Applicative.RawApplicative"},[{"contents":[{"Right":2},[]],"tag":"App"},{"contents":{"item":{"contents":[{"Left":"Codata.Covec.Covec"},[{"contents":[{"Right":3},[]],"tag":"App"},{"contents":[{"Right":0},[]],"tag":"App"},{"contents":[{"Right":1},[]],"tag":"App"},{"contents":[{"Right":2},[]],"tag":"App"}]],"tag":"App"},"name":"A"},"tag":"Lam"}]],"tag":"App"}],"tag":"Pi"}],"tag":"Pi"}],"tag":"Pi"},"simplified":{"contents":[{"item":{"contents":[{"Left":"Agda.Primitive.Level"},[]],"tag":"App"},"name":"ℓ"},{"contents":[{"item":{"contents":[{"Left":"Codata.Conat.Conat"},[{"contents":[{"Left":"Agda.Builtin.Size.∞"},[]],"tag":"App"}]],"tag":"App"},"name":"i"},{"contents":[{"item":{"contents":[{"Left":"Agda.Builtin.Size.Size"},[]],"tag":"App"},"name":"n"},{"contents":[{"Left":"Category.Applicative.RawApplicative"},[{"contents":[{"Right":2},[]],"tag":"App"},{"contents":{"item":{"contents":[{"Left":"Codata.Covec.Covec"},[{"contents":[{"Right":3},[]],"tag":"App"},{"contents":[{"Right":0},[]],"tag":"App"},{"contents":[{"Right":1},[]],"tag":"App"},{"contents":[{"Right":2},[]],"tag":"App"}]],"tag":"App"},"name":"A"},"tag":"Lam"}]],"tag":"App"}],"tag":"Pi"}],"tag":"Pi"}],"tag":"Pi"}}},"name":"Codata.Covec.Categorical.applicative"}],"name":"Codata.Covec.Instances"},"samples":[{"ctx":{"pretty":"","thing":[]},"goal":{"pretty":"{ℓ : Agda.Primitive.Level}\n{i : Codata.Conat.Conat Agda.Builtin.Size.∞}\n{n : Agda.Builtin.Size.Size} →\nCategory.Functor.RawFunctor (λ A → Codata.Covec.Covec A n i)","thing":{"normalised":{"contents":[{"item":{"contents":[{"Left":"Agda.Primitive.Level"},[]],"tag":"App"},"name":"ℓ"},{"contents":[{"item":{"contents":[{"Left":"Codata.Conat.Conat"},[{"contents":[{"Left":"Agda.Builtin.Size.∞"},[]],"tag":"App"}]],"tag":"App"},"name":"i"},{"contents":[{"item":{"contents":[{"Left":"Agda.Builtin.Size.Size"},[]],"tag":"App"},"name":"n"},{"contents":[{"Left":"Category.Functor.RawFunctor"},[{"contents":[{"Right":2},[]],"tag":"App"},{"contents":[{"Right":2},[]],"tag":"App"},{"contents":{"item":{"contents":[{"Left":"Codata.Covec.Covec"},[{"contents":[{"Right":3},[]],"tag":"App"},{"contents":[{"Right":0},[]],"tag":"App"},{"contents":[{"Right":1},[]],"tag":"App"},{"contents":[{"Right":2},[]],"tag":"App"}]],"tag":"App"},"name":"A"},"tag":"Lam"}]],"tag":"App"}],"tag":"Pi"}],"tag":"Pi"}],"tag":"Pi"},"original":{"contents":[{"item":{"contents":[{"Left":"Agda.Primitive.Level"},[]],"tag":"App"},"name":"ℓ"},{"contents":[{"item":{"contents":[{"Left":"Codata.Conat.Conat"},[{"contents":[{"Left":"Agda.Builtin.Size.∞"},[]],"tag":"App"}]],"tag":"App"},"name":"i"},{"contents":[{"item":{"contents":[{"Left":"Agda.Builtin.Size.Size"},[]],"tag":"App"},"name":"n"},{"contents":[{"Left":"Category.Functor.RawFunctor"},[{"contents":[{"Right":2},[]],"tag":"App"},{"contents":[{"Right":2},[]],"tag":"App"},{"contents":{"item":{"contents":[{"Left":"Codata.Covec.Covec"},[{"contents":[{"Right":3},[]],"tag":"App"},{"contents":[{"Right":0},[]],"tag":"App"},{"contents":[{"Right":1},[]],"tag":"App"},{"contents":[{"Right":2},[]],"tag":"App"}]],"tag":"App"},"name":"A"},"tag":"Lam"}]],"tag":"App"}],"tag":"Pi"}],"tag":"Pi"}],"tag":"Pi"},"reduced":{"contents":[{"item":{"contents":[{"Left":"Agda.Primitive.Level"},[]],"tag":"App"},"name":"ℓ"},{"contents":[{"item":{"contents":[{"Left":"Codata.Conat.Conat"},[{"contents":[{"Left":"Agda.Builtin.Size.∞"},[]],"tag":"App"}]],"tag":"App"},"name":"i"},{"contents":[{"item":{"contents":[{"Left":"Agda.Builtin.Size.Size"},[]],"tag":"App"},"name":"n"},{"contents":[{"Left":"Category.Functor.RawFunctor"},[{"contents":[{"Right":2},[]],"tag":"App"},{"contents":[{"Right":2},[]],"tag":"App"},{"contents":{"item":{"contents":[{"Left":"Codata.Covec.Covec"},[{"contents":[{"Right":3},[]],"tag":"App"},{"contents":[{"Right":0},[]],"tag":"App"},{"contents":[{"Right":1},[]],"tag":"App"},{"contents":[{"Right":2},[]],"tag":"App"}]],"tag":"App"},"name":"A"},"tag":"Lam"}]],"tag":"App"}],"tag":"Pi"}],"tag":"Pi"}],"tag":"Pi"},"simplified":{"contents":[{"item":{"contents":[{"Left":"Agda.Primitive.Level"},[]],"tag":"App"},"name":"ℓ"},{"contents":[{"item":{"contents":[{"Left":"Codata.Conat.Conat"},[{"contents":[{"Left":"Agda.Builtin.Size.∞"},[]],"tag":"App"}]],"tag":"App"},"name":"i"},{"contents":[{"item":{"contents":[{"Left":"Agda.Builtin.Size.Size"},[]],"tag":"App"},"name":"n"},{"contents":[{"Left":"Category.Functor.RawFunctor"},[{"contents":[{"Right":2},[]],"tag":"App"},{"contents":[{"Right":2},[]],"tag":"App"},{"contents":{"item":{"contents":[{"Left":"Codata.Covec.Covec"},[{"contents":[{"Right":3},[]],"tag":"App"},{"contents":[{"Right":0},[]],"tag":"App"},{"contents":[{"Right":1},[]],"tag":"App"},{"contents":[{"Right":2},[]],"tag":"App"}]],"tag":"App"},"name":"A"},"tag":"Lam"}]],"tag":"App"}],"tag":"Pi"}],"tag":"Pi"}],"tag":"Pi"}}},"term":{"pretty":"functor","thing":{"normalised":{"contents":[{"Left":"Codata.Covec.Categorical.functor"},[]],"tag":"App"},"original":{"contents":[{"Left":"Codata.Covec.Categorical.functor"},[]],"tag":"App"},"reduced":{"contents":[{"Left":"Codata.Covec.Categorical.functor"},[]],"tag":"App"},"simplified":{"contents":[{"Left":"Codata.Covec.Categorical.functor"},[]],"tag":"App"}}},"namesUsed":["Codata.Covec.Categorical.functor"]},{"ctx":{"pretty":"","thing":[]},"goal":{"pretty":"{ℓ : Agda.Primitive.Level}\n{i : Codata.Conat.Conat Agda.Builtin.Size.∞}\n{n : Agda.Builtin.Size.Size} →\nCategory.Applicative.RawApplicative\n(λ A → Codata.Covec.Covec A n i)","thing":{"normalised":{"contents":[{"item":{"contents":[{"Left":"Agda.Primitive.Level"},[]],"tag":"App"},"name":"ℓ"},{"contents":[{"item":{"contents":[{"Left":"Codata.Conat.Conat"},[{"contents":[{"Left":"Agda.Builtin.Size.∞"},[]],"tag":"App"}]],"tag":"App"},"name":"i"},{"contents":[{"item":{"contents":[{"Left":"Agda.Builtin.Size.Size"},[]],"tag":"App"},"name":"n"},{"contents":[{"Left":"Category.Applicative.Indexed.RawIApplicative"},[{"contents":"lzero","tag":"Level"},{"contents":[{"Right":2},[]],"tag":"App"},{"contents":[{"Left":"Agda.Builtin.Unit.⊤"},[]],"tag":"App"},{"contents":{"item":{"contents":{"item":{"contents":{"item":{"contents":[{"Left":"Codata.Covec.Covec"},[{"contents":[{"Right":5},[]],"tag":"App"},{"contents":[{"Right":0},[]],"tag":"App"},{"contents":[{"Right":3},[]],"tag":"App"},{"contents":[{"Right":4},[]],"tag":"App"}]],"tag":"App"},"name":"A"},"tag":"Lam"},"name":"_"},"tag":"Lam"},"name":"_"},"tag":"Lam"}]],"tag":"App"}],"tag":"Pi"}],"tag":"Pi"}],"tag":"Pi"},"original":{"contents":[{"item":{"contents":[{"Left":"Agda.Primitive.Level"},[]],"tag":"App"},"name":"ℓ"},{"contents":[{"item":{"contents":[{"Left":"Codata.Conat.Conat"},[{"contents":[{"Left":"Agda.Builtin.Size.∞"},[]],"tag":"App"}]],"tag":"App"},"name":"i"},{"contents":[{"item":{"contents":[{"Left":"Agda.Builtin.Size.Size"},[]],"tag":"App"},"name":"n"},{"contents":[{"Left":"Category.Applicative.RawApplicative"},[{"contents":[{"Right":2},[]],"tag":"App"},{"contents":{"item":{"contents":[{"Left":"Codata.Covec.Covec"},[{"contents":[{"Right":3},[]],"tag":"App"},{"contents":[{"Right":0},[]],"tag":"App"},{"contents":[{"Right":1},[]],"tag":"App"},{"contents":[{"Right":2},[]],"tag":"App"}]],"tag":"App"},"name":"A"},"tag":"Lam"}]],"tag":"App"}],"tag":"Pi"}],"tag":"Pi"}],"tag":"Pi"},"reduced":{"contents":[{"item":{"contents":[{"Left":"Agda.Primitive.Level"},[]],"tag":"App"},"name":"ℓ"},{"contents":[{"item":{"contents":[{"Left":"Codata.Conat.Conat"},[{"contents":[{"Left":"Agda.Builtin.Size.∞"},[]],"tag":"App"}]],"tag":"App"},"name":"i"},{"contents":[{"item":{"contents":[{"Left":"Agda.Builtin.Size.Size"},[]],"tag":"App"},"name":"n"},{"contents":[{"Left":"Category.Applicative.RawApplicative"},[{"contents":[{"Right":2},[]],"tag":"App"},{"contents":{"item":{"contents":[{"Left":"Codata.Covec.Covec"},[{"contents":[{"Right":3},[]],"tag":"App"},{"contents":[{"Right":0},[]],"tag":"App"},{"contents":[{"Right":1},[]],"tag":"App"},{"contents":[{"Right":2},[]],"tag":"App"}]],"tag":"App"},"name":"A"},"tag":"Lam"}]],"tag":"App"}],"tag":"Pi"}],"tag":"Pi"}],"tag":"Pi"},"simplified":{"contents":[{"item":{"contents":[{"Left":"Agda.Primitive.Level"},[]],"tag":"App"},"name":"ℓ"},{"contents":[{"item":{"contents":[{"Left":"Codata.Conat.Conat"},[{"contents":[{"Left":"Agda.Builtin.Size.∞"},[]],"tag":"App"}]],"tag":"App"},"name":"i"},{"contents":[{"item":{"contents":[{"Left":"Agda.Builtin.Size.Size"},[]],"tag":"App"},"name":"n"},{"contents":[{"Left":"Category.Applicative.RawApplicative"},[{"contents":[{"Right":2},[]],"tag":"App"},{"contents":{"item":{"contents":[{"Left":"Codata.Covec.Covec"},[{"contents":[{"Right":3},[]],"tag":"App"},{"contents":[{"Right":0},[]],"tag":"App"},{"contents":[{"Right":1},[]],"tag":"App"},{"contents":[{"Right":2},[]],"tag":"App"}]],"tag":"App"},"name":"A"},"tag":"Lam"}]],"tag":"App"}],"tag":"Pi"}],"tag":"Pi"}],"tag":"Pi"}}},"term":{"pretty":"applicative","thing":{"normalised":{"contents":[{"Left":"Codata.Covec.Categorical.applicative"},[]],"tag":"App"},"original":{"contents":[{"Left":"Codata.Covec.Categorical.applicative"},[]],"tag":"App"},"reduced":{"contents":[{"Left":"Codata.Covec.Categorical.applicative"},[]],"tag":"App"},"simplified":{"contents":[{"Left":"Codata.Covec.Categorical.applicative"},[]],"tag":"App"}}},"namesUsed":["Codata.Covec.Categorical.applicative"]}]}