{"scope":{"item":[{"item":{"pretty":"{a : Level} → Set a → Set a","thing":{"normalised":{"contents":[{"item":{"contents":[{"Left":"Agda.Primitive.Level"},[]],"tag":"App"},"name":"a"},{"contents":[{"item":{"contents":"Set @0","tag":"Sort"},"name":"A"},{"contents":"Set @0","tag":"Sort"}],"tag":"Pi"}],"tag":"Pi"},"original":{"contents":[{"item":{"contents":[{"Left":"Agda.Primitive.Level"},[]],"tag":"App"},"name":"a"},{"contents":[{"item":{"contents":"Set @0","tag":"Sort"},"name":"A"},{"contents":"Set @0","tag":"Sort"}],"tag":"Pi"}],"tag":"Pi"},"reduced":{"contents":[{"item":{"contents":[{"Left":"Agda.Primitive.Level"},[]],"tag":"App"},"name":"a"},{"contents":[{"item":{"contents":"Set @0","tag":"Sort"},"name":"A"},{"contents":"Set @0","tag":"Sort"}],"tag":"Pi"}],"tag":"Pi"},"simplified":{"contents":[{"item":{"contents":[{"Left":"Agda.Primitive.Level"},[]],"tag":"App"},"name":"a"},{"contents":[{"item":{"contents":"Set @0","tag":"Sort"},"name":"A"},{"contents":"Set @0","tag":"Sort"}],"tag":"Pi"}],"tag":"Pi"}}},"name":"Agda.Builtin.Coinduction.∞"},{"item":{"pretty":"Set","thing":{"normalised":{"contents":"Set","tag":"Sort"},"original":{"contents":"Set","tag":"Sort"},"reduced":{"contents":"Set","tag":"Sort"},"simplified":{"contents":"Set","tag":"Sort"}}},"name":"Agda.Primitive.Level"},{"item":{"pretty":"{a : Level} {A : Set a} → A → ∞ A","thing":{"normalised":{"contents":[{"item":{"contents":[{"Left":"Agda.Primitive.Level"},[]],"tag":"App"},"name":"a"},{"contents":[{"item":{"contents":"Set @0","tag":"Sort"},"name":"A"},{"contents":[{"item":{"contents":[{"Right":0},[]],"tag":"App"},"name":"_"},{"contents":[{"Left":"Agda.Builtin.Coinduction.∞"},[{"contents":[{"Right":1},[]],"tag":"App"},{"contents":[{"Right":0},[]],"tag":"App"}]],"tag":"App"}],"tag":"Pi"}],"tag":"Pi"}],"tag":"Pi"},"original":{"contents":[{"item":{"contents":[{"Left":"Agda.Primitive.Level"},[]],"tag":"App"},"name":"a"},{"contents":[{"item":{"contents":"Set @0","tag":"Sort"},"name":"A"},{"contents":[{"item":{"contents":[{"Right":0},[]],"tag":"App"},"name":"_"},{"contents":[{"Left":"Agda.Builtin.Coinduction.∞"},[{"contents":[{"Right":1},[]],"tag":"App"},{"contents":[{"Right":0},[]],"tag":"App"}]],"tag":"App"}],"tag":"Pi"}],"tag":"Pi"}],"tag":"Pi"},"reduced":{"contents":[{"item":{"contents":[{"Left":"Agda.Primitive.Level"},[]],"tag":"App"},"name":"a"},{"contents":[{"item":{"contents":"Set @0","tag":"Sort"},"name":"A"},{"contents":[{"item":{"contents":[{"Right":0},[]],"tag":"App"},"name":"_"},{"contents":[{"Left":"Agda.Builtin.Coinduction.∞"},[{"contents":[{"Right":1},[]],"tag":"App"},{"contents":[{"Right":0},[]],"tag":"App"}]],"tag":"App"}],"tag":"Pi"}],"tag":"Pi"}],"tag":"Pi"},"simplified":{"contents":[{"item":{"contents":[{"Left":"Agda.Primitive.Level"},[]],"tag":"App"},"name":"a"},{"contents":[{"item":{"contents":"Set @0","tag":"Sort"},"name":"A"},{"contents":[{"item":{"contents":[{"Right":0},[]],"tag":"App"},"name":"_"},{"contents":[{"Left":"Agda.Builtin.Coinduction.∞"},[{"contents":[{"Right":1},[]],"tag":"App"},{"contents":[{"Right":0},[]],"tag":"App"}]],"tag":"App"}],"tag":"Pi"}],"tag":"Pi"}],"tag":"Pi"}}},"name":"Agda.Builtin.Coinduction.♯_"},{"item":{"pretty":"{a : Level} → Set a → Set a","thing":{"normalised":{"contents":[{"item":{"contents":[{"Left":"Agda.Primitive.Level"},[]],"tag":"App"},"name":"a"},{"contents":[{"item":{"contents":"Set @0","tag":"Sort"},"name":"A"},{"contents":"Set @0","tag":"Sort"}],"tag":"Pi"}],"tag":"Pi"},"original":{"contents":[{"item":{"contents":[{"Left":"Agda.Primitive.Level"},[]],"tag":"App"},"name":"a"},{"contents":[{"item":{"contents":"Set @0","tag":"Sort"},"name":"A"},{"contents":"Set @0","tag":"Sort"}],"tag":"Pi"}],"tag":"Pi"},"reduced":{"contents":[{"item":{"contents":[{"Left":"Agda.Primitive.Level"},[]],"tag":"App"},"name":"a"},{"contents":[{"item":{"contents":"Set @0","tag":"Sort"},"name":"A"},{"contents":"Set @0","tag":"Sort"}],"tag":"Pi"}],"tag":"Pi"},"simplified":{"contents":[{"item":{"contents":[{"Left":"Agda.Primitive.Level"},[]],"tag":"App"},"name":"a"},{"contents":[{"item":{"contents":"Set @0","tag":"Sort"},"name":"A"},{"contents":"Set @0","tag":"Sort"}],"tag":"Pi"}],"tag":"Pi"}}},"name":"Codata.Musical.Colist.Base.Colist"},{"item":{"pretty":"{a : Level} {A : Set a} → ∞ A → A","thing":{"normalised":{"contents":[{"item":{"contents":[{"Left":"Agda.Primitive.Level"},[]],"tag":"App"},"name":"a"},{"contents":[{"item":{"contents":"Set @0","tag":"Sort"},"name":"A"},{"contents":[{"item":{"contents":[{"Left":"Agda.Builtin.Coinduction.∞"},[{"contents":[{"Right":1},[]],"tag":"App"},{"contents":[{"Right":0},[]],"tag":"App"}]],"tag":"App"},"name":"_"},{"contents":[{"Right":0},[]],"tag":"App"}],"tag":"Pi"}],"tag":"Pi"}],"tag":"Pi"},"original":{"contents":[{"item":{"contents":[{"Left":"Agda.Primitive.Level"},[]],"tag":"App"},"name":"a"},{"contents":[{"item":{"contents":"Set @0","tag":"Sort"},"name":"A"},{"contents":[{"item":{"contents":[{"Left":"Agda.Builtin.Coinduction.∞"},[{"contents":[{"Right":1},[]],"tag":"App"},{"contents":[{"Right":0},[]],"tag":"App"}]],"tag":"App"},"name":"_"},{"contents":[{"Right":0},[]],"tag":"App"}],"tag":"Pi"}],"tag":"Pi"}],"tag":"Pi"},"reduced":{"contents":[{"item":{"contents":[{"Left":"Agda.Primitive.Level"},[]],"tag":"App"},"name":"a"},{"contents":[{"item":{"contents":"Set @0","tag":"Sort"},"name":"A"},{"contents":[{"item":{"contents":[{"Left":"Agda.Builtin.Coinduction.∞"},[{"contents":[{"Right":1},[]],"tag":"App"},{"contents":[{"Right":0},[]],"tag":"App"}]],"tag":"App"},"name":"_"},{"contents":[{"Right":0},[]],"tag":"App"}],"tag":"Pi"}],"tag":"Pi"}],"tag":"Pi"},"simplified":{"contents":[{"item":{"contents":[{"Left":"Agda.Primitive.Level"},[]],"tag":"App"},"name":"a"},{"contents":[{"item":{"contents":"Set @0","tag":"Sort"},"name":"A"},{"contents":[{"item":{"contents":[{"Left":"Agda.Builtin.Coinduction.∞"},[{"contents":[{"Right":1},[]],"tag":"App"},{"contents":[{"Right":0},[]],"tag":"App"}]],"tag":"App"},"name":"_"},{"contents":[{"Right":0},[]],"tag":"App"}],"tag":"Pi"}],"tag":"Pi"}],"tag":"Pi"}}},"name":"Agda.Builtin.Coinduction.♭"},{"item":{"pretty":"{a : Level} {A : Set a} → Colist A","thing":{"normalised":{"contents":[{"item":{"contents":[{"Left":"Agda.Primitive.Level"},[]],"tag":"App"},"name":"a"},{"contents":[{"item":{"contents":"Set @0","tag":"Sort"},"name":"A"},{"contents":[{"Left":"Codata.Musical.Colist.Base.Colist"},[{"contents":[{"Right":1},[]],"tag":"App"},{"contents":[{"Right":0},[]],"tag":"App"}]],"tag":"App"}],"tag":"Pi"}],"tag":"Pi"},"original":{"contents":[{"item":{"contents":[{"Left":"Agda.Primitive.Level"},[]],"tag":"App"},"name":"a"},{"contents":[{"item":{"contents":"Set @0","tag":"Sort"},"name":"A"},{"contents":[{"Left":"Codata.Musical.Colist.Base.Colist"},[{"contents":[{"Right":1},[]],"tag":"App"},{"contents":[{"Right":0},[]],"tag":"App"}]],"tag":"App"}],"tag":"Pi"}],"tag":"Pi"},"reduced":{"contents":[{"item":{"contents":[{"Left":"Agda.Primitive.Level"},[]],"tag":"App"},"name":"a"},{"contents":[{"item":{"contents":"Set @0","tag":"Sort"},"name":"A"},{"contents":[{"Left":"Codata.Musical.Colist.Base.Colist"},[{"contents":[{"Right":1},[]],"tag":"App"},{"contents":[{"Right":0},[]],"tag":"App"}]],"tag":"App"}],"tag":"Pi"}],"tag":"Pi"},"simplified":{"contents":[{"item":{"contents":[{"Left":"Agda.Primitive.Level"},[]],"tag":"App"},"name":"a"},{"contents":[{"item":{"contents":"Set @0","tag":"Sort"},"name":"A"},{"contents":[{"Left":"Codata.Musical.Colist.Base.Colist"},[{"contents":[{"Right":1},[]],"tag":"App"},{"contents":[{"Right":0},[]],"tag":"App"}]],"tag":"App"}],"tag":"Pi"}],"tag":"Pi"}}},"name":"Codata.Musical.Colist.Base.Colist.[]"},{"item":{"pretty":"{a : Level} → Set a → (ℓ : Level) → Set (a ⊔ Level.suc ℓ)","thing":{"normalised":{"contents":[{"item":{"contents":[{"Left":"Agda.Primitive.Level"},[]],"tag":"App"},"name":"a"},{"contents":[{"item":{"contents":"Set @0","tag":"Sort"},"name":"_"},{"contents":[{"item":{"contents":[{"Left":"Agda.Primitive.Level"},[]],"tag":"App"},"name":"ℓ"},{"contents":"Set (lub @1 (lsuc @0))","tag":"Sort"}],"tag":"Pi"}],"tag":"Pi"}],"tag":"Pi"},"original":{"contents":[{"item":{"contents":[{"Left":"Agda.Primitive.Level"},[]],"tag":"App"},"name":"a"},{"contents":[{"item":{"contents":"Set @0","tag":"Sort"},"name":"_"},{"contents":[{"item":{"contents":[{"Left":"Agda.Primitive.Level"},[]],"tag":"App"},"name":"ℓ"},{"contents":"Set (lub @1 (lsuc @0))","tag":"Sort"}],"tag":"Pi"}],"tag":"Pi"}],"tag":"Pi"},"reduced":{"contents":[{"item":{"contents":[{"Left":"Agda.Primitive.Level"},[]],"tag":"App"},"name":"a"},{"contents":[{"item":{"contents":"Set @0","tag":"Sort"},"name":"_"},{"contents":[{"item":{"contents":[{"Left":"Agda.Primitive.Level"},[]],"tag":"App"},"name":"ℓ"},{"contents":"Set (lub @1 (lsuc @0))","tag":"Sort"}],"tag":"Pi"}],"tag":"Pi"}],"tag":"Pi"},"simplified":{"contents":[{"item":{"contents":[{"Left":"Agda.Primitive.Level"},[]],"tag":"App"},"name":"a"},{"contents":[{"item":{"contents":"Set @0","tag":"Sort"},"name":"_"},{"contents":[{"item":{"contents":[{"Left":"Agda.Primitive.Level"},[]],"tag":"App"},"name":"ℓ"},{"contents":"Set (lub @1 (lsuc @0))","tag":"Sort"}],"tag":"Pi"}],"tag":"Pi"}],"tag":"Pi"}}},"name":"Relation.Unary.Pred"},{"item":{"pretty":"Level → Level → Level","thing":{"normalised":{"contents":[{"item":{"contents":[{"Left":"Agda.Primitive.Level"},[]],"tag":"App"},"name":"ℓ₁"},{"contents":[{"item":{"contents":[{"Left":"Agda.Primitive.Level"},[]],"tag":"App"},"name":"ℓ₂"},{"contents":[{"Left":"Agda.Primitive.Level"},[]],"tag":"App"}],"tag":"Pi"}],"tag":"Pi"},"original":{"contents":[{"item":{"contents":[{"Left":"Agda.Primitive.Level"},[]],"tag":"App"},"name":"ℓ₁"},{"contents":[{"item":{"contents":[{"Left":"Agda.Primitive.Level"},[]],"tag":"App"},"name":"ℓ₂"},{"contents":[{"Left":"Agda.Primitive.Level"},[]],"tag":"App"}],"tag":"Pi"}],"tag":"Pi"},"reduced":{"contents":[{"item":{"contents":[{"Left":"Agda.Primitive.Level"},[]],"tag":"App"},"name":"ℓ₁"},{"contents":[{"item":{"contents":[{"Left":"Agda.Primitive.Level"},[]],"tag":"App"},"name":"ℓ₂"},{"contents":[{"Left":"Agda.Primitive.Level"},[]],"tag":"App"}],"tag":"Pi"}],"tag":"Pi"},"simplified":{"contents":[{"item":{"contents":[{"Left":"Agda.Primitive.Level"},[]],"tag":"App"},"name":"ℓ₁"},{"contents":[{"item":{"contents":[{"Left":"Agda.Primitive.Level"},[]],"tag":"App"},"name":"ℓ₂"},{"contents":[{"Left":"Agda.Primitive.Level"},[]],"tag":"App"}],"tag":"Pi"}],"tag":"Pi"}}},"name":"Agda.Primitive._⊔_"},{"item":{"pretty":"{a : Level} {A : Set a} → A → ∞ (Colist A) → Colist A","thing":{"normalised":{"contents":[{"item":{"contents":[{"Left":"Agda.Primitive.Level"},[]],"tag":"App"},"name":"a"},{"contents":[{"item":{"contents":"Set @0","tag":"Sort"},"name":"A"},{"contents":[{"item":{"contents":[{"Right":0},[]],"tag":"App"},"name":"x"},{"contents":[{"item":{"contents":[{"Left":"Agda.Builtin.Coinduction.∞"},[{"contents":[{"Right":1},[]],"tag":"App"},{"contents":[{"Left":"Codata.Musical.Colist.Base.Colist"},[{"contents":[{"Right":1},[]],"tag":"App"},{"contents":[{"Right":0},[]],"tag":"App"}]],"tag":"App"}]],"tag":"App"},"name":"xs"},{"contents":[{"Left":"Codata.Musical.Colist.Base.Colist"},[{"contents":[{"Right":1},[]],"tag":"App"},{"contents":[{"Right":0},[]],"tag":"App"}]],"tag":"App"}],"tag":"Pi"}],"tag":"Pi"}],"tag":"Pi"}],"tag":"Pi"},"original":{"contents":[{"item":{"contents":[{"Left":"Agda.Primitive.Level"},[]],"tag":"App"},"name":"a"},{"contents":[{"item":{"contents":"Set @0","tag":"Sort"},"name":"A"},{"contents":[{"item":{"contents":[{"Right":0},[]],"tag":"App"},"name":"x"},{"contents":[{"item":{"contents":[{"Left":"Agda.Builtin.Coinduction.∞"},[{"contents":[{"Right":1},[]],"tag":"App"},{"contents":[{"Left":"Codata.Musical.Colist.Base.Colist"},[{"contents":[{"Right":1},[]],"tag":"App"},{"contents":[{"Right":0},[]],"tag":"App"}]],"tag":"App"}]],"tag":"App"},"name":"xs"},{"contents":[{"Left":"Codata.Musical.Colist.Base.Colist"},[{"contents":[{"Right":1},[]],"tag":"App"},{"contents":[{"Right":0},[]],"tag":"App"}]],"tag":"App"}],"tag":"Pi"}],"tag":"Pi"}],"tag":"Pi"}],"tag":"Pi"},"reduced":{"contents":[{"item":{"contents":[{"Left":"Agda.Primitive.Level"},[]],"tag":"App"},"name":"a"},{"contents":[{"item":{"contents":"Set @0","tag":"Sort"},"name":"A"},{"contents":[{"item":{"contents":[{"Right":0},[]],"tag":"App"},"name":"x"},{"contents":[{"item":{"contents":[{"Left":"Agda.Builtin.Coinduction.∞"},[{"contents":[{"Right":1},[]],"tag":"App"},{"contents":[{"Left":"Codata.Musical.Colist.Base.Colist"},[{"contents":[{"Right":1},[]],"tag":"App"},{"contents":[{"Right":0},[]],"tag":"App"}]],"tag":"App"}]],"tag":"App"},"name":"xs"},{"contents":[{"Left":"Codata.Musical.Colist.Base.Colist"},[{"contents":[{"Right":1},[]],"tag":"App"},{"contents":[{"Right":0},[]],"tag":"App"}]],"tag":"App"}],"tag":"Pi"}],"tag":"Pi"}],"tag":"Pi"}],"tag":"Pi"},"simplified":{"contents":[{"item":{"contents":[{"Left":"Agda.Primitive.Level"},[]],"tag":"App"},"name":"a"},{"contents":[{"item":{"contents":"Set @0","tag":"Sort"},"name":"A"},{"contents":[{"item":{"contents":[{"Right":0},[]],"tag":"App"},"name":"x"},{"contents":[{"item":{"contents":[{"Left":"Agda.Builtin.Coinduction.∞"},[{"contents":[{"Right":1},[]],"tag":"App"},{"contents":[{"Left":"Codata.Musical.Colist.Base.Colist"},[{"contents":[{"Right":1},[]],"tag":"App"},{"contents":[{"Right":0},[]],"tag":"App"}]],"tag":"App"}]],"tag":"App"},"name":"xs"},{"contents":[{"Left":"Codata.Musical.Colist.Base.Colist"},[{"contents":[{"Right":1},[]],"tag":"App"},{"contents":[{"Right":0},[]],"tag":"App"}]],"tag":"App"}],"tag":"Pi"}],"tag":"Pi"}],"tag":"Pi"}],"tag":"Pi"}}},"name":"Codata.Musical.Colist.Base.Colist._∷_"},{"item":{"pretty":"{A.a : Level} {A : Set A.a} → Colist A → Agda.Builtin.Bool.Bool","thing":{"normalised":{"contents":[{"item":{"contents":[{"Left":"Agda.Primitive.Level"},[]],"tag":"App"},"name":"A.a"},{"contents":[{"item":{"contents":"Set @0","tag":"Sort"},"name":"A"},{"contents":[{"item":{"contents":[{"Left":"Codata.Musical.Colist.Base.Colist"},[{"contents":[{"Right":1},[]],"tag":"App"},{"contents":[{"Right":0},[]],"tag":"App"}]],"tag":"App"},"name":"_"},{"contents":[{"Left":"Agda.Builtin.Bool.Bool"},[]],"tag":"App"}],"tag":"Pi"}],"tag":"Pi"}],"tag":"Pi"},"original":{"contents":[{"item":{"contents":[{"Left":"Agda.Primitive.Level"},[]],"tag":"App"},"name":"A.a"},{"contents":[{"item":{"contents":"Set @0","tag":"Sort"},"name":"A"},{"contents":[{"item":{"contents":[{"Left":"Codata.Musical.Colist.Base.Colist"},[{"contents":[{"Right":1},[]],"tag":"App"},{"contents":[{"Right":0},[]],"tag":"App"}]],"tag":"App"},"name":"_"},{"contents":[{"Left":"Agda.Builtin.Bool.Bool"},[]],"tag":"App"}],"tag":"Pi"}],"tag":"Pi"}],"tag":"Pi"},"reduced":{"contents":[{"item":{"contents":[{"Left":"Agda.Primitive.Level"},[]],"tag":"App"},"name":"A.a"},{"contents":[{"item":{"contents":"Set @0","tag":"Sort"},"name":"A"},{"contents":[{"item":{"contents":[{"Left":"Codata.Musical.Colist.Base.Colist"},[{"contents":[{"Right":1},[]],"tag":"App"},{"contents":[{"Right":0},[]],"tag":"App"}]],"tag":"App"},"name":"_"},{"contents":[{"Left":"Agda.Builtin.Bool.Bool"},[]],"tag":"App"}],"tag":"Pi"}],"tag":"Pi"}],"tag":"Pi"},"simplified":{"contents":[{"item":{"contents":[{"Left":"Agda.Primitive.Level"},[]],"tag":"App"},"name":"A.a"},{"contents":[{"item":{"contents":"Set @0","tag":"Sort"},"name":"A"},{"contents":[{"item":{"contents":[{"Left":"Codata.Musical.Colist.Base.Colist"},[{"contents":[{"Right":1},[]],"tag":"App"},{"contents":[{"Right":0},[]],"tag":"App"}]],"tag":"App"},"name":"_"},{"contents":[{"Left":"Agda.Builtin.Bool.Bool"},[]],"tag":"App"}],"tag":"Pi"}],"tag":"Pi"}],"tag":"Pi"}}},"name":"Codata.Musical.Colist.Base.null"},{"item":{"pretty":"{a p : Level} {A : Set a} → Pred A p → Colist A → Set (a ⊔ p)","thing":{"normalised":{"contents":[{"item":{"contents":[{"Left":"Agda.Primitive.Level"},[]],"tag":"App"},"name":"a"},{"contents":[{"item":{"contents":[{"Left":"Agda.Primitive.Level"},[]],"tag":"App"},"name":"p"},{"contents":[{"item":{"contents":"Set @1","tag":"Sort"},"name":"A"},{"contents":[{"item":{"contents":[{"item":{"contents":[{"Right":0},[]],"tag":"App"},"name":"_"},{"contents":"Set @1","tag":"Sort"}],"tag":"Pi"},"name":"P"},{"contents":[{"item":{"contents":[{"Left":"Codata.Musical.Colist.Base.Colist"},[{"contents":[{"Right":2},[]],"tag":"App"},{"contents":[{"Right":0},[]],"tag":"App"}]],"tag":"App"},"name":"_"},{"contents":"Set (lub @2 @1)","tag":"Sort"}],"tag":"Pi"}],"tag":"Pi"}],"tag":"Pi"}],"tag":"Pi"}],"tag":"Pi"},"original":{"contents":[{"item":{"contents":[{"Left":"Agda.Primitive.Level"},[]],"tag":"App"},"name":"a"},{"contents":[{"item":{"contents":[{"Left":"Agda.Primitive.Level"},[]],"tag":"App"},"name":"p"},{"contents":[{"item":{"contents":"Set @1","tag":"Sort"},"name":"A"},{"contents":[{"item":{"contents":[{"Left":"Relation.Unary.Pred"},[{"contents":[{"Right":2},[]],"tag":"App"},{"contents":[{"Right":0},[]],"tag":"App"},{"contents":[{"Right":1},[]],"tag":"App"}]],"tag":"App"},"name":"P"},{"contents":[{"item":{"contents":[{"Left":"Codata.Musical.Colist.Base.Colist"},[{"contents":[{"Right":2},[]],"tag":"App"},{"contents":[{"Right":0},[]],"tag":"App"}]],"tag":"App"},"name":"_"},{"contents":"Set (Agda.Primitive._⊔_ @2 @1)","tag":"Sort"}],"tag":"Pi"}],"tag":"Pi"}],"tag":"Pi"}],"tag":"Pi"}],"tag":"Pi"},"reduced":{"contents":[{"item":{"contents":[{"Left":"Agda.Primitive.Level"},[]],"tag":"App"},"name":"a"},{"contents":[{"item":{"contents":[{"Left":"Agda.Primitive.Level"},[]],"tag":"App"},"name":"p"},{"contents":[{"item":{"contents":"Set @1","tag":"Sort"},"name":"A"},{"contents":[{"item":{"contents":[{"Left":"Relation.Unary.Pred"},[{"contents":[{"Right":2},[]],"tag":"App"},{"contents":[{"Right":0},[]],"tag":"App"},{"contents":[{"Right":1},[]],"tag":"App"}]],"tag":"App"},"name":"P"},{"contents":[{"item":{"contents":[{"Left":"Codata.Musical.Colist.Base.Colist"},[{"contents":[{"Right":2},[]],"tag":"App"},{"contents":[{"Right":0},[]],"tag":"App"}]],"tag":"App"},"name":"_"},{"contents":"Set (Agda.Primitive._⊔_ @2 @1)","tag":"Sort"}],"tag":"Pi"}],"tag":"Pi"}],"tag":"Pi"}],"tag":"Pi"}],"tag":"Pi"},"simplified":{"contents":[{"item":{"contents":[{"Left":"Agda.Primitive.Level"},[]],"tag":"App"},"name":"a"},{"contents":[{"item":{"contents":[{"Left":"Agda.Primitive.Level"},[]],"tag":"App"},"name":"p"},{"contents":[{"item":{"contents":"Set @1","tag":"Sort"},"name":"A"},{"contents":[{"item":{"contents":[{"Left":"Relation.Unary.Pred"},[{"contents":[{"Right":2},[]],"tag":"App"},{"contents":[{"Right":0},[]],"tag":"App"},{"contents":[{"Right":1},[]],"tag":"App"}]],"tag":"App"},"name":"P"},{"contents":[{"item":{"contents":[{"Left":"Codata.Musical.Colist.Base.Colist"},[{"contents":[{"Right":2},[]],"tag":"App"},{"contents":[{"Right":0},[]],"tag":"App"}]],"tag":"App"},"name":"_"},{"contents":"Set (lub @2 @1)","tag":"Sort"}],"tag":"Pi"}],"tag":"Pi"}],"tag":"Pi"}],"tag":"Pi"}],"tag":"Pi"}}},"name":"Codata.Musical.Colist.Relation.Unary.All.All"},{"item":{"pretty":"{A.a : Level} {A : Set A.a} →\nColist A → Codata.Musical.Conat.Base.Coℕ","thing":{"normalised":{"contents":[{"item":{"contents":[{"Left":"Agda.Primitive.Level"},[]],"tag":"App"},"name":"A.a"},{"contents":[{"item":{"contents":"Set @0","tag":"Sort"},"name":"A"},{"contents":[{"item":{"contents":[{"Left":"Codata.Musical.Colist.Base.Colist"},[{"contents":[{"Right":1},[]],"tag":"App"},{"contents":[{"Right":0},[]],"tag":"App"}]],"tag":"App"},"name":"_"},{"contents":[{"Left":"Codata.Musical.Conat.Base.Coℕ"},[]],"tag":"App"}],"tag":"Pi"}],"tag":"Pi"}],"tag":"Pi"},"original":{"contents":[{"item":{"contents":[{"Left":"Agda.Primitive.Level"},[]],"tag":"App"},"name":"A.a"},{"contents":[{"item":{"contents":"Set @0","tag":"Sort"},"name":"A"},{"contents":[{"item":{"contents":[{"Left":"Codata.Musical.Colist.Base.Colist"},[{"contents":[{"Right":1},[]],"tag":"App"},{"contents":[{"Right":0},[]],"tag":"App"}]],"tag":"App"},"name":"_"},{"contents":[{"Left":"Codata.Musical.Conat.Base.Coℕ"},[]],"tag":"App"}],"tag":"Pi"}],"tag":"Pi"}],"tag":"Pi"},"reduced":{"contents":[{"item":{"contents":[{"Left":"Agda.Primitive.Level"},[]],"tag":"App"},"name":"A.a"},{"contents":[{"item":{"contents":"Set @0","tag":"Sort"},"name":"A"},{"contents":[{"item":{"contents":[{"Left":"Codata.Musical.Colist.Base.Colist"},[{"contents":[{"Right":1},[]],"tag":"App"},{"contents":[{"Right":0},[]],"tag":"App"}]],"tag":"App"},"name":"_"},{"contents":[{"Left":"Codata.Musical.Conat.Base.Coℕ"},[]],"tag":"App"}],"tag":"Pi"}],"tag":"Pi"}],"tag":"Pi"},"simplified":{"contents":[{"item":{"contents":[{"Left":"Agda.Primitive.Level"},[]],"tag":"App"},"name":"A.a"},{"contents":[{"item":{"contents":"Set @0","tag":"Sort"},"name":"A"},{"contents":[{"item":{"contents":[{"Left":"Codata.Musical.Colist.Base.Colist"},[{"contents":[{"Right":1},[]],"tag":"App"},{"contents":[{"Right":0},[]],"tag":"App"}]],"tag":"App"},"name":"_"},{"contents":[{"Left":"Codata.Musical.Conat.Base.Coℕ"},[]],"tag":"App"}],"tag":"Pi"}],"tag":"Pi"}],"tag":"Pi"}}},"name":"Codata.Musical.Colist.Base.length"},{"item":{"pretty":"{a p : Level} {A : Set a} {P : Pred A p} → All P []","thing":{"normalised":{"contents":[{"item":{"contents":[{"Left":"Agda.Primitive.Level"},[]],"tag":"App"},"name":"a"},{"contents":[{"item":{"contents":[{"Left":"Agda.Primitive.Level"},[]],"tag":"App"},"name":"p"},{"contents":[{"item":{"contents":"Set @1","tag":"Sort"},"name":"A"},{"contents":[{"item":{"contents":[{"item":{"contents":[{"Right":0},[]],"tag":"App"},"name":"_"},{"contents":"Set @1","tag":"Sort"}],"tag":"Pi"},"name":"P"},{"contents":[{"Left":"Codata.Musical.Colist.Relation.Unary.All.All"},[{"contents":[{"Right":3},[]],"tag":"App"},{"contents":[{"Right":2},[]],"tag":"App"},{"contents":[{"Right":1},[]],"tag":"App"},{"contents":[{"Right":0},[]],"tag":"App"},{"contents":[{"Left":"Codata.Musical.Colist.Base.Colist.[]"},[]],"tag":"App"}]],"tag":"App"}],"tag":"Pi"}],"tag":"Pi"}],"tag":"Pi"}],"tag":"Pi"},"original":{"contents":[{"item":{"contents":[{"Left":"Agda.Primitive.Level"},[]],"tag":"App"},"name":"a"},{"contents":[{"item":{"contents":[{"Left":"Agda.Primitive.Level"},[]],"tag":"App"},"name":"p"},{"contents":[{"item":{"contents":"Set @1","tag":"Sort"},"name":"A"},{"contents":[{"item":{"contents":[{"Left":"Relation.Unary.Pred"},[{"contents":[{"Right":2},[]],"tag":"App"},{"contents":[{"Right":0},[]],"tag":"App"},{"contents":[{"Right":1},[]],"tag":"App"}]],"tag":"App"},"name":"P"},{"contents":[{"Left":"Codata.Musical.Colist.Relation.Unary.All.All"},[{"contents":[{"Right":3},[]],"tag":"App"},{"contents":[{"Right":2},[]],"tag":"App"},{"contents":[{"Right":1},[]],"tag":"App"},{"contents":[{"Right":0},[]],"tag":"App"},{"contents":[{"Left":"Codata.Musical.Colist.Base.Colist.[]"},[]],"tag":"App"}]],"tag":"App"}],"tag":"Pi"}],"tag":"Pi"}],"tag":"Pi"}],"tag":"Pi"},"reduced":{"contents":[{"item":{"contents":[{"Left":"Agda.Primitive.Level"},[]],"tag":"App"},"name":"a"},{"contents":[{"item":{"contents":[{"Left":"Agda.Primitive.Level"},[]],"tag":"App"},"name":"p"},{"contents":[{"item":{"contents":"Set @1","tag":"Sort"},"name":"A"},{"contents":[{"item":{"contents":[{"Left":"Relation.Unary.Pred"},[{"contents":[{"Right":2},[]],"tag":"App"},{"contents":[{"Right":0},[]],"tag":"App"},{"contents":[{"Right":1},[]],"tag":"App"}]],"tag":"App"},"name":"P"},{"contents":[{"Left":"Codata.Musical.Colist.Relation.Unary.All.All"},[{"contents":[{"Right":3},[]],"tag":"App"},{"contents":[{"Right":2},[]],"tag":"App"},{"contents":[{"Right":1},[]],"tag":"App"},{"contents":[{"Right":0},[]],"tag":"App"},{"contents":[{"Left":"Codata.Musical.Colist.Base.Colist.[]"},[]],"tag":"App"}]],"tag":"App"}],"tag":"Pi"}],"tag":"Pi"}],"tag":"Pi"}],"tag":"Pi"},"simplified":{"contents":[{"item":{"contents":[{"Left":"Agda.Primitive.Level"},[]],"tag":"App"},"name":"a"},{"contents":[{"item":{"contents":[{"Left":"Agda.Primitive.Level"},[]],"tag":"App"},"name":"p"},{"contents":[{"item":{"contents":"Set @1","tag":"Sort"},"name":"A"},{"contents":[{"item":{"contents":[{"Left":"Relation.Unary.Pred"},[{"contents":[{"Right":2},[]],"tag":"App"},{"contents":[{"Right":0},[]],"tag":"App"},{"contents":[{"Right":1},[]],"tag":"App"}]],"tag":"App"},"name":"P"},{"contents":[{"Left":"Codata.Musical.Colist.Relation.Unary.All.All"},[{"contents":[{"Right":3},[]],"tag":"App"},{"contents":[{"Right":2},[]],"tag":"App"},{"contents":[{"Right":1},[]],"tag":"App"},{"contents":[{"Right":0},[]],"tag":"App"},{"contents":[{"Left":"Codata.Musical.Colist.Base.Colist.[]"},[]],"tag":"App"}]],"tag":"App"}],"tag":"Pi"}],"tag":"Pi"}],"tag":"Pi"}],"tag":"Pi"}}},"name":"Codata.Musical.Colist.Relation.Unary.All.All.[]"},{"item":{"pretty":"{A.a : Level} {A : Set A.a} {B.b : Level} {B : Set B.b} →\n(A → B) → Colist A → Colist B","thing":{"normalised":{"contents":[{"item":{"contents":[{"Left":"Agda.Primitive.Level"},[]],"tag":"App"},"name":"A.a"},{"contents":[{"item":{"contents":"Set @0","tag":"Sort"},"name":"A"},{"contents":[{"item":{"contents":[{"Left":"Agda.Primitive.Level"},[]],"tag":"App"},"name":"B.b"},{"contents":[{"item":{"contents":"Set @0","tag":"Sort"},"name":"B"},{"contents":[{"item":{"contents":[{"item":{"contents":[{"Right":2},[]],"tag":"App"},"name":"_"},{"contents":[{"Right":0},[]],"tag":"App"}],"tag":"Pi"},"name":"_"},{"contents":[{"item":{"contents":[{"Left":"Codata.Musical.Colist.Base.Colist"},[{"contents":[{"Right":3},[]],"tag":"App"},{"contents":[{"Right":2},[]],"tag":"App"}]],"tag":"App"},"name":"_"},{"contents":[{"Left":"Codata.Musical.Colist.Base.Colist"},[{"contents":[{"Right":1},[]],"tag":"App"},{"contents":[{"Right":0},[]],"tag":"App"}]],"tag":"App"}],"tag":"Pi"}],"tag":"Pi"}],"tag":"Pi"}],"tag":"Pi"}],"tag":"Pi"}],"tag":"Pi"},"original":{"contents":[{"item":{"contents":[{"Left":"Agda.Primitive.Level"},[]],"tag":"App"},"name":"A.a"},{"contents":[{"item":{"contents":"Set @0","tag":"Sort"},"name":"A"},{"contents":[{"item":{"contents":[{"Left":"Agda.Primitive.Level"},[]],"tag":"App"},"name":"B.b"},{"contents":[{"item":{"contents":"Set @0","tag":"Sort"},"name":"B"},{"contents":[{"item":{"contents":[{"item":{"contents":[{"Right":2},[]],"tag":"App"},"name":"_"},{"contents":[{"Right":0},[]],"tag":"App"}],"tag":"Pi"},"name":"_"},{"contents":[{"item":{"contents":[{"Left":"Codata.Musical.Colist.Base.Colist"},[{"contents":[{"Right":3},[]],"tag":"App"},{"contents":[{"Right":2},[]],"tag":"App"}]],"tag":"App"},"name":"_"},{"contents":[{"Left":"Codata.Musical.Colist.Base.Colist"},[{"contents":[{"Right":1},[]],"tag":"App"},{"contents":[{"Right":0},[]],"tag":"App"}]],"tag":"App"}],"tag":"Pi"}],"tag":"Pi"}],"tag":"Pi"}],"tag":"Pi"}],"tag":"Pi"}],"tag":"Pi"},"reduced":{"contents":[{"item":{"contents":[{"Left":"Agda.Primitive.Level"},[]],"tag":"App"},"name":"A.a"},{"contents":[{"item":{"contents":"Set @0","tag":"Sort"},"name":"A"},{"contents":[{"item":{"contents":[{"Left":"Agda.Primitive.Level"},[]],"tag":"App"},"name":"B.b"},{"contents":[{"item":{"contents":"Set @0","tag":"Sort"},"name":"B"},{"contents":[{"item":{"contents":[{"item":{"contents":[{"Right":2},[]],"tag":"App"},"name":"_"},{"contents":[{"Right":0},[]],"tag":"App"}],"tag":"Pi"},"name":"_"},{"contents":[{"item":{"contents":[{"Left":"Codata.Musical.Colist.Base.Colist"},[{"contents":[{"Right":3},[]],"tag":"App"},{"contents":[{"Right":2},[]],"tag":"App"}]],"tag":"App"},"name":"_"},{"contents":[{"Left":"Codata.Musical.Colist.Base.Colist"},[{"contents":[{"Right":1},[]],"tag":"App"},{"contents":[{"Right":0},[]],"tag":"App"}]],"tag":"App"}],"tag":"Pi"}],"tag":"Pi"}],"tag":"Pi"}],"tag":"Pi"}],"tag":"Pi"}],"tag":"Pi"},"simplified":{"contents":[{"item":{"contents":[{"Left":"Agda.Primitive.Level"},[]],"tag":"App"},"name":"A.a"},{"contents":[{"item":{"contents":"Set @0","tag":"Sort"},"name":"A"},{"contents":[{"item":{"contents":[{"Left":"Agda.Primitive.Level"},[]],"tag":"App"},"name":"B.b"},{"contents":[{"item":{"contents":"Set @0","tag":"Sort"},"name":"B"},{"contents":[{"item":{"contents":[{"item":{"contents":[{"Right":2},[]],"tag":"App"},"name":"_"},{"contents":[{"Right":0},[]],"tag":"App"}],"tag":"Pi"},"name":"_"},{"contents":[{"item":{"contents":[{"Left":"Codata.Musical.Colist.Base.Colist"},[{"contents":[{"Right":3},[]],"tag":"App"},{"contents":[{"Right":2},[]],"tag":"App"}]],"tag":"App"},"name":"_"},{"contents":[{"Left":"Codata.Musical.Colist.Base.Colist"},[{"contents":[{"Right":1},[]],"tag":"App"},{"contents":[{"Right":0},[]],"tag":"App"}]],"tag":"App"}],"tag":"Pi"}],"tag":"Pi"}],"tag":"Pi"}],"tag":"Pi"}],"tag":"Pi"}],"tag":"Pi"}}},"name":"Codata.Musical.Colist.Base.map"},{"item":{"pretty":"{a p : Level} {A : Set a} {P : Pred A p} {x : A}\n{xs : ∞ (Colist A)} →\nP x → ∞ (All P (♭ xs)) → All P (x ∷ xs)","thing":{"normalised":{"contents":[{"item":{"contents":[{"Left":"Agda.Primitive.Level"},[]],"tag":"App"},"name":"a"},{"contents":[{"item":{"contents":[{"Left":"Agda.Primitive.Level"},[]],"tag":"App"},"name":"p"},{"contents":[{"item":{"contents":"Set @1","tag":"Sort"},"name":"A"},{"contents":[{"item":{"contents":[{"item":{"contents":[{"Right":0},[]],"tag":"App"},"name":"_"},{"contents":"Set @1","tag":"Sort"}],"tag":"Pi"},"name":"P"},{"contents":[{"item":{"contents":[{"Right":1},[]],"tag":"App"},"name":"x"},{"contents":[{"item":{"contents":[{"Left":"Agda.Builtin.Coinduction.∞"},[{"contents":[{"Right":4},[]],"tag":"App"},{"contents":[{"Left":"Codata.Musical.Colist.Base.Colist"},[{"contents":[{"Right":4},[]],"tag":"App"},{"contents":[{"Right":2},[]],"tag":"App"}]],"tag":"App"}]],"tag":"App"},"name":"xs"},{"contents":[{"item":{"contents":[{"Right":2},[{"contents":[{"Right":1},[]],"tag":"App"}]],"tag":"App"},"name":"px"},{"contents":[{"item":{"contents":[{"Left":"Agda.Builtin.Coinduction.∞"},[{"contents":"lub @5 @4","tag":"Level"},{"contents":[{"Left":"Codata.Musical.Colist.Relation.Unary.All.All"},[{"contents":[{"Right":5},[]],"tag":"App"},{"contents":[{"Right":4},[]],"tag":"App"},{"contents":[{"Right":3},[]],"tag":"App"},{"contents":[{"Right":2},[]],"tag":"App"},{"contents":[{"Right":0},[{"contents":[{"Left":"Agda.Builtin.Coinduction.♭"},[]],"tag":"App"}]],"tag":"App"}]],"tag":"App"}]],"tag":"App"},"name":"pxs"},{"contents":[{"Left":"Codata.Musical.Colist.Relation.Unary.All.All"},[{"contents":[{"Right":5},[]],"tag":"App"},{"contents":[{"Right":4},[]],"tag":"App"},{"contents":[{"Right":3},[]],"tag":"App"},{"contents":[{"Right":2},[]],"tag":"App"},{"contents":[{"Left":"Codata.Musical.Colist.Base.Colist._∷_"},[{"contents":[{"Right":1},[]],"tag":"App"},{"contents":[{"Right":0},[]],"tag":"App"}]],"tag":"App"}]],"tag":"App"}],"tag":"Pi"}],"tag":"Pi"}],"tag":"Pi"}],"tag":"Pi"}],"tag":"Pi"}],"tag":"Pi"}],"tag":"Pi"}],"tag":"Pi"},"original":{"contents":[{"item":{"contents":[{"Left":"Agda.Primitive.Level"},[]],"tag":"App"},"name":"a"},{"contents":[{"item":{"contents":[{"Left":"Agda.Primitive.Level"},[]],"tag":"App"},"name":"p"},{"contents":[{"item":{"contents":"Set @1","tag":"Sort"},"name":"A"},{"contents":[{"item":{"contents":[{"Left":"Relation.Unary.Pred"},[{"contents":[{"Right":2},[]],"tag":"App"},{"contents":[{"Right":0},[]],"tag":"App"},{"contents":[{"Right":1},[]],"tag":"App"}]],"tag":"App"},"name":"P"},{"contents":[{"item":{"contents":[{"Right":1},[]],"tag":"App"},"name":"x"},{"contents":[{"item":{"contents":[{"Left":"Agda.Builtin.Coinduction.∞"},[{"contents":[{"Right":4},[]],"tag":"App"},{"contents":[{"Left":"Codata.Musical.Colist.Base.Colist"},[{"contents":[{"Right":4},[]],"tag":"App"},{"contents":[{"Right":2},[]],"tag":"App"}]],"tag":"App"}]],"tag":"App"},"name":"xs"},{"contents":[{"item":{"contents":[{"Right":2},[{"contents":[{"Right":1},[]],"tag":"App"}]],"tag":"App"},"name":"px"},{"contents":[{"item":{"contents":[{"Left":"Agda.Builtin.Coinduction.∞"},[{"contents":"lub @5 @4","tag":"Level"},{"contents":[{"Left":"Codata.Musical.Colist.Relation.Unary.All.All"},[{"contents":[{"Right":5},[]],"tag":"App"},{"contents":[{"Right":4},[]],"tag":"App"},{"contents":[{"Right":3},[]],"tag":"App"},{"contents":[{"Right":2},[]],"tag":"App"},{"contents":[{"Right":0},[{"contents":[{"Left":"Agda.Builtin.Coinduction.♭"},[]],"tag":"App"}]],"tag":"App"}]],"tag":"App"}]],"tag":"App"},"name":"pxs"},{"contents":[{"Left":"Codata.Musical.Colist.Relation.Unary.All.All"},[{"contents":[{"Right":5},[]],"tag":"App"},{"contents":[{"Right":4},[]],"tag":"App"},{"contents":[{"Right":3},[]],"tag":"App"},{"contents":[{"Right":2},[]],"tag":"App"},{"contents":[{"Left":"Codata.Musical.Colist.Base.Colist._∷_"},[{"contents":[{"Right":1},[]],"tag":"App"},{"contents":[{"Right":0},[]],"tag":"App"}]],"tag":"App"}]],"tag":"App"}],"tag":"Pi"}],"tag":"Pi"}],"tag":"Pi"}],"tag":"Pi"}],"tag":"Pi"}],"tag":"Pi"}],"tag":"Pi"}],"tag":"Pi"},"reduced":{"contents":[{"item":{"contents":[{"Left":"Agda.Primitive.Level"},[]],"tag":"App"},"name":"a"},{"contents":[{"item":{"contents":[{"Left":"Agda.Primitive.Level"},[]],"tag":"App"},"name":"p"},{"contents":[{"item":{"contents":"Set @1","tag":"Sort"},"name":"A"},{"contents":[{"item":{"contents":[{"Left":"Relation.Unary.Pred"},[{"contents":[{"Right":2},[]],"tag":"App"},{"contents":[{"Right":0},[]],"tag":"App"},{"contents":[{"Right":1},[]],"tag":"App"}]],"tag":"App"},"name":"P"},{"contents":[{"item":{"contents":[{"Right":1},[]],"tag":"App"},"name":"x"},{"contents":[{"item":{"contents":[{"Left":"Agda.Builtin.Coinduction.∞"},[{"contents":[{"Right":4},[]],"tag":"App"},{"contents":[{"Left":"Codata.Musical.Colist.Base.Colist"},[{"contents":[{"Right":4},[]],"tag":"App"},{"contents":[{"Right":2},[]],"tag":"App"}]],"tag":"App"}]],"tag":"App"},"name":"xs"},{"contents":[{"item":{"contents":[{"Right":2},[{"contents":[{"Right":1},[]],"tag":"App"}]],"tag":"App"},"name":"px"},{"contents":[{"item":{"contents":[{"Left":"Agda.Builtin.Coinduction.∞"},[{"contents":"lub @5 @4","tag":"Level"},{"contents":[{"Left":"Codata.Musical.Colist.Relation.Unary.All.All"},[{"contents":[{"Right":5},[]],"tag":"App"},{"contents":[{"Right":4},[]],"tag":"App"},{"contents":[{"Right":3},[]],"tag":"App"},{"contents":[{"Right":2},[]],"tag":"App"},{"contents":[{"Right":0},[{"contents":[{"Left":"Agda.Builtin.Coinduction.♭"},[]],"tag":"App"}]],"tag":"App"}]],"tag":"App"}]],"tag":"App"},"name":"pxs"},{"contents":[{"Left":"Codata.Musical.Colist.Relation.Unary.All.All"},[{"contents":[{"Right":5},[]],"tag":"App"},{"contents":[{"Right":4},[]],"tag":"App"},{"contents":[{"Right":3},[]],"tag":"App"},{"contents":[{"Right":2},[]],"tag":"App"},{"contents":[{"Left":"Codata.Musical.Colist.Base.Colist._∷_"},[{"contents":[{"Right":1},[]],"tag":"App"},{"contents":[{"Right":0},[]],"tag":"App"}]],"tag":"App"}]],"tag":"App"}],"tag":"Pi"}],"tag":"Pi"}],"tag":"Pi"}],"tag":"Pi"}],"tag":"Pi"}],"tag":"Pi"}],"tag":"Pi"}],"tag":"Pi"},"simplified":{"contents":[{"item":{"contents":[{"Left":"Agda.Primitive.Level"},[]],"tag":"App"},"name":"a"},{"contents":[{"item":{"contents":[{"Left":"Agda.Primitive.Level"},[]],"tag":"App"},"name":"p"},{"contents":[{"item":{"contents":"Set @1","tag":"Sort"},"name":"A"},{"contents":[{"item":{"contents":[{"Left":"Relation.Unary.Pred"},[{"contents":[{"Right":2},[]],"tag":"App"},{"contents":[{"Right":0},[]],"tag":"App"},{"contents":[{"Right":1},[]],"tag":"App"}]],"tag":"App"},"name":"P"},{"contents":[{"item":{"contents":[{"Right":1},[]],"tag":"App"},"name":"x"},{"contents":[{"item":{"contents":[{"Left":"Agda.Builtin.Coinduction.∞"},[{"contents":[{"Right":4},[]],"tag":"App"},{"contents":[{"Left":"Codata.Musical.Colist.Base.Colist"},[{"contents":[{"Right":4},[]],"tag":"App"},{"contents":[{"Right":2},[]],"tag":"App"}]],"tag":"App"}]],"tag":"App"},"name":"xs"},{"contents":[{"item":{"contents":[{"Right":2},[{"contents":[{"Right":1},[]],"tag":"App"}]],"tag":"App"},"name":"px"},{"contents":[{"item":{"contents":[{"Left":"Agda.Builtin.Coinduction.∞"},[{"contents":"lub @5 @4","tag":"Level"},{"contents":[{"Left":"Codata.Musical.Colist.Relation.Unary.All.All"},[{"contents":[{"Right":5},[]],"tag":"App"},{"contents":[{"Right":4},[]],"tag":"App"},{"contents":[{"Right":3},[]],"tag":"App"},{"contents":[{"Right":2},[]],"tag":"App"},{"contents":[{"Right":0},[{"contents":[{"Left":"Agda.Builtin.Coinduction.♭"},[]],"tag":"App"}]],"tag":"App"}]],"tag":"App"}]],"tag":"App"},"name":"pxs"},{"contents":[{"Left":"Codata.Musical.Colist.Relation.Unary.All.All"},[{"contents":[{"Right":5},[]],"tag":"App"},{"contents":[{"Right":4},[]],"tag":"App"},{"contents":[{"Right":3},[]],"tag":"App"},{"contents":[{"Right":2},[]],"tag":"App"},{"contents":[{"Left":"Codata.Musical.Colist.Base.Colist._∷_"},[{"contents":[{"Right":1},[]],"tag":"App"},{"contents":[{"Right":0},[]],"tag":"App"}]],"tag":"App"}]],"tag":"App"}],"tag":"Pi"}],"tag":"Pi"}],"tag":"Pi"}],"tag":"Pi"}],"tag":"Pi"}],"tag":"Pi"}],"tag":"Pi"}],"tag":"Pi"}}},"name":"Codata.Musical.Colist.Relation.Unary.All.All._∷_"},{"item":{"pretty":"{A.a : Level} {A : Set A.a} → Agda.Builtin.List.List A → Colist A","thing":{"normalised":{"contents":[{"item":{"contents":[{"Left":"Agda.Primitive.Level"},[]],"tag":"App"},"name":"A.a"},{"contents":[{"item":{"contents":"Set @0","tag":"Sort"},"name":"A"},{"contents":[{"item":{"contents":[{"Left":"Agda.Builtin.List.List"},[{"contents":[{"Right":1},[]],"tag":"App"},{"contents":[{"Right":0},[]],"tag":"App"}]],"tag":"App"},"name":"_"},{"contents":[{"Left":"Codata.Musical.Colist.Base.Colist"},[{"contents":[{"Right":1},[]],"tag":"App"},{"contents":[{"Right":0},[]],"tag":"App"}]],"tag":"App"}],"tag":"Pi"}],"tag":"Pi"}],"tag":"Pi"},"original":{"contents":[{"item":{"contents":[{"Left":"Agda.Primitive.Level"},[]],"tag":"App"},"name":"A.a"},{"contents":[{"item":{"contents":"Set @0","tag":"Sort"},"name":"A"},{"contents":[{"item":{"contents":[{"Left":"Agda.Builtin.List.List"},[{"contents":[{"Right":1},[]],"tag":"App"},{"contents":[{"Right":0},[]],"tag":"App"}]],"tag":"App"},"name":"_"},{"contents":[{"Left":"Codata.Musical.Colist.Base.Colist"},[{"contents":[{"Right":1},[]],"tag":"App"},{"contents":[{"Right":0},[]],"tag":"App"}]],"tag":"App"}],"tag":"Pi"}],"tag":"Pi"}],"tag":"Pi"},"reduced":{"contents":[{"item":{"contents":[{"Left":"Agda.Primitive.Level"},[]],"tag":"App"},"name":"A.a"},{"contents":[{"item":{"contents":"Set @0","tag":"Sort"},"name":"A"},{"contents":[{"item":{"contents":[{"Left":"Agda.Builtin.List.List"},[{"contents":[{"Right":1},[]],"tag":"App"},{"contents":[{"Right":0},[]],"tag":"App"}]],"tag":"App"},"name":"_"},{"contents":[{"Left":"Codata.Musical.Colist.Base.Colist"},[{"contents":[{"Right":1},[]],"tag":"App"},{"contents":[{"Right":0},[]],"tag":"App"}]],"tag":"App"}],"tag":"Pi"}],"tag":"Pi"}],"tag":"Pi"},"simplified":{"contents":[{"item":{"contents":[{"Left":"Agda.Primitive.Level"},[]],"tag":"App"},"name":"A.a"},{"contents":[{"item":{"contents":"Set @0","tag":"Sort"},"name":"A"},{"contents":[{"item":{"contents":[{"Left":"Agda.Builtin.List.List"},[{"contents":[{"Right":1},[]],"tag":"App"},{"contents":[{"Right":0},[]],"tag":"App"}]],"tag":"App"},"name":"_"},{"contents":[{"Left":"Codata.Musical.Colist.Base.Colist"},[{"contents":[{"Right":1},[]],"tag":"App"},{"contents":[{"Right":0},[]],"tag":"App"}]],"tag":"App"}],"tag":"Pi"}],"tag":"Pi"}],"tag":"Pi"}}},"name":"Codata.Musical.Colist.Base.fromList"},{"item":{"pretty":"{A.a : Level} {A : Set A.a} →\nCodata.Musical.Conat.Base.Coℕ → A → Colist A","thing":{"normalised":{"contents":[{"item":{"contents":[{"Left":"Agda.Primitive.Level"},[]],"tag":"App"},"name":"A.a"},{"contents":[{"item":{"contents":"Set @0","tag":"Sort"},"name":"A"},{"contents":[{"item":{"contents":[{"Left":"Codata.Musical.Conat.Base.Coℕ"},[]],"tag":"App"},"name":"_"},{"contents":[{"item":{"contents":[{"Right":0},[]],"tag":"App"},"name":"_"},{"contents":[{"Left":"Codata.Musical.Colist.Base.Colist"},[{"contents":[{"Right":1},[]],"tag":"App"},{"contents":[{"Right":0},[]],"tag":"App"}]],"tag":"App"}],"tag":"Pi"}],"tag":"Pi"}],"tag":"Pi"}],"tag":"Pi"},"original":{"contents":[{"item":{"contents":[{"Left":"Agda.Primitive.Level"},[]],"tag":"App"},"name":"A.a"},{"contents":[{"item":{"contents":"Set @0","tag":"Sort"},"name":"A"},{"contents":[{"item":{"contents":[{"Left":"Codata.Musical.Conat.Base.Coℕ"},[]],"tag":"App"},"name":"_"},{"contents":[{"item":{"contents":[{"Right":0},[]],"tag":"App"},"name":"_"},{"contents":[{"Left":"Codata.Musical.Colist.Base.Colist"},[{"contents":[{"Right":1},[]],"tag":"App"},{"contents":[{"Right":0},[]],"tag":"App"}]],"tag":"App"}],"tag":"Pi"}],"tag":"Pi"}],"tag":"Pi"}],"tag":"Pi"},"reduced":{"contents":[{"item":{"contents":[{"Left":"Agda.Primitive.Level"},[]],"tag":"App"},"name":"A.a"},{"contents":[{"item":{"contents":"Set @0","tag":"Sort"},"name":"A"},{"contents":[{"item":{"contents":[{"Left":"Codata.Musical.Conat.Base.Coℕ"},[]],"tag":"App"},"name":"_"},{"contents":[{"item":{"contents":[{"Right":0},[]],"tag":"App"},"name":"_"},{"contents":[{"Left":"Codata.Musical.Colist.Base.Colist"},[{"contents":[{"Right":1},[]],"tag":"App"},{"contents":[{"Right":0},[]],"tag":"App"}]],"tag":"App"}],"tag":"Pi"}],"tag":"Pi"}],"tag":"Pi"}],"tag":"Pi"},"simplified":{"contents":[{"item":{"contents":[{"Left":"Agda.Primitive.Level"},[]],"tag":"App"},"name":"A.a"},{"contents":[{"item":{"contents":"Set @0","tag":"Sort"},"name":"A"},{"contents":[{"item":{"contents":[{"Left":"Codata.Musical.Conat.Base.Coℕ"},[]],"tag":"App"},"name":"_"},{"contents":[{"item":{"contents":[{"Right":0},[]],"tag":"App"},"name":"_"},{"contents":[{"Left":"Codata.Musical.Colist.Base.Colist"},[{"contents":[{"Right":1},[]],"tag":"App"},{"contents":[{"Right":0},[]],"tag":"App"}]],"tag":"App"}],"tag":"Pi"}],"tag":"Pi"}],"tag":"Pi"}],"tag":"Pi"}}},"name":"Codata.Musical.Colist.Base.replicate"},{"item":{"pretty":"{A.a : Level} {A : Set A.a} →\nAgda.Builtin.Nat.Nat → Colist A → Agda.Builtin.Maybe.Maybe A","thing":{"normalised":{"contents":[{"item":{"contents":[{"Left":"Agda.Primitive.Level"},[]],"tag":"App"},"name":"A.a"},{"contents":[{"item":{"contents":"Set @0","tag":"Sort"},"name":"A"},{"contents":[{"item":{"contents":[{"Left":"Agda.Builtin.Nat.Nat"},[]],"tag":"App"},"name":"_"},{"contents":[{"item":{"contents":[{"Left":"Codata.Musical.Colist.Base.Colist"},[{"contents":[{"Right":1},[]],"tag":"App"},{"contents":[{"Right":0},[]],"tag":"App"}]],"tag":"App"},"name":"_"},{"contents":[{"Left":"Agda.Builtin.Maybe.Maybe"},[{"contents":[{"Right":1},[]],"tag":"App"},{"contents":[{"Right":0},[]],"tag":"App"}]],"tag":"App"}],"tag":"Pi"}],"tag":"Pi"}],"tag":"Pi"}],"tag":"Pi"},"original":{"contents":[{"item":{"contents":[{"Left":"Agda.Primitive.Level"},[]],"tag":"App"},"name":"A.a"},{"contents":[{"item":{"contents":"Set @0","tag":"Sort"},"name":"A"},{"contents":[{"item":{"contents":[{"Left":"Agda.Builtin.Nat.Nat"},[]],"tag":"App"},"name":"_"},{"contents":[{"item":{"contents":[{"Left":"Codata.Musical.Colist.Base.Colist"},[{"contents":[{"Right":1},[]],"tag":"App"},{"contents":[{"Right":0},[]],"tag":"App"}]],"tag":"App"},"name":"_"},{"contents":[{"Left":"Agda.Builtin.Maybe.Maybe"},[{"contents":[{"Right":1},[]],"tag":"App"},{"contents":[{"Right":0},[]],"tag":"App"}]],"tag":"App"}],"tag":"Pi"}],"tag":"Pi"}],"tag":"Pi"}],"tag":"Pi"},"reduced":{"contents":[{"item":{"contents":[{"Left":"Agda.Primitive.Level"},[]],"tag":"App"},"name":"A.a"},{"contents":[{"item":{"contents":"Set @0","tag":"Sort"},"name":"A"},{"contents":[{"item":{"contents":[{"Left":"Agda.Builtin.Nat.Nat"},[]],"tag":"App"},"name":"_"},{"contents":[{"item":{"contents":[{"Left":"Codata.Musical.Colist.Base.Colist"},[{"contents":[{"Right":1},[]],"tag":"App"},{"contents":[{"Right":0},[]],"tag":"App"}]],"tag":"App"},"name":"_"},{"contents":[{"Left":"Agda.Builtin.Maybe.Maybe"},[{"contents":[{"Right":1},[]],"tag":"App"},{"contents":[{"Right":0},[]],"tag":"App"}]],"tag":"App"}],"tag":"Pi"}],"tag":"Pi"}],"tag":"Pi"}],"tag":"Pi"},"simplified":{"contents":[{"item":{"contents":[{"Left":"Agda.Primitive.Level"},[]],"tag":"App"},"name":"A.a"},{"contents":[{"item":{"contents":"Set @0","tag":"Sort"},"name":"A"},{"contents":[{"item":{"contents":[{"Left":"Agda.Builtin.Nat.Nat"},[]],"tag":"App"},"name":"_"},{"contents":[{"item":{"contents":[{"Left":"Codata.Musical.Colist.Base.Colist"},[{"contents":[{"Right":1},[]],"tag":"App"},{"contents":[{"Right":0},[]],"tag":"App"}]],"tag":"App"},"name":"_"},{"contents":[{"Left":"Agda.Builtin.Maybe.Maybe"},[{"contents":[{"Right":1},[]],"tag":"App"},{"contents":[{"Right":0},[]],"tag":"App"}]],"tag":"App"}],"tag":"Pi"}],"tag":"Pi"}],"tag":"Pi"}],"tag":"Pi"}}},"name":"Codata.Musical.Colist.Base.lookup"},{"item":{"pretty":"{A.a : Level} {A : Set A.a} → Colist A → Colist A → Colist A","thing":{"normalised":{"contents":[{"item":{"contents":[{"Left":"Agda.Primitive.Level"},[]],"tag":"App"},"name":"A.a"},{"contents":[{"item":{"contents":"Set @0","tag":"Sort"},"name":"A"},{"contents":[{"item":{"contents":[{"Left":"Codata.Musical.Colist.Base.Colist"},[{"contents":[{"Right":1},[]],"tag":"App"},{"contents":[{"Right":0},[]],"tag":"App"}]],"tag":"App"},"name":"_"},{"contents":[{"item":{"contents":[{"Left":"Codata.Musical.Colist.Base.Colist"},[{"contents":[{"Right":1},[]],"tag":"App"},{"contents":[{"Right":0},[]],"tag":"App"}]],"tag":"App"},"name":"_"},{"contents":[{"Left":"Codata.Musical.Colist.Base.Colist"},[{"contents":[{"Right":1},[]],"tag":"App"},{"contents":[{"Right":0},[]],"tag":"App"}]],"tag":"App"}],"tag":"Pi"}],"tag":"Pi"}],"tag":"Pi"}],"tag":"Pi"},"original":{"contents":[{"item":{"contents":[{"Left":"Agda.Primitive.Level"},[]],"tag":"App"},"name":"A.a"},{"contents":[{"item":{"contents":"Set @0","tag":"Sort"},"name":"A"},{"contents":[{"item":{"contents":[{"Left":"Codata.Musical.Colist.Base.Colist"},[{"contents":[{"Right":1},[]],"tag":"App"},{"contents":[{"Right":0},[]],"tag":"App"}]],"tag":"App"},"name":"_"},{"contents":[{"item":{"contents":[{"Left":"Codata.Musical.Colist.Base.Colist"},[{"contents":[{"Right":1},[]],"tag":"App"},{"contents":[{"Right":0},[]],"tag":"App"}]],"tag":"App"},"name":"_"},{"contents":[{"Left":"Codata.Musical.Colist.Base.Colist"},[{"contents":[{"Right":1},[]],"tag":"App"},{"contents":[{"Right":0},[]],"tag":"App"}]],"tag":"App"}],"tag":"Pi"}],"tag":"Pi"}],"tag":"Pi"}],"tag":"Pi"},"reduced":{"contents":[{"item":{"contents":[{"Left":"Agda.Primitive.Level"},[]],"tag":"App"},"name":"A.a"},{"contents":[{"item":{"contents":"Set @0","tag":"Sort"},"name":"A"},{"contents":[{"item":{"contents":[{"Left":"Codata.Musical.Colist.Base.Colist"},[{"contents":[{"Right":1},[]],"tag":"App"},{"contents":[{"Right":0},[]],"tag":"App"}]],"tag":"App"},"name":"_"},{"contents":[{"item":{"contents":[{"Left":"Codata.Musical.Colist.Base.Colist"},[{"contents":[{"Right":1},[]],"tag":"App"},{"contents":[{"Right":0},[]],"tag":"App"}]],"tag":"App"},"name":"_"},{"contents":[{"Left":"Codata.Musical.Colist.Base.Colist"},[{"contents":[{"Right":1},[]],"tag":"App"},{"contents":[{"Right":0},[]],"tag":"App"}]],"tag":"App"}],"tag":"Pi"}],"tag":"Pi"}],"tag":"Pi"}],"tag":"Pi"},"simplified":{"contents":[{"item":{"contents":[{"Left":"Agda.Primitive.Level"},[]],"tag":"App"},"name":"A.a"},{"contents":[{"item":{"contents":"Set @0","tag":"Sort"},"name":"A"},{"contents":[{"item":{"contents":[{"Left":"Codata.Musical.Colist.Base.Colist"},[{"contents":[{"Right":1},[]],"tag":"App"},{"contents":[{"Right":0},[]],"tag":"App"}]],"tag":"App"},"name":"_"},{"contents":[{"item":{"contents":[{"Left":"Codata.Musical.Colist.Base.Colist"},[{"contents":[{"Right":1},[]],"tag":"App"},{"contents":[{"Right":0},[]],"tag":"App"}]],"tag":"App"},"name":"_"},{"contents":[{"Left":"Codata.Musical.Colist.Base.Colist"},[{"contents":[{"Right":1},[]],"tag":"App"},{"contents":[{"Right":0},[]],"tag":"App"}]],"tag":"App"}],"tag":"Pi"}],"tag":"Pi"}],"tag":"Pi"}],"tag":"Pi"}}},"name":"Codata.Musical.Colist.Base._++_"},{"item":{"pretty":"{A.a : Level} {A : Set A.a} → Colist A → Colist A → Colist A","thing":{"normalised":{"contents":[{"item":{"contents":[{"Left":"Agda.Primitive.Level"},[]],"tag":"App"},"name":"A.a"},{"contents":[{"item":{"contents":"Set @0","tag":"Sort"},"name":"A"},{"contents":[{"item":{"contents":[{"Left":"Codata.Musical.Colist.Base.Colist"},[{"contents":[{"Right":1},[]],"tag":"App"},{"contents":[{"Right":0},[]],"tag":"App"}]],"tag":"App"},"name":"_"},{"contents":[{"item":{"contents":[{"Left":"Codata.Musical.Colist.Base.Colist"},[{"contents":[{"Right":1},[]],"tag":"App"},{"contents":[{"Right":0},[]],"tag":"App"}]],"tag":"App"},"name":"_"},{"contents":[{"Left":"Codata.Musical.Colist.Base.Colist"},[{"contents":[{"Right":1},[]],"tag":"App"},{"contents":[{"Right":0},[]],"tag":"App"}]],"tag":"App"}],"tag":"Pi"}],"tag":"Pi"}],"tag":"Pi"}],"tag":"Pi"},"original":{"contents":[{"item":{"contents":[{"Left":"Agda.Primitive.Level"},[]],"tag":"App"},"name":"A.a"},{"contents":[{"item":{"contents":"Set @0","tag":"Sort"},"name":"A"},{"contents":[{"item":{"contents":[{"Left":"Codata.Musical.Colist.Base.Colist"},[{"contents":[{"Right":1},[]],"tag":"App"},{"contents":[{"Right":0},[]],"tag":"App"}]],"tag":"App"},"name":"_"},{"contents":[{"item":{"contents":[{"Left":"Codata.Musical.Colist.Base.Colist"},[{"contents":[{"Right":1},[]],"tag":"App"},{"contents":[{"Right":0},[]],"tag":"App"}]],"tag":"App"},"name":"_"},{"contents":[{"Left":"Codata.Musical.Colist.Base.Colist"},[{"contents":[{"Right":1},[]],"tag":"App"},{"contents":[{"Right":0},[]],"tag":"App"}]],"tag":"App"}],"tag":"Pi"}],"tag":"Pi"}],"tag":"Pi"}],"tag":"Pi"},"reduced":{"contents":[{"item":{"contents":[{"Left":"Agda.Primitive.Level"},[]],"tag":"App"},"name":"A.a"},{"contents":[{"item":{"contents":"Set @0","tag":"Sort"},"name":"A"},{"contents":[{"item":{"contents":[{"Left":"Codata.Musical.Colist.Base.Colist"},[{"contents":[{"Right":1},[]],"tag":"App"},{"contents":[{"Right":0},[]],"tag":"App"}]],"tag":"App"},"name":"_"},{"contents":[{"item":{"contents":[{"Left":"Codata.Musical.Colist.Base.Colist"},[{"contents":[{"Right":1},[]],"tag":"App"},{"contents":[{"Right":0},[]],"tag":"App"}]],"tag":"App"},"name":"_"},{"contents":[{"Left":"Codata.Musical.Colist.Base.Colist"},[{"contents":[{"Right":1},[]],"tag":"App"},{"contents":[{"Right":0},[]],"tag":"App"}]],"tag":"App"}],"tag":"Pi"}],"tag":"Pi"}],"tag":"Pi"}],"tag":"Pi"},"simplified":{"contents":[{"item":{"contents":[{"Left":"Agda.Primitive.Level"},[]],"tag":"App"},"name":"A.a"},{"contents":[{"item":{"contents":"Set @0","tag":"Sort"},"name":"A"},{"contents":[{"item":{"contents":[{"Left":"Codata.Musical.Colist.Base.Colist"},[{"contents":[{"Right":1},[]],"tag":"App"},{"contents":[{"Right":0},[]],"tag":"App"}]],"tag":"App"},"name":"_"},{"contents":[{"item":{"contents":[{"Left":"Codata.Musical.Colist.Base.Colist"},[{"contents":[{"Right":1},[]],"tag":"App"},{"contents":[{"Right":0},[]],"tag":"App"}]],"tag":"App"},"name":"_"},{"contents":[{"Left":"Codata.Musical.Colist.Base.Colist"},[{"contents":[{"Right":1},[]],"tag":"App"},{"contents":[{"Right":0},[]],"tag":"App"}]],"tag":"App"}],"tag":"Pi"}],"tag":"Pi"}],"tag":"Pi"}],"tag":"Pi"}}},"name":"Codata.Musical.Colist.Base._⋎_"},{"item":{"pretty":"{A.a : Level} {A : Set A.a} →\nColist (Data.List.NonEmpty.Base.List⁺ A) → Colist A","thing":{"normalised":{"contents":[{"item":{"contents":[{"Left":"Agda.Primitive.Level"},[]],"tag":"App"},"name":"A.a"},{"contents":[{"item":{"contents":"Set @0","tag":"Sort"},"name":"A"},{"contents":[{"item":{"contents":[{"Left":"Codata.Musical.Colist.Base.Colist"},[{"contents":[{"Right":1},[]],"tag":"App"},{"contents":[{"Left":"Data.List.NonEmpty.Base.List⁺"},[{"contents":[{"Right":1},[]],"tag":"App"},{"contents":[{"Right":0},[]],"tag":"App"}]],"tag":"App"}]],"tag":"App"},"name":"_"},{"contents":[{"Left":"Codata.Musical.Colist.Base.Colist"},[{"contents":[{"Right":1},[]],"tag":"App"},{"contents":[{"Right":0},[]],"tag":"App"}]],"tag":"App"}],"tag":"Pi"}],"tag":"Pi"}],"tag":"Pi"},"original":{"contents":[{"item":{"contents":[{"Left":"Agda.Primitive.Level"},[]],"tag":"App"},"name":"A.a"},{"contents":[{"item":{"contents":"Set @0","tag":"Sort"},"name":"A"},{"contents":[{"item":{"contents":[{"Left":"Codata.Musical.Colist.Base.Colist"},[{"contents":[{"Right":1},[]],"tag":"App"},{"contents":[{"Left":"Data.List.NonEmpty.Base.List⁺"},[{"contents":[{"Right":1},[]],"tag":"App"},{"contents":[{"Right":0},[]],"tag":"App"}]],"tag":"App"}]],"tag":"App"},"name":"_"},{"contents":[{"Left":"Codata.Musical.Colist.Base.Colist"},[{"contents":[{"Right":1},[]],"tag":"App"},{"contents":[{"Right":0},[]],"tag":"App"}]],"tag":"App"}],"tag":"Pi"}],"tag":"Pi"}],"tag":"Pi"},"reduced":{"contents":[{"item":{"contents":[{"Left":"Agda.Primitive.Level"},[]],"tag":"App"},"name":"A.a"},{"contents":[{"item":{"contents":"Set @0","tag":"Sort"},"name":"A"},{"contents":[{"item":{"contents":[{"Left":"Codata.Musical.Colist.Base.Colist"},[{"contents":[{"Right":1},[]],"tag":"App"},{"contents":[{"Left":"Data.List.NonEmpty.Base.List⁺"},[{"contents":[{"Right":1},[]],"tag":"App"},{"contents":[{"Right":0},[]],"tag":"App"}]],"tag":"App"}]],"tag":"App"},"name":"_"},{"contents":[{"Left":"Codata.Musical.Colist.Base.Colist"},[{"contents":[{"Right":1},[]],"tag":"App"},{"contents":[{"Right":0},[]],"tag":"App"}]],"tag":"App"}],"tag":"Pi"}],"tag":"Pi"}],"tag":"Pi"},"simplified":{"contents":[{"item":{"contents":[{"Left":"Agda.Primitive.Level"},[]],"tag":"App"},"name":"A.a"},{"contents":[{"item":{"contents":"Set @0","tag":"Sort"},"name":"A"},{"contents":[{"item":{"contents":[{"Left":"Codata.Musical.Colist.Base.Colist"},[{"contents":[{"Right":1},[]],"tag":"App"},{"contents":[{"Left":"Data.List.NonEmpty.Base.List⁺"},[{"contents":[{"Right":1},[]],"tag":"App"},{"contents":[{"Right":0},[]],"tag":"App"}]],"tag":"App"}]],"tag":"App"},"name":"_"},{"contents":[{"Left":"Codata.Musical.Colist.Base.Colist"},[{"contents":[{"Right":1},[]],"tag":"App"},{"contents":[{"Right":0},[]],"tag":"App"}]],"tag":"App"}],"tag":"Pi"}],"tag":"Pi"}],"tag":"Pi"}}},"name":"Codata.Musical.Colist.Base.concat"},{"item":{"pretty":"{A.a : Level} {A : Set A.a} → A → Colist A","thing":{"normalised":{"contents":[{"item":{"contents":[{"Left":"Agda.Primitive.Level"},[]],"tag":"App"},"name":"A.a"},{"contents":[{"item":{"contents":"Set @0","tag":"Sort"},"name":"A"},{"contents":[{"item":{"contents":[{"Right":0},[]],"tag":"App"},"name":"_"},{"contents":[{"Left":"Codata.Musical.Colist.Base.Colist"},[{"contents":[{"Right":1},[]],"tag":"App"},{"contents":[{"Right":0},[]],"tag":"App"}]],"tag":"App"}],"tag":"Pi"}],"tag":"Pi"}],"tag":"Pi"},"original":{"contents":[{"item":{"contents":[{"Left":"Agda.Primitive.Level"},[]],"tag":"App"},"name":"A.a"},{"contents":[{"item":{"contents":"Set @0","tag":"Sort"},"name":"A"},{"contents":[{"item":{"contents":[{"Right":0},[]],"tag":"App"},"name":"_"},{"contents":[{"Left":"Codata.Musical.Colist.Base.Colist"},[{"contents":[{"Right":1},[]],"tag":"App"},{"contents":[{"Right":0},[]],"tag":"App"}]],"tag":"App"}],"tag":"Pi"}],"tag":"Pi"}],"tag":"Pi"},"reduced":{"contents":[{"item":{"contents":[{"Left":"Agda.Primitive.Level"},[]],"tag":"App"},"name":"A.a"},{"contents":[{"item":{"contents":"Set @0","tag":"Sort"},"name":"A"},{"contents":[{"item":{"contents":[{"Right":0},[]],"tag":"App"},"name":"_"},{"contents":[{"Left":"Codata.Musical.Colist.Base.Colist"},[{"contents":[{"Right":1},[]],"tag":"App"},{"contents":[{"Right":0},[]],"tag":"App"}]],"tag":"App"}],"tag":"Pi"}],"tag":"Pi"}],"tag":"Pi"},"simplified":{"contents":[{"item":{"contents":[{"Left":"Agda.Primitive.Level"},[]],"tag":"App"},"name":"A.a"},{"contents":[{"item":{"contents":"Set @0","tag":"Sort"},"name":"A"},{"contents":[{"item":{"contents":[{"Right":0},[]],"tag":"App"},"name":"_"},{"contents":[{"Left":"Codata.Musical.Colist.Base.Colist"},[{"contents":[{"Right":1},[]],"tag":"App"},{"contents":[{"Right":0},[]],"tag":"App"}]],"tag":"App"}],"tag":"Pi"}],"tag":"Pi"}],"tag":"Pi"}}},"name":"Codata.Musical.Colist.Base.[_]"}],"name":"Codata.Musical.Colist.Relation.Unary.All"},"samples":[]}