{"scope":{"item":[{"item":{"pretty":"Set","thing":{"normalised":{"contents":"Set","tag":"Sort"},"original":{"contents":"Set","tag":"Sort"},"reduced":{"contents":"Set","tag":"Sort"},"simplified":{"contents":"Set","tag":"Sort"}}},"name":"Agda.Builtin.Bool.Bool"},{"item":{"pretty":"Bool → String","thing":{"normalised":{"contents":[{"item":{"contents":[{"Left":"Agda.Builtin.Bool.Bool"},[]],"tag":"App"},"name":"_"},{"contents":[{"Left":"Agda.Builtin.String.String"},[]],"tag":"App"}],"tag":"Pi"},"original":{"contents":[{"item":{"contents":[{"Left":"Agda.Builtin.Bool.Bool"},[]],"tag":"App"},"name":"_"},{"contents":[{"Left":"Agda.Builtin.String.String"},[]],"tag":"App"}],"tag":"Pi"},"reduced":{"contents":[{"item":{"contents":[{"Left":"Agda.Builtin.Bool.Bool"},[]],"tag":"App"},"name":"_"},{"contents":[{"Left":"Agda.Builtin.String.String"},[]],"tag":"App"}],"tag":"Pi"},"simplified":{"contents":[{"item":{"contents":[{"Left":"Agda.Builtin.Bool.Bool"},[]],"tag":"App"},"name":"_"},{"contents":[{"Left":"Agda.Builtin.String.String"},[]],"tag":"App"}],"tag":"Pi"}}},"name":"Data.Bool.Show.show"},{"item":{"pretty":"Set","thing":{"normalised":{"contents":"Set","tag":"Sort"},"original":{"contents":"Set","tag":"Sort"},"reduced":{"contents":"Set","tag":"Sort"},"simplified":{"contents":"Set","tag":"Sort"}}},"name":"Agda.Builtin.String.String"},{"item":{"pretty":"Bool","thing":{"normalised":{"contents":[{"Left":"Agda.Builtin.Bool.Bool"},[]],"tag":"App"},"original":{"contents":[{"Left":"Agda.Builtin.Bool.Bool"},[]],"tag":"App"},"reduced":{"contents":[{"Left":"Agda.Builtin.Bool.Bool"},[]],"tag":"App"},"simplified":{"contents":[{"Left":"Agda.Builtin.Bool.Bool"},[]],"tag":"App"}}},"name":"Agda.Builtin.Bool.Bool.false"},{"item":{"pretty":"Bool","thing":{"normalised":{"contents":[{"Left":"Agda.Builtin.Bool.Bool"},[]],"tag":"App"},"original":{"contents":[{"Left":"Agda.Builtin.Bool.Bool"},[]],"tag":"App"},"reduced":{"contents":[{"Left":"Agda.Builtin.Bool.Bool"},[]],"tag":"App"},"simplified":{"contents":[{"Left":"Agda.Builtin.Bool.Bool"},[]],"tag":"App"}}},"name":"Agda.Builtin.Bool.Bool.true"}],"name":"Data.Bool.Show"},"samples":[]}