{"scope":{"item":[{"item":{"pretty":"Set","thing":{"normalised":{"contents":"Set","tag":"Sort"},"original":{"contents":"Set","tag":"Sort"},"reduced":{"contents":"Set","tag":"Sort"},"simplified":{"contents":"Set","tag":"Sort"}}},"name":"Data.Empty.⊥"},{"item":{"pretty":"Set","thing":{"normalised":{"contents":"Set","tag":"Sort"},"original":{"contents":"Set","tag":"Sort"},"reduced":{"contents":"Set","tag":"Sort"},"simplified":{"contents":"Set","tag":"Sort"}}},"name":"Agda.Builtin.Bool.Bool"},{"item":{"pretty":"Set","thing":{"normalised":{"contents":"Set","tag":"Sort"},"original":{"contents":"Set","tag":"Sort"},"reduced":{"contents":"Set","tag":"Sort"},"simplified":{"contents":"Set","tag":"Sort"}}},"name":"Agda.Builtin.Unit.⊤"},{"item":{"pretty":"Bool","thing":{"normalised":{"contents":[{"Left":"Agda.Builtin.Bool.Bool"},[]],"tag":"App"},"original":{"contents":[{"Left":"Agda.Builtin.Bool.Bool"},[]],"tag":"App"},"reduced":{"contents":[{"Left":"Agda.Builtin.Bool.Bool"},[]],"tag":"App"},"simplified":{"contents":[{"Left":"Agda.Builtin.Bool.Bool"},[]],"tag":"App"}}},"name":"Agda.Builtin.Bool.Bool.false"},{"item":{"pretty":"Bool","thing":{"normalised":{"contents":[{"Left":"Agda.Builtin.Bool.Bool"},[]],"tag":"App"},"original":{"contents":[{"Left":"Agda.Builtin.Bool.Bool"},[]],"tag":"App"},"reduced":{"contents":[{"Left":"Agda.Builtin.Bool.Bool"},[]],"tag":"App"},"simplified":{"contents":[{"Left":"Agda.Builtin.Bool.Bool"},[]],"tag":"App"}}},"name":"Agda.Builtin.Bool.Bool.true"},{"item":{"pretty":"Bool → Bool → Set","thing":{"normalised":{"contents":[{"item":{"contents":[{"Left":"Agda.Builtin.Bool.Bool"},[]],"tag":"App"},"name":"_"},{"contents":[{"item":{"contents":[{"Left":"Agda.Builtin.Bool.Bool"},[]],"tag":"App"},"name":"_"},{"contents":"Set","tag":"Sort"}],"tag":"Pi"}],"tag":"Pi"},"original":{"contents":[{"item":{"contents":[{"Left":"Agda.Builtin.Bool.Bool"},[]],"tag":"App"},"name":"_"},{"contents":[{"item":{"contents":[{"Left":"Agda.Builtin.Bool.Bool"},[]],"tag":"App"},"name":"_"},{"contents":"Set","tag":"Sort"}],"tag":"Pi"}],"tag":"Pi"},"reduced":{"contents":[{"item":{"contents":[{"Left":"Agda.Builtin.Bool.Bool"},[]],"tag":"App"},"name":"_"},{"contents":[{"item":{"contents":[{"Left":"Agda.Builtin.Bool.Bool"},[]],"tag":"App"},"name":"_"},{"contents":"Set","tag":"Sort"}],"tag":"Pi"}],"tag":"Pi"},"simplified":{"contents":[{"item":{"contents":[{"Left":"Agda.Builtin.Bool.Bool"},[]],"tag":"App"},"name":"_"},{"contents":[{"item":{"contents":[{"Left":"Agda.Builtin.Bool.Bool"},[]],"tag":"App"},"name":"_"},{"contents":"Set","tag":"Sort"}],"tag":"Pi"}],"tag":"Pi"}}},"name":"Data.Bool.Base._≤_"},{"item":{"pretty":"{w : Level} {Whatever : Set w} → ⊥ → Whatever","thing":{"normalised":{"contents":[{"item":{"contents":[{"Left":"Agda.Primitive.Level"},[]],"tag":"App"},"name":"w"},{"contents":[{"item":{"contents":"Set @0","tag":"Sort"},"name":"Whatever"},{"contents":[{"item":{"contents":[{"Left":"Data.Empty.⊥"},[]],"tag":"App"},"name":"_"},{"contents":[{"Right":0},[]],"tag":"App"}],"tag":"Pi"}],"tag":"Pi"}],"tag":"Pi"},"original":{"contents":[{"item":{"contents":[{"Left":"Agda.Primitive.Level"},[]],"tag":"App"},"name":"w"},{"contents":[{"item":{"contents":"Set @0","tag":"Sort"},"name":"Whatever"},{"contents":[{"item":{"contents":[{"Left":"Data.Empty.⊥"},[]],"tag":"App"},"name":"_"},{"contents":[{"Right":0},[]],"tag":"App"}],"tag":"Pi"}],"tag":"Pi"}],"tag":"Pi"},"reduced":{"contents":[{"item":{"contents":[{"Left":"Agda.Primitive.Level"},[]],"tag":"App"},"name":"w"},{"contents":[{"item":{"contents":"Set @0","tag":"Sort"},"name":"Whatever"},{"contents":[{"item":{"contents":[{"Left":"Data.Empty.⊥"},[]],"tag":"App"},"name":"_"},{"contents":[{"Right":0},[]],"tag":"App"}],"tag":"Pi"}],"tag":"Pi"}],"tag":"Pi"},"simplified":{"contents":[{"item":{"contents":[{"Left":"Agda.Primitive.Level"},[]],"tag":"App"},"name":"w"},{"contents":[{"item":{"contents":"Set @0","tag":"Sort"},"name":"Whatever"},{"contents":[{"item":{"contents":[{"Left":"Data.Empty.⊥"},[]],"tag":"App"},"name":"_"},{"contents":[{"Right":0},[]],"tag":"App"}],"tag":"Pi"}],"tag":"Pi"}],"tag":"Pi"}}},"name":"Data.Empty.⊥-elim"},{"item":{"pretty":"false ≤ true","thing":{"normalised":{"contents":[{"Left":"Data.Bool.Base._≤_"},[{"contents":[{"Left":"Agda.Builtin.Bool.Bool.false"},[]],"tag":"App"},{"contents":[{"Left":"Agda.Builtin.Bool.Bool.true"},[]],"tag":"App"}]],"tag":"App"},"original":{"contents":[{"Left":"Data.Bool.Base._≤_"},[{"contents":[{"Left":"Agda.Builtin.Bool.Bool.false"},[]],"tag":"App"},{"contents":[{"Left":"Agda.Builtin.Bool.Bool.true"},[]],"tag":"App"}]],"tag":"App"},"reduced":{"contents":[{"Left":"Data.Bool.Base._≤_"},[{"contents":[{"Left":"Agda.Builtin.Bool.Bool.false"},[]],"tag":"App"},{"contents":[{"Left":"Agda.Builtin.Bool.Bool.true"},[]],"tag":"App"}]],"tag":"App"},"simplified":{"contents":[{"Left":"Data.Bool.Base._≤_"},[{"contents":[{"Left":"Agda.Builtin.Bool.Bool.false"},[]],"tag":"App"},{"contents":[{"Left":"Agda.Builtin.Bool.Bool.true"},[]],"tag":"App"}]],"tag":"App"}}},"name":"Data.Bool.Base._≤_.f≤t"},{"item":{"pretty":"Set","thing":{"normalised":{"contents":"Set","tag":"Sort"},"original":{"contents":"Set","tag":"Sort"},"reduced":{"contents":"Set","tag":"Sort"},"simplified":{"contents":"Set","tag":"Sort"}}},"name":"Agda.Primitive.Level"},{"item":{"pretty":"{b : Bool} → b ≤ b","thing":{"normalised":{"contents":[{"item":{"contents":[{"Left":"Agda.Builtin.Bool.Bool"},[]],"tag":"App"},"name":"b"},{"contents":[{"Left":"Data.Bool.Base._≤_"},[{"contents":[{"Right":0},[]],"tag":"App"},{"contents":[{"Right":0},[]],"tag":"App"}]],"tag":"App"}],"tag":"Pi"},"original":{"contents":[{"item":{"contents":[{"Left":"Agda.Builtin.Bool.Bool"},[]],"tag":"App"},"name":"b"},{"contents":[{"Left":"Data.Bool.Base._≤_"},[{"contents":[{"Right":0},[]],"tag":"App"},{"contents":[{"Right":0},[]],"tag":"App"}]],"tag":"App"}],"tag":"Pi"},"reduced":{"contents":[{"item":{"contents":[{"Left":"Agda.Builtin.Bool.Bool"},[]],"tag":"App"},"name":"b"},{"contents":[{"Left":"Data.Bool.Base._≤_"},[{"contents":[{"Right":0},[]],"tag":"App"},{"contents":[{"Right":0},[]],"tag":"App"}]],"tag":"App"}],"tag":"Pi"},"simplified":{"contents":[{"item":{"contents":[{"Left":"Agda.Builtin.Bool.Bool"},[]],"tag":"App"},"name":"b"},{"contents":[{"Left":"Data.Bool.Base._≤_"},[{"contents":[{"Right":0},[]],"tag":"App"},{"contents":[{"Right":0},[]],"tag":"App"}]],"tag":"App"}],"tag":"Pi"}}},"name":"Data.Bool.Base._≤_.b≤b"},{"item":{"pretty":"Bool → Bool → Set","thing":{"normalised":{"contents":[{"item":{"contents":[{"Left":"Agda.Builtin.Bool.Bool"},[]],"tag":"App"},"name":"_"},{"contents":[{"item":{"contents":[{"Left":"Agda.Builtin.Bool.Bool"},[]],"tag":"App"},"name":"_"},{"contents":"Set","tag":"Sort"}],"tag":"Pi"}],"tag":"Pi"},"original":{"contents":[{"item":{"contents":[{"Left":"Agda.Builtin.Bool.Bool"},[]],"tag":"App"},"name":"_"},{"contents":[{"item":{"contents":[{"Left":"Agda.Builtin.Bool.Bool"},[]],"tag":"App"},"name":"_"},{"contents":"Set","tag":"Sort"}],"tag":"Pi"}],"tag":"Pi"},"reduced":{"contents":[{"item":{"contents":[{"Left":"Agda.Builtin.Bool.Bool"},[]],"tag":"App"},"name":"_"},{"contents":[{"item":{"contents":[{"Left":"Agda.Builtin.Bool.Bool"},[]],"tag":"App"},"name":"_"},{"contents":"Set","tag":"Sort"}],"tag":"Pi"}],"tag":"Pi"},"simplified":{"contents":[{"item":{"contents":[{"Left":"Agda.Builtin.Bool.Bool"},[]],"tag":"App"},"name":"_"},{"contents":[{"item":{"contents":[{"Left":"Agda.Builtin.Bool.Bool"},[]],"tag":"App"},"name":"_"},{"contents":"Set","tag":"Sort"}],"tag":"Pi"}],"tag":"Pi"}}},"name":"Data.Bool.Base._<_"},{"item":{"pretty":"false < true","thing":{"normalised":{"contents":[{"Left":"Data.Bool.Base._<_"},[{"contents":[{"Left":"Agda.Builtin.Bool.Bool.false"},[]],"tag":"App"},{"contents":[{"Left":"Agda.Builtin.Bool.Bool.true"},[]],"tag":"App"}]],"tag":"App"},"original":{"contents":[{"Left":"Data.Bool.Base._<_"},[{"contents":[{"Left":"Agda.Builtin.Bool.Bool.false"},[]],"tag":"App"},{"contents":[{"Left":"Agda.Builtin.Bool.Bool.true"},[]],"tag":"App"}]],"tag":"App"},"reduced":{"contents":[{"Left":"Data.Bool.Base._<_"},[{"contents":[{"Left":"Agda.Builtin.Bool.Bool.false"},[]],"tag":"App"},{"contents":[{"Left":"Agda.Builtin.Bool.Bool.true"},[]],"tag":"App"}]],"tag":"App"},"simplified":{"contents":[{"Left":"Data.Bool.Base._<_"},[{"contents":[{"Left":"Agda.Builtin.Bool.Bool.false"},[]],"tag":"App"},{"contents":[{"Left":"Agda.Builtin.Bool.Bool.true"},[]],"tag":"App"}]],"tag":"App"}}},"name":"Data.Bool.Base._<_.f<t"},{"item":{"pretty":"Bool → Bool","thing":{"normalised":{"contents":[{"item":{"contents":[{"Left":"Agda.Builtin.Bool.Bool"},[]],"tag":"App"},"name":"_"},{"contents":[{"Left":"Agda.Builtin.Bool.Bool"},[]],"tag":"App"}],"tag":"Pi"},"original":{"contents":[{"item":{"contents":[{"Left":"Agda.Builtin.Bool.Bool"},[]],"tag":"App"},"name":"_"},{"contents":[{"Left":"Agda.Builtin.Bool.Bool"},[]],"tag":"App"}],"tag":"Pi"},"reduced":{"contents":[{"item":{"contents":[{"Left":"Agda.Builtin.Bool.Bool"},[]],"tag":"App"},"name":"_"},{"contents":[{"Left":"Agda.Builtin.Bool.Bool"},[]],"tag":"App"}],"tag":"Pi"},"simplified":{"contents":[{"item":{"contents":[{"Left":"Agda.Builtin.Bool.Bool"},[]],"tag":"App"},"name":"_"},{"contents":[{"Left":"Agda.Builtin.Bool.Bool"},[]],"tag":"App"}],"tag":"Pi"}}},"name":"Data.Bool.Base.not"},{"item":{"pretty":"Bool → Bool → Bool","thing":{"normalised":{"contents":[{"item":{"contents":[{"Left":"Agda.Builtin.Bool.Bool"},[]],"tag":"App"},"name":"_"},{"contents":[{"item":{"contents":[{"Left":"Agda.Builtin.Bool.Bool"},[]],"tag":"App"},"name":"_"},{"contents":[{"Left":"Agda.Builtin.Bool.Bool"},[]],"tag":"App"}],"tag":"Pi"}],"tag":"Pi"},"original":{"contents":[{"item":{"contents":[{"Left":"Agda.Builtin.Bool.Bool"},[]],"tag":"App"},"name":"_"},{"contents":[{"item":{"contents":[{"Left":"Agda.Builtin.Bool.Bool"},[]],"tag":"App"},"name":"_"},{"contents":[{"Left":"Agda.Builtin.Bool.Bool"},[]],"tag":"App"}],"tag":"Pi"}],"tag":"Pi"},"reduced":{"contents":[{"item":{"contents":[{"Left":"Agda.Builtin.Bool.Bool"},[]],"tag":"App"},"name":"_"},{"contents":[{"item":{"contents":[{"Left":"Agda.Builtin.Bool.Bool"},[]],"tag":"App"},"name":"_"},{"contents":[{"Left":"Agda.Builtin.Bool.Bool"},[]],"tag":"App"}],"tag":"Pi"}],"tag":"Pi"},"simplified":{"contents":[{"item":{"contents":[{"Left":"Agda.Builtin.Bool.Bool"},[]],"tag":"App"},"name":"_"},{"contents":[{"item":{"contents":[{"Left":"Agda.Builtin.Bool.Bool"},[]],"tag":"App"},"name":"_"},{"contents":[{"Left":"Agda.Builtin.Bool.Bool"},[]],"tag":"App"}],"tag":"Pi"}],"tag":"Pi"}}},"name":"Data.Bool.Base._∧_"},{"item":{"pretty":"Bool → Bool → Bool","thing":{"normalised":{"contents":[{"item":{"contents":[{"Left":"Agda.Builtin.Bool.Bool"},[]],"tag":"App"},"name":"_"},{"contents":[{"item":{"contents":[{"Left":"Agda.Builtin.Bool.Bool"},[]],"tag":"App"},"name":"_"},{"contents":[{"Left":"Agda.Builtin.Bool.Bool"},[]],"tag":"App"}],"tag":"Pi"}],"tag":"Pi"},"original":{"contents":[{"item":{"contents":[{"Left":"Agda.Builtin.Bool.Bool"},[]],"tag":"App"},"name":"_"},{"contents":[{"item":{"contents":[{"Left":"Agda.Builtin.Bool.Bool"},[]],"tag":"App"},"name":"_"},{"contents":[{"Left":"Agda.Builtin.Bool.Bool"},[]],"tag":"App"}],"tag":"Pi"}],"tag":"Pi"},"reduced":{"contents":[{"item":{"contents":[{"Left":"Agda.Builtin.Bool.Bool"},[]],"tag":"App"},"name":"_"},{"contents":[{"item":{"contents":[{"Left":"Agda.Builtin.Bool.Bool"},[]],"tag":"App"},"name":"_"},{"contents":[{"Left":"Agda.Builtin.Bool.Bool"},[]],"tag":"App"}],"tag":"Pi"}],"tag":"Pi"},"simplified":{"contents":[{"item":{"contents":[{"Left":"Agda.Builtin.Bool.Bool"},[]],"tag":"App"},"name":"_"},{"contents":[{"item":{"contents":[{"Left":"Agda.Builtin.Bool.Bool"},[]],"tag":"App"},"name":"_"},{"contents":[{"Left":"Agda.Builtin.Bool.Bool"},[]],"tag":"App"}],"tag":"Pi"}],"tag":"Pi"}}},"name":"Data.Bool.Base._∨_"},{"item":{"pretty":"Bool → Bool → Bool","thing":{"normalised":{"contents":[{"item":{"contents":[{"Left":"Agda.Builtin.Bool.Bool"},[]],"tag":"App"},"name":"_"},{"contents":[{"item":{"contents":[{"Left":"Agda.Builtin.Bool.Bool"},[]],"tag":"App"},"name":"_"},{"contents":[{"Left":"Agda.Builtin.Bool.Bool"},[]],"tag":"App"}],"tag":"Pi"}],"tag":"Pi"},"original":{"contents":[{"item":{"contents":[{"Left":"Agda.Builtin.Bool.Bool"},[]],"tag":"App"},"name":"_"},{"contents":[{"item":{"contents":[{"Left":"Agda.Builtin.Bool.Bool"},[]],"tag":"App"},"name":"_"},{"contents":[{"Left":"Agda.Builtin.Bool.Bool"},[]],"tag":"App"}],"tag":"Pi"}],"tag":"Pi"},"reduced":{"contents":[{"item":{"contents":[{"Left":"Agda.Builtin.Bool.Bool"},[]],"tag":"App"},"name":"_"},{"contents":[{"item":{"contents":[{"Left":"Agda.Builtin.Bool.Bool"},[]],"tag":"App"},"name":"_"},{"contents":[{"Left":"Agda.Builtin.Bool.Bool"},[]],"tag":"App"}],"tag":"Pi"}],"tag":"Pi"},"simplified":{"contents":[{"item":{"contents":[{"Left":"Agda.Builtin.Bool.Bool"},[]],"tag":"App"},"name":"_"},{"contents":[{"item":{"contents":[{"Left":"Agda.Builtin.Bool.Bool"},[]],"tag":"App"},"name":"_"},{"contents":[{"Left":"Agda.Builtin.Bool.Bool"},[]],"tag":"App"}],"tag":"Pi"}],"tag":"Pi"}}},"name":"Data.Bool.Base._xor_"},{"item":{"pretty":"{A.a : Level} {A : Set A.a} → Bool → A → A → A","thing":{"normalised":{"contents":[{"item":{"contents":[{"Left":"Agda.Primitive.Level"},[]],"tag":"App"},"name":"A.a"},{"contents":[{"item":{"contents":"Set @0","tag":"Sort"},"name":"A"},{"contents":[{"item":{"contents":[{"Left":"Agda.Builtin.Bool.Bool"},[]],"tag":"App"},"name":"_"},{"contents":[{"item":{"contents":[{"Right":0},[]],"tag":"App"},"name":"_"},{"contents":[{"item":{"contents":[{"Right":0},[]],"tag":"App"},"name":"_"},{"contents":[{"Right":0},[]],"tag":"App"}],"tag":"Pi"}],"tag":"Pi"}],"tag":"Pi"}],"tag":"Pi"}],"tag":"Pi"},"original":{"contents":[{"item":{"contents":[{"Left":"Agda.Primitive.Level"},[]],"tag":"App"},"name":"A.a"},{"contents":[{"item":{"contents":"Set @0","tag":"Sort"},"name":"A"},{"contents":[{"item":{"contents":[{"Left":"Agda.Builtin.Bool.Bool"},[]],"tag":"App"},"name":"_"},{"contents":[{"item":{"contents":[{"Right":0},[]],"tag":"App"},"name":"_"},{"contents":[{"item":{"contents":[{"Right":0},[]],"tag":"App"},"name":"_"},{"contents":[{"Right":0},[]],"tag":"App"}],"tag":"Pi"}],"tag":"Pi"}],"tag":"Pi"}],"tag":"Pi"}],"tag":"Pi"},"reduced":{"contents":[{"item":{"contents":[{"Left":"Agda.Primitive.Level"},[]],"tag":"App"},"name":"A.a"},{"contents":[{"item":{"contents":"Set @0","tag":"Sort"},"name":"A"},{"contents":[{"item":{"contents":[{"Left":"Agda.Builtin.Bool.Bool"},[]],"tag":"App"},"name":"_"},{"contents":[{"item":{"contents":[{"Right":0},[]],"tag":"App"},"name":"_"},{"contents":[{"item":{"contents":[{"Right":0},[]],"tag":"App"},"name":"_"},{"contents":[{"Right":0},[]],"tag":"App"}],"tag":"Pi"}],"tag":"Pi"}],"tag":"Pi"}],"tag":"Pi"}],"tag":"Pi"},"simplified":{"contents":[{"item":{"contents":[{"Left":"Agda.Primitive.Level"},[]],"tag":"App"},"name":"A.a"},{"contents":[{"item":{"contents":"Set @0","tag":"Sort"},"name":"A"},{"contents":[{"item":{"contents":[{"Left":"Agda.Builtin.Bool.Bool"},[]],"tag":"App"},"name":"_"},{"contents":[{"item":{"contents":[{"Right":0},[]],"tag":"App"},"name":"_"},{"contents":[{"item":{"contents":[{"Right":0},[]],"tag":"App"},"name":"_"},{"contents":[{"Right":0},[]],"tag":"App"}],"tag":"Pi"}],"tag":"Pi"}],"tag":"Pi"}],"tag":"Pi"}],"tag":"Pi"}}},"name":"Data.Bool.Base.if_then_else_"},{"item":{"pretty":"Bool → Set","thing":{"normalised":{"contents":[{"item":{"contents":[{"Left":"Agda.Builtin.Bool.Bool"},[]],"tag":"App"},"name":"_"},{"contents":"Set","tag":"Sort"}],"tag":"Pi"},"original":{"contents":[{"item":{"contents":[{"Left":"Agda.Builtin.Bool.Bool"},[]],"tag":"App"},"name":"_"},{"contents":"Set","tag":"Sort"}],"tag":"Pi"},"reduced":{"contents":[{"item":{"contents":[{"Left":"Agda.Builtin.Bool.Bool"},[]],"tag":"App"},"name":"_"},{"contents":"Set","tag":"Sort"}],"tag":"Pi"},"simplified":{"contents":[{"item":{"contents":[{"Left":"Agda.Builtin.Bool.Bool"},[]],"tag":"App"},"name":"_"},{"contents":"Set","tag":"Sort"}],"tag":"Pi"}}},"name":"Data.Bool.Base.T"}],"name":"Data.Bool.Base"},"samples":[{"ctx":{"pretty":"","thing":[]},"goal":{"pretty":"Bool","thing":{"normalised":{"contents":[{"Left":"Agda.Builtin.Bool.Bool"},[]],"tag":"App"},"original":{"contents":[{"Left":"Agda.Builtin.Bool.Bool"},[]],"tag":"App"},"reduced":{"contents":[{"Left":"Agda.Builtin.Bool.Bool"},[]],"tag":"App"},"simplified":{"contents":[{"Left":"Agda.Builtin.Bool.Bool"},[]],"tag":"App"}}},"term":{"pretty":"false","thing":{"normalised":{"contents":[{"Left":"Agda.Builtin.Bool.Bool.false"},[]],"tag":"App"},"original":{"contents":[{"Left":"Agda.Builtin.Bool.Bool.false"},[]],"tag":"App"},"reduced":{"contents":[{"Left":"Agda.Builtin.Bool.Bool.false"},[]],"tag":"App"},"simplified":{"contents":[{"Left":"Agda.Builtin.Bool.Bool.false"},[]],"tag":"App"}}},"namesUsed":["Agda.Builtin.Bool.Bool.false"]},{"ctx":{"pretty":"","thing":[]},"goal":{"pretty":"Bool","thing":{"normalised":{"contents":[{"Left":"Agda.Builtin.Bool.Bool"},[]],"tag":"App"},"original":{"contents":[{"Left":"Agda.Builtin.Bool.Bool"},[]],"tag":"App"},"reduced":{"contents":[{"Left":"Agda.Builtin.Bool.Bool"},[]],"tag":"App"},"simplified":{"contents":[{"Left":"Agda.Builtin.Bool.Bool"},[]],"tag":"App"}}},"term":{"pretty":"true","thing":{"normalised":{"contents":[{"Left":"Agda.Builtin.Bool.Bool.true"},[]],"tag":"App"},"original":{"contents":[{"Left":"Agda.Builtin.Bool.Bool.true"},[]],"tag":"App"},"reduced":{"contents":[{"Left":"Agda.Builtin.Bool.Bool.true"},[]],"tag":"App"},"simplified":{"contents":[{"Left":"Agda.Builtin.Bool.Bool.true"},[]],"tag":"App"}}},"namesUsed":["Agda.Builtin.Bool.Bool.true"]},{"ctx":{"pretty":"(b : Bool)","thing":[{"item":{"contents":[{"Left":"Agda.Builtin.Bool.Bool"},[]],"tag":"App"},"name":"b"}]},"goal":{"pretty":"Bool","thing":{"normalised":{"contents":[{"Left":"Agda.Builtin.Bool.Bool"},[]],"tag":"App"},"original":{"contents":[{"Left":"Agda.Builtin.Bool.Bool"},[]],"tag":"App"},"reduced":{"contents":[{"Left":"Agda.Builtin.Bool.Bool"},[]],"tag":"App"},"simplified":{"contents":[{"Left":"Agda.Builtin.Bool.Bool"},[]],"tag":"App"}}},"term":{"pretty":"false","thing":{"normalised":{"contents":[{"Left":"Agda.Builtin.Bool.Bool.false"},[]],"tag":"App"},"original":{"contents":[{"Left":"Agda.Builtin.Bool.Bool.false"},[]],"tag":"App"},"reduced":{"contents":[{"Left":"Agda.Builtin.Bool.Bool.false"},[]],"tag":"App"},"simplified":{"contents":[{"Left":"Agda.Builtin.Bool.Bool.false"},[]],"tag":"App"}}},"namesUsed":["Agda.Builtin.Bool.Bool.false"]},{"ctx":{"pretty":"(b : Bool)","thing":[{"item":{"contents":[{"Left":"Agda.Builtin.Bool.Bool"},[]],"tag":"App"},"name":"b"}]},"goal":{"pretty":"Bool","thing":{"normalised":{"contents":[{"Left":"Agda.Builtin.Bool.Bool"},[]],"tag":"App"},"original":{"contents":[{"Left":"Agda.Builtin.Bool.Bool"},[]],"tag":"App"},"reduced":{"contents":[{"Left":"Agda.Builtin.Bool.Bool"},[]],"tag":"App"},"simplified":{"contents":[{"Left":"Agda.Builtin.Bool.Bool"},[]],"tag":"App"}}},"term":{"pretty":"true","thing":{"normalised":{"contents":[{"Left":"Agda.Builtin.Bool.Bool.true"},[]],"tag":"App"},"original":{"contents":[{"Left":"Agda.Builtin.Bool.Bool.true"},[]],"tag":"App"},"reduced":{"contents":[{"Left":"Agda.Builtin.Bool.Bool.true"},[]],"tag":"App"},"simplified":{"contents":[{"Left":"Agda.Builtin.Bool.Bool.true"},[]],"tag":"App"}}},"namesUsed":["Agda.Builtin.Bool.Bool.true"]},{"ctx":{"pretty":"(b : Bool)","thing":[{"item":{"contents":[{"Left":"Agda.Builtin.Bool.Bool"},[]],"tag":"App"},"name":"b"}]},"goal":{"pretty":"Bool","thing":{"normalised":{"contents":[{"Left":"Agda.Builtin.Bool.Bool"},[]],"tag":"App"},"original":{"contents":[{"Left":"Agda.Builtin.Bool.Bool"},[]],"tag":"App"},"reduced":{"contents":[{"Left":"Agda.Builtin.Bool.Bool"},[]],"tag":"App"},"simplified":{"contents":[{"Left":"Agda.Builtin.Bool.Bool"},[]],"tag":"App"}}},"term":{"pretty":"not b","thing":{"normalised":{"contents":[{"Left":"Data.Bool.Base.not"},[{"contents":[{"Right":0},[]],"tag":"App"}]],"tag":"App"},"original":{"contents":[{"Left":"Data.Bool.Base.not"},[{"contents":[{"Right":0},[]],"tag":"App"}]],"tag":"App"},"reduced":{"contents":[{"Left":"Data.Bool.Base.not"},[{"contents":[{"Right":0},[]],"tag":"App"}]],"tag":"App"},"simplified":{"contents":[{"Left":"Data.Bool.Base.not"},[{"contents":[{"Right":0},[]],"tag":"App"}]],"tag":"App"}}},"namesUsed":["Data.Bool.Base.not"]},{"ctx":{"pretty":"","thing":[]},"goal":{"pretty":"Set","thing":{"normalised":{"contents":"Set","tag":"Sort"},"original":{"contents":"Set","tag":"Sort"},"reduced":{"contents":"Set","tag":"Sort"},"simplified":{"contents":"Set","tag":"Sort"}}},"term":{"pretty":"⊤","thing":{"normalised":{"contents":[{"Left":"Agda.Builtin.Unit.⊤"},[]],"tag":"App"},"original":{"contents":[{"Left":"Agda.Builtin.Unit.⊤"},[]],"tag":"App"},"reduced":{"contents":[{"Left":"Agda.Builtin.Unit.⊤"},[]],"tag":"App"},"simplified":{"contents":[{"Left":"Agda.Builtin.Unit.⊤"},[]],"tag":"App"}}},"namesUsed":["Agda.Builtin.Unit.⊤"]},{"ctx":{"pretty":"","thing":[]},"goal":{"pretty":"Set","thing":{"normalised":{"contents":"Set","tag":"Sort"},"original":{"contents":"Set","tag":"Sort"},"reduced":{"contents":"Set","tag":"Sort"},"simplified":{"contents":"Set","tag":"Sort"}}},"term":{"pretty":"⊥","thing":{"normalised":{"contents":[{"Left":"Data.Empty.⊥"},[]],"tag":"App"},"original":{"contents":[{"Left":"Data.Empty.⊥"},[]],"tag":"App"},"reduced":{"contents":[{"Left":"Data.Empty.⊥"},[]],"tag":"App"},"simplified":{"contents":[{"Left":"Data.Empty.⊥"},[]],"tag":"App"}}},"namesUsed":["Data.Empty.⊥"]}]}